tree
version=v4
num_class=1
num_tree_per_iteration=1
label_index=0
max_feature_idx=32
objective=quantile
feature_names=zone hour dow month is_weekend is_holiday lead p_last p_lag168 p_lag336 shrunk day_mean day_min day_max week_mean spread_se4_se3 spread_se3_se2 temp hdd wind solar wind_north wind_south wind_de solar_de wind_dk temp_ref wind_ref wind_south_ref wind_de_ref solar_ref ttf eua
feature_infos=-1:3:2:0:1 [0:23] [0:6] [1:12] [0:1] [0:1] [1:7] [-74.109999999999999:737.803] [-74.109999999999999:737.803] [-74.109999999999999:737.803] [-50.379999999999995:574.62729999999999] [-7.6940416666666671:309.97166666666664] [-74.109999999999999:127.72199999999999] [-0.51000000000000001:737.803] [-0.0036904761904761963:147.40857142857141] [-10.728749999999994:125.30024999999998] [-4.3090416666666655:204.96916666666667] [-29.299999237060547:34.799999237060547] [0:44.299999237060547] [0:59] [-1:955] [0.34999999403953552:50.899999618530273] [0.90000000099341071:44.800000508626304] [0:46.299999237060547] [0:887] [0:56.200000762939453] [-29.100000381469727:35] [0.40000000596046448:55.400001525878906] [3.0999999841054282:40.56666692097982] [0:36.200000762939453] [0:860] [22.934000000000001:82.566000000000003] [49.664999999999999:86.629999999999995]
tree_sizes=6694 6854 6848 6859 6860 6815 6812 6909 6864 6857 6865 6874 6857 6883 6891 6904 6867 6896 6868 6912 6869 6862 6893 6893 6912 6918 6924 6882 6933 6925 6952 6936 6916 6918 6954 6928 6909 6923 6916 6895 6934 6959 6951 6937 6937 6946 6931 6974 6960 6893 6930 6958 6923 6977 6924 6956 6974 6931 6979 6950 6977 6921 6966 6959 6948 6988 6986 7002 6990 6950 6969 6941 6972 6970 6990 6955 6924 7012 6957 6941 7024

Tree=0
num_leaves=63
num_cat=2
split_feature=8 22 17 0 32 10 8 3 10 22 31 8 22 8 10 3 31 22 9 7 5 7 31 8 12 10 14 31 8 32 5 13 4 3 3 10 32 10 26 1 22 32 17 24 11 3 32 32 0 17 8 9 8 8 4 3 13 32 20 32 1 24
split_gain=4195.96 730.633 659.151 348.555 341.671 260.86 207.077 159.248 138.893 134.225 134.167 132.204 117.34 111.661 107.652 113.956 95.4549 83.3957 77.7779 67.637 67.4103 66.7294 60.3937 57.2757 55.8471 48.3778 46.5643 45.39 44.7573 57.8966 39.9821 38.383 38.8944 37.7019 35.8154 31.9967 31.0934 28.7507 28.3208 27.3399 26.5855 26.3797 25.0672 24.664 24.6494 24.1792 22.9261 22.4266 21.5296 21.1741 20.7649 20.6872 20.2298 19.6086 18.9777 23.7003 18.9644 18.8938 18.8857 18.492 19.2565 18.4518
threshold=64.57350000000001 16.06666664282481 1.4499999880790713 0 73.395000000000024 50.905150000000006 90.062500000000014 2.5000000000000004 88.527450000000002 20.633333285649623 44.130500000000005 84.20650000000002 18.933333158493046 226.77150000000003 162.09627500000002 9.5000000000000018 44.895500000000006 12.733333309491476 25.679000000000006 53.351000000000006 1.0000000180025095e-35 59.994000000000007 46.870000000000012 168.35900000000001 27.927500000000006 123.89195000000001 125.75181250000001 31.464000000000002 96.995000000000019 70.850000000000009 1.0000000180025095e-35 15.004000000000001 1.0000000180025095e-35 1.5000000000000002 8.5000000000000018 75.81942500000001 72.64500000000001 61.997900000000008 8.4499998092651385 17.500000000000004 21.599999904632572 69.100000000000009 6.2500000000000009 615.50000000000011 47.276687500000008 4.5000000000000009 79.020000000000024 82.702500000000015 1 1.8499999642372134 88.996500000000012 38.777500000000011 88.996500000000012 107.48250000000002 1.0000000180025095e-35 7.5000000000000009 33.086000000000006 76.780000000000015 28.500000000000004 74.407500000000013 6.5000000000000009 630.50000000000011
decision_type=2 2 2 1 2 2 2 2 2 2 2 2 2 2 2 2 2 2 2 2 2 2 2 2 2 2 2 2 2 2 2 2 2 2 2 2 2 2 2 2 2 2 2 2 2 2 2 2 1 2 2 2 2 2 2 2 2 2 10 2 2 2
left_child=5 3 4 13 8 -1 19 16 -3 21 11 27 -7 17 15 22 23 30 37 59 25 48 26 41 43 31 -6 -9 42 -30 44 -12 35 -16 -11 -33 -32 -17 47 -34 -21 50 -19 56 52 -29 -44 -23 -8 -31 -5 58 -2 -13 55 -54 -14 -25 -37 61 -61 -4
right_child=1 2 6 7 14 12 9 10 -10 34 20 53 24 -15 33 18 -18 28 -20 40 -22 38 -24 57 -26 -27 -28 45 29 49 36 32 39 -35 -36 51 -38 -39 -40 -41 -42 -43 46 -45 -46 -47 -48 -49 -50 -51 -52 -53 54 -55 -56 -57 -58 -59 -60 60 -62 -63
leaf_value=-46.073573398590085 -47.533485984802248 -48.071235847473147 -48.570561027526857 -46.732235908508301 -46.637925910949704 -47.354595947265622 -50.304943275451663 -47.807765960693359 -51.839990806579593 -50.761685752868651 -49.345670890808108 -48.8900110244751 -48.119210815429689 -53.376985740661624 -48.034008407592772 -47.811548423767093 -50.059260749816893 -47.102535820007326 -47.587118339538577 -48.258173561096193 -50.404908561706542 -50.396835899353029 -49.714610862731931 -57.534420585632326 -47.634335899353026 -51.991298484802243 -49.279973411560057 -48.219998359680176 -49.459870719909667 -47.248648452758786 -49.841335868835451 -47.435660934448244 -48.725258445739748 -52.805798149108888 -52.587525749206542 -49.420295906066897 -47.73863334655762 -50.57321834564209 -49.896088218688966 -48.156275939941409 -48.566273307800294 -46.743235969543456 -48.08241081237793 -48.159110832214353 -47.383935928344727 -48.089403343200686 -48.992713356018065 -47.136550903320312 -49.870360755920409 -49.181185722351074 -49.304516029357913 -49.249941062927249 -48.972788429260255 -51.106936073303224 -50.058286094665526 -47.47443599700928 -47.876935958862305 -48.599946022033691 -47.664118385314943 -48.805788230895999 -48.395495796203612 -48.709030723571779
leaf_weight=152412.67385865748 1999.6202064007521 517.96793748438358 1382.3088639825583 201.51068384945393 6185.2391480207443 12862.297223046422 1633.4523790180683 572.88579592108727 1165.0379105508327 1816.9797641932964 185.05093750357628 936.47389456629753 427.81861272454262 407.17630852758884 136.4630274772644 67.544158697128296 173.36321750283241 1798.8306082189083 351.88655698299408 2658.08099848032 171.55079185962677 1177.7614576667547 173.6383296251297 101.01100128889084 1387.3329770714045 202.19628447294235 637.60696178674698 395.18090507388115 1632.1033020913601 827.00966608524323 315.93773470818996 1217.8321928977966 203.00185436010361 297.12580114603043 2671.327403947711 310.82647761702538 221.86050635576248 409.99662894010544 3593.2904546707869 155.1218826174736 1035.1408099532127 1837.1443415284157 2800.3586253672838 121.98189441859722 15045.249792516232 508.63864520192146 313.35816609859467 74.003103017807007 812.32824324071407 3517.9333963096142 457.05911433696747 850.56679302453995 1279.8450983613729 752.28244648873806 234.57055638730526 1037.706084176898 1646.5841371417046 79.213034689426422 649.86646056175232 357.96754050254822 998.87260591983795 173.01754321157932
leaf_count=360425 4560 2109 3722 831 9931 27785 3139 1873 2120 3149 269 1910 965 724 229 121 552 3922 624 5298 224 2639 544 156 3601 232 994 697 3983 1505 653 1496 250 492 4833 396 317 729 5077 202 1949 2949 5512 194 26731 913 376 122 1266 4732 785 1033 2926 1498 536 2053 3616 129 765 529 1403 439
internal_value=-47.4163 -47.4266 -47.4328 -47.4223 -47.4224 -47.412 -47.4384 -47.4305 -47.4429 -47.4423 -47.4345 -47.4422 -47.418 -47.4198 -47.4182 -47.4169 -47.4205 -47.4194 -47.4344 -47.4313 -47.4283 -47.4382 -47.4148 -47.4182 -47.426 -47.4269 -47.414 -47.4312 -47.4229 -47.4258 -47.4175 -47.4256 -47.4244 -47.4424 -47.4492 -47.4225 -47.4309 -47.4475 -47.4347 -47.4399 -47.4268 -47.4162 -47.4194 -47.4309 -47.4171 -47.4382 -47.4221 -47.4412 -47.4449 -47.4228 -47.4248 -47.4267 -47.4204 -47.4517 -47.4233 -47.4219 -47.4296 -47.4453 -47.4217 -47.437 -47.4327 -47.4407
internal_weight=238578 69719.4 28327 41392.3 9942.51 168859 18384.5 9960.78 1683.01 11779.1 7111.48 3165.46 16446 31431.6 8259.5 7825.91 2849.3 31024.4 829.427 6605.39 3946.01 7290.84 6996.48 2675.94 3583.72 3774.46 6822.85 1476.71 10889.6 5977.05 20134.8 3572.27 3387.22 433.589 4488.31 3029.09 537.798 477.541 4845.06 358.124 3693.22 2495.71 4912.55 2196.38 19597 903.82 3113.72 1251.76 2445.78 4344.94 658.57 1811.26 4551.74 1688.76 2552.12 2317.55 2074.4 180.224 960.693 2912.17 1356.84 1555.33
internal_count=523734 127148 51458 75690 17893 396586 33565 17160 4229 20225 11758 6891 36161 58530 13664 12943 5402 57806 1474 13340 4867 12243 11469 4850 8376 4643 10925 3483 20030 10220 37776 4411 4142 721 7982 3690 970 850 7838 452 7247 4565 9810 4775 36806 1610 5888 2761 4405 6237 1616 2194 10075 3408 5515 4979 4581 285 1161 6093 1932 4161
cat_boundaries=0 1 2
cat_threshold=12 12
is_linear=0
shrinkage=1


Tree=1
num_leaves=63
num_cat=0
split_feature=8 19 21 8 10 7 17 25 8 7 8 17 21 32 21 25 31 8 3 32 3 5 10 8 19 25 17 6 32 3 31 9 10 8 8 19 25 17 3 25 28 15 25 12 3 21 13 24 5 19 32 7 31 2 3 31 8 31 32 8 19 3
split_gain=3878.33 670.365 301.671 199.552 176.332 175.802 172.798 149.426 116.278 126.885 113.19 109.288 85.3916 74.2847 70.0421 64.6189 61.442 57.4049 56.513 55.5686 49.2901 47.8469 46.3307 45.2645 43.1908 42.2952 40.0052 37.8661 36.2515 40.5127 34.7988 32.6998 31.6398 31.1408 30.65 29.1936 29.1181 27.6666 26.2883 24.8861 24.8708 31.1496 24.7999 24.4515 23.8198 23.3634 21.9718 21.7859 21.7778 21.7051 21.2107 20.964 19.9324 19.7692 19.6386 19.4891 27.8615 18.4517 18.1051 17.8802 17.7883 17.6404
threshold=60.507500000000007 14.650000095367433 12.949999928474428 129.59150000000002 48.980800000000009 48.063500000000005 1.8499999642372134 21.94999980926514 122.49900000000001 59.417500000000011 84.20650000000002 14.949999809265138 15.799999773502352 82.050000000000011 9.8750000000000018 12.650000095367433 75.473500000000016 90.062500000000014 1.5000000000000002 69.325000000000017 1.5000000000000002 1.0000000180025095e-35 162.09627500000002 80.855000000000018 17.250000000000004 15.949999809265138 12.250000000000002 5.5000000000000009 76.610000000000014 8.5000000000000018 63.610500000000009 52.865000000000002 175.43465 86.553500000000028 100.56750000000001 22.550000190734867 14.550000190734865 -4.3500001430511466 5.5000000000000009 17.349999427795414 15.599999825159712 4.4158333333333291 18.750000000000004 47.354000000000006 6.5000000000000009 18.94999992847443 13.197500000000002 443.50000000000006 1.0000000180025095e-35 19.150000572204593 74.407500000000013 82.565000000000012 36.374500000000005 4.5000000000000009 8.5000000000000018 33.110000000000007 88.996500000000012 31.261000000000003 78.552500000000023 84.20650000000002 14.84999990463257 2.5000000000000004
decision_type=2 2 2 2 2 2 2 2 2 2 2 2 2 2 2 2 2 2 2 2 2 2 2 2 2 2 2 2 2 2 2 2 2 2 2 2 2 2 2 2 2 2 2 2 2 2 2 2 2 2 2 2 2 2 2 2 2 2 2 2 2 2
left_child=4 3 6 5 -1 10 19 17 9 33 -2 14 60 31 22 -16 23 -8 -17 34 -7 27 28 -9 -14 46 -10 36 39 -30 44 45 -21 49 -3 51 -22 -31 -23 -5 41 57 -28 -38 -25 59 -12 -26 -33 -4 -27 -19 -47 -48 -52 56 -45 -29 -43 -11 -6 -51
right_child=1 2 8 11 12 20 7 16 26 13 25 -13 24 -15 15 18 -18 35 -20 32 21 38 -24 30 47 50 42 40 29 37 -32 48 -34 -35 -36 -37 43 -39 -40 -41 -42 58 -44 55 -46 52 53 -49 -50 61 54 -53 -54 -55 -56 -57 -58 -59 -60 -61 -62 -63
leaf_value=1.3122286462783812 -0.35542561531066891 -0.36073817253112783 -0.88167206764221184 -2.3580677604675295 0.4044947052001952 1.3934212589263915 -0.6401394844055176 -0.83046128273010256 -4.420411043167114 -0.66441132545471193 -1.6572793006896973 -1.4206782341003419 -0.12155448913574213 0.33268136024475087 -2.5379705905914309 -1.6587408542633058 -5.5502639102935794 -2.3029315280914306 -4.3574340152740474 0.67762492179870615 0.28115235328674332 -1.8050082874298097 -4.9289755725860598 -2.5446408557891846 -0.40877068519592297 -1.6117776775360106 -3.4991282176971441 -0.4138062763214112 0.32383126258850087 -3.5654982280731207 -2.1487304401397704 -1.4758830738067628 -3.5728944587707518 -2.0515893840789796 -2.9172881031036377 -3.2688556385040286 -0.92079327583312998 -2.0311679553985598 -0.38240579605102526 -3.3802133846282958 -0.069141263961791918 -0.53783445358276372 -5.080073480606079 0.63048375129699719 -4.5123862552642819 -1.4502140522003175 -1.3025342845916748 -0.47576190948486324 -2.8633458423614506 -0.40719696998596189 -0.84210265159606945 -1.9546008014678955 -1.7699820804595949 -1.2435596179962158 -1.5528235721588137 0.58038361549377449 -1.4661654376983642 -1.447153377532959 -1.3455707263946532 -1.6747333240509032 -0.12687011718750016 -1.1348352050781252
leaf_weight=149447.60513965786 5259.3871015459299 208.33561949431896 1125.2519661039114 999.50415503978729 8769.17342710495 3094.341438934207 3305.0017087161541 691.59165860712528 2080.3376422524452 621.56909699738026 188.32896181941032 2535.587119743228 1474.049668982625 714.56507104635239 1378.741296723485 266.98034696280956 350.11452966928482 1728.9648310095072 1317.0208490639925 3087.8977225869894 9178.9585533887148 339.90314440429211 628.88437759876251 511.68671323359013 1227.2976347208023 755.05008542537689 752.00682824850082 334.87730677425861 1050.1273411810398 72.998367130756378 361.26373910903931 2783.1646137535572 109.96480509638786 1763.5929771363735 306.93787488341331 817.95752857625484 2405.2547264695168 384.25524806976318 177.19406068325043 294.56820693612099 2210.1219662725925 3892.8702574372292 756.30328477919102 339.98610563576221 1021.9083348214626 224.67765046656132 3108.3425154089928 221.65537345409393 125.51381893455982 98.661405637860298 430.90089803934097 2901.4488901644945 396.57667300105095 322.41301944851875 620.09004136919975 1701.8781998902559 411.13405640423298 1007.6073382347822 562.9960358440876 612.33907431364059 3318.5226107388735 1394.7782227844
leaf_count=353830 11114 811 2342 1943 18845 5326 7414 1631 4352 1439 486 3255 3056 1123 2747 498 361 3217 2144 5319 16873 812 1065 1189 2636 1569 1034 1402 1641 132 381 4947 204 3427 550 1518 4205 472 269 611 4145 7138 1053 987 1949 561 5728 328 190 392 618 4797 654 623 800 2540 727 1769 714 1324 7747 2800
internal_value=0.000125429 -0.00937019 -0.0153263 -0.00557392 0.00440521 -0.00392827 -0.0105477 -0.0135322 -0.0207978 -0.0179894 -0.00931694 -0.0122709 -0.000760705 -0.0129127 -0.0157542 -0.0213861 -0.0232914 -0.0102559 -0.0282758 -0.00115067 -0.00168397 -0.00249558 -0.0108852 -0.0206154 -0.00842808 -0.0143835 -0.0285072 -0.00214251 -0.00812659 -0.00285339 -0.0246113 -0.0151672 0.00130628 -0.0243317 -0.0163719 -0.0134093 -0.000577208 -0.0152583 -0.0175151 -0.0142621 -0.00488574 -0.00660575 -0.0222765 -0.00370697 -0.0279002 -0.0203567 -0.0112592 -0.0145554 -0.0118514 -0.0208545 -0.0206344 -0.0118662 -0.0282741 -0.0103402 -0.0160136 -0.000194032 -0.00689725 -0.0132802 -0.00459232 -0.0163508 0.00109394 -0.0248126
internal_weight=238581 74122.7 28852.4 45270.3 164458 36341.6 15403.1 11689.9 13449.3 9860.69 10684.5 8928.67 15010.7 5478.41 6393.08 2962.74 2936.56 8753.37 1584 3713.14 25657.1 22562.8 3430.34 2586.45 2923 5425.13 3588.65 22045.7 2801.45 1507.38 1894.86 4763.84 3197.86 4382.28 515.273 5448.37 14037.2 457.254 517.097 1294.07 8008.47 5798.35 1508.31 4858.25 1533.6 1855.16 3619.08 1448.95 2908.68 2618.69 1806.04 4630.41 621.254 3430.76 1050.99 2453 751.12 1342.48 4455.87 1233.91 12087.7 1493.44
internal_count=523774 137332 54979 82353 386442 67845 29341 22457 25638 19199 20938 14508 32612 10238 11253 5389 5511 16946 2642 6884 46907 41581 5864 5150 6020 9824 6439 40500 4799 2245 3519 9115 5523 8961 1361 9532 25332 604 1081 2554 15168 11023 2087 8459 3138 3978 6837 2964 5137 5534 2987 8014 1215 6351 1418 4254 1714 3171 7852 2763 26592 3192
is_linear=0
shrinkage=0.05


Tree=2
num_leaves=63
num_cat=4
split_feature=8 21 0 10 8 22 7 22 19 32 32 3 22 17 31 8 32 8 21 8 0 19 14 21 7 22 8 3 3 8 31 8 14 8 9 14 17 5 3 8 4 5 3 7 22 0 8 31 20 26 32 22 8 8 0 31 3 22 22 32 17 12
split_gain=3550.12 621.133 351.751 274.199 254.052 244.483 201.127 131.425 126.204 123.304 120.258 105.499 144.104 101.427 96.6193 87.3586 80.4644 75.0145 72.6939 70.8131 56.5858 55.4816 60.2577 52.9974 52.2557 47.3144 43.9256 39.9789 37.2485 39.5563 39.9571 37.0554 47.9497 36.6478 34.2466 32.4 29.7834 29.5589 28.0396 26.2066 25.1568 25.0674 25.3412 24.3762 23.5492 23.278 21.7178 21.5468 21.4461 20.8921 20.8539 20.1166 19.6228 18.9937 18.9724 36.4778 28.1478 18.9066 18.6464 18.6152 18.5454 18.5414
threshold=65.341500000000011 12.949999928474428 0 47.238350000000004 161.00500000000002 16.533333698908489 49.923500000000004 16.06666664282481 16.349999427795414 82.195000000000007 82.90000000000002 1.5000000000000002 16.133333265781406 1.6500000357627871 33.685500000000012 122.49900000000001 73.395000000000024 85.378500000000017 16.875000000000004 100.56750000000001 1 24.150000572204593 78.759494047619071 16.200000524520878 55.605000000000011 20.633333285649623 93.801500000000019 4.5000000000000009 8.5000000000000018 84.20650000000002 65.46050000000001 84.20650000000002 41.202827380952385 95.961500000000015 25.281000000000002 100.79261904761906 6.0499999523162851 1.0000000180025095e-35 2.5000000000000004 85.378500000000017 1.0000000180025095e-35 1.0000000180025095e-35 5.5000000000000009 28.957500000000003 19.700000206629436 2 92.566000000000017 75.473500000000016 328.50000000000006 -4.5499999523162833 73.395000000000024 25.800000667572025 154.23000000000005 226.77150000000003 3 31.807000000000002 1.5000000000000002 13.033333520094555 16.06666664282481 79.100000000000009 6.4500000476837167 33.506000000000007
decision_type=2 2 1 2 2 2 2 2 2 2 2 2 2 2 2 2 2 2 2 2 1 2 2 2 2 2 2 2 2 2 2 2 2 2 2 2 2 2 2 2 2 2 2 2 2 1 2 2 10 2 2 2 2 2 1 2 2 2 2 2 2 2
left_child=3 4 5 -1 6 26 7 31 -5 15 19 -8 20 16 44 24 33 60 -10 23 41 22 45 61 -7 46 48 36 37 -30 -31 -2 -33 -14 -18 -21 -28 50 -25 -27 54 57 -43 -20 49 58 -15 -19 -3 -6 -22 -26 -37 -17 -34 56 -56 -13 -16 -42 -9 -4
right_child=1 2 10 8 14 9 11 17 18 -11 -12 12 13 25 21 53 34 47 43 35 28 -23 -24 38 51 39 27 -29 29 30 -32 32 40 -35 -36 52 -38 -39 -40 -41 59 42 -44 -45 -46 -47 -48 -49 -50 -51 -52 -53 -54 -55 55 -57 -58 -59 -60 -61 -62 -63
leaf_value=1.2649922292232512 -0.27126568937301626 -0.3353113985061647 -1.0281842055320738 0.18004472112655634 -6.6921672186851513 -1.7644113163948061 1.5168250355720521 -0.28450436735153167 -0.20841472816467288 -0.20203880500793439 -0.31743322706222554 0.40396426153183002 -0.22497358655929567 -0.60882597303390507 -2.1071120429039003 -3.4908899054527285 -2.5430025229454043 -1.9127913031578065 -0.55007171964645385 -3.1916411557197577 -1.0690509543418887 -6.0095427069663998 -1.7569310388565063 -0.77721504259109508 -1.3978619303703308 -0.75906341695785506 -1.5024898028373721 -1.6627673768997195 -0.14878814220428468 -2.1650546240806583 -0.53702670240402239 -1.7197337727546693 -1.0118087391853334 -2.4502374253273009 0.52201214361190795 -2.5898457369804384 -2.4198866701126103 -2.2028243174552919 -1.4458394923210145 -2.2653336176872254 -1.7912889418601994 -2.1615388445854187 1.1613244409561159 -0.41423963880538928 -7.7307985816001894 -3.9994335923194884 -1.6673654475212096 -2.2531580481529239 -0.87277930402755721 -3.4658065161705021 0.15822005605697634 -2.2896363749504092 -7.4716210589408876 -12.611793406963351 0.97558773565292367 -1.0517503933906553 -2.1196932568550113 -0.62282252788543713 -5.2791788611412045 -0.36281276845931992 -0.85172527456283553 -0.86044501924514771
leaf_weight=147365.85736604035 2874.9851233363152 3157.294101446867 980.98488675057888 15950.415933355689 220.67416733503342 1575.7233815044165 4403.4674971550703 602.48479150235653 4349.3326273858547 792.85446089506149 446.5352880358696 10473.929429844022 215.03349888324738 1382.4113944172859 388.41296444833279 1923.2829605937004 64.181357979774475 2150.7042607963085 707.59141556918621 1648.4997975826263 1553.278711810708 449.40258847177029 2051.4514161646366 136.97921535372734 2577.1197634190321 529.17967864871025 1258.2536853551865 3425.0875441431999 253.37028768658638 283.95021003484726 144.63022899627686 856.09650854766369 2372.9726679623127 420.72221750020981 2571.7216519713402 274.25236916542053 498.12836104631424 80.786348253488541 1218.0120634287596 1199.403160482645 260.04670681059361 231.55159825086594 148.1963607519865 1341.5292561799288 341.50987920165062 215.43520125746727 2249.8985183686018 197.03397798538208 684.67047406733036 453.96886542439461 1305.9778228700161 294.1218475997448 100.65543907880783 212.63281738758087 52.605540335178375 838.27936972677708 198.03626394271851 4072.4708112478256 138.03061990439892 107.71828600764275 866.39558327198029 370.7304977029562
leaf_count=349025 5993 6409 1762 35338 352 3414 7515 1629 10411 1206 723 18792 722 2907 766 3562 125 4014 1382 2769 3073 674 2807 453 4763 1001 2631 5969 417 540 150 1859 4397 727 4161 428 934 161 2015 2038 507 426 225 2780 610 313 3607 203 1275 889 1817 598 156 448 87 1075 424 7353 282 159 1745 714
internal_value=0.000250661 -0.00933035 -0.0163587 0.00413449 -0.00611869 -0.0127437 -0.00496372 -0.0106635 -0.00102624 -0.0195036 -0.0277279 -0.00291025 -0.00407337 -0.0094095 -0.0177656 -0.0217469 -0.00247076 -0.0182264 -0.00695802 -0.0301225 -0.00158949 -0.0135425 -0.0109117 -0.0248139 -0.0177475 -0.0136428 -0.00723071 -0.0102343 -0.00718526 -0.0177253 -0.0269669 -0.00684391 -0.00958536 -0.0184223 0.00138212 -0.037208 -0.0163667 -0.0047597 -0.0318063 -0.0204525 -0.00719041 -0.000226265 -0.0128911 -0.0147202 -0.0312159 -0.0231147 -0.0103974 -0.0237704 -0.00317824 -0.0257265 -0.00391047 -0.0137238 -0.0238298 -0.0300613 -0.00586591 -0.0113036 -0.0281062 0.000105071 -0.0163055 -0.0196087 -0.00935513 -0.0177862
internal_weight=238511 68796.2 21575.8 169715 47220.4 16399.2 42961.5 11377.4 22348.9 7375.74 5176.65 31584.2 27180.7 8632.55 4258.89 6582.88 3271.66 3816.62 6398.45 4730.11 18548.1 3242.73 2793.33 2706.71 4446.96 5360.89 9023.43 5181.47 3621.99 681.951 428.58 7560.74 4685.76 635.756 2635.9 2023.41 1756.38 2940.04 1354.99 1728.58 3829.66 14926.1 379.748 2049.12 1016.15 741.879 3632.31 2347.74 3841.96 674.643 2859.26 2871.24 374.908 2135.92 3461.89 1088.92 250.642 14546.4 526.444 367.765 1468.88 1351.72
internal_count=523707 124771 40229 398936 84542 31209 77849 22092 49911 13991 9020 55757 48242 15288 6693 12785 5735 7591 14573 8297 32954 4842 4168 4944 8775 9553 17218 9534 6158 1107 690 14501 8508 1449 4286 3353 3565 5051 2468 3039 6649 26796 651 4162 1851 1361 6514 4217 7684 1241 4890 5361 584 4010 5983 1586 511 26145 1048 666 3374 2476
cat_boundaries=0 1 2 3 4
cat_threshold=12 12 12 12
is_linear=0
shrinkage=0.05


Tree=3
num_leaves=63
num_cat=2
split_feature=8 21 0 8 22 22 18 32 8 8 8 8 3 0 18 31 8 8 3 32 21 19 31 22 11 3 8 32 22 20 11 20 22 31 32 5 8 21 3 3 2 31 31 32 8 26 31 32 6 19 22 31 11 1 32 21 22 2 15 8 32 22
split_gain=3335.37 608.61 308.988 249.305 239.939 157.819 297.053 126.87 121.813 116.177 114.535 104.606 94.5987 93.3852 84.7896 84.3586 74.3307 60.8661 95.3442 97.6578 58.9124 56.8173 56.6279 49.1063 43.4528 43.1185 43.0586 42.9773 42.4235 38.2248 37.579 34.3368 32.143 30.9496 35.5662 39.4648 28.7802 28.4483 27.5004 27.3705 28.6324 26.5225 26.2445 23.6755 27.8506 22.9631 22.8002 25.9067 22.6631 22.0468 21.9202 21.3509 20.932 18.6525 18.325 18.0975 17.4558 17.287 17.9989 17.1747 18.7996 17.1116
threshold=59.885000000000012 13.149999737739565 0 161.00500000000002 15.666667024294538 16.133333265781406 13.449999988079073 73.395000000000024 99.450500000000019 137.91600000000003 46.415000000000006 87.802500000000023 2.5000000000000004 1 12.049999952316286 33.685500000000012 93.801500000000019 84.20650000000002 10.500000000000002 72.83750000000002 16.750000119209293 16.349999427795414 75.473500000000016 20.866666873296108 80.084583333333356 8.5000000000000018 122.49900000000001 81.980000000000004 17.099999984105434 65.500000000000014 76.44154166666668 316.50000000000006 21.333333810170497 50.479000000000006 72.990000000000009 1.0000000180025095e-35 71.69250000000001 19.899999856948856 4.5000000000000009 10.500000000000002 2.5000000000000004 40.392000000000003 46.870000000000012 72.690000000000012 154.23000000000005 14.150000095367433 77.191000000000017 76.780000000000015 4.5000000000000009 11.34999990463257 20.199999570846561 48.526500000000006 104.962125 5.5000000000000009 76.437500000000014 20.550000429153446 13.333333412806196 3.5000000000000004 20.531312499999988 132.21150000000003 77.862500000000011 10.933333436648054
decision_type=2 2 1 2 2 2 2 2 2 2 2 2 2 1 2 2 2 2 2 2 2 2 2 2 2 2 2 2 2 8 2 10 2 2 2 2 2 2 2 2 2 2 2 2 2 2 2 2 2 2 2 2 2 2 2 2 2 2 2 2 2 2
left_child=10 3 4 5 26 13 11 16 12 14 -1 -7 -4 33 23 27 -8 54 19 25 -14 -12 32 -6 28 29 31 56 45 -19 -10 -3 52 34 35 -2 -22 -23 -28 42 -41 -21 -9 -32 -45 -17 47 61 -25 -35 -11 -39 -13 59 -15 -33 -5 -43 -59 60 -51 -26
right_child=1 2 8 15 9 6 7 39 30 50 21 22 20 17 -16 24 -18 18 -20 41 36 37 -24 48 46 -27 38 -29 -30 -31 43 55 -34 49 -36 -37 -38 51 -40 40 -42 57 -44 44 -46 -47 -48 -49 -50 53 -52 -53 -54 -55 -56 -57 -58 58 -60 -61 -62 -63
leaf_value=1.2309926673531528 -0.2462507477998731 -0.39523247599601741 -0.26549540536403632 -3.5117018135309226 -1.4122209243059158 -0.65671014540195438 -0.19588476927280427 1.1389191009759903 -3.0587351776838307 -4.0789628742456436 0.21390263286828956 -1.7603941353082657 -0.88767829554080968 -0.30878335659503908 -0.30926163475513457 -3.1947458596944807 -2.2996617961645125 -1.6975898575544357 -1.9796779009103773 0.9670539561033249 -0.67711152260303509 -0.11428087034225456 -2.0170306699991225 -2.0771608280897143 -1.2233804983615872 -1.7592679396867752 -2.2713174630403521 -0.54345567591190336 -5.7424632461786276 -1.1500300563096999 -3.2772476212263109 -1.0316175841569899 -2.2597421077013018 -0.20642607395648938 0.93311658596992508 -1.580883544659615 -1.5434278401613235 -0.23605461962223054 -2.1441914741992951 0.42718493564128901 -1.8894303711175917 -0.65878591773509965 -1.3075845229864123 -2.1354575134992597 -6.6982475255250939 -1.6188366026401519 -4.9722735794305812 -0.8306145758152006 -1.8063496245622634 -1.8737912342548371 -5.4424509900331506 -0.46067017204761496 -1.3651003573656084 -0.97336883113384265 0.60085376174449934 -2.0187175829410555 -6.6634647758722316 -1.7430113668203355 -1.1019566664457319 -3.1979444863796234 -1.9183887438535692 -5.2157759464502336
leaf_weight=146891.01096609235 9990.8501317799091 5214.4295751303434 670.13377411663532 262.16825865209103 3591.2247186005116 3886.9663242101669 485.62612295150757 5578.2055005431175 1268.1728168129921 795.65079581737518 12034.00652860105 2987.2636269032955 1461.1991475820541 1926.3696979433298 1310.5375473052263 305.94661390781403 627.78621156513691 903.37635169923306 364.86284193396568 1223.8200254738331 556.28381778299809 3749.954642444849 381.13595086336136 1267.7533068060875 162.44693931937218 155.69923576712608 759.76037362217903 163.0859586596489 447.61861096322536 745.83622139692307 236.93756771087646 894.22407500445843 1260.6110146939754 2787.023193269968 7367.3407724201679 310.01526908576488 834.6493144929409 618.08570395410061 1404.4537848234177 256.84876883029938 201.74069887399673 1162.0569534301758 123.7852491736412 500.1976723074913 129.33714300394058 395.6644082814455 128.85371249914169 1485.868711322546 1070.2098170220852 205.44782674312592 850.68943284451962 257.04910755157471 892.36259700357914 1744.5661861002445 1269.0696883499622 201.47418102622032 611.1919788569212 104.50406983494759 96.930106908082962 228.17335748672485 225.3372987806797 350.09824630618095
leaf_count=345582 24565 10435 1678 523 6803 8413 2015 8941 2222 1381 27608 5313 2618 4919 2657 640 1189 1525 677 1962 989 9005 393 2618 288 333 1562 269 736 1335 395 1660 2365 3651 11345 707 1345 1566 2400 460 362 1402 387 739 201 505 133 1899 2013 314 1586 333 1273 2401 1795 335 1090 131 115 249 262 699
internal_value=0.000342142 -0.00840194 -0.0151671 -0.005396 -0.0118354 -0.00435055 -0.00826747 -0.000679177 -0.0253219 -0.0175823 0.00434257 -0.0141336 -0.0196448 -0.0022296 -0.0148522 -0.0169047 -0.0162039 -0.00689225 -0.0104854 -0.00844044 -0.0236155 0.000413511 -0.0185571 -0.0173958 -0.0129648 -0.0173635 -0.00582198 -0.0293353 -0.0207969 -0.0149704 -0.0347945 -0.00373363 -0.0171718 -0.000603959 0.000393028 -0.00150411 -0.0309837 -0.00429602 -0.0119064 0.00212881 -0.00960998 -0.00221142 0.00307443 -0.0267061 -0.0215736 -0.0130936 -0.00872583 -0.00740229 -0.023038 -0.00399821 -0.0295714 -0.0124082 -0.0149103 -0.00750616 -0.00156299 -0.0117757 -0.0337311 -0.00700516 -0.0204925 -0.0146679 -0.0205322 -0.0170846
internal_weight=238374 74823.9 23017.3 51806.6 17360.4 47493.6 16682.3 7273.99 5656.91 8886.07 163550 9408.34 3522.27 30811.3 7239.73 4312.94 1113.41 7952.53 4757.09 4392.22 2852.13 16659.1 5521.37 5929.19 3276.5 1804.91 8474.34 1036.45 1149.23 1649.21 2134.65 6310.13 5140.24 22858.8 17668.2 10300.9 1390.93 4625.09 2164.21 6160.58 458.589 2587.31 5701.99 866.472 629.535 701.611 2127.27 1998.41 2337.96 5190.55 1646.34 875.135 3879.63 2403.52 3195.44 1095.7 873.36 1363.49 201.434 658.958 430.785 512.545
internal_count=523312 139218 43637 95581 33450 88799 31111 13354 10187 17058 384094 17757 6630 57688 14091 6782 3204 14194 7480 6803 4952 38512 9344 11434 4900 3193 16392 1882 1881 2860 3557 12430 8951 43494 36617 25272 2334 10904 3962 10150 822 3610 9328 1335 940 1145 3019 2886 4631 6877 2967 1899 6586 3226 6714 1995 1613 1648 246 825 576 987
cat_boundaries=0 1 2
cat_threshold=12 12
is_linear=0
shrinkage=0.05


Tree=4
num_leaves=63
num_cat=0
split_feature=10 19 21 8 7 13 17 22 8 22 3 8 8 32 10 22 32 26 14 8 14 22 7 32 22 19 3 32 32 10 3 9 22 21 21 3 8 22 3 8 8 14 8 3 32 32 8 14 9 10 7 22 22 26 8 22 16 32 2 12 12 14
split_gain=3052.84 589.921 270.834 217.453 191.123 127.931 123.501 183.106 116.781 114.959 107.692 95.9413 84.1167 87.3457 80.9372 59.1319 51.5964 48.6021 47.2708 46.6182 43.6761 43.582 42.4534 42.1033 39.9743 39.85 38.255 39.9955 35.1782 37.9826 33.7649 32.1874 28.9209 28.255 27.3561 27.0245 25.8292 25.694 25.5374 24.7078 24.2212 24.1504 23.9301 23.3284 22.2294 21.7612 20.0289 19.4081 19.2098 19.1078 18.3999 18.2673 18.0087 17.8848 17.3478 17.2697 17.0752 16.7978 17.1234 15.7075 15.4699 24.1649
threshold=52.632250000000006 14.84999990463257 12.45000033080578 87.802500000000023 55.605000000000011 34.940000000000005 1.8499999642372134 19.800000230471294 103.18150000000001 14.233333309491476 2.5000000000000004 94.848500000000016 137.91600000000003 74.662500000000009 43.852150000000002 12.56666700045268 82.195000000000007 10.449999809265138 83.63749702380953 93.801500000000019 39.912717261904767 14.866666505734127 28.957500000000003 70.002500000000012 13.466666936874391 20.150000572204593 5.5000000000000009 65.612500000000026 73.395000000000024 98.060275000000004 10.500000000000002 23.891500000000004 18.833333412806194 7.7499997913837442 15.699999928474428 2.5000000000000004 168.35900000000001 14.366666714350385 7.5000000000000009 129.59150000000002 168.35900000000001 78.085556547619049 168.35900000000001 1.5000000000000002 76.390000000000015 80.15000000000002 78.903500000000022 58.32497023809524 56.775000000000013 61.997900000000008 93.268500000000003 16.533333698908489 19.616666475931805 1.8499999642372134 73.720000000000013 18.499999761581424 15.818541666666667 72.690000000000012 4.5000000000000009 19.962000000000003 2.4850000000000008 64.384791666666686
decision_type=2 2 2 2 2 2 2 2 2 2 2 2 2 2 2 2 2 2 2 2 2 2 2 2 2 2 2 2 2 2 2 2 2 2 2 2 2 2 2 2 2 2 2 2 2 2 2 2 2 2 2 2 2 2 2 2 2 2 2 2 2 2
left_child=14 3 6 22 9 49 28 19 10 20 -7 54 18 15 -1 -14 17 36 21 -8 -5 48 55 24 -20 -16 27 -12 29 -3 41 -32 -19 44 -29 -24 50 -37 -34 -35 -17 -15 45 -23 -11 -13 -28 -21 -6 -4 -10 -49 -45 59 -9 -2 -51 -55 -59 -22 -36 -62
right_child=1 2 5 4 12 8 7 11 16 33 26 42 13 30 25 40 -18 32 23 47 53 43 35 -25 -26 -27 46 34 -30 -31 31 -33 38 39 60 37 -38 -39 -40 -41 -42 -43 -44 52 -46 -47 -48 51 -50 56 -52 -53 -54 57 -56 -57 -58 58 -60 -61 61 -63
leaf_value=1.2093930233043431 -0.29394424064517005 0.22678039842009562 -0.32441113377094272 -1.8135022843062878 -0.99956510126948361 0.14000712970137599 -0.35687591344118136 -0.50987956290602665 -2.4101359752261646 -2.3678957347512246 -0.58345995316863053 -2.4011069715583329 -2.1212940819621084 -2.0614217496240137 0.11665038558661892 -2.8096463558161258 -0.83245074886441239 -2.4568973790013793 -0.48562972897291168 -2.2076314755463602 -2.7998996409833437 0.21163044029116629 1.1743077096623182 0.45006196085214578 -1.5517985221827031 -0.093061925120949962 -0.52432661471486064 -0.98001694546103479 0.62275786429762836 -2.1969185440027714 -3.1989420497739318 -0.74366931582331697 -2.227634926537275 -1.4685139496171473 -0.92250855425953882 0.22002973463177683 -7.5479659222209454 -0.34432474997818474 -4.4981071720922001 -3.7119475143277647 -6.5481667304122455 -0.26036330329775764 -7.215033510955573 -1.1928448298966885 -1.0008979637467861 -2.6853595769727239 -1.2816923728263381 -1.4902333869719506 -0.28574716116786053 -2.7573665657794475 -2.1556008150517942 -2.1700405933463576 -1.4811695582711697 -1.2845084974944592 -1.073574421457052 -0.56199022200882431 -1.9775767578399184 -0.36677927854895603 -2.0509789855659011 -1.0259635043632986 -1.2963761256968978 -1.412256328943968
leaf_weight=141850.05120578408 4123.8350261151791 318.84873428940773 421.39852242171764 688.65956984460354 2263.4206521362066 1339.731830239296 4098.7072413861752 794.40891368687153 997.76334363222122 283.37368026375771 670.27437473833561 1081.0399129390717 1159.9868496209383 731.11555969715118 11288.094234883785 533.36375179886818 431.84732222557068 1428.4351041615009 762.77559603750706 714.97582744061947 305.59973685443401 253.35920795798302 3503.2877178490162 7091.19940751791 450.03981222212315 1954.7255782335997 2455.8551806211472 720.15106689929962 2945.292314261198 279.66535338759422 121.28649973869324 130.78205293416977 437.97049015760422 1458.3591515421867 332.93432256579399 10870.966019973159 454.8498117774725 3990.7551300227642 552.59965933859348 500.2232019007206 316.8717735260725 2595.1174747943878 442.54512161016464 1171.1134454756975 467.65250697731972 206.66970300674438 1797.0780472010374 2429.1017529368401 3481.3250843733549 647.40935046970844 1204.5687754303217 1388.1411510109901 471.04575438797474 1639.8960662335157 670.15048214793205 709.75328150391579 553.39326000213623 1753.3778145611286 107.0250346660614 296.87994995713234 699.97014033794403 617.27240672707558
leaf_count=336395 7985 1240 876 1642 4567 3281 9113 1909 2099 675 2185 2011 2337 1017 26164 922 584 2145 1313 1795 595 452 8602 10624 727 4473 4344 1336 4994 495 218 235 660 2438 607 21376 1026 8190 832 897 540 3489 723 1869 600 229 3243 3795 6205 1400 2505 2158 731 3648 1417 1405 1068 2338 155 566 1160 921
internal_value=0.000450383 -0.00726604 -0.0127139 -0.00401867 -0.00690236 -0.0173187 -0.00799021 -0.0104436 -0.015791 -0.0137752 -0.0121592 -0.0206682 -0.00450765 -0.0097857 0.00459813 -0.0181232 -0.0214803 -0.0228916 -0.00265718 -0.00665689 -0.00911727 -0.00549518 -0.000409482 -4.56849e-05 -0.00865058 0.000859771 -0.0145523 -0.0188368 0.00019738 -0.0108431 -0.00509807 -0.0227055 -0.0177495 -0.0220055 -0.0218861 0.000687897 -0.0275644 -0.000243425 -0.0243179 -0.02517 -0.0281353 -0.00375732 -0.0286384 -0.0120675 -0.0137303 -0.0251506 -0.0114853 -0.0101509 -0.00332487 -0.0306185 -0.0252995 -0.00873066 -0.0142451 -0.00715806 -0.011239 -0.00457821 -0.0338462 -0.00578534 -0.00253122 -0.0151106 -0.0254376 -0.0278776
internal_weight=238458 83365.5 31133 52232.4 29033.8 15763.5 15369.5 11825.7 14141.3 7501.05 8633.27 3194.81 21532.8 5588.52 155093 2010.22 5508.03 5076.19 15944.3 8630.93 4791.44 7640.26 23198.6 8304.01 1212.82 13242.8 7293.54 3040.6 3543.81 598.514 3578.3 252.069 2419.01 2709.61 2370.33 18365 2657.18 14861.7 990.57 1958.58 850.236 3326.23 1730.25 1895.52 751.026 1287.71 4252.93 4532.22 5744.75 1622.2 2202.33 3817.24 1642.16 4102.78 1464.56 4833.59 1200.8 3500.3 1860.4 602.48 1650.18 1317.24
internal_count=523541 156509 60151 96358 48800 30272 29879 23150 26928 13554 17077 6289 35246 8758 367032 3799 9851 9267 26488 16861 8944 13824 47558 12664 2040 30637 13796 6209 6729 1735 4959 453 3637 4610 4024 38168 5630 29566 1492 3335 1462 4506 2963 3052 1275 2240 7587 7748 10772 3344 4604 5953 2600 7302 3326 9390 2468 6141 2493 1161 2688 2081
is_linear=0
shrinkage=0.05


Tree=5
num_leaves=63
num_cat=5
split_feature=10 21 0 8 19 7 10 8 12 8 8 32 8 8 3 25 17 0 3 0 25 21 25 8 32 8 19 2 3 0 8 8 16 2 3 19 7 8 19 0 20 20 21 2 32 25 2 12 3 10 3 23 21 32 17 26 20 25 25 25 32 32
split_gain=2846.03 561.982 405.367 232.941 164.647 131.232 128.726 106.867 100.601 95.1448 83.5388 76.6032 73.6722 69.3709 68.939 84.6816 67.4806 61.6169 51.427 91.5173 88.6107 49.1184 47.0256 46.3918 40.1163 42.3428 40.0918 39.0803 37.0554 35.8589 35.421 34.3638 30.7096 28.9202 28.733 28.5928 28.4922 28.3349 27.2636 43.2309 26.6944 26.3835 25.1206 23.2166 22.4498 25.7072 23.3797 21.8417 26.0398 21.6921 20.7816 20.7472 20.2993 20.1908 21.0572 20.0481 18.6718 18.5995 18.5443 18.4378 18.2746 18.1399
threshold=55.908600000000007 12.949999928474428 0 137.91600000000003 14.84999990463257 47.392500000000005 43.852150000000002 84.20650000000002 27.927500000000006 226.77150000000003 145.27400000000003 70.445000000000007 112.444 86.553500000000028 2.5000000000000004 19.250000000000004 3.4500000476837163 1 8.5000000000000018 2 21.94999980926514 19.750000238418583 21.349999427795414 122.49900000000001 76.390000000000015 96.995000000000019 17.150000572204593 4.5000000000000009 2.5000000000000004 3 91.231500000000025 226.77150000000003 6.9211250000000009 3.5000000000000004 1.5000000000000002 12.250000000000002 57.251500000000007 95.961500000000015 12.449999809265138 4 87.500000000000014 445.50000000000006 18.374999821186069 4.5000000000000009 76.780000000000015 17.550000190734867 3.5000000000000004 0.77400000000000013 9.5000000000000018 126.88287500000001 5.5000000000000009 11.34999990463257 22.850000619888309 81.672500000000014 16.849999427795414 13.949999809265138 1.0000000180025095e-35 17.750000000000004 12.449999809265138 14.449999809265138 69.100000000000009 71.312500000000014
decision_type=2 2 1 2 2 2 2 2 2 2 2 2 2 2 2 2 2 1 2 1 2 2 2 2 2 2 2 2 2 1 2 2 2 2 2 2 2 2 2 1 10 10 2 2 2 2 2 2 2 2 2 2 2 2 2 2 8 2 2 2 2 2
left_child=6 3 4 5 23 7 -1 -2 13 11 16 29 28 21 24 17 -6 35 44 20 59 -4 36 41 25 -7 -8 38 -10 -5 -17 -12 -27 57 -29 -16 -18 -19 39 -9 -39 -3 -30 -32 45 49 -46 -41 61 -13 -43 -47 -28 54 -11 -48 -40 -34 -25 -20 -24 -49
right_child=1 2 8 9 10 14 26 27 12 53 31 18 -14 -15 15 30 22 37 19 -21 -22 -23 60 58 -26 32 52 34 42 -31 43 -33 33 -35 -36 -37 -38 40 56 47 -42 50 -44 -45 46 51 55 48 -50 -51 -52 -53 -54 -55 -56 -57 -58 -59 -60 -61 -62 -63
leaf_value=1.1512983072892724 -0.32036452047926184 -0.38727897106251136 -0.76398977883321073 -2.1671292811578513 -0.28127867173117382 0.78509455806118256 0.11824004084446998 -0.57502442993837632 -0.23447902140557808 -8.7014828613706232 -3.5571753206773402 -2.164222900104106 -3.3236979636492139 -2.3852177961094978 0.46664798327583024 -0.49201373241624258 -1.3148323164008262 -0.38995438847047093 0.63731110797375412 -2.99592129735893 -3.5915961597867607 -0.86936060233813528 -1.9306218363259433 -1.472508252482712 1.5440287045770882 -0.30223262283521884 -0.059240244753569732 0.15579080915337792 -0.93101609818798325 -3.4978847397245767 -1.4000374537642601 -11.009258616966784 0.074370751627504825 -1.2225001444687249 -1.4153674689026474 -0.64521351316320907 -1.1494542347453238 -1.7101611376879813 -1.6738751665078404 -1.4973336041334271 -0.93171033581835028 -1.828770437214196 -1.4230163476691846 -1.6454794083769919 -0.032885021522343294 -1.2606180081600542 0.39761173193496407 -1.3967296933876874 -1.079915496489108 -0.83725382548320271 -0.43089615047436958 -2.8707354847421049 -0.18466620647749324 -4.403636430222571 -5.3401665020440818 -4.2784577338560217 -1.4238379566501385 -1.4708138505156638 -2.2955510054877402 -1.9610894489516615 -1.6075417100928426 -0.54332669351777452
leaf_weight=142015.8303565979 6184.1960386484861 6308.3210113942623 1335.3221801221371 1178.3214996904135 1534.2088509947062 1747.8853844106197 13452.50435115397 1655.9356915950775 697.91366763412952 435.3776892721653 1237.4572441875935 113.0915293097496 693.32642103731632 1798.0140739828348 9205.1687933057547 2391.2655290216208 1862.367045968771 1842.6428684741259 656.91928189992905 351.64905408024788 426.64800429344177 457.83631697297096 724.40425595641136 1233.5014999955893 6731.2459283769131 1245.5729311704636 3883.6815848946571 91.894480228424072 566.0470734089613 360.12749975919724 1793.2291684597731 256.04739151895046 370.14588879048824 459.59688730537891 497.1824609786272 5952.052867397666 3085.9835388362408 463.79542241990566 855.54415978491306 184.2613258510828 513.51044049859047 253.38042694330215 207.33121025562286 279.01749782264233 2423.7994756996632 244.55666084587574 132.33323481678963 399.29996952414513 237.6301634311676 926.34400901198387 293.95507986843586 298.1584101319313 396.12176664173603 218.1855645775795 90.912573963403702 261.17585128545761 1151.2296225428581 115.24416097998619 800.25194799900055 687.68145301938057 1549.2971706241369 876.07692831754684
leaf_count=336672 13275 12179 2347 2771 3274 4805 30983 3233 1469 877 2188 232 1071 3134 15927 5360 3815 3617 806 481 579 731 1966 2360 11344 2007 9042 171 1034 666 3110 515 815 885 872 11414 5741 712 1697 389 713 523 317 427 3528 372 230 760 416 1326 470 490 812 262 137 289 2221 219 1330 837 2508 1136
internal_value=0.000568173 -0.00719835 -0.0134142 -0.00433513 -0.00989672 -0.0028869 0.00440623 -0.00733509 -0.0250461 -0.0117753 -0.0142205 -0.0101931 -0.0165627 -0.0302233 -0.0012567 -0.00282984 -0.0123537 -0.00129916 -0.0078237 -0.0142137 -0.00937313 -0.0232399 -0.0143765 -0.00492134 0.00205191 -0.00195589 0.000389494 -0.0121189 -0.0102187 -0.020227 -0.00899312 -0.0251501 -0.00658559 -0.0133773 -0.0243389 -3.36562e-05 -0.0116373 -0.00807008 -0.0107716 -0.0080088 -0.0149769 -0.00295313 -0.0177493 -0.0137768 -0.00473777 -0.00950207 -0.0020598 -0.0135833 -0.0116689 -0.0048884 -0.0134734 -0.0183132 -0.00382503 -0.0288689 -0.0341755 -0.0133478 -0.0153818 -0.00484975 -0.0115514 -0.00311838 -0.0203303 -0.0088239
internal_weight=238692 78943.9 24895 54048.9 19139.2 45243.6 159748 12133.3 5755.79 8805.28 10249.8 8060.81 2164.62 3591.17 33110.4 22440.7 8756.26 17977.2 6522.36 2122.9 1771.25 1793.16 7222.05 8889.41 10669.7 3938.45 17732.3 5949.05 1471.29 1538.45 4463.51 1493.5 2190.56 944.987 589.077 15157.2 4948.35 2819.95 5359.98 3353.2 977.306 6855.66 773.378 2072.25 4399.46 1582.15 2817.31 1697.27 1513.01 1039.44 547.336 542.715 4279.8 744.476 526.29 393.509 2006.77 485.39 2033.75 1344.6 2273.7 1275.38
internal_count=523889 146380 46972 99408 36869 85525 377509 24170 10103 13883 20007 12607 3891 6212 61355 41280 17304 32383 9170 2703 2222 3078 14030 16862 20075 8731 40837 10895 2820 3437 8897 2703 3926 1919 1043 27341 9556 5042 9852 5934 1425 13172 1351 3537 6467 2420 4047 2701 2312 1558 993 862 9854 1276 1014 519 3918 1034 3690 1643 4474 1896
cat_boundaries=0 1 2 3 4 5
cat_threshold=12 12 12 12 12
is_linear=0
shrinkage=0.05


Tree=6
num_leaves=63
num_cat=4
split_feature=8 21 0 8 3 19 25 8 31 8 0 31 8 3 8 32 3 2 14 31 8 14 20 17 8 14 19 25 25 32 0 2 32 8 24 31 8 1 8 31 17 1 31 8 9 25 8 24 25 21 3 14 2 1 16 5 3 9 21 0 25 9
split_gain=2686.23 476.162 251.989 229.554 127.193 115.278 114.7 109.955 103.028 99.4418 87.7701 87.2485 68.3911 65.8881 65.5503 84.472 96.5355 62.4874 51.5971 51.4512 50.3699 51.272 87.3516 49.3865 45.7449 44.6368 44.0236 43.6504 42.9029 39.4379 35.8108 34.509 33.7929 33.785 39.0557 33.1039 31.7409 30.247 30.1669 28.4769 39.8321 51.523 27.7758 26.235 25.7518 24.9262 24.8638 23.2477 22.8509 22.8287 21.4665 21.1871 38.1932 21.1604 21.1461 20.1174 19.8395 19.0676 29.2764 18.9185 26.794 17.7746
threshold=58.45000000000001 13.750000119209291 0 161.00500000000002 1.5000000000000002 14.650000095367433 14.650000095367433 94.848500000000016 75.473500000000016 41.356500000000004 1 33.685500000000012 194.36250000000004 2.5000000000000004 73.720000000000013 70.850000000000009 5.5000000000000009 4.5000000000000009 59.716023809523811 77.191000000000017 82.982500000000016 92.35045238095239 9.5000000000000018 4.5499999523162851 100.56750000000001 74.730383928571442 20.849999427795414 14.750000000000002 21.550000190734867 81.980000000000004 2 3.5000000000000004 76.780000000000015 110.90250000000002 397.50000000000006 42.415500000000002 70.69250000000001 6.5000000000000009 114.12600000000002 54.109000000000002 16.750000000000004 8.5000000000000018 44.895500000000006 76.711500000000015 13.7765 22.750000000000004 107.48250000000002 382.50000000000006 18.050000190734867 19.200000047683719 5.5000000000000009 100.79261904761906 1.5000000000000002 16.500000000000004 30.054541666666672 1.0000000180025095e-35 8.5000000000000018 31.059000000000001 19.625000000000004 3 21.050000190734867 50.70600000000001
decision_type=2 2 1 2 2 2 2 2 2 2 1 2 2 2 2 2 2 2 2 2 2 2 8 2 2 2 2 2 2 2 1 2 2 2 2 2 2 2 2 2 2 2 2 2 2 2 2 2 2 2 2 2 2 2 2 2 2 2 2 1 2 2
left_child=9 3 5 4 42 33 10 13 14 -1 39 29 23 -4 -8 24 18 51 -17 25 -12 22 -22 38 47 61 -11 -21 53 59 -26 45 48 34 -3 46 44 -33 -7 55 -41 -42 -2 -10 -15 -18 -24 56 -27 -38 -36 -9 -53 -25 -20 -6 -16 -28 -59 60 -5 -13
right_child=1 2 7 11 6 12 8 17 43 26 20 19 -14 36 15 16 31 -19 54 27 21 -23 35 28 30 32 57 -29 -30 -31 -32 37 -34 -35 50 -37 49 -39 -40 40 41 -43 -44 -45 -46 -47 -48 -49 -50 -51 -52 52 -54 -55 -56 -57 -58 58 -60 -61 -62 -63
leaf_value=1.1296833850583536 1.3176860147967639 -0.26452338448216434 -0.00093929402481478523 -2.7642566408420062 0.21980837209253856 -0.20260590426738007 -0.11804203865339283 -2.5586730077576547 -0.18561601850738044 0.15250032570610481 -0.19074059000349949 -3.5668967984221789 -7.306139779450735 -0.074044518307735535 -0.58209600666487837 -1.2720230432783575 -0.7747185444255742 -0.84539980664577186 0.46444280586997594 -1.1123943688475397 -1.4466593136328669 0.078332637018796447 -0.8355679073628629 -1.4064206413766833 -1.6458110446619003 -2.1982138592328488 0.010100003074566644 -4.6404060917876571 -2.0222911001054737 -0.5660552412557216 -2.2553706816892118 -1.4882093017491194 -0.59800361938341529 -1.7074220044159145 -1.7192709667448491 -0.73721439598484939 -0.87297911686260399 -1.6157038287151071 -1.3579437553330458 -0.27081451931084038 -3.8631737815132356 -1.2287088853702042 -1.194700208933583 -1.6578661800221859 -0.70133094558198161 -1.2216483641778439 -1.950221380263254 -1.1820460368222789 -8.0067476118956424 -1.1267594037186119 -0.27812071108390807 -5.7218126544182226 1.314505204575628 -1.455703387834391 -1.0860541536809116 -1.1626821888517824 -1.0945595803864661 -0.1529303033859325 -0.27987055638282465 -5.8489261934910628 -5.7021727802298878 -2.8973126732605401
leaf_weight=140064.41979715228 5235.5906517803669 3959.227094873786 479.64010022580624 380.49484734237194 14308.173377603292 1405.5510840415955 4582.401528224349 1627.2465130239725 153.93575942516327 18990.086687222123 2304.50081987679 293.39919996261597 396.95078518986702 426.41760776937008 1590.7147649526596 162.99880194664001 4734.7879916131496 286.88266032934189 3914.691389888525 97.134113967418671 802.43457341194153 659.68171691894531 291.09385259449482 2814.7566571235657 1580.9047007858753 451.15772420167923 1072.4755728691816 253.20840179920197 2034.2003816217184 172.71020197868347 515.27680721879005 577.90390633046627 1750.3840008080006 2182.2701597511768 286.78455786406994 1143.1833028793335 960.87912519276142 1339.37973767519 568.66761101782322 2363.1830195784569 277.6515451669693 672.62961304187775 427.63501471281052 506.08912760019302 709.99234138429165 1523.5823595672846 192.60808408260345 219.42760236561298 229.49446949362755 415.75637483596802 225.8963770866394 164.20781713724136 101.17290127277374 1745.6417234092951 367.2717946767807 426.25357092916965 279.99702823162079 1343.7493785023689 454.80359138548374 306.08934259414673 281.60459835827351 394.22646917402744
leaf_count=329693 8822 7811 1307 765 29795 3011 11189 2788 159 43840 5085 581 773 809 4554 315 6274 458 5996 100 1351 1026 716 5261 4050 820 2488 261 3938 285 996 748 2233 3953 543 1445 1600 1873 1262 2967 311 738 1401 522 1322 2214 417 782 458 675 382 256 157 3261 898 834 919 3306 963 515 512 774
internal_value=0.000630529 -0.00708702 -0.0135447 -0.00467901 -0.00371579 -0.0103533 -0.00459548 -0.0231139 -0.00718413 0.00427929 -0.00216036 -0.0153643 -0.0140603 -0.0169275 -0.00658295 -0.00802819 -0.00598582 -0.0317029 -5.50492e-05 -0.0114137 -0.00774972 -0.0119366 -0.0152922 -0.0131173 -0.0141825 -0.00936645 0.00114288 -0.0295592 -0.0151942 -0.0273558 -0.0194016 -0.00920987 -0.0061802 -0.00537281 -0.00288284 -0.00862425 -0.0201675 -0.0150788 -0.00617532 -0.00048511 -0.00467285 -0.0133121 0.00335003 -0.0266273 -0.0139618 -0.00740976 -0.0195754 -0.00894153 -0.0156251 -0.0252764 -0.015854 -0.0349985 -0.0217574 -0.0124956 0.000998863 0.000456549 -0.00712726 -0.0046267 -0.00777182 -0.0312789 -0.0249526 -0.0206058
internal_weight=238482 76556 20792.1 55763.9 51154 15619.9 45490.8 5172.2 22049.4 161926 23441.4 4609.9 8965.77 2992.69 21389.3 16806.9 12620.6 2179.51 4444.96 3469 5393.5 3089 2429.32 8568.82 4186.32 3118.66 21861.1 350.343 6594.6 1140.9 2096.18 8175.65 2431.04 6654.18 4471.91 1626.89 2513.05 1917.28 1974.22 18047.9 3313.46 950.281 5663.23 660.025 1136.41 6258.37 483.702 2090.14 680.652 1376.64 512.681 1892.63 265.381 4560.4 4281.96 14734.4 1870.71 2871.03 1798.55 968.189 662.099 687.626
internal_count=523558 143268 39567 103701 96397 30195 86174 9372 41489 380290 44685 7304 17506 5713 40808 29619 18318 3659 7209 5227 10040 4955 3929 16733 11301 4866 50597 361 12460 2077 5046 11109 3511 12689 8736 2578 4406 2621 4273 34645 4016 1049 10223 681 2131 8488 1133 6255 1278 2275 925 3201 413 8522 6894 30629 5473 6757 4269 1792 1277 1355
cat_boundaries=0 1 2 3 4
cat_threshold=12 12 12 12
is_linear=0
shrinkage=0.05


Tree=7
num_leaves=63
num_cat=0
split_feature=10 21 22 12 22 10 10 32 28 22 11 11 16 10 10 5 10 5 32 11 22 10 9 10 31 24 6 9 31 21 24 14 3 3 32 24 10 31 3 10 32 14 1 10 9 31 26 10 2 3 22 10 1 32 17 16 32 32 16 14 14 24
split_gain=2486.19 466.928 178.326 256.59 168.581 156.504 132.723 97.634 82.4276 76.0027 75.8484 75.3133 89.1993 64.9061 55.6297 48.0691 42.5666 43.0724 47.4089 43.682 42.1587 38.6577 37.516 35.7893 32.8632 29.2877 28.7776 28.5263 31.635 28.0084 27.3988 25.6395 25.1977 24.6387 30.5875 24.5407 24.3579 23.8987 23.4232 23.2513 22.8528 22.5649 24.8066 22.5317 22.0764 21.7283 22.4772 21.3188 20.3921 20.3382 19.6424 19.6297 22.6971 19.2215 19.1241 19.0407 19.1138 27.9833 22.1968 20.2377 18.5785 18.3379
threshold=55.280450000000002 12.949999928474428 16.266666491826381 41.144000000000005 17.400000333786014 99.401200000000003 40.566000000000003 82.702500000000015 15.000000059604647 21.333333810170497 25.641666666666669 16.636604166666668 14.6726875 146.91130000000001 133.42172500000001 1.0000000180025095e-35 200.53172500000002 1.0000000180025095e-35 73.037500000000009 47.276687500000008 18.400000413258876 130.10275000000004 54.471500000000006 72.212275000000005 50.141000000000012 662.50000000000011 4.5000000000000009 22.141500000000004 75.473500000000016 15.699999928474428 701.50000000000011 41.202827380952385 4.5000000000000009 7.5000000000000009 73.037500000000009 536.50000000000011 71.35945000000001 34.425500000000007 8.5000000000000018 60.466024999999995 82.050000000000011 54.259657738095243 5.5000000000000009 89.693300000000008 32.551500000000004 75.473500000000016 11.949999809265138 85.032950000000014 1.5000000000000002 4.5000000000000009 21.333333810170497 69.726500000000016 5.5000000000000009 81.672500000000014 12.449999809265138 103.70833333333336 69.790000000000006 68.63000000000001 16.696458333333336 125.75181250000001 53.673970238095244 311.50000000000006
decision_type=2 2 2 2 2 2 2 2 2 2 2 2 2 2 2 2 2 2 2 2 2 2 2 2 2 2 2 2 2 2 2 2 2 2 2 2 2 2 2 2 2 2 2 2 2 2 2 2 2 2 2 2 2 2 2 2 2 2 2 2 2 2
left_child=6 2 16 5 11 27 -1 10 14 45 -6 12 -3 24 40 21 17 19 36 23 -8 22 29 -2 33 47 -21 28 -4 -13 41 44 -23 34 35 -12 -19 -31 -9 -14 50 42 -22 -35 49 46 -7 -24 -39 -25 -5 -29 -53 -16 -15 56 57 59 -59 -28 -50 -49
right_child=1 4 3 8 7 9 20 38 -10 -11 13 15 39 54 53 -17 -18 18 -20 26 30 32 25 31 -26 -27 55 51 -30 37 -32 -33 -34 43 -36 -37 -38 48 -40 -41 -42 -43 -44 -45 -46 -47 -48 61 60 -51 -52 52 -54 -55 -56 -57 -58 58 -60 -61 -62 -63
leaf_value=1.0842242631076819 -0.042321248183810667 -0.90166068725784965 -0.75253357777955476 -0.61273269817988174 -2.0659091447002762 -2.4460035550811661 0.11159331902939584 0.43412507450653415 0.313950760131533 -3.8369043816969093 -0.92687621650678698 -0.61389998149218217 -0.15637582765097841 -4.9862408986003679 -3.6613695611402686 -1.4618549782458066 -4.8045961592016511 -0.34658059038390798 1.2560115110475907 0.38238773154176581 -0.20027566822776743 -3.108894329534698 -0.062180160642778051 -2.3816208311302645 -1.6439529163484445 -1.8410680691022749 -0.24492995721764788 -0.30045034829990203 -1.2617057864564061 -0.51791396523310884 -0.24688891971595661 -0.90132701007965155 -2.5432623410903696 -0.76946021957014143 -0.6251293029113647 -1.2935257736500141 -1.8820363729277938 -0.68485976767262224 -0.93536230463220849 -1.5745636865037451 1.7023567048253583 0.040293384642188818 -0.077707922814452962 -2.0024436980321285 -1.0713781177678428 -3.9179730937404624 -2.0981714949404857 -0.71621103554853183 -1.0530374732928494 -0.90237307122913502 -1.0936859557214647 -0.92320409808699722 -0.81616708662394688 0.094784179330660134 -4.1848746680952305 -1.6370432518602713 -0.13564254142799365 -1.7385181690183558 -0.3653345126326919 -2.2623637116397912 -1.1259329169191954 -1.7725157874128812
leaf_weight=136748.84241898358 3680.2500841021538 723.02898535132408 1018.4945042729378 2022.1399849802256 1567.4779509454966 909.29963141679764 16910.812311500311 691.83374947309494 5491.4871886968613 1100.3092396706343 1807.9940280020237 2123.1286772638559 114.64700651168823 456.63450975716114 645.31361716985703 591.73955929279327 388.38811086118221 210.38146217167377 285.25516366958618 13274.813996866345 493.33135312795639 660.97452789545059 3330.5053400248289 144.23509112000465 1963.1562058031559 89.781827092170715 2439.2519882470369 1841.0359795987606 110.5258691906929 707.46266978979111 119.7967128008604 4553.9169363081455 1138.569066464901 1045.5778139233589 1140.5044072568417 156.34170177578926 421.0113796889782 412.58995014429092 214.98386377096176 573.55406734347343 577.25464057922363 2323.8118898123503 2374.9165540635586 776.48469531536102 923.80795285105705 155.14408266544342 1335.1240363568068 3112.2345164865255 405.64565661549568 337.38385939598083 799.15135142207146 467.67180633544922 2423.7118974477053 95.682818651199341 329.12404775619507 94.42605397105217 7698.5085497647524 528.72970405220985 283.09396463632584 114.50365734100342 694.21048681437969 431.61531509459019
leaf_count=324633 8126 1638 2221 3939 3384 1906 38420 1130 9395 1883 4478 4467 187 901 989 1228 615 619 402 22836 1274 1265 6398 424 2578 115 7219 4151 114 1667 221 8352 1805 2266 1628 284 782 850 345 1026 894 4728 6251 1686 1872 160 1907 5335 790 718 1724 876 4783 116 428 254 11471 980 543 180 1299 642
internal_value=0.000739704 -0.00647167 -0.00386185 -0.0077699 -0.0120888 -0.0136642 0.00435196 -0.0170726 -0.0020398 -0.0220298 -0.0186084 -0.00873996 -0.0197354 -0.0165575 -0.00736662 -0.00760583 -0.00176369 -0.00158068 -0.0122703 -0.00129275 0.00076809 -0.00697532 -0.00589106 -0.00414278 -0.0150006 -0.00361583 -0.000168214 -0.00866623 -0.0158062 -0.00953775 -0.00311728 -0.00653664 -0.0137811 -0.0128157 -0.0101011 -0.0138813 -0.0199039 -0.013464 -0.00141461 -0.0326077 -0.00465703 -0.00256907 -0.00553524 -0.0174334 -0.0124386 -0.0170279 -0.0157634 -0.00324274 -0.0170112 -0.0211104 -0.00651136 -0.00695984 -0.00952894 -0.019771 -0.0301723 -0.00203974 -0.00184776 -0.00499026 -0.0130707 -0.00241743 -0.0205663 -0.00594148
internal_weight=238602 79630.1 54370.3 18992.3 25259.8 9361.32 158972 10150.1 9631.03 3499.88 9243.3 15109.7 1411.23 7675.82 4139.54 13698.5 35378 34989.6 916.648 34072.9 22222.7 13106.7 11307.2 9639.59 6890.06 6964.14 24433.3 5861.44 1129.02 4343.04 5311.86 5959.34 1799.54 4926.9 3104.84 1964.34 631.393 2219.91 906.818 688.201 3398.55 5192.06 2868.25 1822.06 1405.43 2399.57 2244.42 6874.36 1512.45 481.619 2821.29 4732.42 2891.38 740.996 785.759 11158.5 11064.1 3365.58 811.824 2553.76 1099.86 3543.85
internal_count=523798 148271 100451 35058 47820 18001 375527 19108 17057 5856 17633 28712 2851 14249 7662 25861 65393 64778 1803 62975 50894 24633 21563 19492 12920 12490 43483 12145 2335 9073 12474 11366 3070 10342 6390 4762 1401 4606 1475 1213 6557 12253 7525 3952 3014 3973 3813 12375 2939 1142 5663 9810 5659 1105 1329 20647 20393 8922 1523 7399 2089 5977
is_linear=0
shrinkage=0.05


Tree=8
num_leaves=63
num_cat=2
split_feature=10 21 0 10 22 3 32 22 31 0 10 22 3 17 21 10 3 32 10 3 10 31 5 24 21 13 10 19 22 22 9 32 10 24 9 10 9 10 31 10 2 17 10 2 6 10 7 14 11 10 7 10 5 32 3 14 10 10 9 24 2 9
split_gain=2309.16 413.755 332.614 204.6 189.037 260.863 162.307 130.349 128.019 115.777 81.8918 73.1397 69.5787 63.3247 58.6127 57.7245 55.101 67.1613 46.6298 44.5558 43.7668 61.8458 38.8728 36.6438 35.4382 34.6247 34.1221 34.0142 32.0207 29.4933 29.1327 27.7726 26.5118 33.2249 24.8019 29.5159 24.6162 23.8844 22.3028 25.9628 28.4964 23.0025 21.3237 23.0496 21.1505 20.7604 23.0555 19.6359 19.593 19.363 19.283 19.0391 19.0281 18.9593 18.7974 17.7953 17.682 17.502 16.9487 16.6361 16.6085 22.2902
threshold=60.466024999999995 14.000000119209291 0 42.1038 16.133333265781406 2.5000000000000004 76.780000000000015 17.566666364669803 75.473500000000016 1 133.42172500000001 21.333333810170497 2.5000000000000004 4.5499999523162851 18.050000309944156 99.401200000000003 10.500000000000002 72.83750000000002 89.693300000000008 8.5000000000000018 108.62230000000001 44.895500000000006 1.0000000180025095e-35 687.50000000000011 18.725000143051151 10.005000000000001 162.09627500000002 12.250000000000002 22.59999982515971 17.333333412806194 2.3010000000000006 78.805000000000021 136.91460000000004 311.50000000000006 108.39900000000002 100.77552500000002 26.922500000000003 65.806900000000013 40.392000000000003 123.89195000000001 4.5000000000000009 3.1499999761581425 200.53172500000002 2.5000000000000004 4.5000000000000009 175.43465 13.331000000000001 57.170551371635618 63.78689583333334 86.247850000000014 49.923500000000004 95.503500000000017 1.0000000180025095e-35 68.265000000000015 5.5000000000000009 99.900148809523827 162.09627500000002 80.786650000000023 131.81600000000003 519.50000000000011 3.5000000000000004 41.33850000000001
decision_type=2 2 1 2 2 2 2 2 2 1 2 2 2 2 2 2 2 2 2 2 2 2 2 2 2 2 2 2 2 2 2 2 2 2 2 2 2 2 2 2 2 2 2 2 2 2 2 2 2 2 2 2 2 2 2 2 2 2 2 2 2 2
left_child=3 4 7 -1 9 6 10 32 11 27 34 51 20 31 29 36 17 19 30 22 21 -4 25 -16 37 -11 49 -2 45 -5 -18 56 33 52 35 -6 -13 -14 -19 40 41 -40 43 -29 -30 46 -15 58 -39 -27 -45 -7 -3 -53 59 -12 -9 -10 -31 -35 61 -51
right_child=1 2 12 14 5 8 -8 13 57 16 55 15 24 28 23 -17 18 38 -20 -21 -22 -23 -24 -25 -26 26 -28 42 44 47 -32 -33 -34 54 -36 -37 -38 48 39 -41 -42 -43 -44 50 -46 -47 -48 -49 -50 60 -52 53 -54 -55 -56 -57 -58 -59 -60 -61 -62 -63
leaf_value=1.0094755781810576 0.21265967021550516 -0.44075399548535898 -0.17587462286776409 0.17570942848327356 -0.54429345498358439 -0.6669101672403841 0.62992417574517323 -0.8191649471499528 -0.49383140259921704 -1.7755864173599862 -6.0298720914894766 -1.0714319664430243 -0.34016131312383635 -1.5771614900244957 -0.10828413990962496 -3.2742857327414585 -1.0061421321170128 0.66003333891505067 -2.2680582609560638 -1.6764695076478806 -3.7681190758189995 -1.3495209977007434 -1.7913997717390346 -0.24208774852201495 -1.6527337583924635 -0.31265191664844033 -5.0913988219446935 -0.033856814174823668 -2.7268421220994377 -0.10954526292715201 -0.30377325312320985 0.51813234705589406 -2.4715518627308533 -1.2420907613564811 0.044346837446773084 -1.3885670890106701 -0.6553998082364153 -1.6936138254755246 -1.4391510138848806 -3.0507161078271015 -0.94531599044146941 -0.14045962347269986 -4.086791136613825 -1.3623622260204862 -1.7749681620441202 -7.0545106247379099 -1.4791208462143759 0.058281416626834219 -1.2990002059777184 -1.5384489635755925 -0.76023170960009601 -2.442483880402385 -1.1144761643835384 -1.7872389946904694 -0.52717979033483398 -2.8544067322037465 -5.1465826013975686 -3.3877755763531754 -0.24939159990151191 -1.8519913233271237 -2.1930657164874892 -0.62660474184231241
leaf_weight=139021.96014337242 16487.064820066094 6036.9505379498005 608.67958728969097 16992.095973685384 773.97384507954121 4309.5562848001719 5562.5916638970375 769.99291469156742 169.47132432460785 115.13975408673286 249.17728894948959 329.45636606216431 358.6811121404171 287.51566787064075 3095.6929027140141 1175.5927862375975 68.558051437139511 1749.5944218039513 221.76127722859383 197.41005530953407 335.38108998537064 102.07329455018044 145.02582131326199 150.88128513097763 1060.9267893135548 1490.1130753159523 66.266931176185608 5071.3351291567087 845.59772250056267 3302.6032692044973 338.95713871717453 606.61521238088608 1091.8724750727415 446.53436772525311 750.80386471748352 465.25565503537655 1484.9301076084375 1220.7433867454529 78.915855944156647 144.09967264533043 142.33149755001068 1812.3566551804543 212.47240123152733 1045.8132349848747 674.37739260494709 148.33243863284588 2344.7447761297226 2815.8221623301506 395.63752236962318 296.16860470175743 3844.294989824295 493.34734418988228 248.73390847444534 3072.4791918992996 520.84492589533329 420.56800645589828 76.057433634996414 661.6437520980835 141.97539301216602 209.35627673566341 301.1465931981802 596.44073587656021
leaf_count=329973 29636 11794 1217 39299 2076 8715 9140 1822 175 249 471 714 655 533 6666 2141 131 2824 403 423 544 330 319 232 1698 3394 105 9819 1738 8897 624 1019 1895 842 1252 870 3106 2059 216 164 170 2057 339 2107 1261 261 4046 5934 572 564 7002 1554 559 4072 816 695 167 682 281 391 446 895
internal_value=0.000836208 -0.00658939 -0.013072 0.00409921 -0.00439551 -0.0082722 -0.00144736 -0.00945627 -0.0130694 -0.00215224 -0.0116041 -0.0116205 -0.0256536 -0.0152818 7.27524e-05 -0.0182783 -0.00752057 -0.00627739 -0.0217034 -0.0116438 -0.0145748 -0.0075301 -0.0101272 -0.00621939 -0.0295495 -0.00884108 -0.00770857 -0.000585592 -0.0183303 0.000951508 -0.011614 -0.00625045 -0.00554799 -0.00448206 -0.00650776 -0.0108497 -0.0126746 -0.0255616 -0.00189236 -0.00526863 -0.00380863 -0.00217843 -0.00285914 -0.00252379 -0.0241715 -0.0151298 -0.0140936 -0.001982 -0.0281544 -0.00682423 -0.00497272 -0.00909076 -0.00303745 -0.0117942 -0.0121895 -0.0267147 -0.0120991 -0.0319746 -0.00451326 -0.0178158 -0.0115667 -0.00812504
internal_weight=238255 72733.8 18389.6 165521 54344.1 19918.8 8222.37 14307.5 11696.5 34425.3 2659.78 10865.4 4082.12 5753.23 26499.1 2989.98 7764.29 7135.01 629.276 3207.71 1046.13 710.753 3010.3 3246.57 3035.99 2865.28 2750.14 26661 4300.57 23252.5 407.515 1452.67 8554.29 7462.42 1990.03 1239.23 1814.39 1975.06 3927.3 2177.7 2033.6 1891.27 10173.9 9961.44 1519.98 2780.59 2632.26 6260.4 1616.38 2683.87 4890.11 7875.38 6285.68 3565.83 1176.74 669.745 846.05 831.115 3444.58 655.891 1193.76 892.609
internal_count=523051 131769 34219 391282 97550 35663 14504 27144 21159 61887 5364 20302 7075 10847 61309 5961 12984 11826 1158 6395 2091 1547 5972 6898 4984 5653 5404 48903 7839 54411 755 3008 16297 14402 4198 2946 3820 3286 5431 2607 2443 2273 19267 18928 2999 4840 4579 15112 2631 5299 9109 14341 12353 5626 2049 1166 1989 857 9178 1233 1905 1459
cat_boundaries=0 1 2
cat_threshold=12 12
is_linear=0
shrinkage=0.05


Tree=9
num_leaves=63
num_cat=5
split_feature=8 21 0 8 8 22 12 22 32 22 22 12 0 8 8 17 3 22 28 21 0 31 21 32 3 32 32 24 31 0 8 14 8 32 3 19 1 7 32 12 8 8 21 22 31 4 8 8 3 17 31 14 22 1 0 8 22 21 22 31 22 22
split_gain=2161.93 340.337 246.982 220.775 152.22 122.354 120.99 107.574 94.6444 84.3298 79.2411 106.512 81.237 71.2457 69.3678 63.3997 55.7637 51.5364 46.1909 42.3705 42.2041 41.1975 38.7393 36.5992 36.5658 55.4887 35.2191 31.2947 27.818 27.2761 26.8458 26.7864 26.2523 26.1768 25.8359 24.7071 24.6423 23.7228 22.567 28.2223 28.8381 22.4136 21.9982 21.8124 21.2736 30.4728 23.5701 20.4234 19.9647 30.7644 29.854 48.6334 25.9786 19.2838 18.2392 21.646 17.919 17.596 17.392 17.3398 16.882 16.7778
threshold=69.835000000000022 12.949999928474428 0 39.711000000000006 141.01750000000001 17.866666515668239 27.425000000000001 17.866666515668239 82.90000000000002 18.566667000452679 18.933333158493046 42.513500000000008 1 100.56750000000001 168.35900000000001 4.5499999523162851 2.5000000000000004 20.73333366711935 15.833333730697634 22.575000047683719 2 73.388500000000008 16.200000524520878 77.637500000000017 8.5000000000000018 73.395000000000024 73.395000000000024 680.50000000000011 46.923500000000011 3 94.848500000000016 59.716023809523811 226.77150000000003 70.445000000000007 2.5000000000000004 11.84999990463257 5.5000000000000009 36.532500000000006 72.690000000000012 20.744500000000006 154.23000000000005 95.961500000000015 14.899999737739565 12.733333309491476 44.130500000000005 1.0000000180025095e-35 100.56750000000001 95.961500000000015 5.5000000000000009 4.2500000000000009 27.685500000000005 44.086577380952384 24.599999904632572 6.5000000000000009 4 53.866000000000007 13.733333309491476 22.000000238418583 14.616666634877523 57.45000000000001 23.500000238418583 11.633333563804628
decision_type=2 2 1 2 2 2 2 2 2 2 2 2 1 2 2 2 2 2 2 2 1 2 2 2 2 2 2 2 2 1 2 2 2 2 2 2 2 2 2 2 2 2 2 2 2 2 2 2 2 2 2 2 2 2 1 2 2 2 2 2 2 2
left_child=3 4 5 -1 6 27 7 20 13 42 12 -12 33 22 15 28 26 29 -13 34 35 36 -4 30 25 -14 41 32 -7 56 -22 -32 43 -6 -11 -2 -9 -17 -15 -40 -41 -8 -5 57 46 -46 -31 -38 49 -36 51 -50 -51 59 -44 -56 -18 -3 -43 -37 -39 -35
right_child=1 2 8 9 10 14 16 21 -10 19 11 18 24 38 -16 37 17 -19 -20 -21 23 -23 -24 -25 -26 -27 -28 -29 -30 44 31 -33 -34 61 48 53 47 60 39 40 -42 58 54 -45 45 -47 -48 -49 50 52 -52 -53 -54 -55 55 -57 -58 -59 -60 -61 -62 -63
leaf_value=1.0074142176374832 -0.1088446488293453 -0.40348793807777916 -0.599636719993207 0.24843004140520117 -1.9178468112467195 -0.16457398399486892 0.55298155103839941 -1.6014366990688815 -0.089783692293733716 0.56933580032208797 -4.1627779976141461 -3.227163538563349 -3.4724816002257088 -2.2902212821476704 -5.2572164372949857 -1.5918935129263858 0.35582684526309799 -0.97821759820506216 -0.093150276454291622 -0.24441298212716839 -0.42804015782988147 -1.1502310685977528 -0.94391731056390216 -0.30741109733374117 -2.4524241705782437 -0.49419655159314679 1.1845129488596193 -1.6564150994808047 -1.3506541947040724 -0.58905782268557949 -1.3003329386904985 -1.079421455949283 -7.6543907934264332 0.35839258181593153 -0.029663085234632548 -0.98711638982918937 -0.69005586081764503 -1.4172101902488792 -2.5047891434878014 -1.5280341338063481 -5.3638633234633835 -0.34465516591808021 0.03953930919021751 -1.034001662723171 -0.056777565257609554 -0.91799605537886719 -1.6256985297663509 -1.3690493795288852 -0.96931192895220208 -0.33277957924585844 -0.024730710341032493 -0.21400863455388938 -0.38615032813469519 -0.75260135561017094 -0.0038564463397364082 -0.23204664872673925 -0.76964083033831943 -1.6458476153918724 -1.0191661750465226 -1.7041840000782713 -1.8114323435017763 -1.6326567177600517
leaf_weight=137417.76119484007 5310.7730381041765 4178.1671408861876 1105.9274465739727 22320.035171851516 919.28260757029057 1195.2149412631989 588.22545498609543 513.5733392983675 449.12934398651123 1255.8178405314684 949.50322534143925 468.70412163436413 318.77097356319427 894.26921197772026 568.51887902617455 833.79069186747074 5040.631520524621 960.97919201850891 778.13962298631668 622.6189421415329 1237.701772287488 329.00396567583084 1108.6581531465054 1328.4693641066551 260.94876185059547 437.37371420860291 7656.9043053388596 87.419933468103409 218.77801358699799 558.94522628188133 433.53321793675423 574.47957523167133 125.53489355742931 1493.077257797122 860.5695445984602 837.37767840921879 1239.5139730572701 2080.0134662240744 505.15808138251305 494.55794498324394 127.31571400165558 539.81108500063419 3900.7985372394323 4987.4677961319685 1142.2180405855179 142.21731513738632 211.45367535948753 1105.8729144632816 135.67046010494232 1112.3371831327677 4090.3663040101528 380.29564338922501 257.88407771289349 3091.0586787164211 1061.4773305207491 943.2729472219944 2792.4106427580118 215.36142916977406 517.05866289138794 235.89354532957077 775.4907119423151 2279.8675160109997
leaf_count=323440 9912 8089 1947 51303 2179 2271 1885 1050 724 3240 1636 735 531 1679 1092 1663 8542 1717 1239 1338 2302 339 1986 1739 366 677 12835 150 580 1499 905 812 264 1949 3718 1897 2709 3557 788 708 203 1020 8875 9161 1350 178 446 2257 236 3200 7476 665 729 6526 2511 1932 4821 417 857 256 1454 3166
internal_value=0.00087802 -0.00696264 -0.012385 0.00376703 -0.00452008 -0.00928126 -0.00315367 -0.00636538 -0.0224265 0.000335476 -0.0108082 -0.0188778 -0.00770103 -0.0247879 -0.0151088 -0.0132582 -0.000565541 -0.00300095 -0.00925736 -0.00396336 -0.00435318 -0.014598 -0.0185777 -0.00897631 -0.0204438 -0.0150406 0.00227488 -0.00584458 -0.00425237 -0.0019259 -0.0128916 -0.0189478 -0.00556855 -0.00488117 -0.00299527 -0.00259627 -0.0126613 -0.0167077 -0.0315795 -0.0268182 -0.0196321 -0.00436072 0.00166297 -0.00526278 -0.00703624 -0.00312601 -0.0136342 -0.0104809 -0.00420597 -0.00808754 -0.00232483 -0.0136462 -0.0127381 -0.00548185 -0.00105057 -0.00491154 -0.000574864 -0.00269307 -0.00871184 -0.0112534 -0.0145312 -0.00304641
internal_weight=238603 64244.5 19950.8 174359 44293.8 15265.8 36388.1 16237.3 4685.02 36941.1 7905.67 2196.35 5709.32 4235.89 5671.81 5103.29 20150.9 10848.9 1246.84 8715.56 13049.3 3187.96 2214.59 3574.18 1017.09 756.145 9302 9593.95 1413.99 9887.88 2245.71 1008.01 9506.53 4692.23 8092.94 9475.1 2858.96 3689.29 2021.3 1127.03 621.874 1645.1 28225.6 9381 2054.83 1284.44 770.399 2345.39 6837.12 2230.79 4606.33 515.966 1370.22 4164.33 5905.55 2004.75 7833.04 4393.53 1056.87 1073.27 2855.5 3772.94
internal_count=523728 115065 36733 408663 78332 28698 65854 30704 8035 85223 12478 3610 8868 7311 10617 9525 35150 18553 1974 20602 24349 6355 3933 5758 1574 1208 16597 18081 2851 16836 4019 1717 17931 7294 19264 18591 6016 6674 3378 1699 911 3762 64621 17667 3473 1528 1945 4966 16024 7647 8377 901 3929 8679 13318 4443 13363 8506 1877 2153 5011 5115
cat_boundaries=0 1 2 3 4 5
cat_threshold=12 12 12 12 12
is_linear=0
shrinkage=0.05


Tree=10
num_leaves=63
num_cat=3
split_feature=10 19 0 0 17 10 21 10 10 10 19 10 12 10 9 12 10 19 31 17 10 0 31 21 31 26 19 11 21 9 26 31 24 17 10 7 10 9 10 31 10 17 7 20 31 21 10 10 10 10 31 10 1 14 21 14 31 10 9 19 21 19
split_gain=1974.51 346.222 215.566 168.406 165.914 140.399 122.714 103.213 97.7402 97.7181 80.6412 63.6828 57.6223 47.1609 49.8405 43.072 42.2411 41.272 39.2497 37.5446 37.4039 50.7759 36.4984 31.8538 31.5248 31.1573 30.4072 29.4468 29.3189 29.3095 28.4511 28.4018 24.7001 24.4442 24.2534 23.7302 22.2716 22.1475 21.6443 21.613 21.444 21.0576 20.4083 20.2129 19.5482 18.6916 18.3588 18.0938 17.739 17.713 18.0908 17.591 16.8573 18.8075 15.7051 15.6421 15.5146 14.4696 14.1627 14.1489 13.9682 13.9413
threshold=52.632250000000006 14.84999990463257 0 1 4.0499999523162851 38.569975000000007 9.9000001549720782 95.503500000000017 66.573075000000003 200.53172500000002 26.150000572204593 200.53172500000002 32.097500000000004 162.09627500000002 25.679000000000006 27.927500000000006 136.91460000000004 14.449999809265138 29.381500000000003 4.1499998569488534 75.81942500000001 2 40.587500000000013 19.750000238418583 50.008000000000003 6.3500001430511483 10.84999990463257 76.44154166666668 17.549999952316288 9.0565000000000015 5.2500000000000009 79.51900000000002 701.50000000000011 12.750000000000002 102.1169 64.032500000000013 65.06310000000002 41.999000000000002 107.03362500000001 33.110000000000007 99.401200000000003 9.0500001907348651 51.88150000000001 157.50000000000003 33.685500000000012 14.250000089406969 78.77170000000001 86.247850000000014 65.06310000000002 200.53172500000002 35.877500000000005 123.89195000000001 5.5000000000000009 56.840477484472054 19.349999666213993 83.63749702380953 33.148500000000006 123.89195000000001 68.790000000000006 21.150000572204593 11.699999898672106 25.849999427795414
decision_type=2 2 1 1 2 2 2 2 2 2 2 2 2 2 2 2 2 2 2 2 2 1 2 2 2 2 2 2 2 2 2 2 2 2 2 2 2 2 2 2 2 2 2 8 2 2 2 2 2 2 2 2 2 2 2 2 2 2 2 2 2 2
left_child=5 3 4 16 11 -1 13 15 23 10 20 22 28 14 18 36 19 -7 -5 -2 -6 35 -3 -4 57 29 -21 43 51 48 -23 -32 52 -11 -24 60 -8 -25 -14 40 41 -16 47 -9 -29 -38 -26 -28 -20 55 -51 -10 53 -19 -34 -18 -15 -12 -48 -37 -22 -35
right_child=1 2 8 6 9 17 7 27 12 33 24 -13 38 56 39 -17 49 32 25 26 21 30 34 37 46 -27 42 44 -30 -31 31 -33 54 61 -36 59 45 -39 -40 -41 -42 -43 -44 -45 -46 -47 58 -49 -50 50 -52 -53 -54 -55 -56 -57 -58 -59 -60 -61 -62 -63
leaf_value=0.97149357999779662 0.57676660663095236 0.26046780464368668 -0.13641079382251853 0.14541716830442084 -0.29368636546002164 0.15901102565199673 -0.2028898602800073 -2.5050370233663894 -1.0985287446325338 -9.4600284472835252 -0.8296566440858556 -8.0269196025269434 -0.80868830454476071 -5.4009358760751587 -0.10296197280925448 -0.23922457101393313 -1.5205522298236589 -0.1698784783159244 -0.19463875029039956 0.026377366048606278 -1.3884456427766261 -1.7719951839079373 -0.26004678047923946 -0.10760064189138206 -0.4653451013164272 -0.52009688581609481 -0.38008495501546169 -2.565548380518889 -1.450333452303503 -1.0566657066790068 -1.2835817072849958 -1.3250746363682087 -0.16918537050903631 -4.2636101505257562 -1.625261731142847 -1.0023071047549235 -0.70213441358749695 -0.27103507788679798 -2.6041568981619321 0.19335737931275646 -1.7238455860360151 -1.036785458302137 -0.38150992808281359 -1.2646615433100075 -1.380787898732065 -0.89001617911460473 -2.593310216887204 -1.4204624783509161 -1.8355551666798655 -4.088421835341201 -4.7677026740247737 -3.3337738488647242 -0.012078779026662901 -0.01205928853580609 -0.20573327956265963 -0.44223520352196144 -2.0716898700094184 -2.5361109851885377 -2.9157710963563952 -1.4410372492626422 -1.5938548300817736 -9.3921052238349976
leaf_weight=133116.56875666976 9279.2301926314831 5092.6151492595673 1248.8626331686974 641.70962709188461 5262.860725492239 14286.414556786418 1091.8570526540279 712.8570991307497 1057.3490030318499 243.28677590191364 1846.2449487298727 118.13659863173962 753.90159404277802 116.1334422826767 1929.4568322896957 1687.9684986174107 1352.0734192281961 956.80282743275166 93.625918224453926 13551.967797771096 1241.9103185683489 417.75906959176064 862.30948147177696 197.8510198444128 223.94329464435577 1401.3869557976723 1810.8452783226967 389.12212151288986 812.45949698984623 382.72307687997818 2012.1526363193989 110.27815926074982 97.879667371511459 259.45914283394814 459.97161188721657 3769.1061851978302 1147.8320923298597 212.82614706456661 433.19723591208458 4751.6218124330044 683.18585665524006 101.15988460183144 5935.64406876266 266.03195090591908 504.07194700837135 407.87740854918957 226.70290711522102 973.16130638122559 343.34959203004837 106.71636912226677 254.17398561537266 143.53654737770557 5839.3241569548845 959.64357551932335 108.73811180889606 1943.4919685125351 148.51963448524475 391.90019668638706 496.421889513731 1977.0216141194105 1138.2058898806572 104.99864515662193
leaf_count=316457 20591 9580 2588 1661 11699 32690 2136 1134 1768 568 4562 243 1282 183 5197 3562 2479 2281 301 23556 2464 969 2377 380 264 1806 3733 630 1399 733 2996 114 182 341 1336 6575 1872 337 653 6702 1127 364 10329 327 736 747 275 1735 806 200 426 233 13843 2016 160 2731 229 810 593 3387 2250 125
internal_value=0.000942576 -0.00527727 -0.0094491 -0.00278121 -0.00764806 0.00427031 -0.0068981 -0.0124838 -0.0191202 -0.00993849 -0.00930982 -0.000744866 -0.0242651 -0.00363039 -0.00309504 -0.00824401 -0.000814357 0.000593759 -0.00870275 -0.000224925 -0.00785668 -0.00955861 -7.21597e-05 -0.00930479 -0.0165723 -0.0118484 -0.00133823 -0.0222932 -0.029419 -0.0195878 -0.0157408 -0.0134434 -0.00229065 -0.0296631 -0.00747044 -0.0075957 -0.0122222 -0.0213685 -0.0155067 -0.000943756 -0.00450275 -0.00192226 -0.00364126 -0.0282886 -0.0156982 -0.0160636 -0.0242225 -0.00717257 -0.028426 -0.00590123 -0.0164042 -0.0244138 -0.0018348 -0.00590246 -0.0193108 -0.00474644 -0.0244325 -0.0133257 -0.0280975 -0.00586431 -0.0118033 -0.0213709
internal_weight=238488 83123.1 31115.3 52007.8 26255.3 155365 16800.5 6207.62 4859.98 19722.3 19114.5 6533.03 3200.44 10592.9 10328.2 4335.54 35207.3 22248.8 2862.8 31550.8 15929.3 10666.4 6414.9 1659.54 3185.21 2221.09 22271.6 1872.08 2013.35 819.699 2540.19 2122.43 7962.39 607.745 1322.28 8126.24 2647.57 410.677 1187.1 7465.42 2713.8 2030.62 8719.65 978.889 893.194 1555.71 947.068 2784.01 436.976 3656.46 360.89 1200.89 7755.77 1916.45 206.618 3295.57 264.653 2238.15 723.125 5746.13 2380.12 364.458
internal_count=523830 156201 60168 96033 51528 367629 30253 11144 8640 37992 36958 13536 5335 19109 18697 8317 65780 51172 5307 59944 30454 18755 13293 3305 6504 3646 39353 2827 3400 1840 4079 3110 18482 1034 3713 14676 4755 717 1935 13390 6688 5561 15797 1461 1366 2619 1132 5468 1107 5836 626 2001 18140 4297 342 5210 412 5372 868 9962 4714 466
cat_boundaries=0 1 2 3
cat_threshold=12 12 8
is_linear=0
shrinkage=0.05


Tree=11
num_leaves=63
num_cat=3
split_feature=10 21 0 10 22 22 3 32 0 12 19 32 32 3 17 10 10 32 19 10 3 10 17 10 31 3 2 5 21 9 22 32 11 10 10 10 9 30 10 22 14 31 14 3 22 22 3 22 3 9 17 31 13 15 5 32 21 21 21 9 0 10
split_gain=1860.48 303.913 278.25 268.332 124.439 122.333 196.832 91.2386 90.338 74.3029 72.9357 70.9858 64.9332 84.7895 63.1677 48.5888 47.1973 46.1889 45.4201 42.9026 41.5036 39.2426 38.5901 32.9306 32.8777 40.8619 41.2935 31.7483 30.1344 29.9079 28.2027 27.8192 27.4685 27.0198 26.4006 25.3674 25.0392 23.9947 22.507 22.2885 22.083 21.1842 24.1804 27.1786 20.9749 20.9503 20.4335 20.2453 18.2629 18.1888 17.8639 17.2129 16.8707 16.1526 15.6698 18.4925 15.6393 15.5844 15.4964 17.5161 20.2423 14.9224
threshold=62.812249999999999 12.949999928474428 0 36.24710000000001 17.866666515668239 19.800000230471294 2.5000000000000004 76.390000000000015 1 33.095000000000006 17.250000000000004 80.15000000000002 72.83750000000002 9.5000000000000018 4.5499999523162851 91.890174999999999 110.41940000000001 78.265000000000015 12.150000095367433 133.42172500000001 8.5000000000000018 153.14272500000001 3.6499999761581425 133.42172500000001 40.392000000000003 4.5000000000000009 4.5000000000000009 1.0000000180025095e-35 19.349999666213993 3.1110000000000002 22.083333492279056 78.757500000000007 5.2979166666666684 107.03362500000001 133.42172500000001 121.32380000000001 26.072500000000002 4.5000000000000009 175.43465 12.733333309491476 39.912717261904767 29.381500000000003 64.808333333333351 5.5000000000000009 25.800000667572025 13.666666731238367 7.5000000000000009 13.533333520094555 6.5000000000000009 95.685000000000016 1.5500000119209292 32.487000000000009 164.25000000000003 0.037124999999988979 1.0000000180025095e-35 73.037500000000009 10.550000309944155 17.250000119209293 18.625000000000004 59.051500000000011 2 153.14272500000001
decision_type=2 2 1 2 2 2 2 2 1 2 2 2 2 2 2 2 2 2 2 2 2 2 2 2 2 2 2 2 2 2 2 2 2 2 2 2 2 2 2 2 2 2 2 2 2 2 2 2 2 2 2 2 2 2 2 2 2 2 2 2 1 2
left_child=3 5 4 -1 39 8 7 21 18 28 47 19 16 24 31 29 20 33 54 36 27 53 38 40 -14 -26 34 32 35 -15 58 -6 -10 57 -27 41 46 45 -20 -3 -16 49 43 -43 -42 -24 -8 -5 -47 -4 -32 -18 -25 -7 -2 -56 -49 -11 -12 -60 -61 -53
right_child=1 2 9 10 14 6 11 -9 12 17 30 -13 13 15 23 -17 51 -19 22 -21 -22 -23 37 52 25 26 -28 -29 -30 -31 50 -33 -34 -35 -36 -37 -38 -39 -40 -41 44 42 -44 -45 -46 48 -48 56 -50 -51 -52 61 -54 -55 55 -57 -58 -59 59 60 -62 -63
leaf_value=0.96079135850217912 0.22427603686405995 -0.41641879265985476 -0.14282448041528967 0.29952636684330008 -0.95064550150937288 0.19038336222450064 -0.56163724306441765 0.42041652104305599 -1.230287851201421 -0.70577961090480956 -0.02131092927010805 -2.4951443914157765 0.80319865623083619 -0.82599488924790876 -1.420537174803522 -1.9239939451322692 -2.9055136179962613 -0.18950977753918929 0.53011256408695329 -3.5787532462425733 -1.0056110182985394 -5.9595188668299137 -0.6412247655832829 -4.2154448661210573 -1.6274770462958372 -0.15680728045403108 -0.80306847502451972 -1.2986698305208311 -1.3460873617423958 -0.21738876578781685 0.047877730077897598 0.63425106430533451 -0.52193834344330026 -3.0112323337565634 -3.0559572082177304 -3.1982808772085569 -0.77513404171333145 -0.59401018517329229 -2.6604506758340336 -0.93522501255794455 -1.0835204776846936 -1.1463856292963961 -0.94857910813330415 -0.87946666653815597 -1.4798195290361678 -0.76200752089115376 -1.3566563991283767 0.1345131876957055 -1.6715834195774555 -0.92241793160760543 -0.17097747036971783 -2.0828964264207381 -3.0769488906831359 -1.1444385824528049 -1.6957679658330727 1.6913495698628407 -0.053736391816458354 -0.99719032019970766 -0.037456539016664792 -0.077089409357467539 -0.17130248257674907 -5.2444071198949054
leaf_weight=128583.56009225547 15751.095342561603 5049.3124463260174 236.2243917286396 17413.679895266891 954.96557860076427 258.31747290492058 145.08937780559063 3144.2064734697342 123.20804713666439 416.14284373819828 5469.9188994169235 786.69430387020111 2711.9149874746799 81.864408671855927 286.24935212731361 288.05675595998764 134.42255093157291 602.11685007810593 3276.002629339695 574.50597231090069 198.5202648639679 173.55210323631763 1847.3523163348436 454.77518203854561 91.059098124504089 2141.5156044960022 141.54356342554092 129.47945092618465 691.99269729852676 475.04432719945908 373.36886005103588 670.77421489357948 2485.4799836874008 417.73636266589165 96.760914862155914 252.95879931747913 2557.0492072850466 6060.5713165551424 135.21386495232582 5687.895688533783 3044.9457979351282 717.9700683504343 456.15989392995834 665.69156491756439 474.15078599750996 1032.7062285095453 314.4340653270483 6591.2789911329746 1667.8706970065832 37.801138088107109 1970.7753391265869 387.93695405125618 406.04859729111195 615.54578280448914 213.88791465759277 140.62819474935532 6411.6556161642075 261.29002952575684 1294.7303018271923 255.65145824849606 255.77471606433392 95.435537815093994
leaf_count=305737 27798 9780 651 39582 2213 591 318 5066 300 823 13133 866 4358 148 649 440 237 878 6433 1042 459 315 3305 844 287 2411 168 373 1181 768 950 1123 5041 643 101 415 5108 11387 273 10454 5400 1359 643 942 978 2123 672 15563 2756 77 4772 608 608 1146 436 198 14540 483 2652 619 445 149
internal_value=0.000968582 -0.00587971 -0.0107818 0.00381408 -0.00777891 -0.00366743 -0.00908504 -0.00134005 -0.00249804 -0.0214683 0.000239581 -0.0164987 -0.00672376 -0.00356911 -0.0133666 -0.018246 -0.0120899 -0.0131117 -0.00115113 -0.0135118 -0.0094413 -0.0141137 -0.00323229 -0.0163234 -0.00117323 -0.00534422 -0.00407803 -0.00783371 -0.0261697 -0.00959251 -0.00355486 -0.00487516 -0.00662696 -0.0192231 -0.00241516 -0.023465 -0.01112 -0.00471971 0.00139345 -0.0045109 -0.0143184 -0.0216543 -0.0235864 -0.0268806 -0.0132248 -0.00746449 -0.0218596 0.00143977 -0.0102707 -0.00864337 -0.0083233 -0.0246444 -0.0251597 -0.00977698 0.000659862 -0.00972092 -5.30428e-05 -0.0130243 -0.00201767 -0.0060319 -0.0138573 -0.0201678
internal_weight=238683 70062.2 21785.2 168620 17029.1 48277 8569.39 4191.62 39707.6 4756.08 40036.8 4377.77 9582.24 6027.76 6291.91 844.965 3554.48 1697.29 30125.3 3591.08 2936.69 1047.42 14019.7 4666.17 5182.79 2470.88 2379.82 2738.17 3058.8 556.909 9620.22 1625.74 2608.69 1095.17 2238.28 2366.81 3016.57 10608.5 3411.22 10737.2 3805.35 2113.85 1839.82 1383.66 3519.1 4547.93 459.523 30416.6 2700.58 274.026 2344.14 617.795 860.824 873.863 16105.6 354.516 13002.9 677.433 7276.08 1806.16 511.426 483.372
internal_count=523818 125825 40144 397993 32049 85681 15124 7118 70557 8095 92256 8006 15848 8681 11815 1356 7167 2827 54709 7140 6173 2052 26277 8479 7325 2967 2680 5714 5268 916 22571 3336 5341 1949 2512 4087 6098 19571 6706 20234 7027 3672 2944 2301 6378 8184 990 69685 4879 728 5722 994 1452 1737 28432 634 30103 1306 16849 3716 1064 757
cat_boundaries=0 1 2 3
cat_threshold=12 12 12
is_linear=0
shrinkage=0.05


Tree=12
num_leaves=63
num_cat=4
split_feature=10 8 7 10 3 22 22 8 0 32 0 0 3 22 0 22 10 31 22 8 14 31 26 32 8 2 24 2 1 32 14 5 24 32 32 32 17 1 22 14 22 32 8 22 31 32 31 3 13 3 8 1 2 17 1 31 3 3 11 24 32 2
split_gain=1742.15 308.389 190.134 152.78 151.735 134.37 132.39 127.294 109.619 87.0553 90.3382 78.6975 73.7588 91.7288 64.7874 48.2321 47.058 48.633 44.0288 42.3804 43.9208 42.3007 68.0382 49.0236 39.9378 39.6262 39.3781 39.1903 38.1846 36.9988 36.7692 31.6937 29.8085 32.6065 28.5546 28.0212 29.7822 26.8269 25.7105 25.455 25.3038 23.1112 22.9764 22.4812 22.0429 26.0184 21.8721 20.8582 20.7162 20.7014 20.6466 20.2881 30.8014 21.6461 20.1658 41.9501 22.8913 19.9223 19.5437 19.3208 19.2862 18.6269
threshold=52.632250000000006 103.18150000000001 59.994000000000007 35.783000000000008 2.5000000000000004 17.933333436648052 16.06666664282481 226.77150000000003 0 69.790000000000006 1 2 8.5000000000000018 18.499999761581424 3 19.16666674613953 65.06310000000002 43.532500000000006 18.766666332880657 168.35900000000001 42.96913988095239 40.76850000000001 2.0499999523162846 78.552500000000023 34.022500000000008 4.5000000000000009 630.50000000000011 3.5000000000000004 5.5000000000000009 81.50500000000001 62.863785714285719 1.0000000180025095e-35 544.50000000000011 70.877500000000012 80.15000000000002 73.037500000000009 4.2500000000000009 17.500000000000004 13.033333520094555 30.785419642857146 13.799999952316286 72.64500000000001 9.6510000000000016 22.466666618982952 75.473500000000016 72.64500000000001 32.185000000000009 4.5000000000000009 15.004000000000001 5.5000000000000009 168.35900000000001 14.500000000000002 4.5000000000000009 17.849999427795414 8.5000000000000018 51.771000000000008 8.5000000000000018 6.5000000000000009 13.319416666666667 745.50000000000011 76.780000000000015 3.5000000000000004
decision_type=2 2 2 2 2 2 2 2 1 2 1 1 2 2 1 2 2 2 2 2 2 2 2 2 2 2 2 2 2 2 2 2 2 2 2 2 2 2 2 2 2 2 2 2 2 2 2 2 2 2 2 2 2 2 2 2 2 2 2 2 2 2
left_child=3 4 6 -1 58 8 11 9 32 10 18 -3 21 14 -14 -5 24 28 -4 20 -8 60 -23 31 -10 48 34 -15 -18 40 41 47 38 -34 35 36 -7 -27 -6 -36 -9 -13 -17 -38 45 -22 -30 -24 -19 -28 -32 52 53 -40 55 -37 -57 -47 -2 -44 -11 -41
right_child=1 2 7 15 5 26 19 29 16 12 -12 30 13 27 -16 42 17 25 -20 -21 44 22 23 -25 -26 37 49 -29 46 -31 50 -33 33 -35 39 54 43 -39 51 61 -42 -43 59 -45 -46 57 -48 -49 -50 -51 -52 -53 -54 -55 -56 56 -58 -59 -60 -61 -62 -63
leaf_value=0.91777431636442375 -0.29837334547125777 -1.0821018117069561 -1.0041418807571887 0.098930546976967196 0.31156107269892214 -0.17681887849166744 -1.750141445596112 -5.2427641143302059 -0.34367415596590406 -0.68013581396405209 -2.0797674753400353 -2.1750002759748206 -0.48472792140145987 -1.7636536356524148 -1.8153075160980607 -0.20325525323551263 -0.92166121124517175 -0.8392210112886489 -1.7891399892147797 -5.3829032693497672 -1.5909927120611407 -1.5498387578814441 -1.3510534738710753 -2.9915705779090942 -0.089119159957098404 -0.76731692311639077 -0.96427329725801492 -2.3154892911873817 -0.50120823089020516 -1.5214379320694917 -1.2412537571339728 -1.4979451371158383 -1.005260902371728 -0.17776258937756745 -0.67469192008232115 -0.2437167811439622 -0.54863942141532296 -0.51756473633823707 -0.21386703592750608 -0.44483517205042028 -7.4930064163891004 -1.5196444249547705 -0.06431936562868934 -0.65805968960902916 -1.4482325989456273 -0.2153290247511567 -0.67761931414126375 -0.254575666129848 -0.30788563434047911 -0.33967181866542867 -4.0851902755493894 0.1026858221441799 -0.81411507410342887 -1.0467245648672794 -0.19651263458191118 -0.96985679939025227 -0.69883980746481533 -1.6196745762477336 0.65972776034000269 -0.21335679552419118 0.38304544698528248 -0.91301962349993815
leaf_weight=127814.07281839848 148.76780615746975 3327.5298942327499 3088.2140426039696 21895.869874686003 13726.416056886315 934.78880059719086 450.1385812908411 179.28198291361332 75.057725250720978 1880.5775047391653 701.37926246225834 342.67552548646927 2697.6054371297359 1205.7493151128292 419.42023941874504 43.727517127990723 274.45030763745308 106.88746201992035 792.31539611518383 536.60884621739388 834.54903438687325 543.05735582113266 453.81214615702629 525.31533280014992 3187.4565787613392 165.18244713544846 238.51148435473442 388.91533759236336 987.65569710731506 237.80044955015182 624.7195215523243 442.02653795480728 354.12545050680637 551.20410583913326 122.88915836811066 912.9113801419735 2163.0176795721054 193.91888922452927 3863.343983694911 649.3875715136528 431.70732070505619 395.50796476006508 5559.0947874933481 1043.527695953846 168.83109498023987 363.36042806506157 515.70453205704689 6260.2070745825768 1899.9025533497334 126.2659756988287 82.020706295967102 3612.5907349437475 798.57381723821163 399.5873978883028 2825.6572365164757 214.65472584962845 111.39744973182678 987.35847538709641 10100.402259945869 80.667323648929596 4122.3110221028328 459.70329880714417
leaf_count=303788 575 6357 7459 50195 26841 3528 999 362 113 3092 1309 822 3681 1717 562 51 532 145 1856 1053 2081 1629 1052 683 6538 201 547 564 2425 282 869 578 1004 683 211 1461 5393 254 7689 901 805 592 13244 2718 174 566 884 7604 2307 164 117 7214 1403 734 4124 239 118 1384 22046 152 6625 591
internal_value=0.00103914 -0.0047976 -0.00860192 0.00416599 -0.00236316 -0.00373805 -0.0152315 -0.00639425 -0.00211111 -0.00570711 -0.0118909 -0.00988426 -0.00421051 -0.00963202 -0.00463928 0.000790879 -0.00740499 -0.0109509 -0.00882048 -0.0228648 -0.0203873 -0.0024145 -0.0047435 -0.00353276 -0.00292203 -0.00625121 -0.00883455 -0.0193821 -0.0171982 -0.0254065 -0.0195916 -0.00244918 -0.000425193 -0.00931502 -0.00820963 -0.00714237 -0.0100368 -0.0215247 -6.56953e-05 -0.0153068 -0.0319126 -0.0275291 -0.00331286 -0.0123256 -0.0176371 -0.0162779 -0.0140499 -0.00159423 -0.00350877 -0.0249366 -0.0115505 -0.00219645 -0.00423905 -0.00254931 -0.00419156 -0.00950755 -0.0248739 -0.0119742 0.0030716 -0.00302921 0.000776669 -0.012891
internal_weight=238640 83246.9 32483 155393 50763.9 40514.8 8113.3 24369.7 30712.1 23520.9 4581.91 4772.45 18939 4711.69 3117.03 27579.4 7406.22 4143.7 3880.53 3340.85 2804.24 14227.3 8224.42 7681.36 3262.51 2365.89 9802.71 1594.66 1777.81 848.79 1444.92 7156.05 23305.8 905.33 9437.93 8205.95 4141.33 359.101 22400.5 1231.98 610.989 738.183 5683.49 3206.55 2354.1 2185.27 1503.36 6714.02 2006.79 364.777 706.74 8674.1 5061.51 4262.93 4064.62 1238.96 326.052 1350.72 10249.2 5639.76 6002.89 1109.09
internal_count=523887 156457 54874 367430 101583 78962 15014 39860 58967 38411 10624 8757 27787 6524 4243 63642 13399 6748 9315 6257 5204 21263 11546 9917 6651 2907 19995 2281 3841 1449 2400 9234 45568 1687 19284 17581 11639 455 43881 1703 1167 1414 13447 8111 4205 4031 3309 8656 2452 711 986 17040 9826 8423 5942 1818 357 1950 22621 13396 9717 1492
cat_boundaries=0 1 2 3 4
cat_threshold=12 12 12 12
is_linear=0
shrinkage=0.05


Tree=13
num_leaves=63
num_cat=3
split_feature=10 19 10 0 17 0 25 8 8 32 3 3 31 8 21 21 10 8 3 31 8 4 1 7 32 8 31 10 17 8 32 8 21 10 31 32 17 19 11 1 0 31 21 24 3 32 21 8 25 24 7 21 20 17 21 8 10 8 7 6 32 8
split_gain=1611.31 271.449 211.281 202.856 167.452 122.779 107.614 107.439 80.1636 70.5324 70.1339 64.2715 68.6684 63.0672 62.5508 58.6966 52.9563 48.6415 38.5923 35.3505 75.5462 69.2367 36.7091 34.9004 30.6154 31.9154 29.9243 28.9385 27.1243 26.8609 22.7238 34.9176 22.6461 22.0592 21.7982 21.5341 20.7449 20.2637 19.8764 19.0118 18.7097 18.0303 17.6608 17.6244 17.0107 26.6802 15.5776 15.0901 14.7187 14.9936 14.7014 14.5579 14.4811 21.1585 14.5992 14.2581 13.9416 13.2714 13.1087 13.5097 13.0996 13.0151
threshold=57.78990000000001 13.050000190734865 33.593150000000001 0 4.0499999523162851 1 20.750000000000004 137.91600000000003 122.49900000000001 76.780000000000015 8.5000000000000018 2.5000000000000004 44.895500000000006 177.56600000000003 16.000000119209293 14.699999928474428 200.53172500000002 87.802500000000023 2.5000000000000004 43.532500000000006 98.172500000000014 1.0000000180025095e-35 9.5000000000000018 78.401500000000013 76.610000000000014 103.18150000000001 77.191000000000017 68.904400000000024 15.550000190734865 161.00500000000002 73.395000000000024 88.996500000000012 21.750000238418583 136.91460000000004 29.307000000000002 77.485000000000014 4.1499998569488534 20.94999980926514 25.641666666666669 4.5000000000000009 2 29.381500000000003 18.175000071525577 701.50000000000011 8.5000000000000018 70.850000000000009 13.074999928474428 95.961500000000015 17.050000190734867 753.50000000000011 31.852500000000003 11.000000089406969 4.5000000000000009 17.550000190734867 16.000000119209293 226.77150000000003 114.49079999999999 6.1925000000000017 57.251500000000007 5.5000000000000009 70.697500000000005 154.23000000000005
decision_type=2 2 2 1 2 1 2 2 2 2 2 2 2 2 2 2 2 2 2 2 2 2 2 2 2 2 2 2 2 2 2 2 2 2 2 2 2 2 2 2 1 2 2 2 2 2 2 2 2 2 2 2 8 2 2 2 2 2 2 2 2 2
left_child=2 5 -1 4 16 32 17 11 14 29 -11 12 30 26 35 48 24 50 -16 20 46 51 -23 52 25 -3 38 -20 -15 56 31 -7 33 36 -10 47 -2 -17 -8 -27 -41 -22 -40 -39 45 -36 -13 -5 -4 57 -6 -21 53 -19 -54 -25 -9 -50 -38 -60 -35 -47
right_child=1 3 15 8 6 7 13 9 34 10 -12 19 -14 28 18 37 -18 23 27 21 41 22 -24 55 -26 39 -28 -29 -30 -31 -32 -33 -34 60 44 -37 58 43 42 40 -42 -43 -44 -45 -46 61 -48 -49 49 -51 -52 -53 54 -55 -56 -57 -58 -59 59 -61 -62 -63
leaf_value=0.91048060939630027 0.62375650687316231 0.18246812602554918 0.2373033648200007 -0.44476582677751469 -0.475140297961541 0.77773114277997957 -1.3147004737306902 -1.4926715916897344 -0.39151160396874973 -0.16780751063065155 -2.1387182916031713 -0.31877129453956105 -1.0930278431996372 -4.6589145600117225 -0.24269833437526531 -0.029441650442650416 -6.1096591090176311 -1.5680688969833256 -0.23273208594502429 -0.019237084622743341 -0.26229650903957591 -0.69771999031323662 -0.56561994330602516 -1.1126448981694175 0.65456243370034706 -1.0958156003142534 -1.1837983488141774 -1.0069703918178357 -3.380122888491166 -4.4421808007569865 0.75869166611786099 -0.93287017166156694 -1.2745133242150297 -1.617753611401767 -2.7788564417825437 -0.24039737033031836 -0.35257166062728662 -0.083566556836277298 -0.9546472992209083 -0.1900368318086173 -1.1332182118283456 -1.1845756311996845 -1.3197511603064549 -0.15778448120110228 -2.238573506197274 -1.1377120144058956 -0.63508391262499342 -0.96311047609789713 -0.19309249057373706 -0.41959264496178755 -0.1908255033886512 -0.58626123457020118 -1.1071324469320032 -3.3987519163832243 -1.2394507377745541 -5.9049240463824963 -2.077667852064232 0.024489691913886349 0.47514319378492548 -0.34255906783605394 -0.58103770993549875 -4.0743910743877931
leaf_weight=123398.89976480603 7114.343292042613 1796.7764284163713 18981.689072176814 1104.699762314558 1421.6696543991566 483.44499328732491 621.69501233100891 62.275350779294968 116.66922509670258 810.96059641242027 353.74637007713318 1830.7843604981899 126.73346844315529 483.33229932188988 301.11099264025688 7269.6242877691984 144.25008055567741 1323.8224928677082 667.45562294125557 2669.1252434253693 99.041895359754562 230.5748325586319 251.8619093298912 5779.4852513819933 4318.8049864470959 120.03607040643692 296.62551665306091 938.92707893252373 223.72033473849297 294.30089391767979 3684.1936176419258 591.57576410472393 365.70054413378239 721.34318768978119 235.1553405970335 948.08708003163338 5173.8632606267929 2583.0707759559155 4146.7300225794315 814.39961867034435 652.4786309748888 524.33048242330551 902.78558695316315 131.600495621562 390.33060359954834 295.57194057106972 256.88205333054066 497.57764604687691 41.932062372565269 44.736129686236382 4533.3186600953341 1019.9239418804646 1552.2913239002228 163.86062660813332 543.72784799337387 195.89769950509071 351.38771019876003 9750.1913352757692 7320.9866481274366 4137.4868274331093 2158.2046078443527 140.28231093287468
leaf_count=293335 15417 4732 43718 2326 2988 1352 1556 153 211 1236 487 4877 402 877 714 16481 285 2486 1128 3239 308 271 331 9647 7496 244 306 1458 294 529 5901 985 710 1659 472 1324 9886 5886 7854 1662 1512 1018 1632 202 590 443 622 849 57 181 9254 1230 3015 307 1023 325 554 23631 11759 7003 2911 222
internal_value=0.0010943 -0.00489751 0.00391305 -0.00808032 -0.00643927 -0.00210321 -0.00866143 -0.00596709 -0.0167822 -0.0170923 -0.00951347 -0.00420055 0.000185036 -0.0139699 -0.013741 0.000694951 -0.000163374 -0.00637674 -0.0205885 -0.00731348 -0.0117578 -0.00442299 -0.0222154 -0.00858637 0.0004006 -0.0031602 -0.0122931 -0.0236661 -0.0280855 -0.0295296 0.00115579 -0.00523705 -0.000148074 2.18286e-05 -0.0284117 -0.00861345 0.000523038 -0.00260874 -0.0114793 -0.00832495 -0.00674805 -0.0270193 -0.0104367 -0.00629404 -0.030666 -0.0257582 -0.00719003 -0.0121461 0.00183958 0.000269869 -0.00282893 -0.0020908 -0.0124877 -0.0162635 -0.0098012 -0.0062449 -0.0212277 0.00040323 -0.000443514 0.00049974 -0.00411023 -0.0183642
internal_weight=238506 76304.6 162202 35671.6 30035.7 40633.1 22189 13641.1 5635.87 1872.67 1164.71 11768.5 4885.95 6674.89 4457.86 38802.8 7846.75 15514.1 1907.49 6882.52 2711.04 4171.49 482.437 9559.09 7702.5 3383.69 5967.84 1606.38 707.053 707.964 4759.21 1075.02 26991.9 26626.2 1178.01 2550.36 23746.7 9984.3 5671.21 1586.91 1466.88 623.372 5049.52 2714.67 1061.34 671.01 2087.67 1602.28 28818.5 9836.86 5954.99 3689.05 3583.7 1487.68 2096.02 5975.38 413.663 9792.12 16632.3 11458.5 2879.55 435.854
internal_count=523563 140072 383491 67232 57495 72840 41564 23495 9737 2959 1723 20536 8640 12519 7799 90156 15931 29045 3300 11896 6825 5071 602 16803 15646 8150 11348 2586 1171 1236 8238 2337 49345 48635 1938 4499 44065 22569 11042 3418 3174 1326 9486 6088 1727 1137 5499 3175 67587 23869 12242 4469 6831 2793 4038 9972 707 23688 28648 18762 4570 665
cat_boundaries=0 1 2 3
cat_threshold=12 12 8
is_linear=0
shrinkage=0.05


Tree=14
num_leaves=63
num_cat=2
split_feature=8 8 21 0 8 19 8 8 12 32 19 18 31 3 19 8 31 31 2 31 12 21 13 31 31 14 13 31 9 32 32 14 14 19 28 6 32 32 3 3 20 3 1 26 14 9 2 9 19 21 21 0 9 31 18 9 19 14 13 8 1 8
split_gain=1496.07 237.681 232.672 180.564 127.579 103.692 74.8499 74.5333 74.0987 71.6909 63.0182 56.4757 38.7457 36.7105 34.1531 33.4947 32.7443 32.5753 31.7412 49.7239 30.9238 27.3322 27.2903 24.0674 22.1517 21.8361 21.2081 21.165 20.8945 20.7286 24.1006 20.7486 20.3227 20.131 19.9585 20.3177 16.6273 16.3878 16.2215 24.5692 21.0042 16.4378 16.3899 16.0688 15.6256 15.5794 15.6316 15.5186 20.0932 15.0867 14.9677 19.1967 14.878 14.7945 14.6404 14.6047 14.4371 13.9163 13.5122 13.2563 13.0831 13.0762
threshold=71.69250000000001 34.511500000000005 10.500000089406969 0 122.49900000000001 13.150000095367433 226.77150000000003 168.35900000000001 21.226500000000005 72.690000000000012 14.650000095367433 11.049999952316286 33.034000000000006 1.5000000000000002 30.150000572204593 87.802500000000023 75.473500000000016 29.307000000000002 4.5000000000000009 49.764000000000003 33.095000000000006 19.750000238418583 56.855000000000011 40.587500000000013 33.685500000000012 18.368244047619054 15.004000000000001 75.473500000000016 44.291500000000006 78.990000000000023 82.33250000000001 75.976511904761921 74.730383928571442 24.750000000000004 21.000000476837162 3.5000000000000004 81.042500000000004 81.980000000000004 4.5000000000000009 6.5000000000000009 508.50000000000006 5.5000000000000009 16.500000000000004 -0.45000000298023218 64.384791666666686 20.362500000000001 3.5000000000000004 131.81600000000003 26.550000190734867 19.625000000000004 12.899999737739565 1 26.072500000000002 54.582000000000008 13.750000000000002 50.70600000000001 18.44999980926514 64.384791666666686 33.086000000000006 93.801500000000019 9.5000000000000018 226.77150000000003
decision_type=2 2 2 1 2 2 2 2 2 2 2 2 2 2 2 2 2 2 2 2 2 2 2 2 2 2 2 2 2 2 2 2 2 2 2 2 2 2 2 2 10 2 2 2 2 2 2 2 2 2 2 1 2 2 2 2 2 2 2 2 2 2
left_child=1 47 7 5 9 49 11 8 18 15 50 14 37 -10 22 57 32 -6 26 -20 -19 54 -7 -13 -22 -11 -2 36 -23 38 31 -31 55 43 35 -15 -27 -9 42 40 -40 -42 -24 52 45 -17 -47 -1 -49 61 -3 -52 -28 -35 -12 -14 -18 -5 -30 -41 -21 -4
right_child=2 10 3 4 17 6 -8 12 13 25 21 23 16 34 -16 44 56 20 19 60 24 28 29 -25 -26 27 33 -29 58 30 -32 -33 -34 53 -36 -37 -38 -39 39 59 41 -43 -44 -45 -46 46 -48 48 -50 -51 51 -53 -54 -55 -56 -57 -58 -59 -60 -61 -62 -63
leaf_value=0.87051654787484944 -0.92211969228414936 0.24983836282949953 -0.30280747331313196 -0.41247384667678233 -0.38566711126544678 -1.3996302992491303 -8.2195314607420347 -3.5938306021194224 1.3162593027131455 -0.59661475179250978 -0.058082946440126196 0.094567961907090492 -2.9654373264155396 0.099263212209062965 -1.6566169280324694 -0.6179994006966667 -1.7835009946053362 -2.1167436954115608 -0.61540406827248517 -1.8007229608196533 -3.2298122521966066 -0.043048055656874952 -1.1466456023611233 -0.8674798364634434 -1.5850496008243202 -0.45240417549019729 -1.0842652280267608 -0.98982051033685825 -0.20981261331077974 -2.1625573288199895 -0.42828212812867861 -1.9370774477759101 -0.35769876164718717 -1.0106209198877814 0.82632550325433274 -0.51545267264275874 0.10588395394602515 -0.33609822656346044 -0.17535244608290698 -0.4140466769160977 -1.1797696910723132 0.15262687396350394 -1.1104033345114737 -0.40998148731983408 -0.83066501881543753 -1.276153158314292 -0.4457973012010179 0.22973512739001692 -0.18343786604505008 -1.1321229147493039 0.15345287103434055 -0.11176459745453081 -0.97928527394922471 -2.6966602886830686 0.18607059845311158 -1.4671656458702451 -2.9303901397098429 0.066485372625650282 -0.18037011065667202 -1.403192129365104 -2.0559391103829472 -4.3673161482012572
leaf_weight=125465.81737722456 370.85756182670593 23651.54763635993 8374.3118567168713 738.68059504032135 185.80323028564453 863.48426125943661 434.95858620107174 462.38711829483509 3622.1724362373352 160.94586983323097 12626.584779083729 1913.2274152338505 147.36913059651852 5635.4672965556383 669.9334996342659 373.21681669354439 99.053462028503418 922.74372375011444 991.94904761016369 266.8451623916626 373.40915620326996 1522.5430649071932 893.0808183401823 816.93055188655853 415.73115673661232 1848.3108607232571 214.48020143806934 123.83686608076096 193.51448266208172 400.67576694488525 298.80556923151016 812.73610505461693 1370.9496810138226 324.45087885856628 1982.7167561799288 7698.0376227200031 849.10421848297119 110.26459884643555 2147.3208846002817 1105.0776200741529 217.5857660472393 126.04964534938335 796.07370953261852 8052.9310024380684 459.80520260334015 418.77122154831886 102.57818353176117 2032.8157950937748 82.17832550406456 689.93951159715652 5322.2007794082165 2256.0801765322685 349.62492242455482 122.54363524913788 1841.3012254834175 201.33576673269272 137.69462376832962 211.46763950586319 1010.8158870488405 2143.3197789788246 294.69786781072617 86.248864620923996
leaf_count=297397 901 53684 15151 1618 335 2001 834 834 6071 320 28563 3328 317 9334 1406 936 102 1568 2116 311 604 3369 1936 2343 575 2653 485 128 402 538 334 894 1975 833 3349 13609 1286 182 3708 2139 336 217 1580 14747 713 709 166 3826 114 1307 12178 5104 653 141 5628 414 142 435 2058 4001 340 174
internal_value=0.00116686 0.00352567 -0.00548316 -0.00865937 -0.0155709 -0.00647027 -0.00923546 -0.00254963 -0.00185289 -0.0115968 0.000543273 -0.00856167 -0.0107903 4.23006e-05 -0.010231 -0.018219 -0.007435 -0.0267123 -0.00511894 -0.0117398 -0.0288699 -0.0018875 -0.0094828 -0.00215587 -0.0215521 -0.00647507 -0.00402766 -0.00544796 -0.00647832 -0.00866115 -0.013998 -0.017128 -0.00502714 -0.00354708 -0.0010283 -0.00172435 -0.00451462 -0.0222203 -0.00757299 -0.00630343 -0.00256613 -0.0140245 -0.0118804 -0.00300944 -0.0232686 -0.0271276 -0.0327284 0.00465766 0.000410167 -0.00235514 0.00188165 -5.21385e-05 -0.0111603 -0.0138818 -0.00102185 -0.0157867 -0.0248301 -0.0110043 -0.0113968 -0.00916761 -0.0236158 -0.00177476
internal_weight=238435 176005 62430 29974.2 7184.4 22789.8 13639.3 32455.8 29926.8 5286.72 48424.6 13204.3 2529.05 18938.4 10474.1 2304.52 1956.4 1897.69 10988.4 1553.49 1711.88 17194.8 9804.21 2730.16 789.14 2982.2 9434.89 2821.25 2726.87 8940.73 1512.22 1213.41 1719.65 9064.03 15316.2 13333.5 2697.42 572.652 7428.51 5739.35 2490.96 343.635 1689.15 8617.04 1354.37 894.566 521.349 127581 2114.99 9150.5 31229.8 7578.28 564.105 446.995 14467.9 348.705 236.748 950.148 1204.33 3248.4 561.543 8460.56
internal_count=523452 412323 111129 54273 12046 42227 25595 56856 52890 8964 110986 24761 3966 32363 19090 4577 2950 3082 20527 2767 2747 40020 17684 5671 1179 4387 17760 4067 5829 15683 1766 1432 2706 16859 26292 22943 3939 1016 13917 10401 4261 553 3516 15885 2524 1811 875 301337 3940 16632 70966 17282 1138 974 34191 731 244 2053 2460 6140 651 15325
cat_boundaries=0 1 2
cat_threshold=12 12
is_linear=0
shrinkage=0.05


Tree=15
num_leaves=63
num_cat=0
split_feature=10 10 21 22 8 7 8 21 19 32 7 32 19 11 8 8 22 14 17 22 21 8 32 14 2 24 16 9 14 2 31 5 31 14 22 1 22 31 28 22 7 32 8 32 26 15 9 14 2 5 26 26 5 31 16 24 8 9 24 9 2 9
split_gain=1409.63 279.67 229.063 134.216 103.298 81.608 76.5941 73.1745 60.8441 53.7715 53.4275 47.2703 33.8711 33.6685 33.4152 31.8556 31.3816 30.4671 29.5927 44.5071 26.3892 24.3025 23.6607 23.0463 22.1548 22.0134 20.8549 20.7992 20.6611 19.6445 25.3705 19.3909 19.2882 19.2403 18.9732 18.7109 18.2593 18.1399 17.9908 17.8979 16.8655 16.5625 16.499 15.8276 14.6071 15.8267 14.4711 13.85 14.7771 13.7851 13.7561 13.3474 13.346 14.6087 13.3346 13.0797 12.8194 12.7942 18.2583 12.6802 12.5919 15.515
threshold=65.06310000000002 32.358750000000008 10.500000089406969 15.733333667119345 168.35900000000001 54.121500000000005 137.91600000000003 15.549999833106996 19.650000572204593 70.445000000000007 48.063500000000005 82.702500000000015 25.44999980926514 80.084583333333356 103.18150000000001 101.83500000000002 17.099999984105434 39.912717261904767 4.3500001430511483 17.700000206629436 18.94999992847443 87.802500000000023 81.50500000000001 57.170551371635618 2.5000000000000004 687.50000000000011 103.70833333333336 140.43750000000003 39.912717261904767 4.5000000000000009 48.242500000000007 1.0000000180025095e-35 33.251500000000007 58.32497023809524 11.133333404858908 5.5000000000000009 21.333333810170497 75.473500000000016 14.533333222071333 18.566667000452679 57.982500000000009 73.395000000000024 100.56750000000001 79.885000000000005 -6.7499999999999991 70.536458333333357 43.052500000000002 100.79261904761906 1.5000000000000002 1.0000000180025095e-35 -7.3500001430511466 0.94999998807907116 1.0000000180025095e-35 49.169000000000004 38.856875000000009 709.50000000000011 226.77150000000003 57.602500000000006 589.50000000000011 28.171000000000003 3.5000000000000004 108.39900000000002
decision_type=2 2 2 2 2 2 2 2 2 2 2 2 2 2 2 2 2 2 2 2 2 2 2 2 2 2 2 2 2 2 2 2 2 2 2 2 2 2 2 2 2 2 2 2 2 2 2 2 2 2 2 2 2 2 2 2 2 2 2 2 2 2
left_child=1 -1 6 8 5 14 10 16 17 39 24 15 26 -6 38 57 52 32 41 29 -10 -19 50 27 -2 36 33 35 -16 31 -31 -20 -4 59 -23 -18 -9 -14 -5 60 -36 42 -12 -21 47 -46 -38 -17 -49 -26 -15 -34 -3 -54 -52 -37 -42 -7 -59 -11 -8 -62
right_child=2 7 3 4 13 11 9 25 20 12 18 -13 37 22 28 44 23 21 19 43 -22 34 -24 -25 49 -27 -28 -29 -30 30 -32 -33 51 -35 40 55 46 -39 -40 -41 56 -43 -44 -45 45 -47 -48 48 -50 -51 54 -53 53 -55 -56 -57 -58 58 -60 -61 61 -63
leaf_value=0.85061323329848981 -0.3385335339814155 0.2262307262798583 -0.33100354664308862 -0.69263668717192928 -4.5481919728342586 -0.55195134835968251 -1.7057913517938161 -0.043988373634666192 -0.85908637901072504 -1.7130563040936075 0.24054613388140922 0.36184257957367694 -2.4982936096781092 -4.4772892296972593 -1.5217671802760258 -1.2754197201320672 -0.12983842179289554 -0.11692950222658922 0.3052577955633794 -0.66781400898594401 -1.1458731173585961 -0.42701048390182805 0.17685866616830809 0.1010116871303115 -0.60566870427979469 -0.13661157858000017 -2.6781785726272505 -0.37488822393786769 -1.3853361066958134 -0.1447904612889804 -1.0451653317599952 -1.1502127225409617 -1.4066053914400287 -0.51415690403819669 -1.1982419981074273 -0.027200722921557487 -0.051901635766529002 -2.8434776564248518 -0.4842647894388552 -4.7566069371975805 -0.82412520453742855 1.0950927718481531 -0.75741241272405446 -0.7555639227771942 -1.1810581761263272 -2.4737520669469895 -0.15162217331812011 -1.4648944927750613 -0.60177382539283786 -1.3002377023432254 -2.1492346152528579 -0.87790420737474129 -0.064562199046502053 -0.23210159210674278 -3.2004186616654806 -0.3695530438253794 -4.2704469452719325 -0.37561550860080362 -1.0539024072541872 -1.490867423530208 -1.4092764801486588 -2.1358906926065018
leaf_weight=120819.31250675023 3744.1626718938351 28073.123305618763 418.6484158039093 1074.183709487319 604.26539407670498 1241.946203365922 744.79433396458626 8329.3280389904976 617.09051162004471 141.91763623058796 1702.1869366019964 1021.0641965866089 388.24083757400513 78.146917700767517 289.79707206785679 120.35501998662949 1232.8795022070408 4858.1956652104855 7895.2249011844397 1740.8093168586493 353.94004434347153 4150.0495850741863 137.78276461362839 4620.9757284522057 2689.3807862997055 404.33900240063667 79.861809760332108 115.91929522156715 1382.5371882915497 1137.4763016998768 639.94630891084671 131.442965939641 124.00019434094429 4293.9120455533266 1613.0769866704941 4685.0177091956139 1155.855439260602 114.47467243671417 1802.0544712543488 254.9234844148159 3930.5359605401754 7235.9220363199711 985.13968853652477 305.13531911373138 3845.4707790464163 174.73230069875717 1015.3294240087271 127.3314403295517 183.29127883911133 75.993304908275604 240.49875019490719 863.88323873281479 923.84897309541702 134.09442681074142 296.48186179995537 68.44280569255352 122.44845040142536 2685.2097211033106 59.171587914228439 212.34839448332787 98.716204598546028 135.68836817145348
leaf_count=287413 7202 63897 1095 2086 1178 2525 1721 18345 1140 249 4280 1660 596 123 656 225 3157 9022 13074 3388 576 7350 172 9633 5195 668 201 233 2557 2139 803 299 362 5894 2842 12832 2639 118 3509 575 6700 12090 1898 337 6587 255 2594 198 290 167 342 1749 2587 186 567 245 214 4642 78 306 218 228
internal_value=0.00120425 0.00360802 -0.00493645 -0.00795956 -0.0113489 -0.0100713 -0.00211604 0.000493621 -0.00490516 -0.00702565 -0.000993592 -0.00742342 -0.00480887 -0.0245171 -0.0155748 -0.00865294 0.00148666 -0.00417057 0.000194709 -0.00149205 -0.0170536 -0.00349627 -0.0174228 -0.000825801 -0.00496768 -0.00313548 -0.00349489 -0.00284271 -0.0211978 -9.19506e-05 -0.00484661 0.000961392 -0.0111981 -0.00305625 -0.00492763 -0.00243436 -0.00269384 -0.0171354 -0.0122991 -0.0164098 -0.00680877 0.00220893 -0.00114267 -0.00819795 -0.0115604 -0.0106175 -0.00677661 -0.0203108 -0.0146503 -0.00836112 -0.0216117 -0.0150067 0.00233789 -0.00317287 -0.018694 -0.00101006 -0.00508565 -0.00540438 -0.00349667 -0.0142392 -0.0133131 -0.0234097
internal_weight=238742 171578 67163.9 32416.2 15364.3 14007.1 34747.7 50759.2 17051.9 6464.88 28282.8 9458.57 5230.76 1357.18 4548.57 8437.51 39854.3 16080.8 21773.3 11850 971.031 14674.3 752.91 10723.2 6509.54 10904.9 4728.04 6102.26 1672.33 9804.09 1777.42 8026.67 1406.53 4648.18 9816.11 5986.34 10500.5 502.716 2876.24 1234.12 5666.06 9923.25 2687.33 2045.94 4451.18 4020.2 2171.18 430.978 310.623 2765.37 615.128 987.883 29131.1 1057.94 536.981 4753.46 4052.98 3986.33 2744.38 354.266 979.199 234.405
internal_count=524107 404429 119678 58700 27650 25268 60978 117016 31050 10106 50872 16460 7364 2382 8808 14800 92770 29334 38308 20040 1716 26128 1204 26100 12564 24246 6650 16467 3213 16315 2942 13373 3206 6449 17106 16234 23578 714 5595 2742 9756 18268 6178 3725 7555 6842 5233 713 488 5362 1032 2111 66670 2773 909 13077 6914 7245 4720 555 2167 446
is_linear=0
shrinkage=0.05


Tree=16
num_leaves=63
num_cat=5
split_feature=10 8 11 22 21 21 0 10 0 22 32 32 3 22 0 10 32 3 8 22 31 31 3 31 0 21 31 8 32 22 32 22 8 3 3 0 22 1 8 8 8 31 26 24 3 10 31 19 8 32 24 3 18 3 24 3 14 1 31 26 30 21
split_gain=1315.51 321.979 166.86 107.776 107.079 93.616 73.7301 62.059 58.8617 58.6779 50.4749 48.2534 47.5339 49.7525 47.4847 47.7733 44.3643 43.7689 42.2216 41.9733 41.1558 35.6955 34.7461 32.3276 31.0454 28.6674 27.2053 26.4142 25.2883 24.1315 23.9905 23.2041 22.8555 22.7465 22.0216 26.9098 22.2116 20.7097 20.4034 19.9625 19.7162 19 21.0544 18.6937 26.3337 18.4114 16.9724 16.9275 16.3143 15.6688 15.6348 17.8683 15.3935 15.1634 14.5092 15.3275 14.3612 14.153 15.0698 14.1121 13.8232 13.6502
threshold=39.569475000000004 95.961500000000015 49.530208333333341 21.599999904632572 14.000000119209291 9.9000001549720782 0 30.817499999999999 1 14.866666505734127 69.790000000000006 81.672500000000014 2.5000000000000004 17.700000206629436 2 68.904400000000024 72.690000000000012 6.5000000000000009 161.00500000000002 21.333333810170497 79.51900000000002 47.032000000000004 2.5000000000000004 50.208500000000008 3 14.800000309944155 75.473500000000016 145.27400000000003 72.64500000000001 16.266666491826381 70.850000000000009 20.400000413258876 69.835000000000022 8.5000000000000018 9.5000000000000018 4 18.566667000452679 5.5000000000000009 110.90250000000002 161.00500000000002 32.182500000000012 46.870000000000012 5.9500000476837167 397.50000000000006 5.5000000000000009 200.53172500000002 79.51900000000002 16.650000572204593 161.00500000000002 78.552500000000023 667.50000000000011 5.5000000000000009 3.5500001907348637 10.500000000000002 532.50000000000011 4.5000000000000009 63.893470238095247 5.5000000000000009 61.875000000000007 -0.45000000298023218 1.0000000180025095e-35 18.374999821186069
decision_type=2 2 2 2 2 2 1 2 1 2 2 2 2 2 1 2 2 2 2 2 2 2 2 2 1 2 2 2 2 2 2 2 2 2 2 1 2 2 2 2 2 2 2 2 2 2 2 2 2 2 2 2 2 2 2 2 2 2 2 2 2 2
left_child=7 4 3 8 12 10 9 -1 29 61 24 18 -2 32 19 40 38 23 30 43 34 -21 -17 28 45 -9 39 52 54 -3 -8 -19 -14 -32 41 36 -36 -15 -10 53 60 -12 -43 -6 -45 -4 -33 -22 -26 -35 -39 -52 -5 -18 55 -11 -40 58 59 -34 -16 -7
right_child=1 2 5 27 14 6 11 25 16 17 20 -13 13 37 15 22 26 31 -20 21 47 -23 -24 -25 48 -27 -28 -29 -30 -31 33 46 57 49 35 -37 -38 50 56 -41 -42 42 -44 44 -46 -47 -48 -49 -50 -51 51 -53 -54 -55 -56 -57 -58 -59 -60 -61 -62 -63
leaf_value=0.83773755133937589 0.98062248148559483 -0.95371839532010094 -0.73355647652877354 -1.2353107652360713 -0.016967092877117198 -0.33824111193068557 -1.2867810143957001 0.14002810525455586 -0.65532253046417144 -1.0701262782928147 0.40839299777998161 -0.35223824576683854 0.20009980231596991 -0.24975400967905195 -0.17321281402874861 0.076998228899366694 -0.37406715033922994 -1.7002606564095382 -3.9688012597919258 -0.13123418833090669 -0.71877345170379536 -0.42787302971374219 -0.71895341605033281 -1.5318875950556141 -1.2052639972087413 -0.027701537868652794 -1.7876746744752952 -3.7779844999019492 0.2393073398831394 -1.5501150970232835 -0.99312145583172295 -1.6684341608441302 -0.52150923463482857 -1.3420079632477 0.12003582059834771 -1.3649375765995764 -2.2974306873573647 -0.1293028976108353 -1.6359345666357961 -2.1571705272711306 -0.093595039904567662 -1.4565253063167347 -0.34567960247710094 -0.39794678388426452 0.0088056635977540772 -7.5027713699772791 -2.7260644152798572 -2.4354663744566398 -3.692922069890594 -1.4293370740330205 -0.71112593028573068 -0.14324905730022763 -0.96850925178250979 -1.0995285402724571 -1.4432367740865217 0.11032931440880632 -1.7556178379165397 -0.011026836473318369 -0.78925548986076499 -0.25928139161536951 -0.21978159260247346 -1.3372974888523388
leaf_weight=117264.53928039968 8061.4953875541687 3774.1120889931917 2137.113641217351 365.83348245918751 8888.6830144673586 5114.6441120058298 444.52918837964535 13358.386721506715 461.73814308643341 865.4775528460741 6949.5919997692108 633.43895000219345 19114.780803069472 1622.4989054948092 80.278015315532684 216.09354881942272 1035.9810448884964 1712.1090006828308 246.45115995407104 1688.9767182916403 123.95429718494415 734.86014804244041 884.2073087990284 660.54614335298538 498.1804277151823 4416.7274093031883 90.084561705589294 402.26094694435596 1502.758846193552 1425.1785764545202 1049.7191431224346 1167.5697407126427 170.36541838943958 97.694169282913208 728.06477841734886 164.4487361907959 194.91225665807724 6247.6063688993454 409.74971567094326 139.50988614559174 4026.4871693104506 339.80546015501022 3949.8230663239956 682.68693754076958 686.33802464604378 60.361748173832893 114.57839745283127 167.64650923013687 88.281897217035294 179.36046481132507 71.6758151948452 79.995727360248566 449.28013221919537 160.32280308008194 60.451832428574562 459.53570491075516 312.73178558051586 8300.9941057860851 222.96488773822784 2497.9462339580059 140.66053488850594 708.7460061609745
leaf_count=279471 19574 7832 4791 626 19206 8569 828 31020 887 1745 10763 932 40383 3637 121 501 1378 2632 394 4200 128 1082 1363 1309 930 10258 93 817 2301 2965 1490 2046 341 178 1110 270 349 14156 1037 225 8258 998 4519 1320 1155 144 118 173 140 229 332 113 1014 285 98 836 459 15573 239 4862 200 1274
internal_value=0.00125803 -0.00297251 -0.00653 -0.0124995 -0.000794052 -0.00475826 -0.00756719 0.00451197 -0.0103399 -0.00592774 -0.00201916 -0.0151298 0.000476794 -0.000257249 -0.00406386 -0.0080116 -0.01647 -0.00918147 -0.0189649 -0.00239042 -0.000674453 -0.00830845 -0.0173078 -0.00542272 -0.00811166 0.00175876 -0.0105808 -0.0263334 -0.00313789 -0.00721429 -0.0162496 -0.013633 0.000669559 -0.0128643 -0.000234504 -0.00702535 -0.00349188 -0.00375847 -0.0236853 -0.00877036 -0.00561876 0.000423096 -0.00219327 -0.000993673 -0.00643025 -0.00529137 -0.0187207 -0.0192078 -0.0182515 -0.0255899 -0.00247846 -0.018288 -0.0211118 -0.00666986 -0.00800796 -0.00690051 -0.0289384 -0.00112478 -0.00413682 -0.0030899 -0.0201304 -0.00228116
internal_weight=238906 103866 39446.6 9026.78 64419.6 30419.8 15017.6 135040 7809.41 12366.4 15402.2 2651.19 46390.3 38328.8 18029.3 5347.73 2610.12 6543.03 2017.75 12681.5 12618.2 2423.84 1100.3 3548.77 2783.94 17775.1 1425.9 1217.37 2888.22 5199.29 1771.3 2994.26 30307.1 1326.77 12326.6 1087.43 922.977 8021.78 1184.22 1335.81 4247.43 11239.2 4289.63 10257.7 1369.02 2197.48 1282.15 291.601 586.462 277.055 6399.28 151.672 815.114 1196.3 1385.47 1325.01 722.482 11192.3 2891.28 2668.31 220.939 5823.39
internal_count=524277 203528 66912 17618 136616 49294 24979 320749 15161 20928 24315 4051 99210 79636 37406 10443 4364 11085 3119 26963 18310 5282 1864 6289 6005 41278 1981 2457 4980 10797 2725 4796 61398 1897 18009 1729 1459 18238 2383 1888 8579 16280 5517 21681 2475 4935 2164 301 1070 407 14601 445 1640 1663 2679 2581 1496 21015 5442 5203 321 9843
cat_boundaries=0 1 2 3 4 5
cat_threshold=12 12 12 12 12
is_linear=0
shrinkage=0.05


Tree=17
num_leaves=63
num_cat=5
split_feature=10 8 8 7 21 22 21 0 3 22 0 0 10 22 32 32 10 32 31 24 3 8 22 22 31 32 3 3 3 3 31 1 5 8 3 22 22 0 8 21 8 31 4 31 1 10 0 32 4 3 5 11 31 10 20 10 12 5 26 3 22 18
split_gain=1260.2 311.539 145.722 133.356 117.161 77.5513 64.9866 63.2017 51.5169 64.6212 50.1825 44.8173 49.5593 41.9393 39.1758 37.3088 37.0945 36.9855 37.7933 36.6441 35.7912 35.0565 33.1196 29.2871 29.0075 28.8853 27.7837 25.5081 29.27 24.8808 24.5383 24.1383 28.6836 23.7959 22.7205 21.8603 19.8336 19.0805 18.7591 18.6752 18.3196 17.488 23.724 17.2433 17.381 18.7808 16.0907 15.8331 15.6835 18.6454 17.4113 15.366 14.8141 14.7898 14.7459 14.6307 14.447 14.1774 14.1227 14.1 24.4061 18.9603
threshold=36.706675000000004 100.56750000000001 226.77150000000003 59.994000000000007 15.699999928474428 22.73333366711935 9.3500001728534716 0 2.5000000000000004 17.400000333786014 1 2 66.573075000000003 15.566666364669802 70.850000000000009 80.15000000000002 30.461925000000001 72.690000000000012 75.473500000000016 615.50000000000011 6.5000000000000009 67.25500000000001 14.133332928021749 21.333333810170497 50.479000000000006 69.790000000000006 2.5000000000000004 10.500000000000002 11.500000000000002 5.5000000000000009 79.51900000000002 6.5000000000000009 1.0000000180025095e-35 32.182500000000012 10.500000000000002 13.799999952316286 20.400000413258876 3 161.00500000000002 18.725000143051151 118.26250000000002 43.532500000000006 1.0000000180025095e-35 29.740500000000004 8.5000000000000018 77.717500000000015 4 80.15000000000002 1.0000000180025095e-35 11.500000000000002 1.0000000180025095e-35 13.319416666666667 29.381500000000003 62.812249999999999 1.5000000000000002 81.790950000000009 33.095000000000006 1.0000000180025095e-35 1.4499999880790713 6.5000000000000009 18.933333158493046 19.149999856948856
decision_type=2 2 2 2 2 2 2 1 2 2 1 1 2 2 2 2 2 2 2 2 2 2 2 2 2 2 2 2 2 2 2 2 2 2 2 2 2 1 2 2 2 2 2 2 2 2 1 2 2 2 2 2 2 2 10 2 2 2 2 2 2 2
left_child=16 4 3 5 8 10 25 13 51 21 22 19 33 -8 -9 35 -1 40 34 23 24 57 -3 -6 -15 46 -14 56 -29 -21 59 -11 53 54 38 58 -22 48 -19 -18 -12 43 -43 -39 45 -45 -5 52 50 -50 -23 -2 -7 -33 -13 -28 -16 -10 -4 -27 61 -61
right_child=1 2 15 6 11 47 7 14 9 31 17 12 26 20 27 -17 39 18 -20 29 36 37 -24 -25 -26 30 55 28 -30 -31 -32 32 -34 -35 -36 -37 -38 41 -40 -41 -42 42 -44 44 -46 -47 -48 -49 49 -51 -52 -53 -54 -55 -56 -57 -58 -59 -60 60 -62 -63
leaf_value=0.80224567995221663 -0.15189026389514526 -0.63084900733267135 -6.3747739084088249 -0.77911112059215604 -0.066888989592360559 0.029755538616609557 -0.44740926081647886 -1.6285010981207586 0.21449063156871695 -0.21542877950904435 -0.71626995181911468 -0.10570944330277712 -0.097082101982180549 -0.26247012003080172 -1.3018786807240277 -2.4690325503296338 0.095680188199849428 -0.33231064309724734 -1.8785684579666821 -0.88767942945324529 -1.5752512021534046 0.21241047848935787 -1.2955872368255443 -0.20169995199960911 -1.4521488775761058 0.27364489137150727 -0.40793426983227765 -1.5095870233493089 -0.28478890028594395 0.030554017611375529 -1.6566985158027485 -0.0039486535119976907 -0.71260055054588567 -0.07844858183945505 -1.3445437269838232 -6.9278811815954544 -1.6184109656078058 0.13624577980814687 -1.4194723832204545 -0.051365710470923892 -1.6781743032416765 0.10932809604078138 -0.48708865548171443 -0.29121909386105038 -0.28023261405784722 -0.82794194131313792 -1.2975415484736914 -1.3937848812397506 -0.42321050690927819 -0.97987911489543544 -0.75078751352100503 0.81808675422462618 -1.4647990253940506 -0.36576988442132113 -0.18568981110380209 -0.92472068275611441 -0.83084763688608099 -0.16997637391384687 -2.5950395518094362 -0.017049463221026073 -1.5960178240922938 -1.3107227963100911
leaf_weight=116384.64222985506 228.3922109156847 2787.6177216470242 58.357526421546936 1636.9270290434361 7557.9934015721083 64.660032466053963 5935.7071126997471 448.92287430167198 21482.198100969195 2785.9364794641733 576.35162116587162 78.731343761086464 192.65512302517891 2329.1706328243017 340.11253264546394 364.50166153907776 11920.552613183856 1074.2696158885956 102.73132485151291 303.26236243546009 1366.5026516467333 9100.8687662780285 2406.6038245409727 2111.9452378004789 514.26990875601768 6287.2535656541586 723.62900426983833 122.62208598852158 83.510715901851654 131.35193528234959 178.25853937864304 4580.5521209985018 216.93568541109562 3056.2551269829273 178.157650411129 550.73394107818604 1066.2595941126347 316.7857638001442 130.45477339625359 1320.2528833895922 552.8505754172802 1946.9928217828274 354.57665348052979 392.02144774794579 907.36950381100178 83.281242117285728 371.98909056186676 203.90042859315872 2095.1471622288227 72.313689082860947 134.74982096254826 10423.563317149878 567.96964843571186 3928.4798195958138 159.95132008194923 218.85356575250626 1365.473379611969 869.08837905526161 160.59120331704617 2583.5509942173958 442.77997198700905 83.332204520702362
leaf_count=277188 897 5384 115 3856 15958 166 10124 832 45363 6076 1077 127 447 4022 448 411 27524 1439 106 503 2113 17712 4620 4686 1064 9820 1209 222 147 212 184 11394 643 6175 318 1166 1799 1301 210 3104 1170 2373 452 806 1751 129 693 219 3785 142 351 24382 1186 7566 229 297 1961 2323 353 3161 603 151
internal_value=0.00129073 -0.00266139 -0.00655663 -0.00596466 -0.00083355 -0.0113216 -0.00412328 -0.00647093 0.000143346 -0.000538376 -0.00976916 -0.00486055 -0.00904989 -0.00488939 -0.0138977 -0.0241783 0.00462589 -0.0154231 -0.0102864 -0.0030112 -0.00813688 0.000461559 -0.00687759 -0.00237487 -0.00432541 -0.00137232 -0.0180767 -0.0108249 -0.0274039 -0.0172004 -0.000228434 -0.0038176 -0.00252338 -0.00596299 -0.00809639 -0.0304162 -0.0125882 -0.00137365 -0.00562043 0.00211801 -0.0223024 -0.00433903 -0.00150815 -0.00819526 -0.0106046 -0.018343 -0.00682166 -0.0257842 -0.000328794 -0.00415574 0.00056933 0.00329619 -0.0218138 -0.00206437 -0.0211367 -0.0216099 -0.00880629 0.00172636 -0.016936 0.000121131 -0.00263234 -0.000825371
internal_weight=239016 109390 34936.4 33802.2 74453.9 8645.57 25156.6 13572.6 59919.3 49267.3 7809.04 14534.6 4430.08 11211.9 2360.64 1134.18 129625 2614.82 1485.61 10104.6 5276.2 37755.4 5194.22 9669.94 2843.44 11584.1 1135.14 1911.72 206.133 434.614 9575.18 11511.9 8725.97 3294.94 1382.88 769.683 2432.76 15404.1 1204.72 13240.8 1129.2 4001.03 2301.57 1699.46 1382.67 475.303 2008.92 836.53 11403.1 2167.46 9235.62 10652 632.63 8509.03 238.683 942.483 1705.59 22351.3 218.949 9396.92 3109.66 2666.88
internal_count=524245 216429 59140 57095 157289 15895 41200 22732 127446 102167 14324 29843 8484 19122 3610 2045 307816 4320 2073 21359 8998 76488 10004 20644 5086 18468 1953 2778 369 715 13919 25679 19603 6531 1967 1634 3912 28802 1649 30628 2247 6812 2825 3987 2686 935 4549 1571 21990 3927 18063 25279 1352 18960 356 1506 2409 47686 468 13735 3915 3312
cat_boundaries=0 1 2 3 4 5
cat_threshold=12 12 12 12 12
is_linear=0
shrinkage=0.05


Tree=18
num_leaves=63
num_cat=4
split_feature=10 10 21 0 22 3 19 32 10 3 11 32 31 10 31 3 3 10 1 31 22 22 14 0 3 6 28 0 14 10 22 32 22 10 10 14 17 3 24 13 14 23 24 1 31 10 0 9 14 10 15 4 31 19 21 19 1 14 31 17 10 19
split_gain=1177.15 217.547 160.848 167.527 101.31 74.6587 61.3174 58.3244 55.4424 50.6904 48.1019 47.8628 43.6483 42.7555 33.1975 29.3239 28.8028 26.28 28.7843 25.7057 25.6539 24.134 23.1562 21.0228 22.305 20.7021 21.6146 25.8397 20.625 23.126 19.951 23.7239 19.5613 19.4431 19.4247 19.3718 19.7761 19.268 25.3695 19.0401 18.8153 18.7315 18.6599 19.0086 18.3189 18.2165 19.2104 23.0486 18.2163 18.0394 17.684 20.0281 19.767 16.1295 16.1089 16.0003 15.1269 14.4245 15.5835 14.1213 14.0976 13.6411
threshold=36.706675000000004 76.830224999999999 10.500000089406969 0 17.866666515668239 7.5000000000000009 14.449999809265138 72.690000000000012 200.53172500000002 8.5000000000000018 47.276687500000008 78.407500000000013 42.513000000000005 29.268975000000001 75.473500000000016 1.5000000000000002 2.5000000000000004 133.42172500000001 5.5000000000000009 79.51900000000002 19.800000230471294 12.733333309491476 64.384791666666686 1 2.5000000000000004 5.5000000000000009 18.466667016347255 2 41.202827380952385 100.77552500000002 12.633333245913191 68.265000000000015 16.333333412806194 65.06310000000002 121.32380000000001 61.909110119047625 6.2500000000000009 4.5000000000000009 589.50000000000011 174.62000000000003 123.09940773809525 15.34999990463257 701.50000000000011 5.5000000000000009 61.590500000000006 59.151875000000011 3 97.943500000000014 38.333005952380958 126.88287500000001 3.3406874999999934 1.0000000180025095e-35 47.502000000000002 15.550000190734865 12.949999928474428 27.44999980926514 6.5000000000000009 28.268166666666669 48.242500000000007 11.84999990463257 146.91130000000001 12.750000000000002
decision_type=2 2 2 1 2 2 2 2 2 2 2 2 2 2 2 2 2 2 2 2 2 2 2 1 2 2 2 1 2 2 2 2 2 2 2 2 2 2 2 2 2 2 2 2 2 2 1 2 2 2 2 2 2 2 2 2 2 2 2 2 2 2
left_child=13 6 8 4 21 12 23 22 10 40 28 -11 -6 -1 49 -12 -8 18 -7 25 -10 -4 41 -2 57 30 27 -27 29 -3 -17 -32 -15 54 -24 36 -20 -14 -39 -29 48 -5 43 -18 -19 -45 -47 -48 -9 -13 -33 -52 -53 -21 -26 -46 61 58 -25 -16 -42 -30
right_child=1 2 3 7 5 17 16 9 20 11 15 14 37 32 59 19 42 44 35 53 -22 -23 34 24 33 26 -28 39 56 -31 31 50 -34 -35 -36 -37 -38 38 -40 -41 60 -43 -44 45 55 46 47 -49 -50 -51 51 52 -54 -55 -56 -57 -58 -59 -60 -61 -62 -63
leaf_value=0.79271091251039183 0.36200901965142696 -0.5524507955085739 -0.21753727718373811 -1.2734157336063583 -0.090201341144989303 -1.235964884263413 0.20668663534534668 -1.094189756379194 -3.2739212704738985 -1.7294851896619214 0.86376335531083304 -0.4862635746118642 -1.3066504432936066 0.14152973894450691 -0.76257724714493813 0.66096560366350132 -0.14895580618864379 -3.7463389072542075 -0.14215517673035621 -0.48901293767328013 -5.3874254476516459 -0.81438624131821169 -0.70912390997647212 0.11494508158662065 0.086327121054338471 -0.65851684838062718 0.87642391647095796 -0.7296813116024744 -0.62404163662220924 -2.04802066575022 -0.86193128523001405 0.34042443674599632 -0.0055858009813123388 -0.26547624918609397 -2.65706902259552 -0.60228884749491562 -1.2232255956960942 -0.64547265452494862 -0.98978935944484414 -1.5405893898482319 -1.1918838290007578 -0.37811280684164078 -0.15015572361507135 -0.015596896612088785 -2.3364645871230532 -0.18443302995046196 -0.15899857306542631 -0.48779768962425618 -0.27913636218266974 -1.6876006528074634 -0.32014361176864486 -0.11340974003846754 -1.2223125879802716 -1.357830530976591 -0.10218796614650785 -2.8639114353435313 -0.52981085775645809 1.0114552060711686 -0.24918947549162312 -1.6481078953990349 -3.7232716050697721 -1.275098778828248
leaf_weight=113567.79084283113 13622.089811637998 770.4423176497221 6539.0907826721668 907.76902051270008 1863.5261751264334 224.39685919880867 2492.1821699440479 129.83838048577309 367.51054504513741 263.50927433371544 2932.5210246145725 605.62591129541397 830.62407997250557 10889.942480668426 114.68052345514297 5763.4106950610876 4074.4547212123871 513.95570832490921 121.30332282185555 158.68306046724319 160.29277148842812 6715.8550593405962 594.87812888622284 142.9855894446373 11348.813142433763 3830.0817859470844 985.70485645532608 661.71638265252113 485.13754667341709 339.62630981206894 1107.345515653491 2799.0247974544764 5089.8892373740673 4238.0384254455566 246.7680881023407 1228.6499091535807 440.60791298747063 937.46777176856995 89.29085248708725 309.09755012392998 229.2046195268631 126.69492489099503 425.0653819590807 8391.0193131417036 317.61099523305893 3899.0973212271929 1093.5063998252153 167.54433052241802 1391.1564500629902 120.06818491220474 2567.5772589296103 213.11630217730999 306.84054306149483 179.19598585367203 3068.3285396844149 103.32229626178741 3590.0032755583525 3302.0183575302362 103.65723961591721 160.77255064249039 105.8619322180748 342.44396798312664
leaf_count=271451 28729 1627 11956 1790 3557 386 7540 277 582 481 4936 766 1790 24575 118 9270 8604 1210 272 164 283 11898 918 395 25454 6543 1593 1019 765 834 2473 4417 12147 8644 372 2268 892 1157 112 474 357 287 795 18842 327 8560 1983 237 2013 163 3640 335 372 185 6635 107 6808 8678 323 166 164 593
internal_value=0.00134714 -0.00247785 -0.00478428 -0.00770274 -0.00563957 -0.0106676 -0.000317711 -0.0158841 -0.00217428 -0.0117211 -0.00186407 -0.019438 -0.00595538 0.0045702 -0.0144214 -0.000808266 -0.00249541 -0.0166076 -0.0133808 -0.00153075 -0.01821 -0.00311276 -0.0228836 0.000931032 -1.82239e-05 -0.0012813 -0.00376155 -0.00514606 -0.0060298 -0.0121205 -0.000156069 -0.00195089 0.00214846 -0.000709457 -0.0166893 -0.0112528 -0.0189389 -0.0113775 -0.00678678 -0.0123935 -0.00645537 -0.0279024 -0.00319107 -0.00294094 -0.0235406 -0.0020403 -0.0043777 -0.00971953 -0.00408655 -0.00878987 -0.000687262 -0.00329608 -0.012235 -0.0151777 0.000165789 -0.015745 -0.00449691 0.00361469 -0.00802725 -0.0291725 -0.0171642 -0.0105872
internal_weight=238709 109161 52792.3 24922.5 19925.7 6670.76 56368.8 4996.83 27869.8 3120.72 27342 1264.66 3720.91 129548 1001.15 21814.3 20542.9 2949.85 2014.96 18881.8 527.803 13254.9 1876.11 35825.9 22203.8 18543.9 5786.6 4800.9 5527.65 1110.07 12757.3 6993.9 15979.8 18655.2 841.646 1790.56 561.911 1857.38 1026.76 970.814 1856.06 1034.46 18050.7 17625.6 934.889 13551.2 5160.15 1261.05 1520.99 725.694 5886.56 3087.53 519.957 337.879 14417.1 420.933 4417.58 3548.66 246.643 275.453 335.067 827.582
internal_count=524309 216136 90717 43804 35932 12078 125419 7872 46913 4505 46048 1694 6616 308173 1213 35421 46561 5462 3818 30485 865 23854 3367 78858 50129 30136 9629 8036 10627 2461 20507 11237 36722 40733 1290 3432 1164 3059 1269 1493 2811 2077 39021 38226 1644 29622 10780 2220 2290 929 8764 4347 707 349 32089 434 8166 9396 718 284 521 1358
cat_boundaries=0 1 2 3 4
cat_threshold=12 4 12 12
is_linear=0
shrinkage=0.05


Tree=19
num_leaves=63
num_cat=0
split_feature=10 10 21 10 22 7 12 10 19 3 10 22 32 28 9 31 18 22 14 7 24 1 21 28 9 11 7 22 32 25 32 22 2 31 2 6 10 32 28 32 14 24 2 22 2 31 22 10 9 21 14 10 31 9 22 18 3 9 3 9 31 2
split_gain=1126.44 202.587 137.92 94.57 91.9708 89.3377 76.6577 66.6247 49.4843 43.8722 51.235 52.9344 35.5098 32.9774 31.7841 28.1694 27.8857 27.4021 26.0755 25.8718 25.3852 23.1799 23.0752 22.0984 19.4608 19.0853 18.7311 18.4994 18.1931 21.2036 17.799 17.4082 15.8573 18.4249 16.8655 15.4446 14.9338 14.2291 14.0668 13.8429 13.2729 13.2026 12.8337 12.7803 12.6725 13.4598 12.116 11.9678 15.9768 11.8289 11.82 11.1036 11.0706 10.9204 10.883 10.5935 19.229 13.487 13.6807 11.2202 10.574 10.5172
threshold=39.178325000000008 133.42172500000001 10.500000089406969 68.043650000000014 18.833333412806194 57.251500000000007 35.94100000000001 27.744125000000004 13.150000095367433 2.5000000000000004 69.726500000000016 17.700000206629436 70.697500000000005 15.466666936874391 55.145000000000003 50.141000000000012 19.950000047683719 16.666666865348819 56.840477484472054 28.957500000000003 579.50000000000011 4.5000000000000009 18.94999992847443 14.633333683013918 8.2015000000000011 13.319416666666667 29.381500000000003 11.533333182334902 74.662500000000009 26.550000190734867 80.15000000000002 22.73333366711935 4.5000000000000009 44.670000000000009 5.5000000000000009 4.5000000000000009 200.53172500000002 76.390000000000015 15.599999825159712 79.020000000000024 43.501250000000006 570.50000000000011 4.5000000000000009 11.133333404858908 4.5000000000000009 47.502000000000002 19.433333476384487 94.262050000000002 108.39900000000002 11.900000154972078 66.781946428571445 94.262050000000002 27.685500000000005 30.647500000000004 15.233333309491476 8.9500000476837176 4.5000000000000009 6.6510000000000007 8.5000000000000018 2.5510000000000006 26.955500000000004 3.5000000000000004
decision_type=2 2 2 2 2 2 2 2 2 2 2 2 2 2 2 2 2 2 2 2 2 2 2 2 2 2 2 2 2 2 2 2 2 2 2 2 2 2 2 2 2 2 2 2 2 2 2 2 2 2 2 2 2 2 2 2 2 2 2 2 2 2
left_child=7 2 9 19 12 8 31 -1 43 25 32 16 27 -8 22 28 26 -9 39 38 46 -13 -7 -10 -18 -2 -12 -3 29 -16 -23 53 -11 -34 -35 -36 61 47 -4 -14 51 -42 60 -5 -28 -46 -17 -27 -49 -20 54 -25 -30 -6 -21 56 -44 58 -58 -60 -19 -29
right_child=1 4 3 5 6 14 13 17 23 10 11 21 18 -15 15 20 24 42 49 50 -22 30 -24 40 -26 37 44 36 52 -31 -32 -33 33 34 35 -37 -38 -39 -40 -41 41 -43 55 -45 45 -47 -48 48 -50 -51 -52 -53 -54 -55 -56 -57 57 -59 59 -61 -62 -63
leaf_value=0.7790878829066008 -0.7424583675300056 -1.2124802749552352 -0.11575844210358391 -0.23837133365198576 -2.8592446208890721 -0.53886056400956339 -2.002933682322515 0.13574993497089949 -0.79512342814791992 0.24127566598140682 -0.54714310695619017 -0.86892502355489831 -2.2374759642849575 -0.19856357075776396 -0.30071861130104838 -0.64536801419374223 -1.2836780328338619 -0.10198713290759863 -0.37576018314477794 0.026461875483212084 -1.3649538690502618 -0.5778420449836531 -0.84492679826178407 -0.54904810991264985 -0.52629434205075609 0.66384101135218865 0.10838512963211322 -1.6357817301900086 -1.3344456377499847 -0.96145558126239417 -0.71812697700152239 -2.7636612748118701 0.19946291668379815 -0.040269573033082297 -0.11514293175490203 -0.31927655852850312 -7.5213295456414118 1.2162932758206904 -0.063270280675084223 -2.3090968572330284 -0.61318797934577562 -0.80556172461712527 -0.58914961251576248 -0.61730440181365798 -0.16243711009498407 -0.85327510763373704 -0.98997813279226965 -0.51326212600634669 0.54991918757432534 -1.6498062128018463 0.12754296876722293 -1.3622316808966983 0.4707089371518503 -2.5951941576778723 -0.093634154009426859 0.013815207137094099 -0.012904785340760583 -0.016904781526063319 -0.14968833249369506 -0.13221150467315754 0.020629226789604972 -1.9633632177393352
leaf_weight=110051.54162369668 120.49151377379894 762.03578126430511 3383.2623413056135 1507.7206181883812 87.772782787680626 4349.292099788785 954.48642826080322 16567.199560135603 2142.4670104384422 13355.293261483312 2439.0311036854982 407.05093412101269 258.73234564065933 949.74121680855751 4818.293701171875 2007.1372167468071 127.81242522597313 164.48132465779781 3370.0084118396044 5687.9748630970716 72.879368841648102 2449.0129097253084 806.32186302542686 537.77306291460991 203.55492430925369 2241.867806121707 10184.3988019526 850.92362461984158 172.07643973827362 264.01101909577847 373.39681726694107 553.66010765731335 2229.4499685168266 1002.3198641240597 335.04674318432808 284.24636408686638 122.51904654502869 6961.3400182425976 3947.8823033571243 104.18083781003952 2379.9504571259022 145.09722247719765 140.66416715085506 2007.9269071817398 1135.7789047509432 742.55642980337143 561.29344597458839 1207.1505976170301 952.67043347656727 1573.6294417977333 4605.1561352014542 174.31407985091209 3410.7536593675613 681.60418507456779 4532.3209239691496 894.96201278269291 157.97616615891457 827.36029601097107 95.48251873254776 133.94739526510239 4961.8927384912968 154.21866826713085
leaf_count=262774 452 1756 6961 3027 147 8477 1541 37758 4052 29518 4304 721 431 1509 9376 2908 241 844 4527 13942 92 5057 1557 1138 436 7307 17247 1808 300 518 419 1006 6585 1412 466 393 281 11739 8686 116 4585 203 518 3539 2208 924 775 2150 1559 2172 8764 362 5230 1197 11380 2554 270 1593 157 234 11269 284
internal_value=0.00136773 -0.00251827 -0.00178682 -0.00368392 -0.0091324 -0.00576901 -0.0161448 0.00440383 -0.0098062 0.000141214 -0.00073278 -0.00259271 -0.00598576 -0.00971345 -0.00358706 -0.00210316 -0.00132947 0.00201347 -0.00388849 -0.00129747 -0.00662249 -0.00839265 -0.00684028 -0.0128208 -0.0156492 0.00282531 -0.0010012 -0.01187 -0.000724971 -0.00264837 -0.00677918 -0.0253871 0.00121974 -0.00160663 -0.00566009 -0.0121402 -0.0159354 0.00303583 -0.00372694 -0.0168064 -0.0102078 -0.00850142 -0.000521359 -0.00519091 -0.000193019 -0.0039655 -0.00578884 0.000810463 -0.00184535 -0.00293698 -9.59371e-05 -0.0162381 0.00200338 -0.0204692 -0.00104361 -0.00366816 -0.00645408 -0.00441705 -0.0121033 -0.0198731 0.000860479 -0.0139002
internal_weight=238685 104690 94266.4 47513.9 10423.5 25357.3 3227.26 133996 8895.25 46752.5 35268.9 18062.6 7196.25 1904.23 16462.1 11306.4 14833.1 23944 5306.55 22156.6 2641.31 3229.46 5155.61 5379.6 331.367 11483.5 14501.8 1889.7 8665.13 5082.3 2822.41 1323.04 17206.4 3851.06 1621.61 619.293 1127.66 11363 7331.14 362.913 3237.13 2525.05 7376.77 3515.65 12062.7 1878.34 2568.43 4401.69 2159.82 4943.64 14825.5 712.087 3582.83 769.377 10220.3 2250.39 1355.43 1214.77 387.406 229.43 5126.37 1005.14
internal_count=523756 205785 189010 95872 16775 46139 5400 317971 16906 93138 69931 31557 11375 3050 29233 19199 25360 55197 7246 49733 3775 6197 10034 10340 677 23207 24683 4129 15424 9894 5476 2350 38374 8856 2271 859 2373 22755 15647 547 6288 4788 17439 6566 20379 3132 3683 11016 3709 6699 34086 1500 5530 1344 25322 5326 2772 2254 661 391 12113 2092
is_linear=0
shrinkage=0.05


Tree=20
num_leaves=63
num_cat=3
split_feature=8 8 8 0 3 19 32 3 8 8 19 32 19 3 5 32 0 8 24 32 31 1 31 2 14 14 8 23 8 31 2 8 7 16 29 31 24 3 32 3 1 31 25 2 8 14 32 5 0 8 20 3 25 16 2 3 25 20 31 31 7 17
split_gain=1012.31 184.067 128.236 107.218 104.317 96.413 77.8561 102.35 74.7588 55.382 46.0662 45.122 41.1985 38.6263 38.5267 34.67 27.8201 25.6366 25.5286 25.3054 25.1115 25.0327 56.1913 24.6603 24.3539 24.1659 26.071 22.8109 22.4819 24.6816 48.6892 22.3546 19.409 19.2756 19.2638 18.8917 23.7929 21.5248 24.0089 19.992 18.8498 17.5241 17.448 22.2336 17.306 18.9385 16.9124 16.6019 16.4962 16.3654 15.7919 15.9327 15.7494 15.5115 14.5491 14.4725 13.4921 13.3629 13.3571 15.1727 13.3397 13.0884
threshold=49.672500000000007 124.53500000000001 27.485500000000005 0 2.5000000000000004 12.84999990463257 70.850000000000009 8.5000000000000018 226.77150000000003 86.553500000000028 14.150000095367433 78.492500000000021 16.250000000000004 6.5000000000000009 1.0000000180025095e-35 76.780000000000015 1 177.56600000000003 694.50000000000011 76.780000000000015 75.473500000000016 6.5000000000000009 52.610000000000007 3.5000000000000004 90.888095238095261 30.489193452380956 95.961500000000015 12.449999809265138 82.982500000000016 41.453500000000012 4.5000000000000009 194.36250000000004 86.08250000000001 38.268229166666679 11.050000190734865 56.568000000000005 450.50000000000006 7.5000000000000009 77.862500000000011 5.5000000000000009 5.5000000000000009 32.405000000000008 18.250000000000004 1.5000000000000002 161.00500000000002 92.35045238095239 72.83750000000002 1.0000000180025095e-35 2 107.48250000000002 181.50000000000003 5.5000000000000009 24.150000572204593 6.9211250000000009 5.5000000000000009 5.5000000000000009 17.94999980926514 1.0000000180025095e-35 75.473500000000016 69.062500000000014 50.505000000000003 2.1499999761581425
decision_type=2 2 2 1 2 2 2 2 2 2 2 2 2 2 2 2 1 2 2 2 2 2 2 2 2 2 2 2 2 2 2 2 2 2 2 2 2 2 2 2 2 2 2 2 2 2 2 2 1 2 10 2 2 2 2 2 2 10 2 2 2 2
left_child=2 4 -1 8 15 14 44 19 10 32 46 -9 -4 33 16 25 35 20 21 31 -13 22 -11 24 42 -2 -27 41 -18 49 -31 -8 34 -12 60 36 -6 38 -37 -38 52 -10 -15 -44 45 -5 -3 48 -23 -30 -16 -52 53 -28 -42 -32 -47 -56 59 -25 -7 -14
right_child=1 3 12 6 5 9 7 11 27 18 13 17 61 23 50 -17 28 -19 -20 -21 -22 47 -24 58 -26 26 40 -29 29 30 55 -33 -34 -35 -36 37 39 -39 -40 -41 54 -43 43 -45 -46 56 -48 -49 -50 -51 51 -53 -54 -55 57 -57 -58 -59 -60 -61 -62 -63
leaf_value=0.73483096419462035 -0.3365340654111158 -0.74997975811195516 0.14304117963926596 -1.3712486406966704 0.41123212064207132 -0.28667238375999915 -0.96564497603022881 -1.5833452612072536 -3.508549712403918 -0.59750475184295238 -0.15438308151883151 -0.45611128358372927 0.064546946244821157 -2.0110880159008082 -0.46355224490580976 0.89651720956542036 -0.032020648395348066 -2.404170605470632 -0.99059480045101012 -0.087676635177145107 -1.4137948179340556 -0.50752179290824562 -1.3533479359416454 -2.2694958469605915 -0.78120195754609301 0.4175083991971999 0.1466488013839374 -7.3015257060047718 -0.38225454747426646 -0.03212231293542054 -0.29852501723779312 -5.5571776184755768 0.048075206600577049 -1.1735615482343427 -0.087785864618905057 -0.25494360021281398 -0.97156522629250408 -0.10002149258557154 -1.1956694179055896 0.10359478444513998 0.10608128693769459 -2.4524729559561509 -2.2611448987505547 -1.369225276244344 -3.570504732824729 -1.5521751698423132 0.11057898812512548 -1.3293305766798476 -0.62705971850673525 -0.7509063916852533 -0.88034341539657612 0.62518341220755935 -1.069214531444673 -0.69377122426920268 -1.2504286908485078 -0.536347832867757 -1.332878401450136 -0.23733113406284972 -1.8588335998630185 0.31808436566454645 -0.20753060103333354 -0.0431559903173028
leaf_weight=113860.41570819914 242.57099920511246 2377.3056317716837 27928.355382665992 322.95203706622124 14909.09691119194 3616.4672458469868 710.47653657197952 314.33991566300392 170.74253705143929 1809.7536239176989 2456.7911943942308 453.4213365316391 1715.833334222436 730.42606496810913 631.91540171205997 8518.842268884182 5246.0395842641592 84.207140684127808 100.7476878464222 1395.6624520421028 153.38171172142029 5762.1922768503428 527.56777667999268 637.7693146020174 1316.4256816506386 3054.8915051668882 384.90726268291473 360.23210284113884 849.77976836264133 1956.8104889392853 107.47798413038254 69.933857530355453 2711.8721954673529 798.44989030063152 5823.1140039265156 389.07837522029877 560.89048796892166 2099.1903246641159 330.36047124862671 594.81378771364689 1733.2174949645996 412.2083997130394 452.51465633511543 319.20379231870174 269.696194678545 143.79872506856918 4299.2566652446985 246.87943816184998 1229.3335902243853 209.45895877480507 156.72081257402897 46.454553008079529 229.99489477276802 381.29625084996223 129.98507815599442 174.12512522935867 88.343215525150299 183.73808237910271 145.24146550893784 103.09647679328918 3537.3425988405943 8119.1910297125578
leaf_count=269228 955 5070 64033 801 30361 7834 1080 577 307 3362 4271 570 4431 1210 1429 14808 11286 89 136 2113 158 11199 597 1080 1770 10751 602 742 1813 2459 142 109 5005 1713 12410 503 1199 2214 377 983 3422 688 806 569 495 222 5888 490 1939 413 439 75 365 710 230 200 136 342 150 105 7669 18701
internal_value=0.00141619 -0.00288061 0.0038837 -0.00729343 -0.00168297 -0.00271016 -0.0145334 -0.0110144 -0.00528956 -0.00494792 -0.00435074 -0.0242005 0.00135877 -0.00719678 -0.000701658 0.00202403 -0.000379332 -0.0170145 -0.0079227 -0.00491404 -0.0133812 -0.00765707 -0.0121561 -0.0106879 -0.00839528 -0.00077536 -0.000158469 -0.0189 -0.00274474 -0.00598231 -0.00300415 -0.0121184 -0.00311276 -0.00322164 -0.00391665 0.000692059 0.00135489 -0.00308246 -0.0105396 -0.00555339 -0.00343351 -0.0127517 -0.0127444 -0.017985 -0.0282535 -0.023126 -0.00138328 -0.00620283 -0.00575098 -0.0122671 -0.0112748 -0.023372 -0.00907059 -0.00561172 -0.000686977 -0.0224043 -0.0121564 -0.010577 -0.0179625 -0.0152067 -0.00565458 -0.00142411
internal_weight=238697 87072.8 151624 18585.9 68486.9 53627.5 4006.21 3181.42 14579.7 25365.3 13636.5 1005.35 37763.4 6959.92 28262.2 14859.4 27427.1 691.01 9676.47 2176.07 606.803 9575.73 2337.32 3704.68 2818.57 6340.6 6098.03 943.183 8543.69 3297.65 2238.41 780.41 15688.8 3255.24 12976.9 18883.4 16064.8 2818.63 719.439 1155.7 3043.14 582.951 1502.14 771.718 824.79 555.094 6676.56 7238.41 6991.53 1059.24 835.091 203.175 996.198 766.204 2046.94 281.603 232.142 313.723 886.107 740.866 7153.81 9835.02
internal_count=523831 167438 356393 30719 136719 104534 6350 4696 24369 50641 22632 1394 87165 11674 53893 32185 51950 817 17723 3302 728 17587 3959 5690 4355 17377 16422 1737 16313 5027 2801 1189 32918 5984 27913 35637 32543 3094 880 2182 5671 995 2585 1375 1654 1159 10958 13628 13138 2226 1943 514 1677 1312 3994 342 358 572 1335 1185 15503 23132
cat_boundaries=0 1 2 3
cat_threshold=12 12 12
is_linear=0
shrinkage=0.05


Tree=21
num_leaves=63
num_cat=5
split_feature=10 8 7 3 22 22 8 32 22 28 22 8 0 8 0 14 22 32 8 10 10 32 8 0 0 32 5 18 9 32 24 14 14 20 32 32 2 3 12 6 0 32 24 14 9 18 9 32 9 2 32 10 14 20 14 3 3 25 16 32 22 24
split_gain=1014.44 238.033 120.514 69.5984 94.4092 58.0464 56.5161 48.0099 54.518 50.2993 36.13 35.3192 33.5534 40.4994 32.6892 28.4266 27.0233 26.6531 25.9337 25.1803 24.6437 24.3903 20.0162 19.4048 18.6731 23.5415 18.3031 17.8071 17.5505 17.2205 25.0967 18.9516 16.686 20.4127 17.1456 16.3764 24.7126 21.5469 16.2896 15.759 15.6788 15.3396 14.1881 14.1023 13.4219 13.4192 13.3026 13.2706 29.7916 17.2971 13.1955 13.0749 19.7228 12.9889 12.9035 14.5565 15.3495 12.4125 12.135 12.0016 11.4204 11.9088
threshold=32.358750000000008 95.961500000000015 59.417500000000011 2.5000000000000004 17.266666491826381 21.833333492279056 226.77150000000003 82.195000000000007 12.633333245913191 20.933333237965908 20.73333366711935 69.835000000000022 0 161.00500000000002 1 92.35045238095239 13.733333309491476 72.690000000000012 129.59150000000002 68.904400000000024 26.25075 81.50500000000001 6.1925000000000017 2 3 70.850000000000009 1.0000000180025095e-35 7.5499999523162851 100.31500000000001 71.457500000000024 382.50000000000006 42.043419642857152 57.170551371635618 1.0000000180025095e-35 72.690000000000012 79.020000000000024 4.5000000000000009 7.5000000000000009 35.144000000000005 5.5000000000000009 4 77.217500000000015 414.50000000000006 26.934301190476194 14.871 3.1500000953674321 191.60500000000005 80.15000000000002 46.366000000000007 2.5000000000000004 72.690000000000012 85.032950000000014 64.808333333333351 173.50000000000003 40.529464285714297 10.500000000000002 11.500000000000002 15.150000095367433 38.268229166666679 70.877500000000012 21.966666698455814 701.50000000000011
decision_type=2 2 2 2 2 2 2 2 2 2 2 2 1 2 1 2 2 2 2 2 2 2 2 1 1 2 2 2 2 2 2 2 2 8 2 2 2 2 2 2 1 2 2 2 2 2 2 2 2 2 2 2 2 10 2 2 2 2 2 2 2 2
left_child=20 3 5 43 11 12 7 8 14 10 24 26 16 17 39 27 -3 51 -7 22 -1 57 -6 35 58 -26 40 59 53 30 -21 -31 33 47 60 42 37 -37 -20 -4 -5 -42 -13 -2 -29 -38 -28 -24 -49 -50 -44 -14 -53 -27 -19 -56 -57 -8 -10 -16 61 -35
right_child=1 2 6 4 19 18 21 -9 9 -11 -12 23 13 -15 15 -17 -18 54 38 29 -22 -23 32 -25 25 28 46 44 -30 31 -32 -33 -34 34 -36 36 45 -39 -40 -41 41 -43 50 -45 -46 -47 -48 48 49 -51 -52 52 -54 -55 55 56 -58 -59 -60 -61 -62 -63
leaf_value=0.74165440316750653 -0.13105592674822261 -0.52810146777886047 0.56707783433119341 0.3729264466731147 -0.18110329034084921 -0.73747061278846004 -4.2088607042200108 0.28261493240833957 -0.49646825771663289 0.18256348207793707 -1.0580967136671446 0.13779465795533172 -0.17560746264349592 -2.314780634763419 -1.0848414628798353 0.85415324721742969 -1.0668202428178142 -0.85165712478754829 -2.0686855837698981 -0.50881769940365196 0.078194434600611915 -0.63772124068444003 -0.10241298311171257 -0.23210667772822158 -1.1516920922454972 -1.0216420861387867 -0.10040711629297797 -1.2324882186455435 0.3101545868339628 -0.60237994717545651 -0.67819580469121987 -0.22385212171194269 -0.017897687808804009 -0.043174847964156986 0.055856615428275094 -1.2032183573166095 -0.32799726855026351 0.063501929473365235 -0.45246110404369877 -0.60505410761915224 -0.0096893435349223022 0.37640011018866026 -0.69517954872004428 0.70267866857809624 -0.88809713044432792 -1.0505931401122184 -0.94040226521494896 -0.064846038519596402 -0.11400598293396912 -0.28485533583591227 0.20471840555044629 -0.87330259973596469 -0.8516589441482737 -0.15848464209115962 -0.16559797264151543 -1.251469077525406 -0.11967039784937228 -5.3522091931958986 -0.91469688576702879 -0.53042046493590722 -0.14009225967893998 -0.33547044752793626
leaf_weight=106661.22988988459 570.2750548273325 3064.1912885755301 5258.2967425733805 11631.171816393733 63.768041059374809 715.36143983900547 209.29149912297726 3988.7380722165108 5063.5540882647038 2072.8912197351456 3145.0174429565668 8431.5914834588766 278.36737334728241 281.78967361152172 105.15338113903999 468.13378620147705 2825.8799716383219 289.10651415586472 554.33452363312244 1356.256871432066 14200.139596000314 253.34729158878326 2432.1552905738354 3746.4441577196121 469.14706227183342 663.22061350941658 1217.7182893753052 211.18875557184219 412.49604117870331 526.83587354421616 267.09233708679676 2776.5162706822157 5138.261588037014 2097.3708305954933 1983.263717353344 135.34792041778564 88.884766161441803 714.6038726568222 60.521390154957771 2695.9406367391348 16105.369600698352 5102.3101768493652 680.32962183654308 10657.895539030433 141.58846034109592 137.70103538036346 66.782630413770676 549.20166265964508 135.82931250333786 217.02387845516205 404.27938368916512 566.00999335944653 401.02112607657909 292.52824532985687 982.88513344526291 64.560236632823944 73.923396527767181 416.47011095285416 2990.157074213028 403.53880572319031 1029.7906010299921 74.089083850383759
leaf_count=255288 1917 6005 8707 24060 84 1393 431 5948 8204 3462 5300 16892 599 490 207 729 5368 499 1050 3708 32177 300 6403 6304 829 932 3117 416 583 786 731 4060 10201 6872 2640 154 94 1042 106 4758 39099 6356 1612 27270 269 207 229 705 212 366 495 1221 606 355 1194 117 130 758 5473 492 3570 255
internal_value=0.00144501 -0.00185778 -0.0050268 -0.000263137 -0.000872748 -0.00971881 -0.00339768 -0.00301061 -0.00384217 -0.00569499 -0.00684531 0.000290566 -0.00824984 -0.0126225 -0.000826511 -0.00804871 -0.00603554 -0.010745 -0.0194538 -0.00389591 0.00466295 -0.0158764 -0.00279458 -0.00179162 -0.00536006 -0.00991069 0.00116556 -0.0134935 -0.00664183 -0.00696192 -0.0111782 -0.00488718 -0.00266287 -0.00402008 -0.00205663 -0.000694172 -0.00653694 -0.00261544 -0.026985 0.000391212 0.00139463 0.000584328 -3.33094e-05 0.00338021 -0.022114 -0.0211709 -0.00468728 -0.00707161 -0.0122497 -0.0235655 -0.00541351 -0.0160738 -0.0188217 -0.0103589 -0.00603176 -0.00359647 -0.0187123 -0.0211687 -0.00430312 -0.00748358 -0.00431932 -0.00226082
internal_weight=238618 117757 39418.7 78338.2 67110 10158 29260.7 28381.6 24392.9 15109 13036.1 48462.5 8827.73 2937.66 9283.84 1329.6 5890.07 2655.87 1330.22 18647.5 120861 879.109 13720.8 14339.2 9891.1 1837.39 34123.4 861.469 1368.24 4926.7 1623.35 3303.35 13657 8518.72 5184.51 10592.7 1076.54 849.952 614.856 7954.24 32838.9 21207.7 9516.2 11228.2 352.777 226.586 1284.5 3334.21 902.055 352.853 1084.61 1245.4 967.031 955.749 1410.48 1121.37 138.484 625.762 8053.71 508.692 3201.25 2171.46
internal_count=523837 236372 66931 169441 140254 18778 48153 46664 40716 25138 21676 99661 16229 4856 15578 2113 11373 4366 2549 40593 287465 1489 31308 26800 16376 2699 72861 1384 1870 9285 4439 4846 31224 21023 13337 20496 1497 1196 1156 13465 69515 45455 18999 29187 685 301 3346 7686 1283 578 2107 2426 1827 1287 1940 1441 247 1189 13677 699 10697 7127
cat_boundaries=0 1 2 3 4 5
cat_threshold=12 12 12 12 4
is_linear=0
shrinkage=0.05


Tree=22
num_leaves=63
num_cat=3
split_feature=8 8 8 3 19 0 22 3 8 19 21 32 0 14 8 7 32 32 3 8 9 20 24 24 32 17 1 12 19 22 7 2 29 25 16 24 3 21 14 9 2 2 32 3 1 32 22 0 9 9 1 17 16 2 22 3 2 21 21 21 27 32
split_gain=888.146 165.577 128.725 96.4073 93.38 83.1523 73.657 65.4036 60.1381 48.33 47.6465 37.5093 34.7321 31.5663 30.2816 27.8732 25.4499 25.2454 27.5678 22.202 21.3542 21.1248 20.9482 19.8309 20.6988 19.6864 19.1762 18.8541 16.6514 16.6385 16.5951 16.5582 16.477 15.6772 15.5245 15.0658 25.0432 14.951 14.4568 15.5799 21.4371 12.4528 12.3981 39.361 15.1775 11.9311 11.9037 12.8657 19.4423 11.954 11.6833 11.658 11.4552 11.452 14.6932 11.2383 11.1672 11.0659 11.0589 10.8549 10.2823 10.1479
threshold=48.395000000000003 137.91600000000003 23.982500000000005 2.5000000000000004 13.050000190734865 0 18.833333412806194 6.5000000000000009 91.231500000000025 17.250000000000004 9.5499997586011904 76.780000000000015 1 35.18220238095239 87.802500000000023 82.565000000000012 78.265000000000015 71.782500000000013 9.5000000000000018 95.961500000000015 17.076000000000004 49.500000000000007 709.50000000000011 1.0000000180025095e-35 70.850000000000009 1.0500000119209292 4.5000000000000009 34.130000000000003 26.150000572204593 22.466666618982952 88.423500000000018 4.5000000000000009 11.150000095367433 27.050000190734867 9.117500000000005 411.50000000000006 5.5000000000000009 12.650000154972078 76.676773809523823 105.56100000000002 3.5000000000000004 4.5000000000000009 78.552500000000023 7.5000000000000009 5.5000000000000009 76.310000000000016 17.866666515668239 2 60.337500000000013 80.598500000000016 17.500000000000004 2.8500000238418584 93.557791666666688 1.0000000180025095e-35 18.499999761581424 10.500000000000002 4.5000000000000009 17.950000524520878 20.250000238418583 12.949999928474428 7.0000000000000009 64.632500000000007
decision_type=2 2 2 2 2 1 2 2 2 2 2 2 1 2 2 2 2 2 2 2 2 10 2 2 2 2 2 2 2 2 2 2 2 2 2 2 2 2 2 2 2 2 2 2 2 2 2 1 2 2 2 2 2 2 2 2 2 2 2 2 2 2
left_child=2 3 -1 11 12 6 38 -8 30 37 17 13 35 20 45 22 21 -7 53 -15 -2 -12 26 24 -16 -18 -10 61 41 -11 32 -26 46 34 -21 42 58 -4 39 -3 -41 -17 -5 -44 -45 55 47 -6 -49 -48 -43 -31 -40 54 -19 -14 -47 -50 -37 -28 -35 -9
right_child=1 5 9 4 8 10 7 27 15 29 16 -13 14 19 23 28 25 18 -20 33 -22 -23 -24 -25 31 -27 59 -29 -30 51 -32 -33 -34 60 -36 36 -38 -39 52 40 -42 50 43 44 -46 56 49 48 57 -51 -52 -53 -54 -55 -56 -57 -58 -59 -60 -61 -62 -63
leaf_value=0.73125172336862831 -0.44019274287878507 -0.3912744345493504 0.26807387286924306 0.2594162095897975 -0.15737812358632974 -1.5804815749490757 -0.33575594128110425 -7.6767652161632371 -1.0948133970182234 -0.01067897842054606 -2.5327027821250585 0.7772041355280479 -0.11306379256127991 0.40019354006968799 -0.66642356238222755 -0.49022758679284983 -0.18765146038177749 -0.13546882720066336 -1.3618071422636775 0.13177594086482927 0.28588308262957263 -1.1945829161360841 -0.96619545334971524 -0.40026712389985947 -0.43171946065883376 -1.561191416278318 -0.67623366178430189 -1.6008190091567203 -1.0948629376728534 0.025831799932325341 0.034460862543660653 -0.3822304402037574 -0.075242936107435557 -1.426513268978977 -0.43714487609945396 -0.69224129939477275 0.1848271236561484 0.029436192836264221 -0.35528719411655701 -1.501867144787056 -3.2777197747000937 -1.0504794978516951 -1.1456544411197935 -0.620861575947248 0.38143111569229515 0.30783055165736961 -0.21582227032084483 -0.10074779808781571 -0.47938817261860117 -0.4644610172546344 -0.64587157884382762 -0.085355959392836134 -4.6655213941436768 0.035728866405855091 -1.4206223387865564 -0.12248586170960962 -0.17219810954371548 -0.58123818859253118 -1.1873279616260632 -0.79987355353340073 -0.67373989069979534 -2.0923472299679591
leaf_weight=105793.53238004446 276.71916036307812 1054.739543363452 24217.186040371656 17551.615140587091 3291.939737200737 298.24450005590916 1167.6491149812937 101.77603286504745 643.04042656719685 7627.1652610599995 533.78797437250614 9413.0911839008331 3937.4093120098114 3055.1211066395044 240.26299744844437 3781.4253714680672 240.79634875059128 87.621468722820282 72.980780899524689 1967.6917230188847 136.01411017775536 271.24114722013474 61.352133482694626 2366.9236723333597 701.09126764535904 254.86932766437531 2000.7053364217281 570.36736334860325 689.29034303128719 460.60219404101372 2934.9495197981596 92.58873462677002 6406.6812026500702 81.237724423408508 1476.1547925174236 741.69937834143639 1071.2071301788092 9887.7016128450632 4983.9536939561367 937.75104588270187 117.59380221366882 390.55715370178223 344.2131615281105 464.54647743701935 1982.3892452716827 2223.1717222332954 2216.3064557760954 1249.6618141829967 290.93116736412048 781.12908601760864 454.25048421323299 1724.5967904478312 109.75915303826332 720.33811402320862 62.861939191818237 241.57878530025482 118.89356017112732 107.4438963085413 87.742773652076721 2211.589783385396 178.93936727941036 862.36928744614124
leaf_count=250762 910 2312 55502 34870 7444 521 2095 362 1024 17603 984 16416 10318 10773 533 6598 403 143 124 3260 747 443 79 3539 959 271 3898 890 1231 1204 5402 107 13563 133 3210 1628 1636 22833 6942 1908 192 551 393 530 2550 2883 5167 2495 468 1495 789 4171 326 1085 99 585 166 147 145 4060 342 1346
internal_value=0.00147505 -0.00248935 0.00382413 -0.00161654 -0.00255372 -0.00783567 -0.00574421 -0.0127882 -0.00469229 0.00154853 -0.015893 0.00175561 -0.000724503 -0.000968489 -0.00318264 -0.00773001 -0.0226422 -0.00894052 -0.00492226 -0.000147832 -0.0143752 -0.0281327 -0.0104435 -0.00701008 -0.0127844 -0.013686 -0.0100713 -0.0195706 -0.00521859 -0.00154365 -0.00289309 -0.00887172 -0.00359396 -0.00275004 -0.00185378 0.000373334 -0.00388247 0.00243821 -0.00310855 -0.00658772 -0.0108801 -0.00413658 0.000771315 -0.00232348 -9.36426e-05 -0.00119067 -0.00511634 -0.00360683 -0.0071991 -0.00760206 -0.00962178 -0.00538918 -0.00166628 -0.00242996 -0.0149263 -0.00279151 0.00166572 -0.0168481 -0.0103993 -0.00883965 -0.0145609 -0.0238367
internal_weight=238421 88710.3 149711 76261.6 59676.6 12448.7 9905.96 2702.16 27511.3 43917.3 2542.74 16585 32165.3 7171.88 9921.92 10232.2 1300.69 1242.05 943.802 6759.14 412.733 805.029 4916.69 3400.87 1033.94 495.666 4855.34 1534.51 5315.52 9812.36 17279 793.68 14344.1 3704.02 3443.85 22243.4 1900.65 34104.9 7203.8 2110.08 1055.34 4626.23 20342.8 2791.15 2446.94 6521.05 7937.41 4939.98 1648.04 2997.44 844.808 2185.2 5093.71 870.822 150.483 4178.99 2342.07 398.375 829.442 4212.3 260.177 964.145
internal_count=523565 171490 352075 151044 115253 20446 16373 4693 54411 101313 4073 35791 60842 19375 19090 18230 2101 1972 1451 17718 1657 1427 9061 5138 1599 674 8982 2598 9169 22978 36181 1066 30779 6945 6470 41752 3409 78335 11680 4412 2100 7938 38343 3473 3080 13952 17216 10554 3110 6662 1340 5375 7268 1327 242 10903 3049 615 1773 7958 475 1708
cat_boundaries=0 1 2 3
cat_threshold=12 12 12
is_linear=0
shrinkage=0.05


Tree=23
num_leaves=63
num_cat=4
split_feature=10 8 14 21 22 3 0 22 10 31 3 5 0 31 5 7 10 10 5 1 8 1 19 10 31 14 3 22 10 8 22 31 0 2 2 3 1 2 1 3 3 1 31 21 20 20 2 31 31 2 0 10 3 17 29 8 18 8 31 8 17 14
split_gain=926.888 206.087 110.048 97.2846 73.2545 93.5949 54.6038 46.7825 36.9364 36.3094 45.0853 32.1969 30.4084 30.1499 29.6319 29.5221 30.6332 27.8391 26.0041 28.5722 25.3825 32.148 23.7105 23.286 23.0915 30.0638 22.9268 28.3093 22.3495 21.2561 20.2776 18.7402 18.1711 17.4083 19.6317 16.8648 24.1843 16.0708 16.9932 18.07 16.0086 15.9689 15.3955 14.7608 14.5731 14.12 18.1438 23.8561 14.0828 17.5372 14.7549 13.9402 16.504 13.8704 13.7511 13.3124 17.609 12.9977 12.8368 12.7544 12.7266 16.8816
threshold=32.358750000000008 110.90250000000002 39.912717261904767 10.900000154972078 19.800000230471294 6.5000000000000009 0 13.866666555404665 25.456550000000004 32.69850000000001 2.5000000000000004 1.0000000180025095e-35 1 29.381500000000003 1.0000000180025095e-35 51.88150000000001 74.011250000000004 61.260925 1.0000000180025095e-35 9.5000000000000018 194.36250000000004 6.5000000000000009 11.550000190734865 200.53172500000002 27.685500000000005 42.96913988095239 2.5000000000000004 17.16666674613953 133.42172500000001 69.835000000000022 21.000000079472866 50.008000000000003 2 3.5000000000000004 1.5000000000000002 5.5000000000000009 5.5000000000000009 4.5000000000000009 14.500000000000002 5.5000000000000009 11.500000000000002 6.5000000000000009 45.876500000000007 19.200000047683719 536.50000000000011 351.50000000000006 5.5000000000000009 47.502000000000002 32.69850000000001 1.0000000180025095e-35 3 68.043650000000014 2.5000000000000004 6.0499999523162851 13.34999990463257 177.56600000000003 24.550000190734867 177.56600000000003 36.924000000000007 60.507500000000007 1.9499999880790713 61.635000000000005
decision_type=2 2 2 2 2 2 1 2 2 2 2 2 1 2 2 2 2 2 2 2 2 2 2 2 2 2 2 2 2 2 2 2 1 2 2 2 2 2 2 2 2 2 2 2 10 10 2 2 2 2 1 2 2 2 2 2 2 2 2 2 2 2
left_child=8 3 57 14 6 23 22 12 -1 10 28 15 53 -12 26 16 24 -14 55 -20 21 -7 -4 31 25 -9 -2 29 -8 -28 -10 48 -24 34 40 44 -37 -31 39 58 -23 -29 -41 -19 -26 46 -16 -48 50 -50 -6 -17 -53 -5 -18 -11 -57 -3 -39 -47 61 -36
right_child=1 2 4 7 5 20 9 11 30 18 13 -13 17 -15 45 51 54 43 19 -21 -22 33 32 -25 35 -27 27 41 -30 37 -32 -33 -34 -35 60 36 -38 38 -40 42 -42 -43 -44 -45 -46 59 47 -49 49 -51 -52 52 -54 -55 -56 56 -58 -59 -60 -61 -62 -63
leaf_value=0.68238411591418613 0.79405519386749968 -1.2068038524123468 0.037007117302572827 0.62653046136929869 -0.088810295563590103 -1.5040457196553825 -0.086607355876301639 -0.31696230649576695 0.10387484485605719 -0.32564684649820919 -0.22042020366642634 -0.41493456632677983 -0.027442665497412658 -1.405652981486236 -0.075919423662776708 0.013467622020076321 -0.63687341599261493 -0.29640204836324779 -1.1015630769302605 -0.15305224177988991 -3.9211255709973658 -1.2932420026041891 -0.70897595381615519 -4.2495848192258565 -0.093547510279845272 -0.1430521045458896 0.32753216608065938 -0.1529991548113106 -1.623487354303196 0.076345993032964188 -0.029151163055884766 -1.4242372135894741 -0.95283640835980499 -0.98416442520666081 0.37996137340279579 -0.11556501047818984 0.0092171824699097023 -0.79660932261302586 0.014853379935637179 -0.54975601957897668 0.67344753639393462 -0.03288011589767912 -0.86329480052582108 -0.54558266324888649 -0.15934239328325328 -0.27466721326064131 1.2473179127417691 -0.89694907078102448 -0.80460775489347336 0.24139133069184809 -1.036692618055453 0.087376022666290964 -0.43628212715580689 -0.021839281793027611 -0.31879589171470712 -3.1214113423012848 -0.65408708303118324 -2.9078298385286185 0.18175882599671775 -0.91048592848919663 0.041952845075686446 -0.63211351309126229
leaf_weight=104634.25237879157 9588.0512972325087 1197.822495341301 6690.0401167571545 4758.7344792932272 290.17120538651943 261.88272058963776 421.35943149030209 491.59244877099991 14003.080457672477 2089.4459779858589 101.61066597700119 728.68127593398094 3762.0778584331274 326.86428602039814 894.0796971321106 5381.2820763289928 1499.4327089488506 1507.1764346957207 90.382283687591553 79.071754276752472 496.78303375840187 538.90419711172581 7380.7971357405186 133.34616427123547 3255.8792776167393 621.99551938474178 17420.807509556413 2149.1230479180813 346.63933092355728 9046.5474087446928 2089.1731836795807 268.59400153160095 1993.696156591177 543.8636286854744 66.934238463640213 1273.6376421153545 4608.9359016567469 87.11310987174511 855.21322424709797 192.08841173350811 86.714242219924927 5793.5767498165369 254.44408056139946 239.17116735875607 397.00792935490608 80.111722350120544 89.668072298169136 137.24218910932541 437.88421046733856 1853.4573175758123 242.22212655842304 1875.0851519554853 4355.0792610049248 8225.3798879683018 940.76731146872044 81.027191013097763 92.541235208511353 119.65712313354015 309.71845650672913 72.958948194980621 561.46011936664581 98.929342150688171
leaf_count=250764 20626 2853 10780 11710 566 361 694 1996 31724 2727 258 1694 8342 619 2075 12017 2770 2735 119 104 878 885 12198 245 7207 2403 37115 4591 539 16772 4638 518 3474 906 120 2226 9351 206 1633 460 213 13430 295 371 882 221 409 188 752 2993 402 3562 7514 16296 1687 96 148 301 415 294 888 182
internal_value=0.00147323 -0.00168239 -0.00552737 -0.000544745 -0.00480092 -0.00969736 -0.00333826 -0.00223633 0.00455195 -0.00886929 -0.0160221 -0.00362785 -0.000322744 -0.0290002 0.00103706 -0.00332191 -0.00494992 -0.00343166 -0.00538231 -0.0242175 -0.0166476 -0.0142902 -0.00208152 -0.00397232 -0.00379137 -0.0106017 0.00124681 0.000669651 -0.00875312 0.0014131 0.00232163 -0.00308591 -0.00370541 -0.0120108 -0.00896245 -0.00299501 -0.0013376 -0.000335845 -0.00479687 -0.00982851 -0.0154497 -0.00196656 -0.0167165 -0.00865309 -0.00566298 -0.00648113 -0.00452586 -0.0171196 -0.0018827 -0.000179262 -0.00919994 -0.00148644 -0.00309635 0.000998228 -0.0100022 -0.00396185 -0.017228 -0.0196146 -0.00205525 -0.0206779 -0.00336878 -0.0154927
internal_weight=238511 117785 26892.1 90892.7 25574.6 5881.15 19693.5 43921.9 120727 3628.94 1196.47 25429.4 18492.5 428.475 46970.7 24700.7 13089.2 5508.43 2432.47 169.454 2655.47 2158.69 16064.5 3225.68 10649 1113.59 45696.7 36108.6 767.999 28165.9 16092.3 3092.33 9374.49 1896.81 1352.94 9535.46 5882.57 10745.1 1698.58 843.364 625.618 7942.7 446.532 1746.35 3652.89 1274.06 1120.99 226.91 2823.73 2291.34 532.393 11611.4 6230.16 12984.1 2440.2 2263.01 173.568 1317.48 396.832 153.071 727.324 165.864
internal_count=523438 236312 44819 191493 41665 9909 31756 92763 287126 5304 2110 53309 39454 877 98730 51615 28522 11448 3194 223 4433 3555 26452 5476 24065 4399 95543 74917 1233 56896 36362 5231 15672 3194 2288 19666 11577 19781 3009 1376 1098 18021 755 3106 8089 3187 2672 597 4713 3745 968 23093 11076 28006 4457 2971 244 3154 621 515 1190 302
cat_boundaries=0 1 2 3 4
cat_threshold=12 12 8 12
is_linear=0
shrinkage=0.05


Tree=24
num_leaves=63
num_cat=4
split_feature=10 8 21 11 22 0 21 22 8 0 12 0 10 17 2 1 8 10 8 8 5 31 31 19 22 12 5 31 14 1 31 10 1 24 8 1 1 5 17 8 8 7 0 17 2 10 22 17 2 22 17 21 22 31 22 31 1 6 21 10 21 19
split_gain=874.129 197.177 91.6532 83.6776 58.6383 55.8026 39.3662 37.4063 36.4386 35.638 27.6607 24.3164 26.2047 24.1104 31.8781 35.6548 23.7713 23.4911 22.9082 21.0712 25.2689 19.3043 22.6108 19.1713 19.0107 17.6638 17.547 15.9508 31.916 15.8603 15.2207 14.6583 14.5767 14.2149 14.1214 13.845 13.6289 19.0392 17.6252 13.1108 13.0219 12.9244 12.3901 11.8946 11.8882 11.5807 11.3868 11.1374 11.0625 11.0427 11.0413 10.8727 10.4437 11.2776 10.2382 10.2308 14.3667 9.91428 9.90141 11.0781 12.4935 9.86476
threshold=28.900250000000003 103.18150000000001 11.550000309944155 61.428437500000008 19.800000230471294 0 9.4999998211860675 13.866666555404665 194.36250000000004 1 27.927500000000006 2 61.260925 5.5499999523162851 4.5000000000000009 14.500000000000002 137.91600000000003 74.011250000000004 161.00500000000002 56.043500000000002 1.0000000180025095e-35 75.473500000000016 59.45900000000001 12.050000190734865 12.099999785423281 34.492500000000007 1.0000000180025095e-35 27.685500000000005 43.501250000000006 6.5000000000000009 50.479000000000006 24.707000000000004 17.500000000000004 314.50000000000006 194.36250000000004 4.5000000000000009 4.5000000000000009 1.0000000180025095e-35 16.050000190734867 99.450500000000019 177.56600000000003 0.46100000000000008 3 3.7500000000000004 2.5000000000000004 200.53172500000002 18.766666332880657 2.0499999523162846 4.5000000000000009 16.06666664282481 5.0499999523162851 16.399999737739567 20.400000413258876 77.191000000000017 14.866666505734127 50.141000000000012 6.5000000000000009 5.5000000000000009 9.3249998986721057 95.503500000000017 15.250000119209291 11.550000190734865
decision_type=2 2 2 2 2 1 2 2 2 1 2 1 2 2 2 2 2 2 2 2 2 2 2 2 2 2 2 2 2 2 2 2 2 2 2 2 2 2 2 2 2 2 1 2 2 2 2 2 2 2 2 2 2 2 2 2 2 2 2 2 2 2
left_child=31 2 13 4 5 48 40 11 25 23 17 -4 44 42 19 24 -11 27 21 -15 41 22 58 -8 -16 35 32 28 49 30 -25 -1 55 -22 43 -6 38 -38 -29 -26 57 -21 -2 -31 47 -18 -42 -13 61 -9 -12 -49 -33 -54 -43 -19 -57 -5 -7 -60 -61 -3
right_child=1 3 7 6 8 18 9 10 -10 16 50 12 -14 14 15 -17 45 26 -20 20 33 -23 -24 29 39 -27 -28 36 -30 34 -32 52 -34 -35 -36 -37 37 -39 -40 -41 46 54 -44 -45 -46 -47 -48 51 -50 -51 -52 -53 53 -55 -56 56 -58 -59 59 60 -62 -63
leaf_value=0.66742144848857521 0.78303374052501307 -0.13856915300908385 0.11918723779409178 0.15858580879554296 -1.1450557591777071 -0.60757803303244062 -0.12889096462467792 -0.085873107261034323 -4.6611163976440677 -0.5572773530274262 0.095997746103559406 0.082434131803842459 -0.35943063024408844 0.24589544534344621 -0.12282536165000818 0.065267009840598078 -1.0448683930555647 -0.44788904878270303 -1.7835826881303996 -0.5184552524771846 -0.39364378020530283 -1.3036687550188988 -0.12535579921619408 -0.64642827605756636 -0.20518871087127658 0.084455156327493341 -1.1512422909763622 -0.082504924962167436 -0.10048215457102075 0.12287885078675204 -1.7847764569167197 0.12239565621043713 -0.15739059557354979 -0.89662529238510302 -2.2009793121576524 -0.89612939259742463 -0.038204903774597912 -0.20539725629925309 -0.32893716173502097 -0.58525517235337077 -0.55132756812558348 0.23406776372879179 0.096413341964622756 -0.72458639460048746 0.046501359911603583 -4.801018377456554 -1.7357925980690503 -0.067055644878004014 -1.5731128128733063 -0.30594616019890286 -0.10632538889758295 -0.10449528272549245 0.0088649047779005841 -0.18568690836790475 -0.14627135499352378 -0.96106571187640455 -0.59913433163249152 -0.43504621159852519 -0.26579735735353865 -0.85286896113923949 -1.1786675298594276 -0.91483935732854116
leaf_weight=102918.94302067161 11365.274941548705 2295.088220462203 11657.459184169769 6315.8871859610081 104.84682559967041 653.83356583118439 3230.2363935410976 78.8211590051651 288.70879372954369 1253.7604671269655 3577.2720336019993 527.40184846520424 1372.4498549997807 12986.501475259662 1476.9637735486031 3236.4942774325609 669.8439205288887 1567.9636591374874 268.75885179638863 228.41591544449329 121.89648482203484 65.690350353717804 494.82382881641388 611.52527546882629 1627.4087057411671 195.85484528541565 81.993148028850555 1885.612998470664 632.44223400950432 1235.4426174163818 520.18792805075645 8269.2061644643545 823.14544993638992 62.542523816227913 627.41724470257759 1520.302661344409 9500.0061852484941 368.62516057491302 119.38077905774117 60.839868932962418 808.98100665211678 7621.8584116399288 9256.472123041749 3551.8234432190657 2088.7953887879848 72.843923807144165 310.74296006560326 913.5440468788147 517.60216417908669 402.52287012338638 4447.6122950464487 570.24452488124371 1382.3257587999105 99.903548836708069 4267.3346284776926 133.34930819272995 361.4163678586483 3091.5700638145208 349.03192636370659 347.81863702833652 175.84593719244003 2957.8168052136898
leaf_count=246780 27821 4451 25438 9719 154 1133 5184 316 590 1908 8818 1663 2424 25507 2789 6272 1014 3133 490 601 347 68 517 968 3081 327 162 3649 2102 2474 693 18951 1550 242 1071 3005 19870 811 226 79 1202 13414 24260 5932 4321 113 499 1844 1098 1636 7976 1058 3155 103 7852 151 434 4932 768 586 319 5804
internal_value=0.00151355 -0.00134856 -0.000181085 -0.00470066 -0.00844316 -0.00651348 -0.00298252 -0.00194769 -0.0158694 -0.00496889 -0.00322238 -0.000163162 -0.00290925 0.00120724 0.000341303 -0.00281029 -0.0110463 -0.00442665 -0.0129843 0.0011392 -0.000343699 -0.0112597 -0.0103804 -0.00371175 -0.00658268 -0.0132392 -0.00843963 -0.00350903 -0.00922813 -0.00527067 -0.0106523 0.0047132 -0.00778461 -0.0186612 -0.00414411 -0.0149478 -0.00297183 -0.00220784 -0.0067292 -0.0102056 -0.000760798 -6.33765e-05 0.00253787 -0.00321826 -0.00091196 -0.0181867 -0.00585549 -0.00365492 -0.00384084 -0.0189158 -0.000827778 -0.00587218 0.00285994 -0.00100439 0.000163431 -0.0100286 -0.0162973 -0.000153844 -0.0133895 -0.0168772 -0.0214775 -0.00315896
internal_weight=238629 125958 93422.1 32536.3 10236 8126.31 22300.3 41110.1 2109.71 11773.1 23980.2 17129.9 5472.44 52312 31690.3 6401.71 1996.45 15955.3 2355.8 25288.5 12302 2087.04 2021.35 9776.63 3165.21 1821 2967.87 12987.4 1113.79 6546.4 1131.71 112670 2885.87 184.439 5414.68 1625.15 11873.6 9868.63 2004.99 1688.25 10527.2 12117.6 20621.7 4787.27 4099.99 742.688 1119.72 2011.19 5770.51 481.344 8024.88 1483.79 9751.44 1482.23 11889.2 2062.73 494.766 9407.46 1526.53 872.697 523.665 5252.91
internal_count=523855 254866 199847 55019 19310 15234 35709 87582 4076 19357 50834 36748 11310 112265 60184 12221 3035 34040 3881 47963 22456 3391 3323 16322 5949 3486 5430 28610 4054 11138 1661 268989 5268 589 9477 3159 24556 20681 3875 3160 16352 21867 52081 8406 8886 1127 1701 4565 11353 1952 16794 2902 22209 3258 21266 3718 585 14651 2806 1673 905 10255
cat_boundaries=0 1 2 3 4
cat_threshold=12 12 12 12
is_linear=0
shrinkage=0.05


Tree=25
num_leaves=63
num_cat=5
split_feature=10 10 7 10 3 0 22 22 22 10 12 22 3 0 0 26 10 32 5 25 32 0 24 14 9 17 32 24 3 20 10 5 32 9 0 14 10 22 22 3 10 1 2 1 24 2 3 9 2 26 22 26 9 26 32 1 14 9 5 6 17 32
split_gain=834.945 157.734 111.698 56.9039 55.8425 64.9333 51.4366 43.3473 41.1089 37.4249 33.0151 30.5709 32.4906 27.8393 23.5925 21.6027 24.7024 21.5923 18.6699 18.0962 17.8878 19.4974 17.1438 27.4451 25.2782 16.9632 16.8611 17.7969 16.559 21.1905 16.4821 16.0819 15.904 15.7005 15.5198 15.3816 14.6113 14.3952 14.0788 13.3697 16.0232 14.8126 13.197 17.1777 18.6934 17.423 13.1919 13.0699 13.7327 18.5412 14.3892 12.6657 12.4718 12.2036 12.1817 12.148 12.1341 11.0517 11.1172 11.0329 10.7656 10.7648
threshold=28.517475000000001 68.904400000000024 50.505000000000003 133.42172500000001 2.5000000000000004 0 17.866666515668239 14.366666714350385 14.133332928021749 133.42172500000001 31.082500000000007 18.833333412806194 6.5000000000000009 1 2 0.55000001192092907 93.04887500000001 76.780000000000015 1.0000000180025095e-35 27.44999980926514 76.780000000000015 3 1.0000000180025095e-35 43.501250000000006 129.21750000000003 16.050000190734867 72.690000000000012 615.50000000000011 5.5000000000000009 426.50000000000006 23.566225000000003 1.0000000180025095e-35 70.935000000000016 129.21750000000003 4 42.96913988095239 107.03362500000001 17.333333412806194 18.400000413258876 6.5000000000000009 86.247850000000014 4.5000000000000009 4.5000000000000009 14.500000000000002 16.500000000000004 5.5000000000000009 5.5000000000000009 34.964000000000006 1.5000000000000002 7.1499998569488534 21.233333190282192 12.949999809265138 101.53850000000001 -2.0499999523162837 77.637500000000017 8.5000000000000018 61.635000000000005 -6.5909999999999984 1.0000000180025095e-35 4.5000000000000009 4.8500001430511483 70.697500000000005
decision_type=2 2 2 2 2 1 2 2 2 2 2 2 2 1 1 2 2 2 2 2 2 1 2 2 2 2 2 2 2 10 2 2 2 2 1 2 2 2 2 2 2 2 2 2 2 2 2 2 2 2 2 2 2 2 2 2 2 2 2 2 2 2
left_child=30 7 8 4 17 6 31 57 13 26 22 14 20 25 -5 16 -7 19 -17 52 21 -13 23 24 47 -3 27 -10 29 -24 -1 42 -16 -27 -21 -28 54 -11 -32 -37 -41 -42 59 44 -44 46 -46 -9 -49 50 -50 -33 -4 -43 -15 -20 -18 -2 -59 -6 -12 -61
right_child=1 2 3 11 5 15 -8 10 9 37 60 12 -14 36 32 18 56 -19 55 34 -22 -23 28 -25 -26 33 35 -29 -30 -31 38 51 -34 -35 -36 39 -38 -39 -40 40 41 53 43 -45 45 -47 -48 48 49 -51 -52 -53 -54 -55 -56 -57 -58 58 -60 61 -62 -63
leaf_value=0.65749384951960954 -0.061843905603772953 -0.025964399729234346 -0.27474512068185603 -0.63787344179472427 0.57831856380305524 -0.36213027893486399 -0.54448842635619887 -0.044200074004526614 -0.53541330799756615 -2.2365743241162428 0.53566042609296216 -0.71174971969989265 -1.8216698981425639 -0.40762442967642232 -1.6254301004294256 -0.43839992374006159 -0.71156805888837482 0.70767580794740792 -0.98104445789674988 -0.18132330176076508 0.019163694096030782 -1.7884276828933012 -0.048144021984447609 -0.038560180643026243 -0.36529254115365861 -0.63501787698692036 -0.51596794118869271 -0.67914661306278035 0.019472015191883685 -0.16177497540701521 0.1593633558523079 -1.204359899412333 -0.93722201102059233 -2.330083439268674 -1.6434408722590086 0.10453507073583951 -1.2489048588459597 -2.27623680191375 -0.0051300742294285943 -0.074456190009766485 -1.0070904664782325 -0.8384238313113862 -0.52616004530480753 0.077435524857850879 0.63314519943266356 -1.7774155316918681 -1.1895032394793466 -0.065749336486389962 -0.16847141838490584 -0.084306589946513466 -0.21254635251463513 0.0073911015123833586 0.33524716575637969 -0.46600112106010383 0.0044934214829066123 -0.49324822537729673 -0.94281564529570971 0.12684755167051415 -0.089905632940568483 -0.49240974348530675 -0.0010825519537576156 0.26873497717177414
leaf_weight=100123.0305712074 47.032221511006355 3746.0596122741699 2231.5366657972336 5440.9578372985125 7437.9266791492701 481.24850752949715 4824.360500395298 2015.5060262084007 2800.4087582528591 335.95087261497974 4262.2296712100506 640.03180441260338 1093.9687686115503 1380.4370138198137 217.08771485090256 2763.2707709670067 112.63465194404125 7103.4501764476299 58.748974233865738 142.40164345502853 704.8125011920929 263.95550790429115 3786.1015667319298 4946.7762221693993 141.28976595401764 1142.7413499504328 899.21140065789223 109.33142447471619 7723.590536236763 963.72209525108337 9022.7264366298914 314.727842643857 412.52347975969315 202.55878177285194 102.22598092257977 799.94354972243309 420.13365057110786 640.29372365772724 2575.4716909378767 1161.3777478933334 242.80295217037201 76.04533863067627 862.03457292914391 1712.4296693950891 86.188743203878403 102.36871123313904 70.000363886356354 644.63317508995533 457.44320994615555 602.71025931835175 229.13588240742683 248.41284209489822 2134.4416809082031 1313.9332486987114 477.20463582873344 125.51779855787754 217.85656566917896 33174.072598949075 1237.9387166500092 2605.9247237890959 4579.3367262333632 3986.2814889848232
leaf_count=240554 79 7781 5248 8431 12637 1091 8630 4761 7383 529 12345 1102 1718 2444 343 3769 248 12003 94 272 1135 408 10947 10596 264 2076 1347 253 15486 2666 20716 571 621 286 172 1181 679 1210 5797 1686 277 137 1330 2935 137 161 108 1610 1381 1098 697 397 3715 1790 639 253 384 73979 3085 6330 8637 5427
internal_value=0.00152602 -0.00124647 -0.00304409 -0.00181136 -0.000967759 -0.00225874 -0.0012289 0.000480017 -0.0066834 -0.00907902 -0.000897747 -0.00543817 -0.00986081 -0.00395853 -0.0034678 -0.00832687 -0.0155689 0.00189868 -0.00635608 -0.000765776 -0.00533487 -0.00998623 -0.00195494 -0.00361312 -0.00664259 -0.00188722 -0.00786356 -0.0108294 -0.000753328 -0.00307609 0.00467907 3.55402e-05 -0.0125521 -0.00670464 -0.0139708 -0.00594101 -0.00853978 -0.0182786 0.00289428 -0.00447547 -0.00610669 -0.00929856 0.000313332 -0.00279882 -0.00760878 -0.0193745 -0.00877038 -0.00589494 -0.00883061 -0.0118083 -0.0174217 -0.00826871 -2.28616e-05 -0.00729797 -0.0066662 -0.0217264 -0.0260778 0.00169358 0.00172699 0.000941906 0.00167426 -0.000547409
internal_weight=238779 127057 62245.8 46497.3 37724 26009.9 22250.7 64811.5 15748.4 8379.3 30352.5 8773.34 2702.77 7369.14 6070.57 3759.28 811.74 11714.1 2947.54 4610.61 1608.8 903.987 21510.9 9037.49 4090.72 5091.36 7403.05 2909.74 12473.4 4749.82 111721 17426.3 629.611 1345.3 244.628 4493.31 2277.78 976.245 11598.2 3594.1 2794.16 1632.78 16863.2 2833.02 1120.59 258.558 156.189 3949.43 1933.92 1289.29 686.579 563.141 4365.98 1389.98 1857.64 184.267 330.491 34459 34412 14030.1 8841.57 6592.21
internal_count=524066 256999 109368 79670 65912 44502 38663 147631 29698 15793 70488 13758 4363 13905 9395 5839 1723 21410 4116 9407 2645 1510 49506 20407 9811 10143 14054 7636 29099 13613 267067 30033 964 2362 444 6418 3762 1739 26513 5071 3890 2204 29065 4671 1736 406 245 9547 4786 3176 2078 968 8963 1927 3083 347 632 77143 77064 24394 20982 11757
cat_boundaries=0 1 2 3 4 5
cat_threshold=12 12 12 12 12
is_linear=0
shrinkage=0.05


Tree=26
num_leaves=63
num_cat=0
split_feature=10 8 21 11 22 8 21 8 19 10 19 14 18 2 1 16 12 10 21 14 8 22 19 22 22 8 14 10 14 28 26 6 24 8 26 15 24 31 12 2 14 22 31 16 31 24 10 31 22 21 14 2 8 22 19 31 14 8 31 31 1 11
split_gain=804.27 164.624 76.5462 76.2089 42.931 43.0687 39.6409 26.0622 25.9675 22.3199 21.9187 19.4887 19.3735 26.3352 31.4546 18.9545 18.8658 22.4287 18.6732 17.5593 16.8107 16.7858 16.2396 16.0544 15.8069 15.1104 14.7281 14.5134 15.9623 13.6647 13.781 15.1056 13.5458 13.2137 12.795 19.8054 13.284 12.0051 11.3053 14.4546 11.1328 13.9436 15.6486 28.2629 10.9118 10.6351 10.3734 10.3226 10.2681 10.2287 10.7371 10.102 12.003 9.46417 9.35282 13.053 9.33612 11.2718 9.25865 10.216 9.13511 9.09958
threshold=28.900250000000003 95.961500000000015 12.050000309944155 61.428437500000008 14.166666746139528 194.36250000000004 9.8750000000000018 226.77150000000003 12.84999990463257 22.899150000000002 20.94999980926514 41.202827380952385 9.9500000476837176 4.5000000000000009 16.500000000000004 93.557791666666688 56.050000000000004 74.011250000000004 18.175000071525577 37.4898796583851 55.297500000000007 18.400000413258876 29.550000190734867 11.966666579246523 12.866666555404665 33.096000000000011 64.384791666666686 38.569975000000007 39.912717261904767 17.300000349680584 -7.3500001430511466 4.5000000000000009 552.50000000000011 122.49900000000001 -6.7499999999999991 5.7699166666666679 2.5000000000000004 39.297000000000004 18.091000000000005 3.5000000000000004 42.96913988095239 16.400000333786014 27.737000000000005 22.271250000000002 46.446500000000007 600.50000000000011 54.573749999999997 27.446500000000004 12.866666555404665 12.45000033080578 53.292261904761908 2.5000000000000004 194.36250000000004 13.100000103314718 15.250000000000002 77.191000000000017 63.893470238095247 70.69250000000001 63.610500000000009 61.875000000000007 5.5000000000000009 126.74395833333334
decision_type=2 2 2 2 2 2 2 2 2 2 2 2 2 2 2 2 2 2 2 2 2 2 2 2 2 2 2 2 2 2 2 2 2 2 2 2 2 2 2 2 2 2 2 2 2 2 2 2 2 2 2 2 2 2 2 2 2 2 2 2 2 2
left_child=9 2 12 4 10 22 15 18 48 -1 11 33 13 20 23 29 17 25 24 -19 -2 -11 26 -15 -8 27 38 -10 37 30 31 -5 -20 -3 61 -36 -37 -29 39 -6 41 -14 43 47 -9 -21 -30 -43 -4 -40 -51 -32 -53 -22 -23 -56 57 -25 59 -55 -27 -26
right_child=1 3 8 6 5 -7 7 44 16 21 -12 -13 40 14 -16 -17 -18 19 32 45 53 54 -24 56 34 60 -28 28 46 -31 51 -33 -34 -35 35 36 -38 -39 49 -41 -42 42 -44 -45 -46 -47 -48 -49 -50 50 -52 52 -54 58 55 -57 -58 -59 -60 -61 -62 -63
leaf_value=0.63754163476579695 0.2174506058532133 -0.48325682396147374 0.12779534621621683 -0.29021077320287036 -0.54650820060795768 -4.3034581555478297 -0.063701471116552708 -4.8053261198638388 -0.059062116268091103 0.15214629668225116 -1.0991145797317514 -0.36141346566434152 0.13938866315462201 -0.083369559043718774 0.13123835004453568 -1.8426718485644535 0.099023043451581583 -0.5635572484529302 -0.84112705684700095 -0.37457706418735343 0.22480112809438177 0.066684006125011838 -1.1978578646129812 -0.17061792433860462 -0.50234284213978242 -0.090927932295236158 -0.54960615759177356 0.059094976394788293 -0.055266650577046765 0.33591953177347489 0.20877800005416491 -1.0677657999047108 -1.1051493133723291 -1.6957431625114545 0.04892261860403551 -1.1528668895167329 -0.43833737518387683 -0.21153251273930779 -0.93339102418801123 -1.1309593011692642 0.58437606621260163 -0.10260439551696124 -0.0010116098084008486 -0.49355177381112481 -1.6752914548180748 -0.54052508159968227 -0.22071534677983246 -0.64327039019968701 -0.05456898350297195 -1.1599942003760766 -1.1705892862449532 -0.33048323304940869 -2.5659843152708208 -0.18826714329750729 -0.020203093750383164 -0.092434438605840274 -0.1229723588731865 -0.55605877462773279 0.32421514510865634 -0.70312321748422379 -0.028005346112377084 -0.84138576101448237
leaf_weight=98460.607711076736 14043.631485104561 614.39988647401333 7560.9215759783983 573.69307997822762 1840.2193938046694 435.53818848729134 3501.4284750521183 278.47089838981628 2542.4056775271893 11071.514025524259 118.09419506788254 4888.2289462536573 3491.4546872973442 1702.8923671990633 3037.6019804030657 183.68503665924072 2008.4146319329739 361.81670160591602 2013.0876422077417 2863.5628384798765 6278.9016315937042 1529.0999589115381 322.02057640254498 863.95075376331806 527.75891801714897 3050.5994855761528 2978.8261948674917 67.741042271256447 359.54379139840603 3961.3612767457962 4631.9700344353914 388.594408005476 64.607459038496017 307.17258171737194 2058.9431435316801 1578.1048997044563 2616.2277829647064 335.43747895956039 238.72886724770069 451.79687951505184 13403.5666346699 322.00065384805202 1015.6228086948395 116.19121718406677 171.02825376391411 79.385790571570396 90.317775443196297 31.049120187759399 4948.9205613285303 116.92353880405426 142.53684316575527 3861.6783728450537 126.86192001402378 4459.8308664858341 1615.5857792645693 71.781365692615509 979.16375721991062 167.7514558583498 1093.1909670829773 104.02853947877884 11131.251547887921 357.58083978295326
leaf_count=236833 27862 1459 16609 901 3671 879 5778 529 5525 25241 225 8845 9866 3211 5962 504 4018 683 3428 5276 11310 3321 707 2072 859 6734 4953 202 692 6325 7181 628 96 797 3622 2591 4041 598 474 1147 33697 1861 2716 202 238 119 185 54 10298 189 229 5774 172 9752 3893 74 1619 294 1151 117 25093 568
internal_value=0.00154017 -0.00120732 1.22522e-05 -0.00388853 -0.00712193 -0.00991951 -0.002391 -0.00435091 -0.00177482 0.00460718 -0.00404066 -0.00360472 0.00125002 0.000520516 -0.00226141 -0.000510955 -0.00277589 -0.00322105 -0.0039319 -0.00699972 0.00124352 0.00276012 -0.00883039 -0.00534738 -0.00308472 -0.00251025 -0.0082176 -0.0055059 -0.0111462 -0.000293989 -0.00131507 -0.00698704 -0.00826679 -0.0102704 -0.00443427 -0.00363663 -0.00560775 -0.0183598 -0.0108284 -0.00933702 0.00254903 0.000529328 -0.00352768 -0.0110686 -0.016171 -0.0057178 -0.00465485 -0.00399415 5.70111e-05 -0.0176575 -0.0245235 -0.000681186 -0.0025254 -0.000136108 -0.000419376 -0.00298518 -0.0083716 -0.0116899 -0.00161926 -0.00260919 -0.00179269 -0.0100576
internal_weight=238609 125861 86511.1 39349.6 12454.5 6526.59 26895.1 13167.2 35400.3 112749 5927.9 5809.8 51110.8 32730.9 6751.36 13727.8 22890.5 20882.1 12717.7 3304.77 25979.6 14288 6091.05 3713.76 10640 17577.3 5769.03 3395.45 853.04 13544.2 9582.8 962.287 2077.7 921.572 7138.62 6253.28 4194.33 403.179 2790.21 2292.02 18379.9 4976.32 1484.86 469.241 449.499 2942.95 449.862 353.05 12509.8 498.189 259.46 8620.51 3988.54 11936 3216.47 1687.37 2010.87 1031.7 5657.05 4563.86 14181.9 885.34
internal_count=523950 254588 187778 66810 23575 12249 43235 21750 76032 269362 11326 11101 111746 63350 13158 21485 49125 45107 20983 6078 50192 32529 11370 7196 17459 39029 10663 7202 1677 20981 14656 1529 3524 2256 11681 10254 6632 800 5710 4818 48396 14699 4833 2117 767 5395 877 1915 26907 892 418 13127 5946 22330 7288 3967 3985 2366 11020 9869 31827 1427
is_linear=0
shrinkage=0.05


Tree=27
num_leaves=63
num_cat=5
split_feature=10 8 19 0 3 22 3 10 31 31 3 24 5 14 8 1 31 8 21 1 10 5 8 31 9 22 0 9 1 14 14 10 31 3 17 14 31 0 7 9 10 6 7 7 0 31 3 21 17 24 0 23 18 3 22 3 4 3 3 3 1 15
split_gain=769.924 146.96 86.2888 62.125 56.9188 49.7332 57.9286 47.8489 41.8791 53.1254 67.461 32.7152 30.1034 29.0396 25.9643 25.5387 40.0398 24.8971 24.7462 22.6461 22.3802 22.1332 20.6538 18.5682 19.0325 18.2321 18.1499 27.5701 17.2172 16.1482 15.4776 14.9747 13.6689 18.6446 13.4971 13.3966 13.1244 17.388 12.8851 12.6215 12.5932 12.4867 12.2067 12.0932 11.7309 11.1737 12.9186 11.1228 10.866 10.8291 10.3023 10.1186 9.95542 21.7708 9.65531 14.0551 9.59655 9.57081 9.41103 9.33973 11.4884 10.2592
threshold=28.517475000000001 122.49900000000001 12.84999990463257 0 2.5000000000000004 17.866666515668239 6.5000000000000009 73.14400000000002 35.675500000000007 29.307000000000002 2.5000000000000004 694.50000000000011 1.0000000180025095e-35 42.96913988095239 177.56600000000003 5.5000000000000009 53.242000000000012 78.903500000000022 16.200000524520878 4.5000000000000009 21.346000000000004 1.0000000180025095e-35 194.36250000000004 65.46050000000001 131.81600000000003 20.400000413258876 1 75.482500000000016 5.5000000000000009 75.394041666666666 60.492696428571442 86.247850000000014 55.016000000000012 3.5000000000000004 18.750000000000004 64.384791666666686 40.392000000000003 2 18.845000000000002 152.66000000000003 123.89195000000001 4.5000000000000009 26.332500000000003 23.712500000000002 3 42.513000000000005 3.5000000000000004 18.725000143051151 5.9500000476837167 737.50000000000011 4 12.650000095367433 5.4499998092651376 10.500000000000002 21.966666698455814 4.5000000000000009 1.0000000180025095e-35 3.5000000000000004 5.5000000000000009 5.5000000000000009 12.500000000000002 20.208791666666674
decision_type=2 2 2 1 2 2 2 2 2 2 2 2 2 2 2 2 2 2 2 2 2 2 2 2 2 2 1 2 2 2 2 2 2 2 2 2 2 1 2 2 2 2 2 2 1 2 2 2 2 2 1 2 2 2 2 2 2 2 2 2 2 2
left_child=20 2 17 5 43 29 45 23 9 -5 14 12 15 40 -11 16 36 41 -17 -8 -1 35 30 24 28 -22 -20 -28 52 34 -21 -18 33 -26 57 50 37 48 -36 58 -10 42 -2 -4 -27 -7 -47 -15 -9 54 -19 -24 53 -6 -30 -56 -37 -3 -14 -58 61 -61
right_child=1 3 4 8 7 6 19 11 13 10 -12 -13 39 47 -16 18 31 21 26 22 25 -23 51 -25 32 44 27 -29 49 -31 -32 -33 -34 -35 38 56 -38 -39 -40 -41 -42 -43 -44 -45 -46 46 -48 -49 -50 -51 -52 -53 -54 -55 55 -57 59 -59 -60 60 -62 -63
leaf_value=0.62976204333817609 0.032214278264020284 -0.87273300378565044 -0.15092359723413917 0.036630165215253641 -0.11358115250235912 0.054866124154527546 -1.7562833991642977 0.33117528269283802 -0.57355048500841688 -0.72778167363062352 -1.1755376866879097 -0.81962782573671689 -0.78973951743979143 -0.32318804020820979 -4.0255185071979458 -0.23049945486110204 -0.34146270841812981 -0.10219957803554358 -0.42665360427187338 -1.7124586988503354 0.14329265462085222 -0.65702267277641946 -1.631502295844564 0.068642573667553469 -0.28921335589674085 0.034501268503447591 -0.22129716355488116 -0.77404638469201292 -0.0070157913462987054 -0.1152338340882352 -0.81367378208788288 -1.0656629141192895 -0.40537933424248074 -0.094759996311034919 -3.2221217447332431 0.27509615550272243 -0.21261915623743663 -0.81921698186506409 -1.8652580733064579 -1.6838457908503004 -1.3325967673208148 0.047547814067340433 0.59321097627940544 0.32660584239201218 -0.04217068559856383 -1.2206804910979452 0.052250918328442711 -1.4053797125460137 -0.59943811778228528 -0.082767164473446189 -0.24418621306605887 -5.1732935704775986 -0.059405793005986141 -0.45970820738996249 -0.13848926569153086 -0.025832862944103141 -0.051955317207907116 -0.44275905730626769 1.522613572601891 -1.4179389023948774 -0.10893803270931529 -0.54300091115352489
leaf_weight=94771.293673738837 7385.5522731393576 601.39886218309402 638.33650243282318 369.754279717803 2230.8114574998617 1428.6569704860449 144.59304302930832 154.77523644268513 329.94997620582581 741.89567667245865 547.20442716777325 124.67963379621506 370.47233633697033 1951.9326376318932 185.90437132120132 7422.7486220747232 180.63730353116989 4078.8403239250183 2108.6249177604914 206.14803935587406 14565.875367790461 379.60270304977894 296.06737488508224 2911.4109553098679 154.13757184147835 1484.5312535464764 403.63977548480034 182.2628690302372 14723.470206350088 7560.7916745841503 1623.977326720953 355.45228505134583 174.42567074298859 546.58047510683537 57.158331230282784 9338.5960778743029 1094.4506970196962 61.699680089950562 332.65080195665359 55.11981725692749 124.30670502781868 17326.196773558855 14627.321046829224 7255.6370178610086 1021.7722030282021 419.75293311476707 367.29786506295204 93.750088095664978 522.63908645510674 452.95560869574547 2787.5966404676437 311.44032190740108 3491.9939157366753 73.401785463094711 781.973115041852 2054.4381584376097 2205.0257645994425 2133.6660071611404 67.365862116217613 110.37367108464241 297.7575615644455 131.40251784026623
leaf_count=228220 15992 1616 2206 683 4671 2488 157 272 753 1150 1104 194 677 2608 287 13971 206 8833 3879 479 33240 853 466 3028 321 3111 634 243 34291 10935 2584 403 196 1306 104 15105 1595 104 630 139 195 38425 33052 16929 2643 1058 472 117 1365 887 4580 607 8338 146 2387 4650 3612 4377 130 143 413 163
internal_value=0.00156363 -0.00109895 -0.000367909 -0.00505336 -0.00192612 -0.0035624 -0.0077931 -0.00267974 -0.0103328 -0.01607 -0.0203157 -0.00516745 -0.00492121 -0.00613581 -0.0120824 -0.0044419 -0.00911343 0.000922751 -0.00334694 -0.0128808 0.00458918 -0.000546658 -0.0117305 -0.00149824 -0.00194368 0.00292243 -0.00745034 -0.0151918 -0.00167727 -0.00166556 -0.00907012 -0.0211215 -0.00918129 -0.00604618 -0.00468837 -0.000306863 -0.00559296 -0.010736 -0.0133816 -0.017029 -0.0175578 0.00164474 0.00243502 0.00195927 -0.00101631 -0.00186063 -0.00664039 -0.00359214 -0.00791829 -0.000914449 -0.00207026 -0.0197169 -0.00404732 -0.00659779 -0.000717297 -0.00338799 0.000695304 -0.00344494 -0.0141263 -0.00190344 -0.0077935 -0.0158664
internal_weight=238934 127091 107262 19828.3 48594.1 15483.6 4797.93 40700.2 4344.7 1844.76 1475 13104.6 12979.9 2499.94 927.8 12486.9 2369.65 58668.3 10117.3 2582.23 111843 19329.2 2437.63 27595.6 24684.2 17072.2 2694.53 585.903 23809 10685.7 1830.13 536.09 875.144 700.718 3124.87 18949.6 1833.56 739.114 389.809 492.958 454.257 39339.1 22012.9 7893.97 2506.3 2215.71 787.051 2045.68 677.414 18012.8 6866.44 607.508 5796.21 2304.21 17559.9 2836.41 12083.2 2735.06 437.838 2744.56 539.534 241.776
internal_count=524423 257209 224339 32870 103168 25973 8311 84033 6897 3224 2541 23812 23618 3673 1437 22672 3945 121171 18727 4293 267214 33702 4136 60221 57193 38994 4756 877 55370 17662 3063 609 1823 1627 6727 32849 3336 1741 734 946 948 87469 49044 19135 5754 4018 1530 2725 1637 42215 13413 1073 13155 4817 41328 7037 19436 5993 807 4331 719 306
cat_boundaries=0 1 2 3 4 5
cat_threshold=12 12 12 3 12
is_linear=0
shrinkage=0.05


Tree=28
num_leaves=63
num_cat=0
split_feature=10 8 21 14 10 22 14 5 32 31 32 2 32 10 22 22 24 31 24 17 21 2 2 17 8 2 10 22 32 10 32 15 19 8 12 14 32 31 31 14 24 30 8 8 20 32 17 5 17 8 24 11 24 22 17 32 17 5 10 17 22 8
split_gain=744.61 135.671 78.2639 59.667 52.0597 43.7838 30.9507 29.4385 26.5889 29.3861 51.1342 37.4882 24.0856 23.3078 23.1383 21.9695 22.359 21.7248 30.8766 31.4259 21.276 18.9965 18.3684 18.159 26.3056 22.7174 17.2736 17.1534 17.0837 21.3287 16.7146 17.1094 16.7132 16.3106 16.0985 15.2953 15.2151 18.0362 15.0331 14.018 14.0177 13.2721 13.5341 13.2319 13.2157 13.1104 12.9075 12.5526 12.2816 12.1527 14.0945 11.439 11.0335 10.8114 10.7621 27.1303 10.7191 10.6186 10.597 10.8879 10.1961 10.1708
threshold=28.517475000000001 122.49900000000001 10.550000309944155 44.872901785714291 200.53172500000002 13.799999952316286 92.35045238095239 1.0000000180025095e-35 74.780000000000015 27.685500000000005 80.617500000000021 3.5000000000000004 75.987500000000011 21.346000000000004 19.800000230471294 23.666666785875961 780.50000000000011 47.502000000000002 2.5000000000000004 14.050000190734865 20.750000238418583 3.5000000000000004 1.0000000180025095e-35 4.8500001430511483 69.835000000000022 4.5000000000000009 81.790950000000009 20.400000413258876 74.407500000000013 73.14400000000002 71.782500000000013 18.168729166666669 25.849999427795414 168.35900000000001 28.950500000000002 119.31973511904762 72.590000000000018 39.895500000000006 40.067000000000007 41.202827380952385 103.50000000000001 316.50000000000006 91.231500000000025 177.56600000000003 45.500000000000007 66.877500000000012 1.0000000180025095e-35 1.0000000180025095e-35 6.5499999523162851 82.982500000000016 584.39999389648449 59.646166666666673 19.500000000000004 19.266666491826381 17.750000000000004 77.862500000000011 4.3500001430511483 1.0000000180025095e-35 100.77552500000002 3.2500000000000004 17.499999761581424 62.205000000000005
decision_type=2 2 2 2 2 2 2 2 2 2 2 2 2 2 2 2 2 2 2 2 2 2 2 2 2 2 2 2 2 2 2 2 2 2 2 2 2 2 2 2 2 2 2 2 10 2 2 2 2 2 2 2 2 2 2 2 2 2 2 2 2 2
left_child=13 2 7 43 6 20 14 23 15 10 -10 39 40 -1 36 16 47 -11 19 -19 48 22 35 -2 53 60 34 -15 29 38 -27 51 -14 -23 -21 -8 37 46 -9 -12 -6 -22 -43 -3 54 -24 -5 49 -4 -7 -51 -32 -16 -25 -38 -56 -29 -50 59 -17 -26 -13
right_child=1 3 5 4 12 8 21 28 9 17 11 61 32 27 52 58 -18 18 -20 26 41 33 45 24 25 30 -28 56 -30 -31 31 -33 -34 -35 -36 -37 44 -39 -40 -41 -42 42 -44 -45 -46 -47 -48 -49 57 50 -52 -53 -54 -55 55 -57 -58 -59 -60 -61 -62 -63
leaf_value=0.59892897237549103 0.3451405286168065 -1.102333754093112 0.12949697784950215 -1.2099462137566022 -5.495800901754075 -0.055511840444859219 -0.298965029865008 0.093124117088813574 0.18700105289566091 0.047751736098555854 -0.41430898822143408 -0.21653606117234292 -1.1806451626539933 0.13763232328006156 -1.0694884779113032 -0.043256408118671708 -0.43518568200211477 -0.076829124984703512 -0.0029784720514038909 -0.27496997363722997 -0.10780237249134253 -0.63010267215879168 -0.72798051288733068 0.23441090168913378 0.067497496523015246 -0.16603164709531343 -1.1091440071411292 0.074365547559837888 0.94023883034522704 -0.82759433496761692 -0.42294190563200618 -0.30540481409886838 -2.1989084851237664 -1.5535736319003739 0.11341020206211 -0.80204863787629543 -0.60863653624905967 -0.63185372851960087 -0.20143678763212913 1.1277033457909489 -1.7833303319779716 -0.11202478013695015 -1.1128955154560423 -2.4669829779901642 0.13240784627377949 0.41346179816617268 -1.1472160841018002 -0.2929415905407417 -0.017656090538408265 -0.35212468318042273 -0.812232338172305 -1.0637748049721059 -0.53547697812808226 -0.040277406145516892 1.5123058442890711 -3.4254716177792961 -0.029025287236769871 -0.25963956015056805 -0.94529786106856128 -0.15154643686267041 -0.27838292954109001 -1.117761287282059
leaf_weight=94622.785751193762 19780.780573472381 1034.242416664958 8966.5040949881077 126.16498097777367 435.02317535877228 10386.536952629685 1014.5293039083481 426.36501140892506 554.82070702314377 7383.9482221603394 109.85952949523926 173.33628702163696 561.36596354842186 14562.052196264267 633.6582727432251 522.40254534780979 143.91495472192764 1423.6556432545185 3402.2172636091709 318.23243772983551 1012.7765951007605 1996.8572928309441 265.96245411038399 16288.497919350863 8434.7592114508152 908.17766058444977 209.90225380659103 830.24432614445686 370.57061207294464 301.98066049814224 266.26557590067387 606.53287802636623 114.55942860245705 356.95817741751671 145.35753548145294 417.13682585954666 2367.2948157787323 1958.137168854475 338.71737071871758 144.60607880353928 99.432531550526619 309.92322026193142 91.984727740287781 146.83927109837532 1881.4606539607048 4442.8624804615974 779.7882643789053 639.49114181101322 12503.138014867902 3721.4332158267498 144.92170839011669 239.79751458764076 860.91772881150246 2495.7270260006189 102.90411281585693 127.56864041090012 1686.5590394735336 369.3523051738739 202.1717174500227 1774.1755096912384 2057.9206575602293 139.45234251022339
leaf_count=227976 47433 2311 22197 213 988 28025 1503 1667 974 12113 191 301 758 33229 1234 1823 325 2113 4068 350 2128 2987 570 31824 14542 2045 227 1954 527 776 360 779 143 512 155 612 3587 4058 567 250 177 555 129 361 2405 6278 2218 1558 23134 7514 229 308 1446 4894 125 142 3806 876 407 4832 3818 242
internal_value=0.00158546 -0.001033 -0.000332455 -0.00484425 -0.00414965 -0.00165437 -0.00344904 0.00104681 -0.00286793 -0.00124341 -0.00900031 -0.0195425 -0.0141711 0.00456331 -0.0055203 -0.00416531 -0.00344341 -0.000567173 -0.00294605 -0.00771641 -8.29372e-06 -0.00129359 0.00017056 0.00124546 0.000495945 -0.00128001 -0.0166073 0.00286298 -0.00600703 -0.00921682 -0.00613312 -0.0102388 -0.00788109 -0.00511164 -0.0111784 -0.00478697 -0.00436501 -0.00721079 -0.00476325 -0.00525873 -0.0220965 -0.00594839 -0.0136249 -0.0157365 -0.00254417 0.00167854 -0.0130412 -0.00325298 0.000376748 -0.00294502 -0.00533778 -0.0170187 -0.0111899 0.00167903 -0.00485481 -0.0151475 -0.000948261 -0.000612849 -0.00850624 -0.00753364 -0.000344857 -0.0311091
internal_weight=238736 127034 107310 19723.7 18542.6 54794.1 17332.2 52516.1 31540.4 14005.4 1122.07 567.254 1210.38 111702 8837.89 17535 15036.3 12883.3 5499.37 2097.15 23253.7 8494.31 6140.49 51078.5 31297.7 12513.5 673.492 17078.9 1437.63 1067.06 2020.77 1112.6 675.925 2353.82 463.59 1431.67 7343.32 2864.09 765.082 254.466 534.456 1414.68 401.908 1181.08 4479.23 4708.82 905.953 14892.4 21839 14252.9 3866.35 506.063 1494.58 18784.2 2597.77 230.473 2516.8 12872.5 2498.75 2296.58 10492.7 312.789
internal_count=523849 256884 224256 32628 29956 114716 27890 109540 65697 20984 1958 984 2066 266965 15428 44713 37651 19026 6913 2845 49019 12462 8963 106003 58570 21852 732 38989 3537 3010 3492 1447 901 3499 505 2115 12748 6489 2234 441 1165 2812 684 2672 6259 6848 2431 37326 46207 35768 7743 668 2680 36718 3854 267 5760 24010 7062 6655 18360 543
is_linear=0
shrinkage=0.05


Tree=29
num_leaves=63
num_cat=3
split_feature=8 8 32 3 22 21 0 8 8 19 24 8 22 17 1 5 32 8 0 12 3 22 24 19 8 9 0 9 2 17 23 3 25 8 32 32 32 5 22 22 1 8 9 11 21 9 22 17 25 3 32 1 22 25 2 1 7 2 32 24 1 2
split_gain=653.741 114.235 61.5119 50.0369 55.3799 48.6367 45.7114 36.5322 31.7938 30.1578 28.8938 25.1749 23.7418 23.5058 22.6442 21.4648 21.0272 24.0884 21.369 18.5431 18.3818 18.9646 18.1282 17.6595 17.603 19.9743 17.4016 24.4408 37.1206 30.6552 16.6678 15.8774 14.788 13.6871 13.3955 16.1787 17.6465 13.3502 13.33 13.1417 11.6511 11.3645 12.333 11.084 10.9094 10.8399 11.8295 10.7993 10.7903 10.7861 32.1005 11.1565 10.6709 10.4787 10.4267 11.3702 10.3285 10.1967 10.1324 9.94627 9.93866 10.6082
threshold=29.301000000000005 96.995000000000019 70.850000000000009 6.5000000000000009 17.783333142598476 10.150000154972078 0 19.511000000000006 132.21150000000003 15.34999990463257 625.50000000000011 226.77150000000003 14.366666714350385 -4.3500001430511466 4.5000000000000009 1.0000000180025095e-35 76.780000000000015 194.36250000000004 1 56.050000000000004 2.5000000000000004 18.566667000452679 425.50000000000006 11.550000190734865 168.35900000000001 25.679000000000006 2 69.591500000000011 1.0000000180025095e-35 10.150000095367433 6.6499998569488534 2.5000000000000004 28.150000572204593 55.297500000000007 74.780000000000015 80.15000000000002 81.042500000000004 1.0000000180025095e-35 10.800000270207724 25.550000031789146 14.500000000000002 48.395000000000003 -3.2334999999999998 104.962125 19.200000047683719 131.81600000000003 20.09999982515971 6.0499999523162851 17.550000190734867 7.5000000000000009 77.862500000000011 11.500000000000002 8.666666845480604 17.250000000000004 2.5000000000000004 6.5000000000000009 46.076500000000003 1.5000000000000002 70.042500000000018 780.50000000000011 16.500000000000004 4.5000000000000009
decision_type=2 2 2 2 2 2 1 2 2 2 2 2 2 2 2 2 2 2 1 2 2 2 2 2 2 2 1 2 2 2 2 2 2 2 2 2 2 2 2 2 2 2 2 2 2 2 2 2 2 2 2 2 2 2 2 2 2 2 2 2 2 2
left_child=7 5 6 10 13 20 11 -1 -8 -9 16 15 26 52 -6 22 17 18 -4 30 -2 41 38 -15 -16 -26 47 33 29 -29 -14 53 -20 -28 39 -36 56 -23 -3 59 -24 42 -22 49 -30 46 -11 -7 -33 50 -25 -52 -5 -10 -40 -56 -37 -13 -48 -32 61 -49
right_child=1 2 3 4 14 12 8 9 31 45 -12 57 19 23 24 -17 -18 -19 32 -21 21 37 40 43 25 -27 27 28 44 -31 34 48 -34 -35 35 36 -38 -39 54 -41 -42 -43 -44 -45 -46 -47 58 60 -50 -51 51 -53 -54 -55 55 -57 -58 -59 -60 -61 -62 -63
leaf_value=0.59052249796936296 0.86206529835947487 -0.079597650970459816 0.1136124601581706 -0.84458048291020027 -1.2911267473963315 0.62548359681991572 -0.44285301064157495 0.19527262174924545 -1.087548044596599 0.038379729997884839 -1.0035406408393286 -1.4296589049108008 -0.14013289593746309 0.13678805118623885 -0.55036589307961348 -1.3996474569986774 0.33928345428664386 -1.8309331612224697 -0.38494144250243495 0.093450087820163577 -0.092540249363841198 -0.05364027169486292 -1.6561200990062184 -0.70364965258996726 -1.5883499192417589 -1.306862246920143 0.038533400072742377 -0.10145727332019377 -0.065040565774813791 -0.55343711777752136 -0.065047842300454309 -1.6385529460573041 -1.5864505182991822 -0.10185362413228277 0.028390064465222409 -0.34755141284814783 -0.057297130042308811 -0.40922200650774876 -0.42011632192941167 -0.13287978984162763 -0.65393309780257525 0.065372311518060403 0.31232669719676776 -0.020823918904900651 -0.43332953959428838 -0.24617645353649031 -0.091392933049361968 0.0025609974701712446 -0.89821781018989677 -0.6145089445787818 -2.7496008621948058 -2.4236544140151808 -0.49189623551007955 -1.4442470420583733 -0.91253511427735678 -0.6283501705314013 -0.41617771492784217 -7.3363832637015891 0.0036122747935531056 -0.28807903211955654 0.54622310528540685 -0.25241711423232971
leaf_weight=95515.140588670969 6309.5573105216026 2429.1388104557991 6168.318877607584 68.70302939414978 378.32281169295311 5262.3147388547659 1276.0530840456486 15690.780010059476 201.90626737475395 4243.8994809389114 128.55796587467194 74.225049763917923 3381.446916282177 4474.225706577301 3201.5218976140022 240.2930112183094 5887.8887309134007 340.39871756732464 2216.5793689787388 2917.2248938828707 57.936266869306564 4819.3263705670834 82.282294183969498 441.92467761039734 102.4013167321682 829.6217522919178 3932.9542039483786 99.324155956506729 891.3454621732235 176.81655657291412 9263.5979293435812 167.68948994576931 109.37228745222092 2303.1603431552649 5372.3719417750835 280.53241842985153 1843.8786687850952 113.25376017391682 2663.1154689639807 1088.5397135019302 92.592600077390671 15073.605003789067 10441.666223436594 1379.2253069579601 72.506255134940147 197.11018013954163 954.45306359231472 5293.8378349542618 47.644419997930527 2240.2716995179653 118.29720622301102 140.2126442193985 150.51346439123154 265.85659033060074 438.86972430348396 1880.1956326812506 180.42631053924561 145.26719816029072 845.32104369997978 129.3486252874136 2551.3799239099026 1076.8024039268494
leaf_count=226928 14597 5777 9549 124 439 13238 2683 36224 336 9444 164 185 7213 5505 4428 560 10037 669 3239 5540 119 11216 202 517 172 1150 8974 215 1466 215 25118 392 170 4875 8252 444 2602 371 6689 3312 226 30837 23560 1613 157 374 3188 10714 146 2978 135 160 271 420 925 4849 237 428 1432 295 5537 2129
internal_value=0.0016221 -0.000952169 -0.00320749 -0.0020188 -0.00421879 9.16217e-05 -0.0065783 0.00428114 -0.0134186 0.00244067 -1.50736e-05 -0.00488852 -0.000990222 -0.00195473 -0.00874027 -0.00442455 0.000191794 -0.00135076 -0.000827274 -0.00205782 0.00144681 0.000938636 -0.003957 -0.00155051 -0.00766494 -0.0137107 0.000215269 -0.00173537 -0.00814586 -0.0242737 -0.00256447 -0.0221883 -0.00489848 -0.000462386 -0.00196406 -0.000377202 -0.00388059 -0.00189971 -0.00357997 -0.00312622 -0.0198247 0.00148615 0.00274899 -0.00383038 -0.00350491 -0.00049922 -0.000121948 0.00124378 -0.0334298 -0.00556437 -0.0109767 -0.0249355 -0.0180898 -0.0169531 -0.00506038 -0.00751116 -0.0126196 -0.0215591 -0.00351768 -0.00252294 0.000185029 -0.000871082
internal_weight=238761 121315 38381.5 28376.4 13525.2 82933.2 10005.1 117447 1959.15 21931.6 14851.1 8045.98 46117.8 9013.37 4511.87 7826.49 14722.6 8834.67 8494.27 24457.4 36815.3 30505.8 7586.19 8794.16 4133.54 932.023 21660.4 7476.11 1239.99 276.141 21540.1 683.097 2325.95 6236.11 18158.7 7677.21 2304.84 4932.58 7411.32 10481.5 174.875 25573.2 10499.6 4319.93 963.852 6240.78 6043.67 14184.3 215.334 2940.71 700.435 258.51 219.216 467.763 4982.18 2319.07 460.959 219.492 1799.77 9392.95 8922.02 6370.64
internal_count=523961 246371 65138 41320 17492 181233 23818 277590 3977 50662 23828 19841 100533 11303 6189 19228 23664 13627 12958 53013 80700 66103 18668 10908 5750 1322 47520 15902 2053 430 47473 1294 3409 13849 40260 11535 3283 11587 18240 28725 428 54516 23679 5403 1623 14438 14064 31618 538 3790 812 295 395 756 12463 5774 681 613 4620 25413 18380 12843
cat_boundaries=0 1 2 3
cat_threshold=12 12 12
is_linear=0
shrinkage=0.05


Tree=30
num_leaves=63
num_cat=0
split_feature=10 8 12 22 19 28 10 19 12 22 22 1 9 14 14 10 32 8 3 22 22 8 16 32 3 3 31 1 2 21 32 32 11 19 9 2 10 32 2 23 3 3 18 21 2 8 14 31 9 3 14 15 19 22 1 19 3 8 17 3 14 21
split_gain=682.065 96.4778 58.7815 52.3946 50.5209 30.8677 29.1992 28.4507 27.329 19.545 19.2928 17.1177 20.5032 16.8749 16.1978 18.0737 17.722 22.8556 16.1678 16.1049 15.5229 13.6431 13.3083 13.0153 12.6583 18.4083 44.7449 13.1408 12.5596 16.4861 12.353 11.377 11.1719 11.1315 10.9446 19.5625 10.7375 11.3955 10.6624 12.8344 10.5568 10.3285 11.9492 10.2822 12.7448 10.1965 10.1952 10.1257 42.4787 14.4906 10.8472 9.93078 9.80008 9.75091 9.6816 9.51097 9.43184 9.18067 9.15371 8.9427 8.75885 8.65211
threshold=28.145150000000005 91.231500000000025 36.923500000000011 12.633333245913191 13.150000095367433 15.599999825159712 20.347650000000002 31.349999427795414 31.082500000000007 17.633333285649623 21.966666698455814 5.5000000000000009 134.67250000000004 41.202827380952385 40.812985119047632 123.89195000000001 70.850000000000009 226.77150000000003 2.5000000000000004 18.66666674613953 16.06666664282481 59.144000000000005 103.70833333333336 74.335000000000022 6.5000000000000009 7.5000000000000009 57.45000000000001 11.500000000000002 3.5000000000000004 10.95000033080578 64.205000000000013 74.877500000000012 0.33333333333333331 18.750000000000004 -0.018999999999999996 5.5000000000000009 67.276500000000013 70.685000000000016 2.5000000000000004 18.550000190734867 10.500000000000002 8.5000000000000018 18.850000023841861 14.899999737739565 1.0000000180025095e-35 168.35900000000001 43.501250000000006 27.685500000000005 97.943500000000014 3.5000000000000004 44.086577380952384 38.372500000000009 15.150000095367433 26.73333311080933 5.5000000000000009 22.349999427795414 4.5000000000000009 13.761000000000001 13.949999809265138 5.5000000000000009 64.808333333333351 15.549999833106996
decision_type=2 2 2 2 2 2 2 2 2 2 2 2 2 2 2 2 2 2 2 2 2 2 2 2 2 2 2 2 2 2 2 2 2 2 2 2 2 2 2 2 2 2 2 2 2 2 2 2 2 2 2 2 2 2 2 2 2 2 2 2 2 2
left_child=6 4 3 13 18 10 -1 14 11 -8 22 12 46 30 15 -5 17 -16 -2 61 21 34 23 -4 43 26 -26 -28 29 -27 -3 53 -23 -15 35 -20 37 40 39 51 -21 -25 -43 -18 60 -30 58 48 49 -22 -51 -31 -11 -10 -49 -17 -46 -39 -6 -56 -45 -13
right_child=1 2 5 7 8 -7 9 -9 31 52 -12 19 -14 33 16 55 24 -19 20 36 47 32 -24 41 25 28 27 -29 45 38 -32 -33 -34 -35 -36 -37 -38 57 -40 -41 -42 42 -44 44 56 -47 -48 54 -50 50 -52 -53 -54 -55 59 -57 -58 -59 -60 -61 -62 -63
leaf_value=0.55938137329977666 0.61129143919419171 -1.2752791205187162 -0.44221769787074766 -0.43997183253763766 -0.071714167359526113 0.22151349039840371 0.15410019864957469 -1.1350721027834432 -0.013796975876937269 0.058225080383125599 -0.76038057633958689 0.026036011845168974 -0.82376083868360939 -0.08886825270246064 -0.62660998410939472 -1.4811238736520225 0.037477026096704689 -6.9771495338032743 0.15729701280032488 -0.11295417041696859 1.2521202781105314 -0.43605363585309365 -1.2473023089806496 0.26585414082523967 -0.54681717998529678 0.051242160694857833 -2.2227248759534413 -1.9125331257576321 -0.48439013637616601 -0.76046934211299444 -0.52945207399266037 0.1558547478805796 0.0049370973031951596 -0.71417979591732683 0.21135527949535948 -0.22245295907666218 -0.33563502672503065 -0.22355718300096258 -0.014978617806171003 -0.82470902759125553 0.056240063072301893 -0.39048402379747671 -0.68710874365106211 -0.74460244917935725 -1.2228107914184365 -1.7350361113497486 -0.083812431028002274 -0.077893242536480764 -0.6930954945399862 -0.25055130052609659 0.060942718695888236 -1.3278936653026805 -0.019747838364619064 -0.14279961995436372 -0.10722450127785824 -1.8711734504829487 0.22666118085655285 0.0032324354448522996 -0.18527052170034963 0.075190811791738102 -0.81585311261297522 -0.05197307962186315
leaf_weight=91950.973409026861 6159.5750764161348 197.12569104135036 5007.9159030020237 1161.3379580527544 1480.1310122460127 8025.4524683505297 14198.301392033696 461.33311468362808 5155.0930296927691 2300.8586542457342 1389.4940572828054 8476.7819317579269 109.14844346046448 7847.3207473158836 3355.4897966831923 190.07897397875786 2115.4121619910002 120.49411778151989 182.52449084818363 2120.5139327645302 429.80035464465618 47.916428416967392 325.30604207515717 4348.5423257946968 611.38391411304474 1800.4586088955402 132.26563727855682 206.67487514019012 925.34304085373878 1057.5120215415955 959.6005193144083 5390.3984527587891 11634.857086271048 101.41692590713501 21178.782455012202 90.737336456775665 1523.6899863779545 62.491689905524254 535.69518294930458 73.966122329235077 344.04034382104874 1484.2050914168358 101.73369878530502 74.279854491353035 218.44467255473137 151.29337221384048 3707.6377934366465 1669.1566531807184 126.48440998792648 286.22424903512001 210.41863511502743 251.69634529948235 2395.3403430879116 272.63906012475491 1444.2905807942152 71.649018719792366 411.6368779540062 2702.8091094046831 481.09623336791992 4234.1613560318947 100.32861518859863 4430.3796904832125
leaf_count=221883 16189 633 9047 2702 3479 13019 32206 899 14463 5128 2406 19142 125 13493 8435 383 3340 325 487 7001 2548 123 890 6165 717 2279 151 236 1245 1493 2099 8659 22528 177 45485 128 3177 77 756 105 1217 1860 184 100 423 194 7844 2942 232 1163 530 261 5753 803 3955 111 544 4352 947 7228 154 9172
internal_value=0.00161561 -0.000874315 -0.00277615 -0.0045078 0.000118283 -0.000839282 0.00448562 -0.00642495 -0.0012885 0.00269517 -0.00237731 -0.00218366 -0.00457599 -0.00155409 -0.0060087 -0.0110554 -0.00541637 -0.00843258 0.0011877 -0.00148039 0.00083314 0.00131983 -0.00169142 -0.00139456 -0.00420577 -0.00556783 -0.0119227 -0.026466 -0.00430639 -0.00292827 -0.0071939 0.000816482 -5.49936e-05 -0.000732566 0.00206853 -0.00785648 -0.00345853 -0.00238157 -0.00615153 -0.00846959 -0.00485309 0.000189576 -0.00326321 -0.00152446 -0.00633123 -0.00906008 -0.00416004 -0.00108648 -0.00566972 -0.0019439 -0.00775396 -0.00731094 -0.000101014 -0.000799346 -0.000429009 -0.0229074 -0.00300607 -0.000177888 -0.00707488 0.000555148 -0.0182447 -0.000445163
internal_weight=238612 127767 43814.9 23132.2 83951.8 20682.6 110845 14026.8 36256.9 18894.5 12657.2 25438.7 5778.01 9105.46 13565.4 1423.07 12142.4 3475.98 47694.9 19660.7 41535.4 33134.8 11267.7 10942.4 8666.39 5746.29 950.324 338.941 4795.96 3719.33 1156.73 10818.1 11682.8 7948.74 21452 273.262 6753.55 5229.86 1918.87 1383.17 2464.55 5934.48 1585.94 2920.1 804.69 1076.64 5668.87 8400.54 1052.93 926.443 496.643 1309.21 4696.2 5427.73 7347.61 261.728 630.082 2765.3 1961.23 5678.45 174.608 12907.2
internal_count=523792 258822 74826 41255 183996 33571 264970 24853 80458 43087 20552 56533 12395 16402 23954 3196 20758 8760 103538 44138 87349 68751 18146 17256 11998 7437 1104 387 6333 4894 2732 23925 22651 13670 46100 615 15824 12647 2615 1859 8218 8209 2044 4561 1221 1439 12270 18598 4473 4241 1693 1754 10881 15266 14125 494 967 4429 4426 11183 254 28314
is_linear=0
shrinkage=0.05


Tree=31
num_leaves=63
num_cat=2
split_feature=10 8 21 0 32 5 3 32 22 3 5 10 10 24 32 31 24 3 22 7 22 8 9 8 9 29 19 2 31 10 7 28 14 14 14 31 31 32 31 16 9 2 11 3 21 31 0 14 24 9 24 10 9 9 17 26 24 21 32 2 8 8
split_gain=653.806 94.5443 69.9117 41.5972 38.3901 35.5508 33.2617 29.2438 29.0384 38.1619 26.0728 26.0328 22.0661 52.0714 20.7012 25.8083 21.0759 20.5597 28.7476 18.6496 18.0007 17.5317 16.8268 18.2636 16.2042 15.7136 16.207 15.1669 19.5781 14.6575 14.5086 14.0397 13.87 13.3559 13.3287 13.9283 13.1439 11.7165 13.1356 11.4611 11.3449 15.0003 14.0057 11.1727 10.8942 10.6454 10.5036 10.3934 10.0864 11.9166 10.0242 10.0044 9.32052 9.31178 9.21807 9.43525 9.02022 9.01798 9.45529 19.5646 10.2607 8.60503
threshold=27.342050000000004 124.53500000000001 12.250000089406969 0 70.935000000000016 1.0000000180025095e-35 8.5000000000000018 78.492500000000021 17.866666515668239 6.5000000000000009 1.0000000180025095e-35 18.870750000000005 78.77170000000001 694.50000000000011 74.407500000000013 40.067000000000007 540.50000000000011 2.5000000000000004 13.933333158493044 83.761500000000026 18.000000476837162 67.25500000000001 53.69100000000001 177.56600000000003 152.66000000000003 13.250000000000002 13.050000190734865 5.5000000000000009 48.699500000000008 65.06310000000002 75.326500000000024 11.666666746139528 76.676773809523823 42.043419642857152 23.327113095238097 49.169000000000004 51.771000000000008 76.352500000000006 73.786000000000016 20.290375000000001 105.56100000000002 2.5000000000000004 47.276687500000008 7.5000000000000009 12.025000035762789 32.487000000000009 1 125.75181250000001 7.5000000000000009 72.449000000000012 101.50000000000001 200.53172500000002 113.45150000000002 68.790000000000006 1.9499999880790713 15.750000000000002 18.500000000000004 12.025000035762789 66.180000000000021 1.0000000180025095e-35 19.191000000000006 32.182500000000012
decision_type=2 2 2 1 2 2 2 2 2 2 2 2 2 2 2 2 2 2 2 2 2 2 2 2 2 2 2 2 2 2 2 2 2 2 2 2 2 2 2 2 2 2 2 2 2 2 1 2 2 2 2 2 2 2 2 2 2 2 2 2 2 2
left_child=11 2 5 8 45 17 44 -8 32 -10 12 -1 30 19 15 16 -7 34 21 25 -13 -19 23 -9 -12 26 -14 28 48 -20 31 52 40 -11 35 -2 46 51 43 -23 -3 -42 -43 -39 -6 -5 -28 -36 49 -17 -46 -35 54 -21 -4 -56 -45 -22 59 60 -59 -26
right_child=1 3 10 4 6 14 7 22 9 33 24 20 13 -15 -16 27 -18 18 29 53 57 39 -24 -25 61 -27 36 -29 -30 -31 -32 -33 -34 37 47 -37 -38 38 -40 -41 41 42 -44 56 50 -47 -48 -49 -50 -51 -52 -53 -54 -55 55 -57 -58 58 -60 -61 -62 -63
leaf_value=0.56452230333779085 0.036414109278252484 -0.27014119285643762 0.024287148331017507 -1.33966698459028 -0.058456934222783731 -0.0032215062276527819 -0.76820067685626592 -0.036637869463088182 -0.11957235115090584 -1.7776147779588016 -0.19029519251364954 0.16093603709806104 -0.31290683799315533 -0.9155796938216888 0.86704278999335926 -0.6118217550641003 -0.63928142128559107 0.28094126864868513 0.0081796703288656413 -0.41955938109525237 0.071688130667186031 -0.18553983617397307 -1.0412217934681152 -1.7766313212454976 -0.3021587324585035 -0.12250068825998639 -0.43090092980105582 -0.77132801054315514 0.61662728456616245 -0.23178312685300675 0.066317030990771117 -0.017794865567369911 -0.016698007080242407 -0.95326604628369793 0.66404938165871175 -0.37473032266576178 -0.6995227840947319 -1.8645937760667992 -0.9897008798477821 0.20611121365094293 -0.62498162169157467 -2.570922536903661 -1.1475304144497558 -1.3946158438416512 -1.1866757388895921 -0.96156313671498739 -0.51582641415267361 -0.25364709732567692 -0.63435518135196745 -0.23878841426111422 0.10525147971489233 -5.7554443158841728 -0.26352953484177349 0.063053818955806668 -0.089131383090280639 -0.00096628262458260401 0.20198976684552719 0.45282012156943879 -0.0026376831581808704 -0.010522646858069962 -0.12531608481190695 -1.483693549725345
leaf_weight=87428.902708739042 126.25640925765038 1730.7335591763258 1415.3336616903543 306.58462898433208 1665.4042660593987 650.68779070675373 307.53950345516205 481.17719751596451 2061.4027178138494 64.757737845182419 1342.2533394247293 16738.302960023284 1292.6967712193727 107.69131827354431 456.72035270929337 77.194809854030609 54.278968080878258 18739.884186550975 13303.797148346901 1687.7635022848845 2098.8790539056063 5474.2573902606964 122.95949596166611 81.183847725391388 41.435803920030594 1677.6145758032799 1395.674991324544 169.7402617931366 165.89084583520889 8746.3417030125856 5816.8529785871506 17042.777085766196 6856.2944069057703 589.15831224620342 11763.329965516925 97.037430226802826 469.20946663618088 86.670393168926239 441.5986555814743 7049.1860382854939 1016.3651887029409 187.20800812542439 263.56820139288902 534.75069326162338 329.30485212802887 574.56150966882706 446.89425010979176 1007.8657430410385 127.02882078289986 123.62440794706345 144.10119125247002 137.64931134879589 358.65635035932064 3477.1369928866625 4507.0545109212399 1358.58737424016 577.74088191986084 30.346970498561859 2257.7298604995012 452.18267807364464 130.06766828894615 49.074207603931427
leaf_count=211774 445 3789 3726 580 2515 2525 565 607 3725 133 3021 37496 2309 140 659 191 234 39845 31425 3213 4881 11613 129 86 142 3053 2952 232 268 15905 11666 38359 9800 1426 25889 301 571 100 454 11185 2076 350 508 800 560 1145 754 1600 204 212 195 364 732 5756 9680 2822 766 90 4449 1702 532 128
internal_value=0.00163745 -0.000769707 -0.000215615 -0.00407184 -0.00857456 0.000776986 -0.00599824 -0.0135565 -0.0028215 -0.00616438 -0.00180736 0.00448668 -0.00157585 -0.00354626 -0.00610522 -0.00917984 -0.00251197 0.000966512 0.000531821 -0.00318773 0.00293667 0.00150688 -0.00778796 -0.00410423 -0.00843532 -0.00527646 -0.00713656 -0.0162502 -0.011776 -0.000850654 -0.000893874 -0.00142327 -0.00132974 -0.0104049 0.00274977 -0.0093348 -0.00964301 -0.00978252 -0.00743364 5.84689e-05 -0.00404843 -0.0072815 -0.0148636 -0.00471168 -0.00248489 -0.017811 -0.00773294 0.00296178 -0.0188409 -0.0117712 -0.00916936 -0.0150676 -0.00320423 -0.00105101 -0.00281565 -0.00368944 -0.00335412 0.000294044 -0.00152718 -0.00703096 -0.0219748 -0.0288055
internal_weight=238317 129181 110620 18560.7 4012.82 68133.1 3131.67 992.86 14547.9 4493.73 42486.7 109136 41053.9 10554.7 1825.17 1368.45 704.967 66308 53313.5 10447 21707.5 31263.3 685.321 562.361 1432.76 5282.09 3604.48 663.479 493.739 22050.1 30499.3 24682.4 10054.2 2432.33 12994.5 223.294 2311.78 2367.57 1640.76 12523.4 3197.87 1467.14 450.776 1199.16 2138.81 881.146 1842.57 12771.2 327.848 200.819 473.406 726.808 7639.63 5164.9 7280.98 5865.64 1112.49 4969.21 2870.33 612.597 160.415 90.51
internal_count=523354 262430 231757 30673 6382 142733 4657 1387 24291 7768 89024 260924 85733 18748 4525 3866 2759 138208 109973 18608 49150 62643 822 693 3291 9639 6586 1107 875 47330 66985 55319 16523 4043 28235 746 4277 3910 2120 22798 6723 2934 858 1666 3270 1725 3706 27489 607 403 755 1790 16960 8969 16228 12502 1566 11654 6773 2324 622 270
cat_boundaries=0 1 2
cat_threshold=12 12
is_linear=0
shrinkage=0.05


Tree=32
num_leaves=63
num_cat=4
split_feature=10 8 21 32 8 10 0 11 22 19 1 17 6 22 17 24 19 12 32 31 31 32 22 0 10 10 16 31 20 10 17 21 16 0 11 31 2 17 22 2 26 2 26 31 31 31 32 22 20 31 16 26 32 2 12 15 1 0 1 22 2 16
split_gain=627.397 84.8698 59.7465 45.6634 34.7822 29.5148 29.1529 26.8257 23.9532 23.1183 22.9892 35.1735 17.7349 16.2741 16.251 15.8389 15.7513 15.5 14.9535 13.6606 20.9509 29.8454 13.3255 13.1542 15.6435 13.0061 12.9761 12.8632 12.6402 12.4899 14.5665 12.4429 12.2098 14.2631 15.9489 12.8514 17.8401 11.6552 12.0756 11.1903 13.053 12.7041 11.4874 11.1593 11.14 14.0859 10.6335 10.8745 10.9235 10.6322 10.2771 12.9786 10.2706 10.2275 9.67411 9.61491 9.25319 9.23213 9.00292 8.9252 8.90181 9.30136
threshold=27.342050000000004 103.18150000000001 10.550000309944155 70.850000000000009 226.77150000000003 19.143500000000003 0 92.887541666666678 12.200000166893007 26.349999427795414 5.5000000000000009 15.250000000000002 5.5000000000000009 17.266666491826381 4.8500001430511483 780.50000000000011 29.550000190734867 21.226500000000005 82.450000000000003 48.955500000000008 63.610500000000009 79.020000000000024 14.733333309491476 1 61.260925 65.06310000000002 90.690729166666685 51.771000000000008 115.50000000000001 95.503500000000017 3.0499999523162846 15.300000309944155 103.70833333333336 2 120.23454166666669 31.841500000000003 1.0000000180025095e-35 1.3499999642372134 13.033333520094555 1.0000000180025095e-35 18.550000190734867 4.5000000000000009 0.94999998807907116 54.582000000000008 50.008000000000003 63.610500000000009 70.850000000000009 21.466666618982952 170.50000000000003 40.522500000000008 1.4358333333333346 6.2500000000000009 81.042500000000004 4.5000000000000009 27.927500000000006 -1.0000000180025095e-35 5.5000000000000009 3 10.500000000000002 19.433333476384487 2.5000000000000004 23.978666666666673
decision_type=2 2 2 2 2 2 1 2 2 2 2 2 2 2 2 2 2 2 2 2 2 2 2 1 2 2 2 2 10 2 2 2 2 1 2 2 2 2 2 2 2 2 2 2 2 2 2 2 10 2 2 2 2 2 2 2 2 1 2 2 2 2
left_child=5 2 12 4 6 -1 14 9 23 19 11 18 17 -7 -3 25 50 22 -10 26 21 39 -2 -4 60 46 57 49 31 -8 -31 -22 33 37 -35 -36 52 -9 -39 40 -21 42 -41 -43 -11 -46 47 -12 -49 -13 55 -52 -37 -38 -27 -16 59 -5 -23 -40 61 -25
right_child=1 3 8 7 -6 13 29 32 10 44 15 27 -14 -15 16 -17 -18 -19 -20 20 28 58 -24 24 -26 54 -28 -29 -30 30 -32 -33 -34 34 35 36 53 38 56 41 -42 43 -44 -45 45 -47 -48 48 -50 -51 51 -53 -54 -55 -56 -57 -58 -59 -60 -61 -62 -63
leaf_value=0.52666121655224885 0.19802729764996113 -0.10654874410244304 0.2421111905984315 0.04411273752509999 -5.3397847305479225 0.1567154936246114 -0.14221122415297602 0.58622910760845481 -0.096395215813876334 -0.62153082376520041 -0.018193565897977139 -0.38071859996570478 -0.015291209362406556 0.0055837423827719947 0.11574377461726543 -0.30043257798648715 -1.1855673582176416 0.6323457544931812 0.10161232971011708 -0.87329851874120767 -0.4295186916629028 -2.6650060105389182 -0.040952137827764905 0.012857524708380197 -0.27910454167809251 -0.23714798405816709 -0.80834110014564198 -0.44963378273439436 0.17305378303688812 -0.70558490146225528 -0.90273750784456375 -1.4837628584334503 -0.84686201782446702 0.027939696178678732 -0.72958598773932337 -1.445377115510597 -0.015167922565019155 0.68889675133433892 -1.0698106765234776 -0.82208179717964003 -1.6887340390608614 -0.32126573171307626 -0.14497815353544183 -2.1746884580072385 -1.490029420244843 -0.90926111411109789 0.019925080885197313 -0.03937957863223112 -0.1271795115525034 0.049827309616652826 -0.91295158975143309 -0.37960487060347359 -0.3903789829831098 -0.99618162256066123 -0.064202415047787301 -1.5008067010692472 -0.13517722854888561 -0.27536420133592882 -1.8324503391560993 -1.208144555521993 0.065896185384501399 -0.073555542261052584
leaf_weight=88254.271870344877 11175.703047394753 2584.5278441756964 10891.598200157285 4207.4019752442837 286.22649723291397 15265.069806501269 333.07467384636402 2832.2419197559357 6374.2120326310396 447.67952831089497 6070.1228992938995 215.26568892598152 13356.26047077775 5583.891438126564 112.78156900405884 233.07019120454788 180.95198601484299 15844.395499840379 666.22623062133789 288.70895573496819 1791.5428471565247 104.30504843592644 6258.6109033823013 1007.7903680503368 1166.8366057276726 5347.8025805354118 62.396971374750137 265.41632372140884 1137.2905404567719 945.55616012215614 220.73897640407085 242.07226699590683 301.38335624337196 1506.9480641186237 123.07136297225952 92.753918886184692 721.41904580593109 2863.1070496439934 535.76768922805786 133.51193445920944 89.724190950393677 145.1989469230175 1033.639699280262 91.730983227491379 96.13108429312706 218.46753758192062 9139.8379467427731 1156.4143984764814 589.59485280513763 150.09953483939171 783.86863860487938 2388.6182679086924 88.637122750282288 184.76918351650238 3873.9410725831985 445.16907954216003 2969.7948879897594 1684.1399081349373 138.81052502989769 150.38661786913872 2086.9697158336639 860.85177744925022
leaf_count=213713 23350 5736 23804 6831 731 34221 871 4661 13617 766 19144 636 28944 13000 240 460 521 33650 1015 510 1868 129 14570 2904 2106 10172 113 295 1191 1657 531 251 746 2261 220 144 1100 3515 634 421 106 306 1527 115 129 227 14119 4013 1865 189 1919 5556 142 292 7238 1961 4020 2629 190 182 4277 1341
internal_value=0.0016549 -0.000701322 4.19522e-05 -0.00290911 -0.00611502 0.00444718 -0.00550009 -0.00181555 -0.00115698 -0.00350892 -0.0019064 -0.00431575 0.00132986 0.00275498 -0.00402677 -0.00120645 -0.00606547 0.00194756 -0.00330107 -0.00293235 -0.00480542 -0.0087764 0.000918777 0.000438009 -0.00164965 -0.00109063 -0.00129703 -0.0156179 -0.00226672 -0.0117709 -0.0142867 -0.00462669 -0.000184666 6.39637e-05 -0.00311719 -0.00739959 -0.00565427 0.000990952 -0.000171605 -0.00652665 -0.0141481 -0.00446389 -0.00231512 -0.0149948 -0.0119279 -0.0191283 -0.000268673 -0.00162257 -0.00509877 -0.00949109 -0.00536312 -0.00425997 -0.0199229 -0.00277931 -0.00260175 -0.0116168 -0.00207572 -0.00105473 -0.0251772 -0.00730449 -0.000151629 -0.00265756
internal_weight=238399 129296 96731 32564.5 8281.51 109103 7995.29 24283 50096.1 11912.8 34082 7671.22 46635 20849 6495.92 26410.8 3911.39 33278.7 7040.44 11150.5 5196.54 2025.63 17434.3 16014 5122.45 26177.7 5953.94 630.782 3170.91 1499.37 1166.3 2033.62 12370.3 12068.9 2717.6 1210.65 1087.58 9351.3 6519.06 1782.51 378.433 1404.08 1167.15 236.93 762.278 314.599 16956 7816.13 1746.01 365.365 3730.44 3172.49 181.391 906.188 9221.74 557.951 3655.95 5891.54 243.116 686.154 3955.61 1868.64
internal_count=523592 262658 207709 54949 19723 260934 18992 35226 107195 17309 72763 15752 100514 47221 15933 57011 10197 71570 14632 16187 6614 3304 37920 34432 10628 56551 9573 1120 3310 3059 2188 2119 17917 17171 4159 1898 1678 13012 8351 2985 616 2369 1948 421 1122 356 39141 25022 5878 825 9676 7475 286 1392 17410 2201 4836 9460 319 816 8522 4245
cat_boundaries=0 1 2 3 4
cat_threshold=12 12 12 12
is_linear=0
shrinkage=0.05


Tree=33
num_leaves=63
num_cat=0
split_feature=10 8 19 3 10 10 8 14 6 5 1 31 7 19 32 32 8 26 31 14 9 1 14 32 31 31 32 12 32 10 5 10 31 9 8 26 3 14 3 31 22 31 1 3 15 28 32 32 31 32 14 9 32 10 7 3 30 14 22 31 15 26
split_gain=613.501 76.8167 59.5482 44.9451 38.4994 34.9227 27.5952 27.5967 24.4879 21.1876 22.413 39.6304 20.1993 20.0409 19.4911 19.0429 17.4528 16.8658 15.4536 15.1013 13.3991 13.643 12.9062 12.8222 13.8068 13.2171 13.1386 12.8361 12.1449 12.0457 11.5372 11.4308 11.2057 10.999 10.9182 10.627 13.4961 12.2559 10.5713 14.9383 10.0473 12.1038 9.6457 11.0952 9.60499 11.3189 9.56088 12.8282 9.43859 9.34018 9.17045 9.01792 8.95283 9.4905 8.77924 10.5926 17.0421 8.6504 8.37017 9.08571 10.1049 8.20113
threshold=28.145150000000005 141.01750000000001 13.150000095367433 2.5000000000000004 68.904400000000024 18.5566 226.77150000000003 83.63749702380953 5.5000000000000009 1.0000000180025095e-35 5.5000000000000009 55.746000000000002 40.411500000000004 15.550000190734865 75.987500000000011 70.877500000000012 56.043500000000002 -1.8499999642372129 63.610500000000009 105.32736309523811 131.81600000000003 5.5000000000000009 39.912717261904767 76.19250000000001 26.955500000000004 50.073 71.312500000000014 25.230000000000004 76.780000000000015 107.03362500000001 1.0000000180025095e-35 81.790950000000009 42.513000000000005 -6.5909999999999984 82.982500000000016 -5.7499999999999991 2.5000000000000004 40.529464285714297 3.5000000000000004 55.016000000000012 18.933333158493046 69.062500000000014 9.5000000000000018 11.500000000000002 5.3256250000000005 13.566666682561239 72.690000000000012 71.782500000000013 40.067000000000007 65.612500000000026 44.40480357142858 101.53850000000001 76.142500000000013 71.35945000000001 83.761500000000026 5.5000000000000009 436.50000000000006 42.96913988095239 18.09999982515971 31.132500000000004 18.168729166666669 16.44999980926514
decision_type=2 2 2 2 2 2 2 2 2 2 2 2 2 2 2 2 2 2 2 2 2 2 2 2 2 2 2 2 2 2 2 2 2 2 2 2 2 2 2 2 2 2 2 2 2 2 2 2 2 2 2 2 2 2 2 2 2 2 2 2 2 2
left_child=5 2 8 28 18 -1 7 35 12 10 11 17 16 -7 42 48 58 -6 20 31 21 57 29 25 27 44 -27 -25 51 -12 34 -13 -15 -23 -14 36 -3 -37 -22 -40 -9 -42 -8 -44 45 49 47 -18 -11 -10 -48 -4 -46 -54 55 56 -24 -5 -2 60 -60 -58
right_child=1 6 3 4 9 13 14 40 23 15 22 19 30 32 -16 -17 46 -19 -20 -21 38 33 54 24 -26 26 -28 -29 -30 -31 -32 -33 -34 -35 -36 37 -38 -39 39 -41 41 -43 43 -45 52 -47 50 -49 -50 -51 -52 -53 53 -55 -56 -57 61 -59 59 -61 -62 -63
leaf_value=0.51855315801345481 0.13471904303410476 -0.36956935511332889 -0.088670229322800512 -0.092043540750526995 -0.61795582255840853 0.15843958078723155 -4.4032244827847249 -0.076537883138200161 -0.090425380247634746 -0.62291219171226053 -0.30234241420047853 -0.31316785588451279 0.63668939074846387 -0.022814723042927379 -1.1761178149263516 -0.20903525721499536 -0.20740989494114573 -0.32193528114488718 0.06196691067723599 -0.44604479782099632 -0.25019444745195368 -0.18736523375834438 -0.33269719755492133 -0.15241383688130838 0.12181197837840047 -0.16427310905283329 -0.66067755330314393 -0.57844471870078529 0.55579650059436791 -1.2267727929206018 -0.20833592188896688 -1.0493127169118652 0.039957929344745763 -0.011743830881756524 0.18269434515800712 -1.3728336122819655 -0.92620858092048408 -0.77995866729372954 -0.065635980391110849 -0.34208052131481675 -0.2299057894761326 -1.0473104522078376 -2.1492401180184801 -13.283081805940785 0.0039417611437340128 -0.057032304249354841 -0.15374358291003354 -0.4112084751628029 -0.99988235516566926 -0.55856692157776 0.14297692886377789 0.33006207126994697 -0.30733796870347735 -0.48177082472272553 -0.13192980121741157 -0.18968120223321636 -0.5214087185163081 -0.058882287645608503 -0.11373246030870804 0.0042238601277084344 -0.21190609728006005 -0.56927993738021532
leaf_weight=86374.857160255313 9328.5185525566339 153.4794514477253 2857.3766552209854 1730.0068754553795 77.401372939348221 17827.782686516643 154.17259466648102 4027.895614400506 518.09102237224579 100.94691199064255 1283.1894309967756 95.498846173286438 14940.658522814512 3300.2175729125738 618.03823617100716 284.63436284661293 3517.3619186133146 2373.3191507011652 2703.2965330481529 122.71026647090912 137.89866104722023 43.669696673750877 2018.2417840659618 71.413740038871765 6791.9388257861137 788.21355551481247 381.9437238574028 63.941657066345215 4317.8439279198647 195.05776529014111 739.9925147742033 416.60820120573044 3318.297179043293 16117.925677776337 11381.507793828845 374.66487503051758 103.63367140293121 3390.6156334131956 495.26859864592552 167.29531669616699 1845.7769791185856 247.59296786785126 300.4653235077858 57.519832134246826 7085.7328890264034 2075.0917029827833 1452.4147164076567 251.18712519109249 216.94736647605896 1069.5721869766712 3028.3372925519943 1419.661359667778 85.053199887275696 103.43246781826019 5608.6246485710144 4416.9516555666924 187.84850218892097 3494.3108856678009 313.78913661837578 1209.8132945895195 119.19836708903313 139.34448185563087
leaf_count=209541 21334 270 10069 3972 140 40255 343 5719 2477 422 2689 106 32288 9637 857 392 9454 4246 2812 130 280 99 4195 124 9778 1169 513 111 7726 427 1644 456 5444 38000 18839 848 200 6091 1189 188 3086 253 638 200 15937 6337 2258 425 376 2162 4245 2741 107 130 9963 7753 370 8028 1196 2235 367 222
internal_value=0.00163223 -0.000731282 -0.000349387 -0.00162927 -0.0022972 0.00435384 -0.00467183 -0.00384532 0.000650394 -0.00409147 -0.00376313 -0.00761638 0.00127124 0.00268526 -0.0120799 -0.0132984 3.17898e-05 -0.00472831 -0.00103284 -0.0187408 -0.00146774 -0.00122981 -0.00290416 -0.000859208 0.000856328 -0.00184077 -0.00688914 -0.014897 0.00166769 -0.00731844 0.00215152 -0.0225096 0.000335613 -0.000511713 0.00232466 -0.00706204 -0.0168842 -0.00638702 -0.00781501 -0.00517663 -0.00173074 -0.00453974 -0.0192855 -0.0147109 -0.00130006 -0.00338782 -0.00170566 -0.00356139 -0.0216906 -0.0065641 -0.000144442 -0.000220833 -0.000248497 -0.0109743 -0.00237613 -0.00358906 -0.00630414 -0.00345076 0.00133821 -0.00195188 -0.00815837 -0.0168737
internal_weight=238434 127613 116339 51021.9 42427 110821 11273.9 10143.7 65317.2 17537.3 16934.8 3085.54 46282.8 24446.3 1130.2 602.529 19220.6 2450.72 24889.7 634.817 22186.4 21385.9 13849.3 19034.4 6927.29 12107.1 1170.16 135.355 8594.88 1478.25 27062.2 512.107 6618.51 16161.6 26322.2 4022.39 257.113 3765.28 800.463 662.564 6121.27 2093.37 512.158 357.985 10937 3662.75 8249.3 3768.55 317.894 1587.66 4480.75 4277.04 7274.22 188.486 12371 6762.39 2345.43 5224.32 10971.3 1642.8 432.988 327.193
internal_count=523503 258626 240121 106991 86455 264877 18505 16467 133130 31887 30697 5078 94285 55336 2038 1190 41514 4386 54568 692 51756 50099 25619 38845 10013 28832 1682 235 20536 3116 52771 562 15081 38099 51127 7409 470 6939 1657 1377 9058 3339 1181 838 27150 10976 16382 9879 798 4639 6503 12810 16174 237 22503 12540 4787 12000 25132 3798 1563 592
is_linear=0
shrinkage=0.05


Tree=34
num_leaves=63
num_cat=1
split_feature=10 8 32 8 14 26 19 19 0 10 7 5 31 32 22 31 32 2 22 22 6 12 22 5 1 9 9 31 24 32 14 9 22 5 8 31 2 1 9 1 32 9 1 24 14 6 3 2 6 14 31 31 27 32 19 1 3 32 1 31 23 32
split_gain=592.355 82.3513 54.3314 42.7669 41.4857 38.5873 38.4439 32.3503 27.5491 25.9805 23.3968 22.1458 21.5 21.128 18.5474 17.9075 16.7479 19.4892 14.7291 13.5692 13.0001 14.0525 13.2715 12.8557 15.0923 13.2929 12.8027 16.3062 12.367 12.2224 12.1956 11.3689 11.2616 11.1962 11.1487 15.0492 15.2866 11.1145 13.8057 10.9663 13.1352 11.6154 10.8047 10.2496 10.084 10.1219 9.72081 9.16052 9.42326 9.03256 8.97561 8.78382 8.719 9.49713 9.72712 8.71425 9.01041 8.61009 10.7528 13.9147 8.5005 8.43332
threshold=25.841625000000004 82.982500000000016 82.195000000000007 194.36250000000004 93.462577380952396 -1.2499999999999998 13.550000190734865 17.250000000000004 0 17.878350000000001 82.565000000000012 1.0000000180025095e-35 29.307000000000002 78.990000000000023 18.09999982515971 48.242500000000007 69.100000000000009 3.5000000000000004 11.199999769528707 11.066666642824812 4.5000000000000009 25.578500000000002 16.733333647251133 1.0000000180025095e-35 5.5000000000000009 144.52650000000003 126.37750000000001 66.226500000000001 630.50000000000011 76.437500000000014 64.384791666666686 191.60500000000005 27.066667079925541 1.0000000180025095e-35 118.26250000000002 32.297000000000004 2.5000000000000004 14.500000000000002 62.901500000000006 6.5000000000000009 78.552500000000023 47.01250000000001 6.5000000000000009 107.50000000000001 41.202827380952385 5.5000000000000009 1.5000000000000002 4.5000000000000009 3.5000000000000004 37.4898796583851 61.875000000000007 43.488500000000009 9.5499997138977069 79.585000000000022 8.6500000953674334 5.5000000000000009 6.5000000000000009 74.662500000000009 6.5000000000000009 41.104500000000009 19.650000572204593 65.885000000000005
decision_type=2 2 2 2 2 2 2 2 1 2 2 2 2 2 2 2 2 2 2 2 2 2 2 2 2 2 2 2 2 2 2 2 2 2 2 2 2 2 2 2 2 2 2 2 2 2 2 2 2 2 2 2 2 2 2 2 2 2 2 2 2 2
left_child=9 6 3 4 5 12 20 11 19 -1 23 18 -3 28 -11 16 17 -6 44 -5 21 22 -2 24 25 30 49 -28 33 -21 -8 60 -17 55 -14 36 -36 38 -13 40 51 -42 -19 -10 61 -46 -4 48 -44 -15 -47 -20 53 -24 -55 56 -9 58 59 -16 -25 -7
right_child=1 2 46 8 15 7 10 13 43 14 -12 37 34 26 57 32 -18 42 39 29 -22 -23 52 31 -26 -27 27 -29 -30 -31 -32 -33 -34 -35 35 -37 -38 -39 -40 -41 41 -43 47 -45 45 50 -48 -49 -50 -51 -52 -53 -54 54 -56 -57 -58 -59 -60 -61 -62 -63
leaf_value=0.50758798256517468 0.14115275760368498 0.13739255678053866 0.57427170296623764 0.63575642198978388 0.20791034923618243 -0.95739017888887945 -0.091544084471933129 -0.43648477479474512 -2.9173957834239577 0.15055254432923332 0.09642801985671029 -1.0000798852492672 -0.33529320183287442 -0.88560694135047346 -0.076234283821472459 -0.38900729601333739 0.35645248823715864 -0.53772052251942171 -0.60740359525435217 -3.0824492330662423 0.021928343702149179 0.76034798892615152 -0.045699337362506399 -0.074709131462321929 -0.017196470730416635 -0.69998208213290247 -1.5831577972316149 -1.9704579396226274 -0.45389575225255357 -0.64636696164836427 -0.00047161496761987114 -1.0608769974907284 -0.88096191917383282 -0.73356954248292539 -0.92087327882713987 -0.43562505126325424 -0.35911877666387682 -0.61630290569203872 -0.47132855646879079 -0.23415683386194885 -0.074274634773796325 -1.6133214387452393 -0.14318451481729683 -0.81523869923136516 0.32531513567192472 -0.30344950272687754 -0.051585770458802929 -0.013365152100671553 -0.96606308527902129 -0.59225440899304693 -1.9567164806646979 -0.085160428149988129 0.0062127471476618014 -0.068136061120806349 -0.18840882771457146 -0.34836569155371255 -0.86633121284482761 0.09436212116335306 -0.00078857680162300889 -0.00094524494637422414 -0.373323505426297 -0.25482127400098947
leaf_weight=84485.929062783718 14485.357057765126 309.70005185902119 4258.9652677178383 294.54208992421627 1195.2917856872082 224.77449317276478 4668.569972500205 336.57339388132095 189.1390922665596 16495.453332200646 5870.8027883172035 163.37378983199596 1072.1298455148935 103.74907800555229 297.39879028499126 4462.6678831577301 7293.7258184254169 291.93977734446526 630.03372237086296 696.71944361925125 21003.221256837249 9199.1771454066038 854.93369241058826 812.5555330067873 19859.969144180417 56.913756549358368 170.4107922911644 165.50601065158844 97.03624626994133 563.14498662948608 2137.2808770239353 52.179649859666824 77.631650865077972 248.78138734400272 242.28512918949127 337.19669084250927 208.28430797159672 287.18183661997318 107.74305459856987 9099.4111906439066 159.83967939019203 293.13998246192932 98.468346655368805 62.393298625946045 5091.4064247012138 1987.7675224840641 2589.943600833416 407.70115193724632 147.1505691409111 496.94941693544388 116.75083023309708 1044.3782017529011 2207.4690927714109 146.81188869476318 167.32788413763046 4642.398112654686 340.50878620147705 1913.5654443204403 2048.5428017675877 291.24117037653923 116.35831086337566 819.04983648657799
leaf_count=205399 31084 888 6940 587 2208 763 10940 602 323 36553 11443 348 2181 126 1061 6103 11152 480 1463 1640 46456 20942 2237 2122 46074 66 255 174 157 778 4280 179 130 475 406 925 375 597 208 16149 177 329 182 98 9438 3770 3069 738 273 616 127 1389 5048 189 210 10334 692 2707 6291 687 273 1619
internal_value=0.00163261 -0.000586044 -0.00215325 -0.00279028 -0.00247189 -0.00355665 0.000401182 -0.00303394 -0.0103252 0.00443008 -0.000897 -0.00203307 -0.00996736 -0.00606902 0.00285801 -0.000236519 0.00100515 -0.00288268 -0.00175113 -0.00765278 0.00130801 0.00203243 0.00121463 -0.00150461 -0.00129807 -0.00331927 -0.0130229 -0.0208335 -0.00491726 -0.00995928 -0.00311581 -0.00712305 -0.00281624 -0.00460638 -0.0119975 -0.0165156 -0.0224894 -0.0118427 -0.0190869 -0.00292931 -0.00616056 -0.0137061 -0.00824364 -0.0254342 -0.000145679 0.000520724 0.00199271 -0.00465743 -0.0122641 -0.00862784 -0.00239532 -0.00411231 -0.00160792 -0.00509727 -0.0125176 -0.00411967 -0.00941571 3.20314e-05 -0.00182031 -0.00777018 -0.00582883 -0.00473583
internal_weight=238597 133065 51425.8 44576.9 42770.9 28796.4 81638.9 26626.8 1805.94 105532 33574.6 20024.9 2169.6 6601.91 21046.2 13974.6 9434.28 2140.55 19466.6 1554.41 48064.3 27061.1 17861.9 27703.8 26722.7 6862.76 936.615 335.917 5665.3 1259.86 6805.85 981.093 4540.3 5568.26 1859.9 787.766 450.569 558.299 271.117 11226.8 2127.39 452.98 945.26 251.532 8239.75 7195.92 6848.91 653.32 245.619 600.698 2104.52 1674.41 3376.54 1169.07 314.14 5319.48 677.082 4550.75 2637.18 588.64 928.914 1043.82
internal_count=523525 270827 89284 79275 75849 54583 181543 49808 3426 252698 75377 36377 4775 13431 47299 21266 15033 3881 35224 3005 106166 59710 38768 63934 61360 15286 1171 429 12260 2418 15220 2574 6233 12103 3887 1706 781 1153 556 19507 3358 506 1673 421 15717 13335 10009 1193 455 742 3897 2852 7684 2636 399 11628 1294 10746 8039 1748 2395 2382
cat_boundaries=0 1
cat_threshold=12
is_linear=0
shrinkage=0.05


Tree=35
num_leaves=63
num_cat=3
split_feature=10 8 21 22 14 10 8 14 26 32 32 24 17 22 32 24 10 24 21 3 2 10 8 32 0 32 3 2 22 32 32 17 2 0 32 2 2 0 10 21 32 17 2 2 2 8 12 19 8 14 8 22 10 24 13 24 26 24 10 19 8 32
split_gain=562.363 67.6277 54.3759 33.0626 32.5153 28.2898 26.8855 19.9427 20.5071 32.2998 19.8654 25.3803 24.2612 19.6056 17.2284 23.1389 22.0692 18.715 17.0371 16.7902 21.0215 15.8717 15.1741 16.2676 14.9578 14.7228 19.4034 22.6215 21.4377 17.3635 14.2388 13.358 12.734 12.5756 13.212 12.062 15.863 12.429 11.9602 10.5567 11.3609 11.8534 19.6527 11.2046 10.4953 10.3906 10.3746 10.3735 10.1888 13.9933 10.1371 9.6686 9.66843 9.15426 9.04507 8.83214 9.78303 8.7878 8.56336 11.8419 8.44818 8.38803
threshold=25.841625000000004 122.49900000000001 9.5999998599290866 12.799999952316286 44.872901785714291 16.939525000000003 226.77150000000003 90.888095238095261 -1.2499999999999998 78.805000000000021 82.450000000000003 1.5000000000000002 15.050000190734865 16.800000270207729 72.690000000000012 357.50000000000006 87.359825000000015 523.50000000000011 21.175000190734867 2.5000000000000004 4.5000000000000009 65.06310000000002 37.861000000000011 71.312500000000014 0 80.617500000000021 9.5000000000000018 3.5000000000000004 15.566666364669802 75.987500000000011 75.987500000000011 11.449999809265138 1.5000000000000002 1 77.637500000000017 3.5000000000000004 1.0000000180025095e-35 2 61.997900000000008 12.050000309944155 68.46250000000002 5.9500000476837167 1.0000000180025095e-35 4.5000000000000009 2.5000000000000004 26.664000000000005 97.001000000000019 20.349999427795414 73.720000000000013 56.33961011904762 19.191000000000006 23.033333539962772 35.783000000000008 374.50000000000006 19.895000000000003 103.50000000000001 -8.0500001907348615 3.5000000000000004 123.89195000000001 22.94999980926514 168.35900000000001 70.77500000000002
decision_type=2 2 2 2 2 2 2 2 2 2 2 2 2 2 2 2 2 2 2 2 2 2 2 2 1 2 2 2 2 2 2 2 2 1 2 2 2 1 2 2 2 2 2 2 2 2 2 2 2 2 2 2 2 2 2 2 2 2 2 2 2 2
left_child=5 2 19 18 58 -1 7 8 9 44 11 12 25 -7 15 51 -17 -18 33 54 21 -21 -22 -24 -25 29 -27 -28 -29 -5 55 -31 -33 -4 38 36 37 -9 -35 -15 41 -41 50 -42 -6 52 -39 -10 -16 -50 -43 -13 -14 -20 -2 56 -8 -49 -3 -60 -37 -23
right_child=1 4 3 10 6 13 30 35 47 -11 -12 14 45 39 48 16 17 -19 53 20 22 61 23 24 -26 26 27 28 -30 31 -32 32 -34 34 -36 60 -38 46 -40 40 43 42 -44 -45 -46 -47 -48 57 49 -51 -52 -53 -54 -55 -56 -57 -58 -59 59 -61 -62 -63
leaf_value=0.50169608362765084 -0.18624907497238219 -0.40919940830544022 0.27051762669656548 -0.10755348377725582 -0.91579874410036843 0.15832109221071972 -3.5525488893653958 -0.23718146412597038 -0.37141093553283755 0.096614473637462339 0.092368339191122584 0.00094711833593272851 -0.13757481622505613 0.10143506708931832 0.043818242781271978 -0.093956153386337254 -0.49431872172163765 -0.86055271505643349 -0.086317447663208924 0.24301115102510487 0.077579881119471505 -0.1963260629946241 -0.03286526232733529 -0.22846943533128297 -0.24773804313768652 -0.067892646272441945 -0.14242123715912136 -0.30493996792577038 -0.57291877413596948 0.094999640654840442 -1.0915535578532471 -0.40667075051489476 -0.013989605185544818 -0.015606405873062102 0.2129071619697907 -0.42601212075284461 0.32285190276716808 -0.55092507601999974 -0.2760961572043158 0.0067494543510695955 0.090086666511521696 -0.012885121782610476 -0.021129566512593279 -0.04483624544637959 -0.45029547635371547 -0.40545603533374824 -1.3852188472351672 -1.2195812242208142 -0.41092383145152456 0.041165115276117353 -0.12015199217022819 -0.12448717250653694 -0.30315508121827722 -0.29110583927630657 0.7122754396941311 -1.2785468658759187 -4.5059464669150797 -0.653598262346619 -1.3023179169776946 -1.6572929524621749 -1.2618958748286482 0.13116064779944311
leaf_weight=81678.934215143323 118.66621451079845 616.92080311477184 16103.620248615742 9445.7816294431686 235.01851898431778 17211.867700695992 66.151415973901749 1292.1350405216217 6520.7327446341515 295.79676720499992 3177.7143931984901 6814.7316730618477 152.3850566893816 2968.1973198652267 6315.5718519538641 3852.6713114529848 278.83506615459919 123.023546859622 686.58980260789394 17044.051724553108 2437.4874371439219 4021.5222597271204 2805.4331005066633 1776.0317933112383 611.23508363962173 788.33331030607224 410.28021270036697 122.51656198501587 258.86679011583328 3027.6183002591133 592.21494406461716 306.73516720533371 505.80061307549477 4541.0386481285095 1562.5387946665287 2056.7415004968643 4926.3333593010902 167.82395207881927 1514.9867226332426 600.00130775570869 1589.3575403392315 43.507074952125549 696.72741448879242 738.69277137517929 232.70135976374149 1151.3181549608707 76.536187648773193 445.60822705924511 1220.8829367756844 2838.0781674385071 154.66240288317204 1262.1235592961311 115.73752185702324 316.71224817633629 9733.0174340307713 86.985060214996338 332.57659785449505 788.21322955191135 466.43829718232155 74.731760486960411 400.23656079173088 7820.2739719003439
leaf_count=199399 485 1509 34579 24174 448 37851 103 1893 11179 493 4805 19385 255 6821 9036 9477 504 200 1527 38279 5376 11242 7811 2478 761 990 657 189 439 5570 818 347 628 10608 1961 3076 7176 266 2866 1611 2860 135 2573 1190 478 2114 120 816 1799 3976 616 3964 147 522 20166 160 838 1551 1022 129 566 10815
internal_value=0.00165307 -0.000511174 -4.11466e-05 -0.000953243 -0.00321697 0.00437543 -0.00270824 -0.00223418 -0.00396434 -0.011778 -0.0018044 -0.00211422 -0.00362044 0.00286616 -0.0010338 -0.002297 -0.00528076 -0.0164175 0.000498414 0.00127472 0.000780477 0.00139704 -0.00155356 -0.00308104 -0.00611391 -0.00302367 -0.00758531 -0.0131096 -0.0218608 -0.00248066 -0.0103679 0.000354194 -0.00533428 0.000768431 -0.000904886 -0.00058169 0.000552082 -0.00388189 -0.00196372 0.000591104 -0.00114585 -0.0045458 -0.00818825 0.00103836 -0.0199423 -0.00986399 -0.0139669 -0.00319359 0.000467756 -0.00148657 -0.0220415 -0.000724832 -0.0187194 -0.00588032 0.00310642 -0.0167063 -0.0198487 -0.00739621 -0.0113413 -0.0159314 -0.00356297 -9.0754e-06
internal_weight=238618 132936 113262 66894.5 19673.9 105682 18515.8 17437.9 8518.07 763.517 42169 38991.3 16285.4 24003 22705.9 12331.4 4254.53 401.859 24725.5 46367.7 36516 28885.8 7630.19 5192.7 2387.27 14865.9 1580 791.664 381.383 13285.9 1077.93 3840.15 812.536 23722.2 7618.56 8919.81 6462.83 1536.5 6056.03 6791.15 3822.95 1494.9 894.897 2328.05 467.72 1419.44 244.36 7754.55 10374.5 4058.96 198.169 8076.86 268.123 1003.3 9851.68 485.713 398.728 1233.82 1158.09 541.17 2456.98 11841.8
internal_count=523829 270773 238132 140719 32641 253056 29981 28062 14965 1419 88656 83851 35510 53657 48341 33530 10181 704 52063 97413 76762 60336 16426 11050 3239 32994 2275 1285 628 30719 1919 6545 975 50014 15435 13097 9455 2279 13474 15806 8985 4935 3324 4050 926 2516 386 13546 14811 5775 751 23349 402 2049 20651 1101 941 2367 2660 1151 3642 22057
cat_boundaries=0 1 2 3
cat_threshold=12 12 12
is_linear=0
shrinkage=0.05


Tree=36
num_leaves=63
num_cat=2
split_feature=8 8 3 21 5 22 8 17 22 24 12 1 9 3 2 0 20 3 0 3 8 17 2 3 31 8 3 31 9 23 31 21 9 9 28 26 20 9 23 31 8 9 1 9 6 21 8 1 21 6 23 2 9 16 25 17 31 26 16 31 8 1
split_gain=508.39 83.5262 48.9254 38.9544 36.6275 32.5284 30.4259 26.2834 25.5471 22.8287 22.5578 25.8019 26.1325 20.2395 20.5895 19.24 18.7132 16.9789 16.4559 26.2505 16.3473 15.6069 14.7814 24.7851 14.1915 14.0345 13.5706 14.4555 22.3279 14.6521 14.0611 12.8687 12.868 12.4026 11.6238 11.7891 11.5574 14.4708 12.9666 11.4141 10.7912 10.6998 11.5128 10.5882 10.3213 10.0728 10.0416 12.9705 9.98077 9.96566 9.89603 9.61338 9.49963 8.40983 10.5845 8.32449 11.5734 8.31103 8.163 8.03051 14.3285 14.1304
threshold=22.775000000000002 78.903500000000022 1.5000000000000002 17.149999737739567 1.0000000180025095e-35 14.366666714350385 226.77150000000003 0.94999998807907116 12.00000035762787 610.50000000000011 48.017500000000005 5.5000000000000009 134.67250000000004 5.5000000000000009 4.5000000000000009 0 1.5000000000000002 5.5000000000000009 1 10.500000000000002 15.606000000000002 16.94999980926514 1.5000000000000002 11.500000000000002 40.067000000000007 161.00500000000002 6.5000000000000009 79.51900000000002 11.411000000000003 5.9500000476837167 28.167500000000004 20.750000238418583 73.416500000000028 93.451500000000024 19.583333492279056 -6.7499999999999991 433.50000000000006 29.932500000000001 17.550000190734867 33.474000000000011 129.59150000000002 1.921 8.5000000000000018 9.6725000000000012 5.5000000000000009 9.150000140070917 129.59150000000002 17.500000000000004 12.800000309944155 4.5000000000000009 6.1499998569488534 3.5000000000000004 20.362500000000001 14.872979166666671 18.750000000000004 16.650000572204593 61.875000000000007 -4.9500000476837149 32.671875000000007 51.771000000000008 154.23000000000005 5.5000000000000009
decision_type=2 2 2 2 2 2 2 2 2 2 2 2 2 2 2 1 10 2 1 2 2 2 2 2 2 2 2 2 2 2 2 2 2 2 2 2 10 2 2 2 2 2 2 2 2 2 2 2 2 2 2 2 2 2 2 2 2 2 2 2 2 2
left_child=20 5 24 4 6 31 8 -7 18 59 11 12 43 36 16 -8 45 46 44 25 -1 -14 -21 -24 57 -20 41 29 -29 30 -28 49 -32 -11 35 39 37 -9 -38 -12 -13 -16 -43 -10 -4 -15 -6 -48 -22 -2 -45 -42 -50 54 -53 -46 -57 -3 -37 60 -5 -61
right_child=1 2 3 9 17 7 15 13 10 33 34 40 21 14 26 -17 -18 -19 19 22 48 -23 23 -25 -26 -27 27 28 -30 -31 32 -33 -34 -35 -36 58 38 -39 -40 -41 51 42 -44 50 55 -47 47 -49 52 -51 -52 53 -54 -55 -56 56 -58 -59 -60 61 -62 -63
leaf_value=0.48203627963700324 0.16509672186725555 0.020049037685167904 0.5069764353861167 -0.29185129314800523 -0.75875218185585647 0.10388822376668437 -2.2925461203887352 0.017859660360009678 0.01734720732482984 -0.2103521945543598 -0.66362976993589951 -0.15063818448438085 -1.0355388798007135 0.11343528850585294 -0.13793017188774001 -2.8931825191186578 0.080374904198960817 1.1196421195120707 -0.065771207500024076 -0.1234667329966392 0.2168156254978568 -2.2567486684461437 -0.65006652590272795 -0.0057971100816068604 -0.22132690055247012 -0.74322120797406022 -0.39593382407205024 -0.1829501672555045 -0.013356583301080961 0.0010291588738510881 -0.019918535995984855 -0.085485374860448188 -0.35453985752126482 -0.92562213441718133 0.36089643743901195 0.13071318574675814 -0.078640495682495981 -0.10867254785428955 -0.30175054143936997 -0.20587345482994301 -0.4325905139395772 -0.31417023834726482 -0.082693861275358327 -0.18653609231318741 0.06132064406135776 -0.059187633551454691 -1.5373380855662 0.21102208380969076 0.079636262852335271 0.051458516251492628 -0.52930312655311063 -1.7492049840287329 -0.01124744853713704 -0.70233552170136737 -0.4091692812915817 -0.84538372480254154 -2.9957624479625036 0.88824688393813478 -0.35445529553814414 -1.295252123242264 -1.7546129275710129 -0.65851815371416655
leaf_weight=85549.001330509782 23083.729658558965 1534.3565540909767 8557.6467339396477 4204.4273151904345 509.58860099315643 7179.1224784851074 732.01724795997143 2751.8648008257151 464.4461694508791 85.564293324947357 601.128458365798 9586.8674991577864 158.51879751682281 1812.5493587106466 78.784659832715988 109.13731548190117 9172.2517897933722 146.9137796163559 2592.5244791060686 123.33028262853622 10983.384501874447 88.966691374778748 149.23416429758072 79.682232588529587 759.31049281358719 96.222871899604797 85.634485840797424 148.32803845405579 254.87898856401443 3883.6277533620596 305.2067277431488 1202.8561276495457 77.510891035199165 86.283714473247528 2060.9178564399481 3782.0755159258842 1231.7135778963566 5875.0504668205976 284.60594384372234 798.44832634925842 3419.4538204222918 156.52532064914703 456.29568167030811 542.89025513827801 2507.6034080684185 3655.3311054557562 64.665387660264969 141.33598248660564 3803.6642484217882 18193.260437652469 1461.5084230154753 114.53234851360321 2912.0142415910959 684.25523488223553 120.29039585590363 938.95313222706318 102.14120817184448 3848.6182625591755 2542.0518314987421 166.36549019813538 533.54208597540855 1028.6114195585251
leaf_count=204190 51749 2537 15331 8255 1193 19409 1261 6968 793 135 964 17592 175 3025 167 173 18586 260 4122 223 25169 100 271 165 2462 155 148 153 263 7358 570 2593 101 111 3345 5958 2875 17182 956 1269 5570 374 926 856 4758 6957 104 238 8811 41423 2368 191 6869 1078 212 1551 112 6436 4285 194 1174 1238
internal_value=0.00166051 -0.000354551 -0.00184407 -0.00236753 -0.00184 0.000680705 -0.00163242 -0.000394418 -0.00144178 -0.00610627 -0.00238014 -0.00350023 -0.0079572 -0.00104028 -0.000120895 -0.0110415 0.000855532 -0.0120346 0.000195342 -0.00308637 0.00430331 -0.0234176 -0.015911 -0.0234024 0.00236402 -0.00141242 -0.00274505 -0.00179224 -0.0108371 -0.000951937 -0.00929635 0.00162748 -0.00516376 -0.0240231 -0.000474922 -0.00136515 -0.00286078 -0.00215268 -0.00688531 -0.00551582 -0.00263033 -0.00928419 -0.00702828 -0.00639854 0.00102157 -0.00145956 -0.0152097 -0.00585656 0.0029198 0.00177607 -0.00797402 -0.00469916 0.00140106 -0.00923713 -0.0173878 -0.00124446 -0.0050005 0.00326672 -0.000445846 -0.00558335 -0.00465773 -0.00924637
internal_weight=238662 135414 55524.4 49382.1 43277.3 79889.1 42414.8 37409.3 41573.7 6104.79 26426.4 16641.7 2716.33 30230.2 20086.9 841.155 14640.1 862.504 15147.3 3040.99 103248 247.485 352.247 228.916 6142.29 2688.75 5446.79 4755.19 403.207 4351.98 468.352 42479.8 382.718 171.848 9784.62 7723.7 10143.2 8626.92 1516.32 1399.58 13925.4 691.606 612.821 2468.84 12106.3 5467.88 715.59 206.001 17699.1 41277 2004.4 4338.53 6715.68 919.078 234.823 3548.7 1041.09 5382.97 6324.13 5932.95 4737.97 1194.98
internal_count=524037 278998 97215 85780 74673 181783 72878 86018 71444 11107 44756 28935 4292 66609 38628 1434 28568 1795 26688 4936 245039 275 659 436 11435 4277 10060 8593 416 8177 819 95765 671 246 15821 12476 27981 24150 3831 2233 24643 1467 1300 4017 21752 9982 1535 342 40849 93172 3224 7051 15680 1481 403 6421 1663 8973 10243 10861 9429 1432
cat_boundaries=0 1 2
cat_threshold=12 12
is_linear=0
shrinkage=0.05


Tree=37
num_leaves=63
num_cat=3
split_feature=10 10 21 24 21 32 3 0 26 3 32 10 1 0 10 22 17 1 17 22 32 17 3 2 22 3 9 9 10 24 2 24 10 20 24 3 32 21 2 0 25 3 17 6 32 2 14 24 22 3 18 19 2 14 9 3 14 1 20 14 9 22
split_gain=523.421 61.7138 45.6272 40.8963 33.847 25.9593 30.2651 29.1423 26.7313 26.4232 98.7255 23.8528 19.4162 18.2741 28.0402 16.4124 15.9678 22.0247 15.4186 16.8479 13.8979 13.599 13.5928 15.9257 13.4037 13.0842 12.5904 11.5631 15.2959 16.0776 14.202 14.7422 13.0446 11.1109 10.7119 16.0527 10.6158 10.3982 10.334 16.6675 35.1291 11.4123 10.3098 9.96963 12.4714 31.1011 9.92504 9.89832 9.61465 9.58893 17.7309 9.32085 9.3032 9.21214 9.13611 8.85681 10.5844 9.40002 8.83768 9.19817 8.82799 12.0388
threshold=23.887975000000001 85.032950000000014 14.199999928474428 570.50000000000011 9.9000001549720782 70.850000000000009 6.5000000000000009 0 -4.9500000476837149 7.5000000000000009 77.862500000000011 16.637650000000001 11.500000000000002 1 123.89195000000001 20.633333285649623 1.3499999642372134 5.5000000000000009 5.0499999523162851 21.966666698455814 76.19250000000001 15.449999809265138 6.5000000000000009 5.5000000000000009 17.933333436648052 11.500000000000002 11.095000000000001 81.609000000000023 130.10275000000004 1.0000000180025095e-35 3.5000000000000004 1.0000000180025095e-35 175.43465 2.5000000000000004 662.50000000000011 5.5000000000000009 70.877500000000012 24.924999713897709 4.5000000000000009 2 26.150000572204593 5.5000000000000009 4.3500001430511483 3.5000000000000004 76.142500000000013 5.5000000000000009 64.384791666666686 12.500000000000002 11.066666642824812 10.500000000000002 6.0500001907348642 20.250000000000004 4.5000000000000009 32.867642857142862 176.01000000000002 4.5000000000000009 62.863785714285719 10.500000000000002 280.50000000000006 16.506726190476197 -3.2334999999999998 19.900000333786014
decision_type=2 2 2 2 2 2 2 1 2 2 2 2 2 1 2 2 2 2 2 2 2 2 2 2 2 2 2 2 2 2 2 2 2 10 2 2 2 2 2 1 2 2 2 2 2 2 2 2 2 2 2 2 2 2 2 2 2 2 10 2 2 2
left_child=11 4 5 13 20 7 38 25 26 10 51 60 -12 18 -15 37 -6 21 -4 -20 34 46 23 -19 -11 42 -8 28 29 -9 32 -32 -29 -14 43 36 -36 -13 53 41 -41 -40 -3 -2 -45 -46 49 -24 -23 -18 -51 -10 -17 -7 -27 57 -57 -21 59 -25 61 -1
right_child=1 2 3 -5 16 6 8 27 9 24 12 15 33 14 -16 52 17 22 19 55 -22 48 47 58 -26 54 -28 30 -30 -31 31 -33 -34 -35 35 -37 -38 -39 39 40 -42 -43 -44 44 45 -47 -48 -49 -50 50 -52 -53 -54 -55 -56 56 -58 -59 -60 -61 -62 -63
leaf_value=0.54560946489221362 0.22319087730012052 0.10562340197012575 0.0060976028988861232 -0.84069448424600501 0.064230999775385558 -0.48200109135413388 -0.59501594944755287 -0.61024140835709351 0.27268534364111263 0.13725734330917305 -2.052144314794873 0.13130103329487763 -2.7127804047065753 -0.32138954341495851 -1.0730016439036427 0.029613463299047283 -0.055482064186371721 -0.020559632069583958 -0.55623216721317092 -1.1612875488344898 0.29903080623699019 -0.19696593853373995 -0.032779187811490827 -0.20746246007075514 -0.35603828001814009 -1.2018516797516179 -0.13382704683183705 0.0091635763183873561 -1.2702483230566863 -0.28668171415485871 -0.74837325957050571 -0.25124839645761482 -2.4254019375954785 -0.76875917970997065 -0.43317878177573022 0.033679021229567674 -0.010921752474332181 -0.058842584546169446 0.6477731877356494 -0.31986202165992206 -1.4223163343408811 -0.71474577704354736 -0.46620463903001269 0.016864448709466729 0.71109964059558628 -0.52330267014686316 0.0068710447500688332 0.050588472009157219 -0.22641564864207597 -0.28537478120714965 -0.099449053321527717 -0.81812165696130856 -0.035872425847231958 0.36598478918165472 -3.4551545188559771 -0.76300307217532581 -0.62681958343463506 -0.86291458984555058 -0.21807881516641567 -0.079606014700127056 0.45933445955163743 -0.8871904466068099
leaf_weight=1066.5066492110491 9874.4887450188398 2539.1611934155226 2300.856395304203 181.21258983016014 9084.1525697112083 84.257212847471237 121.58560293912888 201.63262361288071 1379.3120836615562 6480.8981961905956 270.15900808572769 17508.998494490981 89.49594783782959 1380.5308506041765 418.00984567403793 1788.0758669525385 5558.8044799864292 15115.901752904058 4884.8816272765398 69.753920763731003 14614.029818713665 439.26040165126324 5273.5081658810377 72.328506767749786 2587.6677674055099 176.91329312324524 80.166979432106018 671.86154848337173 56.984586268663406 345.8290973752737 222.53746515512466 177.69495570659637 82.555530786514282 157.73480474948883 139.58021850883961 245.88998174667358 64.523876965045929 163.5185711979866 1405.2186474204063 495.07956749200821 118.42774987220764 457.71394272148609 4106.9656621813774 13804.939281031489 137.27658015489578 94.637647747993469 2848.7280037254095 12570.727808475494 704.53742247819901 88.150641322135925 516.84400579333305 410.01400542259216 767.67023783922195 11199.2218529284 46.167306900024414 198.58696483075619 592.65203428268433 124.91646073758602 566.51938104629517 1334.0418026000261 79629.945638671517 151.80892573297024
leaf_count=3234 27066 4954 4869 246 24502 229 220 394 1619 8320 308 38299 102 2249 665 4303 11671 35500 8104 123 20733 802 10619 164 3562 622 145 1065 110 900 345 279 127 180 539 443 84 380 2366 762 189 639 10596 38117 173 119 5346 23792 1358 173 1098 484 1970 17644 160 401 1053 231 1054 2994 193859 504
internal_value=0.00166929 -0.000341378 -0.00188188 -0.00482298 0.000388238 -0.00100274 -0.000196044 -0.00337128 -0.00207992 -0.00175901 -0.00653586 0.00439982 -0.0257496 -0.00439349 -0.0089513 0.002864 -0.000420192 -0.0008055 -0.00337429 -0.00473789 0.00151189 -0.00285483 -0.000209619 -0.00121744 -0.00054336 -0.00188868 -0.0200757 -0.00909405 -0.0147461 -0.0121325 -0.00620377 -0.0138047 -0.00215838 -0.0155274 0.000780557 -0.0068537 -0.0171827 0.00340559 0.00138901 -0.00153539 -0.00860087 0.000836465 -0.00149053 0.000924508 6.81702e-05 -0.0114054 -0.0022025 0.000755553 -0.00798845 -0.00333036 -0.00930369 -0.000968872 -0.000880833 0.00203092 -0.0137752 -0.0106974 -0.0083277 -0.0202372 -0.00544129 -0.00331312 0.00478405 0.000559557
internal_weight=238342 137266 44116.7 10151.4 93148.9 33965.3 25337 8628.3 11577 11375.3 2306.72 101077 517.39 9970.19 1798.54 20228.3 54173.5 45089.4 8171.65 5870.79 38975.4 10156.3 34933 17088.8 9068.57 6869.21 201.753 1759.1 604.446 547.462 1154.65 400.232 754.417 247.231 24361.3 449.994 204.104 17672.5 13759.9 2476.44 613.507 1862.93 6646.13 23911.3 14036.9 231.914 9012.53 17844.2 1143.8 6163.8 604.995 1789.33 2555.75 11283.5 223.081 985.909 791.239 194.67 1972.89 1406.37 80848.3 1218.32
internal_count=523158 280609 74262 17941 206347 56321 36769 19552 14940 14575 2693 242549 590 17695 2914 44952 119073 94571 14781 9912 87274 20448 74123 39712 11882 16332 365 3220 1404 1294 1816 624 1192 282 66541 1066 623 38679 21829 3956 951 3005 15550 65475 38409 292 18288 34411 2160 12942 1271 2103 6273 17873 782 1808 1454 354 4212 3158 197597 3738
cat_boundaries=0 1 2 3
cat_threshold=12 12 12
is_linear=0
shrinkage=0.05


Tree=38
num_leaves=63
num_cat=1
split_feature=10 10 32 0 31 19 17 10 19 14 31 1 32 2 31 19 32 1 14 31 9 9 10 17 3 9 26 21 25 1 31 17 2 10 21 32 9 20 31 9 10 9 32 21 10 2 20 10 21 6 31 32 32 3 2 2 20 20 32 1 9 2
split_gain=503.114 56.4724 44.7808 41.9695 38.9369 37.6188 32.2697 30.9108 24.5223 22.3844 20.1441 37.1808 34.0016 54.782 21.206 21.2729 19.5549 17.983 21.194 17.8122 36.2152 26.0426 35.5845 17.1931 15.0947 23.7361 16.1784 14.8623 13.8102 13.4863 13.4018 13.216 13.0859 14.8206 17.504 12.7125 12.1072 11.5857 11.5613 11.1459 10.5388 10.3098 11.4529 10.6187 10.1277 11.4714 12.9463 10.0696 9.84581 9.79365 9.69465 9.67936 9.6272 17.736 13.5535 19.3299 9.35192 9.14 14.7555 8.90878 8.88287 8.3892
threshold=24.285950000000003 65.06310000000002 82.195000000000007 0 32.641500000000008 11.949999809265138 4.7500000000000009 16.355625000000003 10.650000095367433 71.600654761904778 50.479000000000006 5.5000000000000009 80.617500000000021 3.5000000000000004 63.610500000000009 25.849999427795414 68.397500000000022 5.5000000000000009 56.840477484472054 29.381500000000003 113.45150000000002 81.609000000000023 110.41940000000001 16.94999980926514 5.5000000000000009 99.155000000000015 11.949999809265138 18.050000309944156 22.750000000000004 4.5000000000000009 35.734000000000002 12.34999990463257 4.5000000000000009 123.89195000000001 13.899999737739565 79.020000000000024 131.81600000000003 540.50000000000011 40.587500000000013 -6.5909999999999984 91.890174999999999 38.292500000000011 78.552500000000023 13.199999898672106 175.43465 3.5000000000000004 4.5000000000000009 175.43465 16.650000214576725 5.5000000000000009 43.616000000000007 76.810000000000016 75.987500000000011 10.500000000000002 1.0000000180025095e-35 1.5000000000000002 461.50000000000006 461.50000000000006 70.877500000000012 16.500000000000004 59.051500000000011 4.5000000000000009
decision_type=2 2 2 1 2 2 2 2 2 2 2 2 2 2 2 2 2 2 2 2 2 2 2 2 2 2 2 2 2 2 2 2 2 2 2 2 2 10 2 2 2 2 2 2 2 2 10 2 2 2 2 2 2 2 2 2 10 10 2 2 2 2
left_child=7 8 3 5 19 57 38 -1 49 24 12 23 16 -14 15 35 30 18 31 20 56 22 29 41 25 -6 -27 50 -24 -21 37 -10 33 -26 -35 -13 -25 -8 -7 -19 -32 -12 60 -44 45 -23 -47 -11 61 -2 -9 -17 53 -18 -55 -56 -5 -3 -59 -37 -43 -41
right_child=1 2 -4 4 9 6 10 27 17 47 11 14 13 -15 -16 51 52 39 -20 21 -22 44 28 36 32 26 -28 -29 -30 -31 40 -33 -34 34 -36 59 -38 -39 -40 48 -42 42 43 -45 -46 46 -48 -49 -50 -51 -52 -53 -54 54 55 -57 -58 58 -60 -61 -62 -63
leaf_value=0.44135774206721962 0.19257643468073271 0.15128435451612887 0.26281995489210569 0.022010833623994232 -0.23274111217254614 0.29248604521578303 -0.14322990680852607 0.069775651354224352 -0.051700967837368245 0.23362489919180085 -0.11081614809739548 -0.45937611264373007 1.176414182773728 -1.1520094916367734 -0.10048859712887151 -0.89269763188316631 -0.15464946324376216 -0.23103474906075583 0.025235931785963752 -0.6109279412759655 -0.80631412765661603 -0.12808174294608535 -0.93164743344730783 -0.75517122653794222 -0.035783069619239431 -0.42545577881760938 -0.7273444459282481 -0.015985150967616591 -0.36790982652775883 -0.35726719678637908 -0.24261574152211587 -0.12123796505623706 -0.29478320202558667 -0.18145399162782497 -1.0031485379505676 -2.065792563256553 -1.8160126645999535 -0.56056721367006623 -0.23550083915064521 0.080113117838012476 -1.0369222769430722 -0.66948797696376805 -0.81517144931746377 -1.2873527910626501 -2.7516726244837715 -0.61454412118542301 -0.13870376468457266 -1.3424531541554359 -0.016220559640853338 0.016597913442639192 0.16314159987113738 -1.3166494379643823 0.21085942596543675 0.50882920086445516 -0.89190728392956586 -0.69235289296900504 -0.42360607774024611 -0.98178117979710855 -0.13734858397863975 -0.90482373021930163 -0.22094952478470165 -0.014697860091134453
leaf_weight=79938.471589818597 20704.183546423912 17887.772556394339 7877.5968322753906 1028.8978468328714 1996.8584312498569 4312.3138843625784 1751.620079100132 9712.6203642040491 4330.4084266424179 2943.7852149009705 235.19525474309921 1809.2902302145958 131.73444372415543 163.62924653291702 2623.4633251428604 167.9902511537075 7585.5561873912811 56.561774522066116 4284.2314535081387 204.27052280306816 78.880804225802422 957.62958236038685 226.5580892264843 126.56886279582977 3055.4589872360229 94.2003293633461 123.46456909179688 2396.9132772982121 63.313396841287613 1140.6195767521858 723.31120339035988 1583.6386645585299 268.94524163007736 187.83985015749931 101.88789623975754 83.224649429321289 119.71991783380508 90.204862520098686 2255.9328469932079 15703.994830027223 883.8735753595829 95.609721392393112 285.96649473905563 104.00900250673294 103.24223136901855 274.91303241252899 276.47284376621246 102.75005543231964 7943.1001634597778 8809.624325722456 9963.9274083971977 88.716209232807159 2828.0448467433453 74.999158203601837 97.843451857566833 135.26154363155365 28.125191181898117 203.56316497921944 597.75970283150673 165.03783363103867 234.98109015822411 6156.1467458158731
leaf_count=195625 47328 32427 11600 3496 3600 8169 6035 29675 10458 4445 251 2380 229 284 2749 252 13356 132 9031 354 164 1482 400 140 3826 136 159 5254 115 2191 2199 3326 317 217 135 105 134 396 5959 37559 2756 142 306 109 159 428 436 161 17356 20033 14222 100 4571 142 185 255 152 598 741 193 284 14493
internal_value=0.00164507 -0.000339338 -0.00137541 -0.00184726 -0.004324 -0.00113002 -0.00231779 0.00430172 0.000658419 -0.00242263 -0.00329055 -0.00569007 -0.00227181 -0.0190337 -0.00376874 -0.00725638 -0.00192112 -0.000147338 -0.00195997 -0.00818261 -0.00279034 -0.0100675 -0.0145135 -0.0135727 -0.00423779 -0.00748757 -0.0231314 0.00264521 -0.0303819 -0.0110733 -0.00519537 -0.00389975 -0.002245 -0.00139001 -0.0121776 -0.00555701 -0.0253389 -0.00228194 0.000733952 0.000471791 -0.00853064 -0.0105174 -0.0134808 -0.0192776 -0.00555335 -0.00450871 -0.0102469 0.0010504 0.000514228 0.00175201 0.00309802 -0.0208027 -0.000867454 -0.0017642 -0.0135045 -0.0194327 -0.000336827 0.000596447 -0.00462448 -0.0161458 -0.00660509 0.00106203
internal_weight=238583 136571 66998.9 59121.3 13258.1 45863.2 27174.1 102012 69571.9 8875.19 20605.9 6139.77 14466.1 295.364 4937.72 2314.26 14170.7 40058.1 10198.3 4382.92 1135.9 3247.02 1634.76 1202.05 5828.66 2214.52 217.665 22073.5 289.871 1344.89 3449.01 5914.05 3614.13 3345.19 289.728 2057.55 246.289 1841.82 6568.25 29859.8 1607.18 955.762 720.566 389.975 1612.26 1509.02 551.386 3046.54 29803.2 29513.8 19676.5 256.706 10721.7 7893.66 308.104 233.105 1057.02 18689.1 801.323 248.262 330.591 21860.1
internal_count=523912 279136 119420 107820 22373 85447 51681 244776 159716 12996 37553 7145 30408 513 5779 3030 29895 92355 22815 9377 3812 5565 3060 1366 8390 3895 295 49151 515 2545 11386 13784 4495 4178 352 2678 274 6431 14128 69540 4955 1092 841 415 2505 2346 864 4606 69408 67361 43897 352 18509 13938 582 440 3648 33766 1339 298 426 52052
cat_boundaries=0 1
cat_threshold=12
is_linear=0
shrinkage=0.05


Tree=39
num_leaves=63
num_cat=5
split_feature=10 10 5 21 10 8 7 24 19 31 9 1 19 0 1 17 6 24 17 0 17 10 1 0 1 9 31 1 8 12 0 9 30 19 31 9 1 1 20 9 16 8 1 17 31 31 8 10 9 9 31 25 21 10 0 31 16 31 9 16 8 28
split_gain=478.088 55.8107 47.4311 45.1514 31.1233 21.0458 20.6526 18.9888 17.4481 16.8005 16.4425 18.1715 15.7108 17.6626 15.6631 18.4736 14.553 13.7539 13.3442 13.2564 21.5963 12.3895 19.0005 12.36 12.2856 11.5734 11.5188 13.7158 14.1179 11.1278 10.8564 10.8158 10.7671 12.9381 12.5032 14.7602 11.1489 10.8891 10.6424 10.4288 10.2198 10.1324 9.3248 10.3439 9.15961 9.87595 9.15558 9.02108 13.6813 15.8859 8.80539 8.7828 8.43147 8.43947 9.09534 8.18714 7.97938 13.5619 7.94063 16.561 16.3118 7.82269
threshold=23.887975000000001 133.42172500000001 1.0000000180025095e-35 9.3500001728534716 15.453999999999999 74.715000000000018 72.197500000000005 715.50000000000011 19.550000190734867 39.297000000000004 28.171000000000003 5.5000000000000009 22.550000190734867 0 6.5000000000000009 8.8499999046325701 4.5000000000000009 645.50000000000011 -3.4500000476837154 1 4.8500001430511483 91.890174999999999 15.500000000000002 2 5.5000000000000009 62.901500000000006 45.876500000000007 12.500000000000002 32.651500000000006 21.226500000000005 3 92.264500000000012 1.0000000180025095e-35 8.9499998092651385 53.242000000000012 45.676500000000004 6.5000000000000009 17.500000000000004 138.50000000000003 29.086000000000002 93.557791666666688 135.16350000000003 5.5000000000000009 16.849999427795414 40.448500000000003 36.425500000000007 36.797500000000007 107.03362500000001 90.946500000000015 43.647500000000008 42.513000000000005 13.050000190734865 19.750000238418583 60.466024999999995 4 43.616000000000007 24.576479166666669 27.446500000000004 -3.2334999999999998 0.073312499999994798 1.9115000000000002 19.416666507720951
decision_type=2 2 2 2 2 2 2 2 2 2 2 2 2 1 2 2 2 2 2 1 2 2 2 1 2 2 2 2 2 2 1 2 2 2 2 2 2 2 10 2 2 2 2 2 2 2 2 2 2 2 2 2 2 2 1 2 2 2 2 2 2 2
left_child=4 2 3 16 58 6 14 19 55 17 21 25 13 40 15 51 29 -4 -15 20 -7 -11 -23 -17 -14 -12 27 -13 -29 46 -28 -9 33 -22 44 -36 -37 -34 -20 -26 42 -41 43 -3 45 -35 -2 -21 49 -49 -10 -5 53 -16 -55 -6 -56 -58 59 60 -1 -18
right_child=1 12 9 5 8 7 -8 31 50 10 11 26 24 18 52 23 61 -19 38 47 32 22 -24 -25 39 -27 30 28 -30 -31 -32 -33 37 34 35 36 -38 -39 -40 41 -42 -43 -44 -45 -46 -47 -48 48 -50 -51 -52 -53 -54 54 56 -57 57 -59 -60 -61 -62 -63
leaf_value=0.062011131247122812 0.21538420907471459 -1.5595963621828277 -0.052065942769514352 0.082662505461367886 0.078224838382304374 0.22310169586168771 0.13645212193547601 -0.23145368085961382 -0.029879501239763864 0.033376552919909666 -1.1317740766138904 -0.74543582725185509 -1.1262017032703391 -0.42996690167021684 0.02915847394296698 -0.04384516206428906 -0.005634420292043885 -0.41544768713488411 -1.0726546991156127 -0.13478974184374337 0.15839576150902668 -0.60499721531402817 0.75481067972729299 -0.13750378796315274 -1.414676493060675 0.14989865747638972 -0.095307335870601584 -0.050616010894835028 -0.92735806127104192 0.60274423820041001 -0.42598465698059801 -0.79092728687151714 -0.21369293913038129 -0.35694104993728715 -0.38305616573697637 -0.95201280636206753 -0.83130315447219383 0.29581301782115155 0.170378614278102 -1.1227160352122916 -2.5743013996954085 -0.77402133575235943 -0.22254633569994839 -2.3311768494839882 -0.088112229412335097 -0.92861468243075085 0.020753654015759439 -0.32841846303195155 -0.10170333966238304 -0.76587343723514112 0.053059748064771206 -0.040225815592890873 -0.032892916391551806 0.18590508470900105 -0.077991264595009116 0.1574003259097875 -0.41727149135711061 -0.24737237377229029 0.44032485862596799 0.51770859619005494 -0.93653880695478164 0.3392062911089177
leaf_weight=132.9328106790781 3869.2706101983786 236.03200590610504 1534.3515937626362 3008.0076764672995 9983.8559321761131 5669.0904401987791 8940.503642514348 93.501422896981239 1630.9310564696789 527.82122260332108 74.815216720104218 113.96487474441528 81.082141995429993 1072.6077860295773 20108.634855166078 2473.927024692297 17175.204954877496 45.715790390968323 344.60082046687603 5756.8077824413776 1110.1155110150576 91.70550861954689 72.347694754600525 1988.4499603658915 62.251798942685127 303.75181102752686 303.20333567261696 103.2268905043602 120.4660901427269 14424.259055763483 369.45961785316467 63.850409984588623 6565.7347177714109 1428.975556999445 362.33447200059891 372.38722687959671 241.44434452056885 2641.0239045023918 72.288039177656174 77.106654793024063 156.14233449101448 1622.106739461422 6517.2947414219379 131.7385510802269 1444.8905930817127 245.14881312847137 9324.9826967567205 568.10113467276096 506.08491098880768 296.25378647446632 1547.4324840307236 3975.2841932624578 3539.1797166764736 1311.9064026027918 1347.0810126811266 10677.909065783024 59.678354263305664 831.77729657292366 75931.641260489821 959.72518019378185 109.57042191922665 3708.3788294792175
leaf_count=589 8951 256 5029 7563 30582 12068 17764 165 4795 834 136 271 88 1692 47328 4370 35463 183 523 9688 1776 124 110 3959 102 405 475 275 186 28477 559 82 11570 3244 382 418 284 4883 87 126 446 2734 10484 150 2499 689 19150 911 732 426 2577 9854 7713 2607 3470 15176 104 1385 185289 2639 471 7678
internal_value=0.00163597 -0.000282661 5.13191e-06 0.000171473 0.00424836 -0.000597743 3.76493e-05 -0.00170254 0.00266919 -0.00560283 -0.0085535 -0.0116889 -0.00380892 -0.00290395 -0.000463394 -0.00201505 0.00136013 -0.00171421 -0.00783262 -0.00160201 -0.000942673 -0.00225169 -0.0142085 -0.00452754 -0.00799495 -0.0023378 -0.0151869 -0.0227243 -0.0154167 0.00211324 -0.0113753 -0.0189672 -0.0019715 -0.00378885 -0.00508645 -0.0100228 -0.0147405 -0.000943712 -0.0154674 -0.00710908 -0.00184663 -0.0063627 -0.00156125 -0.00929645 -0.0035388 -0.0060549 0.00106375 -0.00345313 -0.00710278 -0.0109219 -0.000779424 -0.000409125 0.000189628 0.000530139 -0.00171693 0.0031997 -0.00364416 -0.00732731 0.0047364 0.000704018 -0.0109434 0.000364092
internal_weight=238460 137486 127113 123452 100974 74950.2 47584.4 27365.7 23840.1 3660.83 2080.76 1388.89 10373.3 8530.7 38643.9 11445.7 48502.1 1580.07 1489.5 27208.4 20081.1 691.874 164.053 4462.38 1842.55 378.567 1010.32 337.658 223.693 27618.5 672.663 157.352 14412.1 5205.3 4095.18 976.166 613.832 9206.76 416.889 1761.47 7041.21 1699.21 6885.07 367.771 3119.01 1674.12 13194.3 7127.25 1370.44 864.355 3178.36 6983.29 27198.3 23659.1 3550.44 20661.8 2238.54 891.456 77133.9 1202.23 242.503 20883.6
internal_count=523046 280928 264240 255653 242118 155934 106117 49817 53130 8587 3375 2307 16688 13638 88353 25746 99719 5212 2302 49570 37813 1068 234 8329 3050 541 1766 732 461 56578 1034 247 25745 9292 7516 1084 702 16453 610 2962 11336 2860 10890 406 6432 3933 28101 11757 2069 1337 7372 17417 62607 54894 7566 45758 4959 1489 188988 3699 1060 43141
cat_boundaries=0 1 2 3 4 5
cat_threshold=12 12 5 4 4
is_linear=0
shrinkage=0.05


Tree=40
num_leaves=63
num_cat=2
split_feature=8 8 32 22 8 21 8 29 7 22 32 17 0 8 17 16 1 17 2 20 9 2 3 3 3 32 0 20 6 1 6 1 32 17 2 32 1 2 3 32 20 21 3 16 1 17 26 32 9 7 8 3 32 2 26 32 3 22 32 3 8 32
split_gain=420.967 54.903 43.6808 28.2987 26.1823 26.1469 20.9948 20.5791 26.0998 16.6392 16.6056 25.2704 16.1955 18.2405 13.6505 13.2303 16.5901 14.3671 12.4964 19.2622 12.4113 13.2063 13.6037 12.168 11.7601 25.2385 13.672 16.0307 11.4718 10.8253 10.7548 10.1368 9.66843 9.59756 12.9697 9.34369 9.26759 9.25697 14.1548 9.04562 8.66347 8.64395 8.59215 8.58745 9.22991 8.57723 12.1959 10.52 10.3724 8.42973 9.13324 8.8864 13.111 9.56189 9.69316 9.26254 8.07642 17.8299 12.3094 22.8693 8.01826 7.86905
threshold=22.775000000000002 73.720000000000013 82.195000000000007 11.066666642824812 13.761000000000001 11.850000262260439 194.36250000000004 13.250000000000002 83.761500000000026 17.400000333786014 78.990000000000023 5.8500001430511483 0 161.00500000000002 1.3499999642372134 0.36243750000000224 4.5000000000000009 8.5500001907348651 4.5000000000000009 354.50000000000006 43.052500000000002 3.5000000000000004 11.500000000000002 10.500000000000002 3.5000000000000004 58.13750000000001 1 403.50000000000006 5.5000000000000009 5.5000000000000009 6.5000000000000009 15.500000000000002 72.945000000000007 14.250000000000002 3.5000000000000004 79.020000000000024 13.500000000000002 1.5000000000000002 11.500000000000002 75.557500000000019 1.5000000000000002 12.800000309944155 1.5000000000000002 17.120270833333336 16.500000000000004 10.050000190734865 2.8500000238418584 78.990000000000023 44.971500000000006 74.302500000000023 47.761500000000005 10.500000000000002 76.610000000000014 2.5000000000000004 3.8500000238418584 74.780000000000015 3.5000000000000004 17.033333172400795 80.15000000000002 6.5000000000000009 98.172500000000014 70.850000000000009
decision_type=2 2 2 2 2 2 2 2 2 2 2 2 1 2 2 2 2 2 2 10 2 2 2 2 2 2 1 10 2 2 2 2 2 2 2 2 2 2 2 2 10 2 2 2 2 2 2 2 2 2 2 2 2 2 2 2 2 2 2 2 2 2
left_child=4 5 3 12 -1 18 7 8 10 -6 39 -12 28 23 -7 16 17 -11 49 36 -13 29 -23 -14 26 -26 43 -28 -3 -22 35 -21 -9 -18 -35 61 56 -25 60 -5 45 -37 -4 -16 -45 46 47 -27 -49 50 -2 -52 55 -54 -55 -53 -20 -58 59 -59 -39 -10
right_child=1 2 42 6 9 14 -8 32 30 15 11 20 13 -15 24 -17 33 -19 19 31 21 22 -24 37 25 40 27 -29 -30 -31 -32 -33 -34 34 -36 41 -38 38 -40 -41 -42 -43 -44 44 -46 -47 -48 48 -50 -51 51 52 53 54 -56 -57 57 58 -60 -61 -62 -63
leaf_value=0.42778360844674479 0.17281166977012374 0.47029427457356621 0.56301529878830603 -0.30196449129525932 0.14410349878689352 0.062264195923746081 -1.4198667943436662 -0.21486124692272457 -0.28068934487712344 -0.00044639109549144963 0.0538099276122928 -0.283359322322908 -0.11404097963037502 -0.999721670024178 -0.076303718396672701 0.027155991723518725 0.044533610354093423 -0.074640171987510412 0.2496229385048416 -0.17169129943113148 -1.363715582186896 -1.0064464151826387 -1.0504308670852791 0.050213678013546571 -0.3087254011372963 -0.035150782526526571 -0.044049623731547888 -0.30506259558636128 -0.34638454241093442 -0.63274614393714401 -0.40200810918098856 -0.035695021387822302 0.044097614478884141 0.0025079720314778345 -0.1444402702598378 -0.34863314851316507 0.17226974201445311 -0.19505161535416207 -0.0088120011680040029 -0.099940345063366465 0.010188335550981087 -0.94110286314262914 -0.0045181289765800162 -0.11467888177560077 -0.26439703543836457 -0.065003861680961353 0.035111362453784878 -0.04494437695974618 -0.26355714715246531 0.98865886203214814 0.095117678832782465 -0.072994488894802242 0.37559774554624287 -0.83889806780493681 -0.14976706611673193 -0.31683466639640268 -0.001273038565345175 -0.18822908438109637 -0.13870237981687658 0.072681268967268231 -0.59998681185900293 0.091680166823318393
leaf_weight=80763.312151893973 15850.969723805785 8351.7707370072603 5080.9794218540192 7436.7052671313286 16530.495800673962 5520.4942000955343 1502.0757879167795 3581.5694005489349 2966.2802171856165 79.394009187817574 410.29459068179131 307.58047592639923 2597.8161799907684 126.49882134795189 251.39669243991375 4541.5432640314102 577.5897871106863 130.9441554993391 1721.7121724933386 524.00550606846809 134.77192276716232 115.5640966296196 110.03782337903976 96.034093379974365 176.34662678837776 693.9497097581625 3397.0268094390631 199.84361825883389 3528.4386276602745 491.69827955961227 3221.1877270042896 411.30797532200813 7129.7533187866211 261.14775067567825 210.91560490429401 818.24664720892906 4464.4102735966444 60.494836628437042 74.267647415399551 2475.6627531945705 14910.790057048202 407.90495216846466 2816.7843333482742 308.51325966417789 93.314969196915627 3211.5879778116941 3746.8036688566208 121.03065270185471 176.89529478549957 5325.2698188871145 8553.6283909827471 149.97401008009911 607.87225443124771 59.716101706027985 134.91994833946228 214.62628984451294 3037.9987027794123 245.00264449417591 234.72963631153107 440.03766712546349 72.243686676025391 6717.1070419847965
leaf_count=193641 38073 15584 8290 16690 36497 15268 2804 8266 6818 290 749 325 4355 254 870 9447 2247 556 4688 1273 148 132 191 174 988 1790 8923 452 6572 557 5837 853 10327 1050 942 984 10128 110 164 3809 30978 511 3381 622 182 6050 7879 208 304 9976 21547 533 1081 105 242 405 6355 689 263 912 131 10173
internal_value=0.00163256 -0.000200286 -0.00131839 -0.00183776 0.00403998 0.000706233 -0.00256488 -0.00232518 -0.00309478 0.00252449 -0.00486532 -0.00964237 7.27371e-06 -0.00325063 -0.000351279 0.000220643 -0.00431048 -0.0170922 0.00153276 9.20696e-05 -0.0134128 -0.0165187 -0.0268881 -0.00244694 -0.000810023 -0.000364125 -0.00322633 -0.00199296 0.000839697 -0.0127476 -0.00165583 -0.0067698 -0.000484803 -0.00173536 -0.00701654 -0.00090611 0.000725371 -0.0119113 -0.0178395 -0.00410783 -0.000218355 -0.00501639 0.00214925 -0.00982367 -0.0145 -0.00155124 -0.00019905 -0.00512619 -0.0129684 0.00204935 0.00167234 0.000465625 -0.00362514 -4.96812e-05 -0.00966608 -0.0114733 -0.000614536 -0.00185802 -0.00795315 -0.00455409 -0.0275593 -0.000385184
internal_weight=238511 135416 60631.8 52734 103095 74784.2 37826.4 36324.4 25613 22332 11482.3 1569.95 14907.6 3027.36 32808 5801.53 1259.99 210.338 41976.2 11079.2 1159.65 852.072 225.602 2900.86 27287.5 23037.4 4250.1 3596.87 11880.2 626.47 14130.7 935.313 10711.3 1049.65 472.063 10909.5 10143.9 303.04 207.006 9912.37 22861.1 1226.15 7897.76 653.225 401.828 7950.27 4738.68 991.876 297.926 30897 25571.7 9720.74 1167.11 802.508 194.636 364.6 5679.48 3957.77 919.77 685.04 132.739 9683.39
internal_count=523643 278973 107336 95665 244670 171637 68321 65517 46924 51029 22601 2102 27344 5188 74514 14532 5085 846 97123 25161 1353 1028 323 4934 59246 48197 11049 9375 22156 705 24323 2126 18593 4239 1992 18486 23035 579 405 20499 47209 1495 11671 1674 804 16231 10181 2302 512 71962 61986 23913 2366 1428 347 938 12907 8219 1864 1601 241 16991
cat_boundaries=0 1 2
cat_threshold=12 2
is_linear=0
shrinkage=0.05


Tree=41
num_leaves=63
num_cat=0
split_feature=10 19 17 8 10 10 32 14 1 5 22 5 19 2 26 22 22 19 8 30 16 32 1 17 21 32 22 32 32 14 1 22 22 17 14 17 1 8 14 2 9 17 32 9 11 9 16 21 7 2 22 17 1 8 15 21 8 26 1 8 9 2
split_gain=443.824 53.3121 37.7423 31.9938 31.9009 28.7315 26.1387 26.0247 25.556 21.854 19.2737 18.5498 18.0369 15.9736 13.7975 13.3836 12.508 12.494 11.8674 11.8155 10.6063 10.431 10.8792 10.5164 10.8493 10.4154 10.6102 11.2117 10.414 10.1432 10.5495 10.1156 10.0483 10.8296 9.70572 9.06001 9.69633 8.92008 8.43374 8.63781 10.5205 8.24364 17.7909 8.23806 8.03189 7.44547 16.7743 16.947 7.20007 7.01483 11.5301 10.8365 11.2722 9.35713 7.76479 6.9071 6.88633 6.8695 6.92628 7.82945 7.21783 12.2789
threshold=21.747800000000002 12.84999990463257 2.5499999523162846 66.276500000000013 99.401200000000003 14.606375000000002 72.767500000000027 39.912717261904767 5.5000000000000009 1.0000000180025095e-35 16.733333647251133 1.0000000180025095e-35 26.550000190734867 4.5000000000000009 -4.9500000476837149 11.066666642824812 11.83333339293798 25.44999980926514 23.219000000000005 4.5000000000000009 0.26064583333333508 70.037500000000009 4.5000000000000009 4.6499998569488534 11.550000309944155 75.695000000000007 17.333333412806194 70.037500000000009 69.885000000000005 63.893470238095247 6.5000000000000009 13.933333158493044 19.350000063578289 8.3499999046325701 41.202827380952385 12.050000190734865 16.500000000000004 135.16350000000003 65.328029761904773 3.5000000000000004 134.67250000000004 16.94999980926514 78.670000000000002 134.67250000000004 74.804583333333355 -2.2624999999999997 0.073312499999994798 13.449999928474428 4.2310000000000008 4.5000000000000009 25.049999872843426 4.1499998569488534 17.500000000000004 141.01750000000001 39.048145833333344 16.94999992847443 31.705000000000002 1.5500000119209292 4.5000000000000009 110.90250000000002 78.675000000000026 4.5000000000000009
decision_type=2 2 2 2 2 2 2 2 2 2 2 2 2 2 2 2 2 2 2 2 2 2 2 2 2 2 2 2 2 2 2 2 2 2 2 2 2 2 2 2 2 2 2 2 2 2 2 2 2 2 2 2 2 2 2 2 2 2 2 2 2 2
left_child=5 3 14 16 8 45 9 17 18 15 -7 25 19 21 37 -5 -2 -6 32 31 35 22 23 -12 -25 26 -10 28 48 30 -18 -9 -4 -34 -8 -15 -37 -3 39 -21 -41 -33 -43 -20 -16 46 47 -1 -28 53 51 -51 54 -36 -53 -22 -32 58 60 -60 -17 -62
right_child=1 2 4 6 7 10 34 12 11 -11 13 -13 -14 20 44 57 29 -19 43 38 55 -23 -24 24 -26 -27 27 -29 -30 -31 56 41 33 -35 49 36 -38 -39 -40 40 -42 42 -44 -45 -46 -47 -48 -49 -50 50 -52 52 -54 -55 -56 -57 -58 -59 59 -61 61 -63
leaf_value=0.21589445472728841 0.25827826231519263 -0.035518274059414878 -0.08583518422483323 -0.041241384299922149 -1.0106984293482981 0.13558422303078893 -0.15898856696801397 -0.23036545070865133 0.0026036072340842155 -0.55240980794951045 0.010995174563610278 -0.15464581489940132 -0.71780346516236193 -0.01227488057261681 0.023475978767218564 -0.59221854245898597 -0.048348450449839576 -1.0611657184611054 -0.074825247585113885 -0.36946289426127382 0.0056144178010188563 0.12293292521089008 0.0058248027679249862 0.012029642202996805 -0.084721143386826736 0.039180466836004693 -0.11094054036159058 -0.0019735852044608037 -0.33974566558567576 0.32212442714949108 0.10312211300836882 -0.69839809865312219 -0.020525356226381498 -0.13253731093020349 0.31887378502752811 -0.23849457874086291 -0.015146549662279263 -0.49660794971730554 -0.055150265860024208 -0.69807481718336784 -1.5120494016428658 -0.9411582904175142 -2.4643648654236814 -0.52375027902607241 0.48838103142877431 0.41973692775737875 0.46099442840587729 -0.89301119946468244 -0.058265486931738053 0.28794013573280569 -0.65488046505310238 -0.86128573456261004 0.091642666987142726 -0.089976399851195418 -8.0244708701116007e-05 -0.15160557742737435 0.00043470418115987286 -0.21972785702895267 -0.10074797080718093 -0.6036630481884423 0.18767420544751376 -0.53699796176892112
leaf_weight=165.15684220194817 22012.083184614778 2661.0120883435011 749.71919623017311 7730.7211852520704 379.46416027843952 14998.20928940177 1912.104502171278 1116.8642462491989 11811.841358035803 502.72528013586998 120.5000324100256 1097.4386209696531 1473.7766601443291 165.52141194045544 5822.5145199298859 87.0850840061903 4257.2410889416933 82.954385325312614 7577.9352591335773 1239.77366065979 1091.7612786889076 2257.8570323735476 1685.9737629592419 49.070321589708328 102.46454711258411 9769.979452162981 661.94475953280926 3346.0201191902161 138.71233174204826 4278.6973274350166 4321.2637126147747 2536.5319763422012 103.14649690687656 159.45345519483089 12798.315804153681 115.72230604290962 67.331625357270241 452.38764399290085 4393.2808922678232 160.06214681267738 64.785622820258141 234.15887868404388 120.33330827951431 67.08502995967865 5290.8477020710707 72859.780010074377 1439.3256362378597 132.12819962203503 4155.4653096795082 1885.4851616621017 70.517403662204742 456.11275085806847 623.73012813925743 3305.2595094740391 164.92866626381874 369.13725066184998 7282.1070629060268 3991.5949928015471 891.53215017914772 700.17201122641563 109.23071652650833 72.214940071105957
leaf_count=723 49361 5862 1335 17244 870 32552 3016 1655 28506 1259 345 2569 2559 641 15637 278 10058 143 15822 2597 2211 3709 5591 175 383 12919 2213 5951 354 7434 10173 4235 200 279 18498 515 291 749 6420 424 118 322 130 79 10202 177926 3905 569 13771 3225 113 579 755 4674 180 709 18389 8520 2448 1333 171 111
internal_value=0.00160039 -0.000161732 -0.00120976 0.000726825 -0.00184014 0.00423785 -0.000383602 -0.00412196 -0.00116067 -0.00205334 0.00260505 -0.000489502 -0.00364696 0.000216468 0.00106953 -0.00167394 0.00165679 -0.0157371 -0.00356218 -0.00287564 -0.00371189 0.00190302 -0.000767627 -0.0100268 -0.0187487 -0.000254935 -0.000905483 -0.00227513 -0.00378464 0.000756273 0.000173391 -0.00496725 -0.00864739 -0.0170497 0.000724955 -0.0115358 -0.0191708 -0.00187191 -0.00144398 -0.00472839 -0.0137238 -0.00652811 -0.0136641 -0.00288778 0.00189366 0.00469799 0.0014614 -0.0093318 -0.00339357 0.00106156 -0.00107607 -0.000622341 -0.00424121 0.00148648 -0.00900382 -0.00183847 0.000954475 -0.00347769 -0.00598663 -0.00472771 -0.0134036 -0.00765119
internal_weight=238741 143121 65667.5 77453.1 51440.7 95619.9 35301.7 11802 39638.7 14085.3 21023.5 30981.4 11339.6 6025.34 14226.8 13582.6 42151.4 462.419 8657.34 9865.79 1809.47 4215.87 1958.01 272.035 151.535 29884 20114 8302.14 4956.12 20139.3 15860.6 4007.89 1012.32 262.6 21216.5 348.575 183.054 3113.4 5857.9 1464.62 224.848 2891.02 354.492 7645.02 11113.4 74596.4 1736.61 297.285 4817.41 19304.3 3200.77 3130.26 1244.77 16103.6 621.041 1460.9 11603.4 5851.83 1860.23 1591.7 268.531 181.446
internal_count=523985 293740 135921 157819 103471 230245 62404 19473 83998 31364 47122 66283 18460 14570 32450 30105 95415 1013 17715 15901 4367 10203 6494 903 558 63714 50795 22289 16338 46054 38620 6342 1814 479 31040 1447 806 6611 9559 3139 542 4687 452 15901 25839 183123 5197 1292 15984 28024 4852 4739 1514 23172 759 2920 28562 12861 4341 3781 560 282
is_linear=0
shrinkage=0.05


Tree=42
num_leaves=63
num_cat=3
split_feature=10 8 21 22 32 10 14 1 22 0 32 17 6 31 16 8 19 17 21 9 0 8 17 21 20 31 1 16 32 17 31 1 17 17 31 32 1 4 8 31 31 4 25 31 17 8 8 0 20 3 1 20 10 9 31 31 9 16 31 30 8 11
split_gain=431.373 51.7463 39.1718 26.5257 22.9541 22.8542 19.4243 19.0069 15.4734 14.7493 14.3404 16.9665 14.307 14.29 17.7702 14.1731 12.6873 12.507 12.483 12.3984 12.1516 12.6799 13.292 11.4509 11.8308 11.1329 12.502 13.4339 10.8731 10.7484 10.258 9.96414 15.8224 9.31088 33.0602 9.227 9.22296 13.7219 9.98503 9.51014 13.1069 9.12916 9.08958 8.91741 11.8239 8.90624 8.7905 8.63937 9.77548 9.49101 8.45078 9.85019 9.83043 9.35549 7.62597 7.60361 7.86992 8.08241 8.11778 7.58102 7.50849 10.5719
threshold=20.072375000000005 110.90250000000002 9.3500001728534716 14.233333309491476 70.77500000000002 13.465775000000002 44.872901785714291 5.5000000000000009 16.800000270207729 0 71.457500000000024 3.0499999523162846 4.5000000000000009 27.737000000000005 5.2947916666666712 23.219000000000005 23.150000572204593 8.0500001907348651 20.750000238418583 42.531000000000006 1 70.69250000000001 4.8500001430511483 9.6499997079372424 4.5000000000000009 53.411500000000011 4.5000000000000009 0.55608333333333626 82.195000000000007 5.0499999523162851 73.786000000000016 4.5000000000000009 9.7500000000000018 16.750000000000004 54.582000000000008 83.190000000000012 13.500000000000002 1.0000000180025095e-35 52.368500000000004 44.670000000000009 46.088000000000001 1.0000000180025095e-35 17.849999427795414 35.734000000000002 15.750000000000002 60.507500000000007 177.56600000000003 2 426.50000000000006 4.5000000000000009 15.500000000000002 274.50000000000006 85.032950000000014 191.60500000000005 33.474000000000011 44.199000000000005 30.261000000000006 32.988687500000005 58.494000000000007 569.50000000000011 36.797500000000007 61.876458333333339
decision_type=2 2 2 2 2 2 2 2 2 1 2 2 2 2 2 2 2 2 2 2 1 2 2 2 10 2 2 2 2 2 2 2 2 2 2 2 2 2 2 2 2 2 2 2 2 2 2 1 10 2 2 10 2 2 2 2 2 2 2 2 2 2
left_child=5 2 12 18 9 -1 16 15 -7 29 11 -9 60 14 -12 17 -6 -5 31 -16 21 -21 -23 -8 33 26 27 -10 54 -3 42 32 -4 -25 -35 36 37 -14 -39 -40 -41 -28 -19 -31 -45 -33 -11 48 -47 -50 51 53 -53 -13 -17 -56 -57 -58 -59 -20 -2 -62
right_child=1 4 3 7 6 8 23 10 25 46 13 50 35 -15 19 28 -18 30 59 20 -22 22 -24 24 -26 -27 41 -29 -30 43 -32 45 -34 34 -36 -37 -38 38 39 40 -42 -43 -44 44 -46 47 -48 -49 49 -51 -52 52 -54 -55 55 56 57 58 -60 -61 61 -63
leaf_value=0.41941007644855033 0.32737286939248611 -0.1057619707205788 0.064261657644464884 -0.019017822086613734 -0.42525490121041476 0.14332027906854297 0.050382737059152305 0.054120783849112369 -0.040314727762017992 -0.43036110677573874 0.26756228319077913 -0.033153315435306398 0.019651588959715485 0.022783731617635361 -0.0045292025103609744 -0.12740223374040555 -0.9731350676755981 -0.12776309882383127 -0.080239202617884336 0.11054251445597529 -0.28656087036494038 0.21235621664084903 -0.69421903851914735 -0.3499924882940782 -0.091125425180209163 0.11305756231458038 0.041175084060904157 -0.025023585730645337 0.066755228119304635 -0.33585174899547426 0.021353111237506717 0.097627733093071004 -0.1275426289137144 0.38534174305486107 -2.6799967620638925 1.3570275304249106 0.14411449306460042 -0.027216391924159922 -0.27805553707449315 -1.0679164583008576 -0.28284987020629515 -0.038592395475277819 -0.11834244493790146 -0.85603739581887839 -2.2310895273598557 0.33419642101755581 -1.8649089430312786 -0.12047298002920251 -0.74241412455882705 -0.13601942815858337 -0.035205859431988354 -0.10034872183740902 -0.51029974397340749 -0.62732801677251049 0.012141293873239079 -0.0047451109662963731 -0.091225331622196759 -0.23644869730292514 -0.49749315384047538 -0.21159716912029439 0.033473816237592761 0.62584219007364972
leaf_weight=70937.16906709969 8497.1850863695145 2268.8277818262577 4467.0269977599382 400.88368183374405 838.45129159092903 14389.342455968261 9242.5677556246519 2929.8204913288355 172.42375959455967 1009.5182531028986 455.62226819992065 2871.930824175477 9013.2442321926355 15644.501836583018 310.22686833143234 2385.0142901986837 98.987928688526154 188.19976623356342 1556.9815104305744 215.47062212228775 227.12327945232391 61.601505875587463 102.75308114290237 3913.6842161118984 5812.2426887303591 1405.8435501754284 2464.2884570211172 554.51499378681183 788.57686698436737 1038.2484136968851 72.285684585571289 16875.773960351944 2939.0956437289715 262.41990053653717 236.75078642368317 1115.6930084824562 7528.7844047546387 1380.1784490942955 527.22195863723755 81.443324983119965 340.37515503168106 1157.0455719530582 198.0904840528965 1701.2209733128548 146.7036711871624 6142.8430472612381 161.38658899068832 2460.3561284989119 186.40323773026466 639.19810709357262 4871.4283562153578 2619.0866341590881 198.44812959432602 39.320359975099564 1837.4580793976784 1010.7220326960087 954.95497757196426 482.59567362070084 131.32121646404266 146.33622798323631 8915.6523339003325 9033.7025179415941
leaf_count=174805 19347 4995 10054 810 1426 31071 13004 9896 740 2110 790 8671 20015 23398 536 6213 135 357 3218 373 395 105 179 6181 8183 1648 7299 1323 1233 3181 74 37692 5397 327 259 1781 16799 3065 1089 108 491 3141 442 3982 589 12782 286 4759 467 1106 14114 7257 355 130 4000 1940 1346 922 141 235 20735 16458
internal_value=0.00159794 -7.20565e-05 0.000368295 -0.000342819 -0.00206273 0.00430378 -0.0012468 -0.00124241 0.00281722 -0.00469398 -0.000661794 -0.00187668 0.00150786 0.000304188 -0.00458515 -0.00334103 -0.008273 -0.00942325 0.000647808 -0.00859155 -0.012742 -0.00660503 -0.0171935 -0.000908059 -0.00206089 0.00062565 -0.000625083 -0.00660426 -0.00265122 -0.00351847 -0.0150541 0.000858856 -0.000761108 -0.00401247 -0.0104376 0.00049825 0.000236911 -0.000663637 -0.00408379 -0.00802891 -0.0136165 0.000576656 -0.0182816 -0.00554904 -0.0076315 0.00131497 -0.00974866 8.41004e-05 0.000983485 -0.00412017 -0.00280748 -0.00410919 -0.00621631 -0.00206847 -0.00329556 -0.00206458 -0.00381489 -0.00603044 -0.0105024 -0.00352713 0.00227083 0.00169101
internal_weight=238657 147576 120845 74411.5 26731 91080.6 20405.1 38997.4 20143.5 6325.91 30547.3 13530 46433.5 17017.3 1372.8 8450.1 937.439 859.46 35414 917.175 606.948 379.825 164.355 19467.7 10225.1 5754.12 4348.27 726.939 7590.64 5155 458.576 33710.7 7406.12 4412.85 499.171 19986.9 18871.2 11342.5 2329.22 949.04 421.818 3621.33 386.29 2886.17 1847.92 26304.6 1170.9 9428.8 6968.44 825.601 10600.2 5728.79 2817.53 2911.25 6802.07 4417.05 2579.59 1568.87 613.917 1703.32 26446.5 17949.4
internal_count=523960 303933 259275 159387 44658 220027 29515 83677 45222 15143 66199 40423 99888 25776 2378 17478 1561 1683 75710 1588 1052 657 284 27954 14950 14151 12503 2063 15795 12747 873 72257 15451 6767 586 43348 41567 24768 4753 1688 599 10440 799 7752 4571 56806 2396 19114 14355 1573 30527 16413 7612 8801 14562 8349 4349 2409 1063 3453 56540 37193
cat_boundaries=0 1 2 3
cat_threshold=12 12 12
is_linear=0
shrinkage=0.05


Tree=43
num_leaves=63
num_cat=2
split_feature=14 22 32 9 14 1 31 14 6 22 31 24 20 21 31 6 17 13 18 32 31 17 0 32 12 23 22 9 23 26 32 21 24 32 32 32 6 14 9 32 0 31 11 16 6 19 12 21 32 31 4 32 14 19 23 22 16 24 31 16 21 14
split_gain=181.196 43.8371 39.4984 30.3135 31.4609 29.5979 22.2669 21.3355 20.7542 19.0838 13.2506 15.9943 14.3443 12.1575 11.3017 11.175 10.9973 10.9952 10.7476 12.9263 17.8955 12.1064 10.7903 10.445 10.2 9.97293 9.50141 10.5964 12.3263 9.45478 9.35116 9.00621 8.65813 12.3523 8.19822 8.1131 17.4687 7.82841 7.83303 7.7057 12.012 17.3084 9.91341 9.72368 7.74791 7.66694 8.5999 7.65789 7.52159 11.1719 7.36839 7.2752 7.2722 9.23457 7.20504 7.15869 10.4305 6.99636 7.96732 6.85101 6.83277 6.72553
threshold=28.268166666666669 13.333333412806196 75.557500000000019 131.81600000000003 41.533629658385102 5.5000000000000009 66.226500000000001 15.698720238095241 4.5000000000000009 23.033333539962772 50.141000000000012 595.50000000000011 4.5000000000000009 20.750000238418583 27.685500000000005 4.5000000000000009 4.7500000000000009 142.19100000000003 14.849999997764828 80.15000000000002 27.685500000000005 5.9500000476837167 0 70.352500000000006 21.226500000000005 10.650000095367433 21.966666698455814 16.311000000000003 5.9500000476837167 -4.9500000476837149 67.200000000000003 14.35000002384186 745.50000000000011 64.057500000000019 79.585000000000022 81.042500000000004 3.5000000000000004 116.59518452380954 79.709000000000017 76.19250000000001 1 49.764000000000003 24.769312500000002 38.570062500000013 6.5000000000000009 25.94999980926514 22.936000000000003 17.250000119209293 75.460000000000022 31.729000000000003 1.0000000180025095e-35 67.347500000000011 56.33961011904762 25.94999980926514 11.949999809265138 16.933333794275921 9.117500000000005 77.500000000000014 33.148500000000006 51.924437500000003 8.1499998867511767 40.248208333333345
decision_type=2 2 2 2 2 2 2 2 2 2 2 2 8 2 2 2 2 2 2 2 2 2 1 2 2 2 2 2 2 2 2 2 2 2 2 2 2 2 2 2 1 2 2 2 2 2 2 2 2 2 2 2 2 2 2 2 2 2 2 2 2 2
left_child=7 8 9 18 6 25 54 -1 13 10 12 15 37 24 34 -12 -11 39 19 29 21 61 -22 30 -2 -6 -24 -28 -29 -4 -18 -13 -14 -34 -7 36 -23 48 -39 40 -10 42 -42 -44 -43 -16 -47 -19 60 -50 52 59 53 -31 -5 -9 -57 58 -25 -17 -3 -21
right_child=1 2 3 4 5 14 -8 55 17 16 11 31 32 -15 45 51 23 47 -20 20 22 35 26 57 -26 -27 27 28 -30 50 -32 -33 33 -35 -36 -37 -38 38 -40 -41 41 44 43 -45 -46 46 -48 -49 49 -51 -52 -53 -54 -55 -56 56 -58 -59 -60 -61 -62 -63
leaf_value=0.25315064716259034 0.15344953286187854 0.050702557959312604 -0.18984677571805922 -0.35297331537024879 -1.3040585848807369 -0.53452211943460881 0.58450610260932834 0.15301681821750127 0.20413706141091287 -0.038789115778807573 -0.018351521371459612 -0.014779165320796928 0.020994870679051661 -0.13572688620408241 0.19641430193088497 0.21584868954876202 -0.14087650055073767 -0.067977955443931745 0.34886635789703035 -0.15436050947727545 0.10771972465423243 0.9549714561294359 0.0039055712801673082 -0.2057544452534984 0.7583382849818382 -0.59371783354712526 -0.15336867115546654 -0.50013897406736907 -0.0065405846237602816 0.0025660606250470508 -0.1736994551663365 -0.39741805632174643 -0.28931215008992694 -0.15268790883444849 -0.93579538417258945 -0.62254367257797449 -0.56881420727198628 -1.0794410681025681 -0.35448102657128688 0.27016208010292947 0.1276390413944439 -0.16869648245533783 -0.082321920139910534 -0.28834529856391955 -0.54983358740335864 -1.2525278327681719 -0.049079015633932244 -0.69942483181796866 -0.70437422903324931 0.060140013531315796 0.14888049512193877 -0.39530881295722936 0.23514854678068922 -0.37058058204884081 -0.89949544289063832 -0.0080919215675532286 0.069976062887519327 0.0070860381397276134 -0.0015704314261633101 -0.17366856936910458 -0.076439024329698499 -0.041588236132065505
leaf_weight=49106.519378423691 19001.208784297109 3111.1438239961863 331.73123142123222 187.68825930356979 231.68646323680878 98.701213240623474 90.338399410247803 29119.026556074619 10447.22984623909 1965.6824511289597 1837.4923044145107 85.243817448616028 20444.546874552965 997.88400427997112 3025.0991654098034 299.14409285783768 1153.6340416222811 7324.7131235003471 9762.1363555788994 107.67857986688614 1733.9837581515312 93.840556979179382 4967.1953154802322 437.6460534632206 16910.424380257726 132.39213383197784 338.84095972776413 100.48288631439209 900.51304757595062 4565.0010369718075 842.62555305659771 175.97597128152847 42.492824971675873 496.35803623497486 117.40994763374329 73.776301443576813 95.107288658618927 146.02367043495178 645.54804515838623 6300.3560695052147 1285.6519344449043 207.93493819236755 2484.0130557715893 218.85215401649475 117.87250691652298 171.78901916742325 350.40974390506744 613.68533739447594 86.303726255893707 58.386712729930878 5919.1067908704281 963.7498097717762 6110.4107954800129 188.97026860713959 83.915723145008087 4078.0857474505901 6617.3929896652699 950.27119040489197 289.523546397686 247.17241925001144 9010.2181723117828 440.1256982088089
leaf_count=128048 37882 7783 604 254 252 174 94 70138 24422 6489 2703 107 51845 2028 4069 434 3968 13129 16533 187 1813 164 5903 877 33456 144 372 144 1077 5978 2120 227 158 1066 204 128 165 361 1043 9251 2800 276 6600 383 154 196 482 1175 163 112 7960 1498 9005 257 129 14317 14438 1591 509 362 24086 762
internal_value=0.00161931 0.000555771 -0.000205086 0.000923072 -0.00294899 -0.00170751 -0.0170628 0.00340638 0.00151976 -0.00125321 -0.000846855 -0.00372733 -0.000541387 0.00230622 -0.000388821 -0.00279491 -0.00396551 0.000518778 0.00140968 0.000877898 -0.000673296 -0.00774967 4.08722e-05 -0.00558028 0.0024575 -0.0153001 -0.0009205 -0.00465691 -0.00206474 0.00168013 -0.00802359 -0.0156202 0.00026828 -0.00598183 -0.0114627 -0.0165531 -0.0109617 -0.00184243 -0.00665877 0.00111647 0.000491595 -0.00172548 -0.000822845 -0.00254178 -0.012792 0.000288873 -0.00530001 -0.00106695 -0.0015311 -0.0128248 0.00184549 -0.0059801 0.00107204 -0.000394522 -0.0241934 0.00254612 0.00143966 -0.00266954 -0.00635729 -0.00136699 -0.00139524 -0.00350513
internal_weight=238338 149417 83507.5 40218.3 4489.43 4127.49 361.942 88921 65909.8 43289.2 37649.8 3608.78 34041 36909.5 3763.41 3347.56 5639.38 29000.3 35728.9 25966.8 8851.54 810.528 8041.02 3673.7 35911.6 364.079 6307.03 1339.84 1001 17115.2 1996.26 261.22 20983.4 538.851 216.111 262.724 188.948 13057.6 791.572 21061.9 14761.6 4314.32 3988.52 2702.87 325.807 3547.3 522.199 7938.4 12266.1 144.69 16783.5 1510.07 10864.4 4753.97 271.604 39814.5 10695.5 1677.44 727.17 546.317 12121.4 547.804
internal_count=523049 296108 164552 57050 5998 5521 477 226941 131556 107502 91948 5331 86617 73366 5125 4997 15554 58190 51052 34519 10715 1406 9309 9065 71338 396 7496 1593 1221 23804 6088 334 53069 1224 378 457 329 33548 1404 43886 34635 10213 9783 6983 430 4747 678 14304 32144 275 23200 2294 15240 6235 383 98893 28755 2977 1386 796 31869 949
cat_boundaries=0 1 2
cat_threshold=1 12
is_linear=0
shrinkage=0.05


Tree=44
num_leaves=63
num_cat=2
split_feature=10 10 10 5 21 22 31 29 1 18 21 0 21 6 10 32 22 1 9 12 0 9 18 2 1 5 9 18 32 2 32 32 8 2 31 31 32 8 7 6 9 10 24 9 7 23 9 23 21 1 2 9 32 31 31 24 32 6 1 22 9 9
split_gain=418.315 44.1809 36.6354 35.4953 34.0812 19.6131 19.199 19.0145 16.3796 17.0147 15.7601 15.2248 18.2947 14.6999 14.0516 19.2834 13.9021 17.5099 14.236 13.2055 12.0175 15.6908 15.6004 20.3834 11.5601 10.761 12.3173 14.7073 10.7244 17.5998 10.522 10.4724 10.3734 10.1455 13.4639 24.3245 13.3258 10.0151 9.63922 10.3888 9.47465 9.40736 12.0692 14.6732 9.79992 9.09414 8.65287 8.50368 8.41026 7.79547 7.74361 7.61404 8.12337 7.4449 7.94408 7.19882 7.13603 7.05934 6.83827 6.81403 7.33796 8.09534
threshold=22.120675000000002 123.89195000000001 14.034075 1.0000000180025095e-35 9.5999998599290866 11.83333339293798 43.616000000000007 13.449999809265138 6.5000000000000009 0.55000019073486339 12.800000309944155 0 13.899999737739565 4.5000000000000009 75.81942500000001 70.935000000000016 10.933333436648054 5.5000000000000009 121.78900000000002 74.285000000000011 1 96.766000000000005 2.0500001907348637 1.0000000180025095e-35 5.5000000000000009 1.0000000180025095e-35 20.015000000000004 1.3499999046325686 69.885000000000005 1.0000000180025095e-35 82.195000000000007 83.190000000000012 27.083500000000004 4.5000000000000009 45.876500000000007 46.088000000000001 80.71250000000002 34.022500000000008 5.0515000000000008 1.5000000000000002 -2.2624999999999997 65.806900000000013 579.50000000000011 96.766000000000005 82.565000000000012 20.349999427795414 106.9585 16.550000190734867 24.924999713897709 13.500000000000002 4.5000000000000009 75.482500000000016 70.935000000000016 43.216500000000003 29.381500000000003 701.50000000000011 68.992500000000021 4.5000000000000009 21.500000000000004 18.766666332880657 28.653500000000005 148.53000000000003
decision_type=2 2 2 2 2 2 2 2 2 2 2 1 2 2 2 2 2 2 2 2 1 2 2 2 2 2 2 2 2 2 2 2 2 2 2 2 2 2 2 2 2 2 2 2 2 2 2 2 2 2 2 2 2 2 2 2 2 2 2 2 2 2
left_child=2 3 40 4 13 20 10 8 9 32 -4 16 51 38 45 -16 -3 18 -18 59 57 53 23 -23 28 -8 -27 -28 29 -12 -11 33 50 -15 36 -36 -35 -37 39 -2 47 -10 44 -44 -43 55 -14 -1 -9 -47 -7 52 -13 54 -22 -5 -31 -6 -26 -19 -61 -62
right_child=1 11 6 14 5 7 25 48 41 30 24 12 46 31 15 -17 17 19 -20 -21 21 22 -24 -25 58 26 27 -29 -30 56 -32 -33 -34 34 35 37 -38 -39 -40 -41 -42 42 43 -45 -46 49 -48 -49 -50 -51 -52 -53 -54 -55 -56 -57 -58 -59 -60 60 61 -63
leaf_value=0.37916668167691364 -0.26275377666536798 0.28365814332590633 0.10969355850615692 -0.053542054140044475 0.50349191496157963 -0.08360464856313872 0.12672419936472129 0.024000914943645313 -0.0019353956170892418 -0.071723275038437256 -0.11093263222202757 -0.98482106064150521 -0.7914953874900349 0.055307730888148401 -0.69725088606056296 -0.21188718044341998 -0.55265752174735927 -0.5052979190893353 -1.5263121675693718 0.071796182750676965 0.097532687809922969 -0.74534198036925481 -0.10028905726161881 -0.18824545126825357 0.01190691600229048 0.1148715116799334 -0.35992759012854486 -0.011786473852478885 -0.00386415981626973 -0.030960701055458274 0.054426708699378074 1.1750154351800035 -0.24086685675382713 0.055950929805254117 -1.085651657961435 0.065436755693275117 -0.5065000708190629 -0.22969683756627807 0.2892376607486547 0.030758221381029929 0.38066355837763388 -0.2055758150994258 -0.17328861295623632 -0.65934911158396903 -0.011031274761439747 -0.42629131069114412 -0.94870300891025616 -0.40696359403748394 -0.11499964356626542 -0.087739816297987092 -0.23017842464102856 -0.21250167279816737 -0.48381558346094311 0.056381302918045509 -0.069507330784394125 -0.1959485315655993 -0.058958557707428132 0.051897045147319791 -0.059999508638748637 -1.1105149865851047 -0.40966540556979114 -1.1457441741996532
leaf_weight=1503.7900486886501 444.4296305924654 2944.6574010401964 7207.6075361967087 2593.5831081867218 8292.607353374362 238.93830099701881 11457.826678931713 13911.625182464719 15170.193200185895 8320.6736898869276 89.20021066069603 68.607032343745232 313.50886359810829 16218.478179350495 454.69272997975349 528.80321821570396 280.60649698972702 4050.8023466020823 305.45410341024399 2368.4172691851854 691.94318342208862 83.463700652122498 531.37600506842136 122.31846821308136 3233.400479465723 331.2536239027977 90.317763805389404 113.17883226275444 472.17662438750267 405.04271738231182 917.79542374610901 1328.1921561956406 1155.5633507221937 2636.0480199456215 139.12364554405212 479.26909264922142 140.23936069011688 974.3491562306881 26222.094136118889 2081.5305775851011 71081.081531062722 5183.4193271994591 253.30591717362404 91.760513037443161 5092.8952484279871 87.91682280600071 142.54627871513367 247.26375262439251 337.27806515991688 71.557307153940201 99.254207074642181 1315.7794623374939 452.20461362600327 3406.3624568581581 2714.744751483202 42.080409482121468 38.97853285074234 6640.8370735794306 325.85303823649883 66.971932724118233 1430.1509975045919 582.35836862027645
leaf_count=4462 1090 4754 22609 6387 18026 406 16768 28375 35352 17765 390 149 499 34840 1208 731 314 6803 338 3549 2872 103 823 158 9403 510 116 185 866 1575 1361 2122 2078 6435 175 695 230 1448 53765 4756 173746 10407 412 121 9402 208 217 771 901 151 136 2028 654 4604 6682 106 140 14120 947 139 2606 980
internal_value=0.00156266 -0.000163884 0.00410106 0.000131463 0.000277045 -0.00041253 0.00239627 -0.00095695 -0.0015613 -0.00320267 0.000961747 -0.00279709 -0.00652512 0.00127411 -0.0046417 -0.00977922 -0.00207894 -0.00304831 -0.0114004 -0.00247108 0.000816871 -0.000808607 -0.00773406 -0.0193878 -0.00133693 0.00380423 -0.00312413 -0.0127744 -0.00606838 -0.0109209 -0.0024016 0.000298642 -0.00815218 2.09268e-05 -0.00211733 -0.00578032 -1.45667e-05 -0.00385958 0.00201772 -0.000931873 0.00465729 -0.000878211 -0.00201936 -0.0112039 -0.00170989 -0.00283117 -0.0155068 0.00102319 0.000592174 -0.0143885 -0.0158454 -0.00432311 -0.0094346 -5.94488e-05 -0.00171195 -0.00212669 -0.00681299 0.00163814 9.13188e-07 -0.00369599 -0.00602228 -0.00547339
internal_weight=238618 142021 96597 127699 123920 73256.4 23764.8 50772.7 36523.8 10732.2 11772.3 14322.1 2292.65 50663.8 3778.63 983.496 12029.4 9084.76 586.061 8498.7 22483.7 7550.21 737.158 205.782 4564.65 11992.6 534.75 203.497 1005.4 533.221 9238.47 21915.7 1493.76 20587.5 4369.03 1592.74 2776.29 1453.62 28748.1 2525.96 72832.1 25791.6 10621.4 345.066 10276.3 2795.14 456.055 1751.05 14248.9 159.474 338.193 1836.59 520.812 6813.05 3406.69 2635.66 444.021 14933.4 3559.25 6130.28 2079.48 2012.51
internal_count=523969 291481 232488 268451 259660 154104 53509 106716 77440 21746 35930 23030 3547 105556 8791 1939 19483 14729 652 14077 47388 15242 1084 261 13321 17579 811 301 2971 2105 19126 45945 2620 43823 8983 2318 6665 2143 59611 5846 178979 55694 20342 533 19809 6852 716 5233 29276 359 542 2831 803 14158 9554 6493 1715 32146 10350 10528 3725 3586
cat_boundaries=0 1 2
cat_threshold=12 12
is_linear=0
shrinkage=0.05


Tree=45
num_leaves=63
num_cat=5
split_feature=8 8 3 8 21 22 8 14 16 17 26 19 16 0 31 14 22 4 24 17 3 31 24 0 4 3 24 3 1 12 0 1 16 31 7 6 6 31 0 23 31 14 3 8 31 14 31 26 4 14 0 14 16 21 20 1 3 17 21 22 6 21
split_gain=361.459 42.7646 32.9088 26.2308 22.4116 19.6696 19.2987 20.4005 18.0223 27.8041 17.7857 18.3908 15.8478 13.5929 13.0151 18.4074 12.3543 12.04 11.2936 11.2278 11.0845 19.3156 15.4192 15.9988 10.6282 33.9189 11.2364 18.0342 10.3039 10.0049 9.8205 9.58584 9.18455 9.03868 9.31785 10.241 9.39495 12.1382 8.80602 8.72459 8.69458 22.6017 11.6328 8.63717 8.59937 8.3478 8.16019 9.05953 7.99241 7.94308 7.93035 7.91405 7.41134 8.5529 8.06568 7.15604 14.4462 18.775 8.00264 7.14579 7.05778 6.98942
threshold=20.812500000000004 69.835000000000022 1.5000000000000002 9.9310000000000027 11.850000262260439 17.633333285649623 226.77150000000003 93.462577380952396 1.0000000180025095e-35 14.250000000000002 -1.4499999880790708 21.349999427795414 33.696708333333341 0 50.141000000000012 39.912717261904767 18.499999761581424 1.0000000180025095e-35 5.5000000000000009 1.3499999642372134 3.5000000000000004 26.685000000000006 454.50000000000006 1 1.0000000180025095e-35 11.500000000000002 532.50000000000011 5.5000000000000009 13.500000000000002 31.082500000000007 2 14.500000000000002 74.135833333333366 65.46050000000001 5.0515000000000008 3.5000000000000004 1.5000000000000002 31.817500000000003 3 6.9500000476837167 27.685500000000005 42.619104166666673 11.500000000000002 141.01750000000001 30.113500000000005 55.349229166666674 40.067000000000007 -6.7499999999999991 1.0000000180025095e-35 125.75181250000001 4 49.605375000000009 0.36243750000000224 20.975000143051151 1.0000000180025095e-35 5.5000000000000009 8.5000000000000018 11.84999990463257 11.800000280141832 14.366666714350385 3.5000000000000004 22.575000047683719
decision_type=2 2 2 2 2 2 2 2 2 2 2 2 2 1 2 2 2 2 2 2 2 2 2 1 2 2 2 2 2 2 1 2 2 2 2 2 2 2 1 2 2 2 2 2 2 2 2 2 2 2 1 2 2 2 10 2 2 2 2 2 2 2
left_child=3 4 46 -1 16 61 7 10 9 -7 44 24 49 -10 -13 -16 33 18 -11 -6 22 51 23 32 26 31 43 38 -27 40 -8 -26 -21 34 36 -36 37 -2 -28 -17 41 42 -18 45 -4 -12 47 -3 -24 -9 -42 -22 53 54 -23 56 -47 -58 -59 -25 -14 -5
right_child=1 2 6 5 19 8 30 12 13 17 11 14 60 -15 15 39 29 -19 -20 20 21 52 48 59 25 28 27 -29 -30 -31 -32 -33 -34 -35 35 -37 -38 -39 -40 -41 50 -43 -44 -45 -46 55 -48 -49 -50 -51 -52 -53 -54 -55 -56 -57 57 58 -60 -61 -62 -63
leaf_value=0.40037806184537728 -0.33485420505675362 -0.072557481662858345 -0.0032176123073462295 0.14619875908964436 0.04947599418835065 0.013208027800134215 -2.0815698718989908 0.19849988551102771 0.056646351896841113 -0.086983730637107917 -0.12878627832698869 -0.23165836192223779 -0.017900966944755226 -0.031723600643572956 -0.84530894856193584 -0.72197432642436188 -0.26614016557871539 -0.32460149253496573 -0.014322255301234144 -0.14838840432548503 -0.2917885395559317 -0.082397580926013708 -0.14230120665818405 0.15044282578682236 -0.36554817605504941 -0.78079310383726086 -0.12906327822806177 0.11276260466438259 -0.96894854394188534 0.28904862322372865 -2.6635089775355811 -0.095020885793185531 -0.18509042463520375 0.87058237604695998 0.32714418663047767 0.07203074954635956 0.0081766711887908631 -0.093792760097428748 -0.80113449619549582 -0.37108571093671117 0.036562163619927902 0.096313431631770294 -0.35777786635466563 -0.43989669623694994 -0.33429037494545499 0.02897068491966337 -0.14216636514885436 0.74318709293057528 -0.30280319567138464 -0.19621859937970784 -0.065702264486077772 1.1726019119280571 0.0046775540459471189 -0.094655915439872729 -0.0073261986090026104 0.12984479451687 0.039462162739183529 -0.77704014235912389 -1.1629796398359351 -0.064115271311456112 -0.4862740299900189 -0.043787907192534982
leaf_weight=69977.979616329074 130.33543206751347 1405.4943892657757 485.61043347418308 21256.482717812061 5529.6320548206568 817.19910897314548 852.98901277780533 9700.247648447752 4068.9909252971411 92.400926426053047 8802.3408623337746 3357.4796330630779 2222.7807421088219 1764.357295691967 170.67277535796165 142.7985006570816 157.62784101068974 195.83622135221958 323.57755497097969 600.29290626943111 185.38840235769749 483.87129083275795 207.35337074100971 1462.9932466447353 1508.1699969172478 67.190333187580109 242.47704458236694 552.89235770702362 61.433149397373199 2426.5590092539787 129.19219481945038 2387.6578969657421 47.633606910705566 3904.7276822328568 11180.416137814522 16475.087779939175 2799.3264770209789 339.66399772465229 370.88884583115578 760.71824154257774 2496.2037196755409 396.91224001348019 132.3750119805336 3674.9573149979115 1969.9331794977188 2727.6225688308477 805.00305682420731 4576.024447247386 95.370669469237328 1998.9840892851353 2057.8863571435213 41.701132655143738 20772.063301667571 179.35291786491871 1797.8486575931311 11500.12186332047 430.76924806833267 344.80115652084351 161.56676684319973 1849.3790875077248 2648.6441526412964 331.99911624193192
leaf_count=169042 418 2356 1743 46727 15226 3185 1514 14208 8342 389 18072 7899 3340 4017 191 176 902 872 1357 1511 992 1652 425 3525 2507 116 502 793 118 6023 210 4496 103 4052 27077 40438 7316 820 861 946 4836 1397 230 6225 3932 4584 2611 7700 195 3147 4999 73 39165 645 7046 20779 736 554 258 5311 4198 855
internal_value=0.00156521 -7.08655e-05 -0.00102178 0.00387969 0.000733293 0.0026109 -0.00141189 -0.00129057 0.000359911 -0.00467054 -0.00190536 -0.00163365 0.000183124 0.00159283 -0.0046567 -0.0094451 0.00149404 -0.0127217 -0.00787682 -0.000238959 -0.000649296 -0.000223059 -0.00299436 -0.0021611 -0.00122548 -0.00363205 -0.00088918 -0.00569449 -0.028795 -0.000322876 -0.00835677 -0.00279411 -0.00927572 0.00189403 0.00160771 0.00190612 -0.000916328 -0.00744972 -0.0115903 -0.00658476 -0.00155176 -0.0067912 -0.0173758 -0.000686239 -0.00602627 -0.000340095 0.00227019 0.00290623 -0.0138522 0.00118089 -0.000760158 -0.0147024 -8.09056e-05 -0.00267476 -0.00184536 0.000370839 -0.00155293 -0.00690504 -0.0134227 -0.000736828 -0.00221287 0.00336808
internal_weight=238638 139809 64059.5 98828.8 75750 28850.8 57272.9 56290.8 7262.36 1429.01 39720.1 37264.6 16570.7 5833.35 4431.67 1074.19 42497.1 611.815 415.978 33252.9 27723.2 23460.2 4263.02 3960.3 32832.9 4024.45 28808.4 1166.26 128.623 7667.56 982.181 3895.83 647.927 34829.6 30924.8 27655.5 3269.33 469.999 613.366 903.517 5241.01 686.915 290.003 27642.2 2455.54 23967.2 6786.52 5981.52 302.724 11699.2 4554.09 227.09 23233.1 2461.07 2281.72 15164.9 3664.76 937.137 506.368 3312.37 4871.42 21588.5
internal_count=523935 289149 114772 234786 174377 65744 102105 100381 18162 5803 75488 69813 24893 12359 9212 1313 98508 2618 1746 75869 60643 49573 11070 10450 60601 7237 53364 2156 234 18387 1724 7003 1614 80121 76069 67515 8554 1238 1363 1122 12364 2529 1132 51208 5675 44983 12667 10056 620 17355 9835 1065 48508 9343 8698 26911 6132 1548 812 8836 7538 47582
cat_boundaries=0 1 2 3 4 5
cat_threshold=3 2 12 3 3
is_linear=0
shrinkage=0.05


Tree=46
num_leaves=63
num_cat=3
split_feature=10 10 8 32 22 31 14 31 9 1 0 19 32 31 10 2 2 9 14 24 0 31 1 1 20 1 2 10 1 8 2 8 19 20 19 15 31 0 15 9 2 31 9 16 22 9 32 24 8 8 7 32 9 22 8 16 32 28 32 20 2 22
split_gain=390.259 42.3566 40.8993 27.4345 28.128 20.9499 19.5335 20.5581 41.2733 20.299 22.0576 18.7339 18.5249 16.3209 17.2449 15.8877 17.1476 26.5747 15.8508 15.48 17.3752 13.6705 13.1269 12.8859 12.5995 12.4377 17.9649 12.3891 14.8531 12.2346 12.0475 12.2366 11.6012 10.8037 10.4649 10.9559 9.94386 9.54094 10.3225 9.47787 9.24293 9.97029 8.76787 11.2724 12.5006 8.70901 11.2 8.65909 11.7395 8.65897 8.65349 8.50308 9.19977 9.40846 11.4255 8.49079 9.17556 8.47118 8.40964 8.63985 8.30567 8.27883
threshold=22.477875000000001 12.922000000000001 110.90250000000002 75.987500000000011 14.366666714350385 45.110500000000009 56.33961011904762 27.737000000000005 110.08500000000002 8.5000000000000018 0 16.349999427795414 70.850000000000009 55.746000000000002 35.783000000000008 2.5000000000000004 5.5000000000000009 20.669000000000004 55.349229166666674 519.50000000000011 1 58.494000000000007 5.5000000000000009 4.5000000000000009 9.5000000000000018 14.500000000000002 4.5000000000000009 94.262050000000002 5.5000000000000009 226.77150000000003 4.5000000000000009 56.043500000000002 26.349999427795414 373.50000000000006 22.050000190734867 13.031041666666667 50.073 2 67.235895833333345 119.80900000000001 5.5000000000000009 47.032000000000004 -2.2624999999999997 0.073312499999994798 18.499999761581424 90.946500000000015 69.790000000000006 579.50000000000011 10.388500000000002 6.3915000000000006 2.0010000000000003 70.985000000000014 87.398500000000027 11.066666642824812 28.861500000000003 1.5083125000000026 55.70750000000001 13.666666746139528 67.347500000000011 105.50000000000001 4.5000000000000009 21.599999904632572
decision_type=2 2 2 2 2 2 2 2 2 2 1 2 2 2 2 2 2 2 2 2 1 2 2 2 8 2 2 2 2 2 2 2 2 10 2 2 2 1 2 2 2 2 2 2 2 2 2 2 2 2 2 2 2 2 2 2 2 2 2 10 2 2
left_child=1 42 3 4 19 11 7 8 15 10 13 47 29 -9 -15 -5 17 -17 32 20 25 -8 61 -6 -22 26 -2 60 -29 37 31 -21 -14 -28 -20 -36 -32 38 -4 -37 50 55 43 44 -1 46 -33 -3 -49 -12 -25 -26 -53 54 -54 56 -42 -52 -43 -60 -23 -13
right_child=2 5 12 6 23 -7 21 9 -10 -11 49 22 18 14 -16 16 -18 -19 34 30 24 27 -24 40 51 -27 33 28 -30 -31 36 45 -34 -35 35 39 -38 -39 -40 -41 41 58 -44 -45 -46 -47 -48 48 -50 -51 57 52 53 -55 -56 -57 -58 -59 59 -61 -62 -63
leaf_value=-0.080796925737677147 0.26472345327706853 0.083190351070933671 -0.27434382421849079 0.052235796255082789 -0.10039114851143333 0.115044434768868 0.42243116620000021 -0.08217623308043881 -0.52217301158510165 0.086948545711125647 -0.1460063592524275 -0.033494352719826641 -0.38872822882616093 0.016284697011509763 -0.4762766910107239 0.050762564341367167 0.063384938642618502 -0.25276778976566788 -0.019623441360920424 0.011054384250771499 -0.075536673954390926 0.21258533210834082 -0.0039535523260868293 -0.087314558555045538 0.078812443471228733 0.62436734294469187 -0.1306967451989495 -1.016627952149743 -0.23412115792384469 -3.8370765347927662 -0.094962428546850219 -0.56912191200147044 -0.71511072898321404 -0.32345350942025419 -0.048973010442956169 -0.2387773563333383 -0.28256478402762542 -0.43118035782202996 -2.2117592037184144 -0.91537671842216994 1.0400652663477179 -0.05717710275517867 0.3666524779870064 0.36533943362891191 -1.1652787386352457 -0.95447157531950921 -0.0068102963060255213 -0.23104587982670799 0.017752755728986002 -0.0023121160143801944 -0.040333232167930791 -0.0099422724829267405 -0.0023351520272713701 -0.0059593839461058451 -0.43006496809374473 -0.008956884993164849 -0.27353437347355442 0.023552097071265623 -0.15948242529456103 -0.34663763989379537 -0.03233296414626903 -0.074101624021947116
leaf_weight=201.24887715280056 12608.520332440734 10798.709890753031 3353.4224908053875 1161.8892483115196 5656.5933741480112 13006.482033312321 15353.364967286587 416.83442157506943 260.61072081327438 10851.432679384947 100.18769127130508 673.65053431689739 2007.192749351263 108.16475683450699 287.94171667098999 204.92497861385345 320.39457470178604 424.77113312482834 15224.013514026999 1688.2448532134295 4821.7173709720373 4593.4995714426041 3091.3902857750654 1507.2785585671663 5328.8193711638451 9350.1007319688797 3562.1148252934217 170.4981614947319 573.04788208007812 288.65658074617386 158.44372749328613 282.46313066780567 73.836971893906593 179.89549687504768 1557.5501569509506 622.48225098848343 84.448363602161407 2809.5702060163021 57.970603540539742 769.8209213912487 132.6551701426506 222.15059342980385 67257.585890546441 1431.154621899128 85.275938421487808 108.23063361644745 442.18889510631561 185.65118862688541 544.3038494437933 4931.2363893985748 10575.753918796778 2121.1824143081903 95.994265913963318 221.81125035881996 190.39908307790756 1874.4186347872019 438.70496252179146 10493.205765977502 235.24789071083069 218.8489151597023 1838.2861872315407 200.56132037937641
leaf_count=879 30998 31888 8164 2013 14094 18816 26303 667 452 14642 117 1882 3169 121 323 358 556 735 21515 3596 11407 4840 8893 4499 16685 23576 8026 182 603 739 402 890 108 392 2434 939 117 6399 244 982 795 362 165278 3886 368 152 593 486 1498 6444 27635 3074 125 296 244 4723 1755 28876 400 309 1926 607
internal_value=0.00154866 0.00398119 -0.000133468 0.000278853 -0.000307768 0.00235962 0.00130267 0.000124935 -0.00422914 0.000743896 -0.00163156 0.0011175 -0.00189267 -0.0092142 -0.0165819 -0.00190768 -0.00670001 -0.0114855 -0.00114683 0.000550337 0.000809973 0.00229945 -0.00184656 -0.00143651 -0.000696634 0.00155881 0.000727553 0.00049769 -0.00560847 -0.00421284 -0.00306328 -0.00203588 -0.00527923 -0.0023143 -0.000673378 -0.00339854 -0.0136753 -0.00374443 -0.00194646 -0.00661976 -0.000960878 -0.00351038 0.00465118 0.0011229 -0.00791261 -0.00699133 -0.00499943 0.00213714 -0.00313032 -0.000385743 -0.000608172 0.000524854 -0.0018014 -0.00783662 -0.0138075 -0.00202281 -0.00735305 -0.000346246 -0.00887955 -0.0127724 0.00120435 -0.00725239
internal_weight=238437 97476 140961 114197 72599.4 28500.7 41597.1 19068.4 2372.59 16695.8 5844.36 15494.3 26764.5 812.941 396.106 2111.98 950.091 629.696 20254.9 41244.6 38480.6 22528.7 3965.6 31354.9 12779.9 25700.6 16350.5 7175.33 743.546 6509.62 2764.02 2521.13 2081.03 3742.01 18173.9 2949.85 242.892 6220.96 3411.39 1392.3 25698.3 3122.03 68975.3 1717.68 286.525 832.883 724.652 11528.7 729.955 5031.42 22576.2 7958.21 2629.39 508.205 286.393 2445.78 571.36 21069 676.247 454.097 6431.79 874.212
internal_count=523477 234481 288996 244303 184021 64070 60282 26428 4114 22314 7672 45254 44693 1111 444 3662 1649 1093 29147 100573 94823 33854 11382 83448 31831 62992 39416 7551 785 15546 5750 5231 3277 8418 25870 4355 519 14807 8408 1921 69354 8344 170411 5133 1247 1635 1483 33872 1984 6561 61010 20424 3739 665 369 7273 2550 56511 1071 709 6766 2489
cat_boundaries=0 1 2 3
cat_threshold=8 12 8
is_linear=0
shrinkage=0.05


Tree=47
num_leaves=63
num_cat=1
split_feature=14 5 24 19 32 14 17 9 1 6 32 17 32 21 16 0 9 32 32 12 17 9 32 6 13 16 12 9 21 20 16 16 12 1 14 19 21 32 2 14 2 32 32 15 9 19 32 2 15 14 9 24 21 1 25 26 17 1 2 14 32 1
split_gain=158.15 55.0602 41.2657 34.1006 33.3091 19.2506 18.8373 22.5402 20.7132 17.0141 14.6151 14.1578 23.3091 13.0708 13.3424 12.2262 12.1148 15.0935 12.1075 13.4802 10.9311 10.9063 12.1221 10.7261 17.0707 17.6741 9.68771 9.23136 8.75894 8.46058 8.95164 8.36607 8.24952 7.64376 10.9971 7.64171 7.42286 7.14956 7.07973 9.47759 10.0464 7.95351 23.9105 7.58255 6.78283 9.89472 6.6348 6.55028 6.51659 6.50831 8.26823 6.39241 8.07708 6.37553 6.35411 9.069 6.33356 6.6849 6.28538 12.5136 7.35703 8.59817
threshold=28.268166666666669 1.0000000180025095e-35 600.50000000000011 13.050000190734865 71.537500000000009 9.2251488095238123 1.5500000119209292 41.999000000000002 6.5000000000000009 3.5000000000000004 74.407500000000013 16.650000572204593 78.552500000000023 16.94999992847443 0.073312499999994798 0 27.741000000000003 62.742500000000007 75.350500000000025 15.990000000000002 15.050000190734865 176.01000000000002 67.200000000000003 6.5000000000000009 165.43650000000002 2.0204583333333344 20.424000000000003 11.095000000000001 17.149999737739567 13.500000000000002 33.696708333333341 0.22458333333333338 20.424000000000003 12.500000000000002 48.797279761904768 23.44999980926514 19.899999856948856 77.015000000000015 2.5000000000000004 55.349229166666674 1.0000000180025095e-35 74.780000000000015 75.987500000000011 7.8187500000000005 144.52650000000003 25.94999980926514 70.697500000000005 3.5000000000000004 0.29333333333334194 81.46213095238096 60.337500000000013 1.0000000180025095e-35 28.800000667572025 15.500000000000002 20.94999980926514 17.650000572204593 12.050000190734865 4.5000000000000009 2.5000000000000004 74.730383928571442 76.810000000000016 14.500000000000002
decision_type=2 2 2 2 2 2 2 2 2 2 2 2 2 2 2 1 2 2 2 2 2 2 2 2 2 2 2 2 2 10 2 2 2 2 2 2 2 2 2 2 2 2 2 2 2 2 2 2 2 2 2 2 2 2 2 2 2 2 2 2 2 2
left_child=5 3 10 9 27 -1 15 31 11 32 21 35 -13 37 20 -5 -16 -18 19 -11 -15 22 47 26 -25 -26 -21 -4 44 -24 33 48 -2 34 -31 -9 -22 -7 39 40 -33 46 43 -43 -10 58 54 -3 -8 -17 -51 52 -30 -29 -42 -56 -44 -58 -46 60 -60 -62
right_child=1 2 4 6 -6 13 7 8 28 18 -12 12 -14 14 16 49 17 -19 -20 23 36 -23 29 24 25 -27 -28 53 51 30 -32 38 -34 -35 -36 -37 -38 -39 -40 -41 41 42 56 -45 45 -47 -48 -49 -50 50 -52 -53 -54 -55 55 -57 57 -59 59 -61 61 -63
leaf_value=0.32580643214642313 0.10763677864501525 -0.19427480983899273 -0.271451710928862 0.41121232617676412 0.042441787359852601 0.13122159530785424 0.0011283781013068151 -0.088454479057292451 0.020684915366352998 0.10288369478206789 0.047666748865913183 -0.20917063003585457 -1.0344880396200509 -0.00077135286953513573 0.067412706055093349 0.033469696797439677 -0.14122534454585695 -0.0016302562810039944 0.15234168085904118 -0.19240759668894045 -0.070009255984077076 -0.86146854243154047 -0.13778378939700817 -0.1434333933889711 -1.3214719959451227 -0.75307963005252465 0.030650355617837733 -0.35833375970274733 -0.27444420294203553 -0.019933228509244217 -0.37648261956138501 0.04881759480694408 0.50398089581200523 -0.11400271095541292 -0.62050389259784711 -0.18304879221324877 -0.25765513008135033 0.2219507366111369 0.044593329818262008 0.092293068102956261 -0.043592095422129523 -0.64688731406266697 0.19043867633024172 -0.47496777383449501 0.19587060594072342 -0.83775246927524027 0.070811951915276158 0.59407291806586116 -0.18322372637073236 -0.50073626259612503 -0.078494917551829968 -0.059575207511456091 -0.28833589729234782 -0.19352157145582219 -0.025900641462142462 -0.14440011057080682 -0.14320745220040224 -0.038254858198910925 -0.58902887395670478 0.13992969605167715 -1.7545550786775856 -0.64302048979914384
leaf_weight=24720.442948058248 15838.4505520612 373.27123664319515 46.867792829871178 6715.5838414877653 109.85349422693253 43868.426116928458 1146.9412798136473 4954.6086243987083 15413.065606191754 12618.465697363019 1192.746967792511 669.66552191972733 202.28496450185776 801.16513381898403 6025.8552095293999 3074.1665860712528 128.93393413722515 2461.5440778583288 20771.098199576139 969.64282892644405 315.48152939975262 91.930590659379959 791.2423158288002 2427.4016337841749 131.75520567595959 508.81300038099289 8046.2167904227972 170.29233713448048 1040.3396935164928 140.38455818593502 192.83391292393208 1521.2873562425375 17999.153499692678 473.70585903525352 293.55785822868347 1389.3930068910122 171.36440865695477 10584.562131017447 14675.458695873618 3417.9838982820511 1007.1761186122894 149.9592005610466 244.57859355211258 71.657517611980438 1478.5304777473211 475.57113918662071 443.20289207994938 414.6634024232626 899.87783762812614 290.30785667896271 744.11670559644699 4111.6603751629591 68.886315226554871 60.681735649704933 111.19457387924194 101.10401451587677 150.7458610534668 339.56143391132355 200.03711353242397 586.90226203203201 85.592074573040009 100.01444983482361
leaf_count=68816 30782 1596 125 14142 157 120409 3301 9238 30987 29348 1873 1148 224 2657 12831 8555 369 5072 29478 2188 1382 264 1386 6142 244 1012 19380 389 2228 330 302 2794 34722 825 433 2750 715 15243 27694 6650 2537 283 279 137 2439 755 972 1839 4406 495 1162 7571 159 116 319 239 167 377 470 785 132 126
internal_value=0.00156008 0.000566619 -0.00497427 0.000732736 -0.0205223 0.00322789 -0.000108009 -0.000482892 -0.00138146 0.00143111 -0.00344895 -0.00372512 -0.00969588 0.00277226 0.00110133 0.0017987 0.00181092 -0.00104827 0.00079936 5.12131e-05 -0.00364335 -0.00543995 -0.00485389 -0.00114232 -0.00369547 -0.0109493 -0.000273197 -0.0297097 -0.00066354 -0.0070233 -0.00985723 0.000656086 0.00228006 -0.00776288 -0.0125502 -0.00290307 -0.00954391 0.00307615 0.000937712 -0.000305491 -0.00191394 -0.00379046 -0.00742081 -0.0217777 -0.00014912 -0.00235536 -0.00169878 0.000356865 -0.00240209 -0.000352253 -0.00378172 -0.0024702 -0.00583706 -0.0338066 -0.00360227 -0.0114428 -0.00306755 -0.00634164 -0.00107316 -0.00419291 -0.011177 -0.0183219
internal_weight=238622 149544 4352.03 145192 387.695 89077.8 65881.5 55057.3 30776.6 79311 3964.34 7215.95 871.95 64357.3 9904.34 10824.2 8616.33 2590.48 45473.4 24702.3 1288.01 2771.59 2679.66 12083.8 3067.97 640.568 9015.86 277.842 23560.6 1891.72 1100.48 24280.7 33837.6 907.648 433.942 6344 486.846 54453 22233.9 7558.45 4140.47 2619.18 956.503 221.617 18339.7 2926.65 1662.68 787.935 2046.82 4108.59 1034.42 5220.89 1109.23 230.974 1219.47 212.299 734.886 490.307 2451.08 972.546 385.644 185.607
internal_count=523946 296452 9635 286817 787 227494 133521 109167 59012 153296 8848 13360 1372 158678 23026 24354 18272 5441 87792 58314 4754 6975 6711 28966 7398 1256 21568 630 45652 3276 1890 50155 65504 1588 763 11988 2097 135652 42448 14754 8104 5310 1243 420 35694 4707 4067 3435 7707 10212 1657 9958 2387 505 3095 558 823 544 3952 1513 728 258
cat_boundaries=0 1
cat_threshold=12
is_linear=0
shrinkage=0.05


Tree=48
num_leaves=63
num_cat=0
split_feature=8 8 32 32 5 7 14 8 19 8 32 31 32 32 17 1 20 15 5 14 16 32 9 3 31 20 9 17 19 1 32 31 17 1 31 9 14 9 26 4 31 9 16 31 9 25 11 1 8 3 26 6 1 9 1 19 9 9 17 5 1 31
split_gain=335.439 47.1773 28.0893 27.4479 21.9421 18.8929 16.4195 16.8242 15.9457 14.0725 14.0627 14.0622 14.0445 19.1165 17.8486 31.5759 13.5145 12.7414 12.5215 40.0103 13.0921 22.3995 26.7519 11.4724 13.6498 11.3507 11.1543 11.1507 16.1404 12.1576 10.9955 10.5505 11.737 10.0586 9.76526 13.8349 12.8363 14.1399 17.1192 9.8212 25.7001 18.16 9.74942 9.83943 14.0242 10.1446 10.3557 9.25301 17.4996 9.25118 9.00418 8.99128 8.93443 8.76105 8.63657 8.45395 8.36933 8.17506 9.97746 14.924 9.13301 9.53537
threshold=15.981000000000002 73.720000000000013 82.195000000000007 75.987500000000011 1.0000000180025095e-35 4.2310000000000008 41.202827380952385 226.77150000000003 11.550000190734865 8.4460000000000015 72.100000000000009 31.261000000000003 78.990000000000023 70.850000000000009 16.94999980926514 9.5000000000000018 1.0000000180025095e-35 70.536458333333357 1.0000000180025095e-35 53.292261904761908 1.0000000180025095e-35 67.652500000000018 1.0000000180025095e-35 3.5000000000000004 44.408000000000008 379.50000000000006 21.795000000000005 14.150000095367433 21.750000000000004 8.5000000000000018 66.367500000000021 26.955500000000004 6.1499998569488534 13.500000000000002 28.167500000000004 41.999000000000002 55.858205357142865 110.08500000000002 2.6499999761581425 1.0000000180025095e-35 79.51900000000002 17.391000000000002 15.347604166666668 32.69850000000001 2.5510000000000006 29.250000000000004 126.74395833333334 5.5000000000000009 118.26250000000002 7.5000000000000009 -6.7499999999999991 3.5000000000000004 6.5000000000000009 108.39900000000002 4.5000000000000009 14.550000190734865 -6.5909999999999984 47.01250000000001 15.150000095367433 1.0000000180025095e-35 8.5000000000000018 55.746000000000002
decision_type=2 2 2 2 2 2 2 2 2 2 2 2 2 2 2 2 10 2 2 2 2 2 2 2 2 10 2 2 2 2 2 2 2 2 2 2 2 2 2 2 2 2 2 2 2 2 2 2 2 2 2 2 2 2 2 2 2 2 2 2 2 2
left_child=9 3 4 5 6 11 27 12 51 57 -6 30 13 17 31 -16 -17 25 20 -20 21 -11 49 24 -13 47 -22 -3 29 53 -2 32 -14 -27 35 -5 37 -37 55 -36 -41 -42 43 44 -15 -45 -47 -8 -49 -23 -46 -7 -10 -29 -28 -39 -54 -1 -59 60 61 -60
right_child=1 2 -4 34 10 8 7 -9 52 18 -12 23 14 42 15 16 -18 -19 19 -21 26 22 -24 -25 -26 33 54 28 -30 -31 -32 -33 -34 -35 39 36 -38 38 -40 40 41 -43 -44 45 50 46 -48 48 -50 -51 -52 -53 56 -55 -56 -57 -58 58 59 -61 -62 -63
leaf_value=0.39709126810430678 -0.073010015885353496 -0.1394023119435481 0.21128929271329719 0.045133457387676046 -0.53669553816416882 0.19505181858577281 -0.27853180465666799 -2.5154153135161526 -0.037120715015497123 0.12590935662804936 0.21184711265385481 -0.23061398710513148 -0.18798670247081548 -0.32886232467737958 -1.8891746989441651 -2.5352492777980959 -0.1217328416307204 -1.4534390679946725 0.01373847952126841 -0.3313318830606079 0.17278116599431215 0.13682923446776174 -0.029078683254014595 -0.0099545736737502114 -0.040781671458856299 -0.83421514930280483 -0.027556104307352138 -0.53789657237361055 -0.91965114523191149 -0.29981718760287779 -0.24442606556235377 -0.15218094551672223 -1.0426291831924304 -0.1730095590117614 0.16540671979735766 -0.10749348279148059 0.376189707710952 -0.5663006189512555 0.066503330151459039 0.043217232164217911 -0.16129405689178178 -0.013506741085274498 -0.042302813377322938 0.66352546851340899 -0.45961987977736457 -0.012453325822355411 -1.2760374154360976 0.076961613604205684 -0.34048215347362076 -0.26314732705298749 0.1968248413535939 0.033863367591449034 -0.24094629465791861 -1.6668273247437064 0.10066400579353747 -0.16995090812345526 0.0070058719622073445 0.26498158904187646 0.053323096822169805 -0.20157689785023525 0.18439390157079194 -0.14955474272441213
leaf_weight=55436.447221785784 393.42956227064133 3157.2471150904894 7826.9673301577568 2658.2543763518333 995.44321738183498 10621.81891477108 2639.037471935153 862.75168234109879 7105.5692002922297 1529.0433765947819 288.14617611467838 343.89836463332176 63.387662529945374 122.20746573805809 235.17127299308777 102.52633595466614 591.71497631072998 124.6565332710743 726.05023977160454 114.26121707260609 10985.894372403622 23.301259979605675 907.73074127733707 5443.9690043032169 654.87234517931938 378.70172949135303 1355.8834913372993 236.41883659362793 219.87069536745548 1130.947684109211 372.24494288861752 4473.4953417778015 58.69458794593811 465.66597099602222 18455.618422985077 1397.7726546525955 723.65024608373642 90.464964985847473 83.161273002624512 7094.5628025233746 246.19622808694839 236.18577885627747 16904.60983119905 6478.5484286546707 524.95978844165802 267.04651381075382 96.612841367721558 6526.2096756100655 4188.5321510732174 141.01506191492081 1627.346655100584 15507.643817484379 42.897284239530563 43.119507759809494 5601.5871166735888 58.205344796180725 20078.627314135432 7736.9767385423183 296.33289107680321 88.107318907976151 1394.1853088140488 240.10981011390686
leaf_count=138018 2263 7179 11584 4584 2233 29070 5759 1678 19062 6338 410 1013 110 221 260 113 636 525 1661 160 23079 95 3103 14389 1371 1090 2417 597 444 2333 1477 5856 102 1281 25015 2405 1256 157 145 10110 254 244 25175 9350 866 415 150 16528 9486 611 2916 42211 104 88 10232 101 55313 16609 777 118 2774 267
internal_value=0.00152187 0.00010873 -0.00097319 0.000824785 -0.00138754 0.000205143 -0.00122657 -0.000940815 0.000529744 0.00400674 -0.00784237 -0.00219729 -0.000810612 -0.000486802 -0.0031746 -0.00949023 -0.00411134 -0.00195375 0.00289346 -0.00308615 0.00313818 -0.00017691 -0.00571528 -0.00143528 -0.00635836 -0.00181333 0.00361872 -0.00401505 -0.00737194 -0.00539935 -0.0085989 -0.00189553 -0.0163377 -0.00743215 0.00203362 1.24703e-05 -0.00277905 -0.00523888 -0.0166489 0.0024227 0.000906846 -0.0102486 0.000320688 0.00163848 -0.0012101 0.00258546 -0.00553034 -0.00145751 -0.000804138 -0.0242155 -0.000270824 0.00141205 -0.000317018 -0.0147179 0.00205177 -0.0267552 0.000221234 0.00437188 0.00303656 -9.38141e-05 0.000829128 -0.00470938
internal_weight=238816 152239 60630 91609 52803.1 60565 51519.5 46731.9 53356.6 86576.9 1283.59 7208.41 45869.1 40344.1 5524.99 929.413 694.241 14322.8 21384.8 840.311 20544.5 2601.09 1072.05 6442.74 998.771 14198.1 17943.4 4787.6 1630.36 1410.49 765.675 4595.58 122.082 844.368 31044.1 5011.51 2353.25 1629.6 231.832 26032.6 7576.94 482.382 26021.3 9116.72 2274.51 6842.21 363.659 13353.8 10714.7 164.316 2152.31 26129.5 27227.1 279.538 6957.47 148.67 20121.5 65192.2 9755.71 2018.74 1930.63 536.443
internal_count=524188 317929 107385 210544 95801 166273 93158 82517 145760 206259 2643 20513 80839 73762 7077 1009 749 34669 47696 1821 45875 10147 3809 16773 2384 34144 35728 10641 3462 3018 3740 6068 212 2371 44271 8648 4064 2808 403 35623 10608 498 39093 13918 4003 9915 565 31773 26014 706 3782 71281 74479 685 12649 258 55417 158563 20545 3936 3818 1044
is_linear=0
shrinkage=0.05


Tree=49
num_leaves=63
num_cat=5
split_feature=8 8 32 22 3 17 24 22 0 3 12 9 31 9 2 2 2 26 1 7 2 20 17 3 0 31 25 29 2 2 31 22 6 8 16 32 2 3 31 0 8 0 32 32 24 32 0 8 31 2 24 2 3 3 1 20 1 32 1 13 23 9
split_gain=333.843 43.6879 28.7624 28.3643 25.5863 15.8106 17.7178 15.3949 14.1414 21.6748 14.011 13.3303 13.0859 16.7353 34.7304 25.2791 14.3607 22.7983 13.9546 12.848 12.0988 11.6614 13.6239 11.8901 11.2113 13.6874 11.1724 14.8713 10.9502 14.6653 10.5625 10.2189 9.68033 9.2999 13.4948 17.7924 19.9366 16.3823 9.85505 9.01173 8.97715 8.70781 9.15781 14.7632 8.69201 14.8961 8.67596 12.3443 10.3993 9.05517 20.7301 8.2044 7.96899 7.84906 8.47034 9.36676 7.81715 12.9017 7.7382 7.71206 7.69723 9.05089
threshold=15.981000000000002 78.903500000000022 75.987500000000011 14.366666714350385 1.5000000000000002 3.0499999523162846 1.5000000000000002 11.066666642824812 0 10.500000000000002 74.285000000000011 39.738500000000009 27.737000000000005 37.281000000000006 2.5000000000000004 5.5000000000000009 3.5000000000000004 2.9500000476837163 16.500000000000004 26.814000000000004 4.5000000000000009 4.5000000000000009 16.150000572204593 6.5000000000000009 1 32.69850000000001 29.250000000000004 11.949999809265138 3.5000000000000004 1.5000000000000002 31.261000000000003 20.73333366711935 5.5000000000000009 9.9310000000000027 1.0000000180025095e-35 67.290000000000006 3.5000000000000004 7.5000000000000009 36.464500000000008 2 26.231000000000005 3 76.610000000000014 78.552500000000023 414.50000000000006 70.685000000000016 4 31.705000000000002 48.669000000000004 4.5000000000000009 326.50000000000006 5.5000000000000009 3.5000000000000004 4.5000000000000009 16.500000000000004 187.50000000000003 5.5000000000000009 63.960000000000001 14.500000000000002 3.0750000000000006 16.94999980926514 14.493500000000003
decision_type=2 2 2 2 2 2 2 2 1 2 2 2 2 2 2 2 2 2 2 2 2 8 2 2 1 2 2 2 2 2 2 2 2 2 2 2 2 2 2 1 2 1 2 2 2 2 1 2 2 2 2 2 2 2 2 10 2 2 2 2 2 2
left_child=11 2 3 46 39 -5 19 8 32 -10 21 33 13 -4 -15 16 17 -16 -18 30 44 22 -9 -24 -12 -26 51 -28 29 -11 -7 -13 -6 -1 35 -35 -37 -38 -39 -3 56 -33 -43 -44 -8 60 -2 -48 59 -50 -51 -27 -42 54 55 -22 57 -32 -53 -49 -46 -62
right_child=1 4 12 5 7 6 20 10 9 28 24 31 -14 14 15 -17 18 -19 -20 -21 53 -23 23 -25 25 26 27 -29 -30 -31 40 41 -34 34 -36 36 37 38 -40 -41 52 42 43 -45 45 -47 47 48 49 50 -52 58 -54 -55 -56 -57 -58 -59 -60 -61 61 -63
leaf_value=0.35821089874034001 0.24531346853189062 0.56187179845207191 0.047984392322002384 0.035660318733988207 0.43702814029502979 -0.2176044550039265 0.027548297738430705 -0.26379814062277307 -0.11395704543055274 -0.11789184429461415 0.11614127749596435 0.15930365403681926 0.085528877259580235 0.24543928570040929 -0.41564471293490118 0.8850216063080808 -0.44702604742152341 0.2884490919740676 -0.089634218362663998 -0.054841482642719264 -0.078579742178003897 -0.15502050282418695 0.59397554119669704 -1.0419039042997107 -0.5782600495800807 0.42942586665228932 -1.2880882991834004 -0.10410117483616546 0.11889531198480299 -0.57218623258516466 -0.11252879790795732 0.089632913682652582 -0.33801526971084678 0.098021800372993531 0.12378345091536742 0.029296370248310135 0.33497477531303277 0.098345014687846011 -0.1464293992305013 -0.03488490838167415 -0.1482902976202741 -0.037146593656693393 -0.16966032737628078 -0.013455483132367087 -0.054353761825920444 0.03439427730919533 0.074030314910655468 -0.18271143859873115 -0.054540238388953992 -0.12262060642451758 -0.32776206222649162 0.0298564302145536 -0.017632032736038639 -0.028244265238931022 -0.0011821989654130505 -0.3088951884504727 -0.02864799224291641 -0.040558462881242367 -1.334602090620387 0.011262867332316517 -0.015421960264574253 -0.22988864504045736
leaf_weight=57202.523015901446 12081.668523743749 3708.5673968046904 1781.7993484735489 6342.0088601261377 7835.7304424792528 318.47226351499557 7367.3258763998747 9660.6493363529444 2406.6069242954254 79.956998109817505 5772.4113359302282 14825.173541158438 29223.473484545946 995.54055500030518 157.64619541168213 216.04352486133575 268.24715924263 224.31861758232117 119.07567256689072 3989.5803297907114 280.78900592029095 16340.626475229859 215.05917197465897 1046.5034590363503 629.28316223621368 1320.0471161007881 93.792574644088745 252.26295959949493 63.606724262237549 163.47515115141869 155.68872521817684 807.35789600014687 3298.217842400074 1111.4959785491228 10902.955256104469 455.96954509615898 90.092040657997131 31.952359706163406 242.41052021086216 2384.581901460886 212.17023381590843 619.02736096084118 118.74836760759354 111.64296978712082 1510.5394842475653 1380.7454393655062 9855.0362987965345 96.009542927145958 1432.2881682813168 595.41840913891792 164.04557722806931 71.287186682224274 1081.7004513293505 2452.0130874216557 317.66960221529007 495.8364317715168 459.53076004981995 404.06209068000317 71.355006754398346 12220.264306932688 198.4775781929493 369.14939971268177
leaf_count=141661 30640 7110 3092 22199 14118 1373 20822 17455 3881 145 8670 30686 40672 1727 273 377 464 390 206 10242 901 29183 310 1739 1007 1993 147 401 112 333 586 1911 5948 4383 22319 1630 338 62 1047 4239 552 1865 147 166 4707 2142 25968 282 2062 873 227 112 2656 5879 829 1338 1512 1213 108 34750 573 1253
internal_value=0.00150464 9.47242e-05 0.000735811 0.000115874 -0.00102476 -0.00110159 -0.00176249 -0.0014024 1.14637e-05 -0.00321756 -0.00195431 0.00398455 0.00193445 -0.000840755 -0.00400238 -0.0106524 -0.0148922 -0.00798161 -0.0216692 -0.00390236 -0.000776478 -0.00249962 -0.00376445 -0.00864967 -0.000143549 -0.0029787 -0.000779394 -0.0088447 -0.0157177 -0.0205273 -0.00661371 0.00270488 0.000800853 0.00428565 0.00306882 -0.00078239 -0.0063633 -0.0150642 -0.0211203 0.00203174 -0.00543371 -0.00101882 -0.00451974 -0.0130598 5.38818e-05 -0.00201342 0.00102905 0.000484957 -0.000442446 -0.00361492 -0.00802468 0.0011335 -0.00266581 -0.00331072 -0.00683004 -0.00964037 -0.0089412 -0.0129048 -0.0102161 0.000122361 -0.00468711 -0.00964657
internal_weight=238700 152181 96766.6 63780.5 55414 27335.8 20993.8 49320.9 13847.6 2713.65 35473.3 86519.3 32986.1 3762.67 1980.87 985.331 769.288 381.965 387.323 6621.2 14372.5 27262.8 10922.2 1261.56 8210.44 2438.03 1808.74 346.056 307.039 243.432 2631.62 16482 11133.9 70037.4 12834.9 1931.92 820.424 364.455 274.363 6093.15 2313.15 1656.78 849.419 230.391 10826.2 3458.91 36444.7 24363.1 14508 2191.75 759.464 1462.69 1293.87 3546.31 1094.3 776.625 1019.28 559.751 142.642 12316.3 2078.17 567.627
internal_count=524006 317791 220780 173579 97011 78777 56578 85662 24537 4471 61125 206215 47201 6529 3437 1710 1333 663 670 18134 38444 48687 19504 2049 12438 3768 2761 548 590 478 7892 34775 20066 171440 29779 7460 3077 1447 1109 11349 6519 4089 2178 313 29497 8675 94802 64162 38194 3162 1100 2213 3208 8947 3068 2239 3311 1799 220 35032 6533 1826
cat_boundaries=0 1 2 3 4 5
cat_threshold=12 12 12 3 4
is_linear=0
shrinkage=0.05


Tree=50
num_leaves=63
num_cat=0
split_feature=10 21 10 12 31 31 9 6 32 5 10 24 9 2 11 1 31 31 24 32 8 1 17 2 9 32 7 2 21 17 26 2 31 29 9 16 21 11 8 32 13 5 10 10 26 31 31 32 2 23 17 16 31 10 24 7 3 24 31 26 2 1
split_gain=369.521 47.4862 48.7322 22.2767 23.0685 48.4283 43.3997 19.1573 19.6507 18.3307 16.838 15.7386 14.3408 14.3166 14.3142 14.2778 14.0436 13.2946 15.3588 12.9934 12.9318 12.8599 14.1574 22.0474 17.9735 11.7912 11.8613 11.812 12.3679 10.8636 10.6424 10.4847 10.4563 10.2258 9.94989 11.4153 12.195 9.86779 9.54811 9.02785 8.80376 8.78702 10.8672 8.50544 8.50012 7.97035 8.15864 7.91831 7.83625 7.73481 7.66155 7.54816 7.39746 9.72414 7.35564 7.31887 10.1929 11.8235 8.66073 7.40688 7.99031 8.61846
threshold=13.746 14.750000119209291 28.517475000000001 31.082500000000007 65.46050000000001 55.602500000000006 117.52100000000002 4.5000000000000009 76.780000000000015 1.0000000180025095e-35 81.790950000000009 528.50000000000011 97.943500000000014 2.5000000000000004 109.05460416666669 4.5000000000000009 39.297000000000004 46.89350000000001 1.0000000180025095e-35 78.552500000000023 114.12600000000002 12.500000000000002 14.050000190734865 4.5000000000000009 42.531000000000006 68.397500000000022 1.6175000000000004 4.5000000000000009 26.375000000000004 16.750000000000004 9.9499998092651385 5.5000000000000009 26.955500000000004 13.449999809265138 -2.2624999999999997 0.073312499999994798 12.300000280141832 15.172916666666667 96.995000000000019 68.385000000000005 56.076000000000001 1.0000000180025095e-35 35.783000000000008 112.212925 3.3500000238418584 43.616000000000007 33.907500000000006 70.445000000000007 2.5000000000000004 5.7500000000000009 7.5499999523162851 114.635625 50.141000000000012 175.43465 730.50000000000011 3.1215000000000006 5.5000000000000009 519.50000000000011 32.405000000000008 0.25000000745058065 4.5000000000000009 13.500000000000002
decision_type=2 2 2 2 2 2 2 2 2 2 2 2 2 2 2 2 2 2 2 2 2 2 2 2 2 2 2 2 2 2 2 2 2 2 2 2 2 2 2 2 2 2 2 2 2 2 2 2 2 2 2 2 2 2 2 2 2 2 2 2 2 2
left_child=34 2 45 4 5 9 21 38 14 15 25 40 -13 19 -9 37 -11 18 49 -8 55 22 44 24 -24 26 -3 -27 41 -15 -30 -19 -10 -31 35 36 -1 -4 -5 50 43 -29 -43 -12 -7 46 -2 -22 -26 -18 -28 -16 53 -42 -37 56 57 -17 -59 -57 -61 -62
right_child=1 10 3 7 -6 6 13 8 32 16 11 12 -14 29 51 20 17 31 -20 -21 47 -23 23 -25 48 27 39 28 30 33 -32 -33 -34 -35 -36 54 -38 -39 -40 -41 52 42 -44 -45 -46 -47 -48 -49 -50 -51 -52 -53 -54 -55 -56 59 -58 58 -60 60 61 -63
leaf_value=0.36354155544778766 0.11688236353521937 -0.094146946228341841 -0.17104295419154916 0.52006981441060496 0.18382251082568218 -0.3958915105910098 -0.59571336921347184 -0.041466613988672664 -0.74097753434471236 -0.036631325832876628 -0.15494032440193595 -0.29254400536579866 -0.79719148950110252 -0.41078453105613805 -0.47186454728503691 -0.14285385257965721 0.1256650578511028 0.13462933113421016 -0.77035840680178402 -1.3134260834459006 -0.53380411395149141 0.0084782064393451161 0.12705214171102705 -0.30623582612528893 -0.22938352498437259 0.018226486450933877 -0.0072487177610382151 -0.017921677529442095 -0.20372517417989436 -1.6528207819119325 -0.020557622442453294 -0.43008360947371432 0.23967807033742725 -1.3063312313752384 0.29541441231254101 0.34883410534309722 -0.85465952180175564 -0.072849766112379657 0.10470437197875455 -0.16600357474148064 -0.093796716395537064 -0.25152828482815687 -0.025938783989636251 -0.68704846022490718 0.082065923509112793 0.1080316148439584 0.0077916709189315373 -0.051112392840698108 -0.55600271965628711 -0.36111364569339455 -0.047313695299099838 -1.2954551596045485 -0.45107351576325816 -2.5669599145537663 -0.37611110454403951 -0.054698360344831089 0.023988152090985794 -0.4389835783085701 -0.38701467344577306 0.12500782900862292 -0.14093293945125077 0.039933171223033886
leaf_weight=148.96303187310696 8660.713720664382 873.2072930932045 1130.7739892750978 12744.166510462761 8553.9287994503975 122.99430108070374 250.92843151092529 6890.3658687770367 111.06816458702087 862.85386346280575 738.44856010377407 178.23065967857838 104.0606050491333 85.234823346138 2651.2573326677084 720.42414659261703 108.71632727980614 294.17128258943558 186.28982472419739 218.37723988294601 2084.2416104525328 1562.6479481160641 313.30614215135574 157.7919340133667 408.97194731235504 13371.634263619781 6268.8386951982975 4924.3284638524055 101.94660398364067 310.90031629800797 93.890348419547081 160.7045025229454 8208.6208097040653 107.05774021148682 70120.136731430888 1275.5926002562046 147.35615460574627 6547.0050744265318 8714.4941590428352 87.324110448360443 5792.5580532252789 126.89584910869598 183.06858348846436 403.08363090455532 665.42317926883698 14546.559674799442 6543.1828358769417 2889.1172496378422 223.84500843286514 114.43220263719559 3568.8581421971321 126.52564933896065 2143.3771389126778 292.27853426337242 150.66440705955029 3132.4313585758209 1536.1510524600744 67.281566455960274 149.37916395068169 19881.306054204702 1748.5991211533546 3334.5588032901287
leaf_count=648 26248 3018 2674 27367 8897 237 300 18015 193 2729 1580 281 133 101 4283 2310 174 478 309 249 5597 1876 346 177 464 22402 18003 8264 206 352 177 218 12241 122 171601 3487 641 14618 13810 463 10918 160 236 912 840 20999 20460 5050 253 253 11989 360 2825 637 389 7818 3727 356 302 47281 4275 7952
internal_value=0.00148916 0.000195133 0.000664505 0.000123394 -0.000500656 -0.000915953 -0.00590466 0.00103984 -0.000163656 -0.000424439 -0.00132502 -0.00313842 -0.0147506 -0.01523 -0.00169661 -0.000222531 -0.00547399 -0.00997494 -0.016501 -0.00891914 0.000199852 -0.00327615 -0.00604705 -0.00969936 -0.00679745 -0.000733611 -0.00205035 2.26847e-05 -0.00194372 -0.0210864 -0.0142482 -0.00407744 0.00161775 -0.0243982 0.00448593 0.000731241 -0.00818202 -0.00217768 0.00204864 -0.00155838 -0.00278704 -0.00148072 -0.00963242 -0.00690027 -0.000927405 0.00243555 0.00163487 -0.00216441 -0.0116406 -0.00759922 -0.00141535 -0.00472599 -0.00221562 -0.00132543 0.0025875 0.000584544 -0.00202253 -0.00612925 -0.0163432 0.000814096 0.00110167 -0.000667305
internal_weight=238222 166379 127127 97376.3 57929.8 49375.9 4427.48 39446.5 17987.8 44948.4 39252 9652.04 282.291 972.499 9668.15 43221.3 1727.17 864.314 409.438 469.306 35543.5 3454.98 1892.33 1103.92 946.123 29600 10798.2 18801.8 5430.13 503.193 195.837 454.876 8319.69 417.958 71842.7 1722.58 296.319 7677.78 21458.7 9925.02 9369.75 5234.29 309.964 1141.53 788.417 29750.5 15203.9 4973.36 632.817 223.149 9837.7 2777.78 8228.21 6084.84 1426.26 30570.1 2473.24 937.085 216.661 28096.9 24964.5 5083.16
internal_count=523281 346515 264311 196604 120335 111438 5317 76269 35092 106121 82204 17286 414 1124 22658 101960 4161 1432 736 549 84668 4193 2317 1240 1063 64918 33473 31445 9043 575 383 696 12434 474 176766 5165 1289 17292 41177 30455 16872 8660 396 2492 1077 67707 46708 10647 717 427 29992 4643 14380 11555 3876 74021 6695 2968 658 67326 59508 12227
is_linear=0
shrinkage=0.05


Tree=51
num_leaves=63
num_cat=2
split_feature=10 10 21 10 14 3 22 31 22 20 0 17 17 18 14 6 31 9 10 10 5 31 12 5 24 16 3 0 1 2 24 23 2 1 3 24 31 31 31 9 17 9 22 2 9 31 1 22 9 21 9 9 19 24 9 14 2 2 1 25 22 2
split_gain=356.7 48.2784 32.0812 26.8924 28.4079 25.4511 19.781 18.9246 18.8474 18.6216 19.0493 15.1723 14.6426 14.4658 13.7553 13.6998 13.5906 12.9094 12.8718 12.5853 12.4295 11.9041 11.3935 11.3429 20.6023 11.2018 10.7708 13.6272 12.2673 18.1337 12.2085 11.3762 11.1549 16.6452 17.2601 10.6197 16.678 11.3485 9.54648 9.4681 9.26153 9.23624 10.2805 19.7743 8.98711 8.77286 8.4112 11.4652 8.11985 7.96564 10.5752 7.82492 11.143 9.18412 7.82143 8.99191 12.2821 10.5369 21.713 21.8556 7.82028 9.27874
threshold=12.420375000000002 31.923674999999999 16.750000119209293 133.42172500000001 41.202827380952385 2.5000000000000004 10.933333436648054 42.791500000000006 19.000000079472866 3.5000000000000004 0 14.449999809265138 2.5499999523162846 21.750000000000004 67.730818452380973 4.5000000000000009 27.685500000000005 24.243500000000004 100.77552500000002 65.06310000000002 1.0000000180025095e-35 29.740500000000004 -1.8749999999999998 1.0000000180025095e-35 673.50000000000011 76.822583333333355 3.5000000000000004 1 14.500000000000002 1.5000000000000002 1.0000000180025095e-35 12.050000190734865 4.5000000000000009 13.500000000000002 11.500000000000002 1.5000000000000002 77.191000000000017 41.453500000000012 32.022500000000008 43.647500000000008 7.7500000000000009 -2.2624999999999997 20.30000003178915 5.5000000000000009 67.871500000000012 43.216500000000003 5.5000000000000009 16.333333412806194 66.074000000000012 8.9499998688697833 11.411000000000003 119.80900000000001 15.150000095367433 14.500000000000002 77.507500000000007 108.21722321428572 1.0000000180025095e-35 4.5000000000000009 14.500000000000002 17.550000190734867 18.833333412806194 1.0000000180025095e-35
decision_type=2 2 2 2 2 2 2 2 2 8 1 2 2 2 2 2 2 2 2 2 2 2 2 2 2 2 2 1 2 2 2 2 2 2 2 2 2 2 2 2 2 2 2 2 2 2 2 2 2 2 2 2 2 2 2 2 2 2 2 2 2 2
left_child=41 2 8 4 9 54 13 22 23 10 16 -12 -10 15 -5 -7 44 21 25 -8 26 -15 -4 45 -25 -11 27 28 29 -21 39 38 -28 34 51 37 -37 40 -31 -29 -14 42 -1 -44 -3 -2 47 -16 -39 -42 -51 52 53 -34 55 -6 -57 -58 -59 -60 -48 -62
right_child=1 3 7 14 5 6 19 -9 12 18 11 -13 35 17 46 -17 -18 -19 -20 20 -22 -23 -24 24 -26 -27 32 30 -30 31 -32 -33 33 -35 -36 36 -38 48 -40 -41 49 -43 43 -45 -46 -47 60 -49 -50 50 -52 -53 -54 -55 -56 56 57 58 59 -61 61 -63
leaf_value=0.27829891138210894 0.073111998480450607 -0.099175865020207254 -0.089506591249749426 -0.79798404555293212 0.17341001159168012 0.47211623285271431 0.011554084426816758 0.01409291968452493 0.13773251184488755 -0.0015124118723907288 -0.10241686854639341 -0.38871261885243985 -0.018121282945671703 0.089808480693046283 -1.2570318843340851 -0.0016191446395648513 -0.019060661108261989 0.053885274767645798 -0.59816626365221814 0.04933628803448116 -0.31294040275093238 -0.47428075962553395 -0.029527569518222663 -0.0058106385021993393 -0.28444245644348554 -0.19635183771732231 -0.03299949022919435 -0.38404361893612066 0.18124080156187716 0.67444593734376646 -0.11197710094146274 -0.70190246322389815 -0.29139155054655036 -0.0567317455640719 -0.63893398557255565 0.017621108778168627 -0.1765149619172254 0.022989480296564935 -0.63807628360164448 -0.65326665205069823 -0.02813626853949254 0.30275713028852602 0.22681568592802678 -1.0891641774515604 -0.2419588792978182 0.1333366897204849 -0.079096163296285132 -1.2764595608455993 -0.1096423495090022 -0.026417718831942417 -0.091957798042662742 -0.8835671717560758 -0.063645733815018701 -1.0434508810098795 0.42604976950257467 -1.2284033399654473 0.69558698556236043 -0.023819369914969357 0.32006094296101822 -1.3701766705550384 -0.60811801360518558 -0.17843899427894883
leaf_weight=1481.8143308758736 17679.348444029689 264.20451149344444 370.14686101675034 1803.9527038633823 5609.2713110148907 10366.946038752794 19142.127816960216 4062.0676902234554 1740.5926973223686 15227.057300239801 3094.2881258279085 761.86224573850632 322.42282705008984 45.645967721939087 295.60238087177277 8857.9042625129223 5085.2601918280125 132.23952116072178 687.4476597905159 628.04988539218903 808.18948981165886 115.04114824533463 3890.4709131866693 1131.4864718914032 83.112144932150841 224.31670087575912 19159.216095685959 118.70321787893772 1198.7110071629286 160.43208022415638 296.67064145207405 228.4684027582407 408.13414466381073 1777.5170831233263 77.987363517284393 3162.7547700107098 186.24761974811554 781.07255220413208 396.74802243709564 107.43665347993374 190.80873195827007 65631.805358096957 110.20656916499138 83.65846461057663 153.1972621679306 18483.220245152712 5376.1563332229853 117.01307791471481 117.08549091219902 168.34031842648983 328.87556122243404 64.984512448310852 591.27239763736725 106.12708881497383 10956.823209241033 105.34046119451523 682.07572528719902 536.48536941409111 70.954181611537933 117.49313926696777 825.4954186975956 2004.0692602247
leaf_count=4405 54239 997 1194 3677 16575 19255 40729 6725 4435 37600 7164 1618 912 173 328 16119 10610 476 1540 1275 1738 206 10377 2576 133 442 32295 196 2512 407 711 408 578 3084 135 8040 192 1224 757 184 571 161510 302 314 300 26519 7999 126 207 435 1128 78 982 147 19734 204 1272 938 140 194 1287 3333
internal_value=0.00147535 0.00026466 0.00152421 -0.000294128 -6.08046e-05 0.000388258 -7.46255e-05 -0.00132431 0.00205847 -0.00152021 -0.0032945 -0.00598392 -0.000322905 0.00125591 -0.00271984 0.00142415 -0.00139565 -0.00975286 -0.000491172 -0.000648279 -0.00136182 -0.0192298 -0.00365196 0.00250434 -0.00224696 -0.000193108 -0.00116682 -0.00390955 -0.00239486 -0.00555742 -0.0111997 -0.0106156 -0.000779055 -0.00359967 -0.00802194 -0.00163888 5.78021e-05 -0.00461449 -0.00674166 -0.0201405 -0.00824672 0.00455987 0.000893654 -0.00990395 -0.0100604 0.00266398 -0.00188835 -0.00884574 -0.000523515 -0.0115198 -0.0148474 -0.0064891 -0.00548504 -0.01086 0.00204703 0.000756893 -0.00266359 -0.0014242 -0.00561761 -0.0201694 -0.00153747 -0.00366461
internal_weight=238792 171485 52698.1 118787 108365 82867 64788.6 8322.69 44375.4 25497.6 9358.81 3856.15 6998.2 19517.8 10422.3 19224.9 5502.66 292.927 16138.8 45270.8 26128.6 160.687 4260.62 37377.2 1214.6 15451.4 25320.5 3135.22 2612.41 1413.7 522.811 785.649 22185.2 3026.02 1248.51 5257.61 3349 1908.61 557.18 226.14 1010.45 67307.5 1675.68 193.865 417.402 36162.6 8618.34 412.615 898.158 688.025 497.216 1170.52 1105.53 514.261 18078.4 7121.62 1512.35 1407.01 724.933 188.447 8205.72 2829.56
internal_count=523961 357430 118907 238523 221773 161502 122445 18296 100611 60271 20689 8782 17144 36229 16750 35374 11907 855 39582 86216 45487 379 11571 83467 2709 38042 43749 6450 5359 2847 1091 1572 37299 5004 1920 12709 8232 4477 1164 380 3046 166531 5021 616 1297 80758 13073 454 1431 2134 1563 1785 1707 725 39057 19323 2748 2544 1272 334 12619 4620
cat_boundaries=0 1 2
cat_threshold=5 12
is_linear=0
shrinkage=0.05


Tree=52
num_leaves=63
num_cat=3
split_feature=10 10 21 21 31 10 14 0 17 6 32 24 32 7 17 21 32 31 2 10 31 0 8 16 17 2 9 11 2 31 10 24 32 14 24 3 30 24 2 2 3 9 10 19 0 17 2 31 3 31 9 32 24 9 8 9 9 17 9 16 21 19
split_gain=344.404 46.1449 30.6281 25.7911 23.3983 17.9606 18.6401 14.8762 14.8031 13.2307 12.6536 12.4868 11.2752 17.3075 10.9487 10.9013 10.6954 14.9017 17.2543 10.3041 10.2117 10.1757 12.365 10.2504 9.96441 11.2969 11.8923 9.69376 9.66733 11.2733 10.4802 9.12172 22.992 9.26292 8.59804 13.327 8.39987 8.36791 8.35883 9.64059 8.72219 10.6789 11.6282 8.65605 10.4053 8.28939 9.75941 16.985 8.74587 16.1521 15.5829 10.0644 8.23214 15.4167 17.3386 8.1523 7.84281 13.1067 7.84214 9.07337 11.0451 7.72405
threshold=12.420375000000002 31.923674999999999 13.199999898672106 8.6999998688697833 42.791500000000006 91.890174999999999 41.202827380952385 0 0.35000000894069677 4.5000000000000009 75.987500000000011 1.5000000000000002 70.445000000000007 4.9810000000000008 15.250000000000002 20.550000429153446 76.352500000000006 26.955500000000004 2.5000000000000004 175.43465 54.109000000000002 1 104.35750000000002 114.635625 18.44999980926514 2.5000000000000004 77.507500000000007 93.804416666666683 4.5000000000000009 47.032000000000004 94.262050000000002 532.50000000000011 72.690000000000012 39.912717261904767 667.50000000000011 5.5000000000000009 5.5000000000000009 7.5000000000000009 4.5000000000000009 5.5000000000000009 10.500000000000002 0.62900000000000011 25.841625000000004 20.550000190734867 2 4.8500001430511483 5.5000000000000009 47.032000000000004 10.500000000000002 32.439000000000007 38.777500000000011 72.690000000000012 30.500000000000004 81.609000000000023 99.450500000000019 26.491000000000003 134.67250000000004 17.349999427795414 -2.2624999999999997 0.073312499999994798 14.199999928474428 21.650000572204593
decision_type=2 2 2 2 2 2 2 1 2 2 2 2 2 2 2 2 2 2 2 2 2 1 2 2 2 2 2 2 2 2 2 2 2 2 2 2 2 2 2 2 2 2 2 2 1 2 2 2 2 2 2 2 2 2 2 2 2 2 2 2 2 2
left_child=58 2 34 9 12 6 11 8 -7 27 45 14 13 15 -5 37 20 18 -18 52 21 23 -23 -11 -19 -26 -27 28 -3 -30 -31 33 -33 -10 61 -36 56 -4 -14 40 -40 -42 43 44 -43 -8 48 -48 51 50 -50 -47 53 54 -9 -56 -35 -58 59 60 -1 -2
right_child=1 3 4 5 -6 7 10 19 31 16 -12 -13 38 -15 -16 -17 17 24 -20 -21 -22 22 -24 -25 25 26 -28 -29 29 30 -32 32 -34 36 35 -37 -38 -39 39 -41 41 42 -44 -45 -46 46 47 -49 49 -51 -52 -53 -54 -55 55 -57 57 -59 -60 -61 -62 -63
leaf_value=0.075739780167601189 0.11232952268672358 0.15044824784599486 -0.085382138277008052 -0.059380916791783638 0.025310886793856471 0.2822397762491658 0.065651415424728299 -1.0644663574245727 -0.6496206933921912 0.025927078982923037 0.087999487997734605 -0.023422511865663156 0.032215920365069727 -0.025326887013013888 -0.22905295894605829 -0.12306670635221284 0.32384527097667687 0.22615592058939954 -0.73628307768010837 -1.7049565951256966 -0.49207967719202339 -0.08876648076235405 -0.59494099858011251 -1.6756451600036444 0.33448345940498148 0.0032453045786310143 -1.0973943685006007 0.63250503294717297 0.023077612699137263 -0.10456811852891904 -1.0682255797298801 -1.1130900471058582 0.13550764596898404 -0.27045945357713885 -0.172911288612384 0.026432954911960849 -0.06581913075808786 -0.033283674548498877 -0.011838830722096728 0.010912230106726463 0.17805613176580187 -0.016720668557934994 -0.012556709893720708 -0.22039859664962089 -0.1090172474271217 -0.048724132434133344 -0.02659628556155429 -0.30088485378909841 -0.50072060728511658 0.05960853428544155 -0.17960020801820031 0.11202262667232042 -0.14195485012584613 -0.089464992386566425 -0.21860367096678318 -0.84222444107400207 -0.64005426280947764 -1.9515493256979917 0.28602832286182861 0.28008539279647915 -0.75746833683908976 -0.021389668638383343
leaf_weight=167.0189244300127 32515.477513685822 13218.300830751657 422.08644799888134 5524.3731791377068 8792.1999933123589 2264.8017764985561 7461.8428664505482 90.445415169000626 603.19628509879112 6861.7900099307299 13702.256559252739 10599.383570194244 2593.9872320443392 3816.7147379666567 624.80688987672329 173.51274946331978 73.629745483398438 6716.1034219563007 85.191511392593384 208.78417241573334 388.39750790596008 2259.1000313162804 491.04957064986229 51.776725471019745 290.69590419530869 88.809229373931885 133.95984727144241 7272.624694570899 1840.5865860283375 641.64483964443207 148.07386502623558 82.505440279841423 128.24972075223923 5522.2896869629622 278.088758289814 666.89232927560806 8714.3743003755808 642.48381489515305 395.19581820070744 906.18362952768803 77.005803883075714 84.3951655626297 91.240971744060516 82.969755411148071 75.056468307971954 10372.75226572156 1087.0006530731916 755.66716209053993 150.4357054233551 346.53810572624207 131.96310520172119 4190.1237370669842 2133.0382981002331 906.15972040593624 605.27599489688873 385.13960559666157 1294.8219283521175 196.74833860993385 65505.284718677402 1387.9098558723927 108.34533329308033 1158.6126167923212
leaf_count=727 73409 28053 1635 12942 14171 4154 22811 141 1480 16496 20793 25606 4872 14162 1184 604 128 9682 148 325 559 6275 847 139 330 100 152 11314 5246 830 191 138 150 9505 579 1332 14734 2183 713 1564 137 154 163 149 136 23768 2648 1014 284 1249 249 6170 3047 1394 1095 611 2165 227 161401 3802 464 3119
internal_value=0.00146571 0.000276546 0.00150659 -0.000270576 -0.000156862 -0.000801898 -0.00030982 -0.00197051 -0.00135948 0.000752236 0.000299985 -0.00170054 -0.00189648 -0.00349787 -0.00349277 -0.00863243 -0.00028751 0.00115665 -0.0139454 -0.00461047 -0.00134899 -0.00102899 -0.00359436 -2.938e-06 0.0014903 -0.00521665 -0.0136617 0.0015365 0.000842884 -0.00192491 -0.00691809 -0.00187926 -0.0121908 -0.00174545 0.00237883 -0.0023231 -0.00151196 -0.00672571 -1.62612e-05 -0.00272699 -0.00670211 -0.0117958 -0.0156605 -0.0213666 -0.0144012 -0.000380627 -0.000989363 -0.00442471 -0.000572413 -0.00634046 -0.015194 -0.000322887 -0.00406956 -0.00638455 -0.0104144 -0.00848084 -0.00279981 -0.00601591 0.00450045 0.0011092 -0.00716554 0.00251084
internal_weight=238585 171417 52772.1 118645 18153 78083 54947.1 23135.8 18807 40561.7 38198.6 16748.6 9360.83 5054.8 6149.18 1238.08 17440.5 7388.39 158.821 4328.84 10052.1 9663.72 2750.15 6913.57 7229.57 513.465 222.769 23121.2 15848.6 2630.31 789.719 16542.2 210.755 16331.4 34619.1 944.981 15728.2 1064.57 4306.03 1712.05 805.864 410.668 333.662 242.421 159.452 24496.3 17034.5 1842.67 15191.8 628.937 282.399 14562.9 4120.06 1987.02 1080.86 990.416 7013.86 1491.57 67168.6 1663.27 275.364 33674.1
internal_count=523850 357456 119082 238374 40643 157884 118718 39166 32553 80490 78986 39732 26472 18584 14126 4422 34856 10540 276 6613 24316 23757 7122 16635 10264 582 252 45634 34320 6267 1021 28399 288 28111 78439 1911 26631 3818 7888 3016 1452 739 602 439 290 58193 35382 3662 31720 1782 533 29938 6288 3241 1847 1706 11897 2392 166394 4993 1191 76528
cat_boundaries=0 1 2 3
cat_threshold=12 12 5
is_linear=0
shrinkage=0.05


Tree=53
num_leaves=63
num_cat=3
split_feature=10 10 22 14 32 32 10 0 22 31 3 7 3 4 32 1 32 3 32 31 23 9 24 5 24 3 16 24 10 20 23 0 32 1 23 10 14 1 21 32 31 23 32 31 3 26 32 9 5 15 0 31 24 15 16 9 21 31 26 4 1 9
split_gain=336.75 46.6351 34.4518 23.5834 22.019 19.8979 18.5815 17.4359 18.3454 17.6144 22.7813 16.0409 15.8203 16.1458 21.4454 14.8612 14.671 18.7158 17.8095 16.0459 14.3356 14.7801 13.7583 17.9942 13.427 14.7063 12.9459 12.1206 12.064 11.5488 11.479 11.4214 14.1233 13.2865 10.9362 10.882 12.4735 10.5098 10.5089 10.362 9.84481 11.1156 9.73261 9.58321 16.0236 21.4951 14.971 14.4682 13.6182 13.6921 9.4827 9.16871 9.05383 8.86914 9.68646 8.81909 9.35585 15.6067 8.80958 14.6337 11.1808 8.73583
threshold=11.995800000000001 65.806900000000013 17.033333172400795 93.462577380952396 77.147500000000022 70.445000000000007 26.947450000000003 0 16.733333647251133 36.871000000000002 2.5000000000000004 24.474000000000004 7.5000000000000009 1.0000000180025095e-35 80.617500000000021 16.500000000000004 67.605000000000018 7.5000000000000009 67.652500000000018 32.898500000000006 8.3499999046325701 66.074000000000012 667.50000000000011 1.0000000180025095e-35 450.50000000000006 5.5000000000000009 33.696708333333341 1.5000000000000002 200.53172500000002 4.5000000000000009 15.250000000000002 1 72.290000000000006 4.5000000000000009 14.250000000000002 114.49079999999999 40.529464285714297 4.5000000000000009 14.899999737739565 77.547500000000014 55.746000000000002 5.5499999523162851 80.617500000000021 56.568000000000005 7.5000000000000009 13.050000190734865 72.990000000000009 131.81600000000003 1.0000000180025095e-35 67.235895833333345 2 30.113500000000005 5.5000000000000009 7.638749999999999 10.125416666666665 2.2110000000000007 18.050000309944156 32.360500000000009 -9.4499998092651349 1.0000000180025095e-35 15.500000000000002 -2.2624999999999997
decision_type=2 2 2 2 2 2 2 1 2 2 2 2 2 2 2 2 2 2 2 2 2 2 2 2 2 2 2 2 2 8 2 1 2 2 2 2 2 2 2 2 2 2 2 2 2 2 2 2 2 2 1 2 2 2 2 2 2 2 2 2 2 2
left_child=61 2 4 7 6 16 22 8 24 10 -9 29 -7 27 39 50 55 18 -18 -19 21 51 38 -24 43 -26 28 -14 34 -8 52 40 -33 -34 -5 -10 -37 -38 -2 -15 -13 -42 -22 46 45 -45 48 -47 49 -3 -16 -12 -21 54 -50 -4 -57 -58 59 -36 -61 -1
right_child=1 3 5 26 -6 12 11 9 35 -11 20 31 13 14 15 -17 17 19 -20 30 42 -23 23 -25 25 -27 -28 -29 -30 -31 -32 32 33 -35 58 36 37 -39 -40 -41 41 -43 -44 44 -46 47 -48 -49 53 -51 -52 -53 -54 -55 -56 56 57 -59 -60 60 -62 -63
leaf_value=0.15666662461143083 0.11302719594762572 -0.00024963423143873346 -0.055644994963697063 0.40648457819168232 0.15806192838225608 0.057036378591223173 -0.090469368816249229 -0.06160676001291137 -0.10913946570101594 -0.10425894333528873 -0.055520860589775373 0.25227470381897349 -0.023267770946943146 -0.056017550534932785 -0.047959929709212194 -0.046608151276677216 -0.19248035524170959 0.10543584060492571 -0.031873786457658863 -0.060312158590597069 -0.19227328644411124 -0.55181478694854535 -0.024053401826268229 -0.25904039276324031 -0.73315698168273402 0.098912411639373241 -0.20130946823462567 0.062850255238928204 -1.5041230007460151 -0.0014102398698373265 -0.1505199656560004 0.030970947101193858 -0.16818393215169164 -0.062981240209042264 -0.0050079077362287453 -1.0619940638170007 -0.79757827729284259 -0.45990276235632666 0.002060188570686705 0.032305040210581913 -0.30945536158251985 -0.026191685947381773 -0.30148566495595941 0.2160075280304227 -0.031340379589997268 -0.57284167877995495 0.58007491291090607 -1.9045265591072473 -0.89890923726685024 -1.7282660929395341 -0.16137527787163003 -0.39153939962145617 -0.039503880088162725 -0.30841769214512244 -1.2398813296699929 0.010858206295966967 -0.10000135049648584 -0.014474723120610378 0.049638310947537879 -0.24439104353598218 -0.94647960584596624 0.28084493577972264
leaf_weight=1658.6971640586853 18055.910088732839 11534.575052157044 562.85117994248867 11296.123373538256 18526.534444391727 7877.0343544632196 4096.4055030196905 1749.9438526034355 6980.1525135487318 6725.0767080187798 231.61033940315247 15150.028496339917 3642.0176849961281 922.83155170083046 257.54933136701584 367.88766974210739 139.93879184126854 202.38669607043266 2972.8806795030832 235.84622465074062 1668.5987070053816 218.25256058573723 857.43748953938484 97.95272096991539 478.96324147284031 466.77374330163002 5563.6108415126801 3279.8999814987183 457.33895388245583 6545.8336871564388 322.13361857831478 5446.8499930202961 422.05487534403801 1782.0190060287714 628.94031876325607 112.94457738101482 110.41954988241196 2381.7210239470005 4419.8464740365744 1319.3581299185753 122.23692041635513 253.82267129421234 127.24992251396179 385.93572935461998 2623.3373699784279 405.35888165235519 7080.1939732432365 239.77593666315079 117.39226689934731 79.181065574288368 300.54988092184067 749.34868729114532 471.21653601527214 279.78452706336975 58.542745560407639 6724.0772617459297 297.04621760547161 1465.4141937792301 2964.5657857954502 233.5219092965126 140.22768843173981 63665.560247197747
leaf_count=4981 45413 27513 2207 16912 25766 12952 9823 3371 14587 8999 680 39126 5537 1698 308 452 491 441 7763 831 4000 428 1832 152 1048 702 8662 4657 721 15622 1008 18045 554 2371 993 239 125 4362 10494 1849 156 322 219 668 2784 465 11638 273 342 345 368 1499 1606 532 125 26377 1589 4125 4630 368 221 156966
internal_value=0.00142952 0.000275896 0.000920229 -0.000768633 0.00149703 -0.00047349 0.00101215 -0.00141961 -0.000840048 -0.00310032 -0.00543539 0.000262346 0.000613909 -0.000696985 -0.00365277 -0.0100496 -0.00193212 -0.0043201 -0.0022544 -0.00953506 -0.00808288 -0.0123152 0.00209431 -0.00377951 -9.50996e-05 -0.0059297 0.000601728 0.000656217 0.00133529 -0.00134457 -0.012064 0.00100022 -0.000581091 -0.00395797 0.00157521 -0.00268652 -0.00544367 -0.00470187 0.00234415 -0.00100767 0.00177868 -0.00620132 -0.00525141 0.000147124 -0.00219886 -0.00747669 0.00059491 -0.0130536 -0.000475862 -0.000142802 -0.0151854 -0.0096788 -0.00847952 -0.00894482 -0.0177088 -0.000785357 -0.000382997 -0.00362457 -0.00068304 -0.0047319 -0.0125532 0.00448866
internal_weight=238552 173227 107138 66089.5 75776.9 31360.9 57250.4 44805.1 33335.1 11470.1 4745 33819.3 17967.1 10090.1 3168.18 925.987 13393.8 4344.4 3112.82 1231.58 2995.06 1199.21 23431.1 955.39 23749.8 945.737 21284.3 6921.92 15720.7 10642.2 1029.2 23177 7650.92 2204.07 15263.4 9585.24 2605.09 2492.14 22475.8 2242.19 15526.1 376.06 1795.85 22804.1 3654.41 1031.07 19149.7 645.135 12069.5 11613.8 558.099 980.959 707.063 455.72 175.935 9049.39 8486.54 1762.46 3967.26 1002.69 373.75 65324.3
internal_count=523333 361386 243935 117451 169676 74259 143910 84944 65748 19196 10197 86019 27821 14869 4675 1128 46438 12140 8254 3886 6826 2607 57891 1984 46435 1750 32507 10194 23845 25445 3445 60574 20970 2925 23124 19313 4726 4487 55907 3547 39604 478 4219 44685 4190 1406 40495 738 28857 27858 676 2179 2437 999 467 34298 32091 5714 6212 1582 589 161947
cat_boundaries=0 1 2 3
cat_threshold=12 12 9
is_linear=0
shrinkage=0.05


Tree=54
num_leaves=63
num_cat=3
split_feature=10 22 17 24 2 10 21 1 17 10 10 0 3 24 31 3 0 10 9 21 22 3 10 31 19 19 9 10 9 16 22 31 16 31 9 22 2 24 26 10 3 0 14 31 2 9 16 9 9 22 2 16 31 13 23 14 3 3 9 26 21 24
split_gain=323.974 40.4042 30.4952 37.2924 24.3029 22.3319 17.3706 16.5806 16.5264 16.3 16.1491 16.1315 15.8314 16.8512 16.1011 13.2922 12.5645 16.5375 17.2374 12.3255 10.7783 10.0087 9.9303 10.2161 19.6743 9.89531 9.2037 9.13597 13.4698 21.7215 11.1838 8.82271 8.77212 8.63773 8.59018 8.20209 8.14649 15.2845 13.5826 8.07535 12.5324 8.06384 11.369 8.66969 8.59609 7.93449 7.88107 8.02961 7.86604 8.23961 11.8247 7.82432 7.64114 8.31819 9.73261 7.75569 7.59736 11.893 9.03613 7.43819 7.35527 7.32112
threshold=12.420375000000002 11.466666738192243 2.0499999523162846 2.5000000000000004 4.5000000000000009 96.775850000000005 17.850000143051151 15.500000000000002 14.750000000000002 46.122875000000008 136.91460000000004 0 5.5000000000000009 730.50000000000011 34.591500000000003 10.500000000000002 1 65.806900000000013 79.709000000000017 10.749999880790712 18.250000000000004 9.5000000000000018 22.477875000000001 48.699500000000008 14.750000000000002 25.849999427795414 16.311000000000003 10.294900000000002 0.14150000000000004 0.1819166666666712 14.733333309491476 32.69850000000001 7.5637500000000006 45.748500000000007 144.52650000000003 25.299999594688419 1.5000000000000002 414.50000000000006 17.44999980926514 63.524125000000005 11.500000000000002 2 56.840477484472054 31.964000000000002 1.0000000180025095e-35 2.5510000000000006 0.073312499999994798 18.426000000000005 -2.2624999999999997 22.899999698003139 5.5000000000000009 20.701541666666671 54.582000000000008 183.46500000000003 9.5500001907348651 30.785419642857146 3.5000000000000004 7.5000000000000009 23.421000000000003 2.0499999523162846 12.749999642372133 570.50000000000011
decision_type=2 2 2 2 2 2 2 2 2 2 2 1 2 2 2 2 1 2 2 2 2 2 2 2 2 2 2 2 2 2 2 2 2 2 2 2 2 2 2 2 2 1 2 2 2 2 2 2 2 2 2 2 2 2 2 2 2 2 2 2 2 2
left_child=27 6 10 8 5 12 9 21 20 -2 16 36 13 -5 -15 32 -3 -18 -19 -10 59 22 -6 -24 26 33 -25 48 29 30 -29 -20 -13 -7 -27 -36 -11 -38 -39 -23 -41 -22 43 44 -43 -17 -21 -48 49 -1 -51 -44 55 54 -54 -49 58 -58 -45 -4 -26 -35
right_child=1 2 3 4 7 25 -8 -9 19 11 -12 15 -14 14 -16 45 17 18 31 46 41 39 23 24 60 34 -28 28 -30 -31 -32 -33 -34 61 35 -37 37 38 -40 40 -42 42 51 56 -46 -47 47 52 -50 50 -52 -53 53 -55 -56 -57 57 -59 -60 -61 -62 -63
leaf_value=0.23366485134762299 0.12161626751288726 0.36321861690940555 -0.11065174807452785 0.0028203921476837482 -0.024271564856788344 -0.33499498753209311 -0.06401090350450965 -0.0057654356048647774 -0.10247101672200998 0.72250485614614957 -0.19703832928578038 0.29754066841816212 0.071169894579986889 -0.30466305868859395 -0.082588351244237052 -0.36679582326150745 0.049323704364457037 -0.22582167527610331 -0.15735710173040049 -0.12067242605842399 0.018169031659688528 0.037693474253018167 -0.13248646213296844 -0.22978845906922951 -0.15836778819936015 -0.26031823723191611 -0.25541370908605537 -0.059641403496356472 0.07798202148157235 0.05073899589499984 -0.23057609387814149 0.5018831549705951 -0.11158851546561231 0.080598803384237527 -1.0690457892121743 -0.88423855566108223 0.19941174701406439 -0.73657921561801099 0.095171797088932669 0.19636556952608475 -0.76857294286497968 0.041048609178211848 0.025762288589943873 0.067951062126344206 -0.16585587666641644 -0.23118413788295131 -0.027538344169374264 -0.11676463996580377 0.29772311011722968 0.3975725335293982 -1.000107076473191 -0.10369832553431202 -0.90679937327739712 -0.36405207263620132 -0.20125216556276834 -0.11103049734499422 0.076399966904536501 -0.052379866249562923 -0.14281500230642763 -0.017693251614435468 -0.010313124828951815 -0.56044537052030641
leaf_weight=1529.5449822992086 26284.67104627192 10838.007215589285 1604.9533543437719 9837.5198501348495 1460.8825750052929 3209.8171340823174 3160.5954630970955 5817.115326628089 3309.0609531402588 7064.5677903741598 2113.0363724976778 1564.9673650115728 22842.151614785194 118.18116518855095 415.5521232187748 122.96398887038231 10607.451459854841 2889.37586414814 1056.3004805743694 317.51003730297089 1173.8831110298634 1004.9897812306881 1665.9328525662422 205.70754247903824 280.57160124182701 657.82654152810574 245.61462712287903 55.344551593065262 7725.019858777523 250.85154712200165 81.841844394803047 1927.1633494496346 4024.8411758244038 5000.4591936171055 229.4204495549202 62.167005315423012 12828.906787827611 351.75201314687729 322.76013301312923 92.1959428191185 77.365316689014435 167.50084376335144 1956.2477750331163 86.089352637529373 908.14322359859943 300.32124397158623 588.84039150178432 188.92315421998501 57394.67370095849 49.994878947734833 52.54742868244648 2567.2755501866341 499.77193135023117 229.62092995643616 166.22126632928848 890.95714193582535 719.84364669024944 1360.9591753184795 326.41282433271408 15128.450334042311 398.2936193048954 84.412188231945038
leaf_count=4559 58038 24474 4111 24401 2862 6983 6968 11449 5826 14214 3644 4271 45860 531 623 227 28488 5818 1787 1343 2065 2246 4291 236 352 1267 333 241 17245 675 354 3047 6564 6429 365 97 24341 675 487 225 134 405 4280 246 2711 572 890 411 142833 134 197 4878 550 238 181 1495 1323 3339 855 29231 552 101
internal_value=0.00142093 0.000267397 -0.00026774 -0.000743659 6.2922e-05 0.000610398 0.00136894 -0.00200337 -0.0020893 0.00158422 0.00112123 0.000711122 0.00121536 -0.000404656 -0.00904882 -0.0015654 0.001447 0.000575899 -0.00155223 -0.00441082 -0.00153637 -0.0039897 -0.00511687 -0.006862 -0.0105304 -0.00156309 -0.0186109 0.00436495 0.00279111 -0.00628822 -0.0222073 0.00111344 -0.000920215 -0.00100924 -0.0063957 -0.013525 0.0013768 0.000657635 -0.006673 9.64586e-05 -0.00996372 -0.00290432 -0.00346356 -0.00557742 -0.00932844 -0.0101002 -0.00680105 -0.0058766 0.00458122 0.00115754 -0.0124942 -0.00180257 -0.00740347 -0.0108172 -0.0136433 -0.00456489 -0.00395609 -0.00272442 -0.0101475 -0.000778714 -0.00513891 0.000272774
internal_weight=238494 171355 115328 85896.8 53706.2 42457.5 56026.3 11248.7 32190.7 52865.8 29431.3 26581.1 33213.4 10371.3 533.733 6013.09 27318.3 16480.3 5872.84 6190.91 25999.8 5431.55 4257 2796.12 1130.19 9244.1 451.322 67139.8 8113.06 388.038 137.186 2983.46 5589.81 8294.69 949.414 291.587 20568 13503.4 674.512 1174.55 169.561 9266.36 8092.47 3568.95 1075.64 423.285 2881.84 2564.33 59026.8 1632.09 102.542 4523.52 1975.49 895.614 665.993 1079.88 2493.3 2080.8 412.502 16733.4 678.865 5084.87
internal_count=523568 357330 240973 173715 109337 86657 116357 22680 64378 109389 67258 51351 71415 25555 1154 11634 63614 39140 10652 10934 53444 11231 8626 5764 1473 15242 569 166238 18515 1270 595 4834 10835 13513 1729 462 39717 25503 1162 2605 359 20102 18037 8879 3116 799 5108 3765 147723 4890 331 9158 2875 969 731 1906 5763 4662 1101 33342 904 6530
cat_boundaries=0 1 2 3
cat_threshold=12 12 1
is_linear=0
shrinkage=0.05


Tree=55
num_leaves=63
num_cat=2
split_feature=10 21 10 10 10 22 1 17 3 16 21 2 31 9 18 22 24 21 20 7 2 10 31 3 3 24 3 15 0 3 17 31 2 10 21 16 9 14 24 2 21 31 22 22 0 31 22 6 6 28 31 9 9 6 17 9 9 1 14 19 24 3
split_gain=317.137 35.8805 22.1684 21.7952 17.8715 15.01 14.293 13.3955 19.2447 13.81 13.1667 12.5856 35.3369 12.3149 11.8848 11.5184 10.9366 10.0227 10.2734 9.70133 10.66 10.5686 10.1591 11.1932 9.64705 9.1101 20.0126 9.08068 8.70032 12.3693 9.74899 13.1856 8.55667 8.10526 7.95219 8.61334 12.4093 7.80992 7.77857 12.1476 8.37986 8.32495 10.7087 7.66884 8.61675 8.12719 7.2867 7.24191 7.13524 6.98197 8.02844 9.62333 8.14368 6.92101 6.69014 6.75926 6.64275 6.98042 6.63224 6.51694 6.4958 6.4038
threshold=14.923600000000002 9.3500001728534716 91.890174999999999 10.294900000000002 46.122875000000008 22.333333412806194 4.5000000000000009 9.1500000953674334 10.500000000000002 0.36243750000000224 16.650000214576725 4.5000000000000009 45.876500000000007 5.7310000000000008 18.850000023841861 12.866666555404665 753.50000000000011 20.975000143051151 3.5000000000000004 46.728500000000004 2.5000000000000004 133.42172500000001 27.685500000000005 11.500000000000002 5.5000000000000009 561.50000000000011 5.5000000000000009 32.972000000000023 0 6.5000000000000009 16.550000190734867 54.582000000000008 1.5000000000000002 28.517475000000001 14.750000119209291 1.0000000180025095e-35 0.97150000000000014 64.384791666666686 552.50000000000011 5.5000000000000009 22.575000047683719 34.489500000000007 16.06666664282481 13.733333309491476 1 66.226500000000001 12.799999952316286 3.5000000000000004 5.5000000000000009 19.699999968210857 29.740500000000004 81.609000000000023 26.491000000000003 4.5000000000000009 4.5499999523162851 0.031500000000000007 100.31500000000001 19.500000000000004 67.730818452380973 25.94999980926514 480.50000000000006 4.5000000000000009
decision_type=2 2 2 2 2 2 2 2 2 2 2 2 2 2 2 2 2 2 8 2 2 2 2 2 2 2 2 2 1 2 2 2 2 2 2 2 2 2 2 2 2 2 2 2 1 2 2 2 2 2 2 2 2 2 2 2 2 2 2 2 2 2
left_child=3 4 6 38 53 16 7 15 9 -9 25 13 -13 14 -6 -3 34 18 28 20 -15 48 23 -22 -18 33 27 -27 29 -4 46 -32 -16 -8 -5 36 -36 43 -1 -40 41 42 -41 44 -35 56 -31 -14 -21 50 -30 52 -52 -2 -7 -56 57 -46 59 -20 -19 -57
right_child=1 2 17 5 11 54 10 8 -10 -11 -12 12 47 19 32 -17 24 60 58 21 22 -23 -24 -25 -26 26 -28 -29 49 30 31 -33 -34 37 35 -37 -38 -39 39 40 -42 -43 -44 -45 45 -47 -48 -49 -50 -51 51 -53 -54 -55 55 61 -58 -59 -60 -61 -62 -63
leaf_value=0.29321398226891954 0.22367569577954693 0.083154062614586452 0.0015319878322621605 0.13616584770564649 -0.090805385937746771 0.033275512721752422 0.050164956082874038 -0.1043647662941849 -0.20448630604865131 -0.054694620703445378 -0.016967459750284599 0.13176869704165101 -0.16476143956823536 0.10255670692692434 -0.25998233318861247 -0.033183687294118157 -0.25216918650072273 -0.49738412089931217 -0.1831809136631847 0.51126822051403098 -0.22069965414549841 -0.065860015609152708 -0.14130180243994914 -0.57233511909718615 0.021616353054474225 -0.13410221720048518 0.033404930403584214 -0.44091420968380035 0.11014287283017624 0.19514430093592738 -0.38664218499750125 -2.0582481265119035 -0.38095904639996125 0.4129478472340708 -0.2363158015277442 0.025434573261912875 -0.0077146838595245626 0.1351021410227162 0.22124352124589139 0.03529447155702075 -0.41301388643569359 0.15895216644374327 -0.52092830751249231 -0.031500291667870786 0.0041928595273809325 0.83619786874958535 -0.52952054767282564 -0.44533693550731074 0.09357702475823225 -0.052520654718674821 -0.34537370496723557 -0.26633075351231883 -0.94941716404055976 0.047391768420320092 -0.12271371777772987 -0.1026125416031948 -0.32061705664014006 -0.15589026541017451 0.048248862787720274 -0.50148050684687251 -0.77745893568771152 -0.023715373694365206
leaf_weight=52624.295254081488 13952.198888286948 3915.4102090299129 3420.681780487299 11527.131248995662 1473.3329704403877 562.81846676766872 12122.593094781041 669.4093422293663 106.51821181178093 5582.4078656733036 16709.032076850533 4727.3686457574368 865.21533614397049 4805.1352762579918 214.43924809992313 5364.1504172384739 78.743586838245392 1304.42972022295 3947.1851224899292 11977.506325185299 61.028070792555809 3630.6094892919064 2876.5436883866787 60.901765882968903 84.363990783691406 1178.5534457266331 2521.7952079027891 126.21002581715584 158.87218381464481 881.56744328141212 255.16316558420658 348.25881588459015 132.70668104290962 6157.8812865018845 76.575244933366776 3008.3343770503998 279.78530021011829 9079.1433386206627 4883.1624249368906 243.16814157366753 78.592573136091232 1180.8632232695818 159.63779421150684 10909.421747922897 2749.5846029669046 683.78491079807281 1833.2277697920799 1315.098997682333 5875.1596355587244 397.93473817408085 247.57806101441383 520.22959560155869 294.25280293822289 11144.75840947032 64.178582459688187 129.95503777265549 302.58620336651802 715.57120649516582 7178.9790563583374 167.70922510325909 59.618849843740463 660.50513434410095
leaf_count=133405 31779 9064 6032 25844 3193 1599 28120 2684 221 9107 35760 9975 1162 10258 379 12398 176 2339 7644 22411 363 5594 5334 106 146 2550 4760 351 282 1499 434 382 303 15068 327 6020 1077 16724 11134 900 169 1997 526 26570 6474 706 3205 1816 11703 682 439 805 451 25434 243 299 470 1795 11013 413 91 1779
internal_value=0.00141729 0.000175748 -0.000413812 0.00409299 0.00110904 0.00248417 -2.94051e-05 -0.0013829 -0.00315058 -0.00278939 0.000305215 0.000425384 -0.00150508 0.000854097 -0.00313505 -0.000171476 0.0029473 -0.00185683 -0.00156896 0.00110216 -0.000407712 0.0016506 -0.00274661 -0.016824 -0.00989206 0.000737414 -0.00159952 -0.00662396 -0.00289779 -0.00209565 -0.00427323 -0.0100172 -0.0114438 0.00094677 0.00308859 0.000949647 -0.00638977 0.00051324 0.00454082 0.00291449 -0.000777048 1.85719e-05 -0.00617944 -5.65177e-06 0.000951455 -0.00072479 -0.0029933 -0.00676937 0.0021507 -0.0061824 -0.00809385 -0.00966085 -0.0143202 0.00214455 -0.0024334 -0.00521863 -0.00163674 -0.00101509 -0.000585418 -0.00218557 -0.00599994 -0.00393695
internal_weight=238664 163022 99909.7 75642.1 63112 16472.4 78894.1 15637.9 6358.34 6251.82 63256.2 38015 6907.68 31107.4 1820.48 9279.56 15054.9 21015.7 19651.6 29286.9 7803.61 21483.3 2998.47 121.93 163.108 46547.1 3826.56 1304.76 8357.77 6738.9 3318.22 603.422 347.146 42720.6 14891.8 3364.69 356.361 30598 59169.7 6545.42 1662.26 1583.67 402.806 21518.8 10609.4 4451.53 2714.8 2180.31 17852.7 1618.87 1220.93 1062.06 541.831 25097 1417.46 854.639 3767.74 3465.16 11293.9 4114.89 1364.05 790.46
internal_count=523984 338343 208533 185641 129810 37510 172822 33474 12012 11791 139348 72597 12953 59644 3875 21462 33590 35711 33281 55769 16061 39708 5803 469 322 103588 7661 2901 14211 11552 5520 816 682 95927 33268 7424 1404 67807 148131 14726 3592 3423 1426 51083 24513 9445 4704 2978 34114 2659 1977 1695 890 57213 3920 2321 8739 8269 19070 8057 2430 2078
cat_boundaries=0 1 2
cat_threshold=12 12
is_linear=0
shrinkage=0.05


Tree=56
num_leaves=63
num_cat=1
split_feature=10 10 21 31 22 3 10 5 14 1 9 32 0 32 14 32 1 22 3 10 31 32 24 10 8 20 10 14 3 9 2 24 14 24 8 22 24 3 16 10 2 3 32 14 24 3 21 31 11 24 16 24 2 5 10 32 8 22 3 31 22 32
split_gain=305.655 41.4616 28.6404 23.8888 22.5191 21.8733 21.1969 17.1385 32.2159 16.7962 16.4198 12.5143 12.3517 13.5904 12.1097 12.0981 12.2456 12.863 11.903 14.5261 11.7371 10.5837 16.1524 10.5561 10.4894 10.3865 10.0424 9.89599 13.9888 12.5388 20.8153 9.28325 9.10806 9.05027 9.35058 9.00002 8.99674 8.66353 8.58546 9.1957 14.3993 12.4101 9.28558 8.55417 8.40084 20.2146 8.67934 8.3459 9.04679 8.32752 8.26581 8.16476 11.516 21.2676 23.5651 13.7906 9.97496 10.2685 9.9284 7.91964 7.89433 7.89154
threshold=11.046374999999999 26.611000000000001 12.399999737739565 42.791500000000006 11.016666690508528 1.5000000000000002 116.70800000000001 1.0000000180025095e-35 32.867642857142862 6.5000000000000009 1.921 78.670000000000002 0 77.637500000000017 54.259657738095243 70.445000000000007 5.5000000000000009 14.53333353996277 10.500000000000002 94.262050000000002 48.526500000000006 73.037500000000009 414.50000000000006 98.060275000000004 17.861500000000003 7.5000000000000009 33.159300000000009 41.533629658385102 4.5000000000000009 131.81600000000003 2.5000000000000004 548.50000000000011 51.288023809523814 667.50000000000011 10.388500000000002 18.566667000452679 466.50000000000006 10.500000000000002 11.820145833333337 83.933975000000018 4.5000000000000009 8.5000000000000018 67.477500000000006 90.888095238095261 432.50000000000006 5.5000000000000009 12.749999642372133 36.464500000000008 5.6954166666666675 511.50000000000006 6.3191666666666668 523.50000000000011 5.5000000000000009 1.0000000180025095e-35 6.2492500000000009 68.517500000000013 -0.068999999999999992 17.333333412806194 6.5000000000000009 29.381500000000003 21.733333071072899 80.15000000000002
decision_type=2 2 2 2 2 2 2 2 2 2 2 2 1 2 2 2 2 2 2 2 2 2 2 2 2 8 2 2 2 2 2 2 2 2 2 2 2 2 2 2 2 2 2 2 2 2 2 2 2 2 2 2 2 2 2 2 2 2 2 2 2 2
left_child=51 2 33 15 12 11 9 -5 -9 14 20 24 44 18 -7 16 17 -4 59 -20 -11 22 -12 -24 -6 43 -22 28 -23 -30 -31 -10 -27 35 -35 -2 47 -17 -16 -40 41 -41 -42 -8 -3 46 -46 -18 -49 -25 -19 -1 -53 55 -55 56 -54 -58 -59 -14 -38 -29
right_child=1 4 3 7 5 6 25 8 31 10 21 -13 13 -15 38 37 36 50 19 -21 26 27 23 49 -26 32 -28 61 29 30 -32 -33 -34 34 -36 -37 60 -39 39 40 42 -43 -44 -45 45 -47 -48 48 -50 -51 -52 52 53 54 -56 -57 57 58 -60 -61 -62 -63
leaf_value=0.26714529968541356 0.14621054305184647 0.37997607654633025 -0.044949390857917493 0.038576891935641205 -0.52791130391731189 -0.071156815427811534 -0.71810067060684313 0.048787162111003826 -0.105031998635791 -0.078274365114364752 0.0047195060833248098 0.44446926852740981 0.58265100196805997 0.3863603593470295 0.093592665835235067 0.031599114685651221 0.026681057510374907 -0.08715595137473349 -0.096104821007783059 -0.68084190034942726 -0.1754307791249696 -0.28706801138904298 -0.081164745071974673 -0.537011059243789 -0.055757835921403931 -0.74230687951177998 -0.19590451013398216 0.19303836351391832 0.0089423855945454985 0.299707770311538 -0.33270538160238666 -0.30798678651770184 -0.08845396378591347 -0.18229548706681353 -0.0078854880526391113 0.010482092392492337 -0.055259646978579907 -0.033923474497123518 -0.017331092961048355 0.013923022905871107 -0.610106753236904 -0.51413906890547101 -0.41237059196405212 -0.34728380269111842 -0.21002220065535973 0.4182930362919226 -0.55468891865521852 -0.051709689541654495 -0.017293538216858906 -0.83911393902459541 -0.047401213191626913 0.21290729377811238 0.40305030677770565 0.15354053901405812 -0.46704861076207405 0.19959935137112508 -0.15565306367795007 -0.0094646065516228901 -0.97199043117099082 -0.058467901647083313 -0.14283865886078867 -0.03338364512551735
leaf_weight=54004.936816543341 22577.725964084268 24606.841275215149 528.91155327856541 8472.9477999508381 45.403285309672356 8010.3663222938776 2159.4649339914322 286.85319119691849 85.149288505315781 1437.6302524954081 21656.869431748986 6902.3373077809811 762.92851854860783 2395.0182604789734 3917.5791663974524 2656.6699752211571 1790.0679578185081 270.45405806601048 287.77849099040031 69.108977049589157 98.286687850952148 186.51357725262642 4575.7138044536114 113.25563392043114 1723.7712808400393 663.56030684709549 194.38330161571503 13885.130589187145 6468.192841231823 212.34049394726753 226.27865543961525 82.667843043804169 6684.6507342010736 123.08739803731441 633.98883903026581 4046.5257162749767 722.55652685463428 1530.4667752981186 5460.5613835304976 1564.4338224977255 138.06525072455406 529.24676565825939 387.38575804233551 3048.0960390269756 483.93003296852112 1174.3699615746737 269.22342233359814 375.04145076870918 1199.3679442405701 61.908903077244759 196.66180562973022 5815.8673247098923 195.79463905096054 57.719954565167427 55.700803935527802 1262.0889340341091 257.15143781900406 35.189270466566086 82.597934395074844 7357.9476809948683 156.30944232642651 3501.5285395979881
leaf_count=136417 50149 50829 2002 13619 154 18407 3663 542 115 4062 61672 11290 4459 2991 8611 5072 6539 1180 687 138 113 582 11093 208 6040 1310 238 20966 9034 313 333 110 10319 286 1281 9947 2480 2712 9553 2272 213 802 573 4604 1062 1890 603 1446 4575 86 612 13270 666 186 72 2145 794 91 304 13364 535 4301
internal_value=0.00141931 0.000362483 0.0016589 0.000130639 -8.92425e-05 -0.000502701 -0.00074625 0.00198409 -0.00746277 -0.00041828 5.06067e-05 0.00188953 0.000948093 -0.000471381 -0.00165135 -0.00162475 -0.00322581 -0.00821247 -0.0014114 -0.0103356 -0.00473793 0.000213518 -0.000480736 -0.00312059 -0.00186147 -0.00264312 -0.0138479 0.000962432 -0.000611407 -0.000245539 -0.00841666 -0.0247937 -0.00143219 0.00268328 -0.00270469 0.00283659 -0.00205365 0.000378957 -0.000646115 -0.00157742 -0.00401241 -0.00215259 -0.0114048 -0.00435123 0.00152934 -0.00164818 -0.00803653 -0.000876147 -0.00353041 -0.0151326 -0.01425 0.00444762 0.00293061 -0.000398467 -0.0213121 0.000906651 -0.00553686 -0.0103043 -0.0224678 -0.00101798 -0.00655523 0.00160452
internal_weight=238763 176996 45735.5 18354.1 131260 93853 85181.4 8927.62 454.67 72625.7 52618 8671.51 37407.1 10872.8 20007.6 9426.51 5239.37 996.027 8477.76 356.887 1730.3 50887.7 26407.7 4750.88 1769.17 12555.8 292.67 24480 7093.33 6906.81 438.619 167.817 7348.21 27381.3 757.076 26624.3 4243.34 4187.14 11997.3 8079.69 2619.13 2093.68 525.451 5207.56 26534.4 1927.52 753.153 3364.48 1574.41 175.165 467.116 61767 7762.11 1946.24 113.421 1832.82 570.733 374.939 117.787 8120.88 878.866 17386.7
internal_count=523982 370037 103202 41539 266835 190812 173328 14386 767 153432 113001 17484 76023 21639 40431 27153 19369 3794 18648 825 4413 108588 73059 11387 6194 19896 351 35529 10262 9680 646 225 11629 61663 1567 60096 15575 7784 22024 13413 3860 3074 786 8267 54384 3555 1665 12560 6021 294 1792 153945 17528 4258 258 4000 1855 1189 395 17823 3015 25267
cat_boundaries=0 1
cat_threshold=12
is_linear=0
shrinkage=0.05


Tree=57
num_leaves=63
num_cat=3
split_feature=10 21 10 10 8 21 32 32 1 18 3 0 17 22 31 17 22 2 20 2 10 31 31 2 31 3 25 10 1 31 31 21 3 10 0 32 3 31 20 2 32 32 1 8 1 8 0 32 3 1 6 20 8 22 22 22 15 15 32 22 31 1
split_gain=296.958 31.972 25.8716 19.4729 17.6694 14.9954 14.6197 14.2037 13.5712 17.1115 16.1782 13.452 12.5398 12.0677 11.6097 11.4567 11.2008 10.8989 15.7794 10.3432 13.8137 10.157 10.3704 9.99736 27.8843 12.123 11.0002 9.9434 9.84928 9.48517 9.28063 9.25151 9.12642 10.9931 12.6631 9.08496 9.06967 9.44275 8.80245 8.7504 8.60757 8.16473 8.1535 9.73574 11.8144 7.9912 11.3428 7.95073 7.87651 10.9179 8.08721 7.65244 7.37824 7.27561 7.23906 7.23368 7.20242 7.16683 7.11803 7.07665 6.96522 9.19187
threshold=14.923600000000002 9.3500001728534716 9.408825000000002 76.830224999999999 50.227500000000006 16.150000140070919 71.457500000000024 70.77500000000002 5.5000000000000009 6.3499999046325692 10.500000000000002 0 2.9500000476837163 13.100000103314718 26.955500000000004 5.8500001430511483 23.033333539962772 4.5000000000000009 370.50000000000006 3.5000000000000004 94.262050000000002 43.216500000000003 33.907500000000006 4.5000000000000009 44.895500000000006 5.5000000000000009 30.94999980926514 175.43465 15.500000000000002 34.13750000000001 48.75950000000001 26.375000000000004 3.5000000000000004 37.142450000000004 1 62.742500000000007 4.5000000000000009 31.841500000000003 620.50000000000011 4.5000000000000009 68.397500000000022 65.612500000000026 19.500000000000004 75.766000000000005 9.5000000000000018 6.7910000000000013 2 69.790000000000006 8.5000000000000018 16.500000000000004 2.5000000000000004 223.50000000000003 16.811000000000003 10.800000270207724 21.233333190282192 18.66666674613953 70.536458333333357 11.218541666666669 79.100000000000009 14.866666505734127 37.008000000000003 15.500000000000002
decision_type=2 2 2 2 2 2 2 2 2 2 2 1 2 2 2 2 2 2 10 2 2 2 2 2 2 2 2 2 2 2 2 2 2 2 1 2 2 2 10 2 2 2 2 2 2 2 1 2 2 2 2 10 2 2 2 2 2 2 2 2 2 2
left_child=2 4 -1 8 54 55 15 19 9 10 40 12 -5 -11 -9 -7 39 21 31 36 28 22 -10 -16 26 -26 -25 42 -21 -24 47 -19 33 -23 -35 -15 -6 38 -38 -17 57 -18 43 44 -13 46 -31 -20 49 50 -27 -36 -42 -14 -2 -4 -39 -3 -33 -32 -41 -62
right_child=1 3 5 11 7 6 -8 14 17 13 -12 27 53 35 23 16 41 18 30 20 -22 32 29 24 25 48 -28 -29 -30 45 59 58 -34 34 51 -37 37 56 -40 60 52 -43 -44 -45 -46 -47 -48 -49 -50 -51 -52 -53 -54 -55 -56 -57 -58 -59 -60 -61 61 -63
leaf_value=0.26980806046696132 0.14471906303590104 -0.12450250736951674 0.13226663028817881 0.18521354197587458 0.21008698729736253 0.014135529465823016 0.025391507249855217 -0.50301678625501933 0.036930848847309149 0.092858121805784677 -0.21636102711698835 -0.52779779527474346 0.066875379454150161 -0.097321357373845535 0.20113642965057182 -0.015180962104808238 -0.023593656103051242 0.0011766832524015671 -0.21709747119245704 -0.22366031843328715 -0.58735324231946784 0.033833245216704812 -0.10083631196791992 0.69235296462312135 0.028674150724360459 -0.13729105951972828 -0.35647047120838754 -1.6409399501981043 0.28213744560906662 -1.6266345381906868 -0.20778225354231844 -0.056835301919652539 0.079789925249225041 -0.21953060206382455 0.0056194905040175772 -0.011154781492541944 -0.35967649047213901 -0.045101539763622259 -0.57289710727433174 -0.0085616865418871591 -0.085816886515136845 -0.20318409067724891 -0.48010023854276157 -0.11100436302781205 -0.099134561507209895 -0.012898149182448649 -0.039071549156117769 0.01020579377133295 -0.12191456435740378 -0.60970556634200657 -0.67575009013744003 -0.18421742242866446 -0.02289786872614279 -0.21698191756097032 -0.022256712003333234 0.010211929457400348 -2.3158536215571193 -0.063470260640418094 -0.42371406461466282 -0.05572892293924632 -0.29966692274837076 -0.029666941821857053
leaf_weight=55255.95567175746 25697.847194448113 556.40587206184864 13559.614766508341 4499.9059524536133 4575.3159137070179 724.19048911333084 1981.1841330528259 153.93359041213989 12378.350151062012 4529.0204888284206 153.85310584306717 78.350055873394012 4387.1926603764296 659.49918182194233 19877.597540125251 609.18874004483223 52.351278424263 11983.348848819733 481.80987229943275 1516.6689011901617 1044.9149029105902 1993.4822835624218 501.3737096786499 2487.4920040220022 464.64523175358772 104.17565083503723 111.3173879981041 179.42813086509705 1203.8805232197046 65.586644738912582 259.12892895936966 119.38986779749393 14101.519769579172 218.88929504156113 1266.0352737903595 4762.3432872593403 470.08436091244221 2227.1299193352461 34.783045053482056 96.53203883767128 935.3788329064846 99.922391682863235 820.33339534699917 4876.3168335855007 69.510888516902924 7937.6993182599545 155.29981212317944 704.31373777985573 388.06565392017365 349.8584018945694 323.10796773433685 340.15378326177597 4682.0396120995283 14918.81623545289 2146.8173185437918 2825.8226583600044 40.768109023571014 785.98094192147255 49.696746051311493 291.39526283740997 113.86912752687931 57.025182768702507
leaf_count=138947 57805 2172 30041 9263 13070 2166 3165 268 36060 10794 328 112 7452 3265 29070 1800 211 26736 1801 4336 1982 4214 1599 4093 703 125 180 279 3546 97 342 300 19171 449 3004 9688 1968 6249 184 297 1406 298 1275 7639 103 22579 394 1027 398 424 388 629 6969 25872 5011 7487 170 2850 85 351 318 124
internal_value=0.00136664 0.00016631 0.00396168 -0.000391257 0.00104599 0.00242636 -0.00043288 0.000304344 6.50961e-05 -0.0011608 -0.00303324 -0.00146077 -0.000925108 0.000177933 0.000982459 -0.00375759 -0.00714615 0.000460955 -0.000741587 -0.00117589 -0.00330634 0.000889682 0.000144559 0.0010701 -0.00113734 -0.0062623 0.00207798 -0.0035697 -0.00142827 -0.00118256 -0.00519829 -0.000104326 0.0017644 -0.000403884 -0.00320678 -0.00141336 -8.38619e-05 -0.00233987 -0.00851699 -0.00495918 -0.00267718 -0.0196217 -0.0032181 -0.00246248 -0.0150596 -0.000771861 -0.0101308 -0.00270392 -0.00898338 -0.0118859 -0.0172416 -0.00160416 -0.00181696 -0.00147951 0.00198814 0.00307797 -0.000961604 -0.00627286 -0.0116836 -0.0105578 -0.012481 -0.0185172
internal_weight=238336 162960 75375.7 99741.8 63218.4 20119.7 3734.26 35373.7 69912 17064.5 7113.66 29829.9 23805.9 9950.86 24260.2 1753.08 1028.89 52847.5 13889.1 11113.5 3765.46 38958.4 21038.3 24106.3 4228.66 1629.85 2598.81 6023.94 2720.55 8659.96 1736.65 12152.4 17920.1 3818.56 1825.08 5421.84 7348.08 2772.77 504.867 876.615 6959.81 152.274 5844.51 5024.18 147.861 8158.59 220.886 1186.12 1165.21 777.142 427.284 1606.19 5617.42 19306 27844.7 16385.4 2267.9 1342.39 169.087 550.524 267.426 170.894
internal_count=523129 338275 184854 208305 129970 45907 8379 67154 156310 37472 13725 51995 42587 23747 35649 5214 3048 118838 30642 31505 9864 88196 60729 35381 6311 2038 4273 9408 7882 24669 3521 27121 27467 8296 4082 12953 21641 8571 2152 2539 13397 509 9129 7854 215 23070 491 2828 1335 937 513 3633 8375 33324 62816 37528 6419 5022 385 693 739 442
cat_boundaries=0 1 2 3
cat_threshold=12 2 1
is_linear=0
shrinkage=0.05


Tree=58
num_leaves=63
num_cat=3
split_feature=10 10 21 31 12 22 32 5 0 31 10 1 4 13 8 19 17 5 24 10 24 5 31 22 16 4 23 31 31 0 24 17 4 4 12 31 16 31 31 31 26 5 8 7 21 10 24 0 20 32 24 31 31 24 13 21 23 8 7 20 28 32
split_gain=288.29 40.6194 26.2905 23.3693 21.6392 16.4845 13.8846 13.7849 23.9716 13.6034 13.4237 12.4104 12.8002 11.273 11.0186 9.87078 9.82153 9.8197 9.62056 9.03517 8.54245 11.0984 33.3407 8.92271 8.62508 8.88734 8.30377 8.08827 13.0547 8.57482 8.06257 8.04072 8.34354 8.03748 8.34808 10.0047 8.19753 7.66301 22.669 7.2106 8.98502 8.1908 8.58211 7.46172 7.18963 9.51264 7.11672 6.48154 7.12516 10.1789 7.03294 6.43111 9.8691 8.21638 6.16914 5.98141 5.89837 5.89422 6.2516 5.89059 5.79347 5.74816
threshold=11.046374999999999 28.145150000000005 10.900000154972078 43.216500000000003 31.082500000000007 11.133333404858908 76.437500000000014 1.0000000180025095e-35 0 33.907500000000006 116.70800000000001 13.500000000000002 1.0000000180025095e-35 11.189000000000002 59.885000000000012 24.349999427795414 16.349999427795414 1.0000000180025095e-35 548.50000000000011 123.89195000000001 523.50000000000011 1.0000000180025095e-35 49.169000000000004 22.59999982515971 5.6622916666666603 1.0000000180025095e-35 12.949999809265138 63.610500000000009 61.590500000000006 1 9.5000000000000018 8.3499999046325701 1.0000000180025095e-35 1.0000000180025095e-35 -0.99899999999999989 31.261000000000003 18.972875000000002 63.610500000000009 61.875000000000007 50.141000000000012 -4.9500000476837149 1.0000000180025095e-35 18.541500000000003 2.8725000000000005 13.149999737739565 80.786650000000023 667.50000000000011 2 12.500000000000002 70.445000000000007 439.50000000000006 66.226500000000001 31.132500000000004 3.5000000000000004 103.99500000000002 16.150000140070919 7.4500000476837167 71.69250000000001 79.471000000000018 292.50000000000006 14.133333603541059 71.312500000000014
decision_type=2 2 2 2 2 2 2 2 1 2 2 2 2 2 2 2 2 2 2 2 2 2 2 2 2 2 2 2 2 1 2 2 2 2 2 2 2 2 2 2 2 2 2 2 2 2 2 1 8 2 2 2 2 2 2 2 2 2 2 10 2 2
left_child=20 2 46 9 5 17 14 -5 -9 33 11 12 37 30 31 -12 59 27 -10 51 -1 23 -23 -22 25 -25 47 28 29 -3 61 -6 -33 -4 35 36 -35 38 39 41 -41 43 -43 -7 45 -30 -2 50 49 -49 -16 52 54 57 -8 -27 -40 -53 -59 -14 -45 -11
right_child=1 4 3 7 6 10 19 8 18 13 15 -13 16 -15 26 -17 -18 -19 -20 -21 21 22 -24 24 -26 55 -28 -29 44 -31 -32 32 -34 34 -36 -37 -38 -39 56 40 -42 42 -44 60 -46 -47 -48 48 -50 -51 -52 53 -54 -55 -56 -57 -58 58 -60 -61 -62 -63
leaf_value=0.24159266373786378 0.12331916138585353 0.29001571225179495 0.031229299941447589 0.037001275120129587 0.3270180321358751 -0.083977123819594018 -0.14079890705900003 0.0080875074620267995 -0.10032469870812939 -0.0883855867524483 -0.38975677607524095 0.0016801612379985899 -0.062344864596786925 -0.025637803212776158 0.11319912419229877 -0.56512724062388742 -0.19248138518051885 -0.20341986622655561 -0.30203750841921945 -0.047129388585506859 0.19459104593303095 0.013105627311511193 -0.44082478797771146 0.013459265190173132 0.028476925419797895 -0.88229885036018385 -0.21002543998746007 0.87497491510252867 -0.24461749962043344 -0.016027938848803915 -0.032659745996822309 0.058116374408873739 -0.089704414576219096 -0.075136058972429351 -0.01635935065063663 0.053616425293107284 -0.17172757815869899 0.083463220679091246 -0.44462258888395073 -0.37881605482867153 -0.089476854432041369 -0.53409685339976465 -0.13428711310672733 -0.048358990718781317 0.13307969373849532 -2.1351602367606168 -0.042000809417960208 -0.4152591335404921 0.0181842780277492 -0.079967572767947109 -0.39220570975609448 -0.0070588526656223394 0.56856214766193625 0.14484712492125951 0.19056114812909541 -1.6702366577303338 -0.14568955670112746 -0.65685484555619811 -0.30416774062649454 -0.23113110548938673 0.033932376496872509 0.070346738264431607
leaf_weight=54032.910448640585 23426.968762755394 7218.5598305612803 4748.0689093917608 11597.583455055952 4904.2839636057615 2090.1363284289837 1289.728828728199 421.10962554812431 82.216878861188889 267.00200712680817 5024.6163459122181 21571.635516181588 3828.2151270955801 4964.6450584381819 10255.199506193399 930.14330090582371 522.30308184027672 785.03301103413105 63.560746490955353 4095.8585241734982 6978.6747618317604 279.86861409246922 64.56005197763443 58.518180832266808 312.16577024757862 48.851474389433861 4704.5283834934235 2368.8953236341476 112.45754390954971 14040.579585149884 653.1016066968441 2272.8439425081015 986.02952361106873 95.508535340428352 2027.4898245632648 78.496773764491081 47.788554012775421 3222.7827659845352 164.28306078910828 83.064499706029892 2260.9159024357796 35.297285079956055 407.06933869421482 6979.4403200149536 86.402060389518738 88.645447134971619 519.4374538064003 732.4635414481163 1657.7852311879396 805.98352268338203 575.64089700579643 958.36400604248047 9926.2587675750256 1839.4489095807076 3342.1810658574104 38.976069748401642 88.711276948451996 177.30947852134705 466.80817931890488 253.78474293649197 6665.0815586596727 37.34647935628891
leaf_count=136545 52797 15690 12768 18360 16366 5422 2222 674 169 910 8299 46809 8504 16142 20493 1626 966 1856 86 5813 15416 744 83 224 717 211 10161 2453 138 30284 1994 4380 1809 386 5219 236 88 3363 187 231 3219 105 1150 17225 110 103 1030 1819 3922 1201 1010 993 16032 1914 5697 177 101 184 484 575 15932 49
internal_value=0.00137294 0.000345546 0.00156902 0.000437736 -0.000123778 -0.000636648 0.000701446 0.00201045 -0.00559625 -0.00104311 -0.00112508 -0.000848201 -0.00157087 -0.0028065 -6.15209e-05 -0.00336448 -0.00396793 0.000433683 -0.0222329 0.00163008 0.00431224 0.00276276 -0.00600001 0.00316933 -0.0035814 -0.0135524 -0.000729617 0.000614392 0.00030943 0.000452779 -0.00777128 0.00147143 -0.000453571 0.000449495 -0.00201201 -0.0111992 -0.0190155 -0.00106897 -0.00145562 -0.00125209 -0.00384329 -0.000876426 -0.00757871 -0.000687527 -0.0102551 -0.0154165 0.00275397 -0.00011989 -0.0020943 -0.00455026 0.00046441 0.00211235 0.00257186 0.000168596 0.000665913 -0.0235198 -0.0162918 -0.00244791 -0.00614276 -0.00314025 -0.000261263 -0.0144816
internal_weight=238664 176849 49030.3 25083.9 127819 78828.1 48990.7 12164.5 566.887 12919.4 54127.5 48172.7 26601.1 5922.1 26894.8 5954.76 4604.3 24700.6 145.778 22096 61814.5 7781.61 344.429 7437.19 458.511 146.346 18731.6 23915.5 21546.6 21259.1 957.45 8163.16 3258.87 6997.35 2249.28 221.794 143.297 21996.8 18774 18521 2343.98 16177 442.367 15734.7 287.505 201.103 23946.4 14027.1 3196.23 1538.45 10830.8 18000.1 14558.2 3441.93 4631.91 87.8275 252.994 1602.48 644.118 4082 13644.5 304.348
internal_count=523873 369756 110908 57081 258848 164348 94500 19289 929 37792 113714 103789 56980 19095 61161 9925 10045 50634 255 33339 154117 17572 827 16745 1329 612 38606 48778 46325 45974 2953 22555 6189 18697 5929 710 474 46935 43572 43284 3450 39834 1255 38579 351 241 53827 28445 6942 3020 21503 27526 23951 3575 7919 388 288 1661 668 9079 33157 959
cat_boundaries=0 1 2 3
cat_threshold=3 4 12
is_linear=0
shrinkage=0.05


Tree=59
num_leaves=63
num_cat=3
split_feature=10 10 19 32 31 3 22 1 10 7 1 26 22 31 10 9 10 4 10 9 31 24 17 0 9 24 26 31 10 1 3 31 23 25 10 11 19 3 17 3 0 32 6 10 9 22 32 13 24 32 3 28 31 31 9 13 32 31 31 0 9 24
split_gain=283.416 37.5573 26.978 19.6987 19.192 17.6024 15.9972 12.9791 12.7693 12.8538 11.9142 12.8006 11.8033 11.6245 10.2763 10.0728 9.70569 10.0184 9.52455 9.64447 9.39272 9.88544 9.2272 9.03355 8.86871 16.9485 11.789 10.5645 9.56623 8.7544 14.1057 11.9893 24.5969 11.3753 8.61684 8.30361 8.40866 8.40914 8.16941 9.88264 8.02082 10.6216 11.9526 9.22681 7.9468 9.72999 7.67764 7.60036 7.47303 9.51003 7.32641 7.30123 7.16856 8.7393 7.7778 8.81414 9.26432 7.04859 6.66262 8.84362 14.8926 6.60817
threshold=10.071050000000001 26.611000000000001 13.449999809265138 75.987500000000011 45.748500000000007 5.5000000000000009 9.4666665792465228 5.5000000000000009 69.726500000000016 12.011000000000001 6.5000000000000009 -5.3500001430511466 8.7666666110356655 33.958500000000008 200.53172500000002 134.67250000000004 116.70800000000001 1.0000000180025095e-35 130.10275000000004 75.482500000000016 31.261000000000003 635.50000000000011 17.349999427795414 0 101.53850000000001 519.50000000000011 3.3500000238418584 41.453500000000012 175.43465 16.500000000000004 9.5000000000000018 28.167500000000004 8.6500000953674334 15.750000000000002 57.105850000000004 118.51370833333335 22.250000000000004 8.5000000000000018 4.5499999523162851 7.5000000000000009 1 78.407500000000013 4.5000000000000009 70.546250000000015 -2.2624999999999997 24.200000286102298 80.15000000000002 41.882500000000007 673.50000000000011 72.290000000000006 3.5000000000000004 15.366667032241823 43.216500000000003 36.241000000000007 2.3010000000000006 15.375000000000002 67.687500000000014 41.104500000000009 28.167500000000004 2 74.428500000000028 432.50000000000006
decision_type=2 2 2 2 2 2 2 2 2 2 2 2 2 2 2 2 2 2 2 2 2 2 2 1 2 2 2 2 2 2 2 2 2 2 2 2 2 2 2 2 1 2 2 2 2 2 2 2 2 2 2 2 2 2 2 2 2 2 2 1 2 2
left_child=44 2 48 6 7 18 23 13 9 20 15 12 -12 -4 24 -7 17 58 19 40 21 -8 -17 61 26 47 28 -28 51 30 33 32 34 -19 -32 36 -18 -38 -15 -40 -5 42 -42 -43 45 -1 -39 -26 52 -50 -22 -10 53 -2 55 56 -55 -52 59 60 -13 -3
right_child=1 3 4 5 -6 10 8 -9 14 -11 11 16 -14 38 -16 22 35 29 -20 -21 50 -23 -24 -25 25 -27 27 -29 -30 -31 31 -33 -34 -35 -36 -37 37 46 39 -41 41 43 -44 -45 -46 -47 -48 -49 49 -51 57 -53 -54 54 -56 -57 -58 -59 -60 -61 -62 -63
leaf_value=0.16660889871794859 0.093843065320178456 0.37027110780537104 -0.018549720254189949 0.58339010840328143 0.03062554355021856 -0.030916876928336379 -0.12662086439948261 -0.0055244847952406143 -0.34774214202765563 0.005588403997941427 -0.44819913633608766 -0.015862637064421394 -0.1047772835420787 -0.021373826396653861 -2.702981979037725 -0.38566075048894111 -0.2026880854101748 -0.24505055489928973 -0.07275475031688998 0.62932126044345749 -0.091696671894514026 -0.27540115075998312 -1.1962915529287095 -0.043618523239861068 -0.43627029069653606 -0.60710239500954666 -0.26755720115690096 -0.029584615822439986 -1.7272208377536034 0.050384608549156162 -0.11766921270906075 0.20036363712718241 0.064697688667377309 -0.056444375646572814 -0.86899292122323146 0.41514533613160154 -0.82967737781026474 0.28196622109812353 -0.066190679642844516 -0.073277854959397454 -0.14010987140189002 0.33331428181861966 -0.71982255805930362 -0.22171738563437524 0.23656051685620741 -0.60088019338800147 -0.75822678203849425 0.018332437672600576 -0.12120050392582052 0.055989780347021872 -0.047413389375984855 -0.13173121736603371 0.11805768116383852 -0.050481356229204272 0.01412042186196274 -0.042240090075682968 -0.17278625013028481 0.027494970336341143 0.19283169304731551 0.064792854169269984 -0.35340228341074109 -0.16261241950872149
leaf_weight=1544.947930008173 11256.515113472939 11879.729813411832 1318.2992731928825 2809.8096568882465 7762.4440523684025 9327.4153189361095 829.45192186534405 8522.6663344651461 2406.4883251935244 28017.746246859431 75.521917939186096 365.04837757349014 600.53425562381744 361.18679337203503 507.2415287643671 564.57432550191879 3131.940593123436 172.86275517940521 1705.9741975367069 6147.5777432322502 1158.2765938937664 56.12987157702446 190.10715085268021 4625.4448913782835 437.4617423415184 116.24398605525494 5266.7645863294601 7116.4334109425545 41.524937301874161 2650.7659924924374 75.373662710189819 827.92833083868027 269.10172861814499 520.76796174049377 81.161704838275909 1632.2550321221352 187.60461300611496 277.98718589544296 381.23960089683533 395.11005578935146 138.85408213734627 1265.1729009151459 57.620218425989151 1085.2557365596294 56503.434098228812 77.005350545048714 199.57345628738403 9157.379536986351 447.09172683954239 420.56958210468292 3120.6412154883146 1594.3704269826412 14767.462003022432 69.057673782110214 3229.0538360327482 299.044060125947 55.580358892679214 2113.9627800881863 15478.273615300655 1971.2373856306076 154.96626096963882 947.00016212463379
leaf_count=4637 33975 27208 3439 5894 11639 12102 3830 24469 5749 79455 137 633 1075 1031 1118 615 3854 202 3022 10548 2551 292 215 10813 1136 157 14829 10792 109 3492 130 1359 470 561 140 1909 215 432 917 1507 362 2141 162 1786 140707 243 223 16274 1256 503 8416 3919 21567 238 9752 884 206 3777 19064 3415 270 1951
internal_value=0.00135517 0.000377999 0.00155498 -6.3613e-05 6.15332e-05 0.000693201 -0.000558979 -0.00128386 -0.000935717 -0.000311961 0.000155914 0.000675764 -0.00611765 -0.0044857 -0.00176199 -0.00132243 0.000840021 0.00129664 0.00226931 0.00278629 -0.00218386 -0.00700696 -0.00687464 0.00077809 -0.00162499 -0.00042708 -0.00233315 -0.00156758 -0.00467735 -0.000785863 -0.00333055 -0.000163368 -0.00697369 -0.00904597 -0.0226653 -0.00105783 -0.00233969 -0.007441 -0.00818667 -0.011074 0.00123506 -0.000798992 -0.0119397 0.000133556 0.00439197 0.00094066 -0.00390121 -0.000196169 0.00247127 -0.00210074 -0.00151475 -0.00442541 0.00260501 0.00183141 -0.00029361 -0.00665481 -0.0177689 -0.000718098 0.00182952 -0.000570097 -0.0062967 0.00146055
internal_weight=238768 180643 49285.3 131358 18740.9 51965.3 79392.3 10978.5 61940.1 35296.2 38755 28672.9 676.056 2455.84 26643.9 10082.1 27996.8 22567.5 13210.3 11504.3 7278.46 885.582 754.681 17452.2 26136.7 9711.09 16425.6 12383.2 4042.38 4597.96 1947.2 1253.57 425.637 693.631 156.535 5429.36 3797.11 665.165 1137.54 776.35 5356.71 2546.9 196.474 2350.43 58125.4 1621.95 477.561 9594.84 30544.4 867.661 6392.88 4000.86 29676.7 14909.3 3652.74 423.682 124.638 5234.6 17969.5 2491.25 520.015 12826.7
internal_count=523774 378187 111383 266804 43002 74428 192376 31363 152404 98321 50513 37581 1212 6894 54083 12932 36369 29736 23915 20893 18866 4122 830 39972 52965 17567 35398 25621 9777 6354 2862 2099 740 763 270 6633 4724 870 3455 2424 10345 4451 524 3927 145587 4880 655 17410 68381 1759 14744 9668 66622 45055 11080 1328 444 12193 23382 4318 903 29159
cat_boundaries=0 1 2 3
cat_threshold=12 12 2
is_linear=0
shrinkage=0.05


Tree=60
num_leaves=63
num_cat=2
split_feature=10 5 10 22 32 17 1 21 30 9 8 3 4 31 8 4 16 10 21 1 17 0 4 16 3 1 30 9 21 9 7 9 31 30 16 21 32 31 17 23 22 9 21 31 8 14 3 0 31 9 9 17 31 9 16 21 30 32 32 31 10 3
split_gain=272.792 40.4915 43.9176 28.139 21.442 22.1378 27.157 20.384 15.6233 25.9848 16.9259 22.2177 14.3703 18.5079 18.1492 13.0174 12.5248 12.3406 12.2775 11.0122 10.7697 18.0103 15.1016 19.7917 15.3757 14.0746 10.4019 10.9944 10.0333 9.81147 9.78761 9.28284 9.27043 9.17473 10.0616 8.87273 8.45268 8.29368 8.03202 8.80467 7.71604 7.66522 8.02588 8.01084 7.59077 7.56877 7.33837 10.0068 8.63917 10.7796 7.29061 13.5425 7.30491 7.2857 8.01133 9.87709 7.20295 8.21695 7.19271 9.86875 7.16231 7.07741
threshold=9.6217500000000005 1.0000000180025095e-35 24.285950000000003 16.533333698908489 70.685000000000016 3.8500000238418584 5.5000000000000009 9.3500001728534716 379.50000000000006 11.411000000000003 19.191000000000006 5.5000000000000009 1.0000000180025095e-35 45.876500000000007 34.511500000000005 1.0000000180025095e-35 93.557791666666688 141.48912500000003 7.6000000536441812 22.500000000000004 8.8499999046325701 0 1.0000000180025095e-35 7.7710416666666662 10.500000000000002 15.500000000000002 327.50000000000006 121.78900000000002 15.10000002384186 176.01000000000002 9.8875000000000011 117.52100000000002 43.216500000000003 1.5000000000000002 0.36243750000000224 12.899999737739565 70.352500000000006 54.109000000000002 15.150000095367433 16.94999980926514 14.366666714350385 59.754000000000012 17.649999737739567 32.525500000000008 95.961500000000015 11.887767857142858 4.5000000000000009 1 45.110500000000009 52.165000000000006 7.4910000000000005 -4.9500000476837149 51.329000000000008 -2.2624999999999997 0.073312499999994798 11.850000262260439 10.500000000000002 80.15000000000002 67.162500000000009 30.776500000000002 136.91460000000004 3.5000000000000004
decision_type=2 2 2 2 2 2 2 2 2 2 2 2 2 2 2 2 2 2 2 2 2 1 2 2 2 2 2 2 2 2 2 2 2 2 2 2 2 2 2 2 2 2 2 2 2 2 2 1 2 2 2 2 2 2 2 2 2 2 2 2 2 2
left_child=53 2 3 32 5 -5 18 12 29 -10 11 -11 16 30 -15 -6 36 20 -7 38 21 58 24 -24 28 31 27 -16 33 46 -14 -25 35 34 -22 -2 44 -29 -8 -40 -23 42 43 -26 -4 -20 47 -3 -49 -50 51 -38 -53 54 55 -1 57 -19 59 -9 61 -52
right_child=1 8 7 4 15 6 19 17 9 10 -12 -13 13 14 26 -17 -18 56 45 -21 22 40 23 25 41 -27 -28 37 -30 -31 -32 -33 -34 -35 -36 -37 50 -39 39 -41 -42 -43 -44 -45 -46 -47 -48 48 49 -51 60 52 -54 -55 -56 -57 -58 -59 -60 -61 -62 -63
leaf_value=0.49869837893230956 0.11559623553238191 0.1691353954708763 0.092658322171340055 0.046446485303316812 0.067281941447470045 0.00044802605920803986 0.0034894933385505311 -0.0045506030675245062 0.077154107580010844 -0.27623040280140448 -0.17008353849906863 -0.0077801705127193976 -0.20987500381691435 0.10406920870427197 -0.11980864367826848 -0.011273848404425024 -0.4522189004960076 -1.0388115206752253 -0.12305703221172096 -0.096555633973680707 -0.39334837744353596 0.13590804359535583 -0.21547633385759149 -0.090673554945907509 -0.5075996802296604 0.046656873743554789 -0.3121148367925507 -0.51125871335389339 -0.040108066932812041 -0.61264653007731951 0.13037417941792384 -0.67865604245562927 0.11674700481785082 0.069167758846794672 -0.049092004165197524 -0.0020078551952495971 -0.29772741840034062 -1.1078813641811409 -0.023352314279335751 -0.10822442852864765 0.0035095171643849455 -0.13488192562757712 0.062330859510532834 0.044952675999799754 -0.22165615594269072 -0.056640413525568437 -0.066302356534846396 0.050114859698288688 -0.28443845237789239 -0.080169437596565279 0.61680961124080902 -0.063626510718240326 1.242637401804646 0.2312892398743685 0.18538989187428667 -0.85697642970949994 -0.22611962755859027 -0.080645897864784655 -0.024914947743952712 -0.11413733412973155 -0.038773552510754428 0.21641703981779409
leaf_weight=124.91537508368492 10255.388143390417 790.35617946088314 11030.05100889504 1919.9555938094854 4400.2499719113111 148.67332075536251 2091.4268702566624 814.75199399888515 273.38248625397682 180.43444867432117 241.7533136755228 62.242887765169144 304.00627501308918 988.10431757569313 1909.3094092309475 2430.7257527112961 344.20913335680962 1520.6812486350536 79.102437853813171 161.7449045330286 291.20113576948643 13987.161973178387 1272.1034760922194 2690.1407759934664 282.58602327108383 2732.3332887589931 182.48916131258011 116.67279657721519 10476.679153576493 111.36049529910088 6708.8360980302095 77.66456812620163 15992.147652417421 15563.853433355689 5154.8384673446417 4236.7850982695818 368.15079760551453 118.47255071997643 1055.8451596051455 360.3029964864254 15738.503456413746 273.82547241449356 89.288211584091187 63.4802565574646 3072.5436344593763 532.08003973960876 2984.8164374679327 634.4276539683342 255.0501050055027 324.17264956235886 5531.7551147341728 1279.4662245512009 747.64801639318466 54793.021262466908 1350.457218259573 130.28590098023415 2443.1511520594358 618.75725847482681 4867.7004215121269 1323.1973188072443 2749.1389707624912 16964.133207425475
leaf_count=539 31197 1783 36155 5923 7214 532 6967 4680 490 324 603 110 911 1301 2691 3588 911 3013 310 612 1164 33268 3475 4121 533 4244 229 189 19210 328 15467 93 23532 28690 7989 12246 684 139 3902 1292 37348 571 204 228 7222 1987 6345 1816 505 571 9689 2204 819 136841 3672 570 3789 731 8419 2655 3809 23087
internal_value=0.00131977 0.000379233 0.000515082 0.00189054 -3.9829e-05 -0.00213149 -0.00407507 6.24705e-05 -0.00371002 -0.0104044 -0.0173482 -0.0266547 0.000829408 -0.000841793 -0.00391973 0.00190432 0.00123952 -0.000438257 -0.0126723 -0.00229176 -0.000285713 0.000328557 -0.000864719 -0.00301069 -0.000413243 -0.00171 -0.00632974 -0.00534905 -0.000249137 -0.00271349 0.000613535 -0.00422238 0.00272512 0.000381141 -0.00138503 0.00180898 0.00131793 -0.0155297 -0.00170131 -0.00460755 0.000866035 -0.0076887 -0.0118038 -0.0152434 0.000321809 -0.0158024 -0.00238389 -4.33628e-05 -0.00288544 -0.00731867 0.00182614 -0.000809858 0.000793805 0.0043585 0.00103799 -0.00706942 -0.0029575 -0.00507519 -0.00195026 -0.0043698 0.00207626 0.00237066
internal_weight=238618 182219 176361 43664.4 13180.1 6349.13 4429.18 132697 5858 757.813 484.431 242.677 52415 10327.9 3315.05 6830.98 42087.1 80281.9 759.856 3669.32 75699.3 36731.3 38968 6772.24 32195.8 5500.14 2326.94 2144.45 31486.6 5100.18 7012.84 2767.81 30484.3 21009.9 5446.04 14492.2 41742.9 235.145 3507.58 1416.15 29725.7 709.18 435.354 346.066 14102.6 611.182 4988.82 2004.01 1213.65 579.223 27640.3 2395.27 2027.11 56398.7 1605.66 255.201 4582.59 2139.44 7005.65 2137.95 25245 22495.9
internal_count=523731 382109 369234 99302 32327 21525 15602 269932 12875 1527 1037 434 105507 20927 4549 10802 84580 164425 2829 12773 156892 86370 70522 11933 58589 8458 3248 3019 57053 11348 16378 4214 66975 37843 9153 43443 83669 328 12161 5194 70616 1536 965 761 43377 2297 11020 4675 2892 1076 40292 3707 3023 141622 4781 1109 7533 3744 15754 7335 36585 32776
cat_boundaries=0 1 2
cat_threshold=2 3
is_linear=0
shrinkage=0.05


Tree=61
num_leaves=63
num_cat=3
split_feature=10 10 22 21 32 9 6 32 31 17 2 10 31 21 7 31 27 24 24 8 24 7 6 8 0 7 9 14 32 1 8 22 2 8 9 9 22 31 2 21 32 8 24 2 32 8 9 32 32 16 25 2 16 9 10 31 0 18 14 13 24 0
split_gain=263.869 35.8602 21.3859 21.2508 15.296 18.0135 15.243 13.6443 13.7443 13.185 14.2624 13.0457 11.0357 12.1876 10.9085 10.3787 10.3113 10.2304 9.31055 12.0027 9.23971 9.21516 8.86391 8.72808 8.82713 8.4704 11.5025 13.1005 16.3525 9.74773 8.46397 8.36349 8.72142 8.10805 7.92792 8.90527 13.2964 7.90843 30.5151 7.65259 7.50251 7.38979 7.23646 9.74731 19.8727 12.5157 10.798 13.8336 7.10136 7.08471 7.08157 6.93404 6.91547 6.78996 6.6228 6.57989 7.30351 12.3269 6.549 6.46213 6.338 6.0421
threshold=9.408825000000002 20.072375000000005 17.633333285649623 9.9000001549720782 72.767500000000027 0.031500000000000007 3.5000000000000004 77.485000000000014 50.073 2.7500000000000004 5.5000000000000009 112.212925 45.110500000000009 13.149999737739565 11.682500000000003 47.502000000000002 15.300000190734865 1.0000000180025095e-35 753.50000000000011 9.3510000000000009 421.50000000000006 2.8725000000000005 1.5000000000000002 69.015000000000015 0 51.88150000000001 23.421000000000003 15.909136904761908 67.40000000000002 5.5000000000000009 78.903500000000022 16.933333794275921 4.5000000000000009 64.57350000000001 31.517500000000002 8.5090000000000021 22.59999982515971 26.955500000000004 3.5000000000000004 16.875000000000004 70.685000000000016 112.444 552.50000000000011 5.5000000000000009 71.782500000000013 -0.068999999999999992 8.5090000000000021 64.632500000000007 68.095000000000013 88.196833333333345 17.849999427795414 4.5000000000000009 1.3112499999999991 0.031500000000000007 76.830224999999999 31.214000000000002 1 15.949999988079073 67.730818452380973 10.005000000000001 41.500000000000007 2
decision_type=2 2 2 2 2 2 2 2 2 2 2 2 2 2 2 2 2 2 2 2 2 2 2 2 1 2 2 2 2 2 2 2 2 2 2 2 2 2 2 2 2 2 2 2 2 2 2 2 2 2 2 2 2 2 2 2 1 2 2 2 2 1
left_child=42 2 12 6 5 -4 14 8 23 -7 17 16 13 18 22 -12 25 -11 -2 -20 -19 -18 59 -8 49 26 -5 28 29 -28 -27 32 -10 -16 35 -22 -37 38 -9 -31 50 -26 -1 -44 45 -45 47 53 -33 -25 -35 -6 -49 -47 -34 56 57 -53 -13 -3 -50 -29
right_child=1 3 4 11 51 9 7 37 31 10 15 58 -14 -15 33 -17 21 20 19 -21 34 -23 -24 24 41 30 27 61 -30 39 -32 48 54 40 -36 36 -38 -39 -40 -41 -42 -43 43 44 -46 46 -48 52 60 -51 -52 55 -54 -55 -56 -57 -58 -59 -60 -61 -62 -63
leaf_value=0.23119553727849829 0.10416113510465151 -0.18718495143620117 -0.083985702286388977 0.0008332489912142194 0.06974091387252708 0.06464092919754752 0.037020960692380103 0.037120878170341244 -0.063471760191891144 -0.03337967697825981 -0.03741883422119479 -0.40248491831721367 0.11839966781110683 -0.0069834489063378413 0.40205647403639572 -0.24413911904532118 -0.034939961396838727 0.043598084665841169 -0.20204090575454964 0.028587012259835468 -0.0024524490995290193 0.037793932878454943 0.021818470497065336 -0.036465430761874987 -0.11675812045469486 0.030439016148440246 -0.17493460970094452 -0.023195351840823976 -0.051537047873023489 -0.08463903966310192 -0.094550106240818374 -0.064515579168925183 -0.15342558597814016 0.060696662957007069 0.040757174093020689 -0.032548979383153043 -0.13319056986360805 0.17690720194614756 -0.6846893519765147 -0.11683218059910239 0.21960407341706123 -0.46521354346845811 0.18055286043671348 0.071084206204587649 0.24350943804364969 -1.0211935091701625 -0.4299395290409897 -0.80593243876363285 -0.61898318285644294 -0.83890740978572542 -0.26809565133492264 -0.17694916133697394 0.037202534414647291 -0.11222409802780016 -1.1642308519308056 0.0097248414523692268 0.03217766673029674 0.092395984006459833 -0.21144716816980991 -0.10183956730068858 -0.24762419866469473 -0.074682939905325971
leaf_weight=49236.703068837523 10049.141888290644 169.23770260810852 266.95366229116917 9387.4220441579819 2325.7047617137432 1304.3255697190762 13018.940371647477 286.4455069899559 1463.1767565011978 944.82739655673504 364.09303212165833 2760.0531756132841 12231.821680396795 4400.6963210999966 10956.766266584396 153.95481985807419 3970.1312048584223 1496.3679820150137 49.849887743592262 89.650832340121269 198.07736498117447 21401.398783028126 2702.3558627218008 6786.4838330298662 1643.6504820138216 13443.688965067267 65.004090249538422 8078.4276666790247 548.50222828984261 183.91317562758923 8886.6091802418232 142.82076644897461 429.4107004404068 2585.7025374621153 237.61036343872547 135.35365280508995 114.3948188573122 12153.752489209175 72.615697801113129 101.17793121933937 9382.4007475525141 722.52378562092781 4547.9798640161753 353.38150879740715 803.32042519748211 40.368452072143555 112.36829786002636 46.242424383759499 84.760883450508118 137.39123773574829 842.67034682631493 109.9132205247879 228.28329764306545 30.111068725585938 127.25121378898621 1041.4236345887184 149.21956968307495 58.904302656650543 8035.7886062115431 732.53315962851048 161.61201703548431 5997.8175842911005
leaf_count=125412 28526 363 1010 21256 3531 3961 36469 498 2084 3321 1269 5533 17780 11850 24905 205 9106 4907 97 197 619 45920 5957 14321 3256 28364 230 17651 1142 686 15780 205 566 6199 694 467 324 16804 126 319 13837 1253 10426 1118 1085 132 266 214 139 368 2590 194 586 108 193 1392 261 102 12476 1728 232 13189
internal_value=0.00130784 0.000393408 0.00181474 4.90854e-05 -0.000308874 -0.00205092 0.000728854 7.03093e-05 -0.000610715 -0.00136698 -0.0029107 -0.000480905 0.00251949 0.00159065 0.00162457 -0.0105866 -0.000238062 -0.00163591 0.00254034 -0.0102438 0.000246791 0.000573292 -0.000938486 -0.000223191 -0.00139387 -0.000678934 -0.00132366 -0.00218381 -0.00803386 -0.0164604 2.44836e-05 -0.00419783 -0.00290153 0.00201325 -0.00455681 -0.0084673 -0.014727 0.00141556 -0.0058877 -0.0123956 0.00115905 -0.00402249 0.00433151 0.0027154 -0.000622422 -0.00614118 -0.0115925 -0.00716844 -0.0109007 -0.0004886 -0.000842466 0.00215669 -0.00205916 -0.0267625 -0.00822223 -0.000679875 -0.00696263 -0.0136282 -0.00210175 -0.00522799 -0.0160266 -0.00180981
internal_weight=238583 183185 35722.3 147462 8901.12 5215.96 64602.5 37230.8 24718 4949.01 3644.68 82859.9 26821.2 14589.3 27371.7 518.048 72064.1 3126.63 10188.6 139.501 2181.8 25371.5 3604.13 22309 9290.05 46692.6 24362.3 14974.8 898.597 350.095 22330.3 2409.03 2019.84 23767.5 685.436 447.826 249.748 12512.8 359.061 285.091 12810.8 2366.17 55398.8 6162.06 1614.08 810.755 457.374 345.005 389.194 6923.88 3428.37 3685.17 274.526 70.4795 556.662 1359.46 318.037 168.818 10795.8 901.771 246.373 14076.2
internal_count=523799 384452 80707 303745 22257 16777 132093 76514 59086 15767 11806 171652 58450 40670 55579 1474 153643 10332 28820 294 7011 55026 8048 55667 19198 98617 54473 33217 2377 1235 44144 3419 2843 47531 2104 1410 791 17428 624 1005 22626 4509 139347 13935 3509 2424 1306 1040 576 14689 8789 5480 800 240 759 1949 557 296 18009 2091 371 30840
cat_boundaries=0 1 2 3
cat_threshold=12 5 5
is_linear=0
shrinkage=0.05


Tree=62
num_leaves=63
num_cat=2
split_feature=8 8 21 12 22 17 2 31 9 5 9 16 3 30 9 20 8 5 20 16 7 1 3 8 20 3 16 0 25 31 2 31 5 25 31 9 9 17 21 31 1 0 31 25 2 21 2 31 20 3 31 1 2 9 5 24 3 31 2 24 16 1
split_gain=229.292 30.3382 28.8448 16.5032 16.4888 14.3526 13.5732 19.5553 20.6353 13.4471 13.4264 13.3029 13.3554 10.725 10.6372 10.2368 9.84669 9.67496 21.0374 9.6398 9.49062 9.48197 12.3108 9.43153 9.16099 12.547 13.3052 11.5606 10.4176 8.91553 9.11962 14.2516 8.90226 8.58318 8.58201 8.47049 8.41539 17.8784 7.9615 7.90676 10.5132 7.89667 11.991 14.694 12.7011 15.0541 12.1071 7.87442 7.69432 13.2442 9.75821 9.12656 9.4136 8.14332 7.50535 8.43943 7.45903 7.27282 11.2619 7.26358 7.19156 7.18954
threshold=8.1710000000000012 54.662500000000001 15.900000452995302 74.285000000000011 16.000000079472866 2.5499999523162846 4.5000000000000009 77.191000000000017 10.401000000000002 1.0000000180025095e-35 24.961000000000002 0.26064583333333508 8.5000000000000018 1.0000000180025095e-35 77.507500000000007 3.5000000000000004 20.812500000000004 1.0000000180025095e-35 596.50000000000011 1.0000000180025095e-35 40.411500000000004 17.500000000000004 3.5000000000000004 15.606000000000002 3.5000000000000004 6.5000000000000009 0.36243750000000224 0 13.550000190734865 66.226500000000001 4.5000000000000009 55.746000000000002 1.0000000180025095e-35 10.150000095367433 44.130500000000005 2.2110000000000007 134.67250000000004 17.349999427795414 9.8000002801418322 40.067000000000007 12.500000000000002 1 32.69850000000001 28.750000000000004 4.5000000000000009 12.949999928474428 1.0000000180025095e-35 31.086500000000004 426.50000000000006 4.5000000000000009 34.13750000000001 13.500000000000002 1.0000000180025095e-35 45.676500000000004 1.0000000180025095e-35 605.50000000000011 6.5000000000000009 27.685500000000005 2.5000000000000004 552.50000000000011 2.0204583333333344 4.5000000000000009
decision_type=2 2 2 2 2 2 2 2 2 2 2 2 2 2 2 10 2 2 10 2 2 2 2 2 8 2 2 1 2 2 2 2 2 2 2 2 2 2 2 2 2 1 2 2 2 2 2 2 10 2 2 2 2 2 2 2 2 2 2 2 2 2
left_child=10 2 4 24 9 -6 13 11 -9 16 59 12 21 60 -11 -16 -2 -12 -19 23 29 22 -8 35 25 27 28 -3 -27 30 61 -32 48 -33 -24 -4 -28 57 -35 -17 -41 -5 -43 -44 46 -46 -45 -15 -26 50 -50 52 -52 -51 -21 -56 -13 58 -38 -1 -7 -18
right_child=1 3 19 41 5 6 7 8 -10 14 17 56 -14 47 15 39 20 18 -20 54 -22 -23 34 -25 32 26 36 -29 -30 -31 31 33 -34 38 -36 -37 37 -39 -40 40 -42 42 43 44 45 -47 -48 -49 49 53 51 -53 -54 -55 55 -57 -58 -59 -60 -61 -62 -63
leaf_value=0.23390059032632379 0.11138398074389277 0.051809713012059437 -0.15638665071005581 0.24684629712802142 0.086197954159477244 -0.052445612048303142 0.53551795045670814 -0.17724350023783569 -0.045679164630190887 0.0021889762471842822 0.14490340354789452 -0.066179175952553501 0.058834339770068314 -0.13003197751829348 0.016510681710380837 -0.087653097121069487 -0.038882282090753506 0.0038785631297181492 -0.12797133341821318 -0.0023783896257395299 0.33849588657637125 -0.011080738298180749 -0.32234004487958734 -0.022025996211478119 0.017045680109947624 -1.173127010457188 -0.11035393200503663 -0.1193460177887566 -0.22746521422196581 0.75021579949810513 -0.018767687107018639 -0.010376371380773365 -0.23460195544867163 -0.097045950279166432 0.02094000675606722 -0.029084790352904212 0.55442341872070322 -1.5703043041391362 -0.079241217449537521 -0.3199803393641425 -0.052193642931507613 -0.29283796950895324 0.48600502707310622 -0.85226176173828994 -1.1712286730408068 -0.12034943135310777 0.30974370319890598 0.06419223423319434 0.061331298940283219 0.090836734923865237 0.073076019771457723 -0.175515431143209 -0.79334119604034725 -0.17710198783949452 -0.042493262243864384 -0.26783149008618246 0.033388707344596646 -0.4050509093086902 -0.60873284621327961 0.1345194406730533 -0.012213684597864828 0.081281313928893442
leaf_weight=40870.53656463325 19160.06529854238 10764.036498889327 141.01994794607162 10583.377704128623 5778.8904261887074 671.86703664064407 70.926653355360031 210.45452475547791 356.73492395877838 1253.4080886691809 16972.128173291683 1364.6617094576359 214.64897936582565 490.05263757705688 195.69227628409863 86.111252024769783 3076.7475167065859 1074.4642097949982 113.21811500191689 15711.887046322227 11828.158944100142 175.94115963578224 315.07264837622643 1513.6768571287394 31835.705446630716 157.69217184185982 11353.370039924979 3908.1593219190836 223.8717817813158 2032.4500513076782 3796.6864709705114 150.76454144716263 994.51297436654568 122.47641497850418 36.954977869987488 349.88447833061218 62.18455982208252 280.43410414457321 181.320965051651 128.80787345767021 89.81124547123909 1028.3530855774879 3097.3131999969482 120.9965540766716 97.574913561344147 119.65219688415527 369.1764988899231 7365.5452592223883 188.18369127810001 1871.3899904340506 51.722334176301956 244.7248463332653 226.6779403090477 2015.4400713443756 508.50151172280312 101.04908582568169 2636.9018951654434 1225.8939878046513 107.6394989490509 5235.7947051525116 3310.1151407510042 9928.7620817124844
leaf_count=104737 41838 22134 594 16371 15929 2587 418 217 368 3070 37428 3099 791 2341 445 316 7781 2300 183 32321 25814 772 1528 6043 64022 630 20118 8388 727 2101 9829 195 2309 138 45 1312 110 328 211 182 140 1671 4730 190 156 191 590 16349 892 3202 106 479 445 3195 1035 148 4486 2020 187 12008 6244 25127
internal_value=0.00128183 0.000340505 0.000954707 -0.000368021 0.00138906 0.000274169 -0.000449439 -0.00253101 -0.0113039 0.00188185 0.00383458 -0.00149548 -0.0073199 0.000497142 -0.00242088 -0.00857563 0.00203199 0.00268276 -0.00167881 -0.000823603 0.00148284 -0.0111503 -0.0152 -0.00409489 -0.000714389 -0.00139696 -0.00250233 -0.000386494 -0.0116936 0.00079899 0.000429976 -0.00158019 -0.000202218 -0.00993666 -0.0190199 -0.0101102 -0.00223229 -0.00553853 -0.0147635 -0.0142913 -0.0193265 0.00110381 -0.000571109 0.000722809 -0.00577405 -0.0158083 -0.00130412 0.00156859 -7.4753e-05 -0.00198644 -0.00825419 -0.011761 -0.0179389 -0.00083758 -0.000421601 -0.00586057 -0.000309808 -0.00321783 -0.0128841 0.00428818 -0.00161647 0.00108713
internal_weight=238550 174284 93356 80928.1 75030 22998.8 17219.9 5382.3 567.189 52031.3 64266.1 4815.11 813.544 11837.6 1753.83 500.423 50277.4 18159.8 1187.68 18326 31117.4 598.895 422.954 2004.58 65511.6 28083.3 13411.1 14672.2 381.564 19289.2 17256.8 4251.25 37428.4 454.562 352.028 490.904 13029.5 1676.15 303.797 304.73 218.619 15416.4 4833.07 3804.71 707.4 217.227 490.173 7855.6 36433.8 4598.14 711.309 523.125 278.4 3886.83 16321.4 609.551 4001.56 1395.72 169.824 46106.3 3981.98 13005.5
internal_count=523661 367005 213814 153191 172361 55174 39245 11724 585 117187 156656 11139 3554 27521 4153 1083 113034 39911 2483 41453 71196 2763 1991 7949 129292 54642 24120 30522 1357 45382 43281 10373 74650 544 1573 1906 22763 2645 349 638 322 23899 7528 5857 1127 347 780 18690 72341 8319 1922 1030 551 6397 33504 1183 7585 2317 297 116745 8831 32908
cat_boundaries=0 1 2
cat_threshold=12 12
is_linear=0
shrinkage=0.05


Tree=63
num_leaves=63
num_cat=2
split_feature=10 19 8 17 24 22 4 10 8 1 6 17 8 3 11 24 31 31 9 10 16 31 13 19 17 3 27 9 10 27 25 0 11 24 9 9 25 10 13 10 7 31 25 3 31 0 8 3 3 24 10 28 16 1 31 3 23 9 31 6 3 3
split_gain=252.308 33.8223 28.1945 26.8481 26.6314 16.8029 15.4196 16.0644 13.8381 13.5236 12.1048 10.2753 9.74753 9.61806 9.37026 8.51259 11.1151 8.42899 9.81697 8.30558 8.101 10.2933 10.4984 9.71058 8.44944 7.98629 7.84778 7.75556 7.81511 7.62645 7.51696 7.248 6.96778 6.73199 8.32121 6.29574 6.12656 5.95694 5.8293 7.00773 5.93928 9.46103 6.45492 5.79112 5.76769 5.73448 5.71837 5.47452 5.46358 7.30337 10.8772 6.8489 6.51621 6.11226 5.61174 5.41578 5.521 6.05252 5.31741 5.27408 5.08405 5.02243
threshold=8.7971000000000021 10.150000095367433 31.705000000000002 2.0499999523162846 2.5000000000000004 15.299999952316286 1.0000000180025095e-35 60.466024999999995 15.192500000000001 16.500000000000004 4.5000000000000009 11.650000095367433 145.27400000000003 8.5000000000000018 59.015000000000008 540.50000000000011 38.177000000000007 77.191000000000017 6.6510000000000007 123.89195000000001 1.3112499999999991 48.699500000000008 87.592500000000015 13.050000190734865 10.050000190734865 6.5000000000000009 10.250000000000002 0.031500000000000007 13.746 10.250000000000002 13.150000095367433 0 3.3318750000000001 552.50000000000011 -1.8974999999999997 3.3325000000000005 17.250000000000004 22.120675000000002 180.05850000000001 20.072375000000005 41.742500000000007 54.582000000000008 11.150000095367433 5.5000000000000009 45.110500000000009 1 9.6510000000000016 3.5000000000000004 5.5000000000000009 458.50000000000006 87.359825000000015 12.866666952768965 0.22458333333333338 12.500000000000002 31.881000000000004 5.5000000000000009 18.94999980926514 111.93650000000001 32.297000000000004 4.5000000000000009 7.5000000000000009 4.5000000000000009
decision_type=2 2 2 2 2 2 2 2 2 2 2 2 2 2 2 2 2 2 2 2 2 2 2 2 2 2 2 2 2 2 2 1 2 2 2 2 2 2 2 2 2 2 2 2 2 1 2 2 2 2 2 2 2 2 2 2 2 2 2 2 2 2
left_child=33 2 59 12 5 11 7 15 27 13 14 -5 26 20 29 37 43 -15 -19 -10 24 25 -23 -24 -8 45 -3 -7 -29 32 -26 44 58 -1 36 -12 -35 -6 39 -13 42 -42 -41 -17 -30 -22 -25 -39 49 51 54 -9 -50 -52 61 56 57 -47 -4 -2 -43 -51
right_child=1 3 10 4 6 8 9 48 19 -11 35 38 -14 17 -16 16 -18 18 -20 -21 21 22 23 46 30 -27 -28 28 31 -31 -32 -33 -34 34 -36 -37 -38 47 -40 40 41 60 -44 -45 -46 55 -48 -49 52 50 53 -53 -54 -55 -56 -57 -58 -59 -60 -61 -62 -63
leaf_value=0.2200907324241361 0.15146360174747092 0.014098873942138823 -0.25711453554831182 0.016158297062149263 0.078879947338999834 -0.40800500217817987 -0.04766270791755059 -0.20298171990653949 -0.041775315264931834 0.024911837512078084 -0.11593090341253537 0.0051816202526535626 -0.15289850459291188 0.020779119778520361 0.3635308192597414 -0.11866951872151504 0.02089875873506486 -0.14338016460218092 0.033193487021428325 -0.64720128850770786 0.033110528411913712 -0.019682344888498095 -0.38641000324372393 -0.17440418767679661 -0.060065191201452352 0.084357774117391496 0.085023310530801144 -0.017050782730597371 -0.092341625888389886 0.08165850957046708 -0.38957852608151777 -0.12430581733647328 -0.038388895000108648 0.10531899519807181 0.1456211151312207 -0.018324497044171297 -0.62446641411922621 -0.037283711373811812 0.10906820065604919 -0.15193634345374002 0.010485928476546747 -1.1105338935811979 -0.086031416676479122 -0.02640452672085818 -0.020205495289486564 -0.024724769103128621 -0.10430641788399059 0.052836654248935848 -0.56038576929082218 0.17833765420242642 -1.0459364372771844 0.0639722230486445 0.028982406142745987 -0.42155540469399427 -0.051087333787909729 -0.16039725317950976 -0.26679366432787183 -0.5961541889788059 -0.18840828245153107 0.060714323621031602 -0.45131186025519804 -0.4301073577859022
leaf_weight=46796.018109232187 16079.806214988232 7965.5284858196974 45.138344258069992 9887.7398516535759 7201.9662618637085 80.336386471986771 255.94960840046406 2949.3337300568819 12631.878461703658 4928.9293025583029 1478.9846448600292 1574.6109062433243 1505.4199482500553 1978.2449783235788 11510.329972222447 560.29888686537743 3440.2877669483423 158.98131710290909 115.35167092084885 1487.9495799988508 334.12744134664536 723.23753193020821 242.65404799580574 97.740107715129852 120.00317893922329 745.10138720273972 13838.997776895761 1055.0764178484678 324.97367356717587 8304.9768800288439 334.40254543721676 489.9469228386879 4310.871446415782 392.06056644022465 5375.6013811826706 17619.039892196655 164.71279108524323 1307.5204875022173 1426.3218623101711 1175.0049241781235 1751.5999724268913 188.28939133882523 1298.2952602207661 1087.7755477577448 368.22206550836563 1128.2130054086447 762.64238759875298 11113.928296342492 463.00423601269722 28.373224541544914 69.55270054936409 3119.2357051968575 11697.768476694822 236.84840627014637 729.36594651639462 306.08096417784691 122.35072095692158 57.742683351039886 79.086220860481262 12536.954264059663 477.35792404413223 58.300829574465752
leaf_count=119746 35687 19127 99 21105 16696 312 1127 6061 27601 9899 3141 3425 2801 4150 20317 2036 4630 164 119 2367 586 981 336 131 478 1196 32996 2813 906 17832 1291 975 9721 1169 11804 34620 539 3522 2112 2503 3228 216 2427 3712 550 2716 1062 24817 1812 155 122 7075 18041 406 1247 484 270 145 206 27433 504 311
internal_value=0.00126173 0.000396122 0.0012448 -0.000139621 -0.000528625 -0.00162934 0.000138302 0.000576789 -0.00278159 -0.00141831 0.000440676 -0.000563898 0.00137385 -0.00275768 0.00118213 0.0014216 -0.000400755 -2.60827e-05 -0.0082229 -0.00219343 -0.0039339 -0.00315243 -0.00604921 -0.00911678 -0.00889484 -0.0011869 0.00164253 -0.00636097 -0.00580676 0.000247879 -0.0129803 -0.0085955 -0.00142595 0.00431457 0.002727 -0.000500826 -0.0030875 0.00189413 -0.00190927 -0.00254749 -0.00348139 -0.0017178 -0.00520362 -0.00377584 -0.00504046 -0.00287016 -0.00661143 0.00123063 -0.000502029 -0.00159446 -0.00529772 -0.000908743 0.000144032 -0.0133144 -0.00227504 -0.00408988 -0.00271015 -0.00166152 -0.013053 0.00246283 -0.00678723 -0.0142272
internal_weight=238696 185968 71965.2 114003 90692.9 34217.6 56475.3 44063.6 16438.4 12411.8 43348.4 17779.2 23309.9 7482.82 24250.4 24711.8 5088.36 2252.58 274.333 14119.8 5230.25 4519.89 1826.27 1103.04 710.355 2693.62 21804.5 2318.56 2238.22 12740.1 454.406 1183.14 4435.1 52728.4 5932.37 19098 556.773 19623.4 7891.48 6465.16 4890.55 2417.25 2473.3 1648.07 693.196 1948.51 860.382 12421.4 19351.8 7191.01 1122.44 6068.57 12160.8 306.401 816.04 1614.39 1308.31 1185.96 124.225 28616.8 665.647 86.6741
internal_count=524060 390802 149056 241746 186822 71044 115778 90643 35524 25135 85936 35520 54924 15236 48175 55413 10378 4433 283 29968 10803 7907 2510 1529 2896 5397 52123 5556 5244 27858 1769 2431 10026 133258 13512 37761 1708 45035 14415 12303 8878 3948 4930 5748 1456 4201 1193 28339 35230 15377 2241 13136 19853 528 1713 3615 3131 2861 305 63120 720 466
cat_boundaries=0 1 2
cat_threshold=9 1
is_linear=0
shrinkage=0.05


Tree=64
num_leaves=63
num_cat=2
split_feature=10 10 21 21 22 24 17 0 31 32 3 2 30 24 3 32 16 22 1 31 10 10 31 25 32 1 0 2 3 10 32 32 9 2 20 19 16 31 3 21 9 22 2 1 14 32 24 22 32 24 10 10 9 31 2 16 16 16 17 31 24 9
split_gain=242.352 31.0429 21.219 19.3928 12.0042 15.1113 20.7164 12.4115 11.8855 11.755 10.9792 10.2353 13.8464 10.1054 10.742 9.35115 9.15839 8.74672 12.1294 9.82285 8.61279 8.29236 17.5084 10.6355 9.68474 9.62072 7.87498 8.2369 9.4671 11.9963 8.06778 11.0657 10.9209 17.9229 10.9815 7.658 7.53623 7.41111 14.9729 7.44003 6.98237 8.47434 17.8691 6.90624 10.3431 8.70986 6.80197 9.87868 6.79854 12.4576 9.58328 8.18263 7.14521 7.35278 7.04697 11.7554 6.75916 6.3603 6.34795 10.9797 7.95933 13.0333
threshold=9.2086000000000023 20.072375000000005 15.850000262260439 8.6999998688697833 9.8666665752728786 2.5000000000000004 14.650000095367433 0 45.110500000000009 71.457500000000024 10.500000000000002 4.5000000000000009 330.50000000000006 745.50000000000011 5.5000000000000009 76.780000000000015 93.557791666666688 15.299999952316286 4.5000000000000009 33.474000000000011 7.1971250000000007 76.830224999999999 47.032000000000004 28.349999427795414 68.69250000000001 6.5000000000000009 1 3.5000000000000004 10.500000000000002 94.262050000000002 77.547500000000014 70.985000000000014 82.697500000000005 1.0000000180025095e-35 119.50000000000001 16.550000190734867 21.82202083333334 31.132500000000004 3.5000000000000004 18.94999992847443 -2.2624999999999997 19.800000230471294 5.5000000000000009 13.500000000000002 53.673970238095244 67.537500000000009 730.50000000000011 13.999999721844992 72.590000000000018 439.50000000000006 116.70800000000001 90.793875 1.921 45.876500000000007 1.0000000180025095e-35 20.038958333333333 1.0284375000000046 22.882708333333337 15.050000190734865 49.169000000000004 4.5000000000000009 31.059000000000001
decision_type=2 2 2 2 2 2 2 1 2 2 2 2 2 2 2 2 2 2 2 2 2 2 2 2 2 2 1 2 2 2 2 2 2 2 10 2 2 2 2 2 2 2 2 2 2 2 2 2 2 2 2 2 2 2 2 2 2 2 2 2 2 2
left_child=20 2 8 11 26 6 7 -6 13 58 -11 16 21 17 -15 37 -3 -2 19 -19 40 43 23 24 25 -23 -5 28 30 -30 31 -28 34 -34 -33 -22 -17 38 39 -9 41 46 -43 44 45 -13 -1 -48 49 50 -7 -51 53 -50 -55 -56 -52 -38 60 -60 61 -4
right_child=1 3 9 4 5 48 -8 15 -10 10 -12 12 -14 14 -16 36 -18 18 -20 -21 35 22 -24 -25 -26 -27 27 -29 29 -31 -32 32 33 -35 -36 -37 57 -39 -40 -41 -42 42 -44 -45 -46 -47 47 -49 52 51 56 -53 -54 54 55 -57 -58 -59 59 -61 -62 -63
leaf_value=0.22605961122506138 0.078677115300495176 0.13417524037870354 -0.0090164812751247336 0.29456764618308251 -0.073563631747586553 0.015254924180929663 -0.21783515929597499 0.10209497864702471 0.1042241011071372 0.026360926748376735 -0.030167107739949017 0.080268853239062216 -0.17449701497547496 -0.12749149725520467 0.039646392462145033 0.11803342861868878 -0.43277249562966918 -0.00089271755373223629 0.021819112515599582 -0.045330838981127469 0.11966206017785429 -0.56815998140583235 -0.63923764203652245 -0.62394410710769399 0.58493518406251721 -0.19472170655988599 0.0070757057663760397 0.050141078235964545 -0.10514203489525187 -0.80736232236146044 0.5579279528170451 -0.1891760359968295 -0.67612714447945665 -0.055642629525887881 0.015576042369655242 0.0055611890318416181 -0.18430353826865906 -0.027672202704854956 -0.2568540618767351 -0.16873105255928478 0.23115790160628233 0.28976805417382501 -0.91476325521717428 0.22647204893209649 0.091053323415554388 -0.12922148891905644 0.21353783599527781 -0.5231093847988767 0.071478143761907906 -0.057395304197522638 -1.0974245008872678 -0.51650386799562475 0.028039932597195616 1.6963909691633952 -0.29168406261210827 -0.084957091863052808 -0.29762696480702006 -0.013053090219866448 -0.044605894064451236 -0.28103295727406624 0.013561617199382425 -0.096356446781718938
leaf_weight=1191.5286313593388 10658.423552721739 38607.023666664958 957.9471271187067 12581.573948532343 5427.066862642765 15385.307853862643 4064.7022848874331 892.89412842690945 12819.713622629642 3021.2869849205017 723.04214018583298 555.66107840836048 567.89241035282612 133.74270434677601 131.45910434424877 4674.0472110211849 301.01387700438499 523.00404462218285 4442.6668889075518 497.89332431554794 7433.292363256216 99.37364074587822 671.22045210003853 106.91779871284962 1669.67252394557 337.48634348809719 1585.7201813310385 2166.1646852046251 217.34672221541405 44.553894549608231 727.89899563789368 403.73872081935406 118.32932403683662 157.74651342630386 560.53516764938831 2311.9622485935688 176.02922838926315 13627.355822578073 690.1161063760519 86.913785979151726 43312.545975834131 104.73502551019192 82.870396688580513 2989.6760085523129 2451.8554573953152 999.8967868834734 93.409616976976395 46.751010194420815 181.92913314700127 4431.1786568313837 194.78366862237453 250.88384719192982 22949.445185124874 83.683803915977478 138.23945680260658 227.13392227888107 1937.7367394566536 4015.4227322340012 779.36478400230408 40.202715218067169 1480.2398326694965 339.25370092689991
leaf_count=3585 29810 78704 2887 26713 10803 44289 6905 4557 18807 4598 1272 2060 1173 368 280 7495 800 1541 13704 1666 17401 171 850 177 2747 678 4787 4261 538 91 849 600 147 208 736 5349 290 30030 3023 469 110127 271 307 6916 4485 1857 274 118 346 11173 578 449 32837 105 179 273 3838 6518 2665 52 3803 1136
internal_value=0.00125871 0.000390392 0.00169476 6.68662e-05 -0.000340208 -0.000607726 -0.00141204 -0.000952173 0.00229875 -0.00070817 0.00125268 0.000875093 -0.000514216 0.0014065 -0.00825639 -0.000465838 0.00124823 0.00156595 -6.0705e-05 -0.00497248 0.00418456 -7.75266e-05 -0.00233287 -0.000186482 0.000597531 -0.00602194 0.000804488 -0.000688837 -0.0020877 -0.0112437 -0.00141 -0.00261896 -0.00615451 -0.0149055 -0.00363622 0.00283681 0.000825977 -0.00121481 -0.00435768 -0.000382167 0.00447746 0.00114489 -0.00877598 0.000852479 -0.000504324 -0.00369215 0.00254806 -0.0078344 -1.64336e-05 -0.000644388 -3.19984e-05 -0.00293514 0.000574759 -0.00467007 -0.00810035 -0.0110926 -0.00317237 -0.000713382 -0.00274911 -0.00661329 -0.0016069 -0.00446457
internal_weight=238482 183904 36548.2 147356 97998.5 79434.9 33654.5 29589.8 29206.9 7341.34 3744.33 49357.7 10449.7 16387.2 265.202 24162.8 38908 16122 5463.56 1020.9 54577.1 9881.76 2884.67 2213.45 2106.53 436.86 18563.6 5982.03 3815.87 261.901 3553.97 2826.07 1240.35 276.076 964.274 9745.25 8865.5 15297.3 1669.92 979.808 44831.8 1519.29 187.605 6997.09 4007.41 1555.56 1331.69 140.161 45780.3 22199.9 17517.8 4682.06 23580.4 630.986 449.057 365.373 2132.52 4191.45 3597.01 819.567 2777.44 1297.2
internal_count=523726 386294 82589 303705 203087 164157 70090 63185 66176 16413 5870 100618 21114 47369 648 52382 79504 46721 16911 3207 137432 19941 4623 3773 3596 849 38930 12217 7956 629 7327 6478 1691 355 1336 22750 14303 38079 8049 5026 114682 4555 578 15318 8402 3917 3977 392 94067 60327 48705 11622 33740 903 557 452 4416 6808 10543 2717 7826 4023
cat_boundaries=0 1 2
cat_threshold=2 12
is_linear=0
shrinkage=0.05


Tree=65
num_leaves=63
num_cat=2
split_feature=13 5 24 6 22 3 3 31 12 31 21 18 22 24 2 21 29 31 3 1 16 1 1 31 21 2 2 0 26 18 22 31 31 16 11 31 20 26 6 13 18 22 16 15 16 18 21 7 12 23 31 0 6 31 2 15 15 31 19 18 16 15
split_gain=45.3535 29.7149 30.8497 27.6931 24.3783 24.1675 16.9419 16.2993 15.9121 15.6453 15.1073 12.4695 10.7634 9.95197 9.87462 9.07096 8.64415 8.22261 8.85083 9.3053 8.19526 7.55959 17.5946 9.82182 8.22013 7.49281 7.46096 7.19123 10.7809 10.4788 6.98469 7.16099 11.1142 14.7884 6.77389 8.00243 6.67849 7.02894 6.64279 8.60223 7.99658 7.08164 6.4898 12.0246 6.53543 6.26514 6.08075 6.05982 6.04038 5.92096 7.20352 5.89548 5.89163 9.79422 5.74136 5.66053 5.62702 5.50519 5.45096 5.36761 5.19259 6.05638
threshold=22.170000000000005 1.0000000180025095e-35 715.50000000000011 3.5000000000000004 14.999999721844992 5.5000000000000009 1.5000000000000002 40.067000000000007 15.990000000000002 45.876500000000007 18.175000071525577 13.849999964237215 22.200000286102298 3.5000000000000004 5.5000000000000009 14.800000309944155 15.250000000000002 31.353000000000005 3.5000000000000004 13.500000000000002 0.89583333333333048 11.500000000000002 4.5000000000000009 44.408000000000008 17.750000119209293 3.5000000000000004 5.5000000000000009 0 11.34999990463257 2.8499999046325688 16.933333794275921 66.226500000000001 61.590500000000006 44.801541666666672 53.155833333333341 32.405000000000008 -1.0000000180025095e-35 5.1499998569488534 5.5000000000000009 225.62650000000005 20.750000000000004 14.733333309491476 7.9374999999999991 2.6418749999999966 7.4220833333333305 6.1500000953674325 22.850000619888309 3.9635000000000002 -0.56599999999999995 8.3499999046325701 61.875000000000007 1 1.5000000000000002 27.446500000000004 2.5000000000000004 -0.030729166666666027 34.764375000000008 72.144500000000008 28.250000000000004 16.949999988079075 0.50093750000000814 -0.030729166666666027
decision_type=2 2 2 2 2 2 2 2 2 2 2 2 2 2 2 2 2 2 2 2 2 2 2 2 2 2 2 1 2 2 2 2 2 2 2 2 10 2 2 2 2 2 2 2 2 2 2 2 2 2 2 1 2 2 2 2 2 2 2 2 2 2
left_child=10 3 7 4 15 -4 -5 17 30 21 52 12 13 49 58 48 34 18 -3 -20 55 22 -9 -23 -24 -21 -27 28 -16 -29 31 32 -8 -34 35 36 -10 59 41 -40 -41 -36 43 -32 -45 -17 -14 -15 56 50 -6 -52 53 -1 -46 -12 -2 -43 -11 -38 61 -54
right_child=1 2 5 6 11 -7 8 9 16 14 20 -13 46 47 27 45 -18 -19 19 25 -22 23 24 -25 -26 26 -28 29 -30 -31 42 -33 33 -35 38 -37 37 -39 39 40 -42 57 -44 44 54 -47 -48 -49 -50 -51 51 -53 60 -55 -56 -57 -58 -59 -60 -61 -62 -63
leaf_value=-0.18858161274798599 0.10823167133522649 0.2144533248494348 -0.35592560968658971 0.28290591327975462 -0.026020310026130922 0.010416014195070123 0.059135580702066731 -0.036081102799974472 0.18928172800377541 0.028341427001152032 0.078553293188588044 0.19839365635227041 -0.025339035391089573 -0.047753513950201311 0.095982344837610978 -0.012849459939945086 0.089583791801396473 0.2175437751318656 -0.0096507070463632168 -0.45409244992041525 0.020253298719899074 -0.03216826952018028 -0.55772803171042795 -0.82409909346681476 -0.5025513326074823 0.20310126170749632 -0.33093712440231376 -0.067163201124850413 -0.21723028131246025 -0.2764671001162462 0.0090710474473436175 0.54736698243280724 -0.080607116032687998 -1.7656418499396751 0.13985521245544952 -0.0207329815160648 -0.19899531007943275 -0.073401491570037794 -0.043940200326616718 -0.29656793020132144 -1.2159545006880572 -0.014487300027841422 0.014375695023703018 -0.10864141125500648 -0.26944542551364065 0.11275753731933486 -0.14820240022203635 0.083320677905016544 0.34902761368165164 0.015811494413095772 0.030115247726001118 -0.3552157767913201 0.38142829528965178 0.04176124833806423 -0.040800520602009366 -0.031517835298956333 -0.15502371793297254 -0.12764010184437016 -0.19367436945795619 -0.13660677347632663 0.12242936424197444 0.030056974892277124
leaf_weight=46.301524847745895 1596.4009373486042 684.11593878269196 144.73819267749786 6796.5057660639286 2560.6723186522722 74.558306679129601 32805.390243932605 218.98882353305817 376.33693340420723 1362.5587878227234 333.4409249573946 8346.2596393972635 4342.0741808414459 1198.0045198202133 239.6733295917511 3992.4753108918667 5420.1886057108641 1349.1045874804258 440.91730205714703 187.4751709997654 5390.9461570084095 374.72494515776634 210.34649583697319 81.852584779262543 96.921313256025314 93.797990024089813 39.532237008213997 175.03194224834442 106.12592160701752 190.8719487786293 2302.5314938724041 3147.8118224740028 1124.5228365659714 103.15430992841721 8297.8351605832577 5174.9140864759684 954.03508976101875 910.37334737181664 14014.225642740726 1723.9157670140266 112.53476119041443 7047.1596782356501 10090.693754792213 1315.5219504237175 64.530078500509262 3495.1941973865032 466.6317702382803 11714.621030047536 34026.913267046213 4443.855640783906 165.95121157169342 574.04184234142303 1830.633655756712 5695.7287182807922 41.454360008239746 1214.3267042636871 261.73512947559357 543.36212372779846 96.928040504455566 413.61794294416904 31563.121478721499 6182.7350217550993
leaf_count=125 4887 1892 298 13857 5913 137 76560 418 2288 1983 684 18601 9803 2888 331 7478 10138 3854 1525 716 12248 763 404 149 191 162 206 226 137 270 6277 3240 1268 119 15450 11129 2780 3054 26271 3065 175 13604 19387 5865 220 8383 1080 23302 69993 9346 172 602 3619 14339 188 4003 889 558 194 1170 70003 24521
internal_value=0.00125985 0.00089442 -0.0025177 0.00101138 0.00172711 -0.0208918 0.000473884 -0.00183698 0.000303049 -0.00430011 0.00256141 0.000720663 0.000170932 0.000666903 -0.00192897 0.00251167 -0.000382355 0.000943149 -0.00167607 -0.00538026 0.000388704 -0.00953093 -0.013612 -0.00480761 -0.0213109 -0.0118448 -0.00275125 -0.00675321 -0.00134233 -0.0114992 0.00090771 0.00126439 0.00105329 -0.00361565 -0.000638878 -0.00195598 -0.00418744 -0.00520653 -0.000313928 -0.00103811 -0.00425487 0.000408553 -5.22775e-05 -0.00183588 -0.00545012 0.000928548 -0.00195934 0.00151678 0.00284197 -0.000750134 -0.00235396 -0.00669566 0.00289406 0.00139701 -0.0173416 -0.00281711 6.59391e-05 -0.000695085 0.000426527 -0.0074714 0.00311122 0.00197415
internal_weight=238391 186134 6168.26 179965 77184.8 219.296 102781 5948.97 95984.1 3154.02 52257.2 33812.1 25465.9 20657.1 2171.19 43372.7 44988.5 2794.94 1445.84 761.723 6938.71 982.834 526.257 456.578 307.268 320.805 133.33 711.703 345.799 365.904 50995.6 37180.9 34033.1 1227.68 39568.3 7829.28 2654.36 2278.03 31739 15850.7 1836.45 15888.4 13814.7 3724.04 1421.51 7487.67 4808.71 12912.6 35885 7744.52 3300.67 739.993 45318.5 5742.03 105.984 1547.77 1858.14 7590.52 1459.49 1367.65 39576.5 8013.37
internal_count=523398 393856 13856 380000 163337 435 216663 13421 202806 5066 129542 71707 53106 42223 3141 91630 89682 8355 4501 2609 16935 1925 1013 912 595 1084 368 964 468 496 113124 81187 77947 1387 79544 20421 9292 7004 59123 29511 3240 29612 31937 12550 6273 15861 10883 26190 75769 16033 6687 774 112607 14464 408 4687 5776 14162 2177 3950 98143 28140
cat_boundaries=0 1 2
cat_threshold=3 1
is_linear=0
shrinkage=0.05


Tree=66
num_leaves=63
num_cat=1
split_feature=10 10 21 21 32 6 29 7 10 7 24 5 5 14 31 0 11 24 3 11 32 28 10 2 24 2 32 10 24 25 32 32 1 17 28 14 10 32 31 6 3 31 31 1 21 14 32 25 14 3 31 9 2 21 1 32 17 9 21 32 9 26
split_gain=242.213 33.1984 22.856 18.5037 15.6701 12.7213 11.5296 12.5489 12.8193 11.065 10.4536 10.3996 9.79785 30.7798 14.2657 9.37317 8.92879 10.4604 7.85932 7.83155 7.30747 7.4312 7.12622 8.35811 7.00333 8.50806 16.6377 9.62239 9.0379 7.16204 6.90283 7.8329 8.17165 9.30087 6.89909 6.74207 7.7085 6.51854 6.77878 6.7536 6.50915 6.38838 7.52758 10.6249 13.3899 9.11207 10.9514 7.3324 6.25913 6.08597 12.0455 6.08288 11.9819 6.02684 5.90165 5.72248 5.67961 5.66146 5.46797 5.41422 5.36648 8.30599
threshold=8.2312500000000011 18.870750000000005 13.699999928474428 8.6999998688697833 71.457500000000024 4.5000000000000009 15.34999990463257 9.3110000000000017 91.890174999999999 105.45150000000002 753.50000000000011 1.0000000180025095e-35 1.0000000180025095e-35 29.359434523809522 44.408000000000008 0 5.6954166666666675 4.5000000000000009 10.500000000000002 93.804416666666683 83.987500000000026 22.133333524068203 60.466024999999995 3.5000000000000004 552.50000000000011 5.5000000000000009 72.590000000000018 4.9352500000000008 680.50000000000011 19.150000572204593 82.195000000000007 78.990000000000023 5.5000000000000009 14.449999809265138 12.700000206629438 125.75181250000001 100.77552500000002 70.877500000000012 44.408000000000008 2.5000000000000004 6.5000000000000009 44.408000000000008 33.958500000000008 5.5000000000000009 8.4999997913837451 11.887767857142858 67.605000000000018 17.150000572204593 42.96913988095239 4.5000000000000009 36.159500000000008 144.52650000000003 3.5000000000000004 5.9250000119209298 4.5000000000000009 68.132500000000007 13.650000095367433 21.007500000000004 20.07499980926514 74.335000000000022 7.0425000000000013 -2.7499999999999996
decision_type=2 2 2 2 2 2 2 2 2 2 2 2 2 2 2 1 2 2 2 2 2 2 2 2 2 2 2 2 2 2 2 2 2 2 2 2 2 2 2 2 2 2 2 2 2 2 2 2 2 2 2 2 2 2 2 2 2 2 2 2 2 2
left_child=24 2 10 5 12 19 7 37 9 34 41 -12 14 -14 16 30 17 -4 57 22 21 35 -3 60 -1 -26 27 29 -29 -27 31 48 33 -33 -9 -7 -37 38 54 -39 -31 42 -2 44 -44 46 -46 -47 56 50 -50 -34 -53 -38 -5 -21 -10 -6 -19 -25 61 -24
right_child=1 3 4 6 18 20 -8 8 15 -11 11 -13 13 -15 -16 -17 -18 58 -20 55 -22 -23 23 59 25 26 -28 28 -30 40 -32 32 51 -35 -36 36 53 39 -40 -41 -42 -43 43 -45 45 47 -48 -49 49 -51 -52 52 -54 -55 -56 -57 -58 -59 -60 -61 -62 -63
leaf_value=0.2045325366072239 0.11450864977985838 0.1480205165033544 -0.097727766185164197 -0.1581878683662824 0.046149738467920726 -0.024063768302752919 0.034256078803286627 -0.023162549878016848 -0.1475888677309527 0.15168693043256953 -0.027170951209292495 -0.26917820161677658 0.0075954739902628805 -0.23282323365642654 0.039929558275985766 -0.23697876944819571 -0.017488688990727221 -0.013721840117446416 -0.01903524459512225 -0.10355148461544239 0.91981222098451354 0.39058159790224389 -0.39532239824080478 -0.30540451420345216 0.171956210961448 -0.035065888710843311 0.22265016833708551 -0.10524337499287864 -0.43848521989711087 -0.10834289486363274 0.38664599258135485 -0.21118405283545913 -0.14482567862502124 -1.2605085878485001 0.015449587711997559 0.21867743778062448 -1.2743915644560808 -0.050842396287606208 -0.018375163655204398 0.003327688113591343 -0.95105565035440542 0.11229258472470179 0.035426224871659341 0.056069392662906739 -0.023975656352152 -0.029853665415217813 -0.18489286299447372 -0.048095833391662526 0.11690405058242243 0.061292192181488049 -0.40025535078984054 -0.74338724020432778 -1.1506250089886827 -0.71694203265337109 -0.079729096520637199 0.58492946715853555 -0.6905704429628543 0.0043346885132441674 -0.079907586231213579 0.025125463853969521 0.12449114979347159 -0.027700403657357597
leaf_weight=44282.203146085143 7188.4027635157108 11475.988580718637 279.10675838589668 701.35930678248405 3099.8903772681952 18696.225102782249 15578.77703781426 24142.38265709579 306.07976984977722 5831.341997385025 213.66617441177368 49.711125746369362 244.44233860075474 123.72165147960186 1928.7395538389683 3411.3629640340805 2671.0126844495535 549.88581062853336 1011.5970382094383 748.49258887767792 834.54751878976822 2040.9604029208422 103.20109096169472 1359.2692210227251 4107.3623674362898 551.42861692607403 738.9899367839098 63.214517936110497 62.537098437547684 98.713327944278717 1386.3822432756424 115.56958788633347 1114.9150172173977 129.41284108161926 23995.470020651817 113.86280161142349 70.68489071726799 2645.1443014293909 1630.0183569788933 4223.2985032200813 61.148553520441055 11367.146254003048 868.31363739073277 4997.3848914206028 62.850334092974663 497.05958676338196 99.607249885797501 186.09299896657467 1661.7887005656958 7627.0359322428703 2526.9308910965919 379.69383454322815 89.475833117961884 159.61744698882103 2841.1452764421701 7223.1506676226854 268.91099306941032 1912.4618335813284 149.30211880803108 924.18293634057045 6496.6773660182953 346.95095410943031
leaf_count=113804 20263 27968 1016 2470 4868 39108 32241 52997 788 11086 471 87 612 216 4071 5154 9300 1816 1782 1612 1359 4038 211 3203 9586 1657 933 168 145 297 1857 124 1433 137 54593 163 111 4001 3375 6439 246 16936 2427 15115 234 1526 376 647 2945 13029 5430 467 131 248 9504 10707 614 2918 469 1260 12523 673
internal_value=0.00120993 0.000390285 0.00172195 6.00002e-05 -8.07841e-05 0.000839979 -0.000332246 -0.00056136 -0.000314629 7.87333e-05 0.00256715 -0.007325 -0.00190148 -0.00979057 -0.00137912 -0.00143088 -0.00321708 -0.00730132 0.00171643 0.00153306 -6.69717e-05 -0.000248721 0.00102029 -1.40006e-05 0.00430535 0.00265222 -0.000470668 -0.00529473 -0.017989 -0.00302836 -0.000909493 -0.00123846 -0.00429191 -0.0127724 -0.000170463 -0.00055611 -0.00748053 -0.00205678 -0.00339722 -0.00104697 -0.0123112 0.00267055 0.00195133 0.000746937 -0.00264913 -0.0071237 -0.0177332 -0.00457848 -0.000787408 -0.000539254 -0.00207025 -0.00297315 -0.007743 -0.0127244 -0.00462477 0.00286466 -0.00587706 0.00252774 -0.00402376 -0.00263763 0.000848654 -0.00442484
internal_weight=238666 188701 37500.4 151200 11970.2 50593.8 100606 85027.7 72986.8 53969.2 25530.2 263.377 5946.21 368.164 5578.05 19017.6 3649.31 978.295 6023.95 28677.9 21915.9 21081.4 20706.3 9230.28 49965.6 5683.39 1576.03 837.042 125.752 711.29 15606.2 14219.8 1829.07 244.982 48137.9 19040.4 344.165 12041 5172.52 6868.44 159.862 25266.9 13899.7 6711.31 1713.92 845.61 162.458 683.153 12390.7 11815.8 4188.72 1584.08 469.17 230.302 3542.5 7971.64 574.991 5012.35 699.188 2283.45 6946.83 450.152
internal_count=523985 397149 85150 311999 27068 103184 208815 176574 150785 118676 58082 558 17500 828 16672 32109 12601 3301 9568 58157 45027 43668 45838 17870 126836 13032 3446 2513 313 2200 26955 25098 2292 261 107590 39630 522 25789 15349 10440 543 57524 40588 20325 5210 2783 610 2173 22806 21404 8375 2031 598 359 11974 12319 1402 7786 2285 4463 13407 884
cat_boundaries=0 1
cat_threshold=12
is_linear=0
shrinkage=0.05


Tree=67
num_leaves=63
num_cat=0
split_feature=10 10 21 12 6 32 28 32 22 1 2 24 5 14 22 11 5 3 32 30 17 2 32 22 3 9 16 3 22 10 30 3 32 21 14 3 16 14 16 9 17 24 12 16 8 16 3 16 21 17 24 9 32 14 2 8 30 14 22 9 3 1
split_gain=233.821 29.4387 24.8971 16.9673 13.5828 13.0527 12.44 11.7227 11.3223 11.1198 18.4014 12.1456 15.5983 22.9787 11.006 9.98695 9.95333 12.6235 10.3068 15.0195 9.24154 11.1674 8.63721 8.57812 8.4593 8.60186 8.27904 8.2217 7.93021 7.69924 7.58535 7.3203 7.27377 6.89957 6.79473 6.70499 6.65361 8.25837 6.60894 6.59356 6.46943 8.37083 6.44891 7.93241 6.44103 6.37511 7.35965 7.85639 6.96847 6.64471 6.33379 8.02228 6.25957 6.23377 6.995 6.11042 6.1858 6.56537 6.05584 5.78682 7.55368 7.9894
threshold=8.4207250000000027 28.517475000000001 13.250000119209291 31.082500000000007 4.5000000000000009 76.780000000000015 13.666666428248091 71.457500000000024 18.000000476837162 5.5000000000000009 1.0000000180025095e-35 470.50000000000006 1.0000000180025095e-35 29.815363095238101 21.833333492279056 109.05460416666669 1.0000000180025095e-35 4.5000000000000009 74.407500000000013 392.50000000000006 2.5499999523162846 4.5000000000000009 67.200000000000003 10.800000270207724 10.500000000000002 23.022500000000004 32.671875000000007 8.5000000000000018 11.233333667119345 16.939525000000003 1.0000000180025095e-35 7.5000000000000009 72.590000000000018 5.4499998539686212 16.506726190476197 7.5000000000000009 10.125416666666665 12.124375000000002 7.7710416666666662 2.3010000000000006 16.550000190734867 3.5000000000000004 -0.99899999999999989 18.972875000000002 145.27400000000003 2.0204583333333344 3.5000000000000004 53.573333333333331 7.0000000596046457 9.0500001907348651 523.50000000000011 -0.53349999999999997 71.312500000000014 12.535386904761907 3.5000000000000004 194.36250000000004 1.0000000180025095e-35 53.292261904761908 19.083333333333339 76.466500000000011 10.500000000000002 8.5000000000000018
decision_type=2 2 2 2 2 2 2 2 2 2 2 2 2 2 2 2 2 2 2 2 2 2 2 2 2 2 2 2 2 2 2 2 2 2 2 2 2 2 2 2 2 2 2 2 2 2 2 2 2 2 2 2 2 2 2 2 2 2 2 2 2 2
left_child=50 2 8 6 23 15 45 9 16 10 22 39 14 -14 -13 -6 29 -18 19 52 -10 30 -4 -5 25 -9 44 -7 34 -2 32 -16 35 -17 -8 -22 37 -12 -33 53 55 -42 43 -26 -25 -3 47 -47 -49 -48 -1 -52 -19 54 -11 56 57 -30 -28 60 -51 -62
right_child=1 3 7 4 5 27 28 24 20 11 36 12 13 -15 31 33 17 18 -20 -21 21 -23 -24 26 42 -27 58 -29 40 -31 -32 38 -34 -35 -36 -37 -38 -39 -40 -41 41 -43 -44 -45 -46 46 49 48 -50 59 51 -53 -54 -55 -56 -57 -58 -59 -60 -61 61 -63
leaf_value=0.19045257573173766 0.12082160285098063 -0.164066435656882 -0.099752564427634569 0.65334488938259982 -0.02861820600873273 0.36878874899911551 -0.13106488363342736 0.038565191236293386 0.10307220783063809 -0.036326377174497625 -0.40088536900643573 -0.012685854687096666 0.034525031502948965 -0.22891816411302007 -0.05270548934672057 -0.66489447176795768 0.31232316121221049 -0.019471260198608498 0.035637581153881916 -0.15794641923331812 -0.012034134148939658 -0.041974572730754202 -0.017522380012853667 0.21086851076950916 -0.020151602619371902 -0.0027761011214503029 0.061845487489308938 -0.041141090733131949 -0.057217098351058482 0.065084958523870293 0.059207425160602872 -0.43015009815105865 0.033928302277912971 -0.26855967011199483 0.12455623928943282 -0.044370650518630587 -0.0035649244154576823 -0.03538794928200506 -0.11320095578043601 0.016058419677227053 -0.34881441690458215 -0.033011515860291323 -0.015080473223940773 -0.10317970124540513 -0.10781645824126543 -0.070258862448795867 0.020819154030828815 -0.72085568525153187 -0.13741803499229377 -0.014459251256410255 -0.11781563639022155 0.14726690346646878 -0.07474807913097585 -0.0042506564432677864 -0.08646825380860329 -1.11051224570366 0.035781444156446442 0.029918111759178603 -0.093811745766074497 -0.16327873616487915 -0.55857947551225207 -0.16524946788685677
leaf_weight=44289.99328891933 15898.112790346146 2927.9734607189894 228.29562525451183 6191.2897270619869 9394.3057437241077 5953.0795049965382 462.08203203976154 5200.4199714511633 1791.1508803516626 146.36705735325813 87.579315468668938 1425.379948541522 79.264231160283089 106.32407204806805 103.86783438920975 376.85458451509476 438.06606559455395 324.52597257494926 254.99768722057343 120.74928121268749 267.5232655107975 1663.5955713391304 98.53258290886879 12240.861326336861 86.527965366840363 3309.4361171871424 4447.545457676053 3902.9776592850685 5348.5216262936592 15846.160124018788 2377.1371685117483 44.568594634532928 559.61849489808083 3432.8646259456873 12816.237392023206 299.35508233308792 1209.9038248211145 541.56973640620708 57.768103182315826 5916.6272038519382 762.42156507074833 5246.9227731376886 1644.1708720326424 67.263377666473389 1357.8913665264845 4784.9329386204481 7807.8532161414623 68.955913752317429 894.92957565188408 10767.329865992069 914.75857953727245 5612.4024051427841 84.760922849178314 371.92970699071884 105.78478161990643 533.9993062466383 13515.810502156615 5615.6235153079033 1776.4797824472189 5932.1955010592937 77.776549071073532 200.70864087343216
leaf_count=113718 35250 12278 821 11988 23149 9445 1140 7945 4767 459 337 3718 151 173 341 602 836 984 357 258 868 3811 295 25213 151 4995 7777 5301 12888 35799 6020 188 892 5980 26302 1109 2796 2121 129 17658 1312 9561 2903 124 2083 10564 15904 176 2140 19105 2711 12361 125 1209 421 1018 29047 11226 3071 8814 166 437
internal_value=0.00121085 0.000395878 0.00130086 -3.76268e-05 0.000690338 -0.000193174 -0.000497021 -0.000100377 0.00203195 -0.00127419 -0.00446605 -0.000446605 -0.00406156 -0.0177574 -0.00249377 -0.00122089 0.00241877 -0.00200597 -0.00579788 -0.00976586 0.00019918 -0.000873707 -0.01538 0.0014735 0.00109803 0.00175641 0.000965988 0.00118362 5.26003e-05 0.00258931 0.000728128 -0.0132614 -0.00264994 -0.00337986 0.00107508 -0.00663682 -0.00251917 -0.00668536 -0.0226874 0.000558188 -0.000385054 -0.00185802 -0.00201737 -0.0117744 0.00165725 -0.00122465 -0.00101087 -0.00262253 -0.00673867 -0.000636971 0.00421934 0.00276448 -0.00516539 -0.00432573 -0.010378 -3.11282e-05 8.43936e-05 -0.000798029 -0.000544352 -0.00119212 -0.000515552 -0.00863089
internal_weight=238413 187596 60757.3 126838 49074.1 23060.1 77764.3 20831.6 39925.8 10523.8 2165.88 8357.88 1817.17 185.588 1631.58 13204 32967.4 1223.1 785.034 530.036 6958.38 5167.23 326.828 26014.1 10307.8 8509.86 19822.8 9856.06 44301.6 31744.3 3503.63 206.205 1126.5 3809.72 13278.3 566.878 1839.05 629.149 102.337 6540.71 31023.3 6009.34 1797.96 153.791 13598.8 33462.7 30534.7 5748.82 963.885 24785.9 50817.2 6527.16 409.287 624.082 252.152 25014 24480 10964.1 6224.03 16978 11045.8 278.485
internal_count=523488 394698 138011 256687 94609 44477 162078 46935 91076 30817 6370 24447 4700 324 4376 29731 73609 2560 1724 1367 17467 12700 1116 50132 16118 12940 38144 14746 92494 71049 8889 658 2869 6582 27442 1977 5254 2458 317 19747 65052 10873 3178 275 27296 69584 57306 12880 2316 44426 128790 15072 1109 2089 880 54179 53161 24114 10848 28522 19708 603
is_linear=0
shrinkage=0.05


Tree=68
num_leaves=63
num_cat=2
split_feature=10 10 21 12 10 12 1 4 20 14 5 5 13 24 0 23 7 6 17 3 26 5 31 17 31 17 8 31 10 17 31 20 24 3 1 13 31 7 6 24 4 1 8 8 24 4 3 1 26 4 31 31 17 26 3 3 4 0 31 8 15 31
split_gain=229.477 29.4868 25.9882 17.4569 17.2866 16.2843 15.2265 14.5796 14.1296 12.0206 11.9444 11.7077 11.6599 11.436 11.0281 10.8875 10.7921 10.7545 10.2722 12.4429 10.1838 9.52615 9.46764 9.41566 9.2987 8.97548 8.85092 8.40213 7.81032 7.99418 7.73324 7.50141 8.96703 10.9298 11.4983 8.1535 7.28433 7.46262 7.24289 7.12246 7.59 7.08157 7.057 6.89025 6.59045 6.41758 17.0233 10.7373 9.46444 6.28161 7.21251 6.13597 16.0808 8.91734 14.5959 8.91947 7.5603 9.30385 6.16583 6.12158 6.0847 6.06574
threshold=8.2312500000000011 65.806900000000013 14.699999928474428 74.285000000000011 17.26145 27.927500000000006 4.5000000000000009 1.0000000180025095e-35 422.50000000000006 41.202827380952385 1.0000000180025095e-35 1.0000000180025095e-35 154.51550000000003 753.50000000000011 0 20.750000000000004 1.3010000000000004 3.5000000000000004 8.8499999046325701 10.500000000000002 12.150000095367433 1.0000000180025095e-35 62.95900000000001 0.55000001192092907 79.51900000000002 3.9500000476837163 226.77150000000003 63.610500000000009 107.03362500000001 14.750000000000002 27.685500000000005 1.0000000180025095e-35 304.50000000000006 5.5000000000000009 13.500000000000002 157.70100000000002 44.408000000000008 17.791500000000003 3.5000000000000004 1.5000000000000002 1.0000000180025095e-35 13.500000000000002 9.6510000000000016 68.19250000000001 552.50000000000011 1.0000000180025095e-35 11.500000000000002 8.5000000000000018 12.449999809265138 1.0000000180025095e-35 40.392000000000003 56.568000000000005 17.250000000000004 1.6500000357627871 2.5000000000000004 3.5000000000000004 1.0000000180025095e-35 1 45.548500000000011 137.91600000000003 57.221687500000016 42.513000000000005
decision_type=2 2 2 2 2 2 2 2 10 2 2 2 2 2 1 2 2 2 2 2 2 2 2 2 2 2 2 2 2 2 2 8 2 2 2 2 2 2 2 2 2 2 2 2 2 2 2 2 2 2 2 2 2 2 2 2 2 1 2 2 2 2
left_child=44 2 4 9 13 6 18 10 24 28 22 26 -5 36 -14 42 -4 -7 -6 27 -13 -15 -8 -18 -9 -19 31 -20 30 -30 43 51 45 34 35 -34 37 -2 -16 60 61 -10 -12 -3 -1 59 47 48 -47 -46 -51 53 -53 54 58 56 57 -56 -11 -33 -25 -41
right_child=1 3 16 12 5 17 7 8 41 11 15 20 14 21 38 -17 23 25 19 -21 -22 -23 -24 39 -26 -27 -28 -29 29 -31 -32 32 33 -35 -36 -37 -38 -39 -40 40 -42 -43 -44 -45 49 46 -48 -49 -50 50 -52 52 -54 -55 55 -57 -58 -59 -60 -61 -62 -63
leaf_value=0.18435743632068122 0.01664316123160221 -0.37481087111166861 -0.03753873760825286 0.52202272206008837 0.011213134867928611 0.63020676126621078 0.054202486752437197 -0.0005692274525291197 -0.20175750640489892 -0.00277679128934345 -0.11324899167052518 -0.41292935243211348 0.1233626894205667 -0.019789485866795787 0.047401505643889411 -0.55963878742958428 0.048488972506079357 0.44715476187136965 -0.075559109736471453 -0.3908179106365694 0.02228711329302371 -0.26142846203423131 0.53504711645186331 -0.018308833439728469 -0.11004779072983624 -0.0089683327954862332 -1.9893737775648874 0.061990689126634635 -0.38731103090427227 -0.8800936635924359 -0.1172171510366674 0.18916758893768135 -0.38665234314995378 0.029681324240017661 -0.10200655855400315 -1.0749747722032097 0.10190091155187907 0.13979226073905818 -0.30943258771514054 -0.0045743102933224478 -0.020624634685165601 -0.066346917793533675 -0.037948507211461729 -0.086844768966450311 0.1979160263277053 -0.036473373661604573 -0.84572103906943252 0.03341831291189834 -0.81320412359261318 -0.089251603314746311 0.14243793472059707 -0.23283186878084941 -1.2773592309170512 0.0037728663685332011 -0.3232056063819691 -0.18546441042066064 0.50070970965316663 -0.46281676278817446 -0.59327936885892285 -0.068056163728789448 -0.097189435844697067 0.034252815260105152
leaf_weight=44264.370348647237 8174.7594820410013 93.52649487555027 2349.0945636630058 5057.8007771372795 5246.3851463496685 8018.3724473118782 25060.125592842698 8779.3632523715496 281.95904007554054 2655.0913198888302 54.643952697515488 651.64067329466343 6991.9993054568768 222.84002377092838 897.57894289493561 45.381993845105171 3689.0621224194765 3755.137985303998 4422.743579313159 79.976787358522415 403.79748262465 62.075002312660217 3195.1912776827812 9129.8550533950329 267.59182107448578 5625.14597658813 719.82812851667404 937.52697479724884 606.06616811454296 371.48754595220089 4634.0885888189077 13186.528786808252 856.21834617853165 3020.0189588814974 1388.4390846192837 188.56935141980648 10673.619639188051 5149.7834146618843 1582.5559523701668 5624.93813572824 4442.0463939905167 405.84348943829536 746.32004201412201 108.60984729230404 2732.7338555157185 218.25740833580494 84.996394693851471 2577.97761079669 246.64491233229637 1411.3913894742727 1521.6047932803631 2905.9555891156197 370.05573683977127 10340.645963221788 158.79984492063522 826.58032065629959 61.76883938908577 243.35651278495789 234.25315842032433 4468.3268719762564 320.16989493370056 5803.9905170500278
leaf_count=113734 24049 193 6028 7801 12363 18764 61733 19815 706 4405 118 1527 10656 500 1411 127 9554 11938 10094 152 707 107 3346 20219 276 10920 1383 978 1399 731 9763 25686 1663 4097 2569 410 16211 14610 2490 16211 8958 893 1837 401 6527 352 149 4631 375 4431 2026 3186 411 20184 406 1806 97 448 731 7401 717 8333
internal_value=0.0011868 0.000389276 0.000848438 -0.00046145 0.00127536 0.000860683 0.000398363 0.000858266 -0.000816692 -0.000892372 0.00141856 -0.000620519 0.00106947 0.00241808 3.4397e-05 -0.00443101 -0.000393215 0.00217652 -0.0012729 -0.00279499 -0.0058231 -0.00752373 0.00159393 -0.000129211 -0.00029107 0.00102702 -0.000497694 -0.00250062 -0.00303388 -0.00710818 -0.00220904 -0.000407718 0.000129781 -0.00167459 -0.00416765 -0.00812732 0.00253642 0.00175654 -0.00282284 -0.000473061 0.000174032 -0.00771996 -0.00306309 -0.0117585 0.00420105 0.000603292 -0.00148381 -0.000863521 -0.007849 0.00259464 0.000987081 -0.00120007 -0.00315437 -0.000758969 -0.00270757 -0.00712641 -0.0126688 -0.0151654 -0.000732148 0.000973124 -0.00155973 0.000855701
internal_weight=238646 188715 122564 66151.5 91204.8 66921.7 49523.1 38836.4 9734.76 51621.5 29101.7 45807.8 14529.9 24283.1 9472.13 846.346 31359.2 17398.7 10686.6 5440.25 1055.44 284.915 28255.3 29010.1 9046.96 9380.28 44752.3 5360.27 5813.78 977.554 4836.22 44032.5 26236 5453.25 2433.23 1044.79 23998.2 13324.5 2480.13 25321 15871 687.803 800.964 202.136 49930.1 20782.7 3127.88 3042.88 464.902 5665.73 2933 17796.5 3276.01 14520.5 4179.85 1290.51 463.925 402.156 2889.34 17654.9 9450.02 11428.9
internal_count=523744 397026 279557 117469 209537 154060 112438 88851 21690 95111 67161 82624 22358 55477 14557 2082 70020 41622 23587 11224 2234 607 65079 63992 20091 22858 80390 11072 12487 2130 10357 79007 47333 8739 4642 2073 54870 38659 3901 54438 33502 1599 1955 594 126718 38594 5507 5358 727 12984 6457 31674 3597 28077 7893 2757 951 854 5136 33087 20936 24544
cat_boundaries=0 1 2
cat_threshold=12 12
is_linear=0
shrinkage=0.05


Tree=69
num_leaves=63
num_cat=0
split_feature=10 10 22 32 21 17 2 32 22 24 24 10 17 2 24 21 24 9 24 3 3 14 32 3 2 21 10 2 2 2 32 32 14 3 1 2 14 2 10 6 7 9 9 22 14 9 3 17 21 14 21 23 10 26 2 2 27 24 2 3 21 2
split_gain=222.614 33.9673 23.9857 17.708 14.2666 14.0042 17.0962 19.36 13.8877 14.7096 12.1251 11.9961 12.5079 15.5155 11.9552 11.6497 11.1498 10.3326 10.3192 10.1382 23.7392 18.9613 17.4109 13.1039 42.996 23.7802 14.5985 13.079 16.0174 11.4221 11.0347 9.91204 9.99165 9.69554 9.51348 14.4678 8.96929 8.89811 10.0352 8.24362 9.22875 8.13413 9.72388 12.3178 8.01056 7.99455 7.57673 11.2479 9.41066 8.37892 7.18394 7.16582 7.67234 7.15347 6.59104 8.63767 7.50779 6.42335 6.19599 6.18659 6.14777 6.11616
threshold=7.1971250000000007 18.870750000000005 17.566666364669803 77.485000000000014 23.200000047683719 2.8500000238418584 5.5000000000000009 70.445000000000007 10.433333436648054 1.0000000180025095e-35 1.0000000180025095e-35 123.89195000000001 18.750000000000004 3.5000000000000004 722.50000000000011 10.900000154972078 435.50000000000006 2.0010000000000003 439.50000000000006 6.5000000000000009 7.5000000000000009 44.086577380952384 80.617500000000021 11.500000000000002 2.5000000000000004 13.250000119209291 57.105850000000004 5.5000000000000009 3.5000000000000004 1.0000000180025095e-35 81.672500000000014 70.877500000000012 61.635000000000005 7.5000000000000009 11.500000000000002 1.5000000000000002 41.202827380952385 5.5000000000000009 130.10275000000004 4.5000000000000009 40.411500000000004 30.647500000000004 9.6725000000000012 20.533332904179897 59.948035714285723 85.00500000000001 7.5000000000000009 15.150000095367433 7.0000000596046457 123.09940773809525 10.375000000000002 10.050000190734865 57.105850000000004 -4.9500000476837149 5.5000000000000009 1.0000000180025095e-35 11.34999990463257 667.50000000000011 1.5000000000000002 9.5000000000000018 21.750000238418583 3.5000000000000004
decision_type=2 2 2 2 2 2 2 2 2 2 2 2 2 2 2 2 2 2 2 2 2 2 2 2 2 2 2 2 2 2 2 2 2 2 2 2 2 2 2 2 2 2 2 2 2 2 2 2 2 2 2 2 2 2 2 2 2 2 2 2 2 2
left_child=-1 2 15 8 11 -4 7 10 39 46 17 19 -13 33 44 57 -12 -7 37 -5 21 -21 53 29 -25 27 -27 28 36 30 59 32 -20 -14 58 -36 -26 38 -11 40 -3 42 -18 -44 -8 -33 48 -48 -10 -50 -32 52 -6 -22 55 56 -51 -2 -23 -24 -17 -62
right_child=1 3 5 4 51 6 14 -9 9 18 16 12 13 -15 -16 60 41 -19 31 20 22 34 23 24 25 26 -28 -29 -30 -31 50 45 -34 -35 35 -37 -38 -39 -40 -41 -42 -43 43 -45 -46 -47 47 -49 49 54 -52 -53 -54 -55 -56 -57 -58 -59 -60 -61 61 -63
leaf_value=0.18711893623831038 0.14155975394370232 0.0049627321211829674 0.053754561037321485 0.36003541090340008 -0.076269437150111946 -0.085496553241378156 -0.050878143249071965 0.038003257274575833 0.10304362337721606 0.03507207714292946 0.023290474903969828 -0.04571453287933025 -1.7503587068285613 -1.9834427744636423 -0.26657590951399757 0.027138069383616337 -0.019387402016870149 -0.029200196670679014 -0.047456479767350505 0.025565670223897996 -0.12347854207193337 -0.22107688274819071 0.35084320103734817 0.05629105290878389 -0.2982909485404065 0.008146131201485397 -0.46120448905620109 -0.042390785012058355 -0.37741757765841283 0.082843219046193906 -0.3077928938890736 0.025362418082701413 -0.20272504648241674 1.6018469244385649 -0.38742161188398794 0.062156023150677697 0.2093963021538052 -0.067124818431480202 -0.22743385567860344 -0.014157466535848151 0.46594164295070328 0.036445849557204292 -0.030907258968183096 -0.1235520061679047 0.0042334089144316243 -0.1488545783126014 -0.045128233018550651 -0.21126551943702873 -0.045534550887370712 -0.83648814358889256 -0.12387503955633541 -0.025765030966342552 -0.43264246288380975 0.21487417399720085 -0.91043721759228413 -0.18684681489321664 -0.14075227651159139 -0.045612206378746571 -0.56107836998923166 -0.2504280154060467 0.013875527483124196 -0.081419389472037113
leaf_weight=44683.434159055352 16529.580692604184 7573.9686395078897 2954.9429182857275 10169.762388825417 147.64808395504951 128.28008356690407 1039.9534037858248 3216.0705674737692 4235.642967119813 30162.301154479384 1446.5020726621151 5465.5515695512295 115.63739269971848 120.92317003011703 53.054498881101608 14113.104100733995 251.91985611617565 962.19902005791664 3223.9809108227491 821.66140496730804 580.6960774064064 177.22918337583542 401.23429048061371 1747.8823776245117 72.995685398578644 559.96924459934235 258.55649036169052 129.92953103780746 306.33193242549896 6000.8892650604248 103.63734954595566 3468.4945605099201 1046.4708095788956 170.16333919763565 160.67472958564758 337.1690057516098 89.855991780757904 4138.6906938403845 3970.8344628512859 13941.215694531798 8912.9552325457335 193.42573237419128 83.160620376467705 145.02826178073883 368.91228315234184 824.31382909417152 6670.9865594655275 1429.6089532673359 16356.769639879465 104.75308662652969 467.05896854400635 344.67998468875885 119.90263420343399 15281.292423009872 69.817804455757141 496.27791893482208 60.966034084558487 417.67130696773529 354.81297278404236 97.887009084224701 427.13236667215824 327.24119412899017
leaf_count=114381 36436 18959 7623 17976 239 506 2351 5367 10206 74760 4820 7197 132 135 71 31394 732 3443 9835 944 1047 203 416 3009 127 967 447 225 531 6135 105 4528 2615 183 184 386 156 9852 7204 30987 18752 652 297 454 539 1051 17191 3133 39202 170 474 546 190 19983 128 850 106 796 406 98 876 821
internal_value=0.00117096 0.000437949 0.00168406 8.65879e-05 0.000923175 -0.000346761 -0.00144649 -0.000335948 -0.000263177 -0.000623519 -0.00308215 0.00102873 -0.00107479 -0.00952285 -0.00632487 0.00237621 -0.000877296 -0.00736396 -7.30922e-05 0.00135279 0.000860876 -0.00460844 0.00124906 -0.000358551 -0.00303171 -0.009499 -0.00395048 -0.0170603 -0.0209411 0.000838466 -0.00391874 -0.001642 -0.00334726 -0.00314043 -0.00912456 -0.0041443 -0.00820238 0.000277983 0.000543472 0.000639914 0.00139666 -0.00618622 -0.00966818 -0.017122 -0.00543522 5.47559e-05 -0.00149959 -0.00280129 -0.001005 -0.00152792 -0.0086615 -0.00665071 -0.0127746 0.00228646 -0.00675871 -0.00519865 -0.015046 0.00327235 -0.0137682 0.00151061 0.00135456 -0.00304047
internal_weight=238634 193950 42658.2 151292 44604 10843.4 7888.51 6426.59 106688 76259.9 3210.52 43991.8 5872.28 406.724 1461.92 31814.7 2120.04 1090.48 46835.1 38119.5 27949.8 1851.55 26098.2 10236.2 3165.52 1417.64 818.526 599.113 469.184 7070.71 1069.82 8563.26 4270.45 285.801 1029.89 497.844 162.852 38271.8 34133.1 30428.1 16486.9 673.534 480.109 228.189 1408.87 4292.81 29424.8 8100.6 21324.2 17088.6 570.696 612.231 267.551 15862 731.815 661.997 165.719 16947.3 532.042 499.121 14867.5 754.374
internal_count=523529 409148 97178 311970 62441 26855 19232 16271 249529 180831 10904 61466 7647 450 2961 70323 6955 3949 109845 53819 35843 2123 33720 12690 5462 2453 1414 1039 814 7228 1093 18029 12450 315 1179 570 283 91816 81964 68698 37711 2135 1483 751 2890 5579 70986 20324 50662 40456 579 975 429 21030 1254 1126 276 37232 609 514 33091 1697
is_linear=0
shrinkage=0.05


Tree=70
num_leaves=63
num_cat=0
split_feature=10 5 10 22 21 24 1 1 18 8 3 3 14 15 2 20 31 22 32 19 31 21 8 14 2 2 18 16 1 31 32 31 31 9 2 31 32 2 24 9 32 15 32 2 1 1 9 9 9 21 3 3 15 24 1 1 14 21 9 3 18 24
split_gain=217.746 30.754 35.0531 21.2939 17.13 16.8749 13.2257 13.2129 17.4631 12.763 11.2203 10.6961 11.7167 11.5054 10.4162 20.3603 12.8792 9.85767 9.82731 9.68435 9.61801 9.56403 9.25045 13.1649 8.94866 11.2309 8.83148 12.4456 8.59727 8.51354 10.226 12.2561 11.5832 16.7368 8.05471 7.85839 8.10765 8.9867 9.4714 8.59102 8.32184 7.81726 9.69072 9.27837 8.80211 9.82271 9.62077 7.80706 8.18156 9.12846 7.79734 9.17342 11.8633 8.78485 7.545 7.5267 7.20144 7.10678 7.04068 7.03898 11.4464 12.0196
threshold=7.1971250000000007 1.0000000180025095e-35 18.870750000000005 17.033333172400795 7.2000000774860391 722.50000000000011 5.5000000000000009 5.5000000000000009 5.0500001907348642 145.27400000000003 10.500000000000002 4.5000000000000009 42.619104166666673 6.7365416666666658 4.5000000000000009 441.50000000000006 48.75950000000001 12.866666555404665 76.780000000000015 13.34999990463257 49.169000000000004 16.750000119209293 53.866000000000007 43.501250000000006 5.5000000000000009 3.5000000000000004 5.7500000000000009 7.9374999999999991 15.500000000000002 43.216500000000003 73.595000000000013 39.20600000000001 39.647000000000006 15.568500000000002 4.5000000000000009 79.51900000000002 74.662500000000009 5.5000000000000009 425.50000000000006 27.317500000000006 71.782500000000013 11.400625000000007 74.662500000000009 3.5000000000000004 11.500000000000002 6.5000000000000009 60.337500000000013 0.14150000000000004 19.375000000000004 16.050000309944156 5.5000000000000009 6.5000000000000009 20.208791666666674 201.50000000000003 9.5000000000000018 3.5000000000000004 54.259657738095243 28.800000667572025 20.362500000000001 5.5000000000000009 7.0499999523162851 1.0000000180025095e-35
decision_type=2 2 2 2 2 2 2 2 2 2 2 2 2 2 2 10 2 2 2 2 2 2 2 2 2 2 2 2 2 2 2 2 2 2 2 2 2 2 2 2 2 2 2 2 2 2 2 2 2 2 2 2 2 2 2 2 2 2 2 2 2 2
left_child=-1 2 3 29 34 11 47 8 10 14 56 12 -3 -14 21 26 -17 -10 -19 -18 -7 22 -9 -24 25 -15 27 -16 -29 30 31 59 33 -33 -4 36 37 38 -8 -40 -39 42 44 -44 45 58 -47 -5 -49 -50 53 52 54 -36 55 -52 -6 -28 -13 60 61 -2
right_child=1 5 4 6 7 20 35 9 17 -11 -12 41 13 24 15 16 19 18 -20 -21 -22 -23 23 -25 -26 -27 57 28 -30 -31 -32 32 -34 -35 50 -37 -38 40 39 -41 -42 -43 43 -45 -46 46 -48 48 49 -51 51 -53 -54 -55 -56 -57 -58 -59 -60 -61 -62 -63
leaf_value=0.17794919801769843 -0.16675503204414019 0.084430154339154045 0.17130218994971289 -0.076014115247517472 -0.092523044909232868 -0.069401657295196456 0.02966969230156984 0.073854104365309328 0.087984410672504343 -0.26542959007854988 -0.26744948495993309 -0.25163474210901171 0.039691913799310009 -0.40617014276066538 -0.11825064359972332 -0.10788058822247458 -0.26254355971430882 -0.065463285806239571 0.025993096670780959 -0.04983784298160359 -0.26874929273673426 -0.011715842262769628 -0.10051802796907482 0.086127068199866846 -0.43918939427528514 0.70140466395926282 0.032137857901225433 -0.071105220802908597 0.048407338541068871 0.10328963013386838 0.13494250253705342 -0.44140585197221871 -0.031843900457150819 -0.040200347545478458 0.27187640463297952 -0.042583799140518512 0.060094657201500028 -0.027813907620444046 -0.062794501648192738 0.036587868409125514 -0.10992546946068381 -0.032230025111968173 -0.14202192201101926 0.068578589862766576 -0.088367608553112126 -0.12524800234734812 -0.64855094264304192 0.00048388821522484806 -0.023125749547537922 -0.071643066308096512 -0.15529075642718518 -0.037256463214384895 0.11878574279486892 -0.21759654742386092 -0.2398304801561004 -0.94058880146264134 -0.084883461377856406 -0.44678674540721919 -0.046846181505101649 0.076135509985527747 0.050408862063585413 -0.035983482251863833
leaf_weight=44734.350427702069 168.48787935078144 1493.3302589654922 25132.303055331111 185.03940308094025 4408.4021384567022 124.05168433487415 3835.6550207585096 23293.95711261034 6313.9997781813145 7038.2261152267456 116.12030348181725 69.105695635080338 458.70203410089016 158.68147870898247 1684.8856608867645 788.70997692644596 153.55747362971306 5332.6998243629932 3431.4981611073017 159.84770739078522 56.222788631916046 13014.507921904325 5436.1161035746336 21985.377978459001 133.49336248636246 142.33512556552887 10905.537869691849 1783.0906799435616 3533.9281277507544 14629.692489355803 3742.9085057675838 98.669999852776527 1732.2750727683306 133.80954612791538 3166.8027984201908 81.542298138141632 3145.7080034613609 681.91311909258366 648.12204141914845 361.65029402077198 192.09164875745773 2020.4391240477562 131.65569394826889 324.72239184379578 624.59250466525555 152.36763048171997 163.84491394460201 1291.3464412093163 687.57212170958519 233.36706967651844 80.07980027794838 2278.0769575238228 210.66994133591652 490.47001820802689 127.40790864825249 106.77103254199028 5867.0048265904188 44.062689542770386 296.18972104787827 6951.234138533473 1122.0428669899702 674.71823400259018
leaf_count=114519 785 2857 50995 668 9338 273 11970 53579 14115 12057 235 164 1891 245 4650 1856 199 13556 5678 201 72 26887 12200 41961 195 218 25191 2662 5501 22448 6550 416 5697 555 6486 84 4485 2272 1981 1000 323 4027 226 516 1580 396 394 3065 1865 577 161 4055 450 1268 206 221 8362 99 795 21339 4614 2427
internal_value=0.00115628 0.000430584 0.000546496 0.00184691 0.000187059 -0.00299139 8.02317e-06 -9.55984e-05 -0.00110077 0.000189435 -0.00267774 -0.00254914 7.20943e-05 -0.00445493 0.000363229 -0.000662483 -0.00725577 -1.38504e-05 -0.00109892 -0.0158146 -0.0180286 0.000669896 0.000980178 0.000357774 -0.0102756 -0.0054635 -0.000257312 -0.00164403 -0.000457028 0.00255997 0.00170665 0.000931025 -0.00264285 -0.0130976 0.00121854 0.000891828 0.0010347 -8.6796e-05 0.000755219 -0.00355096 -0.0047504 -0.00420239 -0.00663522 -0.000361705 -0.00882536 -0.0127523 -0.0191959 -0.00328928 -0.00246078 -0.00605861 -0.000356104 -0.00233986 -0.00829204 0.00116451 -0.0144308 -0.0208053 -0.00250208 0.000629517 -0.00713732 0.00171874 -0.000923002 -0.00532155
internal_weight=238566 193832 187482 40597.8 146884 6349.73 11344 115292 25469.7 89821.8 10391.5 6169.46 2386.54 893.212 82783.6 19053.6 1102.12 15078.2 8764.2 313.405 180.274 63730 50715.5 27421.5 434.51 301.017 17951.5 7001.9 5317.02 29253.8 14624.1 10881.2 1964.75 232.48 31592.6 8946.68 8865.14 5719.43 4845.43 1009.77 874.005 3782.92 1762.48 456.378 1306.1 681.508 316.213 2397.33 2212.29 920.939 6460.28 2803.01 524.929 3657.27 314.259 186.851 10275.4 10949.6 365.295 8916.48 1965.25 843.206
internal_count=523658 409139 395290 93121 302169 13849 28290 238327 51284 187043 17935 13504 5406 2549 174986 40359 2256 33349 19234 400 345 134627 107740 54161 658 463 38103 12813 8163 64831 42383 35833 6668 971 63842 22115 22031 17546 14951 2981 2595 8098 4071 742 3329 1749 790 6175 5507 2442 12847 5093 1038 7754 588 382 17700 25290 959 29165 7826 3212
is_linear=0
shrinkage=0.05


Tree=71
num_leaves=63
num_cat=3
split_feature=10 10 21 14 8 32 24 17 10 3 23 2 31 32 17 31 31 5 14 1 15 24 17 8 14 2 0 21 1 2 0 2 13 3 31 25 12 13 2 1 16 18 10 15 32 3 21 24 0 23 1 3 31 3 16 2 12 32 31 21 10 21
split_gain=208.752 28.934 22.5759 16.9817 17.5842 14.6809 12.7329 17.7084 12.6741 11.8744 14.4107 11.958 17.4938 43.0354 13.3792 11.6867 14.4629 11.469 22.7352 11.2492 11.2111 10.7714 10.7469 10.3935 10.2131 9.40516 13.6743 13.9285 11.6003 9.43758 9.12141 9.09507 8.67318 8.40569 14.0809 16.1194 8.05614 7.95882 7.93628 8.88555 8.33435 7.83817 7.63866 7.63656 9.70743 16.5518 8.01885 7.59427 9.89826 10.3255 9.50006 7.42336 7.24789 7.0785 8.36321 8.43953 7.57649 7.05953 9.36324 7.0283 6.52147 8.47786
threshold=7.860075000000001 28.517475000000001 12.250000089406969 44.086577380952384 66.276500000000013 72.990000000000009 2.5000000000000004 15.250000000000002 61.997900000000008 6.5000000000000009 14.050000190734865 3.5000000000000004 28.167500000000004 80.617500000000021 -4.3500001430511466 42.791500000000006 33.907500000000006 1.0000000180025095e-35 28.054169642857147 14.500000000000002 70.536458333333357 667.50000000000011 5.0499999523162851 120.38350000000001 110.85481845238097 4.5000000000000009 0 14.35000002384186 12.500000000000002 1.0000000180025095e-35 1 5.5000000000000009 11.189000000000002 8.5000000000000018 54.233500000000006 18.94999980926514 18.585000000000004 97.756000000000014 4.5000000000000009 16.500000000000004 57.294625000000003 27.849999904632572 52.632250000000006 24.412083333333339 78.552500000000023 8.5000000000000018 9.6499997079372424 429.50000000000006 2 8.9499998092651385 5.5000000000000009 3.5000000000000004 63.610500000000009 10.500000000000002 8.3910416666666698 5.5000000000000009 -2.7724999999999995 77.750000000000014 55.602500000000006 12.800000309944155 6.7069250000000009 17.850000143051151
decision_type=2 2 2 2 2 2 2 2 2 2 2 2 2 2 2 2 2 2 2 2 2 2 2 2 2 2 1 2 2 2 1 2 2 2 2 2 2 2 2 2 2 2 2 2 2 2 2 2 1 2 2 2 2 2 2 2 2 2 2 2 2 2
left_child=60 2 21 6 22 20 7 30 57 10 -7 14 13 -13 23 16 53 -17 -19 -15 47 -2 -5 -11 -12 29 -27 28 -28 41 -3 -20 -18 34 -14 36 37 -36 51 40 -40 -26 -9 -16 -45 46 -46 48 49 -6 -51 -24 -38 54 55 -4 -55 58 -8 -47 -1 -62
right_child=1 3 15 4 5 9 8 42 -10 11 24 12 33 19 43 17 32 18 31 -21 -22 -23 38 -25 25 26 27 -29 -30 -31 -32 -33 -34 -35 35 -37 52 -39 39 -41 -42 -43 -44 44 45 59 -48 -49 -50 50 -52 -53 -54 56 -56 -57 -58 -59 -60 -61 61 -63
leaf_value=0.17821128796968377 0.071935791228687276 -0.077892075819432097 0.0018229079587042563 0.23324378591698114 0.1254802915322891 0.36485688333290689 0.011169069172759194 -0.11515326598310144 -0.14162295945953432 -0.11203801455585208 0.1966438995484957 0.37165745040672393 0.15312581896552688 -0.72073602615565235 0.17178862920523166 0.020868076195884201 -0.050596353528262132 0.032078457084927695 -0.039394112829481999 -0.64783158719576484 -1.5444441788291785 -0.047223798614906179 -0.079670335182620997 -0.40374597780143379 -0.1661214028735003 -0.10878117589415517 -0.43747622124568952 -0.12280055436991724 -1.2005544825155217 0.09401074247820862 -0.021648640002772626 -0.20071494444416108 -0.021269577446708966 0.040258455575430931 -0.72317346639147218 0.025073430750919102 -0.11476701056835595 -1.2501478196179976 -0.038741693686846906 0.10005544080799443 -0.14444540664749148 -1.1270836002127851 -0.54408136876798741 0.22678705760621726 -1.3649449023659685 0.053478967789417457 -0.98640358558179819 -0.21586193394573955 -0.1407204439889668 -0.40779800331208027 -0.073734160493835785 0.073340886883958234 -2.4785410662840257 -0.162021294287786 0.049991933666727564 -0.08408405234379597 -0.016424481896049861 0.18176371835022087 -0.093665054881332574 -0.43934861193389313 0.093050977337414062 -0.022879912378174841
leaf_weight=42154.846215337515 36360.422347217798 3055.0533956289291 1839.5285908579826 12054.876576930285 9229.0295231193304 12101.925388455391 12672.55462884903 1030.1179326027632 5664.6571677327156 224.16713440418243 1776.0593758821487 303.18011653423309 873.99603462219238 152.10183298587799 8806.9409429132938 11964.753230750561 1247.7577342092991 356.4425533413887 157.45620292425156 113.55946236848831 146.40584613382816 1025.5687649548054 1153.3078788369894 114.20449215173721 345.34929937124252 373.23245048522949 98.002934455871582 131.42102158069611 104.1452751159668 1057.6968545019627 8216.6391602158546 94.961235523223877 4842.0768451839685 2631.6549465656281 243.9481046795845 496.34546411037445 287.3455525636673 273.39001029729843 3432.6665024459362 1965.3602596521378 299.71789133548737 67.19115287065506 552.41321742534637 2285.9506494402885 103.39503526687622 1447.372473359108 157.44834721088409 2021.5599153488874 4561.7672890275717 1373.6089918613434 7340.1893169283867 13657.722766712308 141.9865208864212 86.058642387390137 3322.8901524692774 212.31630066037178 2069.033383667469 2348.8551509678364 504.47719919681549 892.31605517864227 5224.8135368227959 777.66192889213562
leaf_count=108394 82820 6724 6962 33132 19846 19789 35425 2082 12152 406 3022 533 1030 263 12385 19830 3912 681 226 196 609 2081 3061 207 587 616 156 210 165 1738 20091 125 15648 3714 271 539 326 306 6435 3477 549 106 1149 2833 118 1622 180 4052 8922 2912 17580 22528 153 154 7303 821 3663 2972 603 958 12531 1834
internal_value=0.0011509 0.000407269 0.00127785 -2.89669e-05 0.00032131 -0.000184463 -0.000984159 -0.00222562 -0.000231016 0.000465105 0.00147265 -0.000362387 -0.00233422 -0.0106304 0.000413077 0.000152213 -0.000862529 0.00125136 -0.00543735 -0.025282 -0.00112182 0.00206647 0.0012575 -0.00939386 -0.00114812 -0.00344292 -0.00817847 -0.015318 -0.0239825 -0.00116234 -0.0015299 -0.0168874 -0.0026741 -0.00137863 -0.0035741 -0.00660596 -0.0104291 -0.0146277 0.000561049 -0.00102463 -0.00245722 -0.00756702 -0.00717684 0.000656079 -0.000928973 -0.00301787 -0.0149399 -0.00103915 -0.00077535 -0.000245545 -0.00147999 0.00117108 -0.00534766 0.000602761 0.00157344 -0.000936247 -0.00181768 0.000507613 5.73859e-05 -0.00168291 0.00409194 0.00254926
internal_weight=238622 190465 63579.3 126885 92840.5 60276.9 34044.8 12854.2 21190.5 35604.3 16055 19549.3 5517.51 568.841 14031.8 26193.3 13619.7 12573.6 608.86 265.661 24672.6 37386 32563.7 338.372 3953.1 2177.04 706.802 333.569 202.148 1470.24 11271.7 252.417 6089.83 4948.67 2317.01 1443.02 946.67 517.338 20508.8 5697.74 3732.38 412.54 1582.53 13693.4 4886.48 2600.53 260.843 24526.2 22504.6 17942.8 8713.8 14811 429.332 7529.83 5374.74 2051.84 2155.09 15525.9 13177 2339.69 48157.3 6002.48
internal_count=523715 400956 144226 256730 175532 106350 81198 30046 51152 52429 26389 26040 7331 992 18709 59325 38463 20862 1032 459 53921 84901 69182 613 6600 3578 1147 531 321 2431 26815 351 19560 6339 2625 1595 1056 577 36050 10461 6984 693 3231 18096 5711 2878 298 53312 49260 40338 20492 25589 479 18903 15086 7783 3817 39000 36028 2580 122759 14365
cat_boundaries=0 1 2 3
cat_threshold=12 2 12
is_linear=0
shrinkage=0.05


Tree=72
num_leaves=63
num_cat=2
split_feature=10 10 19 8 7 6 7 27 0 31 31 9 16 3 31 31 26 14 25 3 17 9 0 1 24 9 25 8 19 16 10 14 30 16 31 3 30 14 3 9 26 25 24 11 15 31 3 19 9 13 10 23 26 14 24 16 6 16 29 14 24 8
split_gain=200.191 29.1126 20.8096 14.1448 19.8634 12.5781 12.2366 13.4879 11.0979 10.4826 10.8628 15.8532 10.0579 9.60744 9.77299 8.53864 8.11063 7.54027 7.49005 7.18938 8.54997 6.84044 6.78884 9.4823 6.42537 7.56687 6.6186 6.29077 5.92095 5.84642 5.8457 7.82606 13.9744 6.53772 5.78662 5.42795 7.36662 5.3175 6.07894 6.40635 5.43138 5.18415 5.16192 6.82659 5.12884 5.07406 6.06322 6.92119 5.38877 5.06027 4.98288 4.94605 6.51923 5.82818 4.94245 4.86051 5.43983 6.21901 6.23275 5.66826 7.32739 4.85552
threshold=7.1971250000000007 20.072375000000005 19.750000000000004 114.12600000000002 82.565000000000012 4.5000000000000009 1.6175000000000004 16.400000572204593 0 45.110500000000009 33.958500000000008 2.9515000000000007 0.7274583333333392 8.5000000000000018 35.476000000000006 48.39950000000001 8.7500000000000018 90.888095238095261 29.44999980926514 5.5000000000000009 16.349999427795414 104.05000000000003 1 4.5000000000000009 470.50000000000006 -0.53349999999999997 17.250000000000004 226.77150000000003 8.4499998092651385 33.696708333333341 65.06310000000002 39.912717261904767 92.500000000000014 40.337375000000002 48.242500000000007 7.5000000000000009 388.50000000000006 112.73762202380955 2.5000000000000004 3.9715000000000003 -4.2499999999999991 19.650000572204593 1.0000000180025095e-35 25.641666666666669 9.806083333333337 43.488500000000009 2.5000000000000004 27.849999427795414 2.9515000000000007 170.66000000000003 37.615750000000006 14.050000190734865 -6.7499999999999991 116.59518452380954 730.50000000000011 8.3910416666666698 4.5000000000000009 6.3191666666666668 14.750000000000002 12.124375000000002 5.5000000000000009 70.69250000000001
decision_type=2 2 2 2 2 2 2 2 1 2 2 2 2 2 2 2 2 2 2 2 2 2 1 2 2 2 2 2 2 2 2 2 2 2 2 2 2 2 2 2 2 2 2 2 2 2 2 2 2 2 2 2 2 2 2 2 2 2 2 2 2 2
left_child=24 2 9 4 6 51 19 8 28 10 55 12 13 14 -12 21 -14 45 27 20 34 37 23 -4 -1 26 -26 29 -8 -19 31 32 33 -10 -3 36 -17 38 -7 -40 -39 -16 43 -13 -35 48 -47 -48 -5 -31 -22 -6 53 -53 -11 56 -2 59 -59 60 -58 -32
right_child=1 3 22 17 5 15 7 -9 30 54 11 42 16 -15 41 35 -18 18 -20 -21 50 -23 -24 -25 25 -27 -28 -29 -30 49 61 -33 -34 44 -36 -37 -38 40 39 -41 -42 -43 -44 -45 -46 46 47 -49 -50 -51 -52 52 -54 -55 -56 -57 57 58 -60 -61 -62 -63
leaf_value=0.16598452951759146 0.060616204955586284 -0.11959055650960125 -0.074936965879297018 -0.58274357326036397 0.3951879062714227 0.54170281519867558 0.0883709367640865 0.043119996568189302 -0.043905753819165311 0.074842705780467797 0.0125714125648976 -0.020115636383837732 -0.077846406067848498 -0.018778893077669959 -0.38778015960102324 -0.21394553018649776 0.014981118199269351 0.24633189813145845 -0.18374601634075846 -0.019760803556083319 -0.06147894687186 0.69212699642562048 -0.0063462324681756504 -0.038999916816091586 0.093619244492175471 0.14614607744974717 -0.42957665991799721 -1.4956577413364585 -0.0042817304429309646 -0.41877965021190278 -0.26481016230505006 0.0083996503854656627 0.014192690444305711 -0.1565053415332443 0.020236181955572974 0.0040847110970794629 -0.59644642881788135 -0.48018423610410577 -0.13811029562373064 0.047453626278090869 0.070816683091705815 -0.044000611677568191 0.040775079858020563 0.066899663484318778 -0.090055285641046021 -0.31577409929096878 -0.037740942891501567 -0.43923133527839087 -0.25467969097589033 0.089723458919125684 -0.42654197694842894 0.063675628129715278 0.067909733492707861 -0.42952635802351652 -0.13518443414914164 0.07548404709627797 -0.17848256195197199 -0.052854917908561651 -0.16536092936547303 0.022867719167926917 0.0080803986495741505 -0.11439833655825282
leaf_weight=37446.688251495361 2283.655567407608 1349.8269105702639 150.22851471602917 235.5381084382534 14910.783838644624 1675.8133766055107 9680.1213381737471 26859.774539738894 4655.588663816452 17086.397609710693 54.117540061473846 2570.2716457545757 555.55338403582573 162.648273691535 127.92178861796856 1521.9002633094788 835.93505990505219 6429.5429892539978 1016.9361408948898 3208.2671998739243 72.780151754617691 1969.0935091972351 5525.8811454474926 473.65131750702858 701.95762802660465 6332.6010607928038 322.44141338765621 684.16695407032967 24449.853448987007 1291.2942485809326 1223.4014704525471 10293.856883123517 4049.157852396369 182.65452159941196 464.98979622125626 1621.4982261657715 213.9622315466404 558.20792758464813 584.1003028601408 4146.5023459494114 419.91597428917885 61.090939089655876 5991.2487301081419 1156.3228379637003 1004.565214574337 672.85551711916924 6776.3598074913025 273.53132843971252 4929.3727589100599 2109.6700640320778 116.9431446492672 204.29780878126621 2278.1143000274897 232.21941336989403 196.46323037147522 7246.7590250819921 51.942076444625854 154.82112522423267 74.400999560952187 1532.1378312259912 72.538321077823639 5146.2401181459427
leaf_count=97121 8268 4707 413 628 26616 3059 21765 58617 11811 25990 253 8113 1749 659 552 2455 2278 9382 1615 7668 180 3505 12992 1206 2046 14328 1018 1156 54280 2063 2509 24130 9468 541 706 1750 267 875 1360 8720 712 256 16909 2898 1640 2157 9007 407 11144 3014 349 371 4111 368 232 15586 261 417 160 5789 362 10629
internal_value=0.00112994 0.00043382 0.00152669 9.03208e-05 0.000308394 0.001419 -5.48418e-05 8.5304e-05 -0.000327587 0.00194092 0.00124001 0.000156411 -0.00415618 -0.0110729 -0.0173452 0.000220093 -0.00213267 -0.00100892 -8.00647e-05 -0.00240805 -0.00475643 0.000996486 -0.00118193 -0.00607935 0.00414214 0.00279055 -0.00119537 0.000316377 0.000268897 0.000639176 -0.00109388 -0.000677504 -0.00168174 -0.003246 -0.00369572 -0.0019426 -0.00388482 0.000298082 0.000822465 -9.44253e-05 -0.0031338 -0.0226843 0.000954349 -0.000506721 -0.00655694 -0.00183998 -0.00102842 -0.000595218 -0.00305302 -0.00103717 -0.0148302 0.00228357 0.000320412 -0.00527006 0.00287078 0.00233289 0.00097244 -0.00101469 -0.00871487 5.53825e-05 -0.0101617 -0.0024148
internal_weight=238681 193878 46364 147514 123094 30336.4 92758 87545.2 60685.4 40214.2 22931.4 11515.1 1797.27 405.779 243.13 12711 1391.49 24419.3 11531.6 5212.81 2004.54 9353.63 6149.76 623.88 44803.7 7357 1024.4 10514.7 34130 9830.51 26555.5 20185.8 9891.97 5842.81 1814.82 3357.36 1735.86 7384.54 6406.42 4730.6 978.124 189.013 9717.84 3726.59 1187.22 12887.7 7722.75 7049.89 5164.91 3400.96 189.723 17625.4 2714.63 436.517 17282.9 11416.3 4169.5 1885.84 229.222 1656.62 124.48 6369.64
internal_count=523598 409085 105343 303742 263169 54169 209000 195390 136773 90732 64510 33667 5747 1720 1061 22703 4027 40573 17230 13610 5942 18231 14611 1619 114513 17392 3064 15615 76045 14459 60728 47590 23460 13992 5413 4472 2722 14726 13139 10080 1587 808 27920 11011 2181 23343 11571 9414 11772 5077 529 31466 4850 739 26222 30843 15257 6989 577 6412 623 13138
cat_boundaries=0 1 2
cat_threshold=5 4
is_linear=0
shrinkage=0.05


Tree=73
num_leaves=63
num_cat=2
split_feature=10 10 21 21 6 1 17 8 22 2 9 22 2 20 8 15 1 16 12 10 8 0 30 20 2 17 1 29 14 21 17 2 14 1 12 9 14 16 8 23 22 19 21 21 1 9 20 19 8 28 14 9 0 8 9 19 9 16 8 12 10 8
split_gain=189.054 26.3477 18.6503 16.8403 12.4162 11.6707 13.1379 12.446 11.466 11.226 11.2677 10.9563 10.5139 19.1506 10.2213 11.8004 9.42988 8.58244 8.29062 8.15501 14.3371 10.3442 12.1346 9.83146 9.4852 7.3365 8.85469 7.8999 6.85469 6.65203 6.57234 7.97733 7.29981 7.00786 6.32559 6.20344 6.16448 6.0217 5.95298 5.92926 5.84906 5.84811 5.81832 5.80132 5.74563 5.73074 5.64313 6.45871 7.03264 5.63485 5.42001 9.98362 6.29021 10.3035 10.7747 7.10077 7.52128 6.72757 5.7081 5.68782 9.05696 5.24708
threshold=7.0275249999999998 14.923600000000002 13.699999928474428 7.2000000774860391 4.5000000000000009 5.5000000000000009 9.7500000000000018 110.90250000000002 12.866666555404665 5.5000000000000009 0.14150000000000004 20.73333366711935 4.5000000000000009 379.50000000000006 7.1910000000000016 28.864791666666662 14.500000000000002 0.03529166666666584 74.285000000000011 52.632250000000006 30.012500000000006 0 2.5000000000000004 307.50000000000006 1.5000000000000002 8.3499999046325701 14.500000000000002 12.150000095367433 130.18645833333335 13.599999547004701 2.9500000476837163 5.5000000000000009 62.476708333333342 5.5000000000000009 76.689000000000007 15.175000000000002 23.62735416666667 8.8372916666666708 49.672500000000007 7.9500000476837167 18.933333158493046 19.44999980926514 28.800000667572025 20.975000143051151 9.5000000000000018 24.243500000000004 564.50000000000011 16.849999427795414 37.861000000000011 20.299999793370571 63.536172619047626 121.78900000000002 1 9.3510000000000009 70.346500000000006 13.750000000000002 24.961000000000002 38.856875000000009 122.49900000000001 1.5950000000000002 50.905150000000006 6.3915000000000006
decision_type=2 2 2 2 2 2 2 2 2 2 2 2 2 10 2 2 2 2 2 2 2 1 2 10 2 2 2 2 2 2 2 2 2 2 2 2 2 2 2 2 2 2 2 2 2 2 8 2 2 2 2 2 1 2 2 2 2 2 2 2 2 2
left_child=41 2 11 4 -3 6 8 12 36 10 17 -2 18 25 15 35 38 44 19 29 24 23 -23 40 -21 42 27 -27 -6 -7 -13 33 -33 -32 43 -11 -5 -28 -15 -26 -22 -1 -14 -9 -4 -10 -31 -48 -49 -47 52 -52 53 54 -8 56 59 -58 -53 60 -54 -43
right_child=1 3 9 5 28 7 50 34 45 14 -12 30 13 16 -16 -17 -18 -19 -20 20 21 22 -24 -25 39 26 37 -29 -30 46 31 32 -34 -35 -36 -37 -38 -39 -40 -41 -42 61 -44 -45 -46 49 47 48 -50 -51 51 58 55 -55 -56 -57 57 -59 -60 -61 -62 -63
leaf_value=0.1755190206402662 0.090816023907000609 0.21232609242947476 -0.44349557623263886 -0.070574410813333002 0.014807444986240448 0.078195268523611902 -0.15373722962899974 -0.13948747825794641 0.011211774516622875 -0.16126750210105936 0.012644955600963037 0.075192929990679502 0.038362094982488416 -0.1195303752019683 -0.012161869432477081 -0.1221838120759085 -0.035422855664416809 -0.027387065560495971 0.49732575709387172 0.010782589942148136 0.33683228188699066 -0.1575486505165774 -0.0121055732650035 -0.077276492498691951 -0.34532628667870108 -0.037593950719304561 -0.0558316202618971 -0.12015937673022661 -0.74824176870903047 0.011701678728318045 -0.031153822071477322 -0.059159405143514747 0.003301170453099367 0.019811442471990716 0.086262814266919466 -0.031272604258369752 0.14006108848900772 0.038097578534789282 -0.43953696012964838 -0.31918737010256104 -0.029698231264028863 0.080929992016566532 -0.3907832881429798 -0.56250697093106228 -0.042657863401858002 -0.075910730056548387 0.005389091257681145 -0.072375547011493957 0.01123630681378991 0.039976548682369287 0.0018215661391138838 -0.17583434446690413 -0.049871949617645406 -0.023520092572244168 -0.080340917102989545 -0.037482579802471251 -0.28302511562377752 -0.16781425156896168 -1.2653902585510679 -0.021427598225537105 -0.90918296633218043 -0.031282075665090225
leaf_weight=37631.193038120866 19578.265174210072 19623.195095911622 60.061991721391678 706.71318906545639 15016.695026218891 20033.407573983073 93.574707508087158 13142.587599545717 3190.1735257506371 71.727883785963058 7862.9081807881594 715.65836025774479 10374.438733518124 873.90995642542839 1144.0602126270533 130.14282894134521 1162.9325167834759 383.59260258078575 3073.9842663109303 94.121969699859619 9838.85775411129 1879.1783874332905 5000.6285741478205 4426.1251708269119 94.556487619876862 1976.0968093425035 1404.9565705060959 754.73960588872433 158.81256228685379 11960.155900493264 278.7107370942831 174.82629339396954 86.666187524795532 871.19963055849075 4141.0972242057323 335.77240052819252 6416.5736770778894 3708.2995601594448 103.56643387675285 63.548808470368385 3017.6237249076366 5751.9466359317303 50.52399554848671 754.9807496368885 72.59547084569931 5158.4420382529497 1078.0107123553753 543.26960474252701 248.29937070608139 1132.739985331893 4061.4243347793818 466.96951591968536 163.01900728046894 3837.220892906189 85.247541010379791 1458.0413170605898 687.6040646135807 147.92236529290676 327.07988804578781 553.88603743910789 54.117519855499268 372.46850292384624
leaf_count=96827 44164 39616 240 1468 30902 47059 134 23689 7547 165 18077 2022 24579 1830 2260 193 2315 997 4735 230 21864 4180 9235 8311 162 3611 3956 1315 233 27249 815 410 130 2369 6329 740 14576 5848 188 114 6727 14543 116 1489 298 11230 2407 1311 624 2384 5646 543 522 7215 108 3397 1653 195 363 1197 173 927
internal_value=0.00113124 0.000464458 0.00178186 0.000207927 0.0011835 -5.65994e-05 -0.00094818 0.000198381 -3.8626e-05 2.35308e-06 0.000750693 0.00260666 0.000460652 -0.000522379 -0.00372451 -0.00940392 -0.00499583 -0.00639779 0.000787674 0.00065415 -4.24295e-05 8.16043e-05 -0.00155664 0.000734278 -0.0118778 1.97674e-06 -0.00115305 -0.0034512 0.000109498 0.00115636 -0.000801143 -0.00277965 -0.0106447 -0.000983419 -0.000990335 -0.00519094 0.00147711 7.47604e-05 -0.00861335 -0.0193208 0.0014344 0.00410127 0.000871084 -0.00150141 -0.0173105 -0.00117742 0.000312884 -0.00224097 -0.00566745 -0.00205266 -0.00221338 -0.000926461 -0.00309561 -0.00177783 -0.0134802 -0.00479992 -0.00710767 -0.0103922 -0.0060503 -0.00353951 -0.0103784 0.00266763
internal_weight=238661 194906 31766.2 163139 34798.7 128341 28540.7 99799.9 16604.6 10060.9 8379.16 21705.3 81761.2 20409.5 1681.7 537.643 2140.41 516.25 61351.8 58277.8 24414.6 24162.4 6879.81 17282.6 252.227 18269.1 7844.09 2730.84 15175.5 33863.1 2127.06 1411.4 261.492 1149.91 18038.7 407.5 7123.29 5113.26 977.476 158.105 12856.5 43755.6 10425 13897.6 132.657 9481.36 13829.7 1869.58 791.569 6291.18 11936.1 4855.47 7080.63 4016.04 178.822 3064.59 1606.55 835.526 794.049 771.023 217.137 6124.42
internal_count=523752 411455 72880 338575 70751 267824 58351 209473 37205 22970 19612 49910 177966 43758 3358 1098 4333 1535 134208 129473 50823 50317 13415 36902 506 39425 14730 4926 31135 78650 5746 3724 540 3184 31507 905 16044 9804 2018 276 28591 112297 24695 25178 538 21161 31591 4342 1935 13614 21146 6552 14594 7457 242 7137 3740 1848 906 1892 695 15470
cat_boundaries=0 1 2
cat_threshold=12 5
is_linear=0
shrinkage=0.05


Tree=74
num_leaves=63
num_cat=1
split_feature=10 10 21 22 17 24 2 22 3 1 24 6 11 1 0 10 9 14 3 7 27 31 19 31 17 20 3 14 9 17 10 9 3 2 24 8 31 2 9 8 10 18 31 24 17 24 9 22 24 9 31 1 31 14 21 1 17 14 9 14 1 8
split_gain=186.404 26.701 20.5904 13.8024 15.4032 13.1342 13.0878 12.5453 12.3765 11.9549 11.139 10.1882 10.2592 10.1561 9.74364 10.0889 14.5571 11.021 9.62028 8.74822 8.63182 8.53059 8.35665 7.72717 7.60787 7.41888 7.27543 7.20092 9.99516 7.11963 7.21486 7.10615 12.8057 7.05177 21.5853 12.7422 8.69811 7.01329 7.32988 6.94895 6.70125 6.60868 8.6136 6.45941 6.39005 6.23145 7.46005 6.59444 6.81775 6.16239 6.10321 7.18527 6.4402 5.91627 7.16094 5.82658 5.78505 5.63633 6.75919 5.50209 5.59346 10.0782
threshold=6.7069250000000009 18.240875000000003 12.899999737739565 10.433333436648054 0.35000000894069677 2.5000000000000004 4.5000000000000009 18.66666674613953 2.5000000000000004 6.5000000000000009 722.50000000000011 5.5000000000000009 59.015000000000008 13.500000000000002 0 72.212275000000005 74.428500000000028 42.96913988095239 5.5000000000000009 2.8725000000000005 13.150000095367433 50.008000000000003 20.349999427795414 77.191000000000017 14.650000095367433 235.50000000000003 5.5000000000000009 15.147937500000001 19.375000000000004 15.949999809265138 75.81942500000001 -0.79499999999999993 8.5000000000000018 5.5000000000000009 709.50000000000011 3.6815000000000002 44.408000000000008 1.5000000000000002 96.766000000000005 67.25500000000001 73.14400000000002 29.050000190734867 27.685500000000005 158.50000000000003 13.750000000000002 532.50000000000011 -0.53349999999999997 13.999999721844992 745.50000000000011 34.421000000000006 44.408000000000008 5.5000000000000009 33.474000000000011 56.33961011904762 8.20000007748604 22.500000000000004 11.650000095367433 56.840477484472054 144.52650000000003 17.036696428571435 5.5000000000000009 17.462500000000002
decision_type=2 2 2 2 2 2 2 2 2 2 2 2 2 2 1 2 2 2 2 2 2 2 2 2 2 10 2 2 2 2 2 2 2 2 2 2 2 2 2 2 2 2 2 2 2 2 2 2 2 2 2 2 2 2 2 2 2 2 2 2 2 2
left_child=45 2 7 11 14 24 18 10 -4 21 -2 12 39 25 -5 17 41 37 19 29 -21 31 -20 50 27 -8 44 28 -6 -7 -31 32 -10 36 35 43 55 -16 -39 59 -27 42 -17 -35 -12 -1 47 -47 -49 -30 51 52 -9 -26 -55 -11 -24 58 -58 60 61 -3
right_child=1 3 8 4 5 6 13 23 9 33 26 -13 -14 -15 15 16 -18 -19 22 20 -22 -23 56 -25 53 40 -28 -29 49 30 -32 -33 -34 34 -36 -37 -38 38 -40 -41 -42 -43 -44 -45 -46 46 -48 48 -50 -51 -52 -53 -54 54 -56 -57 57 -59 -60 -61 -62 -63
leaf_value=0.15840055149925034 0.094300869758721637 -0.13279869057700644 0.074073890234824538 0.2647696525949062 -0.019639216472592303 -0.061048159302957573 -0.045801632343254718 -0.01690629931364165 -0.46452636818792392 0.001755789236396499 -0.066126212126360426 -0.016479624416596651 0.57078360785997084 -0.00675840755882291 0.043314331853519586 0.18203760785685896 0.039738402270644006 0.34784248586674171 0.08016414533085553 -0.059232626957302872 0.053096708520741664 0.0081083576385974961 0.12619092910183555 -0.030409857734173065 -0.11208557858096597 -0.090461815771966061 -0.0024718879974988009 -0.025810113420813255 -0.12096485389958983 -0.12640435660671656 -0.67513189656451977 -0.027487642781126545 0.39983924474172916 -0.12066232336866661 -0.36699599509132369 0.0022900323343375997 0.061904728461083816 -0.040127354681512455 -0.20042337792743511 -0.081151769051530931 -0.97417458829040493 -0.013800547063936365 -0.3768632117086817 -0.059939038007664806 -0.22805935353389328 0.20771698385574489 0.13315917545810926 -0.1248600773930006 -0.49018966595379604 -0.077943773651208928 0.058177777525568963 0.0074421515798022142 -0.037512621405368131 0.1139996918819751 -0.25305744853140411 -0.05730606639550162 -0.042445025259484487 -0.012959431756519991 -0.5961667368354896 0.10225239336046421 0.0015694210593222735 -0.045954815396106956
leaf_weight=36587.482578709722 22763.204095318913 43.849141150712967 1674.5428753197193 8693.6878666430712 349.74475389719009 1133.1609363853931 2952.7641648799181 323.54652638733387 36.962044313549995 5375.8187935948372 68.956673935055733 12072.979662716389 11066.999133914709 6752.5950489491224 1676.6245774626732 185.46969324350357 3841.4132559001446 4176.6893268227577 23635.775687366724 7212.237699881196 6555.9422830492258 996.58618879318237 1160.7742880284786 157.19044351577759 2631.4626649171114 1326.2850075662136 210.606365904212 29034.92779122293 136.78431680798531 194.37754474580288 42.946897402405739 2400.7396789491177 30.692609488964081 107.18144716322422 72.109340995550156 1668.6013954430819 3489.2278713285923 2079.0277845561504 49.995942533016205 4528.6792766600847 66.782678455114365 563.94600254297256 1317.4302584677935 91.842177048325539 69.774902835488319 408.52731391787529 4706.4682170301676 331.11392468214035 84.838636845350266 86.131371766328812 1528.3429859280586 1838.7659592330456 294.10586549341679 1238.461329460144 2573.5833237469196 225.36994484066963 1746.5836605876684 2532.1311562657356 73.820007964968681 9425.7022241950035 1549.5898127257824 241.22766052186489
leaf_count=95368 50940 70 4420 18084 813 2712 6313 1084 143 15215 184 24829 20129 13561 4259 482 6105 11198 43128 17176 15652 1208 2768 162 5731 2692 370 59926 421 578 76 6267 109 253 97 3428 5178 6198 119 9257 113 916 2487 212 131 1230 10456 1046 226 271 2786 5847 968 1627 3637 620 4008 3889 118 22073 3678 600
internal_value=0.00110096 0.000453576 0.00154777 0.000142916 -0.000134619 -0.000423438 6.00347e-05 0.00238637 0.000134223 -0.000336051 0.00284047 0.000955788 0.00149811 -0.00147526 0.00103469 0.000211942 -0.00135404 0.00137132 0.000444801 -0.000577738 -0.000198383 -0.00289757 0.000975862 -0.000147639 -0.00116619 -0.00336035 -0.00600867 -0.000827289 -0.00637475 -0.00438589 -0.0122429 -0.00447343 -0.0203416 0.000468806 -0.00226729 -0.00122332 0.00105283 -0.000574985 -0.00247925 0.000679867 -0.00636691 -0.00473646 -0.00646739 -0.0131486 -0.0148546 0.00411924 0.00255424 -0.00183132 -0.00625585 -0.0146234 0.000282535 -0.00126085 -0.00592199 -0.00272306 -0.00146365 -0.000167971 -0.00077691 -0.00161331 -0.00373454 0.00134505 -0.00115963 -0.00758326
internal_weight=238493 196375 43424.2 152951 114022 91437.3 55386.2 27254.5 16169.7 14495.1 23112.5 38929 26856 11098.4 22584.3 13890.6 5908.26 7982.34 44287.8 15138.7 13768.2 3464.98 29149.1 4141.95 36051.1 4345.83 349.338 29607.6 572.66 1370.49 237.324 2468.39 67.6547 11030.2 1939.73 1867.63 9090.42 3805.65 2129.02 15789 1393.07 2066.85 1502.9 199.024 138.732 42118.4 5530.95 824.48 415.953 222.916 3984.76 2456.42 617.652 6443.51 3812.04 5601.19 5513.31 4352.53 1820.4 11260.4 1834.67 285.077
internal_count=523642 415316 99622 315694 235058 185210 112784 62472 37150 32730 51625 80636 55807 22679 49848 31764 9990 21774 90105 36194 32828 7727 53911 10847 72426 9118 685 61431 1505 3366 654 6519 252 25003 3990 3893 21013 10576 6317 35678 2805 3885 2969 465 315 108326 12958 2502 1272 692 10685 7899 2052 10995 5264 15835 10783 8015 4126 26421 4348 670
cat_boundaries=0 1
cat_threshold=12
is_linear=0
shrinkage=0.05


Tree=75
num_leaves=63
num_cat=0
split_feature=8 21 8 22 18 12 1 12 5 18 2 7 3 13 8 24 1 19 18 23 18 6 5 24 13 22 31 24 2 1 2 1 31 8 1 6 1 22 31 3 3 18 16 1 31 21 7 8 24 5 8 21 6 24 3 31 6 13 1 8 21 18
split_gain=173.72 22.9894 25.2793 17.0488 14.313 14.1881 12.7035 11.7056 11.4596 10.8611 10.1377 10.0468 9.67554 9.25971 9.0885 8.44053 9.18977 8.28382 7.75929 7.58581 7.92088 7.57336 7.46181 10.6176 7.16044 8.31241 6.69048 9.98724 6.34768 12.6962 6.09714 5.97684 7.06018 6.46165 5.71481 5.63405 5.77552 6.99319 5.26731 13.5343 11.9934 7.25062 6.90409 5.24907 5.63482 5.19696 5.08237 4.81225 4.72621 7.04585 5.60417 4.70855 4.60864 5.25738 6.96314 4.45096 4.44621 5.72775 9.455 4.39064 4.3609 4.34479
threshold=5.698500000000001 17.850000143051151 49.672500000000007 21.833333492279056 12.250000000000002 31.082500000000007 5.5000000000000009 74.285000000000011 1.0000000180025095e-35 4.8499999046325692 4.5000000000000009 1.1560000000000004 4.5000000000000009 154.51550000000003 19.511000000000006 466.50000000000006 12.500000000000002 16.550000190734867 0.25000000000000006 13.84999990463257 21.950000047683719 3.5000000000000004 1.0000000180025095e-35 715.50000000000011 38.490000000000002 14.733333309491476 79.51900000000002 67.500000000000014 4.5000000000000009 15.500000000000002 1.5000000000000002 14.500000000000002 31.0395 11.361500000000001 18.500000000000004 1.5000000000000002 4.5000000000000009 18.250000000000004 40.067000000000007 8.5000000000000018 7.5000000000000009 4.7500000000000009 7.7710416666666662 5.5000000000000009 37.494500000000009 8.5999999642372149 86.08250000000001 78.903500000000022 579.50000000000011 1.0000000180025095e-35 3.7615000000000003 11.450000345706941 2.5000000000000004 620.50000000000011 5.5000000000000009 30.776500000000002 4.5000000000000009 336.10500000000008 7.5000000000000009 110.90250000000002 22.850000619888309 14.949999999254944
decision_type=2 2 2 2 2 2 2 2 2 2 2 2 2 2 2 2 2 2 2 2 2 2 2 2 2 2 2 2 2 2 2 2 2 2 2 2 2 2 2 2 2 2 2 2 2 2 2 2 2 2 2 2 2 2 2 2 2 2 2 2 2 2
left_child=17 2 3 5 26 6 9 21 10 45 51 18 -10 -9 -12 -16 -17 48 60 56 -21 24 59 -24 35 30 38 -28 -22 -30 -26 33 34 -14 -33 36 37 -4 39 40 55 -40 -42 44 -41 -2 47 -32 -1 -50 -51 -8 -7 -54 -55 -5 57 -15 -59 -13 -3 -23
right_child=1 11 7 4 -6 52 8 13 12 -11 14 22 31 19 15 16 -18 -19 -20 20 28 61 23 -25 25 -27 27 -29 29 -31 46 32 -34 -35 -36 -37 -38 -39 41 43 42 -43 -44 -45 -46 -47 -48 -49 49 50 -52 -53 53 54 -56 -57 -58 58 -60 -61 -62 -63
leaf_value=0.17728052459185983 0.0013450280020031792 -0.084478388770536483 -0.52392433691333984 -0.24395547262561018 0.060706382742965026 0.51608365279746615 0.13257374863365498 0.48889458555475018 0.13403396095257883 0.024935010618025014 0.046066720223340331 -0.006778916910618449 -0.0907957153768197 0.43512307983311055 -0.0074873262421650821 -0.18361379438633457 -0.043814813964002046 0.066005254981930203 -0.029644701035746481 -0.022850715985627802 -0.16135475589255252 -0.087491184158216134 -0.053228755348769856 -0.34864619533675745 0.53882191007255043 -0.034244391922145921 -0.010095394153469873 -0.12809493957107174 -0.060366735102572733 -1.051378161522434 0.099664154101601107 -0.014883464227624011 1.11224688424727e-05 -0.07272760877164855 -0.44346507438899607 -0.026242877919244734 -0.12488551392792147 0.011396979810181307 0.044156707477685235 -0.025406668634779452 -0.066236125583688035 -0.033981504812069477 -0.14478936900011377 0.040722497601482034 -0.055345343004328564 -0.040496026867975314 0.39457358049477875 -0.18649303517947616 0.11741692975747001 -0.01463087794158735 -0.070848589555751754 0.035449752624403356 0.16268355834776946 -0.20481070975133733 0.092060952974435395 -0.02472305688817036 -0.022438361137690422 -0.82949622019986902 0.14644559728661158 -0.28756883646196985 -0.28679163594670987 0.040421032706680654
leaf_weight=36611.95879124105 3316.8509519845247 251.21935702860355 77.723340809345245 208.29265820980072 2293.3282184004784 4221.0821756571531 20283.844869032502 5157.2272869348526 554.65232037007809 9576.4248786270618 6748.4294978827238 16890.67613081634 136.2281180024147 3531.1214415729046 6681.5442754626274 129.9777714163065 435.04935130476952 12792.624565914273 970.59427952766418 1884.7511770278215 483.47583177685738 30486.027649313211 802.71761758625507 63.038363799452782 4995.4704273641109 10111.933027610183 238.42429631948471 158.05307096242905 142.98642212152481 117.27019464969635 2643.0402597337961 33.598180994391441 461.19135846197605 316.75218893587589 37.994322970509529 2636.6930566430092 1012.8125704675913 43.577233374118805 1315.9224432706833 263.89720307290554 177.38340564072132 1098.824195086956 164.59345829486847 923.88103833794594 52.528443247079849 4441.0734111070633 3243.7432335317135 2672.1083430200815 3471.2187687903643 109.83744584023952 72.65997351706028 13580.673820063472 7458.9972346127033 174.3425155133009 194.03517006337643 647.38506811857224 3215.8887715190649 121.2209033370018 161.44447207450867 2404.7142322361469 96.022576555609703 4918.2182660102844
leaf_count=91748 7566 640 177 1111 6172 8583 47600 7965 1245 22204 14674 36286 252 5525 15182 314 859 31803 2287 2844 773 58766 1447 89 9796 20687 246 163 227 186 5874 111 1142 776 177 5517 2185 105 1800 566 774 2597 369 2532 206 9516 5600 4952 7903 321 125 32233 15553 378 273 2118 5002 175 242 4418 246 12508
internal_value=0.00108446 0.000362712 0.000564186 0.00115299 -0.00111783 0.00137041 0.00108527 -9.0351e-05 0.00149391 -7.93045e-05 0.00163055 -0.0011754 -0.00274967 0.00117388 0.000498515 -0.000731049 -0.0065935 0.00360724 -0.00540341 0.00026037 -0.00203075 -0.000388419 -0.000898784 -0.00543724 0.000235097 0.000557534 -0.00255737 -0.00879474 -0.00639641 -0.0126778 0.00136686 -0.00572003 -0.00212345 -0.00993623 -0.0166175 -0.00178819 -0.00473342 -0.0150013 -0.00204606 -0.003685 -0.00747381 -0.000390519 -0.0153761 -2.34114e-05 -0.00557117 -0.00146974 0.000556572 -0.000395282 0.00395943 0.00224369 -0.00730688 0.00209835 0.00294951 0.0022309 -0.00359319 -0.00430135 0.00111722 0.00227169 -0.00456587 -0.00069488 -0.0118077 -0.000871616
internal_weight=238519 185461 163982 86325.3 7542.51 78782.7 66734.3 77656.7 49399.9 17334.3 47859.5 21479 1540.42 14815.4 13995 7246.57 565.027 53058.3 1317.84 9658.16 2628.48 62841.3 20161.1 865.756 27437.1 23666.3 5249.19 396.477 743.732 260.257 13554.4 985.764 532.784 452.98 71.5925 3770.81 1134.11 121.301 4852.71 2437.96 1197.65 2414.75 341.977 1240.31 316.426 7757.92 8558.89 5315.15 40265.7 3653.72 182.497 33864.5 12048.5 7827.37 368.378 855.678 7029.68 3813.79 282.665 19295.4 347.242 35404.2
internal_count=523711 391811 346398 197292 18654 178638 153851 149106 114565 39286 110862 45413 3703 22939 31029 16355 1173 131900 3173 14974 4030 126167 42240 1536 54893 46909 12482 409 1186 413 26222 2458 1430 1028 288 7984 2467 282 12073 7676 4372 4397 1143 3304 772 17082 16426 10826 100097 8349 446 79833 24787 16204 651 3229 10944 5942 417 40704 886 71274
is_linear=0
shrinkage=0.05


Tree=76
num_leaves=63
num_cat=3
split_feature=9 18 5 22 24 14 14 31 31 21 31 31 4 0 0 9 24 21 31 31 31 14 14 13 3 31 14 24 31 17 25 26 21 23 5 9 16 9 3 3 4 6 31 0 31 25 20 26 6 31 9 31 14 23 3 26 3 23 9 18 14 7
split_gain=49.0567 23.1741 22.7424 19.8165 17.8947 16.2668 12.7371 12.6043 18.2242 11.881 11.6232 12.902 11.151 13.4114 10.964 10.0601 9.80771 9.19995 8.94488 12.4667 10.9775 10.8902 12.0364 9.38799 8.53754 22.8193 10.8065 11.1848 9.82058 9.70482 8.53016 8.48824 8.39389 7.8853 7.83432 26.304 7.79487 7.48268 7.0177 8.69639 9.96523 6.61573 7.27554 10.4075 6.54708 7.97929 6.34718 6.5747 6.16205 6.7661 6.08944 5.91382 5.86494 5.86365 5.78347 5.68201 5.68179 5.59613 5.56396 5.54201 5.43941 5.23483
threshold=24.961000000000002 14.849999997764828 1.0000000180025095e-35 15.299999952316286 2.5000000000000004 16.274690476190482 112.73762202380955 79.51900000000002 59.45900000000001 14.800000309944155 75.473500000000016 48.242500000000007 1.0000000180025095e-35 0 1 129.21750000000003 532.50000000000011 22.32499980926514 40.067000000000007 31.353000000000005 48.669000000000004 24.172410714285721 57.170551371635618 121.42 7.5000000000000009 61.875000000000007 18.368244047619054 1.0000000180025095e-35 56.568000000000005 16.050000190734867 15.150000095367433 -0.55000001192092884 11.699999898672106 15.650000095367433 1.0000000180025095e-35 10.102500000000001 0.50093750000000814 1.0000000180025095e-35 8.5000000000000018 7.5000000000000009 1.0000000180025095e-35 6.5000000000000009 50.073 2 37.008000000000003 26.150000572204593 31.500000000000004 14.050000190734865 3.5000000000000004 35.675500000000007 12.445000000000002 32.525500000000008 106.68468452380954 9.0500001907348651 8.5000000000000018 7.2500000000000009 8.5000000000000018 4.5499999523162851 77.507500000000007 25.750000000000004 13.406764880952386 1.9115000000000002
decision_type=2 2 2 2 2 2 2 2 2 2 2 2 2 1 1 2 2 2 2 2 2 2 2 2 2 2 2 2 2 2 2 2 2 2 2 2 2 2 2 2 2 2 2 1 2 2 10 2 2 2 2 2 2 2 2 2 2 2 2 2 2 2
left_child=5 2 3 9 30 17 51 8 16 10 11 -2 -9 -14 -11 -16 -7 36 19 57 21 -20 23 61 25 26 27 -13 31 -30 -5 -28 -27 48 44 -36 37 38 39 -1 -41 52 -43 -44 45 -18 -24 -48 -8 -50 -19 -3 -33 -26 -6 -54 -52 -4 59 -35 -29 -23
right_child=1 6 18 4 54 7 33 12 -10 14 -12 24 13 -15 15 -17 34 50 20 -21 -22 22 46 -25 53 32 28 60 29 -31 -32 41 -34 58 35 -37 -38 -39 -40 40 -42 42 43 -45 -46 -47 47 -49 49 -51 56 -53 55 -55 -56 -57 -58 -59 -60 -61 -62 -63
leaf_value=-0.0066398899525656144 0.13979197930905968 0.092151255898369575 0.024430915161018165 -0.15666188709247458 -0.012062756659721252 0.037662016641674262 0.37372697557397389 0.20788906492133849 0.13374444087092971 0.025144253893375535 1.2105639626225635 -0.12779592601942005 -0.0053696428143553028 -0.12549782769919951 -0.044999485594390799 -0.30611771539636656 -0.041486196257190147 0.0052577224743914023 0.0064961963817810721 0.31818215325070942 -0.033926796844509964 -0.11881714445845937 0.16225019510661412 -0.73970355278627908 -0.027197004350071552 -0.98028544466967527 -0.65698109061914067 0.28939932166832122 -0.042013671111879348 -0.73719227403978072 -0.044623670952144326 0.1808892440551908 -0.16352453341195172 -0.20804700400198683 0.06786520991702201 -0.35092667776424585 0.082914708934196751 0.032159282788744914 0.095198870247626133 -0.014864838711981677 -0.41353881972682544 0.10102543979566506 -0.36730086309443255 -0.58141884764830321 0.018749514429892589 -0.35235621634433323 -1.1215363868992931 -0.025838322641257874 -0.33471686296497083 0.061608845998324571 -0.23590647238732587 0.27640639004202755 -0.97394713408527522 0.70116798372916378 0.061077619229621231 -0.059067949785862342 -0.0098496993153037067 -0.13263386280743852 -0.10251867755868674 -0.8579311242992973 -0.13481693204576048 -0.17082455975747665
leaf_weight=254.81886102259159 32550.797523617744 9561.7217444330454 239.7043564915657 1486.4445267170668 16726.617331981659 49776.072043284774 1942.7697521448135 246.67247569561005 9337.4165145754814 8043.576896712184 2338.7182400226593 254.53762897849083 325.50788921117783 305.19851744174957 3280.0283491760492 163.36140003800392 2331.6923663020134 1095.3154385089874 248.15327009558678 777.45801937580109 857.40158015489578 57.352414786815643 204.42152088880539 120.4389613866806 3122.1606262028217 269.69136810302734 129.74467092752457 181.61256188154221 452.37829175591469 376.58465683460236 14722.359243243933 5492.5591968894005 126.42566627264023 146.34120583534241 238.56943303346634 111.63900756835938 33901.576802149415 6133.2175467610359 260.50148065388203 98.093155235052109 141.74927689135075 505.23164573311806 384.22263792157173 66.777005791664124 4178.986594825983 143.07591997087002 98.131843030452728 155.71803092956543 865.02402740716934 1392.7612543106079 148.99979977309704 8158.3873456567526 111.0117554962635 2679.0108813941479 8187.6710524857044 186.26529908180237 186.49347518384457 763.07882979512215 1101.3770523071289 96.102926194667816 490.05822858214378 422.47285705804825
leaf_count=1031 76626 25853 664 3252 37293 120795 3149 254 9917 16179 2405 319 336 315 6156 235 7278 2829 404 2082 1229 103 285 162 3369 307 319 251 640 431 29859 8002 144 238 510 174 80847 23564 1050 429 606 721 601 90 5923 549 132 193 1337 2216 418 17689 272 2889 14206 231 441 2652 1738 151 633 863
internal_value=0.00104557 0.00038747 7.45595e-05 0.00021818 -0.000630672 0.00182612 0.00181678 0.00134167 0.00142069 0.000788519 0.00112337 0.000953455 -0.00460861 -0.0081302 -0.000660734 -0.00301644 0.00108403 0.00259479 -0.00365049 -0.00102434 -0.00580936 -0.00869233 -0.0109005 -0.0155549 -0.00026901 -0.00123074 -0.000691451 -0.0057912 -7.7727e-05 -0.00521539 -0.00192373 0.000542349 -0.0129499 -0.000274722 -0.000667737 -0.00794586 0.00273302 0.00119941 -0.00349393 -0.0069869 -0.0137993 0.000786789 -0.00306402 -0.00767278 -0.000283529 -0.00232113 -0.00478353 -0.0100484 0.000791929 -0.000984368 -0.00134524 0.00247117 0.0014232 0.00122747 0.000210615 -0.00540579 -0.00722826 -0.00470647 -0.003607 -0.0104487 -0.00240005 -0.0123757
internal_weight=238752 129537 106272 102328 41123.1 109216 23264.5 66994.8 66117.5 61204.8 49717.8 47379.1 877.379 630.706 11487 3443.39 56780 42220.8 3944.33 1780.24 2164.09 1306.69 1058.54 600.264 14828.3 9027.1 8630.98 926.208 7704.78 828.963 16208.8 6875.81 396.117 5544.38 7003.96 350.208 40790 6888.38 755.163 494.661 239.842 6746.07 956.231 451 6653.75 2474.77 458.271 253.85 4200.56 2257.79 1430.81 17720.1 5789.84 5801.17 24914.3 297.277 335.493 1002.78 1343.82 242.444 671.671 479.825
internal_count=523836 266570 214199 205430 84610 257266 52371 146051 145146 120820 98250 95845 905 651 22570 6391 135229 111215 8769 5398 3371 2142 1738 1128 19219 12961 12510 1203 11307 1071 33111 10236 451 8829 14434 684 107527 26680 3116 2066 1035 9917 1412 691 13750 7827 610 325 6702 3553 3688 43542 8505 6258 51499 503 859 3316 2127 389 884 966
cat_boundaries=0 1 2 3
cat_threshold=9 12 12
is_linear=0
shrinkage=0.05


Tree=77
num_leaves=63
num_cat=1
split_feature=8 32 7 6 32 15 19 8 32 8 22 31 8 7 16 16 32 4 31 31 8 31 4 19 31 32 15 31 24 17 22 31 8 24 32 31 32 4 13 12 21 32 23 6 23 13 32 17 23 15 28 0 16 32 13 17 32 31 22 31 16 24
split_gain=168.158 20.2334 20.3311 20.2077 17.2124 14.8064 12.7244 11.7946 16.4716 11.7311 10.999 9.80848 9.36874 9.60212 8.72815 12.6692 10.8386 19.4449 8.33873 8.24638 8.2108 8.1707 10.313 7.96642 7.74751 7.69439 10.8748 7.97684 7.52914 7.38348 10.5698 7.36167 7.32682 7.25058 7.55227 7.12522 9.07797 6.81628 7.60298 6.66278 6.46983 6.28751 8.0758 6.21362 6.06019 5.90867 6.29444 5.79072 5.67697 7.01276 5.67545 5.52609 6.76636 7.9109 7.32658 5.66751 7.42633 6.8217 6.61576 5.70291 5.74543 5.49654
threshold=5.698500000000001 77.485000000000014 4.4960000000000013 3.5000000000000004 78.552500000000023 10.728583333333328 20.44999980926514 57.682500000000012 82.33250000000001 84.20650000000002 18.66666674613953 67.53700000000002 19.871500000000005 73.249000000000009 -0.35095833333333343 8.1791666666666689 67.537500000000009 1.0000000180025095e-35 31.428000000000001 50.141000000000012 66.276500000000013 55.746000000000002 1.0000000180025095e-35 16.650000572204593 28.167500000000004 70.850000000000009 67.235895833333345 33.528500000000008 730.50000000000011 18.349999427795414 12.966666936874391 33.958500000000008 35.777500000000011 326.50000000000006 74.52000000000001 50.141000000000012 64.030000000000015 1.0000000180025095e-35 336.10500000000008 12.198500000000001 12.749999642372133 80.617500000000021 5.6499998569488534 6.5000000000000009 9.4499998092651385 23.665000000000003 76.897500000000022 5.4500000476837167 14.84999990463257 -0.19322916666666703 13.06666700045268 0 39.356729166666675 65.762500000000017 87.592500000000015 6.1499998569488534 73.595000000000013 54.233500000000006 14.666666726271313 49.656000000000006 7.9374999999999991 264.50000000000006
decision_type=2 2 2 2 2 2 2 2 2 2 2 2 2 2 2 2 2 2 2 2 2 2 2 2 2 2 2 2 2 2 2 2 2 2 2 2 2 2 2 2 2 2 2 2 2 2 2 2 2 2 2 1 2 2 2 2 2 2 2 2 2 2
left_child=23 2 14 6 39 48 12 10 11 28 24 29 -4 20 -2 16 40 18 32 25 21 -14 -23 -1 -7 26 61 37 45 41 -31 -20 -18 34 -19 36 -30 38 -27 -3 -16 43 -43 -9 -35 -5 51 -44 -6 -50 -39 52 -47 54 -54 -53 58 -58 59 60 -57 -11
right_child=1 4 3 9 5 7 -8 8 -10 19 -12 -13 13 -15 15 -17 17 33 31 -21 -22 22 -24 -25 -26 27 -28 -29 35 30 -32 -33 -34 44 -36 -37 -38 50 -40 -41 -42 42 47 -45 -46 46 -48 -49 49 -51 -52 55 53 -55 -56 56 57 -59 -60 -61 -62 -63
leaf_value=0.1578819529812639 0.12702385355661203 0.054893750485946226 0.070464155504104481 0.027531190995617738 0.11685303009863475 -0.025431762681133563 -0.023850619977278598 -0.089346343011543899 0.11693948197771818 -0.15182060710322887 -0.02222563426785298 -0.12547284107267628 0.039769279309094512 0.28386954858171481 0.014518561076296078 -0.013870597018818921 -0.016077767186668267 -0.30526535091266216 0.032997409229503387 -0.39248725572463172 -0.080768986754741701 0.019530247860500796 -0.095954328229347408 0.06192939966277225 0.095146792109307488 -0.10581512877710503 -1.6327106668729501 0.11189051060902387 -0.26574961722934171 -1.6152635046207153 -0.51773019178839197 -0.063685437280595641 -0.30775123048137659 -0.19776327268458527 0.0034835863390938471 -0.30920621227927358 -0.029874178867947878 -0.3782596992480855 -1.0384792301392698 0.43539082005489149 -0.037153725953069296 -0.5824846697878876 -0.047255733384796633 -0.61598462818380639 -0.29526075388039735 -0.011617306047521581 -0.057749409596090297 -0.45557150594607521 -0.23526175719999501 0.029874287064938356 -1.2709703362277822 0.04809474694954155 -0.10749894367423529 -0.052423184760129617 -0.20100407408788643 -0.073503508443968538 0.078980588388731301 -0.12706461172088696 -0.040714326615871245 -0.13676273346770884 0.078073574205416121 -0.44636117443209716
leaf_weight=40417.486805319786 677.31335237622261 5707.8056099712849 9739.6025548428297 7694.3078175187111 14766.216903269291 1533.1941868662834 6765.4634659737349 1103.4800824820995 3463.1112731695175 5551.7763024568558 2908.2398996651173 3391.8515897393227 13179.2111954391 11549.466619446874 1595.1223997920752 9389.0133217871189 79.698071420192719 373.65809792280197 787.29501183331013 2342.6967948675156 6928.3155179023743 255.66124564409256 178.47910141944885 12479.096411526203 7099.4838970601559 1928.6560085862875 117.21465119719505 6490.2774147987366 49.443012982606888 145.1659904718399 236.93695682287216 1513.1192622035742 140.50635571777821 69.224228784441948 108.94440791010857 121.46836978197098 611.50857336819172 107.79755330085754 70.447795957326889 6512.3587550520897 1180.1228153705597 122.09650361537933 287.08781492710114 190.58563426136971 86.319823265075684 7103.1043879538774 1770.4244894385338 215.95154643058777 547.22430908679962 3158.4507557749748 71.749997138977051 12073.340757474303 96.245104610919952 1483.2595216482878 60.938051402568817 2185.0205848962069 5017.6442084908485 468.74545985460281 6011.241025313735 645.31180280447006 6724.8105651885271 855.15034073591232
leaf_count=100556 1078 7720 23262 20353 21876 2648 16781 1912 4475 13982 3757 3518 36553 21971 7116 19749 322 1268 1994 3635 15433 326 220 30825 8459 3548 485 9276 178 165 268 4650 571 171 178 153 1260 190 138 10128 4961 197 495 326 304 18614 2521 354 873 4691 139 34844 211 2600 179 8593 7387 532 16782 864 14735 2027
internal_value=0.00102631 0.000317648 -5.31613e-06 0.000221028 0.00116134 0.000650189 0.00100354 -0.000268193 -0.00160814 -0.000324934 0.000794932 -0.00326193 0.00132892 0.000916635 -0.001678 -0.00192359 -0.00373186 -0.00573441 -0.00375752 -0.00144355 0.000268082 0.000981203 -0.00576014 0.00351326 0.00169082 -0.00101763 -0.00231453 -4.14379e-05 5.14694e-05 -0.00578085 -0.0121219 -0.00286449 -0.0130316 -0.0135249 -0.010461 -0.00481324 -0.00275605 -0.00265856 -0.00181728 0.00279955 -0.00145131 -0.00451272 -0.00862675 -0.00252019 -0.0229035 0.000125708 -9.95461e-05 -0.00580388 0.00167917 -7.05669e-05 -0.0119635 2.39662e-05 -0.00109331 -0.00398785 -0.0146192 0.000319126 -0.000176051 0.0014056 -0.000733558 8.40537e-05 0.000412984 -0.00203693
internal_weight=238535 185638 134249 118249 51389.2 39169.1 48596.2 20697.2 9156.27 69652.6 11540.9 5693.16 41830.7 32091.1 16000.3 15323 5934.01 3158.77 2520.62 17535.8 20541.7 13613.4 434.14 52896.6 8632.68 15193.1 6524.14 8668.93 52116.8 2301.3 382.103 2300.41 220.204 638.147 482.603 782.42 660.952 2178.65 1999.1 12220.2 2775.25 1919.2 625.136 1294.07 155.544 51334.4 43640.1 503.039 18471.9 3705.68 179.548 41869.7 8743.55 1640.44 157.183 33126.1 21052.8 5486.39 15566.4 9555.14 8909.83 6406.93
internal_count=523377 391996 320134 277772 71862 54014 114546 26574 11710 163226 14864 7235 97765 74503 42362 41284 21535 9458 7537 33420 52532 37099 546 131381 11107 29785 16494 13291 129806 3717 433 6644 893 1921 1446 1591 1438 4015 3686 17848 12077 3284 1046 2238 475 128215 107862 849 27440 5564 329 105341 21604 2990 390 83737 48893 7919 40974 24192 23328 16009
cat_boundaries=0 1
cat_threshold=2
is_linear=0
shrinkage=0.05


Tree=78
num_leaves=63
num_cat=0
split_feature=10 21 10 32 5 1 8 31 31 6 31 7 17 17 8 1 8 31 2 14 16 14 2 31 8 27 18 32 32 14 29 21 10 1 2 1 23 14 25 10 14 2 14 8 31 15 20 32 32 26 10 23 8 21 2 10 31 23 31 31 31 10
split_gain=169.065 23.921 20.9044 16.2528 14.1794 13.7238 14.2706 11.1323 13.3295 11.093 10.055 9.73409 9.3763 9.00455 8.77825 8.50017 7.81049 8.02962 23.1354 29.7671 7.73045 14.1082 7.25796 7.85376 7.0847 6.76367 7.45486 6.50945 9.18622 7.39397 6.34644 6.28893 7.18024 6.27634 12.0526 7.46703 6.11133 6.29754 6.04996 6.03014 13.3948 5.81356 5.63296 10.1457 5.5493 12.5954 5.46944 5.41987 5.3473 5.46776 5.39545 5.32417 7.74907 5.1821 9.01008 11.7353 6.15161 5.18095 9.19436 5.15193 9.02835 5.74127
threshold=6.7069250000000009 9.9000001549720782 16.939525000000003 77.485000000000014 1.0000000180025095e-35 6.5000000000000009 19.511000000000006 43.488500000000009 33.907500000000006 3.5000000000000004 50.073 12.011000000000001 9.7500000000000018 15.750000000000002 168.35900000000001 22.500000000000004 107.48250000000002 27.685500000000005 2.5000000000000004 44.086577380952384 0.36243750000000224 12.402886904761907 3.5000000000000004 27.737000000000005 9.9310000000000027 12.049999713897707 7.0499999523162851 70.042500000000018 69.885000000000005 7.1696972049689434 11.550000190734865 18.849999547004703 4.7207500000000007 12.500000000000002 1.5000000000000002 4.5000000000000009 17.550000190734867 123.09940773809525 24.150000572204593 13.746 47.048357142857149 2.5000000000000004 62.863785714285719 39.255000000000003 31.214000000000002 21.150833333333335 707.50000000000011 68.397500000000022 64.530000000000015 9.2500000000000018 25.040050000000004 12.949999809265138 67.25500000000001 16.399999737739567 1.0000000180025095e-35 25.841625000000004 45.748500000000007 14.250000000000002 77.191000000000017 55.016000000000012 59.163000000000004 24.285950000000003
decision_type=2 2 2 2 2 2 2 2 2 2 2 2 2 2 2 2 2 2 2 2 2 2 2 2 2 2 2 2 2 2 2 2 2 2 2 2 2 2 2 2 2 2 2 2 2 2 10 2 2 2 2 2 2 2 2 2 2 2 2 2 2 2
left_child=31 2 57 9 5 12 7 8 -7 11 36 -4 27 22 25 48 17 18 -5 -20 21 24 23 -6 -14 -8 47 28 29 -3 59 -1 -33 34 -25 -36 37 -11 -39 40 -24 -37 43 -21 45 -22 -15 -27 -10 -50 -51 -13 -53 56 55 -55 -31 -2 -59 -12 61 -61
right_child=1 4 3 16 13 6 14 -9 15 10 30 51 20 46 -16 -17 -18 -19 19 42 44 -23 39 33 -26 26 -28 -29 -30 53 -32 32 -34 -35 35 41 -38 38 -40 -41 -42 -43 -44 -45 -46 -47 -48 -49 49 50 -52 52 -54 54 -56 -57 -58 58 -60 60 -62 -63
leaf_value=0.1458446707796536 0.099939376483519748 -0.089515201475244055 -0.045382342498898609 0.27972230757951205 -0.18443432070231155 0.040970383035582009 -0.017961438149230704 0.055163296155104652 0.019200874938543767 0.0088013062466149716 -0.18174840710444046 0.25227274053093501 -0.39422694966642652 -0.11326414561897274 -0.52947133523238965 -0.082689716626295609 0.02063027728141105 0.29406495350164885 -0.25482413164239048 0.4647399350324099 -0.21552147526279414 -0.045015216222107315 -0.0062901474608445087 0.048396440112680322 -0.078824351237706924 -0.046996193346222272 0.057408203530703618 0.017884832225496528 -0.37257443566988918 -0.030358590716342705 -0.0012517686977716381 0.099484079421794824 -0.010689931533332997 -0.0073895561739196758 -0.0093655518101996016 -0.53354775128670018 -0.14705820921190949 -0.30374662919945444 -1.2254675934751689 0.052925381099803381 -0.15584171184726101 -0.27436265691775147 0.98389927250351938 -0.54005278480021279 -0.032751282132869979 0.41505282903417151 -0.32087597566692128 0.01271714575743026 -0.075726461365079711 -0.012897202334061842 -0.75139296023428259 0.14587533164078065 -0.16705792695423016 -0.076661578885465875 -0.032031882569957662 -0.01490244659915323 0.10630242310379608 0.028615756917673797 -0.065092983547744329 -0.063789248934288528 -0.021799313158082256 -0.43630291544913791
leaf_weight=38059.616805046797 13483.475071504712 133.62633779644966 2829.2250196039677 1165.7885274887085 250.87312252819538 5619.3293492645025 24929.343869537115 10959.862816333771 1739.6722113639116 21282.724242642522 1246.9124277830124 13169.444085821509 80.185214594006538 498.34483724832535 2452.7810251116753 226.66337402164936 5947.1261333227158 15112.225094050169 177.35726004838943 119.31698566675186 110.08859385550022 1038.5938956737518 378.06013570725918 229.56754468381405 102.1139207482338 3916.0487077236176 12180.160398483276 8533.7407588064671 138.46171176433563 3505.1728090941906 888.79355818033218 2787.4909857660532 1231.9382664263248 958.28860312700272 146.9282615929842 68.096424788236618 1853.9637360572815 470.94444593787193 64.677886307239532 1156.2303298264742 64.633943513035774 285.24833968281746 198.59772539138794 137.22919112443924 9829.0750526636839 96.06445986032486 67.581088975071907 14832.799466639757 545.57698646187782 2709.8405653238297 111.3670865893364 1725.1464904248714 1480.7601317614317 115.90793226659298 1953.8895918577909 118.27164945006371 2089.2865455150604 2384.705079048872 92.206337153911591 150.36601999402046 185.09536534547806 227.23481366038322
leaf_count=98117 30245 411 7561 2028 626 14221 52747 17635 6619 53749 1849 29974 346 808 4384 737 7965 20529 308 208 346 4030 746 425 418 13393 30153 15399 327 12130 1201 7181 2915 2172 306 233 4866 765 101 2545 103 615 339 239 15029 227 93 22198 1529 8225 260 4895 3052 401 5377 311 3669 5744 95 175 255 313
internal_value=0.00101809 0.000402335 0.00103824 0.000658182 -7.60958e-05 3.34649e-05 0.00036542 0.00145325 0.000325819 0.000112472 -0.00055321 0.00102653 -0.000922917 -0.00296049 -4.33844e-05 -0.00146453 0.00174621 0.00229429 -0.000863747 -0.00855568 -0.00203669 -0.0057919 -0.0020224 -0.00407809 -0.018583 8.51926e-05 0.000579142 -0.000167083 -0.00118651 -0.000962275 -0.00344442 0.0038944 0.00201271 -0.00284731 -0.00633734 -0.0106833 -0.00022351 1.07316e-05 -0.00533878 0.000471503 -0.00448466 -0.0146131 -0.00176688 -0.00664965 -0.0015793 -0.00967856 -0.00881113 -4.65424e-05 -0.00104288 -0.00220572 -0.00131842 0.00149443 -0.000332779 -0.000761205 -0.00282366 -0.0120703 4.58083e-05 0.00266765 0.000565548 -0.00514301 -0.00911152 -0.013536
internal_weight=238644 196565 84393.3 68432.9 112172 108068 80223.4 21912.3 10952.4 45575.3 26370.7 19204.6 27844.5 4103.85 58311.1 5333.12 22857.6 16910.5 1798.29 632.501 11256.1 1220.89 3537.93 1939 182.299 55858.4 30929 16588.4 8054.62 7916.15 2698.4 42079 4019.43 1688.13 729.841 500.273 23672.3 21818.3 535.622 1598.92 442.694 353.345 455.144 256.546 10035.2 206.153 565.926 18748.8 5106.46 3366.78 2821.21 16375.4 3205.91 7782.53 2188.07 234.18 5594.46 15960.4 2476.91 1809.61 562.696 377.601
internal_count=523863 415650 176456 140372 239194 230522 172101 49226 31591 108756 63274 45482 58421 8672 122875 17370 31616 23651 3122 1094 20396 4794 7771 4377 764 118491 65744 38025 22626 22299 3793 108213 10096 3751 1579 1154 59481 54615 866 3394 849 848 786 447 15602 573 901 35591 16633 10014 8485 37921 7947 21888 6089 712 15799 36084 5839 2592 743 488
is_linear=0
shrinkage=0.05


Tree=79
num_leaves=63
num_cat=2
split_feature=10 10 21 32 32 21 7 6 10 12 31 14 10 2 21 31 2 0 21 31 1 14 31 14 27 17 31 5 17 31 3 3 32 2 1 7 10 25 3 1 14 21 2 1 3 31 32 2 31 16 6 2 25 31 8 31 3 32 18 18 0 32
split_gain=161.44 27.6842 21.4561 15.9162 12.0343 11.401 11.2155 14.3989 10.7508 10.5966 10.5073 12.6247 14.546 11.5868 16.1962 9.28672 10.4671 22.9487 12.1699 9.12501 11.6599 19.1008 9.06127 11.4294 10.5372 9.23942 8.99987 10.7294 13.3958 9.55994 8.85194 8.54955 8.87877 8.78862 14.8941 8.46701 9.10966 8.75934 8.26227 8.12664 7.43437 7.55046 7.14485 17.4181 10.4787 6.79982 6.74177 10.4193 6.57017 6.56977 6.4552 6.42587 8.13866 7.63667 6.39297 6.02514 7.48634 7.33617 6.31903 6.01003 5.824 7.24005
threshold=5.6957500000000012 14.923600000000002 15.850000262260439 77.485000000000014 71.457500000000024 17.149999737739567 2.8725000000000005 3.5000000000000004 81.790950000000009 0.77400000000000013 27.737000000000005 41.202827380952385 60.466024999999995 2.5000000000000004 11.300000280141832 38.727000000000011 4.5000000000000009 0 13.199999898672106 44.670000000000009 4.5000000000000009 12.124375000000002 50.073 13.911559523809528 11.34999990463257 13.84999990463257 43.532500000000006 1.0000000180025095e-35 8.8499999046325701 37.008000000000003 8.5000000000000018 1.5000000000000002 78.552500000000023 3.5000000000000004 18.500000000000004 73.249000000000009 69.726500000000016 23.050000190734867 1.5000000000000002 6.5000000000000009 7.571636904761907 20.400000333786014 5.5000000000000009 7.5000000000000009 6.5000000000000009 31.817500000000003 66.367500000000021 1.5000000000000002 69.062500000000014 103.70833333333336 5.5000000000000009 4.5000000000000009 14.84999990463257 54.582000000000008 56.845000000000006 31.353000000000005 3.5000000000000004 66.367500000000021 7.0499999523162851 6.3499999046325692 1 78.265000000000015
decision_type=2 2 2 2 2 2 2 2 2 2 2 2 2 2 2 2 2 1 2 2 2 2 2 2 2 2 2 2 2 2 2 2 2 2 2 2 2 2 2 2 2 2 2 2 2 2 2 2 2 2 2 2 2 2 2 2 2 2 2 2 1 2
left_child=-1 2 9 6 26 8 55 35 10 19 11 12 13 -5 -15 45 31 39 -19 20 21 30 24 -24 -9 49 29 -28 -29 -4 46 -17 33 -33 -35 36 -8 -37 -7 -18 41 -31 48 44 -44 60 -2 -48 -6 -25 -11 -27 53 -53 -13 57 58 -3 -57 -58 -10 -62
right_child=1 3 4 5 42 38 7 22 15 50 -12 54 -14 14 -16 16 17 18 -20 -21 -22 -23 23 25 -26 51 27 28 -30 40 -32 32 -34 34 -36 37 -38 -39 -40 -41 -42 -43 43 -45 -46 -47 47 -49 -50 -51 -52 52 -54 -55 -56 56 59 -59 -60 -61 61 -63
leaf_value=0.14032957931526077 0.09303933826406717 -0.038580317836694182 -0.019251378791339448 0.073558019483755829 0.030575243680607669 0.35652123425837789 0.017001621393907661 -0.037540078359925039 0.1942347941830434 0.091020599615131828 0.13080939661869148 0.47441829392930424 -0.27168938281260219 -0.1505640178149939 -0.013691845977356822 0.81242575690311947 -0.4633721792066231 -1.1535209899269205 -0.21051157428381195 0.11111588949053607 0.01733884864261408 -0.0010957528354298418 0.15319037491603488 -0.034484995293174593 0.019963814038763062 -0.12501004191368281 0.016977583498680015 0.007835474358726292 -0.32692386486931801 -0.051891502331337769 0.01610058091612121 1.0165067176877407 -0.16945284753863882 0.11072963249394903 -2.3217844156789389 0.28299136275719977 -0.10133791489868163 -0.077302328955971333 -0.036025511794453284 0.091511283558834589 -0.032479376633068484 -0.12921419878811508 0.0073722726806085166 0.025423909652680356 -0.091840723655108383 0.5791522178743318 -0.186140490764509 -0.087930766490811205 -0.030007775978937654 -0.29348539276888275 0.034043468306749071 -0.15104278664128526 -0.096922603085956641 -0.33464024675202214 -0.14002253353978489 -0.34041348913837272 -0.035653887120348317 -0.16700164657047553 -0.092752539733733749 0.034837419426776962 -0.27318246518168865 -0.045262425117470431
leaf_weight=36128.312296614051 44.825260564684868 425.06001175940037 1447.7969741523266 507.45297116041183 3135.3140258789062 692.65231376886368 23058.440609902143 25283.657946586609 2324.1985151767731 16663.69775390625 23474.662916123867 1489.9687158465385 125.83739924430847 208.49764555692673 276.01409035921097 799.12389194965363 191.21589177846909 140.61419486999512 107.63485240936279 1942.8842419087887 5335.2285758256912 821.66415148973465 683.05892068147659 5333.9665958285332 28394.96843804419 1952.3162702918053 1374.8034496903419 96.196598500013351 72.651355147361755 194.66288958489895 83.184655338525772 1720.572532504797 6184.0634278357029 269.53771558403969 94.031485617160797 13176.946487858891 7386.2044394910336 1657.6679417192936 4139.2069298028946 765.7578644156456 655.68840485811234 118.18583773076534 67.808205366134644 588.75091427564621 183.38931319117546 2034.9760835170746 54.030260160565376 232.97067050635815 60.061788976192474 208.46231400966644 6177.3776188641787 172.97643905878067 369.16295421123505 216.91561049222946 883.73595279455185 96.057048141956329 4485.5564353764057 395.14941836893559 1098.6684713959694 1494.2896815538406 166.69109034538269 668.74662762880325
leaf_count=93847 134 2448 4530 878 5435 1150 61137 62402 4019 35463 31422 2593 219 362 478 1285 246 218 172 3471 17004 2795 912 8134 70179 2257 3252 186 96 730 250 2155 7179 332 103 25305 15972 3316 5844 1019 2330 418 116 840 271 3261 245 874 61 641 12924 219 436 244 1523 235 10819 1604 2736 3662 302 1132
internal_value=0.00100609 0.000456771 0.00164714 0.000169658 -0.000664903 0.000942935 -0.000145726 -1.18237e-05 0.00120498 0.00223668 0.00180771 -0.000751286 -0.00513014 -0.00308812 -0.0086104 0.000154112 -0.000717114 -0.00509283 -0.0182789 0.000731129 -0.000158998 -0.00453137 -0.000503004 -0.00197703 -0.000257564 -0.00249152 -0.00262278 0.000359494 -0.0114971 -0.00452734 -0.0132608 -0.000135 -0.000612515 0.00220916 -0.00484498 0.000667413 0.000190121 0.00164687 -0.00135813 -0.00145076 -0.00837003 -0.0147033 0.0012566 -0.00284465 -0.0138397 0.0018768 -0.0169072 -0.0197148 0.00233522 -0.00132103 0.00279787 -0.0048828 -0.00878462 -0.0138142 0.00131205 -0.00195259 -0.00148799 -0.00600979 -0.0050997 -0.000765669 0.000424655 -0.00313181
internal_weight=238634 202506 39351.2 163155 7995.31 47265.2 115890 107895 42433.3 31355.9 26966.2 3491.51 1117.8 991.965 484.512 15467.2 10272.6 1205.22 248.249 8514.79 6571.9 1236.67 62615.5 8936.86 53678.6 8253.8 3959.99 1543.65 168.848 2416.33 415.011 9067.33 8268.21 2084.14 363.569 45279.3 30444.6 14834.6 4831.86 956.974 968.537 312.849 4035.32 839.948 251.198 5194.61 331.826 287.001 3195.38 5542.43 22841.1 2711.37 759.055 389.892 2373.7 7994.78 7174.57 820.209 1194.73 5979.85 3159.64 835.438
internal_count=523822 429975 91425 338550 18265 65892 272658 251154 58898 73160 37475 6053 1937 1718 840 21423 12709 1655 390 24773 21302 4298 145424 12843 132581 11931 11542 3534 282 8008 1503 11054 9769 2590 435 105730 77109 28621 6994 1265 3478 1148 6723 1227 387 8714 1253 1119 5496 8775 48387 3156 899 463 4116 21504 17452 4052 2971 14481 5453 1434
cat_boundaries=0 1 2
cat_threshold=12 12
is_linear=0
shrinkage=0.05


Tree=80
num_leaves=63
num_cat=2
split_feature=10 10 22 2 32 12 17 5 32 9 22 24 0 22 2 31 24 8 32 15 25 20 31 14 31 22 25 5 30 17 14 24 16 32 9 24 32 0 7 5 31 9 2 9 20 2 9 5 8 31 17 8 17 10 8 16 9 14 32 9 10 22
split_gain=152.498 24.1924 18.7182 16.4248 14.5308 14.4202 12.4978 20.1808 12.4821 16.2753 10.8896 10.7342 16.4143 16.789 12.9286 12.8609 11.4604 13.8519 12.1728 10.7209 12.1984 10.0324 9.86954 9.62815 11.2407 9.25431 9.18597 8.43146 9.07599 8.21515 8.03741 14.9438 11.3266 8.01785 7.88044 8.35276 9.08716 7.85809 7.46619 7.37083 7.2635 8.62319 7.2599 7.12748 7.01843 7.73387 7.98861 6.70506 6.54037 12.7091 10.7292 19.3481 9.55629 12.0406 9.54714 7.58042 7.47434 15.2776 7.86731 6.66548 6.45125 6.34342
threshold=5.6957500000000012 14.923600000000002 17.933333436648052 5.5000000000000009 77.485000000000014 0.16250000000000003 4.1499998569488534 1.0000000180025095e-35 70.445000000000007 1.1525000000000001 12.633333245913191 1.0000000180025095e-35 0 10.433333436648054 5.5000000000000009 48.242500000000007 450.50000000000006 114.12600000000002 70.877500000000012 2.0410208333333348 14.84999990463257 345.50000000000006 44.670000000000009 59.948035714285723 75.473500000000016 17.499999761581424 22.550000190734867 1.0000000180025095e-35 623.50000000000011 13.150000095367433 11.323285714285715 3.5000000000000004 0.1819166666666712 75.100000000000009 5.3815000000000008 5.5000000000000009 82.52000000000001 1 58.735000000000007 1.0000000180025095e-35 48.955500000000008 8.5090000000000021 1.5000000000000002 -1.8974999999999997 552.50000000000011 3.5000000000000004 148.53000000000003 1.0000000180025095e-35 54.662500000000001 32.641500000000008 1.3499999642372134 15.606000000000002 9.6500000953674334 19.786800000000003 61.366000000000007 2.5156249999999969 22.141500000000004 15.909136904761908 67.447500000000005 4.5010000000000003 85.032950000000014 19.800000230471294
decision_type=2 2 2 2 2 2 2 2 2 2 2 2 1 2 2 2 2 2 2 2 2 10 2 2 2 2 2 2 2 2 2 2 2 2 2 2 2 1 2 2 2 2 2 2 10 2 2 2 2 2 2 2 2 2 2 2 2 2 2 2 2 2
left_child=43 2 5 8 11 30 -5 23 9 -4 -6 12 13 29 16 -16 17 -13 37 -12 34 -17 -11 24 33 -22 44 -7 -29 -3 31 32 42 -8 -21 36 -36 -18 -31 -19 -20 -42 -2 61 45 -27 -47 -32 50 55 59 52 -52 -54 -51 -50 -53 58 -58 -14 -43 -1
right_child=1 4 3 6 10 27 7 -9 -10 22 19 14 48 -15 15 21 18 39 40 20 25 -23 -24 -25 -26 26 -28 28 -30 38 47 -33 -34 -35 35 -37 -38 -39 -40 -41 41 60 -44 -45 -46 46 -48 -49 49 54 51 56 53 -55 -56 -57 57 -59 -60 -61 -62 -63
leaf_value=0.1188402073227704 -0.14787804848054251 0.45668553890735986 -0.05327682135860945 0.030143220694569896 0.19830786914151588 0.079820024329304573 -0.068404713328793415 -0.2884859836401093 0.038039686479340952 -0.017006992165924561 0.11440654863415212 0.048176679224287082 -0.04694100400366033 -0.034140226391092911 -0.017569380243248747 -0.13116499840126253 -0.003382843577629302 -0.068789286013441142 0.055819141883532188 0.16524751467049337 0.084584856847662246 -0.20426489194724412 0.059965588529332869 0.0081420825687991364 -0.041364404767093355 -0.016259011068162722 0.022378670670179093 -0.0022127214694346977 -0.18060333526781075 -0.19396974010112944 0.062106211338288822 0.011743634110683798 -0.041103723286199226 0.0011409694680978078 -0.25490624966225467 -0.047003934011439347 0.032639461126578694 -0.10786749184515472 0.44826932810621661 -0.74052846744775147 -0.072108779697617462 0.03451495184549689 -0.1051339234506814 0.13470987259948483 -0.14959470517915713 -0.081221044353914362 -0.68531346449594255 -0.037138891590097513 -0.14903136457341618 -0.18911266304620719 -0.076930956837325412 -0.0027849032944299527 -0.12853555439142711 -0.20341617703090034 -0.0079084149027046635 -0.25630974878182988 -0.10991634610505621 -0.053848116656559246 -0.051320793295777101 0.052026276023117823 -0.42765002720656542 -0.61703874722145913
leaf_weight=1583.8652922362089 96.337117046117783 7103.2392657846212 326.04859231412411 585.44984020292759 14527.966836929321 21794.681203871965 562.09767571091652 72.400786966085434 3628.7410930246115 2355.6164864003658 9533.3807967305183 41577.122096270323 690.60827082395554 21030.320607170463 5042.1822316795588 1334.7911412119865 2133.4809025675058 9025.8315488696098 4250.4112251698971 443.54661101102829 8303.4517768919468 303.79496020078659 1279.5737515091896 343.14442755281925 68.921165227890015 3114.701308965683 5976.1487630903721 913.11260782182217 69.837465226650238 1368.214753895998 3756.7808463126421 1970.2687783241272 720.07303078472614 266.17380464076996 1364.6658506393433 1736.9041914343834 342.41111516952515 3549.6475578248501 1783.3783772140741 307.26911333203316 311.02284270524979 1073.4368786215782 167.13737958669662 34271.418567091227 109.2071989774704 1628.6174000501633 92.477083295583725 264.99440781772137 713.21185350418091 343.17651142179966 346.84538674354553 3318.0596815943718 207.79188659787178 100.14574594795704 2346.8088809549809 1441.7240086495876 137.18304362893105 2001.9805988520384 101.96667963266373 3503.2274140864611 232.10446870326996 228.90002292394638
leaf_count=4801 408 17044 1201 1625 19811 45836 1584 103 6624 8562 14883 103277 2130 51095 13040 2010 6574 17346 5675 567 11222 403 3012 473 71 4043 8188 1802 119 3574 10202 6070 1982 334 1929 2223 483 9964 2886 588 363 1281 690 88132 122 2201 143 581 2748 573 702 7617 416 132 3987 3270 482 4513 162 10277 287 733
internal_value=0.00100055 0.000465933 0.00158036 -0.000353386 0.00019739 0.00219701 -0.00451197 -0.00721974 0.000687097 -0.00125347 0.000936978 -0.000104217 -0.000691283 -3.52583e-05 0.000290933 -0.00179948 0.00051455 0.000837144 -0.000907323 0.000430173 -0.000151781 -0.00564633 -0.000292201 -0.00570712 -0.008429 0.000364804 -0.000591734 0.00280614 -0.00172221 0.00162335 0.000207893 -0.00177217 -0.00680235 -0.00679428 -0.00270583 -0.00351375 -0.00599653 -0.00255636 -0.000501144 -0.000903531 0.000690207 -0.00216161 -0.0156534 0.00399463 -0.00218565 -0.0019009 -0.00458977 0.00166224 -0.00203542 -0.00355415 -0.00133012 -0.00264881 -0.0107717 -0.0171705 -0.00126126 -0.00641441 -0.0016903 -0.0039204 -0.0158381 0.000623932 -0.000376589 0.000938582
internal_weight=238178 202094 39241.4 9488.17 162852 29753.2 1898.19 1312.74 7589.98 3961.24 47173.5 115679 46537.9 31285.2 69141.1 6680.77 62460.3 50910.2 11550.1 32645.5 23112.1 1638.59 3635.19 1240.34 897.193 19224.6 10921.2 22777.6 982.95 10254.8 6975.59 2953.82 983.548 828.271 3887.53 3443.98 1707.08 5683.13 3151.59 9333.1 5866.98 1616.56 263.474 36084.2 4945 4835.8 1721.09 4021.78 15252.7 4844.92 10407.8 6213.97 654.783 307.938 2689.99 2154.94 5559.19 2241.13 239.15 4193.84 1305.54 1812.77
internal_count=523176 429510 91279 23589 338231 67690 4190 2565 19399 12775 65815 272416 111608 74599 160808 15453 145355 121211 24144 46004 31121 2413 11574 2462 1989 25919 14697 47757 1921 23504 19933 9150 3080 1918 5202 4635 2412 16538 6460 17934 7606 1931 1098 93666 6509 6387 2344 10783 37009 10578 26431 14024 1250 548 4560 6018 12774 5157 644 12407 1568 5534
cat_boundaries=0 1 2
cat_threshold=12 3
is_linear=0
shrinkage=0.05


end of trees

feature_importances:
ttf=441
eua=394
p_lag168=364
shrunk=364
month=324
wind_south=290
p_lag336=273
dow=241
wind_north=231
hour=228
week_mean=212
solar_de=201
temp=187
zone=184
wind=122
spread_se3_se2=115
is_holiday=95
p_last=88
lead=76
solar=74
temp_ref=72
day_min=65
wind_dk=63
wind_de=46
hdd=44
day_mean=43
spread_se4_se3=40
day_max=38
is_weekend=37
wind_south_ref=26
solar_ref=21
wind_de_ref=13
wind_ref=10

parameters:
[boosting: gbdt]
[objective: quantile]
[metric: quantile]
[tree_learner: serial]
[device_type: cpu]
[data_sample_strategy: bagging]
[data: ]
[valid: ]
[num_iterations: 81]
[learning_rate: 0.05]
[num_leaves: 63]
[num_threads: 0]
[seed: 42]
[deterministic: 0]
[force_col_wise: 0]
[force_row_wise: 0]
[histogram_pool_size: -1]
[max_depth: -1]
[min_data_in_leaf: 100]
[min_sum_hessian_in_leaf: 0.001]
[bagging_fraction: 0.8]
[pos_bagging_fraction: 1]
[neg_bagging_fraction: 1]
[bagging_freq: 1]
[bagging_seed: 400]
[bagging_by_query: 0]
[feature_fraction: 0.8]
[feature_fraction_bynode: 1]
[feature_fraction_seed: 30056]
[extra_trees: 0]
[extra_seed: 12879]
[early_stopping_round: 0]
[early_stopping_min_delta: 0]
[first_metric_only: 0]
[max_delta_step: 0]
[lambda_l1: 0]
[lambda_l2: 1]
[linear_lambda: 0]
[min_gain_to_split: 0]
[drop_rate: 0.1]
[max_drop: 50]
[skip_drop: 0.5]
[xgboost_dart_mode: 0]
[uniform_drop: 0]
[drop_seed: 17869]
[top_rate: 0.2]
[other_rate: 0.1]
[min_data_per_group: 100]
[max_cat_threshold: 32]
[cat_l2: 10]
[cat_smooth: 10]
[max_cat_to_onehot: 4]
[top_k: 20]
[monotone_constraints: ]
[monotone_constraints_method: basic]
[monotone_penalty: 0]
[feature_contri: ]
[forcedsplits_filename: ]
[refit_decay_rate: 0.9]
[cegb_tradeoff: 1]
[cegb_penalty_split: 0]
[cegb_penalty_feature_lazy: ]
[cegb_penalty_feature_coupled: ]
[path_smooth: 0]
[interaction_constraints: ]
[verbosity: -1]
[saved_feature_importance_type: 0]
[use_quantized_grad: 0]
[num_grad_quant_bins: 4]
[quant_train_renew_leaf: 0]
[stochastic_rounding: 1]
[linear_tree: 0]
[max_bin: 255]
[max_bin_by_feature: ]
[min_data_in_bin: 3]
[bin_construct_sample_cnt: 200000]
[data_random_seed: 175]
[is_enable_sparse: 1]
[enable_bundle: 1]
[use_missing: 1]
[zero_as_missing: 0]
[feature_pre_filter: 1]
[pre_partition: 0]
[two_round: 0]
[header: 0]
[label_column: ]
[weight_column: ]
[group_column: ]
[ignore_column: ]
[categorical_feature: 0]
[forcedbins_filename: ]
[precise_float_parser: 0]
[parser_config_file: ]
[objective_seed: 16083]
[num_class: 1]
[is_unbalance: 0]
[scale_pos_weight: 1]
[sigmoid: 1]
[boost_from_average: 1]
[reg_sqrt: 0]
[alpha: 0.1]
[fair_c: 1]
[poisson_max_delta_step: 0.7]
[tweedie_variance_power: 1.5]
[lambdarank_truncation_level: 30]
[lambdarank_norm: 1]
[label_gain: ]
[lambdarank_position_bias_regularization: 0]
[eval_at: ]
[multi_error_top_k: 1]
[auc_mu_weights: ]
[num_machines: 1]
[local_listen_port: 12400]
[time_out: 120]
[machine_list_filename: ]
[machines: ]
[gpu_platform_id: -1]
[gpu_device_id: -1]
[gpu_device_id_list: ]
[gpu_use_dp: 0]
[num_gpu: 1]

end of parameters

pandas_categorical:[]
