tree
version=v4
num_class=1
num_tree_per_iteration=1
label_index=0
max_feature_idx=17
objective=quantile
feature_names=zone_idx hour dow month is_weekend is_holiday_se wind_local wind_north wind_south temp_local temp_anomaly hdd solar_local price_lag_24h price_lag_168h price_lag_336h shrunk_level horizon_h
feature_infos=[0:3] [0:23] [0:6] [1:12] [0:1] [0:1] [0.40000000000000002:2.5] [0.40000000000000002:2.5] [0.40000000000000008:2.5] none [-21.171428571428571:17.271428571428572] none [0:2] [-74.109999999999999:737.803] [-64.498000000000005:737.803] [-74.109999999999999:707.51999999999998] [-46.451000000000001:612.58199999999988] [12:96]
tree_sizes=2948 3009 3020 3016 3030 3023 3007 3012 3015 3019 3011 3028 3026 3036 3022 3027 3012 3009 3043 3012 3039 3016 3050 2998 3036 3021 3042 3013 3030 3035 3024 3032 3048 3055 3045 3048 3033 3034 3011 3042 3042 3027 3021 3024 3025 2998 3044 3039 3042 3048 3030 3055 3029 3049 3006 3055 3062 3020 3025 3032 3017 3007 3043 3019 3028 3024 3036 3032 3046 2988 3033 3013 3033 3043 3013 3029 3036 3054 3038 3024 3011 3012 3041 2996 2995 3000 3047 3001 3028 3039 3010 3037 2977 3022 3035 3009 3008 2985 3012 3034 3018 3028 3014 3039 3042 3067 2981 3012 2975 3017 2977 3006 3018 3031 3019 3026 3001 3021 3027 2968 3030 2970 3027 3004 3005 3030 3032 2979 2993 2966 3018 2977 3005 2950 2994 2965 2914 2924 2992 2978 2995 3016 2982 3010 2965 2912 2903 2963 2912 2984 2984 2934 3018 2900 3020 2918 2867 2915 2900 2941 2898 2944 2990 2909 2962 2952 2928 2924 2937 2946 2950 2960 2955 2875 2982 2908 2899 3009 2983 2930

Tree=0
num_leaves=31
num_cat=0
split_feature=14 7 13 14 13 13 14 13 14 7 16 7 13 7 13 0 13 14 16 0 7 13 16 3 3 3 16 3 13 7
split_gain=4082.83 1708.39 1384.71 930.176 937.486 853.095 750.917 600.058 499.598 461.843 426.054 327.843 276.246 263.32 253.902 244.449 158.884 147.388 141.9 141.62 140.699 138.505 134.153 131.033 179.893 125.3 153.343 121.608 109.781 106.447
threshold=32.115000000000002 1.2103491747220745 39.591500000000011 7.2410000000000005 13.435 76.914000000000016 59.45150000000001 37.693500000000007 3.9510000000000005 0.93605794798967856 98.164075000000011 0.946208415801853 3.0010000000000003 1.047729950561578 252.66000000000003 1.5000000000000002 17.635000000000002 48.531000000000006 133.26500000000001 1.5000000000000002 0.67853887889321329 54.195000000000007 3.49275 6.5000000000000009 9.5000000000000018 2.5000000000000004 1.5095000000000003 1.5000000000000002 119.77750000000002 1.5406628569491547
decision_type=2 2 8 2 8 10 2 10 2 2 2 2 8 2 10 2 10 2 2 2 2 10 2 2 2 2 2 2 10 2
left_child=1 3 17 9 -5 6 13 20 25 -1 -7 27 -11 21 18 -10 22 -2 28 -15 -6 -4 -14 -22 -25 -3 -27 -8 -12 -28
right_child=2 8 5 4 7 10 11 -9 15 12 14 -13 16 19 -16 -17 -18 -19 -20 -21 23 -23 -24 24 -26 26 29 -29 -30 -31
leaf_value=-0.20831251442432397 -1.4285749942064285 -0.48383750021457672 -0.8020499996840954 -1.1477000027894975 -0.27128749191761015 0.14436249434947968 -0.092490008473396279 0.89407505691051492 -1.1364924937486649 -0.84914999902248378 -1.4629587441682816 -2.2640750437974928 -0.60150000154972072 -2.2675474673509601 3.2304251164197924 -0.99830251038074491 0.23875002562999725 -3.0252749949693682 -3.0457438021898269 -1.2767600089311599 -0.32452497780323031 -0.16069999039173122 -0.63653125464916227 -0.88167500197887416 -0.421775010228157 -0.71041999757289886 -0.80742499977350235 -1.2790625125169754 -0.22352750599384308 -0.93270000517368312
leaf_weight=18454 9563 1100 25217 10101 4920 13482 1626 11002 9986 4766 2856 41827 8896 1581 1773 5162 5804 16816 4148 4159 13976 3617 14010 16947 8930 2120 3130 11631 2494 2146
leaf_count=18454 9563 1100 25217 10101 4920 13482 1626 11002 9986 4766 2856 41827 8896 1581 1773 5162 5804 16816 4148 4159 13976 3617 14010 16947 8930 2120 3130 11631 2494 2146
internal_value=-0.838002 -0.832002 -0.84403 -0.829541 -0.833485 -0.841649 -0.843917 -0.830947 -0.844268 -0.824537 -0.833432 -0.847543 -0.828038 -0.838142 -0.840606 -0.849711 -0.826187 -0.854357 -0.843849 -0.847922 -0.833518 -0.836195 -0.828059 -0.834503 -0.83661 -0.834563 -0.836905 -0.840691 -0.838467 -0.841469
internal_weight=282240 141450 140790 117806 65876 114411 89658 55775 23644 51930 24753 55084 33476 34574 11271 15148 28710 26379 9498 5740 44773 28834 22906 39853 25877 8496 7396 13257 5350 5276
internal_count=282240 141450 140790 117806 65876 114411 89658 55775 23644 51930 24753 55084 33476 34574 11271 15148 28710 26379 9498 5740 44773 28834 22906 39853 25877 8496 7396 13257 5350 5276
is_linear=0
shrinkage=1


Tree=1
num_leaves=31
num_cat=0
split_feature=14 6 13 13 14 13 14 13 14 8 16 8 6 13 13 8 8 6 14 6 16 13 8 0 16 16 13 13 5 16
split_gain=3675.2 1531.92 1311.41 888.212 957.056 797.726 661.481 638.402 523.094 416.334 405.8 390.19 362.816 246.36 218.636 196.526 152.121 163.624 147.059 139.104 138.154 133.146 120.727 110.682 102.915 99.1342 135.521 98.0526 95.6572 95.5559
threshold=32.115000000000002 1.2961966455475591 39.591500000000011 34.583500000000008 7.2410000000000005 74.153500000000022 59.45150000000001 9.2340000000000018 4.9925000000000006 0.9245852913966307 96.932300000000012 0.99857713534972048 1.12200464476734 252.66000000000003 3.0010000000000003 0.9285985353425682 1.1463077648101003 0.8316007168914884 48.531000000000006 1.3647559385888377 3.49275 54.195000000000007 0.8767897626567579 1.5000000000000002 1.7362500000000003 59.899250000000002 97.378500000000017 24.951500000000003 1.0000000180025095e-35 133.26500000000001
decision_type=2 2 8 10 2 10 2 8 2 2 2 2 2 10 8 2 2 2 2 2 2 10 2 2 2 2 10 10 2 2
left_child=1 3 18 4 11 6 12 -6 24 23 25 -1 21 15 -13 -12 17 -9 -2 28 -16 22 -4 -8 -3 -7 -27 -10 -11 -17
right_child=2 8 5 -5 7 10 9 16 27 19 13 14 -14 -15 20 29 -18 -19 -20 -21 -22 -23 -24 -25 -26 26 -28 -29 -30 -31
leaf_value=0.43941657051444055 -0.56104624494910238 0.11354625113308431 0.5857024851068855 1.6984711815416813 -0.3687287722527981 1.8161068417131903 -1.4124643681943416 0.54391812756657598 -0.37093998536467554 -1.108946287482977 0.54562638178467748 -0.02097537502646446 -1.0916600045934322 3.9056536556780337 0.24784061923623085 -0.41122706279158594 -0.18856624379754067 0.11775875076651575 -2.0779112456738953 -2.6244862197339538 0.21501250043511391 0.64524751439690586 -0.063472503162920482 0.22373219147324563 -0.0082451887428760529 0.00037562511861324312 1.1421819187700748 -0.06407537445425987 -2.5732212661206724 -2.8341740678250793
leaf_weight=16333 9563 2204 4505 17755 8430 5283 2368 7986 10529 37447 2381 4933 4705 1779 10199 4057 4567 34117 16816 4442 16190 3316 21649 8300 6730 4070 4793 1477 1728 3588
leaf_count=16333 9563 2204 4505 17755 8430 5283 2368 7986 10529 37447 2381 4933 4705 1779 10199 4057 4567 34117 16816 4442 16190 3316 21649 8300 6730 4070 4793 1477 1728 3588
internal_value=-6.48384e-05 0.00562743 -0.00578379 0.00779645 0.00601212 -0.00346667 -0.00572801 0.0015245 -0.0068553 -0.00915861 0.00424165 0.0112008 -0.000278713 -0.00260271 0.00793372 -0.00564532 0.00381187 0.00475204 -0.0158336 -0.0113241 0.00973985 0.00177978 0.000583085 -0.000304649 0.0023058 0.00995334 0.00672176 -0.0136723 -0.0103733 -0.00955199
internal_weight=282240 141450 140790 120510 102755 114411 88460 55100 20940 54285 25951 47655 34175 11805 31322 10026 46670 42103 26379 43617 26389 29470 26154 10668 8934 14146 8863 12006 39175 7645
internal_count=282240 141450 140790 120510 102755 114411 88460 55100 20940 54285 25951 47655 34175 11805 31322 10026 46670 42103 26379 43617 26389 29470 26154 10668 8934 14146 8863 12006 39175 7645
is_linear=0
shrinkage=0.05


Tree=2
num_leaves=31
num_cat=0
split_feature=14 7 13 14 13 13 13 14 8 8 14 0 8 16 8 13 13 3 16 8 0 7 7 0 13 16 3 16 7 16
split_gain=3321.6 1670.52 1118.41 929.022 979.477 664.9 576.68 526.958 456.173 388.313 332.661 317.53 297.005 282.498 228.347 220.008 213.617 212.236 265.505 162.337 161.557 157.294 145.989 134.481 132.314 126.977 110.027 113.664 118.26 109.086
threshold=41.812500000000007 1.1376354390485146 49.00950000000001 7.2410000000000005 39.591500000000011 80.355000000000004 11.151000000000002 3.9510000000000005 0.8767897626567579 0.99857713534972048 62.115000000000002 1.5000000000000002 1.1504193778226113 96.932300000000012 0.97901316779805636 4.1015000000000006 252.66000000000003 4.5000000000000009 21.446700000000003 0.9285985353425682 1.5000000000000002 1.0000317254658451 1.0126391793720475 1.5000000000000002 17.635000000000002 6.2382499999999999 2.5000000000000004 1.7362500000000003 1.5406628569491547 -1.0000000180025095e-35
decision_type=2 2 8 2 10 10 8 2 2 2 2 2 2 2 2 8 10 2 2 2 2 2 2 2 10 2 2 2 2 2
left_child=1 3 -2 9 6 8 -5 26 20 -1 21 25 -13 -7 23 -11 19 -16 -19 -15 -4 -10 -12 -8 29 -9 -3 -28 -29 -17
right_child=2 7 5 4 -6 13 14 11 10 15 22 12 -14 16 17 24 -18 18 -20 -21 -22 -23 -24 -25 -26 -27 27 28 -30 -31
leaf_value=0.60581978956609972 -1.5536532108560204 0.31917913425713779 -0.98366008703969432 -0.33612857726961376 1.4643352143988013 0.82591654803603898 0.19181847851723433 -0.039388116113841534 -0.048523873141035435 0.0023562680110335355 -1.1150829808488489 0.4067192105576396 -0.58996500289440157 0.55402006383985281 0.45145111675001681 0.39495795919746163 3.7103709728941321 0.13586330906301738 -0.13983656579256057 -1.1086569507792594 0.39639151319116356 -1.3514289672803135 -2.3808226959481837 0.91816330448538064 0.99676402290910482 -0.40370349077135326 0.094688328528776775 0.032366790685337037 -0.099585244767367853 0.18610093351453544
leaf_weight=16450 24350 1318 2811 10019 14724 10206 6769 2410 15363 5553 34992 4634 3726 2259 11989 2536 1779 14862 20308 7174 9923 2543 6284 4865 6038 10660 2776 3868 2028 19023
leaf_count=16450 24350 1318 2811 10019 14724 10206 6769 2410 15363 5553 34992 4634 3726 2259 11989 2536 1779 14862 20308 7174 9923 2543 6284 4865 6038 10660 2776 3868 2028 19023
internal_value=-0.000127197 0.00445988 -0.00654125 0.00690722 0.00368883 -0.00405158 0.00118439 -0.00591025 -0.00635464 0.0123276 -0.00820182 -0.0103313 -0.00272129 0.00368148 0.00307392 0.00921116 -0.00179718 0.00152622 -0.000432187 -0.00479434 0.00223025 -0.00251033 -0.0106708 0.0093476 0.0110383 -0.0151989 0.00357357 0.00152791 -0.00239993 0.00920613
internal_weight=282240 164556 117684 133136 83536 93334 68812 31420 71916 49600 59182 21430 8360 21418 58793 33150 11212 47159 35170 9433 12734 17906 41276 11634 27597 13070 9990 8672 5896 21559
internal_count=282240 164556 117684 133136 83536 93334 68812 31420 71916 49600 59182 21430 8360 21418 58793 33150 11212 47159 35170 9433 12734 17906 41276 11634 27597 13070 9990 8672 5896 21559
is_linear=0
shrinkage=0.05


Tree=3
num_leaves=31
num_cat=0
split_feature=14 7 13 13 14 13 13 14 8 7 6 8 7 7 14 13 13 14 14 3 0 0 3 3 7 3 14 13 3 3
split_gain=2980.83 1637.87 982.722 978.99 1186.32 594.45 593.515 471.685 426.823 373.411 260.056 244.301 249.166 225.517 201.221 209.031 187.72 176.591 173.851 250.023 133.458 131.811 115.538 109.848 103.039 100.498 100.114 97.4369 89.7529 120.939
threshold=49.185000000000009 1.2103491747220745 87.731500000000025 45.101000000000006 7.2410000000000005 49.00950000000001 11.151000000000002 3.9510000000000005 0.99022976845595789 0.9395319037303026 1.0959541150603584 1.2213280523756953 0.88065103328362782 1.0242318822648477 117.55150000000002 252.66000000000003 3.0010000000000003 62.934000000000005 22.001000000000001 4.5000000000000009 1.5000000000000002 1.5000000000000002 9.5000000000000018 2.5000000000000004 0.67853887889321329 1.5000000000000002 -0.40849999999999992 28.627500000000001 9.5000000000000018 7.5000000000000009
decision_type=2 2 10 10 2 8 8 2 2 2 2 2 2 2 2 10 8 2 2 2 2 2 2 2 2 2 2 8 2 2
left_child=1 3 5 4 9 -2 24 23 21 -1 20 12 -8 17 -4 -16 -11 -10 28 27 -9 -7 -21 -3 -6 -13 -18 -20 29 -14
right_child=2 7 14 -5 6 8 11 10 13 16 -12 25 18 -15 15 -17 26 -19 19 22 -22 -23 -24 -25 -26 -27 -28 -29 -30 -31
leaf_value=0.4285943823963404 -1.7285580594684931 0.31204516972415153 0.67385331303440044 1.6002055016867354 0.12691005475707354 -1.0792453863390723 0.50122146320207983 -0.25012361327335236 -0.16034767185458915 -0.021137083945423366 -0.37669348725043239 1.9410074326951987 0.25937489749677484 -2.1168075387527234 -0.7972212871890515 3.4151400142762811 0.41206547689922157 -1.1169197813417762 -0.37615924849109728 -0.20618736677914862 0.21013618991021066 0.26174602290652693 0.11931795553006233 0.0033765224348753621 -0.39204713448248807 -0.34981562119424342 0.17995292034186425 0.38003871677853174 0.64545765629373486 -0.039122355372086172
leaf_weight=16696 20411 1100 10066 20380 1190 3214 11560 1914 10163 4752 13916 624 8532 6727 6407 1682 4420 34181 1349 14541 3832 11629 5624 7396 10064 4882 21619 11603 4839 6927
leaf_count=16696 20411 1100 10066 20380 1190 3214 11560 1914 10163 4752 13916 624 8532 6727 6407 1682 4420 34181 1349 14541 3832 11629 5624 7396 10064 4882 21619 11603 4839 6927
internal_value=-0.000190795 0.00374859 -0.00689319 0.0058308 0.00422451 -0.009117 0.000572888 -0.00731408 -0.00680811 0.0105097 -0.011568 0.00227544 0.00313236 -0.00897721 0.0036808 -0.00219125 0.00724481 -0.00768311 0.00169194 -0.000541263 -0.00261921 0.000655191 -0.00402306 0.0025306 -0.0100897 -0.00783691 0.00891259 0.00487956 0.0053355 0.00347532
internal_weight=282240 177760 104480 149602 129222 86325 81735 28158 65914 47487 19662 70481 64975 51071 18155 8089 30791 44344 53415 33117 5746 14843 20165 8496 11254 5506 26039 12952 20298 15459
internal_count=282240 177760 104480 149602 129222 86325 81735 28158 65914 47487 19662 70481 64975 51071 18155 8089 30791 44344 53415 33117 5746 14843 20165 8496 11254 5506 26039 12952 20298 15459
is_linear=0
shrinkage=0.05


Tree=4
num_leaves=31
num_cat=0
split_feature=14 7 13 6 13 14 13 14 13 14 16 7 7 6 13 3 13 16 14 3 3 13 7 6 13 10 14 13 16 10
split_gain=2741.8 1303.34 1097.62 730.472 634.503 650.273 593.923 484.281 480.353 414.202 309.454 309.059 278.199 223.523 189.834 175.09 158.845 201.527 142.674 133.06 192.468 124.836 117.509 116.551 110.465 105.377 99.1415 98.5252 96.4069 95.4027
threshold=32.115000000000002 1.1376354390485146 38.125000000000007 1.2961966455475591 37.165000000000006 7.2410000000000005 73.21250000000002 62.115000000000002 4.9925000000000006 5.1435000000000004 79.786524999999997 0.78462975126598034 0.94999503405360686 1.0959541150603584 3.0010000000000003 1.5000000000000002 252.66000000000003 148.69947500000001 61.395000000000003 6.5000000000000009 9.5000000000000018 119.77750000000002 1.584769099722819 0.80732175985226029 54.195000000000007 -0.16666666666666693 3.0815000000000006 23.531000000000002 0.55149999999999999 1.8928571428571439
decision_type=2 2 8 2 10 2 10 2 8 2 2 2 2 2 8 2 10 2 2 2 2 10 2 2 10 2 2 10 2 2
left_child=1 4 18 6 5 11 7 24 -7 22 -8 -1 -9 -11 -13 25 17 21 -2 -10 23 -12 -3 -21 -4 -5 -16 -15 -24 -22
right_child=2 9 3 15 -6 8 10 12 19 13 16 14 -14 27 26 -17 -18 -19 -20 20 29 -23 28 -25 -26 -27 -28 -29 -30 -31
leaf_value=0.53842410843379795 -0.63074271814398475 0.058343279981380336 -0.021939619646938514 0.85280571278156714 1.5612103831583657 -0.37131975200915712 1.1975168096364477 -0.022052390801832075 0.48571907525628105 -0.046606739512924107 -0.23383674201929941 -0.013476076026372614 -1.1177487495500782 -0.34572723710978404 0.27829493978403508 -1.7461576749632415 3.5510955456059246 -2.7130602388513276 -2.2796301564950681 0.22991647761657139 0.4862917520322465 0.81077634311625735 0.15864044601358473 -0.076187986556291581 0.46904119418306744 -0.93211383162673556 0.14506214316701516 -0.023183521707300092 -0.071371590008866045 -0.24619163613967598
leaf_weight=10778 13285 8960 30314 746 16068 5627 9479 10894 16283 4712 5863 4982 35090 9643 17542 9714 1885 2785 12081 3631 9343 4039 434 17043 3747 868 11120 1187 3080 1017
leaf_count=10778 13285 8960 30314 746 16068 5627 9479 10894 16283 4712 5863 4982 35090 9643 17542 9714 1885 2785 12081 3631 9343 4039 434 17043 3747 868 11120 1187 3080 1017
internal_value=-0.000229415 0.00468717 -0.00516905 -0.00309944 0.00707239 0.00555327 -0.00178729 -0.00385752 0.0018104 -0.00497037 0.0051027 0.0100142 -0.00720468 -0.0104169 0.00765367 -0.0151571 0.000528411 -0.0014838 -0.0145865 0.00345278 0.00153219 0.00185821 0.00181578 -0.0012552 0.000661314 9.29368e-05 0.00921952 -0.0143721 -0.00593341 0.00709459
internal_weight=282240 141450 140790 115424 113434 97366 104096 80045 52944 28016 24051 44422 45984 15542 33644 11328 14572 12687 25366 47317 31034 9902 12474 20674 34061 1614 28662 10830 3514 10360
internal_count=282240 141450 140790 115424 113434 97366 104096 80045 52944 28016 24051 44422 45984 15542 33644 11328 14572 12687 25366 47317 31034 9902 12474 20674 34061 1614 28662 10830 3514 10360
is_linear=0
shrinkage=0.05


Tree=5
num_leaves=31
num_cat=0
split_feature=14 6 13 13 14 14 6 13 13 7 7 7 8 13 14 3 7 14 8 3 13 16 8 3 16 7 2 14 13 14
split_gain=2462.34 1479.4 923.647 862.16 804.046 619.361 520.467 498.812 364.368 337.676 248.82 240.291 194.996 181.519 161.027 205.859 149.624 148.245 136.485 137.657 131.151 243.591 100.641 98.0558 112.456 97.9467 97.6773 96.9774 106.53 91.9932
threshold=49.185000000000009 1.0959541150603584 45.101000000000006 55.635000000000012 8.1440000000000019 5.5515000000000008 0.94342258363213427 11.151000000000002 93.122500000000016 0.92844396307923083 1.3301345007876055 1.0242318822648477 0.85038508141324576 3.0010000000000003 25.682500000000001 4.5000000000000009 1.3834054739966144 74.431500000000014 0.9245852913966307 1.5000000000000002 252.66000000000003 122.12975000000002 0.99857713534972048 2.5000000000000004 0.28025000000000005 0.94999503405360686 3.5000000000000004 -0.40849999999999992 14.175000000000002 -0.40849999999999992
decision_type=2 2 10 8 2 2 2 8 10 2 2 2 2 8 2 2 2 2 2 2 10 2 2 2 2 2 2 2 10 2
left_child=1 2 4 22 9 16 18 25 11 -1 -7 17 -9 29 -14 -16 -3 26 -5 -20 21 -10 -2 -18 -25 -6 -8 -15 -29 -11
right_child=3 5 -4 6 7 10 8 12 20 13 -12 -13 14 27 15 -17 23 -19 19 -21 -22 -23 -24 24 -26 -27 -28 28 -30 -31
leaf_value=0.43917149984940518 -0.83335598603146765 0.082872130272415245 1.5322786116525213 0.46565725466752056 -0.033520876009397196 -0.21450259034755614 0.012636233807222919 0.46151662772745716 0.41428142702171117 0.10439772817280701 -0.48199718741299868 -1.8994725147899274 0.13798141037668285 0.37736706443601853 0.20791870227848364 -0.18370963559104572 0.384375766693831 -1.2107613441160312 0.9494177517656941 -0.72530457650363123 3.4431158873441827 -1.69323211704548 -1.6117980834540799 0.17882092461889609 -0.061632958419290368 -0.44602878691541314 -0.63176153264597623 0.11464513452167158 0.57047294035668017 -0.08148088994200714
leaf_weight=15046 4468 8502 19552 13671 2403 12626 10076 10486 6432 1170 9462 7445 26360 4492 11863 17058 598 26123 1388 4513 1883 3630 18541 452 4626 7586 6310 18178 3764 3536
leaf_count=15046 4468 8502 19552 13671 2403 12626 10076 10486 6432 1170 9462 7445 26360 4492 11863 17058 598 26123 1388 4513 1883 3630 18541 452 4626 7586 6310 18178 3764 3536
internal_value=-0.00028947 0.00329095 0.00560024 -0.00638113 0.00398263 -0.00571886 -0.00396736 0.000812477 -0.00621456 0.00918244 -0.0109539 -0.00809044 0.00239368 0.00621066 0.00120792 -0.00136838 0.00243687 -0.00663918 0.00313969 -0.00321556 0.00163039 -0.000636056 -0.0149279 -0.00384954 -0.00610477 -0.00959806 -0.00291102 0.00782137 0.0064511 -0.0028368
internal_weight=282240 177760 141494 104480 121942 36266 81471 75756 61899 46186 22088 49954 65767 31140 55281 28921 14178 42509 19572 5901 11945 10062 23009 5676 5078 9989 16386 26434 21942 4706
internal_count=282240 177760 141494 104480 121942 36266 81471 75756 61899 46186 22088 49954 65767 31140 55281 28921 14178 42509 19572 5901 11945 10062 23009 5676 5078 9989 16386 26434 21942 4706
is_linear=0
shrinkage=0.05


Tree=6
num_leaves=31
num_cat=0
split_feature=14 6 13 14 13 13 14 13 8 7 6 7 16 13 7 8 13 7 14 3 7 3 5 0 13 16 16 3 3 3
split_gain=2207.93 1412.86 956.596 820.438 792.148 518.556 515.529 475.364 324.983 298.696 186.32 173.636 170.007 183.722 167.965 184.257 162.325 147.157 135.997 128.353 120.743 119.525 110.942 103.652 102.221 107.851 97.71 94.5489 94.9492 91.0851
threshold=54.442500000000003 1.2059739439316013 45.822500000000012 8.1440000000000019 87.731500000000025 21.801500000000004 8.1440000000000019 54.195000000000007 0.8767897626567579 0.92844396307923083 1.2961966455475591 1.5312033837241235 117.55335000000001 252.66000000000003 0.78462975126598034 1.1504193778226113 3.5610000000000004 1.3301345007876055 28.752500000000001 4.5000000000000009 0.67853887889321329 1.5000000000000002 1.0000000180025095e-35 1.5000000000000002 4.9925000000000006 20.087250000000001 3.49275 4.5000000000000009 9.5000000000000018 9.5000000000000018
decision_type=2 2 10 2 10 8 2 8 2 2 2 2 2 10 2 2 8 2 2 2 2 2 2 2 10 2 2 2 2 2
left_child=1 2 3 9 7 20 11 -2 23 -1 22 -3 -6 -14 -7 18 26 -8 27 -20 -5 -12 -10 -9 -22 -26 -11 -16 -29 -21
right_child=4 6 -4 5 12 14 17 8 10 16 21 -13 13 -15 15 -17 -18 -19 19 29 24 -23 -24 -25 25 -27 -28 28 -30 -31
leaf_value=0.40687546765046217 -1.5990822320833225 0.041785639035563447 1.385347556275869 0.16858016678971466 0.55054660002382616 0.48544479440919841 -0.33409024062010462 -1.0378311039738877 -0.6861452506743746 0.038893157785664968 0.22030740132961021 -0.062467082392818077 -0.90398732720135411 2.7462475304159386 0.75015696970858226 -0.37978323916100554 0.20037369214073122 -0.63509731163915051 0.16163127441250649 -0.23877011953071944 -0.46110424760102636 -2.1400265521437833 -2.1461095264524661 0.31221241686632384 0.021473538702091923 -0.36861796646350176 -0.13177526170682982 0.030857338284286107 0.52599706592713658 0.12852693288087844
leaf_weight=15858 19756 9982 21748 1761 10280 9260 8774 2257 40417 2635 726 4338 5596 1636 5501 3110 27741 7734 12662 9939 6882 4985 1721 8336 4119 5718 2961 15163 6034 4610
leaf_count=15858 19756 9982 21748 1761 10280 9260 8774 2257 40417 2635 726 4338 5596 1636 5501 3110 27741 7734 12662 9939 6882 4985 1721 8336 4119 5718 2961 15163 6034 4610
internal_value=-0.000323484 0.00284431 0.00478061 0.00320147 -0.00649723 0.000220331 -0.00693525 -0.00864984 -0.00638325 0.00833774 -0.00813758 6.98324e-06 0.00311501 -0.00275857 0.00228541 0.00127107 0.00565063 -0.0129574 0.00195376 -0.000533791 -0.00718615 -0.0166127 -0.00698894 0.00154111 -0.00849782 -0.00522771 -0.00211758 0.0044891 0.0029733 -0.00373737
internal_weight=282240 186530 155702 133954 95710 84759 30828 78198 58442 49195 47849 14320 17512 7232 66279 57019 33337 16508 53909 27211 18480 5711 42138 10593 16719 9837 5596 26698 21197 14549
internal_count=282240 186530 155702 133954 95710 84759 30828 78198 58442 49195 47849 14320 17512 7232 66279 57019 33337 16508 53909 27211 18480 5711 42138 10593 16719 9837 5596 26698 21197 14549
is_linear=0
shrinkage=0.05


Tree=7
num_leaves=31
num_cat=0
split_feature=14 6 6 8 8 14 3 3 14 14 3 3 3 7 0 14 0 5 6 2 8 3 3 14 7 0 2 14 10 7
split_gain=2008.98 1148.8 704.072 549.975 540.758 486.677 388.532 380.243 329.024 253.205 240.196 386.119 177.129 174.185 172.313 198.591 171.47 151.862 145.654 141.24 132.131 124.272 118.175 143.804 170.047 136.435 103.215 109.004 101.238 100.942
threshold=39.211000000000006 1.0959541150603584 1.2988455984364415 0.99022976845595789 0.88496692339787264 8.1440000000000019 4.5000000000000009 5.5000000000000009 3.6815000000000002 62.115000000000002 6.5000000000000009 9.5000000000000018 1.5000000000000002 1.5312033837241235 1.5000000000000002 13.001000000000003 1.5000000000000002 1.0000000180025095e-35 1.473189675291432 1.5000000000000002 1.0168306545709338 2.5000000000000004 10.500000000000002 139.54100000000003 0.73680578632921045 1.5000000000000002 4.5000000000000009 29.756500000000006 -0.16666666666666693 0.82695232940935581
decision_type=2 2 2 2 2 2 2 2 2 2 2 2 2 2 2 2 2 2 2 2 2 2 2 2 2 2 2 2 2 2
left_child=1 4 3 16 14 13 26 29 -9 19 20 -12 28 -3 15 -1 21 22 -7 -5 -10 -2 23 24 -11 -26 27 -6 -4 -8
right_child=2 5 12 9 6 18 7 8 10 17 11 -13 -14 -15 -16 -17 -18 -19 -20 -21 -22 -23 -24 -25 25 -27 -28 -29 -30 -31
leaf_value=0.35101055219570843 0.57695390071134689 0.048180678361691043 0.81003284756357241 0.19315518685538435 1.1892289101679943 -0.24398617488887214 0.88787427342510528 0.20235501993146077 0.58471689907263247 0.3550043192718641 -0.090889175998473015 0.3378302462372843 -1.7496196860777851 -0.056829468434829382 1.034225502757232 -0.013082171570788488 0.35087283760110283 -2.4883541065873622 -0.50636745330511779 -0.29182670090755969 -0.13777829251189241 -0.83572064927047318 -0.5860504314392655 -3.2036923268132824 -1.0803159866394667 -0.66089100903593467 0.20536356699370872 0.32174233897760462 -1.1259023116324514 -0.35581809666468006
leaf_weight=11756 1404 12828 710 8618 10168 8576 478 17282 5396 2948 27000 16680 11544 4646 11402 4710 20300 2242 7262 19156 782 4132 14510 6122 10770 19810 7974 4376 860 7798
leaf_count=11756 1404 12828 710 8618 10168 8576 478 17282 5396 2948 27000 16680 11544 4646 11402 4710 20300 2242 7262 19156 782 4132 14510 6122 10770 19810 7974 4376 860 7798
internal_value=-0.000392751 0.00331806 -0.00518818 -0.00388276 0.00550428 -0.00493816 0.00375559 0.00203471 0.0032812 -0.00584133 0.00122047 -8.4707e-05 -0.0161392 0.000815497 0.0116496 0.00837787 0.00249845 -0.00776568 -0.0112861 -0.00193346 0.0104484 -0.00530166 -0.00723781 -0.00865069 -0.00736399 -0.00846959 0.00951905 0.0120256 -0.000382166 -0.00807757
internal_weight=282240 159114 123126 110012 125802 33312 97934 75416 67140 84176 49858 43680 13114 17474 27868 16466 25836 56402 15838 27774 6178 5536 54160 39650 33528 30580 22518 14544 1570 8276
internal_count=282240 159114 123126 110012 125802 33312 97934 75416 67140 84176 49858 43680 13114 17474 27868 16466 25836 56402 15838 27774 6178 5536 54160 39650 33528 30580 22518 14544 1570 8276
is_linear=0
shrinkage=0.05


Tree=8
num_leaves=31
num_cat=0
split_feature=16 7 13 13 16 13 13 16 13 6 13 8 6 16 16 8 3 13 13 8 16 16 16 16 8 16 3 2 13 3
split_gain=1591.89 1237.37 792.53 789.658 563.211 498.997 476.718 372.822 363.466 318.342 303.907 280.981 212.253 198.045 170.215 154.559 172.197 152.093 139.028 131.784 130.006 127.05 117.852 105.837 100.293 100.204 98.6334 93.4799 92.8063 84.4642
threshold=47.707500000000003 1.0564848700531038 87.731500000000025 48.375000000000007 14.9215 39.981500000000004 23.122500000000006 4.7289000000000003 4.7010000000000014 1.2988455984364415 34.583500000000008 0.99022976845595789 1.3845864702684565 95.707000000000008 76.364000000000019 0.97901316779805636 4.5000000000000009 16.174000000000003 228.58500000000004 0.98710200835667272 3.49275 148.69947500000001 26.820500000000003 -0.49174999999999991 0.88496692339787264 29.464625000000002 1.5000000000000002 1.0000000180025095e-35 74.153500000000022 1.5000000000000002
decision_type=2 2 10 10 2 8 8 2 8 2 10 2 2 2 2 2 2 10 10 2 2 2 2 2 2 2 2 2 8 2
left_child=1 3 5 4 8 27 -6 -3 20 11 12 -7 24 -4 -13 -8 25 19 21 -10 -1 -15 -18 -21 -9 -17 -11 -2 -16 -14
right_child=2 7 13 -5 6 9 15 10 17 26 -12 14 29 18 28 16 22 -19 -20 23 -22 -23 -24 -25 -26 -27 -28 -29 -30 -31
leaf_value=0.044736817982147042 -0.97734265108708451 0.029298765101795656 0.8602029535032728 1.4241922846058839 -0.30307414352146522 0.14738762970668381 0.54926155971547341 -0.021333237783459264 0.37932498811741716 0.10546522211286052 0.39681680219317933 -0.23169512445827839 -0.051557468076039586 0.047761022369014895 -1.6601885126409734 1.0579674234608643 0.081358929573949024 0.60215758874288761 2.6575641039853437 0.35950842686277829 -0.12478582610821354 -2.290890682360327 -0.14766567893488844 0.11277023617103832 -0.22505849837467162 0.16216479359166647 -1.8732323270534204 -1.7215281475767548 -1.1254002379327213 -0.34401940901952877
leaf_weight=3922 4082 9636 8158 16451 13621 15201 8452 5744 12185 820 3478 24639 1186 6310 3971 3362 13299 7690 2193 1948 5237 2422 14485 22231 9272 10413 6311 13184 21935 10402
leaf_count=3922 4082 9636 8158 16451 13621 15201 8452 5744 12185 820 3478 24639 1186 6310 3971 3362 13299 7690 2193 1948 5237 2422 14485 22231 9272 10413 6311 13184 21935 10402
internal_value=-0.00042889 0.00255471 -0.00515491 0.00486286 0.00341885 -0.00711453 0.000244374 -0.0051916 0.00721487 -0.0053038 -0.00793332 -0.00421547 -0.00975041 0.00410182 -0.00600801 0.00250295 0.00124943 0.00909906 -0.000299771 0.00774805 -0.00184791 -0.00312643 -0.00101677 0.00561127 -0.00582712 0.00582033 -0.015338 -0.0147573 -0.00883772 -0.0148343
internal_weight=282240 173014 109226 133296 116845 90143 63632 39718 53213 72877 30082 65746 26604 19083 50545 50011 41559 44054 10925 36364 9159 8732 27784 24179 15016 13775 7131 17266 25906 11588
internal_count=282240 173014 109226 133296 116845 90143 63632 39718 53213 72877 30082 65746 26604 19083 50545 50011 41559 44054 10925 36364 9159 8732 27784 24179 15016 13775 7131 17266 25906 11588
is_linear=0
shrinkage=0.05


Tree=9
num_leaves=31
num_cat=0
split_feature=14 6 7 8 14 8 3 3 14 14 0 0 3 3 8 0 7 3 3 14 8 8 14 7 3 10 3 0 3 3
split_gain=1682.79 881.278 859.501 514.287 350.504 348.253 331.379 333.079 303.365 233.208 205.925 191.676 177.309 165.331 153.849 153.014 152.639 144.795 183.152 198.712 176.405 137.477 121.852 119.499 115.574 113.611 112.453 136.902 111.992 161.85
threshold=29.756500000000006 1.2845840330907914 1.0690345432842003 0.8767897626567579 62.115000000000002 0.97901316779805636 4.5000000000000009 5.5000000000000009 9.1890000000000018 -0.40849999999999992 1.5000000000000002 1.5000000000000002 1.5000000000000002 4.5000000000000009 1.1463077648101003 1.5000000000000002 0.7144275773362031 6.5000000000000009 9.5000000000000018 3.6815000000000002 1.1136514582521042 1.2695660391111645 13.001000000000003 1.584769099722819 1.5000000000000002 -0.16666666666666693 10.500000000000002 1.5000000000000002 8.5000000000000018 6.5000000000000009
decision_type=2 2 2 2 2 2 2 2 2 2 2 2 2 2 2 2 2 2 2 2 2 2 2 2 2 2 2 2 2 2
left_child=2 3 5 11 13 15 -7 -8 23 -9 -10 -2 25 -5 -12 22 24 20 19 -19 -11 28 -1 -4 -6 -3 27 -18 29 -15
right_child=1 12 8 4 16 6 7 9 10 17 14 -13 -14 21 -16 -17 26 18 -20 -21 -22 -23 -24 -25 -26 -27 -28 -29 -30 -31
leaf_value=0.30830533914108699 -0.42342578018104948 0.76261455688069058 0.030776897917346259 0.10877044014051061 1.1413857386719879 0.85763186562517368 -0.31081506057943997 0.29748684511219559 -0.34721166409346726 0.5622262862610411 0.39911212396674661 0.44705591544359885 -1.4120558354343478 -0.067366814560123153 -0.45352384156789238 1.032548031619261 -1.1550031915141792 0.13759047429736368 0.28494813723310908 -0.072337373379590009 -0.10422481825345908 -0.99311998341218954 0.046852661209688673 -0.054476587923377277 -0.24100264255520565 -0.9171390900867652 -0.7475530987781831 -0.80899422577721036 0.072549942073067183 -0.45811224333749173
leaf_weight=14108 5474 844 14490 22244 1332 14420 6288 4920 7494 6148 2684 18866 14186 7374 2078 7994 12720 5546 16134 22298 964 1606 4396 4810 3434 1100 15222 26970 10532 5564
leaf_count=14108 5474 844 14490 22244 1332 14420 6288 4920 7494 6148 2684 18866 14186 7374 2078 7994 12720 5546 16134 22298 964 1606 4396 4810 3434 1100 15222 26970 10532 5564
internal_value=-0.000443948 -0.0041348 0.00359459 -0.00278023 -0.00427251 0.00580239 0.00409552 0.00251453 -0.00362689 0.00373951 -0.00977888 0.00377979 -0.0151643 -0.00105875 -0.00164847 0.0107442 -0.00682077 0.0027383 0.00166788 -0.000788321 0.00935742 -0.00384232 0.00824687 0.000279793 0.00176248 -0.00100309 -0.00756574 -0.00896699 -0.00287388 -0.00599011
internal_weight=282240 147468 134772 131338 106998 103216 76718 62298 31556 56010 12256 24340 16130 47320 4762 26498 59678 51090 43978 27844 7112 25076 18504 19300 4766 1944 54912 39690 23470 12938
internal_count=282240 147468 134772 131338 106998 103216 76718 62298 31556 56010 12256 24340 16130 47320 4762 26498 59678 51090 43978 27844 7112 25076 18504 19300 4766 1944 54912 39690 23470 12938
is_linear=0
shrinkage=0.05


Tree=10
num_leaves=31
num_cat=0
split_feature=14 13 7 13 14 13 13 13 14 6 8 8 7 16 13 6 6 13 3 16 14 5 3 3 14 16 16 3 8 15
split_gain=1513.57 1185.71 934.308 719.569 620.445 457.516 412.999 389.927 315.963 247.139 218.333 191.506 180.901 129.849 138.272 126.695 124.766 122.878 122.21 121.412 111.161 97.8111 95.0166 147.796 115.123 102.433 91.7828 105.314 88.3945 88.295
threshold=59.45150000000001 53.427500000000002 1.2376392849291038 62.70150000000001 14.115 23.891500000000004 4.1015000000000006 94.249000000000009 5.5515000000000008 0.94342258363213427 1.2213280523756953 0.96973023853934148 1.0360042597932013 117.55335000000001 252.66000000000003 0.83720496759623242 1.0959541150603584 20.993500000000004 1.5000000000000002 6.6202500000000013 -0.72899999999999987 1.0000000180025095e-35 6.5000000000000009 9.5000000000000018 29.086000000000002 30.185725000000001 1.5095000000000003 2.5000000000000004 1.1694126047795292 77.185000000000016
decision_type=2 10 2 8 2 8 8 10 2 2 2 2 2 2 10 2 2 10 2 2 2 2 2 2 2 2 2 2 2 2
left_child=1 2 4 -2 6 -6 19 9 26 -5 15 -8 21 -9 -15 -7 -10 20 -12 -1 -13 -11 25 24 -24 -17 -4 -28 -3 -26
right_child=3 28 8 7 5 10 11 13 16 12 18 17 -14 14 -16 22 -18 -19 -20 -21 -22 -23 23 -25 29 -27 27 -29 -30 -31
leaf_value=0.0059433191602196629 -1.4341142547048695 1.3692011327889109 0.084827826956912003 0.053455900283699564 -0.32318210512225143 0.42788631067141125 0.40134380567009487 0.59590936821768281 -0.22331333865990236 -0.61994035274606241 1.6386251428638943 0.33179938797711034 -1.7741180750970658 -0.66052839220975035 2.542737125206747 0.47305210103038275 -0.41165500173091624 0.57534945124454961 -0.49026841141475264 -0.23420313812690463 0.081974043527914209 -2.2123213902954753 -0.024374498853452775 0.23384744802117163 -0.40279599139944422 0.069913846164634627 0.18633005295779126 -0.053479944784712678 0.30261868163612737 0.28292703566994243
leaf_weight=6601 20100 19494 1958 12398 16202 9138 18111 8297 4714 32885 601 3838 5949 5304 1636 6130 11998 4938 3794 3584 29221 1413 8602 8489 4763 20854 1144 6738 2416 930
leaf_count=6601 20100 19494 1958 12398 16202 9138 18111 8297 4714 32885 601 3838 5949 5304 1636 6130 11998 4938 3794 3584 29221 1413 8602 8489 4763 20854 1144 6738 2416 930
internal_value=-0.000508255 0.0019559 0.000563105 -0.00594894 0.00213415 -0.000844308 0.00570611 -0.00348841 -0.00806342 -0.00552712 0.00107463 0.00738754 -0.0074285 0.00355549 -0.00149135 0.00187672 -0.0122487 0.00537082 -0.00967577 -0.0035567 0.00427191 -0.00603242 0.000883098 -0.00149447 -0.00459776 0.0028906 -0.000955285 -0.00336209 0.0129119 -0.0101133
internal_weight=282240 194258 172348 87982 145796 79503 66293 67882 26552 52645 63301 56108 40247 15237 6940 58906 16712 37997 4395 10185 33059 34298 49768 22784 14295 26984 9840 7882 21910 5693
internal_count=282240 194258 172348 87982 145796 79503 66293 67882 26552 52645 63301 56108 40247 15237 6940 58906 16712 37997 4395 10185 33059 34298 49768 22784 14295 26984 9840 7882 21910 5693
is_linear=0
shrinkage=0.05


Tree=11
num_leaves=31
num_cat=0
split_feature=6 16 13 13 13 16 16 13 16 13 8 3 13 7 16 16 8 2 10 8 3 13 16 7 3 3 13 16 10 16
split_gain=1375.37 1200.55 875.262 646.892 524.473 487.917 412.702 379.157 248.548 233.31 218.446 204.3 182.637 170.004 166.285 149.089 130.467 127.05 117.157 112.117 120.417 107.197 109.153 103.967 119.704 99.9004 92.2633 82.3177 79.7322 78.685
threshold=1.380487635449712 47.707500000000003 45.822500000000012 57.085000000000008 5.9910000000000005 9.3087500000000016 19.430150000000001 94.249000000000009 8.0850000000000026 17.635000000000002 0.99857713534972048 1.5000000000000002 24.612500000000001 0.62585625721226001 92.512250000000009 105.20437500000001 1.1604702845722512 1.0000000180025095e-35 0.15714285714285617 1.0949809965926092 10.500000000000002 252.66000000000003 212.77375000000004 0.88065103328362782 4.5000000000000009 9.5000000000000018 27.473500000000005 -0.49174999999999991 1.1214285714285708 -0.49174999999999991
decision_type=2 2 10 8 8 2 2 10 2 10 2 2 8 2 2 2 2 2 2 2 2 10 2 2 2 2 10 2 2 2
left_child=1 2 4 17 8 -2 9 10 29 13 -5 18 -8 -6 28 -9 23 -3 -7 20 27 22 -17 -14 -25 -26 -19 -15 -12 -1
right_child=5 3 -4 7 6 11 12 15 -10 -11 14 -13 16 19 -16 21 -18 26 -20 -21 -22 -23 -24 24 25 -27 -28 -29 -30 -31
leaf_value=0.15517846793958648 -0.0098176621394742824 -0.39075967800766209 1.2062019035778488 0.16887579523416543 0.49341593403274742 0.91752968987158057 -0.23975306919034739 0.88520290043294847 -0.34179820468693345 0.46820014467623311 -0.16488641953519731 -0.8503875973223215 0.53559357597130453 0.29732250599191001 -1.62286462516959 0.034059085407947269 -0.38353395914342142 -1.7256064882588882 -0.46997786135633979 -0.023966564970441254 0.64479510029354814 2.61397501717639 -6.0029947933413208 0.26211401304458137 -0.096178550048007239 0.22093006903976026 -0.68462545985079037 0.099275340016374447 -1.1481615469189284 -0.012775616189308274
leaf_weight=1006 9296 4781 18946 14853 6043 846 7604 7766 9976 9729 28454 18036 5934 1820 17254 5615 3250 7159 1560 7873 3077 1728 936 13214 16005 6931 9930 31743 1632 9243
leaf_count=1006 9296 4781 18946 14853 6043 846 7604 7766 9976 9729 28454 18036 5934 1820 17254 5615 3250 7159 1560 7873 3077 1728 936 13214 16005 6931 9930 31743 1632 9243
internal_value=-0.000526148 0.000671678 0.00346602 -0.00358213 0.00203825 -0.0106968 0.00336305 -0.00145709 -0.00537824 0.00619184 -0.00322504 -0.0150157 0.000141675 0.00482732 -0.00488488 0.00539576 0.00134447 -0.0111843 -0.00133001 0.00375901 0.00492222 0.000727745 -0.00219432 0.00208987 0.00108299 -0.00110089 -0.0132 0.00405432 -0.00264076 9.02527e-05
internal_weight=282240 252502 152394 100108 133448 29738 113223 78238 20225 60285 62193 20442 52938 50556 47340 16045 45334 21870 2406 44513 36640 8279 6551 42084 36150 22936 17089 33563 30086 10249
internal_count=282240 252502 152394 100108 133448 29738 113223 78238 20225 60285 62193 20442 52938 50556 47340 16045 45334 21870 2406 44513 36640 8279 6551 42084 36150 22936 17089 33563 30086 10249
is_linear=0
shrinkage=0.05


Tree=12
num_leaves=31
num_cat=0
split_feature=6 16 13 13 16 13 13 16 16 7 16 7 8 2 8 10 13 16 2 16 0 16 7 13 16 7 5 15 15 13
split_gain=1290.16 1102.91 760.138 756.51 469.954 466.629 428.632 266.363 241.559 240.686 194.519 165.975 154.042 126.467 125.012 119.246 109.212 133.649 102.619 102.417 99.7306 98.5019 95.289 94.0103 84.7642 83.9476 74.8387 73.4855 68.7747 66.945
threshold=1.380487635449712 32.780750000000005 38.125000000000007 24.612500000000001 10.981825000000001 80.355000000000004 4.9925000000000006 76.364000000000019 80.671225000000007 0.78462975126598034 3.49275 0.7144275773362031 1.0086913317609019 1.0000000180025095e-35 1.2116795394887745 -1.0000000180025095e-35 181.19500000000002 140.10249999999999 1.5000000000000002 59.899250000000002 1.5000000000000002 16.208875000000003 1.3041248707470923 23.122500000000006 236.19477499999999 1.584769099722819 1.0000000180025095e-35 38.371500000000005 18.275000000000002 119.77750000000002
decision_type=2 2 8 10 2 10 8 2 2 2 2 2 2 2 2 2 10 2 2 2 2 2 2 8 2 2 2 2 2 10
left_child=1 3 13 6 25 7 10 14 -7 -8 -1 -9 21 -3 15 -4 17 29 26 -15 -13 28 -6 -23 -18 -2 -17 -25 -11 -10
right_child=4 2 5 -5 22 8 9 11 16 12 -12 20 -14 19 -16 18 24 -19 -20 -21 -22 23 -24 27 -26 -27 -28 -29 -30 -31
leaf_value=0.02665391283077196 0.013412113436006349 -0.29357407126141954 0.45096568799777148 0.75868106489391285 -0.6892542032861011 1.2425212860785786 0.38736287720328949 0.1774799598640224 -0.11156756012842398 0.097232147260916169 -0.16332492913323282 -1.7348388087178952 -0.053306985639988529 -0.45937117599323368 -0.7638079925945882 0.23075244775364814 3.2998214289626855 -1.7919439672816395 -0.13723471833714407 -1.9197304774890918 -0.71952609003768442 -0.13366906820353638 -0.86008284194732176 0.016121289531894869 -0.25446806078328593 -0.057115124188817694 -0.41460724485899086 0.464857244961699 0.39245452050283447 0.63659381598455411
leaf_weight=5099 6784 5035 7591 22350 9844 9094 15333 5080 4865 20895 11582 8176 11062 10154 2902 12235 2174 2351 30322 7557 21136 4779 9698 12786 1215 3412 640 5674 9284 3131
leaf_count=5099 6784 5035 7591 22350 9844 9094 15333 5080 4865 20895 11582 8176 11062 10154 2902 12235 2174 2351 30322 7557 21136 4779 9698 12786 1215 3412 640 5674 9284 3131
internal_value=-0.000528451 0.000631678 -0.00248433 0.00413609 -0.010379 -0.000776742 0.0022162 -0.00242785 0.00559352 0.00373968 -0.00507314 -0.00586328 0.00240074 -0.0108107 -0.00022723 0.000349492 0.00140871 -0.00114284 -0.000666134 -0.0127985 -0.00730929 0.00351286 -0.0149191 0.0010661 0.00919888 -0.00167713 0.00307379 0.00268418 0.00539696 0.00193847
internal_weight=282240 252502 133658 118844 29738 110912 96494 88082 22830 79813 16681 34392 64480 22746 53690 50788 13736 10347 43197 17711 29312 53418 19542 23239 3389 10196 12875 18460 30179 7996
internal_count=282240 252502 133658 118844 29738 110912 96494 88082 22830 79813 16681 34392 64480 22746 53690 50788 13736 10347 43197 17711 29312 53418 19542 23239 3389 10196 12875 18460 30179 7996
is_linear=0
shrinkage=0.05


Tree=13
num_leaves=31
num_cat=0
split_feature=14 13 13 7 8 3 13 13 7 14 14 8 16 14 2 0 3 3 14 10 8 14 14 5 13 16 0 16 3 3
split_gain=1219.7 814.993 758.268 521.32 474.61 577.9 378.948 369.219 241.971 241.816 199.2 186.697 184.507 183.272 144.364 143.203 137.358 219.934 149.342 126.978 120.463 110.33 108.63 99.7612 96.6404 136.188 94.5564 92.6582 91.1643 133.285
threshold=32.601000000000006 25.943500000000004 34.981500000000004 1.2376392849291038 1.2370981468828388 1.5000000000000002 73.21250000000002 4.9410000000000016 0.90807413136623338 72.622500000000016 9.1890000000000018 0.83226736545657365 6.6202500000000013 75.33250000000001 1.5000000000000002 1.5000000000000002 4.5000000000000009 5.5000000000000009 3.6815000000000002 0.021428571428571633 1.2695660391111645 65.02500000000002 13.001000000000003 1.0000000180025095e-35 172.27250000000001 148.69947500000001 2.5000000000000004 1.7362500000000003 9.5000000000000018 6.5000000000000009
decision_type=2 10 8 2 2 2 10 8 2 2 2 2 2 2 2 2 2 2 2 2 2 2 2 2 10 2 2 2 2 2
left_child=1 3 20 7 6 -6 8 12 -4 14 27 15 -1 -8 -10 22 19 -18 -19 -13 21 -2 -9 -3 25 -15 -11 -5 29 -20
right_child=2 23 4 10 5 -7 13 11 9 26 -12 16 -14 24 -16 -17 17 18 28 -21 -22 -23 -24 -25 -26 -27 -28 -29 -30 -31
leaf_value=0.010168459082906934 -0.40935726695589292 0.75339547471025625 0.25354043052700587 0.065221668714565098 0.76890698688894998 -1.3284253947804006 1.1506954978006794 0.24623236587597455 0.16450726146810696 -1.2202730620343338 -0.30331875302683547 0.80485878849585613 -0.25104719379246138 0.094098275723006275 -0.21245469210575263 0.88871797513348882 -0.28135067085857007 0.17933456237595213 0.36642832491435506 -0.021199843594131275 -1.4266589643078365 -1.7079631731056695 -0.091743164609272995 -0.16430610192905148 1.8074979939417017 -2.4231465964932415 -0.53379723248869382 -0.045147724484418297 0.22513054247086262 -0.061525782390893818
leaf_weight=7607 10900 24573 14404 2150 2839 10919 7916 8957 11368 17522 7887 9377 7705 9706 25303 4674 4938 13165 3701 3182 3206 8601 3034 1221 3639 1781 11550 9799 10733 19883
leaf_count=7607 10900 24573 14404 2150 2839 10919 7916 8957 11368 17522 7887 9377 7705 9706 25303 4674 4938 13165 3701 3182 3206 8601 3034 1221 3639 1781 11550 9799 10733 19883
internal_value=-0.000561579 0.00269136 -0.00388281 0.000914874 -0.00225936 -0.0109827 -0.00109629 0.00242584 -0.00272094 -0.00400689 -0.00647056 0.00376206 -0.00469893 0.00455473 -0.00130689 0.00848335 0.00255121 0.00142598 0.00247041 0.00724779 -0.012244 -0.0107674 0.00558961 0.0107351 0.00132884 -0.000920606 -0.00741263 -0.00239978 0.000733601 -0.00100492
internal_weight=282240 142586 139654 116792 116947 13758 103189 96956 80147 65743 19836 81644 15312 23042 36671 16665 64979 52420 47482 12559 22707 19501 11991 25794 15126 11487 29072 11949 34317 23584
internal_count=282240 142586 139654 116792 116947 13758 103189 96956 80147 65743 19836 81644 15312 23042 36671 16665 64979 52420 47482 12559 22707 19501 11991 25794 15126 11487 29072 11949 34317 23584
is_linear=0
shrinkage=0.05


Tree=14
num_leaves=31
num_cat=0
split_feature=6 14 13 13 14 13 13 14 14 16 13 7 3 8 16 8 13 2 3 8 2 13 16 3 15 14 3 3 14 3
split_gain=1185.23 1022.38 666.914 549.286 448.8 406.467 338.528 301.053 219.968 198.323 151.309 145.94 142.089 138.839 128.247 127.46 125.816 122.382 114.179 98.2598 95.2163 87.4495 96.6284 85.1828 101.464 84.8234 84.2795 95.3506 107.365 84.5898
threshold=1.380487635449712 40.025000000000013 53.427500000000002 38.125000000000007 10.322500000000002 6.4640000000000013 89.855000000000004 14.115 104.61900000000001 6.6202500000000013 15.761000000000001 0.95870484456311134 1.5000000000000002 1.1604702845722512 100.85910000000001 0.83226736545657365 88.857500000000016 1.5000000000000002 1.5000000000000002 1.2116795394887745 1.0000000180025095e-35 228.58500000000004 179.13925000000003 6.5000000000000009 4.363500000000001 71.612500000000011 10.500000000000002 4.5000000000000009 -2.2874999999999996 5.5000000000000009
decision_type=2 2 10 8 2 8 10 2 2 2 10 2 2 2 2 2 8 2 2 2 2 10 2 2 2 2 2 2 2 2
left_child=1 2 5 20 -2 9 8 10 11 -1 15 18 -6 23 -8 -7 -10 -13 -5 -20 -3 22 -16 -9 -25 -22 27 -17 -29 -30
right_child=4 3 -4 6 12 7 14 13 16 -11 -12 17 -14 -15 21 26 -18 -19 19 -21 25 -23 -24 24 -26 -27 -28 28 29 -31
leaf_value=0.010456732250937857 -0.019204315592379555 -0.39688792601496065 1.3957656739380302 1.3223705990587575 -0.15596298822699223 0.32407120943578049 0.75395847712720754 0.2048199685260772 -2.0228224004929145 -0.23826132103582054 0.4472468678424239 0.086195000325513638 -0.83600338416900222 -0.28981243236379112 0.060995417102054722 0.36598336300234624 -0.99144662121493166 -0.33748113106574129 0.26211198169946825 -0.86359841241768864 -0.56445702366966222 2.1911480576235229 -3.7236369107115479 0.14784502532668739 -0.049817294904577696 -1.9155415026785105 0.38387462994915444 0.380878087172141 -0.17989881008292166 0.030701255022394104
leaf_weight=9433 11048 3934 14692 1164 2172 11060 8175 20933 3760 10781 10542 13592 16518 4494 5804 5840 16403 29693 9843 1340 7174 2143 1233 3706 23504 6130 3130 1389 3040 19570
leaf_count=9433 11048 3934 14692 1164 2172 11060 8175 20933 3760 10781 10542 13592 16518 4494 5804 5840 16403 29693 9843 1340 7174 2143 1233 3706 23504 6130 3130 1389 3040 19570
internal_value=-0.000597895 0.000514055 0.00331811 -0.0030959 -0.0100393 0.00215504 -0.00157864 0.00338128 -0.00302098 -0.00434847 0.00598349 -0.00139937 -0.0147619 0.000683455 0.00472054 0.0046952 -0.00749516 -0.00276712 0.00339556 0.00184432 -0.0112948 0.000664488 -0.00202856 0.00146802 -0.0003767 -0.0133155 0.00313704 0.00231827 0.000923997 9.50907e-05
internal_weight=282240 252502 142114 110388 29738 127422 93150 107208 75795 20214 54571 55632 18690 52637 17355 44029 20163 43285 12347 11183 17238 9180 7037 48143 27210 13304 32969 29839 23999 22610
internal_count=282240 252502 142114 110388 29738 127422 93150 107208 75795 20214 54571 55632 18690 52637 17355 44029 20163 43285 12347 11183 17238 9180 7037 48143 27210 13304 32969 29839 23999 22610
is_linear=0
shrinkage=0.05


Tree=15
num_leaves=31
num_cat=0
split_feature=6 14 13 14 13 13 13 14 3 8 8 10 16 16 0 13 3 16 3 13 8 3 16 3 3 14 10 16 13 15
split_gain=1116.89 892.959 610.197 529.706 481.664 366.007 292.963 265.32 211.242 203.99 179.955 178.84 161.174 160.369 153.142 140.828 137.303 108.977 108.123 106.963 96.3922 94.8395 108.603 90.9278 99.2786 93.2391 87.3722 86.0248 83.7496 98.6333
threshold=1.1839061703319149 41.812500000000007 51.296500000000002 11.421000000000001 37.693500000000007 6.4640000000000013 90.792500000000018 16.958500000000004 1.5000000000000002 0.79718805139296023 1.3444242495514274 0.021428571428571633 6.6202500000000013 94.65155 1.5000000000000002 18.331000000000003 10.500000000000002 117.55335000000001 4.5000000000000009 37.693500000000007 0.83226736545657365 1.5000000000000002 1.3007500000000003 4.5000000000000009 5.5000000000000009 -2.2874999999999996 0.09999999999999977 18.835700000000003 282.17000000000007 267.93000000000006
decision_type=2 2 10 2 8 8 10 2 2 2 2 2 2 2 2 10 2 2 2 10 2 2 2 2 2 2 2 2 10 2
left_child=1 2 5 21 -3 12 9 15 11 -6 14 -5 -1 -11 27 16 20 -8 -9 -15 -7 -2 -23 26 -25 -26 -22 -10 29 -19
right_child=3 4 -4 8 6 7 17 18 10 13 -12 -13 -14 19 -16 -17 -18 28 -20 -21 23 22 -24 24 25 -27 -28 -29 -30 -31
leaf_value=0.0097887962959911645 0.30606683138566881 -0.90346529525629082 1.2802640433163095 0.82594732306756424 0.25284643942152901 0.28661772840135019 0.67680998108603019 0.24338437487991582 -0.11599632569401491 -0.14979558010943739 -1.0197713434541749 -0.47978215414316261 -0.23485704904610882 -1.1261712127063095 -0.34633854803754555 0.44975040422681672 0.56261481162301874 -0.030173445902601605 -0.029718526171059453 -1.9396675764394602 0.91542368958717368 0.077421211289535288 -0.037752468597743505 -0.19257570703661547 0.39650916106975953 0.040514572856803745 -0.026350906827580525 -0.89412004654424004 2.471990587603675 -6.3917243174953358
leaf_weight=8306 1634 15212 15212 1350 10805 9690 9545 14314 1826 41494 10350 1810 10002 14403 7902 9324 4604 4390 32495 3492 4007 2224 13412 3187 1224 21313 1718 4980 1279 736
leaf_count=8306 1634 15212 15212 1350 10805 9690 9545 14314 1826 41494 10350 1810 10002 14403 7902 9324 4604 4390 32495 3492 4007 2224 13412 3187 1224 21313 1718 4980 1279 736
internal_value=-0.000595592 0.000783098 0.00343991 -0.00777128 -0.00276599 0.00224572 -0.00131756 0.00341543 -0.0119923 -0.0027075 -0.0135286 0.000189873 -0.00426316 -0.0038572 -0.00997416 0.00576797 0.00462639 0.00479937 0.000647845 -0.00781364 0.00370998 -0.000874349 -0.00207214 0.00236653 0.0010982 0.00226627 0.0080655 -0.0154716 -0.000245902 -0.00310183
internal_weight=282240 236752 135396 45488 101356 120184 86144 101876 28218 70194 25058 3160 18308 59389 14708 55067 45743 15950 46809 17895 41139 17270 15636 31449 25724 22537 5725 6806 6405 5126
internal_count=282240 236752 135396 45488 101356 120184 86144 101876 28218 70194 25058 3160 18308 59389 14708 55067 45743 15950 46809 17895 41139 17270 15636 31449 25724 22537 5725 6806 6405 5126
is_linear=0
shrinkage=0.05


Tree=16
num_leaves=31
num_cat=0
split_feature=6 14 14 8 7 7 3 3 7 14 16 3 5 10 8 3 3 3 14 7 3 7 16 3 8 8 3 14 15 10
split_gain=1041.11 824.2 500.636 363.43 302.597 217.517 220.595 277.447 210.233 207.346 186.284 157.646 148.41 138.027 135.88 135.825 165.951 134.638 137.846 117.417 117.083 108.073 106.777 97.1424 121.207 94.6299 90.4088 132.367 100.714 89.1775
threshold=1.1839061703319149 59.45150000000001 13.001000000000003 0.86473996727076907 0.93605794798967856 1.0126391793720475 4.5000000000000009 5.5000000000000009 1.2103491747220745 22.001000000000001 30.185725000000001 1.5000000000000002 1.0000000180025095e-35 0.69999999999999962 1.2909182634980512 6.5000000000000009 8.5000000000000018 10.500000000000002 -2.2874999999999996 0.82695232940935581 7.5000000000000009 1.584769099722819 6.05375 1.5000000000000002 1.1326085893808044 1.0439553513899715 10.500000000000002 212.04000000000005 267.93000000000006 2.2461538461538484
decision_type=2 2 2 2 2 2 2 2 2 2 2 2 2 2 2 2 2 2 2 2 2 2 2 2 2 2 2 2 2 2
left_child=1 3 21 13 23 6 10 19 11 17 25 29 26 -1 -13 -11 -17 18 -9 -8 22 -2 -20 -3 -25 -5 27 -6 -28 -4
right_child=2 4 8 5 12 -7 7 9 -10 15 -12 14 -14 -15 -16 16 -18 -19 20 -21 -22 -23 -24 24 -26 -27 28 -29 -30 -31
leaf_value=0.51512782959518399 0.013594629921241053 0.91009420861544654 0.75474053149519538 1.0414507589174424 -0.51766526027016135 -0.10332096683871846 0.87224898598364886 0.36005872781180376 -0.7755484261143768 0.28390288351959375 0.16030017148743436 -0.27369598774378595 -1.6696893874157042 0.13471131275172163 -0.95900335120112423 -0.20951440354518952 0.036553900758212611 0.50572222348741402 0.0037688525195132107 -0.34793038923426844 0.0095272053844705946 -0.060917500004365549 0.27461044780045579 0.22119042681612636 -0.81816208250047762 0.082807407876052216 0.055472746762993991 -8.1613275388049171 -5.7715387919998014 -0.71068453165818013
leaf_weight=20814 13520 2142 1440 8110 39836 12118 684 1864 13560 4274 22762 6340 2644 12604 5640 9842 13394 5190 4442 8668 26042 4584 7620 12584 2526 2682 12220 1220 2470 404
leaf_count=20814 13520 2142 1440 8110 39836 12118 684 1864 13560 4274 22762 6340 2644 12604 5640 9842 13394 5190 4442 8668 26042 4584 7620 12584 2526 2682 12220 1220 2470 404
internal_value=-0.000600376 0.000730722 -0.00752836 0.00275216 -0.00357473 0.00153729 0.00220551 0.000808339 -0.0117934 0.00185157 0.00562079 -0.00745443 -0.00529371 0.00739422 -0.00954925 -0.00157034 -0.00307712 0.00393618 0.00295236 -0.0072979 0.00230291 -0.00107711 0.00637539 0.00224322 0.000830576 0.0110313 -0.00474474 -0.00594919 -0.00137849 0.0061551
internal_weight=282240 236752 45488 161110 75642 127692 115574 82020 27384 72668 33554 13824 58390 33418 11980 27510 23236 45158 39968 9352 38104 18104 12062 17252 15110 10792 55746 41056 14690 1844
internal_count=282240 236752 45488 161110 75642 127692 115574 82020 27384 72668 33554 13824 58390 33418 11980 27510 23236 45158 39968 9352 38104 18104 12062 17252 15110 10792 55746 41056 14690 1844
is_linear=0
shrinkage=0.05


Tree=17
num_leaves=31
num_cat=0
split_feature=8 14 13 13 7 10 13 14 16 13 16 7 2 10 13 14 7 7 13 0 2 14 0 14 16 14 13 16 16 13
split_gain=947.516 773.976 727.99 432.17 412.324 347.963 338.153 285.751 239.649 201.332 199.574 171.918 144.118 140.644 124.986 117.984 118.172 112.296 109.164 95.5242 94.7582 88.507 82.5569 77.8949 72.9822 69.2045 68.9555 68.5513 67.2364 64.0069
threshold=1.1652365424270499 64.381000000000014 58.602500000000006 64.19250000000001 0.89472381905240528 -1.2499999999999991 4.9925000000000006 22.001000000000001 22.953500000000002 119.77750000000002 6.6202500000000013 0.9395319037303026 1.5000000000000002 2.5500000000000025 18.331000000000003 4.1815000000000007 1.0126391793720475 0.72574888081930544 24.612500000000001 1.5000000000000002 2.5000000000000004 -0.72899999999999987 1.5000000000000002 95.33750000000002 262.24450000000007 146.27500000000003 316.99500000000006 37.58325 28.747875000000004 5.3310000000000004
decision_type=2 2 10 8 2 2 8 2 2 10 2 2 2 2 10 2 2 2 8 2 2 2 2 2 2 2 10 2 2 8
left_child=1 2 4 23 20 15 10 13 29 11 -6 -5 -9 14 21 -2 25 -10 -14 -13 -1 -8 -23 -3 -11 -17 -26 -4 -16 -7
right_child=5 3 27 9 6 8 7 12 17 24 -12 19 18 -15 28 16 -18 -19 -20 -21 -22 22 -24 -25 26 -27 -28 -29 -30 -31
leaf_value=0.5547091250511953 0.08483236318111452 -0.59348417473177451 1.5147530996284087 0.18098673286857797 0.0014229456517240613 -0.10229355326192702 0.26123074869660418 0.092542447841704276 -0.39134175999144866 0.89937856554478945 -0.30357061137319868 -0.97800148497681827 -0.426492621809762 -0.066864747977308125 0.3378321422162518 0.17627998225256586 -0.26122367834660792 -1.084863140505345 -0.10970257771211903 -0.34562601276437832 0.1538105273687298 0.0090728044418737948 0.210132692711677 -2.0518404532121326 -6.6314770192925439 -1.1081070008934768 2.1180317549917804 0.75396877590493117 -0.24165423708001754 -0.052994415798091499
leaf_weight=12167 3602 8618 9922 10043 6000 3046 3589 16010 2824 6844 9216 10729 4327 4523 8681 5732 5586 14056 33000 23218 16848 21765 13985 6421 635 610 458 8817 664 10304
leaf_count=12167 3602 8618 9922 10043 6000 3046 3589 16010 2824 6844 9216 10729 4327 4523 8681 5732 5586 14056 33000 23218 16848 21765 13985 6421 635 610 458 8817 664 10304
internal_value=-0.000598427 0.000675956 0.00247384 -0.0038751 0.00131869 -0.00718422 4.22963e-05 0.00103807 -0.0103093 -0.00171346 -0.00693021 -0.00303592 -0.00154817 0.00363063 0.00441418 -0.00110109 -0.00349598 -0.0142684 -0.00325033 -0.00473606 0.006675 0.00317941 0.00242797 -0.0113389 0.0056161 0.00117471 -0.00638152 0.0117682 0.00961209 -0.00530337
internal_weight=282240 236480 169514 66966 150775 45760 121760 106544 30230 51927 15216 43990 53337 53207 48684 15530 11928 16880 37327 33947 29015 39339 35750 15039 7937 6342 1093 18739 9345 13350
internal_count=282240 236480 169514 66966 150775 45760 121760 106544 30230 51927 15216 43990 53337 53207 48684 15530 11928 16880 37327 33947 29015 39339 35750 15039 7937 6342 1093 18739 9345 13350
is_linear=0
shrinkage=0.05


Tree=18
num_leaves=31
num_cat=0
split_feature=6 14 13 13 14 13 14 16 13 13 3 2 7 13 3 14 5 6 0 3 7 2 14 5 16 13 7 14 13 15
split_gain=918.45 718.335 730.527 452.463 390.922 382.106 378.873 209.697 203.67 154.659 138.8 133.387 131.696 111.282 107.989 94.0386 93.5032 91.7231 89.6116 83.119 82.9133 81.6455 79.5746 79.3332 79.0022 76.7246 75.5934 73.4534 70.1055 91.0079
threshold=1.3917172529412816 70.69250000000001 58.602500000000006 64.19250000000001 15.304000000000002 6.7625000000000002 16.958500000000004 9.061575000000003 112.08250000000001 18.011000000000006 1.5000000000000002 1.5000000000000002 0.65116675717781247 22.641000000000002 10.500000000000002 28.752500000000001 1.0000000180025095e-35 0.83720496759623242 1.5000000000000002 4.5000000000000009 0.5794729495781602 1.0000000180025095e-35 -0.15899999999999997 1.0000000180025095e-35 119.81022500000002 103.36500000000002 1.7621555979647301 104.61900000000001 252.66000000000003 267.93000000000006
decision_type=2 2 10 8 2 8 2 2 10 10 2 2 2 8 2 2 2 2 2 2 2 2 2 2 2 10 2 2 10 2
left_child=1 2 5 -3 26 7 9 22 12 14 -6 23 -5 -13 18 -15 27 -17 20 -20 -7 -9 -1 -8 -10 -4 -2 -14 29 -26
right_child=4 3 25 8 10 6 11 21 24 -11 -12 13 16 15 -16 17 -18 -19 19 -21 -22 -23 -24 -25 28 -27 -28 -29 -30 -31
leaf_value=0.09218872264773742 -0.003682755773843241 -1.2710581672490784 0.70139085260178491 0.23775841933889713 -0.11287068643881255 0.26303845853128277 0.13805428232528275 -0.11375254713793184 0.88913797342567502 0.39867400075449799 -0.81262711978296398 -0.27636211685099726 -0.17081881719046954 0.08043995404579396 0.42583749468906795 0.20048624269666826 -2.0734691186393257 -0.18172737196138875 1.2901277036613725 0.15043246852097103 0.0039823328598746158 -0.39459474364361546 -0.025011408529758351 -0.44101150704752501 0.030389528110875842 2.3489278371071887 -0.08874424449604755 -1.0893032368442099 1.9102485597467738 -5.9788033148122928
leaf_weight=2242 10054 13704 15233 5463 1998 2838 23327 2985 4050 11143 14498 6095 18199 15926 5261 6248 1488 30067 2481 12875 26167 8528 9367 837 3218 6440 2316 17025 1601 566
leaf_count=2242 10054 13704 15233 5463 1998 2838 23327 2985 4050 11143 14498 6095 18199 15926 5261 6248 1488 30067 2481 12875 26167 8528 9367 837 3218 6440 2316 17025 1601 566
internal_value=-0.000617382 0.000345339 0.00191428 -0.00417215 -0.00906776 0.000789575 0.00175217 -0.00517473 -0.00202771 0.00474821 -0.0141065 -0.000454545 -0.00351334 -0.00174849 0.00355286 -0.00100257 -0.00459114 -0.00240741 0.0027496 0.00583811 0.00111446 -0.00995614 -0.000432854 0.00266926 0.00461314 0.0105488 -0.00234842 -0.00407251 0.000645311 -0.00306554
internal_weight=282240 253374 188060 65314 28866 166387 143265 23122 51610 60765 16496 82500 42175 58336 49622 52241 36712 36315 44361 15356 29005 11513 11609 24164 9435 21673 12370 35224 5385 3784
internal_count=282240 253374 188060 65314 28866 166387 143265 23122 51610 60765 16496 82500 42175 58336 49622 52241 36712 36315 44361 15356 29005 11513 11609 24164 9435 21673 12370 35224 5385 3784
is_linear=0
shrinkage=0.05


Tree=19
num_leaves=31
num_cat=0
split_feature=6 14 13 14 13 13 14 7 13 16 13 10 3 13 3 8 8 7 0 8 3 10 3 3 16 0 7 8 14 16
split_gain=870.52 612.646 638.191 448.259 393.201 353.377 332.208 239.617 167.064 146.919 129.69 125.594 123.881 121.822 113.612 112.913 111.426 109.089 108.912 110.597 97.2075 96.2781 91.4684 100.978 89.0175 87.8671 97.7371 96.9415 77.6235 73.7183
threshold=1.12200464476734 74.431500000000014 58.602500000000006 18.962500000000002 71.342500000000015 5.9910000000000005 23.271500000000003 1.0171824617758285 119.77750000000002 9.3087500000000016 25.564500000000006 -0.19285714285714298 2.5000000000000004 18.331000000000003 10.500000000000002 0.8767897626567579 1.3216108548220948 1.7621555979647301 1.5000000000000002 1.2805131507803129 1.5000000000000002 -0.6071428571428602 6.5000000000000009 7.5000000000000009 29.104750000000006 1.5000000000000002 1.0126391793720475 0.89647911874514163 146.27500000000003 37.58325
decision_type=2 2 10 2 8 8 2 2 10 2 8 2 2 10 2 2 2 2 2 2 2 2 2 2 2 2 2 2 2 2
left_child=1 2 5 17 -3 9 13 12 11 -1 -8 -6 28 14 25 -12 -14 21 -9 -20 -21 -2 -17 -24 -15 26 -7 -27 -5 -4
right_child=3 4 29 7 8 6 10 18 -10 -11 15 -13 16 24 -16 22 -18 -19 19 20 -22 -23 23 -25 -26 27 -28 -29 -30 -31
leaf_value=-0.010653469801571176 0.060118386795499391 -1.2284598077862443 1.4010408314468137 0.56209727426166844 0.18178176500664614 0.059617277315850425 -0.26208378680688355 -0.7783335355901474 0.62871413714535762 -0.3327459725535688 0.34747641459744988 -0.5786253078138982 -0.20666696716151664 0.33263662213875045 0.50904293317293359 0.047674277467098493 -1.024659779299725 -0.095114585977403562 -0.36208366231188477 0.074658350819791594 -1.092518898816226 -0.030129367052363333 -0.23360167064084381 -0.077332211521779118 -0.27843822453192785 0.71315149312978365 -0.088735565734445188 0.12524525151134802 -1.6521843113139838 0.64556089218124191
leaf_weight=9314 6762 12683 9951 2322 7880 27779 7405 7220 7573 9607 9432 27994 4432 12650 5758 30652 2836 2916 4470 698 5420 13882 5009 13733 889 3758 3551 14009 374 11281
leaf_count=9314 6762 12683 9951 2322 7880 27779 7405 7220 7573 9607 9432 27994 4432 12650 5758 30652 2836 2916 4470 698 5420 13882 5009 13733 889 3758 3551 14009 374 11281
internal_value=-0.000607462 0.000701795 0.00216131 -0.00649692 -0.00384286 0.0010378 0.00193705 -0.0108004 -0.00158181 -0.00536045 -0.000586961 -0.00300636 -0.00459153 0.00438123 0.00333288 0.000198042 -0.00798707 -0.00142402 -0.0142745 -0.0110455 -0.0154135 -0.000145321 -0.000759202 -0.00351083 0.00862878 0.00255362 0.000960741 0.00536247 0.00456231 0.0102864
internal_weight=282240 230908 174778 51332 56130 153546 134625 27772 43447 18921 66231 35874 9964 68394 54855 58826 7268 23560 17808 10588 6118 20644 49394 18742 13539 49097 31330 17767 2696 21232
internal_count=282240 230908 174778 51332 56130 153546 134625 27772 43447 18921 66231 35874 9964 68394 54855 58826 7268 23560 17808 10588 6118 20644 49394 18742 13539 49097 31330 17767 2696 21232
is_linear=0
shrinkage=0.05


Tree=20
num_leaves=31
num_cat=0
split_feature=8 3 7 14 13 14 13 13 14 14 13 10 10 10 2 10 0 13 7 3 3 3 3 0 14 14 14 13 3 15
split_gain=829.477 723.438 626.968 542.575 523.801 321.738 299.235 296.533 243.402 186.622 166.292 156.219 135.209 120.283 120.213 109.916 104.422 102.136 99.2745 97.3671 95.4865 85.958 108.1 85.8702 80.5602 77.8514 76.8504 91.0305 74.3949 153.677
threshold=1.2213280523756953 1.5000000000000002 0.89472381905240528 74.431500000000014 53.427500000000002 14.941000000000001 4.9925000000000006 62.70150000000001 20.191000000000006 3.2215000000000003 228.58500000000004 1.3571428571428583 0.15714285714285617 2.5500000000000025 1.5000000000000002 2.2071428571428582 2.5000000000000004 18.331000000000003 0.57482658038865264 10.500000000000002 4.5000000000000009 4.5000000000000009 5.5000000000000009 1.5000000000000002 -2.2874999999999996 41.812500000000007 94.378500000000017 88.857500000000016 10.500000000000002 220.45500000000001
decision_type=2 2 2 2 10 2 8 8 2 2 10 2 2 2 2 2 2 10 2 2 2 2 2 2 2 2 2 10 2 2
left_child=2 12 15 4 6 -3 9 -5 13 -4 16 14 -2 17 -10 26 28 19 -7 21 25 -8 -23 -13 -24 -16 27 -1 -9 -30
right_child=1 5 3 7 -6 18 8 10 11 -11 -12 23 -14 -15 20 -17 -18 -19 -20 -21 -22 22 24 -25 -26 -27 -28 -29 29 -31
leaf_value=0.36636102224931977 0.99894220694487379 -0.044132951844390728 0.0071468156510992309 -1.3806214546479769 0.6896826614406123 -0.14602933635022494 0.38741702983600446 -1.0527902355597547 0.097404608162901599 -0.21574091586916283 2.2120333519192781 -0.73327937734202053 0.0035995362407010068 -0.060087131051664723 0.20762682283032119 0.0045392795766228565 -0.13227001236511446 0.28714031951752267 -0.78807952461479669 0.41310403373684701 -0.1959045962355711 -0.16987916896924765 0.32693206652899082 -0.25084961216653368 0.03188036235701102 -0.13080058597257696 0.13353917700641971 1.6232817058991402 0.2202722241471812 -4.1105335747137373
leaf_weight=30502 3376 12888 5446 9976 19234 1824 5449 11462 17537 10758 2165 2045 2728 4683 8033 7872 14628 8122 18440 3112 23411 3696 1241 2288 24436 9867 7316 2758 4970 1977
leaf_count=30502 3376 12888 5446 9976 19234 1824 5449 11462 17537 10758 2165 2045 2728 4683 8033 7872 14628 8122 18440 3112 23411 3696 1241 2288 24436 9867 7316 2758 4970 1977
internal_value=-0.000613131 -0.00735684 0.000476369 -0.000791113 0.000661163 -0.0102694 -0.000477237 -0.00559232 0.000427054 -0.00683473 -0.00343588 -0.00164409 0.00846166 0.00300607 -0.000969447 0.00556576 -0.00431562 0.00378235 -0.0141976 0.00269283 -0.00244184 0.00193556 0.000865591 -0.0108066 0.0020164 0.000307263 0.00661475 0.0076353 -0.00682139 -0.00273859
internal_weight=282240 39256 242984 194536 149358 33152 130124 45178 113920 16204 35202 63181 6104 50739 58848 48448 33037 46056 20264 37934 41311 34822 29373 4333 25677 17900 40576 33260 18409 6947
internal_count=282240 39256 242984 194536 149358 33152 130124 45178 113920 16204 35202 63181 6104 50739 58848 48448 33037 46056 20264 37934 41311 34822 29373 4333 25677 17900 40576 33260 18409 6947
is_linear=0
shrinkage=0.05


Tree=21
num_leaves=31
num_cat=0
split_feature=6 14 14 13 13 7 13 13 10 14 16 14 7 8 10 3 3 3 14 3 8 2 7 3 8 8 0 2 3 5
split_gain=784.449 534.538 406.441 402.594 374.713 284.445 260.533 232.32 165.14 157.706 132.131 120.781 119.08 120.169 111.091 105.828 105.813 139.359 112.764 105.153 130.33 94.7169 93.4702 92.6332 127.259 84.8884 109.904 81.4178 80.9343 78.6175
threshold=1.0526342627037384 32.115000000000002 13.732500000000002 29.001500000000004 38.125000000000007 1.020656417516453 3.0010000000000003 89.855000000000004 -0.16666666666666693 95.33750000000002 90.3185 92.041500000000028 0.6115435509015904 1.1326085893808044 2.0857142857142872 1.5000000000000002 10.500000000000002 4.5000000000000009 -2.2874999999999996 1.5000000000000002 1.3948037491109841 1.5000000000000002 1.7785225864191649 5.5000000000000009 0.86126287633233611 1.2909182634980512 1.5000000000000002 1.0000000180025095e-35 1.5000000000000002 1.0000000180025095e-35
decision_type=2 2 2 10 8 2 8 10 2 2 2 2 2 2 2 2 2 2 2 2 2 2 2 2 2 2 2 2 2 2
left_child=1 3 22 6 11 19 -1 8 -6 21 -9 27 -8 16 15 -7 17 -14 -19 -4 -21 -10 28 24 -20 26 -17 -3 -2 -5
right_child=2 4 5 29 7 14 12 10 9 -11 -12 -13 13 -15 -16 25 -18 18 23 20 -22 -23 -24 -25 -26 -27 -28 -29 -30 -31
leaf_value=-0.084020356425501222 0.34021041756558135 0.069292873943707756 0.53015162177976494 0.69586035756638331 0.28504870648705521 0.34352349185039027 0.35225096960916352 1.0365561251641473 0.12887601835602336 -1.0750511587475613 0.12244819691627998 -1.9854525246560908 0.49826033585817808 -0.069267797663399855 -0.73988796714564831 -0.53959118198510148 0.427357605080803 0.32001373375927 0.85270722740012028 -0.12556480971175951 -0.894338105233911 -0.16023515880139449 -0.079932164535428896 0.032515955125223692 -0.33408983503890932 -0.76423132626198065 -0.19877851990247952 -0.4133703600260738 -0.0062877690185592916 -0.33856283004915594
leaf_weight=9456 2000 3214 1842 18826 12762 1028 8114 6693 14716 18111 9811 4193 11943 6369 6958 3832 6229 1621 873 8328 2910 33613 2512 39604 4464 5742 4458 12369 18818 831
leaf_count=9456 2000 3214 1842 18826 12762 1028 8114 6693 14716 18111 9811 4193 11943 6369 6958 3832 6229 1621 873 8328 2910 33613 2512 39604 4464 5742 4458 12369 18818 831
internal_value=-0.000618091 0.000728737 -0.0057772 0.00325164 -0.00163792 -0.00917716 0.00181651 -0.000343239 -0.00146777 -0.00246839 0.00505332 -0.00790352 0.00275288 0.00209801 -0.0126465 -0.0102324 0.00274276 0.00208316 0.000847257 -0.00333716 -0.00515216 -0.000977157 -0.000662237 0.000379943 -0.00580382 -0.0113669 -0.00813028 -0.0058766 0.000437122 0.00972554
internal_weight=282240 223812 58428 108330 115482 35098 88673 95706 79202 66440 16504 19776 79217 71103 22018 15060 64734 58505 46562 13080 11238 48329 23330 44941 5337 14032 8290 15583 20818 19657
internal_count=282240 223812 58428 108330 115482 35098 88673 95706 79202 66440 16504 19776 79217 71103 22018 15060 64734 58505 46562 13080 11238 48329 23330 44941 5337 14032 8290 15583 20818 19657
is_linear=0
shrinkage=0.05


Tree=22
num_leaves=31
num_cat=0
split_feature=6 14 13 14 13 7 13 8 13 16 0 14 15 10 13 10 14 8 16 13 15 14 13 2 0 7 8 14 2 10
split_gain=727.738 488.916 416.022 392.012 373.515 257.891 254.512 221.684 155.057 179.953 127.877 121.76 132.099 117.869 97.9579 97.5343 95.9714 93.1848 85.1962 94.4653 83.6236 76.4342 74.1777 73.8001 72.7563 141.146 97.7725 71.5349 68.8565 64.7871
threshold=1.0959541150603584 38.721000000000011 41.042500000000011 19.271500000000003 27.109000000000005 1.1326437944287546 5.9910000000000005 0.96973023853934148 102.02250000000002 92.512250000000009 1.5000000000000002 7.2410000000000005 17.575000000000003 1.9714285714285715 94.249000000000009 -0.26428571428571551 -0.15899999999999997 1.3216108548220948 99.529624999999996 252.66000000000003 203.06000000000003 128.57000000000002 54.195000000000007 4.5000000000000009 1.5000000000000002 1.0088498492910212 0.94759464941667637 2.9835000000000007 1.0000000180025095e-35 -4.0178571428571397
decision_type=2 2 10 2 8 2 8 2 10 2 2 2 2 2 8 2 2 2 2 10 2 2 10 2 2 2 2 2 2 2
left_child=1 2 6 15 -3 13 16 -6 9 22 -7 12 29 21 -11 -2 -1 -12 -10 20 -20 -5 -9 -4 25 -13 -26 -17 -18 -8
right_child=3 4 23 5 7 10 11 8 18 14 17 24 -14 -15 -16 27 28 -19 19 -21 -22 -23 -24 -25 26 -27 -28 -29 -30 -31
leaf_value=0.080364721712795753 0.03503971955724474 -0.89458824221328737 1.1682628686381316 -0.030243054261275173 0.27254951506820807 -0.71310912347165933 0.72722714268053013 -0.16651261449780499 1.0029542036979027 -1.6712087211344491 -0.35048822766117865 0.019103637670828056 0.4289162483845827 -0.77658928501391855 -0.99558151643084669 0.010202314154118278 0.041248109280718898 -0.90398543707768941 0.0093027542802122561 2.0403262711664438 -3.6485214470835241 -1.6556956265491707 0.14642204311759108 0.36362207537713936 0.54890458001735831 -0.30731112349091116 0.048943498324226495 -0.072051684334698135 -0.10453732422768006 0.048496646987636852
leaf_weight=1957 9238 10551 11446 8936 21090 6268 1065 35439 3409 4479 4236 31358 12734 3540 13945 5110 3016 4660 3182 1667 1037 1510 8615 5703 5424 2440 17961 10448 11441 20335
leaf_count=1957 9238 10551 11446 8936 21090 6268 1065 35439 3409 4479 4236 31358 12734 3540 13945 5110 3016 4660 3182 1667 1037 1510 8615 5703 5424 2440 17961 10448 11441 20335
internal_value=-0.000626417 0.000607769 0.0027134 -0.00584937 -0.00193494 -0.00978045 0.00156199 -0.000922057 -0.00224632 -0.00314271 -0.014297 0.00259234 0.00495547 -0.00488345 -0.00729212 -0.00122802 -0.00417022 -0.0104429 0.00377891 0.000135916 -0.0038457 -0.00221137 -0.00140736 0.00994664 0.00118173 -0.000301793 0.00332585 -0.00364443 -0.00557688 0.00255607
internal_weight=282240 228294 124880 53946 103414 29150 107731 92863 71773 62478 15164 91317 34134 13986 18424 24796 16414 8896 9295 5886 4219 10446 44054 17149 57183 33798 23385 15558 14457 21400
internal_count=282240 228294 124880 53946 103414 29150 107731 92863 71773 62478 15164 91317 34134 13986 18424 24796 16414 8896 9295 5886 4219 10446 44054 17149 57183 33798 23385 15558 14457 21400
is_linear=0
shrinkage=0.05


Tree=23
num_leaves=31
num_cat=0
split_feature=7 14 13 13 14 0 8 13 13 14 14 10 10 14 3 3 13 3 3 2 15 8 8 14 13 10 5 3 14 13
split_gain=699.445 539.631 403.907 303.781 292.769 412.185 269.892 255.668 190.824 170.276 169.524 163.222 115.166 111.175 101.447 96.6301 99.0388 93.7578 131.731 89.797 87.7314 85.0161 82.3868 81.905 86.5028 80.5244 79.5673 77.5655 77.2943 75.2078
threshold=1.1376354390485146 53.577500000000008 60.279000000000003 41.042500000000011 15.304000000000002 1.5000000000000002 1.2861914839609752 4.9925000000000006 115.59150000000001 14.115 128.57000000000002 -0.47857142857142593 -0.078571428571428986 3.6815000000000002 1.5000000000000002 10.500000000000002 18.331000000000003 6.5000000000000009 9.5000000000000018 3.5000000000000004 78.135000000000005 1.1411158237370627 1.0121423143816248 159.86750000000004 252.66000000000003 3 1.0000000180025095e-35 1.5000000000000002 85.421000000000006 88.857500000000016
decision_type=2 2 10 8 2 2 2 8 10 2 2 2 2 2 2 2 10 2 2 2 2 2 2 2 10 2 2 2 2 8
left_child=1 2 7 28 25 -6 12 13 10 15 11 14 -7 -1 -5 16 -9 -11 20 21 -19 26 -17 -10 -25 -2 -13 -8 -3 -12
right_child=4 3 -4 8 5 6 27 9 23 17 29 19 -14 -15 -16 22 -18 18 -20 -21 -22 -23 -24 24 -26 -27 -28 -29 -30 -31
leaf_value=0.0068620248492746068 0.00029113643207049353 -0.39906459684434115 1.0175039789684381 0.88622128487896568 -0.60471102935278598 0.26808934214098623 0.060090885062472447 0.075540434406148049 0.83404762700419122 0.12859305474056773 -2.5844003967898215 0.040187511098348949 -0.4096769486184757 -0.1668167906838206 0.15250362856593966 0.68500929310251513 0.36049829964833213 -0.10972995113091691 0.13759186006854654 -0.47178240068286659 0.70366138335935069 -1.115345255882209 0.028878287111128276 -1.2829140404152044 1.3636180494201544 -0.075213908830866094 -1.3181929599139719 -0.9168781334567907 -1.6310814483039058 -1.1788440494516805
leaf_weight=6309 15906 6878 15243 1727 9122 6010 696 38791 6072 32406 1842 23080 6254 9979 7402 3686 7994 20323 12833 14571 1803 1636 1487 1877 1429 4444 798 5024 5712 10906
leaf_count=6309 15906 6878 15243 1727 9122 6010 696 38791 6072 32406 1842 23080 6254 9979 7402 3686 7994 20323 12833 14571 1803 1636 1487 1877 1429 4444 798 5024 5712 10906
internal_value=-0.000617737 0.000501312 0.0022893 -0.00271238 -0.00615412 -0.00955692 -0.0051657 0.0014219 -0.0014487 0.00222401 -0.00245473 -0.00112366 -0.000982551 -0.0044542 0.00491018 0.00437469 0.00365769 0.000565204 -0.00123073 -0.00249782 -0.0035682 -0.000709414 0.0108593 0.00519834 -0.0011343 -0.00162162 4.60675e-05 -0.0141346 -0.00987292 -0.00759335
internal_weight=282240 234784 150854 83930 47456 27106 17984 135611 71340 119323 61962 49214 12264 16288 9129 51958 46785 67365 34959 40085 22126 25514 5173 9378 3306 20350 23878 5720 12590 12748
internal_count=282240 234784 150854 83930 47456 27106 17984 135611 71340 119323 61962 49214 12264 16288 9129 51958 46785 67365 34959 40085 22126 25514 5173 9378 3306 20350 23878 5720 12590 12748
is_linear=0
shrinkage=0.05


Tree=24
num_leaves=31
num_cat=0
split_feature=8 7 14 13 10 13 13 14 14 13 10 7 5 2 14 0 16 16 8 7 13 14 16 14 13 10 10 2 13 2
split_gain=667.908 479.566 413.729 352.291 306.823 240.662 204.945 187.09 158.058 149.827 133.398 128.562 117.905 115.43 113.144 111.31 97.429 85.905 85.1099 83.8598 75.9734 74.9362 72.3824 72.2906 71.5727 71.3057 70.3491 69.2429 65.4869 64.9661
threshold=1.0995170348194236 0.9395319037303026 59.45150000000001 48.375000000000007 0.38571428571428662 40.455000000000005 3.0010000000000003 81.522500000000022 3.5210000000000004 194.76050000000004 0.92142857142857226 0.72574888081930544 1.0000000180025095e-35 3.5000000000000004 3.9510000000000005 1.5000000000000002 6.6202500000000013 236.19477499999999 1.3393261320814382 1.1326437944287546 12.722500000000002 23.271500000000003 108.194125 146.27500000000003 105.99100000000001 2.1654761904761917 -6.2732142857142863 4.5000000000000009 4.9925000000000006 1.5000000000000002
decision_type=2 2 2 10 2 8 8 2 2 10 2 2 2 2 2 2 2 2 2 2 8 2 2 2 10 2 2 2 8 2
left_child=1 13 3 6 11 -4 16 28 -8 12 20 23 15 -1 -13 19 -3 -11 -16 -7 -10 -22 27 -2 -5 -15 -20 -17 -6 -23
right_child=4 2 5 24 7 9 8 -9 10 17 -12 14 -14 25 18 22 -18 -19 26 -21 21 29 -24 -25 -26 -27 -28 -29 -30 -31
leaf_value=0.47155194486909197 0.24916149336762994 -0.0068271342468721359 -1.0437973238990208 0.41628220618585116 -0.15319885229021379 -0.5026631468878584 0.10678644870112691 -2.0286234802773357 -0.12401942713572583 3.9970984425149809 -0.12422677200722046 0.024229682851629786 -1.3978561883834488 0.15321255590529509 -0.083024465817337467 0.19696598453504552 -0.25496401160823773 -0.55441353307337204 0.72023565241580323 -1.8708935838183209 0.079734922197514421 0.093680311725372223 -0.71505200974276473 -1.0276993401062213 2.2592515202132168 -0.11420895281915976 -0.30723355196321916 -0.44702325882234178 -0.13258458652906063 -0.086389117531659121
leaf_weight=28208 6454 3962 9175 13103 3305 13530 18387 4798 5757 1755 8022 5102 2237 15226 8186 14430 6081 1183 504 698 26410 11683 10511 606 3549 3646 8660 3891 15745 27436
leaf_count=28208 6454 3962 9175 13103 3305 13530 18387 4798 5757 1755 8022 5102 2237 15226 8186 14430 6081 1183 504 698 26410 11683 10511 606 3549 3646 8660 3891 15745 27436
internal_value=-0.000615611 0.000558808 -0.000605886 0.00101455 -0.00565311 -0.00411688 -3.1558e-05 -0.00987085 0.000667639 -0.00270499 -0.000300726 -0.00224485 -0.00341469 0.00505629 -0.0040954 -0.00283326 -0.00683312 0.0082369 -0.00602017 -0.00645207 0.000387173 0.000870988 -0.00104745 0.00364023 0.00778285 0.00202946 -0.00932999 0.000850117 -0.00764829 -0.00051829
internal_weight=282240 228880 181800 124390 53360 57410 107738 23848 97695 48235 79308 29512 45297 47080 22452 43060 10043 2938 17350 14228 71286 65529 28832 7060 16652 18872 9164 18321 19050 39119
internal_count=282240 228880 181800 124390 53360 57410 107738 23848 97695 48235 79308 29512 45297 47080 22452 43060 10043 2938 17350 14228 71286 65529 28832 7060 16652 18872 9164 18321 19050 39119
is_linear=0
shrinkage=0.05


Tree=25
num_leaves=31
num_cat=0
split_feature=7 14 13 13 13 14 16 14 6 13 2 10 16 2 8 13 16 14 2 16 10 8 15 6 13 10 16 13 8 13
split_gain=620.683 499.278 471.73 341.241 274.92 244.852 233.496 211.06 162.339 140.194 119.564 118.61 118.442 116.664 87.4091 83.9312 87.532 82.4224 80.578 78.113 77.1627 75.8421 74.7749 74.3605 73.0495 70.7777 67.6631 70.824 63.6035 61.9766
threshold=1.3381229718934773 79.071000000000012 63.45150000000001 70.417500000000018 10.391500000000002 22.001000000000001 10.093175 20.861500000000003 1.3056199373392212 125.95500000000001 1.5000000000000002 2.2071428571428582 140.10249999999999 4.5000000000000009 0.82849285829752273 17.295000000000005 23.263875000000002 103.25100000000002 1.0000000180025095e-35 -0.49174999999999991 0.55993589743589756 1.0086913317609019 26.872500000000006 0.99938336059022215 117.605 1.9320512820512807 148.69947500000001 252.66000000000003 1.2909182634980512 42.161000000000008
decision_type=2 2 10 8 8 2 2 2 2 10 2 2 2 2 2 10 2 2 2 2 2 2 2 2 10 2 2 10 2 8
left_child=1 2 4 17 6 13 19 25 20 11 28 12 23 15 -12 22 -17 -3 -8 -1 -9 -15 -6 -5 -4 -2 -11 -28 -7 -16
right_child=7 3 24 9 5 10 18 8 -10 26 14 -13 -14 21 29 16 -18 -19 -20 -21 -22 -23 -24 -25 -26 -27 27 -29 -30 -31
leaf_value=0.15022893081819658 -0.0063450867699764938 -0.60876291915334679 0.57029661548079458 0.20368702013859774 0.06384722582944509 0.13348333030004969 -0.060990127815442469 -0.13962027357102844 -0.72703294801991181 0.8885048383707348 0.19921558645166729 -1.461153317000266 -1.87652290331081 0.064001541936147779 -0.19291237432896946 0.39310010848279336 -0.071027777529056646 -1.9769683218127829 -0.360224483353073 -0.0082722544551449458 -0.89501120400894318 -0.068555901881783621 0.41411299283460878 -0.27955908166757376 2.2923335194567733 -0.077428770690410265 -1.304411717679264 1.0984320749157459 -0.4447125789568645 -0.093527771149680458
leaf_weight=1308 9574 6206 16259 8355 22658 21910 3331 4218 7416 3945 7161 2250 7957 20316 11204 8319 1514 6044 10502 13425 3114 5550 11515 18977 4829 4766 1773 1377 1241 35226
leaf_count=1308 9574 6206 16259 8355 22658 21910 3331 4218 7416 3945 7161 2250 7957 20316 11204 8319 1514 6044 10502 13425 3114 5550 11515 18977 4829 4766 1773 1377 1241 35226
internal_value=-0.000616851 0.000177956 0.00137338 -0.00394663 0.000522891 0.00139721 -0.0039645 -0.00753403 -0.0117338 -0.00191782 -0.000552501 -0.00313607 -0.00242639 0.00353861 -0.00184966 0.00510499 0.00917573 -0.0113388 -0.00862973 0.000415733 -0.00645799 0.000873734 0.00393366 -0.000863457 0.00843845 -0.00321478 0.00452784 -0.000936508 0.00245022 -0.00264269
internal_weight=282240 253152 196268 56884 175180 146614 28566 29088 14748 44634 76742 37539 35289 69872 53591 44006 9833 12250 13833 14733 7332 25866 34173 27332 21088 14340 7095 3150 23151 46430
internal_count=282240 253152 196268 56884 175180 146614 28566 29088 14748 44634 76742 37539 35289 69872 53591 44006 9833 12250 13833 14733 7332 25866 34173 27332 21088 14340 7095 3150 23151 46430
is_linear=0
shrinkage=0.05


Tree=26
num_leaves=31
num_cat=0
split_feature=8 3 7 14 13 16 13 13 14 10 10 13 8 3 15 0 3 0 3 16 2 16 3 0 2 10 14 13 1 16
split_gain=593.396 622.083 429.041 354.094 333.781 275.227 226.58 198.322 169.279 141.212 133.128 130.119 123.519 114.171 109.977 97.7693 97.1937 130.702 95.4219 94.3927 92.4352 89.9298 85.6646 82.6226 80.9125 79.4821 70.4191 79.5836 65.3519 63.3332
threshold=1.1463077648101003 1.5000000000000002 0.89472381905240528 74.431500000000014 48.375000000000007 22.18975 59.905000000000008 2.9010000000000002 19.594000000000005 0.15714285714285617 0.83571428571428619 228.58500000000004 1.3948037491109841 4.5000000000000009 220.45500000000001 1.5000000000000002 10.500000000000002 2.5000000000000004 9.5000000000000018 8.5706250000000015 3.5000000000000004 36.783250000000002 9.5000000000000018 1.5000000000000002 1.0000000180025095e-35 1.9714285714285715 -0.72899999999999987 23.891500000000004 5.5000000000000009 236.19477499999999
decision_type=2 2 2 2 10 2 8 8 2 2 2 10 2 2 2 2 2 2 2 2 2 2 2 2 2 2 2 10 2 2
left_child=2 9 20 4 7 28 -5 19 23 -2 13 14 25 -10 16 -12 17 -8 -15 -4 -1 -6 -22 26 -20 -7 -9 -28 -3 -13
right_child=1 5 3 6 21 12 11 8 10 -11 15 29 -14 18 -16 -17 -18 -19 24 -21 22 -23 -24 -25 -26 -27 27 -29 -30 -31
leaf_value=0.453946949474058 0.87655739840381508 -0.09404789121658913 -0.015740676080712775 -1.082957184646552 0.77040687670015162 -0.4401999828592848 -0.86374737685602698 0.18618340637558442 0.091809594116221416 -0.00054485688554037901 -0.56029460511738205 4.5006884952866688 -0.82667897960951287 -0.14841365274905396 -3.4978060362225794 -0.1551894666053043 0.28795204161509352 -0.028495099932361614 1.1134849499990882 -0.31284279615097588 0.023676555704521055 0.240156865139971 0.42605637530985518 0.18098664295689018 -0.020727123076208744 -0.92480699100269903 -0.012010384949969068 0.29633625406074859 -0.022961728219685604 -0.019739498312463511
leaf_weight=26968 3982 4248 4668 9234 9161 8754 10862 2372 23952 3050 2383 1171 10356 23701 3438 2626 7359 10919 1333 5911 15392 12120 2848 18705 8804 2964 26777 2619 14574 989
leaf_count=26968 3982 4248 4668 9234 9161 8754 10862 2372 23952 3050 2383 1171 10356 23701 3438 2626 7359 10919 1333 5911 15392 12120 2848 18705 8804 2964 26777 2619 14574 989
internal_value=-0.000604982 -0.00567414 0.000431903 -0.000614212 0.000576716 -0.00803624 -0.00454494 -0.000417235 0.000194223 0.00806314 -0.00153864 -0.00269446 -0.0118239 -0.000860876 -0.00348241 -0.00935816 -0.00248456 -0.00416303 -0.00273066 -0.00696427 0.00480778 0.00636131 0.00205866 0.00235027 0.00132929 -0.00830773 0.000797973 0.000129269 -0.0035942 0.00918981
internal_weight=282240 47928 234312 189104 145132 40896 43972 123851 113272 7032 62799 34738 22074 57790 32578 5009 29140 21781 33838 10579 45208 21281 18240 50473 10137 11718 31768 29396 18822 2160
internal_count=282240 47928 234312 189104 145132 40896 43972 123851 113272 7032 62799 34738 22074 57790 32578 5009 29140 21781 33838 10579 45208 21281 18240 50473 10137 11718 31768 29396 18822 2160
is_linear=0
shrinkage=0.05


Tree=27
num_leaves=31
num_cat=0
split_feature=6 14 13 13 16 13 14 16 8 2 13 2 3 7 16 13 3 6 13 3 0 3 8 0 8 16 2 16 3 15
split_gain=561.77 407.3 492.652 299.477 294.434 286.86 241.551 237.605 118.789 112.069 108.681 107.165 91.5801 88.3451 88.1862 85.6074 83.8491 80.5949 79.3474 84.572 77.5807 73.9903 70.1296 68.4444 63.405 61.6071 59.8837 71.8512 59.2779 58.1517
threshold=1.4852693472893501 95.33750000000002 66.591500000000011 78.751000000000019 19.430150000000001 11.151000000000002 23.271500000000003 10.093175 1.0257867976740949 1.5000000000000002 142.40150000000003 1.0000000180025095e-35 1.5000000000000002 0.65599935871273507 -0.49174999999999991 117.605 1.5000000000000002 0.83720496759623242 31.594000000000005 10.500000000000002 1.5000000000000002 6.5000000000000009 0.89647911874514163 1.5000000000000002 1.2909182634980512 262.24450000000007 4.5000000000000009 32.780750000000005 4.5000000000000009 100.51600000000001
decision_type=2 2 10 8 2 8 2 2 2 2 10 2 2 2 2 10 2 2 10 2 2 2 2 2 2 2 2 2 2 2
left_child=1 2 5 -3 -2 7 8 14 18 24 13 -9 -6 -5 -1 26 -10 -11 19 20 -7 -19 -22 -15 29 -12 27 -4 -24 -8
right_child=4 3 15 10 12 6 9 11 16 17 25 -13 -14 23 -16 -17 -18 21 -20 -21 22 -23 28 -25 -26 -27 -28 -29 -30 -31
leaf_value=0.15372330133016068 -0.017682213725492741 -1.4303120468312434 1.4346411707397273 0.18954058000322707 -0.14205673120429405 0.030996765877648037 0.06599218852777515 -0.057736235400529967 0.47521568136339598 0.11913869945074029 0.8592050258266628 -0.34593399372890804 -0.6780286327916647 -1.6699219808157322 -0.011560097456759273 2.0222505843904677 -0.03949889963050815 -0.078081276917469869 0.51827936350238757 0.4203684123292174 0.57899028235235495 -0.22339898022475882 1.1650917370302729 -0.38026580731884163 -0.47838892908845421 -2.5520525417073876 0.10010654444247971 0.38356024857879406 0.061580245785373314 0.9869481878783013
leaf_weight=1373 10670 8706 3662 4292 1596 29362 22551 3974 1513 10580 4010 12191 10624 5579 14427 5754 12833 31156 6439 5402 4402 19809 1901 17762 1275 1035 5163 8934 11955 3310
leaf_count=1373 10670 8706 3662 4292 1596 29362 22551 3974 1513 10580 4010 12191 10624 5579 14427 5754 12833 31156 6439 5402 4402 19809 1901 17762 1275 1035 5163 8934 11955 3310
internal_value=-0.000584432 7.82726e-05 0.000941661 -0.00446912 -0.00809305 0.000115066 0.000966841 -0.00421477 0.00307999 -0.000791883 -0.0022737 -0.00847665 -0.013392 -0.00350577 0.00014557 0.00777761 -0.00100376 -0.00197213 0.00406527 0.00342877 0.00275619 -0.00279653 0.00531548 -0.00471809 0.00188495 0.00447473 0.00606031 0.00791918 0.00356885 0.0024216
internal_weight=282240 259350 217966 41384 22890 194453 162488 31965 73807 88681 32678 16165 12220 27633 15800 23513 14346 61545 59461 53022 47620 50965 18258 23341 27136 5045 17759 12596 13856 25861
internal_count=282240 259350 217966 41384 22890 194453 162488 31965 73807 88681 32678 16165 12220 27633 15800 23513 14346 61545 59461 53022 47620 50965 18258 23341 27136 5045 17759 12596 13856 25861
is_linear=0
shrinkage=0.05


Tree=28
num_leaves=31
num_cat=0
split_feature=10 8 16 13 16 13 13 0 16 3 8 7 16 8 13 7 7 16 3 3 8 16 2 13 3 8 5 2 2 16
split_gain=560.643 415.867 341.174 333.144 272.766 244.268 243.707 239.324 199.414 215.164 175.07 167.503 129.559 122.75 119.489 114.038 113.68 104.789 95.274 100.159 85.4553 81.9011 81.162 92.9399 82.6613 93.8182 81.9827 78.0758 72.6889 92.792
threshold=2.0071428571428593 0.88496692339787264 99.529624999999996 11.151000000000002 10.093175 96.305000000000021 90.792500000000018 1.5000000000000002 27.957249999999998 2.5000000000000004 1.118366024076878 0.754829657093124 16.533150000000003 1.3393261320814382 228.58500000000004 1.4402052251940416 1.4061289584198742 23.263875000000002 10.500000000000002 4.5000000000000009 1.0168306545709338 -0.49174999999999991 1.0000000180025095e-35 49.00950000000001 1.5000000000000002 1.1035440681000188 1.0000000180025095e-35 1.0000000180025095e-35 4.5000000000000009 27.957249999999998
decision_type=2 2 2 8 2 8 10 2 2 2 2 2 2 2 10 2 2 2 2 2 2 2 2 8 2 2 2 2 2 2
left_child=1 7 3 4 21 -4 8 11 9 -5 16 -1 -13 18 -7 22 -2 -12 19 20 -11 -3 26 -24 25 -25 -10 -6 29 -9
right_child=10 2 5 6 27 14 -8 28 15 13 17 12 -14 -15 -16 -17 -18 -19 -20 -21 -22 -23 23 24 -26 -27 -28 -29 -30 -31
leaf_value=0.3282067223372287 -0.05115118819138325 0.16985292020733317 -1.9640821612188313 1.0836701988620729 -0.16202573694823805 -0.72415934093528955 0.73881782061309709 1.1132179952518422 0.25236095202349995 0.76595443424730347 -0.067548458361556749 0.010648296487526972 -0.44905758600273915 -0.068301497491485827 1.3866939107837366 -0.62700419179223288 -0.18120942645095114 -0.83247994673969539 0.33549787590429797 0.02348373602924099 -0.045531238626188318 -0.011558082868907192 -0.20185149414952966 0.17319536299736682 -0.084614165344021691 1.1257309460234184 -0.3739892087752294 -0.37201236585999392 0.14607198260642423 0.59317227965044739
leaf_weight=9124 16012 1236 6221 3979 3320 19159 10358 4190 10971 3616 5800 7716 4600 6217 2056 3148 3452 7190 5346 39866 1422 10241 15286 5519 43403 1396 838 10028 6036 14494
leaf_count=9124 16012 1236 6221 3979 3320 19159 10358 4190 10971 3616 5800 7716 4600 6217 2056 3148 3452 7190 5346 39866 1422 10241 15286 5519 43403 1396 838 10028 6036 14494
internal_value=-0.000581066 0.00022219 -0.000749168 5.84596e-05 -0.00531017 -0.00593563 0.000938956 0.00450715 0.000395193 0.00256593 -0.00676342 0.000641325 -0.00316255 0.00177405 -0.00338086 -0.00123354 -0.00376336 -0.0112587 0.00259403 0.00184282 0.00848551 0.000341988 -0.000854185 -0.00154106 -0.000503796 0.00457339 0.00296172 -0.0101701 0.00786003 0.00940109
internal_weight=282240 249786 203626 176190 24825 27436 151365 46160 141007 60446 32454 21440 12316 56467 21215 80561 19464 12990 50250 44904 5038 11477 77413 65604 50318 6915 11809 13348 24720 18684
internal_count=282240 249786 203626 176190 24825 27436 151365 46160 141007 60446 32454 21440 12316 56467 21215 80561 19464 12990 50250 44904 5038 11477 77413 65604 50318 6915 11809 13348 24720 18684
is_linear=0
shrinkage=0.05


Tree=29
num_leaves=31
num_cat=0
split_feature=7 14 14 0 13 13 13 6 10 13 14 16 15 13 10 16 3 3 2 5 16 12 15 3 14 5 3 16 14 16
split_gain=520.716 354.258 289.994 435.225 284.738 244.489 204.069 179.211 158.741 139.795 129.389 126.028 124.067 104.586 101.188 100.835 89.405 209.109 105.042 137.672 124.985 93.412 88.0533 85.8189 85.7048 82.5784 72.3464 71.1162 71.1026 67.7353
threshold=1.0171824617758285 53.577500000000008 15.304000000000002 1.5000000000000002 89.855000000000004 21.415000000000003 6.9935000000000009 1.3917172529412816 -0.71428571428571452 125.95500000000001 3.9510000000000005 99.529624999999996 3.9715000000000003 79.719000000000008 0.44285714285714334 19.128500000000003 6.5000000000000009 9.5000000000000018 4.5000000000000009 1.0000000180025095e-35 31.660375000000002 0.096250000000000016 0.041500000000000002 2.5000000000000004 159.86750000000004 1.0000000180025095e-35 1.5000000000000002 10.093175 94.378500000000017 236.19477499999999
decision_type=2 2 2 2 10 8 8 2 2 10 2 2 2 8 2 2 2 2 2 2 2 2 2 2 2 2 2 2 2 2
left_child=1 4 25 15 6 -3 27 14 24 11 12 -10 -8 -13 23 -4 18 21 19 20 -12 -18 -19 -5 26 -2 -7 -1 -16 -11
right_child=2 5 3 7 -6 8 10 -9 9 29 16 13 -14 -15 28 -17 17 22 -20 -21 -22 -23 -24 -25 -26 -27 -28 -29 -30 -31
leaf_value=-0.0078225019244628768 0.00045851543479331767 -1.0930780450773907 -0.072422805443278435 1.3417250014612547 1.5992892025105094 0.73137264535978275 0.014515366249019302 -0.57552264039301548 -0.10259869741784029 0.82992735711358745 0.56499425931400704 -1.7570444073685676 0.36299718307490786 -0.83175916757221102 -0.15081073073573611 -0.6354068966453541 -0.089979618396120481 0.75184163552960692 -0.020774897817282856 -0.40535931877562659 0.17484135583020929 0.12517276698624322 0.16219776372670966 0.04483825134683736 -1.1975151838250946 -0.13075416439758233 0.22595944467731099 -0.2220923326962595 -1.4161020467658763 -1.5089697599540153
leaf_weight=9305 24820 5721 2202 1072 6741 2195 8323 6494 37746 4910 12022 3652 15669 14863 5142 9794 24718 1475 14065 1735 15214 5863 17409 9012 892 1516 8231 7931 2084 1424
leaf_count=9305 24820 5721 2202 1072 6741 2195 8323 6494 37746 4910 12022 3652 15669 14863 5142 9794 24718 1475 14065 1735 15214 5863 17409 9012 892 1516 8231 7931 2084 1424
internal_value=-0.000584077 0.000557009 -0.00462614 -0.00755587 0.00206735 -0.00210714 0.00156193 -0.00364225 -0.00133637 -0.00232167 0.00231323 -0.0031145 0.0055852 -0.00649338 -0.00098498 -0.0153218 0.00146458 1.46568e-05 0.0031311 0.00485227 0.00572221 -0.00253998 0.00415166 0.00225109 0.00411292 -0.000643606 0.00538557 -0.0035159 -0.00550097 0.00472056
internal_weight=282240 220104 62136 35800 140470 79634 133729 23804 73913 62595 116493 56261 23992 18515 17310 11996 92501 49465 43036 28971 27236 30581 18884 10084 11318 26336 10426 17236 7226 6334
internal_count=282240 220104 62136 35800 140470 79634 133729 23804 73913 62595 116493 56261 23992 18515 17310 11996 92501 49465 43036 28971 27236 30581 18884 10084 11318 26336 10426 17236 7226 6334
is_linear=0
shrinkage=0.05


Tree=30
num_leaves=31
num_cat=0
split_feature=8 3 6 14 16 13 13 8 13 0 7 13 16 16 13 5 3 0 7 3 13 14 16 2 7 0 13 13 14 8
split_gain=495.631 481.132 342.221 291.873 236.786 232.676 190.928 144.759 141.914 133.703 137.366 126.699 120.792 115.479 138.392 105.971 102.551 92.9572 87.4373 79.9071 78.0513 81.4707 75.3849 68.5072 65.4453 82.7044 63.4662 61.8516 59.872 59.8258
threshold=1.0995170348194236 1.5000000000000002 0.84366975319465254 58.062500000000007 22.18975 48.375000000000007 27.473500000000005 1.3948037491109841 2.9010000000000002 1.5000000000000002 0.754829657093124 228.58500000000004 140.10249999999999 16.208875000000003 24.246500000000005 1.0000000180025095e-35 4.5000000000000009 1.5000000000000002 1.1187848739926085 9.5000000000000018 12.722500000000002 -1.9789999999999999 1.9492500000000001 3.5000000000000004 0.82695232940935581 1.5000000000000002 139.13000000000002 104.68500000000002 101.99500000000002 1.6917612474432648
decision_type=2 2 2 2 2 10 8 2 8 2 2 10 2 2 8 2 2 2 2 2 10 2 2 2 2 2 8 10 2 2
left_child=2 29 9 5 22 8 -5 24 -4 10 -1 12 17 20 -15 19 -16 18 -8 -11 21 -10 -3 -19 -6 -26 -14 -7 -27 -2
right_child=1 4 3 6 7 27 11 -9 13 15 -12 -13 26 14 16 -17 -18 23 -20 -21 -22 -23 -24 -25 25 28 -28 -29 -30 -31
leaf_value=0.20455669184259773 0.54868318450226405 0.023686615495447851 -0.081512747158430959 -1.0520922055985495 -0.11815724794859857 0.29835268775355772 -0.31368223405466661 -0.7203279050547865 0.22867622676851235 0.37521621580936187 -0.1099506885492168 1.7835388015425508 -2.6779352280882156 -0.17720419924976058 0.17210820810536848 -0.39145826355951607 -0.056020856035742299 0.1356297902469322 -1.5387214938985345 0.93008667759763886 0.20466257122106626 0.016506445226164689 -0.054422078414662733 -0.324936820110516 -0.725998796431918 -0.26056815324105365 -1.6399741800719057 1.8137626149845762 -1.4938700188396474 -0.067677165274587198
leaf_weight=13348 6152 3444 9572 5996 4294 12642 14538 10356 2146 19672 6958 2259 2092 9802 19173 1208 30918 17583 773 5164 7211 28446 17788 9200 2976 5268 6631 3548 1754 1328
leaf_count=13348 6152 3444 9572 5996 4294 12642 14538 10356 2146 19672 6958 2259 2092 9802 19173 1208 30918 17583 773 5164 7211 28446 17788 9200 2976 5268 6631 3548 1754 1328
internal_value=-0.000580889 -0.00492035 0.000430793 -0.000543472 -0.0068374 0.000839557 -0.00343395 -0.0101712 -3.72898e-06 0.00426753 0.00122624 -0.00247852 -0.00299358 0.00056553 -0.000800177 0.00663877 0.000263021 -0.00188388 -0.00499151 0.00734216 0.00272928 0.00162624 -0.00296722 -0.000107344 -0.00690946 -0.00912683 -0.00834862 0.00642681 -0.00616633 0.00683824
internal_weight=282240 53360 228880 182530 45880 123458 59072 24648 107268 46350 20306 53076 50817 97696 59893 26044 50091 42094 15311 24836 37803 30592 21232 26783 14292 9998 8723 16190 7022 7480
internal_count=282240 53360 228880 182530 45880 123458 59072 24648 107268 46350 20306 53076 50817 97696 59893 26044 50091 42094 15311 24836 37803 30592 21232 26783 14292 9998 8723 16190 7022 7480
is_linear=0
shrinkage=0.05


Tree=31
num_leaves=31
num_cat=0
split_feature=10 14 13 13 6 14 13 7 16 13 13 7 3 2 3 2 13 3 8 8 7 13 2 8 14 2 14 14 3 3
split_gain=510.872 355.043 346.815 256.739 192.352 169.1 144.974 137.079 132.945 136.151 132.76 111.389 105.244 113.032 112.116 96.483 95.1819 93.1216 84.0673 82.5999 78.3118 75.2033 73.6172 73.0918 68.5718 63.6575 63.396 61.667 77.7929 76.457
threshold=1.8928571428571439 33.02150000000001 21.415000000000003 52.027500000000011 0.9500084286260625 79.955000000000013 2.9010000000000002 1.2914970318882129 122.12975000000002 125.95500000000001 228.58500000000004 1.4061289584198742 10.500000000000002 4.5000000000000009 4.5000000000000009 1.0000000180025095e-35 88.857500000000016 1.5000000000000002 1.1326085893808044 1.1735660386918843 1.0042859353365239 24.246500000000005 1.0000000180025095e-35 1.0086913317609019 -3.3899999999999992 4.5000000000000009 1.7690000000000003 3.6815000000000002 2.5000000000000004 6.5000000000000009
decision_type=2 2 8 10 2 2 8 2 2 10 10 2 2 2 2 2 8 2 2 2 2 10 2 2 2 2 2 2 2 2
left_child=1 3 22 6 17 11 26 8 9 15 16 23 13 14 20 -6 -10 -4 -19 -7 -8 24 -3 -2 -16 -5 -1 28 -15 -30
right_child=5 2 4 25 7 19 12 -9 10 -11 -12 -13 -14 27 21 -17 -18 18 -20 -21 -22 -23 -24 -25 -26 -27 -28 -29 29 -31
leaf_value=0.011835217856093205 -0.013882935482012283 -0.32078782230545538 0.86265887937281893 1.1027039055455519 0.21621929780382515 -1.0050327831741395 0.699729448255338 -0.59773471920060361 -2.5820246933731061 1.3028026190907243 1.0702619392852477 -0.12482106567667609 0.22652261956437458 1.9007942127944017 0.31056728330508054 -0.11376965336798908 -1.1407396934637049 0.23591675914836766 -0.47249377859470165 -1.9315980270017441 -0.0008426679787331804 0.20297537268420679 -0.78008606869618013 -0.12775808298188404 0.010783209153760099 0.27096079061354622 -0.093949116837095822 -0.068849966894073023 -0.065830922183254301 0.068289532817776541
leaf_weight=3739 12522 2816 2390 8163 10101 3046 10119 5120 2160 2939 1854 6806 11830 724 464 57175 10977 18829 2644 2360 3238 5077 8485 9370 38221 3981 7730 19182 4008 6170
leaf_count=3739 12522 2816 2390 8163 10101 3046 10119 5120 2160 2939 1854 6806 11830 724 464 57175 10977 18829 2644 2360 3238 5077 8485 9370 38221 3981 7730 19182 4008 6170
internal_value=-0.000569196 0.000219436 -0.00165033 0.00213256 -0.000823416 -0.00630718 0.00137418 -0.0018782 -0.00140072 -0.000488144 -0.00567507 -0.00477908 0.0019905 0.00139015 0.00269656 -0.000948332 -0.00744272 0.00316913 0.00212709 -0.0144192 0.00670622 0.00147274 -0.0100058 -0.00304221 0.000721856 0.00903327 -0.0039476 -0.00109028 0.00191249 0.000786009
internal_weight=282240 248136 125490 122646 114189 34104 110502 90326 85206 70215 14991 28698 99033 87203 57119 67276 13137 23863 21473 5406 13357 43762 11301 21892 38685 12144 11469 30084 10902 10178
internal_count=282240 248136 125490 122646 114189 34104 110502 90326 85206 70215 14991 28698 99033 87203 57119 67276 13137 23863 21473 5406 13357 43762 11301 21892 38685 12144 11469 30084 10902 10178
is_linear=0
shrinkage=0.05


Tree=32
num_leaves=31
num_cat=0
split_feature=10 7 16 13 13 13 16 16 6 6 16 3 8 13 13 13 3 5 3 8 1 5 16 13 16 16 16 5 12 8
split_gain=470.454 325.929 294.704 315.614 202.838 176.944 161.373 153.707 130.237 126.607 120.473 112.502 149.139 110.733 102.027 97.9982 99.4266 95.1084 79.0352 78.4776 75.4946 72.8441 70.9598 68.8025 68.3124 61.0456 61.0214 59.7934 58.8089 56.1056
threshold=1.8928571428571439 0.78462975126598034 86.267250000000004 61.122500000000009 79.719000000000008 3.0010000000000003 26.487300000000005 22.953500000000002 1.473189675291432 0.91029095032032992 8.3335249999999998 1.5000000000000002 1.2909182634980512 228.58500000000004 24.612500000000001 17.635000000000002 10.500000000000002 1.0000000180025095e-35 2.5000000000000004 1.3444242495514274 5.5000000000000009 1.0000000180025095e-35 262.24450000000007 117.605 -3.1539999999999995 236.19477499999999 130.07387500000002 1.0000000180025095e-35 0.56625000000000003 1.0257867976740949
decision_type=2 2 2 10 8 8 2 2 2 2 2 2 2 10 8 10 2 2 2 2 2 2 2 10 2 2 2 2 2 2
left_child=1 11 3 5 26 10 27 15 14 -8 -3 -1 21 17 -9 16 18 19 -7 22 -16 -13 -6 -5 -20 -15 -4 28 -2 -26
right_child=6 2 4 23 13 7 9 8 -10 -11 -12 12 -14 25 20 -17 -18 -19 24 -21 -22 -23 -24 -25 29 -27 -28 -29 -30 -31
leaf_value=0.86055667443027584 -0.045549272935301081 -0.005306420370170129 -0.84941357403464712 0.31889606401818532 -0.14445348948702216 0.59034876178324058 -0.24717471309949979 -0.2457745816926952 -0.37950947243894434 -0.73076399923193791 -0.27656301589260018 0.32761411211454239 -0.17555570635910778 3.8404103554975806 -0.16469427180730964 0.17811263350748074 0.20843604167161811 -2.2506503425263551 0.24527624890735999 -1.5076846397991597 0.033077166509312542 -0.24616113418608149 -5.2016972421411261 1.796643245601655 0.0091343303399870953 -0.076506868118596222 -3.4327408101338399 -0.19536328675398815 0.066699358909262471 -0.038376852595504607
leaf_weight=3200 13382 5835 5834 15866 20771 2303 5320 9252 3727 10198 7476 28774 4296 1168 17115 10843 5165 1151 807 1584 50689 1252 2003 4025 33081 990 2381 986 4218 8548
leaf_count=3200 13382 5835 5834 15866 20771 2303 5320 9252 3727 10198 7476 28774 4296 1168 17115 10843 5165 1151 807 1584 50689 1252 2003 4025 33081 990 2381 986 4218 8548
internal_value=-0.00056335 0.000193442 -0.000571425 0.000276137 -0.00469873 -0.000485498 -0.00606967 3.28552e-05 -0.00139602 -0.00983374 -0.00599692 0.0044867 0.00365072 -0.00265027 -0.000954501 0.00193302 0.000996914 -0.00357031 0.000238606 -0.00290664 -0.000282432 0.00489742 -0.00215816 0.00620507 -0.000250966 0.00822521 -0.0115977 -0.00292693 -0.00225568 -0.000530279
internal_weight=282240 248136 210614 174732 35882 154841 34104 141530 80783 15518 13311 37522 34322 27667 77056 60747 49904 25509 44739 24358 67804 30026 22774 19891 42436 2158 8215 18586 17600 41629
internal_count=282240 248136 210614 174732 35882 154841 34104 141530 80783 15518 13311 37522 34322 27667 77056 60747 49904 25509 44739 24358 67804 30026 22774 19891 42436 2158 8215 18586 17600 41629
is_linear=0
shrinkage=0.05


Tree=33
num_leaves=31
num_cat=0
split_feature=7 14 13 13 13 14 0 5 16 14 15 8 10 1 3 3 5 14 16 13 13 3 16 7 3 10 8 16 8 12
split_gain=442.404 339.182 340.615 242.074 184.745 177.888 262.141 171.204 165.618 147.552 124.174 104.358 101.04 99.4766 92.8167 127.333 83.0065 79.9569 76.3713 107.963 75.146 70.0799 67.4253 63.296 71.8164 72.8621 62.963 61.456 60.3103 60.0152
threshold=1.3381229718934773 87.804000000000016 66.591500000000011 78.751000000000019 10.391500000000002 22.853500000000004 1.5000000000000002 1.0000000180025095e-35 11.863625000000001 7.2410000000000005 17.965000000000003 1.2861914839609752 2.5071428571428593 5.5000000000000009 9.5000000000000018 6.5000000000000009 1.0000000180025095e-35 139.54100000000003 262.24450000000007 165.47100000000003 10.391500000000002 5.5000000000000009 2.1647500000000006 0.72922283655992959 4.5000000000000009 1.3571428571428583 1.1411158237370627 -0.49174999999999991 0.88496692339787264 0.0037500000000000003
decision_type=2 2 10 8 8 2 2 2 2 2 2 2 2 2 2 2 2 2 2 10 10 2 2 2 2 2 2 2 2 2
left_child=1 2 4 17 8 22 -7 9 27 10 20 -8 16 -11 15 21 18 -3 19 -5 -6 23 -2 -15 25 -25 -23 -1 -4 -17
right_child=5 3 28 12 7 6 11 -9 -10 13 -12 -13 -14 14 -16 29 -18 -19 -20 -21 -22 26 -24 24 -26 -27 -28 -29 -30 -31
leaf_value=0.12050446134729223 0.028817533447641142 -0.69413520342449042 1.1072638191003739 -0.095487178020018659 0.0041769482878786903 -0.66250373095776505 -0.1649221773896512 -0.23640650031540245 -0.27078217240266006 -0.089932008793761398 0.34645734584306509 -0.63347564196434147 -1.3852188281114624 0.73220706686270032 0.29869629962133865 -0.09259052749733232 -2.1290984573533458 -2.935317783533395 -4.2237066594315911 1.2850029055232151 0.25958139234188154 0.38769269813248541 -0.041469829665746007 0.13389447238913191 -0.33566580001598612 -0.28130721594942182 -0.37256036132661385 -0.0088473570908444328 0.47151497692272265 0.037699267139486771
leaf_weight=1308 2252 7911 4703 29096 17189 4154 6452 7142 13298 29671 13657 3652 1662 3261 16492 16324 960 2696 2811 2752 5565 5496 12578 23602 4987 2181 524 14533 16824 8507
leaf_count=1308 2252 7911 4703 29096 17189 4154 6452 7142 13298 29671 13657 3652 1662 3261 16492 16324 960 2696 2811 2752 5565 5496 12578 23602 4987 2181 524 14533 16824 8507
internal_value=-0.000566539 0.000104483 0.000988483 -0.00368464 0.000291313 -0.00640642 -0.0103942 0.000979638 -0.00336062 0.00134583 0.00410796 -0.00604711 -0.00178844 0.000440137 0.0013438 0.000492432 -0.00122617 -0.0103493 -0.000824461 -0.000127167 0.00184583 0.00223652 -0.00257249 0.00135685 0.000654859 0.00171722 0.0072093 9.31128e-05 0.00693896 -0.00232069
internal_weight=282240 253152 205264 47888 183737 29088 14258 154598 29139 147456 36411 10104 37281 111045 81374 64882 35619 10607 34659 31848 22754 40051 14830 34031 30770 25783 6020 15841 21527 24831
internal_count=282240 253152 205264 47888 183737 29088 14258 154598 29139 147456 36411 10104 37281 111045 81374 64882 35619 10607 34659 31848 22754 40051 14830 34031 30770 25783 6020 15841 21527 24831
is_linear=0
shrinkage=0.05


Tree=34
num_leaves=31
num_cat=0
split_feature=10 14 13 13 7 14 8 13 14 5 14 5 8 13 7 7 16 0 8 0 8 2 0 16 2 2 16 7 13 16
split_gain=426.175 301.839 287.261 213.82 162.449 157.909 141.015 124.573 110.366 102.343 102.161 95.0248 92.7807 91.4783 87.8384 85.053 84.0034 115.61 83.1164 76.8189 97.7104 64.5888 63.5002 69.1139 62.0183 61.3204 73.0123 60.1104 55.4555 54.886
threshold=1.8928571428571439 37.242500000000007 20.303500000000003 79.719000000000008 0.95870484456311134 79.955000000000013 1.2805131507803129 12.334000000000001 -0.72899999999999987 1.0000000180025095e-35 159.86750000000004 1.0000000180025095e-35 1.6529810848379254 70.417500000000018 0.93237283874569543 0.63415852488057867 14.559750000000001 1.5000000000000002 1.0900215495746772 1.5000000000000002 0.97901316779805636 1.0000000180025095e-35 2.5000000000000004 92.512250000000009 1.0000000180025095e-35 1.0000000180025095e-35 15.22775 1.0088498492910212 20.664000000000005 18.835700000000003
decision_type=2 2 8 10 2 2 2 8 2 2 2 2 2 10 2 2 2 2 2 2 2 2 2 2 2 2 2 2 10 2
left_child=1 3 24 7 10 11 9 8 -1 13 -4 14 15 22 -2 -9 -16 -18 -7 27 -21 -15 23 -6 -3 -10 -27 -17 -25 -29
right_child=5 2 4 -5 6 18 -8 12 25 -11 -12 -13 -14 21 16 19 17 -19 -20 20 -22 -23 -24 28 -26 26 -28 29 -30 -31
leaf_value=0.11023814016271971 -0.0004237230410647719 -0.35786811826563075 0.24333894337746031 1.3984675801013269 -0.10944838975603838 -0.77168116982450752 -0.67331680697787077 0.42413987368108724 0.056360030755215451 -0.79344404804714053 -1.1354734595861868 -0.36532259423499985 -0.12116558008927827 1.2409737811787995 -0.019533521583429383 0.041986009777634073 -0.36103606169599423 -0.1566840849743697 -1.6992709499245668 0.53180513149102637 0.088961764124301512 0.11386852353385812 0.037888133553347116 -1.1038199814723328 -0.83018424751159259 -0.021773975203028473 -0.26621475756382118 -0.0096089399577310112 -1.1965826863222158 -0.24725981056279736
leaf_weight=2432 10408 2447 22079 7205 31228 2600 4566 8505 4455 3613 1534 1620 2046 1493 8328 41624 4278 4064 2806 6942 30132 14246 18186 6980 7012 13822 5904 7637 2064 1984
leaf_count=2432 10408 2447 22079 7205 31228 2600 4566 8505 4455 3613 1534 1620 2046 1493 8328 41624 4278 4064 2806 6942 30132 14246 18186 6980 7012 13822 5904 7637 2064 1984
internal_value=-0.000553253 0.000167045 -0.0017025 0.00179368 -0.000957411 -0.00579404 -0.00200544 0.00131273 -0.00172378 -0.00150431 0.00269873 -0.00431737 0.00213007 -0.00110416 -0.00361363 0.00235272 -0.00586383 -0.00941021 -0.013633 0.00189285 0.00362653 0.00227937 -0.00201512 -0.00312252 -0.0100513 -0.00274492 -0.0039415 0.000638599 -0.00697147 -0.00292329
internal_weight=282240 248136 115448 132688 105989 34104 82376 125483 26613 77810 23613 28698 98870 74197 27078 96824 16670 8342 5406 88319 37074 15739 58458 40272 9459 24181 19726 51245 9044 9621
internal_count=282240 248136 115448 132688 105989 34104 82376 125483 26613 77810 23613 28698 98870 74197 27078 96824 16670 8342 5406 88319 37074 15739 58458 40272 9459 24181 19726 51245 9044 9621
is_linear=0
shrinkage=0.05


Tree=35
num_leaves=31
num_cat=0
split_feature=8 3 7 10 14 13 16 13 16 0 3 5 16 13 0 7 16 8 13 3 3 3 12 4 5 1 14 7 14 1
split_gain=400.03 354.142 291.403 242.904 216.304 190.108 172.007 151.87 109.763 123.225 101.065 95.2448 86.8576 127.554 84.6122 122.454 99.0429 87.9426 81.8941 76.2772 110.874 108.188 76.197 74.0355 89.7987 74.8937 70.1793 69.9563 67.5941 63.0923
threshold=1.332604416611143 1.5000000000000002 0.78462975126598034 1.7571428571428591 37.805000000000007 20.303500000000003 16.876525000000004 44.586000000000006 15.891275 1.5000000000000002 1.5000000000000002 1.0000000180025095e-35 262.24450000000007 172.27250000000001 1.5000000000000002 1.1529887049838079 92.512250000000009 0.8403070947573209 -0.40849999999999992 9.5000000000000018 4.5000000000000009 5.5000000000000009 0.0087500000000000026 1.0000000180025095e-35 1.0000000180025095e-35 6.5000000000000009 -3.3899999999999992 0.58379807704208198 71.612500000000011 5.5000000000000009
decision_type=2 2 2 2 2 8 2 10 2 2 2 2 2 10 2 2 2 2 8 2 2 2 2 2 2 2 2 2 2 2
left_child=2 -2 10 4 7 -6 29 18 -5 -10 -1 12 13 14 15 16 -7 -16 -4 20 -20 22 -22 24 25 -12 -23 -8 -27 -3
right_child=1 6 3 8 5 11 27 -9 9 -11 23 -13 -14 -15 17 -17 -18 -19 19 -21 21 26 -24 -25 -26 28 -28 -29 -30 -31
leaf_value=0.97318242371132446 0.26862969171223638 -0.09325987019133003 -0.12598280282221247 -0.018802035928753874 -0.74271324940955752 -0.055178238764237199 -0.078736315801300638 0.52813485392725068 -0.50476419714195042 -0.30736318565805826 0.075181622387448147 -0.7537718456447835 -4.3694950645372259 2.1292038845999297 0.41889056604333041 -1.0351630068216104 -1.2082557696927578 -0.033592197671096738 0.1676594826512422 0.11063259994258851 -0.26958656385398289 0.28510933070211519 0.041135691166720938 -0.0083269379403844383 -0.39133588348544324 0.71095098954939784 -0.0039472740648992246 -0.56378411538495632 0.21367485183157398 -0.011869510042212528
leaf_weight=2368 4816 2062 2755 9360 7470 22728 1468 12489 4660 6422 8648 3737 3024 2651 6060 1096 4822 38916 17021 19407 6531 994 1808 10080 952 11826 41985 12752 5926 7406
leaf_count=2368 4816 2062 2755 9360 7470 22728 1468 12489 4660 6422 8648 3737 3024 2651 6060 1096 4822 38916 17021 19407 6531 994 1808 10080 952 11826 41985 12752 5926 7406
internal_value=-0.000535537 -0.00615177 9.53747e-05 -0.00063547 -8.7858e-05 -0.00187119 -0.00866472 0.00147927 -0.0058189 -0.00918607 0.00402387 -0.00118385 -0.000816235 -0.000486738 -0.000874739 -0.00299867 -0.00234664 0.000478033 0.000766014 0.00103253 0.000246931 -0.000912935 -0.00612484 0.00339015 0.00474006 0.00528409 9.83038e-05 -0.0121414 0.00714286 -0.00344318
internal_weight=282240 28504 253736 213936 193494 90504 23688 102990 20442 11082 39800 83034 79297 76273 73622 28646 27550 44976 90501 87746 68339 51318 8339 37432 27352 26400 42979 14220 17752 9468
internal_count=282240 28504 253736 213936 193494 90504 23688 102990 20442 11082 39800 83034 79297 76273 73622 28646 27550 44976 90501 87746 68339 51318 8339 37432 27352 26400 42979 14220 17752 9468
is_linear=0
shrinkage=0.05


Tree=36
num_leaves=31
num_cat=0
split_feature=8 3 6 16 13 16 13 0 10 8 13 16 7 13 5 7 5 13 0 3 8 13 3 3 15 2 2 16 10 3
split_gain=375.896 339.398 236.368 190.5 192.9 182.813 163.152 125.962 122.81 120.429 101.812 101.193 99.0004 95.5133 88.52 81.8861 81.1296 80.1746 79.9191 74.4727 71.2194 68.7101 67.4822 63.3443 66.1249 62.2112 61.5021 63.2954 59.8393 59.5075
threshold=1.0517211997345159 1.5000000000000002 0.84366975319465254 60.525350000000003 61.122500000000009 31.254750000000005 41.042500000000011 1.5000000000000002 0.15714285714285617 1.2805131507803129 1.5825000000000002 16.208875000000003 0.68878972166184183 24.246500000000005 1.0000000180025095e-35 0.50553084415660587 1.0000000180025095e-35 194.76050000000004 1.5000000000000002 9.5000000000000018 1.6529810848379254 13.435 10.500000000000002 4.5000000000000009 13.749000000000001 4.5000000000000009 3.5000000000000004 2.1647500000000006 1.4928571428571387 2.5000000000000004
decision_type=2 2 2 2 10 2 8 2 2 2 8 2 2 8 2 2 2 10 2 2 2 10 2 2 2 2 2 2 2 2
left_child=2 8 7 4 10 20 -5 12 -2 28 -4 21 -1 -13 17 -11 19 18 -8 25 26 -12 -6 24 -15 -9 -3 -28 29 -7
right_child=1 5 3 6 22 9 14 16 -10 15 11 13 -14 23 -16 -17 -18 -19 -20 -21 -22 -23 -24 -25 -26 -27 27 -29 -30 -31
leaf_value=0.18508260954919484 0.67130175330554442 0.016797228427091571 -0.091108499860817233 -0.84348291737325953 0.38022639123975105 0.73426982406750896 -0.48942343277332639 0.47659369656163675 -0.053815239926986294 0.11708581382888317 0.026071645201610139 -0.14414047823358808 -0.091504809519899033 -0.24530739925459472 -1.1424477791645415 -0.74699721708001166 -0.33996182345583253 1.4210750688978206 -0.030843103431476438 0.8432711661239527 -0.093872714598016896 0.19645943862593451 1.8172802573845936 -0.050596222578818267 0.14465647842812382 0.020031199724701621 0.017832806492344023 -0.069822192550980655 -0.72939710554020187 -0.3476177788772124
leaf_weight=10734 4486 10608 6939 8198 9807 894 13072 14280 3386 956 31569 10910 8454 2404 2122 11920 1194 2936 27908 5032 3682 7571 2001 33034 20175 5052 2564 10908 3002 6442
leaf_count=10734 4486 10608 6939 8198 9807 894 13072 14280 3386 956 31569 10910 8454 2404 2122 11920 1194 2936 27908 5032 3682 7571 2001 33034 20175 5052 2564 10908 3002 6442
internal_value=-0.000543509 -0.00409869 0.000393031 -0.000420944 0.000657102 -0.00559087 -0.00289383 0.00364278 0.00556402 -0.00886534 1.95378e-05 0.000404825 0.000581092 -0.00078206 -0.00173661 -0.0120923 0.00594139 -0.00125467 -0.0018265 0.00656501 -0.00285282 0.00242207 0.00673696 5.7091e-05 0.00209819 0.00515467 -0.00186254 -0.00410481 -0.0048462 -0.00241276
internal_weight=282240 58848 223392 178646 124410 50976 54236 44746 7872 23214 112602 105663 19188 66523 46038 12876 25558 43916 40980 24364 27762 39140 11808 55613 22579 19332 24080 13472 10338 7336
internal_count=282240 58848 223392 178646 124410 50976 54236 44746 7872 23214 112602 105663 19188 66523 46038 12876 25558 43916 40980 24364 27762 39140 11808 55613 22579 19332 24080 13472 10338 7336
is_linear=0
shrinkage=0.05


Tree=37
num_leaves=31
num_cat=0
split_feature=8 3 14 13 13 16 6 8 13 13 16 2 14 5 7 2 13 1 16 8 2 2 7 15 2 16 5 13 7 14
split_gain=349.25 307.577 215.927 200.021 194.684 172.703 124.715 115.611 102.831 86.9414 119.113 101.811 84.8279 75.9148 75.8842 70.834 66.2826 66.2547 64.3154 63.6509 60.7355 59.4232 59.2782 57.7867 56.8732 57.5664 55.8269 53.6183 53.0322 52.9804
threshold=1.0517211997345159 1.5000000000000002 32.115000000000002 46.495000000000012 20.303500000000003 31.254750000000005 0.91029095032032992 1.2805131507803129 10.071000000000002 172.27250000000001 140.10249999999999 1.0000000180025095e-35 -0.40849999999999992 1.0000000180025095e-35 0.50553084415660587 4.5000000000000009 139.13000000000002 5.5000000000000009 236.19477499999999 1.6529810848379254 4.5000000000000009 1.0000000180025095e-35 1.4473094679308549 100.51600000000001 3.5000000000000004 1.9492500000000001 1.0000000180025095e-35 29.701500000000003 0.8412677475492979 100.75600000000001
decision_type=2 2 2 10 8 2 2 2 8 10 2 2 2 2 2 2 8 2 2 2 2 2 2 2 2 2 2 10 2 2
left_child=2 26 3 8 21 19 23 -7 12 10 11 27 -1 15 -9 17 -12 -10 -11 24 -5 -4 -13 -6 -3 -26 29 -8 -19 -2
right_child=1 5 4 20 6 7 9 14 13 18 16 22 -14 -15 -16 -17 -18 28 -20 -21 -22 -23 -24 -25 25 -27 -28 -29 -30 -31
leaf_value=0.09666474658846802 0.47502979394125594 0.015957367005736994 -0.11726495815781549 0.88917292273263326 0.07909038938305582 -0.378755874625617 0.053528350539158165 0.11123152313743903 0.020731753732277536 2.5813600067264684 -2.384408176266037 -0.1065162527410031 -0.045664632282362831 -0.1394035005752082 -0.70964735622601105 0.0042821358701135015 -1.3539723008404885 0.65448101642579948 -0.74309884669137927 -0.089179078868116032 0.1790680473483226 -0.65426892330664055 -0.63756817559891665 0.60892619352372612 0.019571391906458343 -0.065100962775619428 -0.25850737854582673 0.49760601470868793 0.11169562273530061 -0.16049519829290021
leaf_weight=2101 5806 10608 2437 8368 15689 10338 6836 956 15539 2374 2175 58848 18340 3184 11920 24606 5885 5860 1249 3682 4091 7249 1336 6035 2398 11074 568 3735 27455 1498
leaf_count=2101 5806 10608 2437 8368 15689 10338 6836 956 15539 2374 2175 58848 18340 3184 11920 24606 5885 5860 1249 3682 4091 7249 1336 6035 2398 11074 568 3735 27455 1498
internal_value=-0.00053164 -0.0039585 0.000371097 0.00195584 -0.00115373 -0.005379 -0.000523223 -0.00856164 0.00119045 -0.00141136 -0.0017595 -0.00110346 -0.00196052 0.00203082 -0.0117234 0.00235843 -0.00751861 0.00346031 0.00616202 -0.00271774 0.00791998 -0.00793413 -0.00189835 0.00284708 -0.00178156 -0.0039378 0.00524009 0.0034221 0.00471784 0.00641429
internal_weight=282240 58848 223392 109544 113848 50976 104162 23214 97085 82438 78815 70755 20441 76644 12876 73460 8060 48854 3623 27762 12459 9686 60184 21724 24080 13472 7872 10571 33315 7304
internal_count=282240 58848 223392 109544 113848 50976 104162 23214 97085 82438 78815 70755 20441 76644 12876 73460 8060 48854 3623 27762 12459 9686 60184 21724 24080 13472 7872 10571 33315 7304
is_linear=0
shrinkage=0.05


Tree=38
num_leaves=31
num_cat=0
split_feature=10 14 13 13 13 14 14 16 7 3 2 13 3 2 6 16 2 15 13 13 3 3 7 16 6 16 10 3 0 3
split_gain=359.525 252.634 267.619 195.554 152.483 142.857 132.844 104.783 99.9808 97.5754 95.0206 98.3383 92.0381 90.2579 77.8043 77.4154 73.2176 70.3201 79.9361 77.5327 67.6078 75.1407 66.1786 64.7573 60.8889 56.0474 52.0697 91.4612 57.3136 51.2274
threshold=2.0071428571428593 87.804000000000016 73.21250000000002 75.076500000000024 3.9715000000000003 87.804000000000016 23.271500000000003 10.093175 1.5506200909794137 10.500000000000002 4.5000000000000009 18.331000000000003 4.5000000000000009 1.5000000000000002 1.5261028684161901 168.90877500000002 4.5000000000000009 267.93000000000006 282.17000000000007 142.40150000000003 9.5000000000000018 6.5000000000000009 1.2682649393426357 3.9575000000000005 0.82635109199009482 9.5642250000000022 -0.92857142857142794 1.5000000000000002 1.5000000000000002 10.500000000000002
decision_type=2 2 10 8 8 2 2 2 2 2 2 10 2 2 2 2 2 2 10 10 2 2 2 2 2 2 2 2 2 2
left_child=1 2 4 15 7 22 9 -1 13 10 11 12 25 20 17 -3 29 19 -19 -5 21 -8 -2 -24 -7 -6 27 -15 -29 -4
right_child=5 3 16 14 6 24 8 -9 -10 -11 -12 -13 -14 26 -16 -17 -18 18 -20 -21 -22 -23 23 -25 -26 -27 -28 28 -30 -31
leaf_value=-0.0027830134738742185 -0.056446421268956562 -0.73223355885698149 0.64414094419692436 -0.12194378339473913 0.054032315626398209 -0.45759629343466318 0.14078325811324852 -0.22206059994901187 -0.32962496555275789 0.22844929200796138 -0.014996941277436766 0.28284302789470978 0.011185476223485202 1.2301006136916937 -1.1728640287324108 -5.416217508599046 0.1450299708314555 -3.8602659856083239 2.4640418835763298 0.66935310249058133 0.57097000376034923 -0.10284009006216843 0.020678724827130675 -0.11923745401523465 -1.608792114505079 0.82786434959318178 -0.097151694578546846 -0.23188552075581495 0.22096299823867216 1.974056374688868
leaf_weight=8979 18820 8899 10321 28842 3373 1144 15082 8696 2849 9207 25798 8598 28668 725 1684 1031 5169 2455 512 4075 4791 5701 1260 7972 3258 4126 50833 2281 4548 2543
leaf_count=8979 18820 8899 10321 28842 3373 1144 15082 8696 2849 9207 25798 8598 28668 725 1684 1031 5169 2455 512 4075 4791 5701 1260 7972 3258 4126 50833 2281 4548 2543
internal_value=-0.000532348 0.000110895 0.000881417 -0.00317066 0.000312475 -0.00548315 0.000781006 -0.00410325 -0.000572515 0.00225398 0.00162231 0.00301519 0.00187256 -0.000259942 -0.00152124 -0.00941088 0.00669467 -0.00102831 -0.00840074 -0.000363794 0.0022171 0.000982774 -0.00416904 -0.00763648 -0.0138573 0.00680424 -0.00134491 0.00252846 0.000735832 0.00871424
internal_weight=282240 249786 202288 47498 184255 32454 166580 17675 86810 79770 70563 44765 36167 83961 37568 9930 18033 35884 2967 32917 25574 20783 28052 9232 4402 7499 58387 7554 6829 12864
internal_count=282240 249786 202288 47498 184255 32454 166580 17675 86810 79770 70563 44765 36167 83961 37568 9930 18033 35884 2967 32917 25574 20783 28052 9232 4402 7499 58387 7554 6829 12864
is_linear=0
shrinkage=0.05


Tree=39
num_leaves=31
num_cat=0
split_feature=10 14 13 13 13 14 5 7 16 14 7 5 8 1 13 5 14 7 13 0 16 6 16 8 16 13 0 8 4 1
split_gain=329.808 232.152 248.162 192.342 167.285 144.869 143.514 148.559 117.432 112.497 84.5691 80.3392 76.8178 75.3808 70.0736 68.6627 65.6756 61.8858 59.6825 58.4606 127.656 56.4219 55.8138 52.1962 51.4347 50.0907 46.9109 53.421 46.9071 49.038
threshold=1.8285714285714278 110.38700000000001 104.68500000000002 85.381000000000014 3.9715000000000003 79.955000000000013 1.0000000180025095e-35 0.78462975126598034 26.487300000000005 23.271500000000003 1.5506200909794137 1.0000000180025095e-35 1.1735660386918843 5.5000000000000009 29.001500000000004 1.0000000180025095e-35 -3.3899999999999992 1.7785225864191649 25.943500000000004 1.5000000000000002 30.928625 1.380487635449712 179.13925000000003 1.1136514582521042 262.24450000000007 172.27250000000001 1.5000000000000002 0.98710200835667272 1.0000000180025095e-35 4.5000000000000009
decision_type=2 2 10 8 8 2 2 2 2 2 2 2 2 2 10 2 2 2 8 2 2 2 2 2 2 10 2 2 2 2
left_child=1 2 4 22 8 11 7 28 -1 14 13 17 -7 -11 16 21 -9 19 -15 20 -2 24 -3 -21 25 -5 -18 -28 29 -6
right_child=5 3 -4 15 6 12 -8 9 -10 10 -12 -13 -14 18 -16 -17 26 -19 -20 23 -22 -23 -24 -25 -26 -27 27 -29 -30 -31
leaf_value=-0.021181839343300791 -0.027353727585436083 -1.0406840171760638 0.9467693071109391 -0.10269191281808561 0.11300617011406207 -0.75626577615596347 -0.18526352329202889 0.22645402244674032 -0.65286477683500443 -0.14642280273176028 -0.32945933722036358 -0.3230894849456582 -1.5149797751181648 -0.14845120710676593 0.35278651053727988 -2.123977716004231 -0.00063950105004235015 -0.11938811801352185 0.047770127608506213 0.20365735076979219 -0.58845223265073787 -1.3565014707106464 -5.4856809137203815 -0.10477216402993711 -3.372313718853539 1.0526807014447264 0.59297381794637694 0.055542775695609982 0.046952875266725647 0.58940529841823996
leaf_weight=13094 14002 4597 9465 15959 5363 3194 8223 1321 4905 21559 3204 1660 2452 6686 9051 710 33752 1938 59793 5520 2742 1333 1026 3766 2746 2153 3045 17596 7619 13766
leaf_count=13094 14002 4597 9465 15959 5363 3194 8223 1321 4905 21559 3204 1660 2452 6686 9051 710 33752 1938 59793 5520 2742 1333 1026 3766 2746 2153 3045 17596 7619 13766
internal_value=-0.000526502 0.00011945 0.000673405 -0.00412284 0.000314748 -0.00504904 0.000749039 0.00103978 -0.00429329 0.000449499 -0.000681704 -0.00365026 -0.0123893 -0.000391308 0.00204316 -0.00208834 0.00138026 -0.00301595 0.000441869 -0.00237418 -0.0041388 -0.00159862 -0.0124089 0.000807667 -0.000961262 5.5212e-06 0.00111274 0.00299041 0.00448258 0.00580401
internal_weight=282240 246966 218442 28524 208977 35274 190978 182755 17999 156007 91242 29628 5646 88038 64765 22901 55714 27968 66479 26030 16744 22191 5623 9286 20858 18112 54393 20641 26748 19129
internal_count=282240 246966 218442 28524 208977 35274 190978 182755 17999 156007 91242 29628 5646 88038 64765 22901 55714 27968 66479 26030 16744 22191 5623 9286 20858 18112 54393 20641 26748 19129
is_linear=0
shrinkage=0.05


Tree=40
num_leaves=31
num_cat=0
split_feature=7 14 13 13 14 13 14 0 5 15 2 1 7 0 2 14 16 2 8 15 5 8 16 15 3 14 13 13 3 8
split_gain=309.921 248.138 249.966 171.694 158.891 196.12 152.931 201.919 130.976 108.424 107.612 105.712 90.2594 74.3882 74.1233 69.704 69.6073 74.8198 68.3081 68.0828 67.4046 62.2604 61.9853 58.9384 83.5142 74.7632 71.3083 58.1777 57.701 57.5218
threshold=1.3381229718934773 123.80150000000002 105.99100000000001 85.381000000000014 3.6815000000000002 12.334000000000001 35.866000000000007 1.5000000000000002 1.0000000180025095e-35 16.931500000000003 3.5000000000000004 5.5000000000000009 0.78462975126598034 1.5000000000000002 1.0000000180025095e-35 83.556500000000014 26.487300000000005 1.0000000180025095e-35 1.0755673765529044 -2.0949999999999993 1.0000000180025095e-35 1.2861914839609752 -3.1539999999999995 267.93000000000006 10.500000000000002 212.04000000000005 282.17000000000007 13.061000000000002 1.5000000000000002 1.1694126047795292
decision_type=2 2 10 8 2 8 2 2 2 2 2 2 2 2 2 2 2 2 2 2 2 2 2 2 2 2 10 8 2 2
left_child=1 2 4 -3 9 16 -2 -8 10 20 11 19 -13 15 -15 -14 -6 -18 23 -7 22 -9 -1 24 25 -5 -25 -11 -12 -30
right_child=6 3 -4 18 5 8 7 21 -10 27 28 12 13 14 -16 -17 17 -19 -20 -21 -22 -23 -24 26 -26 -27 -28 -29 29 -31
leaf_value=0.22070204274670313 -0.026951445299341115 -1.8025099743365183 0.86988495086620576 -0.18586851010516531 -0.040356008098565432 0.37691766412372785 -0.80729064918496063 -0.21664442782158377 -0.30708907955762904 0.0034847891079708929 0.29445994636666412 0.5324141914303564 0.032186350327049154 0.65244583568502146 0.12833108455247261 -0.57397650712279469 -0.068985184394628529 -0.62747569346809628 -1.0757610935743596 -0.076442769102244193 -0.10861997766126751 -0.59899877477191699 0.018492297152428571 -3.8625534007453766 0.80451492191358343 -5.6833195402065 2.155617952032459 0.39612886195155173 -0.03755577172354059 -0.16522581699306996
leaf_weight=1004 17988 4177 10562 6640 13551 335 2858 5244 6994 2550 6261 11052 25938 5971 19847 3053 2498 6305 3068 23369 1066 2998 20967 2221 4944 752 486 10187 52852 6502
leaf_count=1004 17988 4177 10562 6640 13551 335 2858 5244 6994 2550 6261 11052 25938 5971 19847 3053 2498 6305 3068 23369 1066 2998 20967 2221 4944 752 486 10187 52852 6502
internal_value=-0.000528451 3.31816e-05 0.00051957 -0.00500494 0.000159327 -0.000431913 -0.00541632 -0.0100315 0.000173271 0.00320903 0.000474932 0.00160191 0.00263244 0.00180126 0.0037532 6.29506e-05 -0.0048224 -0.00828411 -0.00289741 -0.00126139 0.00116226 -0.00606042 0.001758 -0.00151067 -4.4585e-05 -0.00340909 -0.00819173 0.00691097 -0.0010634 -0.00154497
internal_weight=282240 253152 230864 22288 220302 184528 29088 11100 162174 35774 155180 89565 65861 54809 25818 28991 22354 8803 18111 23704 23037 8242 21971 15043 12336 7392 2707 12737 65615 59354
internal_count=282240 253152 230864 22288 220302 184528 29088 11100 162174 35774 155180 89565 65861 54809 25818 28991 22354 8803 18111 23704 23037 8242 21971 15043 12336 7392 2707 12737 65615 59354
is_linear=0
shrinkage=0.05


Tree=41
num_leaves=31
num_cat=0
split_feature=10 8 14 13 13 0 14 13 8 14 14 3 3 7 3 3 8 7 10 13 3 14 3 2 3 15 3 2 7 12
split_gain=295.615 224.354 188.117 151.436 150.82 148.009 146.163 129.957 128.408 113.305 99.8663 112.252 104.886 89.0858 87.0571 137.973 78.4044 75.6723 74.745 64.7549 61.6258 58.89 57.5656 56.717 64.6693 56.0386 91.8034 55.1615 54.3425 50.6443
threshold=1.0571428571428585 0.83226736545657365 128.57000000000002 117.605 85.381000000000014 1.5000000000000002 85.421000000000006 7.8840000000000012 1.1087050266638239 13.732500000000002 25.682500000000001 4.5000000000000009 9.5000000000000018 1.2682649393426357 6.5000000000000009 8.5000000000000018 1.6529810848379254 0.754829657093124 -4.0178571428571397 316.99500000000006 9.5000000000000018 2.4510000000000005 5.5000000000000009 1.5000000000000002 9.5000000000000018 267.93000000000006 10.500000000000002 1.0000000180025095e-35 1.1918166958358434 0.59875000000000012
decision_type=2 2 2 10 8 2 2 8 2 2 2 2 2 2 2 2 2 2 2 10 2 2 2 2 2 2 2 2 2 2
left_child=1 5 3 7 -4 17 13 9 28 -3 11 16 22 -2 18 -16 29 -1 -12 25 -7 -15 -13 24 -17 26 -6 -11 -8 -9
right_child=6 2 4 -5 19 20 8 10 -10 27 14 12 -14 21 15 23 -18 -19 -20 -21 -22 -23 -24 -25 -26 -27 -28 -29 -30 -31
leaf_value=0.25497942815489866 -0.035487706860031061 -0.0082392760215660443 -2.097427003428979 0.98409313738177051 -0.85224573786159619 0.35088340573347454 -0.11846480844798345 0.50968706802233166 -1.4704148008088005 -0.093937980848722805 0.56647773556247172 -0.14553830233962281 0.14484559524653579 0.013192382291794078 -0.20622611738100086 -0.53065002540245232 -0.20950652281929463 -0.054189332530980475 0.0032879037615076213 2.7584743266868714 0.89804331417386263 -0.10598379312951206 0.0017739012365467822 -0.13767567713507406 0.49793597665209061 -3.5099039135134804 0.51874449506641374 -0.35078623838825113 -1.3519722268703054 -0.090426485290556191
leaf_weight=7006 28034 12114 2973 5945 6648 14146 3162 10248 3440 2465 2085 4907 15583 2038 10928 1492 586 8648 55622 858 4412 10758 31643 16344 5438 2284 4259 6294 1012 868
leaf_count=7006 28034 12114 2973 5945 6648 14146 3162 10248 3440 2465 2085 4907 15583 2038 10928 1492 586 8648 55622 858 4412 10758 31643 16344 5438 2284 4259 6294 1012 868
internal_value=-0.000519948 0.000216642 -0.000424633 4.40946e-05 -0.00545177 0.00395768 -0.00407481 -0.000220109 -0.0104347 -0.00392493 0.000276415 0.00179565 0.000802275 -0.00288881 -0.000778759 -0.00277762 0.00622116 0.0003769 0.00040593 -0.00328671 0.00697812 -0.00634573 -0.000662107 -0.00060153 0.00318903 -0.00415245 -0.00266114 -0.00825722 -0.00454001 0.00716085
internal_weight=282240 233796 199584 182562 17022 34212 48444 176617 7614 20873 155744 63835 52133 40830 91909 34202 11702 15654 57707 14049 18558 12796 36550 23274 6930 13191 10907 8759 4174 11116
internal_count=282240 233796 199584 182562 17022 34212 48444 176617 7614 20873 155744 63835 52133 40830 91909 34202 11702 15654 57707 14049 18558 12796 36550 23274 6930 13191 10907 8759 4174 11116
is_linear=0
shrinkage=0.05


Tree=42
num_leaves=31
num_cat=0
split_feature=14 7 6 5 3 2 0 8 10 3 10 7 16 10 2 3 16 7 16 7 0 14 3 3 14 1 3 1 14 16
split_gain=278.697 198.379 188.697 149.722 178.338 176.902 138.744 177.123 104.942 103.641 96.534 92.3916 85.0312 84.0404 83.3585 89.7784 76.1756 149.183 72.3787 71.8175 81.106 67.1108 78.27 60.3943 69.6086 65.8623 60.0098 56.6377 56.0648 55.7702
threshold=87.804000000000016 1.6661101906708728 1.2432236639759657 1.0000000180025095e-35 10.500000000000002 4.5000000000000009 1.5000000000000002 0.98710200835667272 -4.121428571428571 6.5000000000000009 1.7571428571428591 0.56502725539191412 -3.1539999999999995 -0.58571428571428441 1.0000000180025095e-35 11.500000000000002 31.660375000000002 1.047729950561578 3.8072500000000002 0.64735137188752534 1.5000000000000002 8.8710000000000004 8.5000000000000018 8.5000000000000018 33.02150000000001 5.5000000000000009 2.5000000000000004 6.5000000000000009 17.257500000000004 179.13925000000003
decision_type=2 2 2 2 2 2 2 2 2 2 2 2 2 2 2 2 2 2 2 2 2 2 2 2 2 2 2 2 2 2
left_child=1 3 19 4 5 6 11 21 26 -9 14 -1 -10 -4 -6 28 27 -18 -3 -2 -21 22 -8 24 -11 -25 -7 -13 -16 -22
right_child=2 18 13 -5 10 8 7 9 12 23 -12 16 -14 -15 15 -17 17 -19 -20 20 29 -23 -24 25 -26 -27 -28 -29 -30 -31
leaf_value=0.46555717188000084 0.17107323475920111 0.015709382459211208 -0.35154953349386231 -0.15449674741243921 0.7814121549697246 1.3535241505535209 1.5839640667862078 0.24981805020236145 0.22761039356052618 -0.021721649706105461 -0.037966947090360394 -0.038459147878710145 -0.061167219661136411 -1.4631657742682436 0.59371442780917272 0.016130756051670893 -0.077399402829439121 -0.56513866433348359 -0.1211462873902816 -0.81737542510914674 -0.10257003150271504 0.42978948360560482 0.0094439039938860603 -0.11464669452472771 -0.42454682606678151 0.23351667400046719 0.038904543312394325 0.037515078135816872 0.31503267787230715 -1.8327748580072385
leaf_weight=4332 5848 1334 2496 10130 2748 714 2010 22978 980 6430 5046 14022 54218 4140 4200 7158 21550 2232 7192 10812 23924 11684 690 2714 3038 6320 1082 29294 8244 4680
leaf_count=4332 5848 1334 2496 10130 2748 714 2010 22978 980 6430 5046 14022 54218 4140 4200 7158 21550 2232 7192 10812 23924 11684 690 2714 3038 6320 1082 29294 8244 4680
internal_value=-0.00050985 0.000235956 -0.00381985 0.000523637 0.000807808 0.000248253 0.00128482 0.0031514 -0.00206688 0.00149349 0.00457184 -0.000174997 -0.00245389 -0.0116938 0.0059821 0.00483879 -0.000631912 -0.00290556 -0.00724842 -0.00266547 -0.00343262 0.00793242 0.015037 -0.00129175 -0.00408217 0.00163272 0.00982739 0.0006164 0.00740518 -0.00203818
internal_weight=282240 230340 51900 221814 211684 184288 127294 55864 56994 41480 27396 71430 55198 6636 22350 19602 67098 23782 8526 45264 39416 14384 2700 18502 9468 9034 1796 43316 12444 28604
internal_count=282240 230340 51900 221814 211684 184288 127294 55864 56994 41480 27396 71430 55198 6636 22350 19602 67098 23782 8526 45264 39416 14384 2700 18502 9468 9034 1796 43316 12444 28604
is_linear=0
shrinkage=0.05


Tree=43
num_leaves=31
num_cat=0
split_feature=8 3 5 14 13 13 0 8 16 7 16 10 0 7 7 3 16 13 1 16 13 3 6 13 8 3 3 14 3 3
split_gain=266.64 238.968 200.141 182.997 232.215 154.58 140.441 122.06 122.044 119.791 227.589 74.6574 69.8779 95.4271 68.0639 65.1292 83.419 62.7129 58.9238 58.6573 88.8907 56.5106 56.4947 54.3745 49.3389 46.4922 54.4321 65.2015 45.5561 44.851
threshold=1.332604416611143 1.5000000000000002 1.0000000180025095e-35 74.431500000000014 73.21250000000002 39.981500000000004 1.5000000000000002 0.99857713534972048 36.783250000000002 1.047729950561578 22.18975 -2.9667582417582445 1.5000000000000002 1.147600808566591 0.68878972166184183 4.5000000000000009 93.568750000000009 9.2340000000000018 6.5000000000000009 30.185725000000001 26.765000000000004 10.500000000000002 0.74339984316575036 5.9910000000000005 1.6917612474432648 10.500000000000002 6.5000000000000009 10.656000000000001 10.500000000000002 6.5000000000000009
decision_type=2 2 2 2 10 8 2 2 2 2 2 2 2 2 2 2 2 8 2 2 10 2 2 8 2 2 2 2 2 2
left_child=2 24 3 4 6 -5 9 28 18 11 -11 -1 13 -7 -10 16 -4 -13 -3 20 25 22 -6 -9 -2 26 27 -19 -8 -20
right_child=1 8 15 5 21 12 7 23 14 10 -12 17 -14 -15 -16 -17 -18 19 29 -21 -22 -23 -24 -25 -26 -27 -28 -29 -30 -31
leaf_value=0.22108662896071851 0.48148361813033652 -0.096629175667138981 0.089191640499886815 -0.74444635146718108 1.0580058549727718 -0.34900125343825417 0.26142093432097052 -0.072564029220004836 -0.129465976015781 -0.011237260051286713 -0.38323042515224554 -0.05778126974882894 0.0056398484452106603 -1.5236955630798485 -0.74651313179345991 -0.27206255753381198 -1.9721067900177323 -0.0034741424627020125 -0.063158731290478873 -0.061805683123952841 0.27179422347503862 1.5493071698116756 0.37425871025077129 0.061968771201565256 -0.081578101973200923 0.29928104397869176 -0.039469776367138477 0.41095710778045302 0.63977807974998113 0.0022121032927199732
leaf_weight=4494 3488 3508 2566 7836 2380 13232 17428 5433 1848 13991 4020 11534 35870 706 8146 8048 386 7347 3356 25878 5826 2898 9646 45520 1328 2889 18842 4291 2675 6830
leaf_count=4494 3488 3508 2566 7836 2380 13232 17428 5433 1848 13991 4020 11534 35870 706 8146 8048 386 7347 3356 25878 5826 2898 9646 45520 1328 2889 18842 4291 2675 6830
internal_value=-0.000491249 -0.00507648 2.38437e-05 0.000322779 0.00108892 -0.00213726 0.000564442 0.00226089 -0.00714075 -0.000651788 -0.0043404 0.000167384 -0.00111026 -0.00411465 -0.0113418 -0.00657273 -0.00022019 -0.000200047 -0.00407478 0.000402241 0.00162202 0.00706915 0.00555879 0.000959217 0.00507683 0.000627079 5.24934e-05 0.00274102 0.00556012 -0.00215001
internal_weight=282240 28504 253736 242736 185092 57644 170168 71056 23688 99112 18011 81101 49808 13938 9994 11000 2952 76607 13694 65073 39195 14924 12026 50953 4816 33369 30480 11638 20103 10186
internal_count=282240 28504 253736 242736 185092 57644 170168 71056 23688 99112 18011 81101 49808 13938 9994 11000 2952 76607 13694 65073 39195 14924 12026 50953 4816 33369 30480 11638 20103 10186
is_linear=0
shrinkage=0.05


Tree=44
num_leaves=31
num_cat=0
split_feature=10 16 13 16 0 14 13 13 8 3 2 13 7 16 3 5 2 14 13 2 3 16 7 3 14 15 2 13 3 15
split_gain=254.86 186.293 190.05 133.512 156.268 132.487 183.242 115.962 115.238 109.235 112.769 125.708 99.865 79.2062 77.0319 76.713 85.0121 69.4413 63.8044 61.9879 61.224 97.4412 60.187 59.3099 58.7732 58.6675 56.8155 56.4797 53.0503 48.3579
threshold=1.0571428571428585 144.06050000000002 119.77750000000002 27.957249999999998 1.5000000000000002 22.853500000000004 20.303500000000003 85.381000000000014 1.1222925760161437 10.500000000000002 4.5000000000000009 24.246500000000005 0.72574888081930544 -3.1539999999999995 4.5000000000000009 1.0000000180025095e-35 1.0000000180025095e-35 89.903500000000022 41.685000000000009 1.0000000180025095e-35 2.5000000000000004 26.128600000000002 0.81979597625402112 1.5000000000000002 -3.3899999999999992 19.912500000000005 5.5000000000000009 316.99500000000006 9.5000000000000018 267.93000000000006
decision_type=2 2 10 2 2 2 8 8 2 2 2 10 2 2 2 2 2 2 10 2 2 2 2 2 2 2 2 10 2 2
left_child=1 2 5 -2 12 9 19 -3 -6 10 11 14 -5 -12 25 16 18 -10 28 -7 21 -15 23 -18 -16 -1 -17 29 -8 -9
right_child=3 7 -4 4 8 6 15 27 17 -11 13 -13 -14 20 24 26 22 -19 -20 -21 -22 -23 -24 -25 -26 -27 -28 -29 -30 -31
leaf_value=0.030304111477509645 -0.019953081194056168 -3.2582076033757748 0.94836356627726703 -0.056935568516726001 -0.026135835783525831 -0.029732703775576755 0.0042641962796645672 -0.47041018008117175 -0.28193300264758098 0.21353911496454081 0.23034733505851041 0.42975783820819191 -0.63819564996763833 1.0476345289391287 0.2392232168240975 -0.59089681286473295 0.61759000814937315 -1.3735691807167614 0.61186813216405123 -0.35487181461687495 -0.04039151444040421 -1.1299871936798755 -0.049582494103186742 0.0861744798719907 0.003713244777027658 0.71406650444834463 0.18843176517167085 2.3312136993833263 0.75177404924893321 -3.143388571765481
leaf_weight=3593 26060 1899 8264 1362 9368 3419 9603 7059 4056 9751 1042 7442 5354 1728 503 3872 1676 2244 3619 10101 25449 546 78184 11182 34061 4082 918 814 2579 2410
leaf_count=3593 26060 1899 8264 1362 9368 3419 9603 7059 4056 9751 1042 7442 5354 1728 503 3872 1676 2244 3619 10101 25449 546 78184 11182 34061 4082 918 814 2579 2410
internal_value=-0.000492312 0.00019162 0.00052253 -0.00379304 -0.00662527 0.000234357 -0.000811607 -0.00582827 -0.00389009 0.0017186 0.00109821 0.00254071 -0.0130063 -0.00139319 0.001485 -0.00014579 0.000131735 -0.00911905 0.00351718 -0.00630917 -0.00190185 0.00595866 -0.000455834 0.00271426 0.000478822 0.00601629 -0.00633612 -0.00373189 0.00178542 -0.00481835
internal_weight=282240 233796 221614 48444 22384 213350 125153 12182 15668 88197 78446 49681 6716 28765 42239 111633 106843 6300 15801 13520 27723 2274 91042 12858 34564 7675 4790 10283 12182 9469
internal_count=282240 233796 221614 48444 22384 213350 125153 12182 15668 88197 78446 49681 6716 28765 42239 111633 106843 6300 15801 13520 27723 2274 91042 12858 34564 7675 4790 10283 12182 9469
is_linear=0
shrinkage=0.05


Tree=45
num_leaves=31
num_cat=0
split_feature=8 3 14 2 0 14 8 7 16 0 7 3 5 16 2 15 3 14 1 14 1 14 2 8 15 7 2 3 14 5
split_gain=243.258 197.108 181.325 165.069 131.055 109.961 107.748 106.204 178.414 98.6408 146.151 75.7038 74.5836 67.4346 67.0194 65.8245 63.1627 62.1102 66.8487 61.867 59.4139 56.2115 81.9098 54.975 54.2998 54.1477 49.658 49.4216 54.3305 47.9543
threshold=1.3444242495514274 1.5000000000000002 74.431500000000014 3.5000000000000004 1.5000000000000002 44.741000000000007 0.96465340681158218 1.0088498492910212 20.087250000000001 1.5000000000000002 1.147600808566591 10.500000000000002 1.0000000180025095e-35 179.13925000000003 1.5000000000000002 19.241000000000003 2.5000000000000004 -6.0199999999999987 15.500000000000002 13.732500000000002 5.5000000000000009 20.861500000000003 5.5000000000000009 0.81318239793828317 87.756500000000003 0.72158393049153802 4.5000000000000009 4.5000000000000009 33.02150000000001 1.0000000180025095e-35
decision_type=2 2 2 2 2 2 2 2 2 2 2 2 2 2 2 2 2 2 2 2 2 2 2 2 2 2 2 2 2 2
left_child=2 29 3 4 7 15 19 -1 -9 10 -4 17 20 14 23 -3 25 -5 -19 -6 -8 24 -23 -11 -13 -7 -27 28 -22 -2
right_child=1 5 9 11 6 16 12 8 -10 13 -12 21 -14 -15 -16 -17 -18 18 -20 -21 27 22 -24 -25 -26 26 -28 -29 -30 -31
leaf_value=0.058154409568719638 0.32751340411606555 -0.01530015762159323 -0.42348494113755675 0.27746230772861835 1.0610762433077445 0.25083375677412006 -0.0085667023259000108 0.0032437031473769085 -0.34843128988916894 0.67271110407901791 -1.3990633764456324 0.12247284419867846 -0.4902855571349134 -1.6149461983124078 -0.15706824332941682 -0.15950696114261156 -0.81082402788412455 -0.059291145640636159 0.012972360691778373 0.41731655102304405 1.3910696574607719 -0.31894150702640767 0.25574182633803172 0.088190461052410463 2.2243771447320002 -1.3880629393321244 0.15456902159409314 0.14200829677838217 0.31650939744471324 -0.25441020732443326
leaf_weight=48906 4184 8776 16484 796 3218 952 9580 8356 3566 2874 1218 5264 946 4872 24654 5502 6548 52434 24850 9094 1874 3556 2230 10134 570 642 316 15156 4160 528
leaf_count=48906 4184 8776 16484 796 3218 952 9580 8356 3566 2874 1218 5264 946 4872 24654 5502 6548 52434 24850 9094 1874 3556 2230 10134 570 642 316 15156 4160 528
internal_value=-0.00048434 -0.00495665 -2.5511e-06 0.000739633 0.00208667 -0.00688556 0.0041644 0.000582791 -0.00364872 -0.00239973 -0.0055361 -0.000835006 0.00262328 -0.00109442 -0.000378365 -0.00420927 -0.0114034 -0.00139536 -0.00153848 0.00813434 0.00304842 0.00293029 -0.000561701 0.00252537 0.00639356 -0.00340314 -0.0117954 0.00452572 0.00835267 0.00435059
internal_weight=282240 27448 254792 194556 104856 22736 44028 60828 11922 60236 17702 89700 31716 42534 37662 14278 8458 78080 77284 12312 30770 11620 5786 13008 5834 1910 958 21190 6034 4712
internal_count=282240 27448 254792 194556 104856 22736 44028 60828 11922 60236 17702 89700 31716 42534 37662 14278 8458 78080 77284 12312 30770 11620 5786 13008 5834 1910 958 21190 6034 4712
is_linear=0
shrinkage=0.05


Tree=46
num_leaves=31
num_cat=0
split_feature=7 16 13 16 0 13 2 16 13 13 13 10 3 5 13 16 16 2 10 3 13 2 15 2 3 12 15 10 5 10
split_gain=233.547 187.013 211.942 137.56 210.819 133.04 120.91 144.299 132.01 120.067 96.2976 70.938 68.7939 67.6204 75.5368 63.1308 58.7896 57.9208 56.3184 56.1662 53.8035 53.6445 53.0484 51.1263 66.013 64.0599 48.986 48.9664 47.8082 47.0022
threshold=1.3301345007876055 133.26500000000001 117.605 28.370425000000001 1.5000000000000002 1.0125000000000002 1.0000000180025095e-35 27.957249999999998 56.355000000000011 88.857500000000016 26.765000000000004 -0.95714285714285685 10.500000000000002 1.0000000180025095e-35 6.7625000000000002 86.267250000000004 -3.1539999999999995 4.5000000000000009 2.0500000000000003 1.5000000000000002 316.99500000000006 5.5000000000000009 10.383500000000003 4.5000000000000009 6.5000000000000009 0.46625000000000011 -3.0749999999999997 0.33571428571428613 1.0000000180025095e-35 4.9000000000000021
decision_type=2 2 10 2 2 8 2 2 8 8 10 2 2 2 10 2 2 2 2 2 10 2 2 2 2 2 2 2 2 2
left_child=1 2 5 22 -5 -1 13 10 15 -3 12 19 16 14 29 21 -8 -12 -13 -10 28 -9 -2 24 -18 26 -26 -6 -11 -7
right_child=3 9 -4 4 27 6 7 8 11 20 17 18 -14 -15 -16 -17 23 -19 -20 -21 -22 -23 -24 -25 25 -27 -28 -29 -30 -31
leaf_value=-0.099238076566622813 0.0062785603627241284 -2.335504908906139 0.91828629878805579 -0.59516149864968659 -0.074679145542475275 0.10297863828146117 0.2030604595596468 -0.18716994564956307 0.57730009982158603 -0.59664796080735927 0.40054036038507257 -0.033139258974288224 0.15556330599616974 -0.17561459269220006 0.37316154981987604 -0.78937358380711053 0.12167810800145462 0.059093824592105992 -0.39140843340649456 0.11365377264337245 2.3283294938470505 0.094462926854285839 -0.054569419304893313 -0.033231308120210967 0.16438412043006703 0.15345515918109098 -0.039324621287298314 -0.48353019535859076 -2.1961610144859871 -0.42853949330248575
leaf_weight=8767 8920 2706 8736 3396 5092 18494 938 19183 1933 11712 8531 59251 7987 1388 10394 3626 15597 5843 5157 8669 861 4204 7324 25578 331 2964 18918 4900 443 397
leaf_count=8767 8920 2706 8736 3396 5092 18494 938 19183 1933 11712 8531 59251 7987 1388 10394 3626 15597 5843 5157 8669 861 4204 7324 25578 331 2964 18918 4900 443 397
internal_value=-0.000484694 7.91741e-06 0.0003584 -0.00468413 -0.00843666 6.57462e-05 0.000307111 -0.000166128 -0.00144061 -0.00527287 0.00133382 -0.000361285 0.000590834 0.00321863 0.00372973 -0.00443768 4.74147e-05 0.00507166 -0.000985126 0.0034286 -0.00328058 -0.00348591 -0.00159136 -0.000136461 0.00103147 -0.000719173 -0.00177282 -0.00477882 -0.00413616 0.00184612
internal_weight=282240 252608 236886 29632 13388 228150 219383 188710 102023 15722 86687 75010 72313 30673 29285 27013 64326 14374 64408 10602 13016 23387 16244 63388 37810 22213 19249 9992 12155 18891
internal_count=282240 252608 236886 29632 13388 228150 219383 188710 102023 15722 86687 75010 72313 30673 29285 27013 64326 14374 64408 10602 13016 23387 16244 63388 37810 22213 19249 9992 12155 18891
is_linear=0
shrinkage=0.05


Tree=47
num_leaves=31
num_cat=0
split_feature=8 3 13 14 13 14 16 13 10 5 3 3 8 2 3 7 16 2 0 7 14 10 16 2 16 0 3 16 1 1
split_gain=225.226 201.545 147.533 173.347 170.88 130.949 96.6105 94.4129 92.5579 89.9358 88.1912 78.6667 72.0455 70.6918 69.5201 81.5213 67.9824 75.8304 73.1877 105.312 83.9939 67.1447 66.7774 65.4961 69.1234 64.693 61.4854 60.5719 57.2836 55.9481
threshold=1.0517211997345159 1.5000000000000002 104.68500000000002 13.001000000000003 23.531000000000002 55.145000000000003 92.512250000000009 26.362500000000001 0.15714285714285617 1.0000000180025095e-35 4.5000000000000009 2.5000000000000004 1.3216108548220948 1.5000000000000002 10.500000000000002 1.1583011476025151 262.24450000000007 3.5000000000000004 1.5000000000000002 1.0000317254658451 79.955000000000013 0.94999999999999962 -3.1539999999999995 1.0000000180025095e-35 86.267250000000004 1.5000000000000002 10.500000000000002 136.46672500000003 7.5000000000000009 5.5000000000000009
decision_type=2 2 10 2 8 2 2 10 2 2 2 2 2 2 2 2 2 2 2 2 2 2 2 2 2 2 2 2 2 2
left_child=2 8 3 7 23 10 26 13 -2 16 -3 21 25 -1 22 -16 17 18 19 20 -6 27 -15 -5 -25 -13 -4 -7 -12 -20
right_child=1 5 6 4 9 11 -8 -9 -10 -11 28 12 -14 14 15 -17 -18 -19 29 -21 -22 -23 -24 24 -26 -27 -28 -29 -30 -31
leaf_value=0.11499149359037429 0.5267733275760883 -0.12544151273558327 0.72303585387451508 0.0022651260194565203 0.066353848140234442 0.42313791375520315 0.11422062164704255 0.4419846315140909 -0.074413278024581767 -0.37390561312415493 -0.061160452714498541 -0.96595678421436482 -0.89837637852052343 0.17889791496052054 0.43880252266658532 -0.036114409387149715 -4.0386851696558708 -0.067717681529360793 -0.037540808459548991 -0.31364162787936578 -0.4647007323316773 -0.61796294568155163 -0.01227571529380477 -0.16385241910048709 -1.6968760048768659 -0.32080677376979055 2.7872783779309995 -1.0011799228872762 0.00045695919863691925 0.26644875226258996
leaf_weight=13477 4486 6780 5373 4661 24100 1774 7661 7730 3386 5793 8574 1426 5912 903 2575 1167 1887 45702 10081 2429 6130 1044 35280 15026 1584 4950 1769 708 19808 30064
leaf_count=13477 4486 6780 5373 4661 24100 1774 7661 7730 3386 5793 8574 1426 5912 903 2575 1167 1887 45702 10081 2429 6130 1044 35280 15026 1584 4950 1769 708 19808 30064
internal_value=-0.000476722 -0.00322866 0.000248218 -9.40845e-05 -0.00102216 -0.00437853 0.00507161 0.00214454 0.00421748 -0.000323332 -0.00267903 -0.00815733 -0.0100464 0.00139695 0.000340013 0.0068279 -3.0525e-05 0.000119403 0.0011215 -0.000636119 0.000168707 -0.00157402 -0.000330957 -0.00516783 -0.00663757 -0.00635979 0.00925511 0.00290089 -0.00145515 0.00255138
internal_weight=282240 58848 223392 208589 147457 50976 14803 61132 7872 126186 35162 15814 12288 53402 39925 3742 120393 118506 72804 32659 30230 3526 36183 21271 16610 6376 7142 2482 28382 40145
internal_count=282240 58848 223392 208589 147457 50976 14803 61132 7872 126186 35162 15814 12288 53402 39925 3742 120393 118506 72804 32659 30230 3526 36183 21271 16610 6376 7142 2482 28382 40145
is_linear=0
shrinkage=0.05


Tree=48
num_leaves=31
num_cat=0
split_feature=14 13 13 10 13 6 14 7 14 2 3 8 5 13 2 13 7 14 5 15 3 14 15 3 14 12 8 10 5 15
split_gain=215.386 188.019 153.08 134.717 105.312 105.228 88.9598 95.3062 73.4343 70.8391 79.2477 75.6704 69.5386 65.4503 61.7489 61.4552 59.6938 58.877 57.9013 54.0872 53.8388 52.0964 48.6413 49.56 48.3965 53.3693 45.8865 45.5829 51.3993 45.4675
threshold=95.33750000000002 66.591500000000011 59.905000000000008 0.72500000000000064 -0.72399999999999987 1.4983572501281979 -0.72899999999999987 0.62585625721226001 4.4910000000000005 1.5000000000000002 9.5000000000000018 1.4581312055964626 1.0000000180025095e-35 18.331000000000003 4.5000000000000009 142.40150000000003 1.6661101906708728 39.661500000000004 1.0000000180025095e-35 8.1910000000000007 1.5000000000000002 52.165000000000006 64.481500000000025 8.5000000000000018 2.4510000000000005 0.038750000000000007 0.97512001792524206 2.5071428571428593 1.0000000180025095e-35 4.1015000000000006
decision_type=2 10 8 2 8 2 2 2 2 2 2 2 2 8 2 10 2 2 2 2 2 2 2 2 2 2 2 2 2 2
left_child=1 3 -2 4 -1 15 -6 -8 -5 10 11 22 -12 19 18 27 -10 20 21 -11 -15 26 23 -9 29 -26 -3 28 -4 -25
right_child=2 14 5 8 6 -7 7 9 16 13 12 -13 -14 17 -16 -17 -18 -19 -20 -21 -22 -23 -24 24 25 -27 -28 -29 -30 -31
leaf_value=-0.13514150993778548 -0.90159495034481518 1.4777492766837246 -0.17651428423509394 0.010337405183277533 0.11914650818584623 -1.2669223494839128 0.27334558511831725 0.017149575131531238 -0.088106439663841976 -0.0013806885971428956 0.34476777867915442 -0.20701006047755463 -0.33188628946685911 0.77202504293283658 0.024708001693002205 0.39316312189957597 -0.12105391934365875 -0.12491966935850876 -0.60410595267305267 -0.11230349593033769 0.010790746538869534 0.22741538364252098 0.31249383033874506 -0.20469754457080241 -0.28055010802543506 0.24389344678703107 0.67721000082483518 -0.95327730786287346 -1.3468768607757278 0.2551458477541681
leaf_weight=3252 7346 2738 27400 10494 6206 2200 11100 21928 30262 7762 7860 1111 515 2818 6923 5049 3324 31176 577 11222 53495 7621 8087 108 1738 319 6819 1446 939 405
leaf_count=3252 7346 2738 27400 10494 6206 2200 11100 21928 30262 7762 7860 1111 515 2818 6923 5049 3324 31176 577 11222 53495 7621 8087 108 1738 319 6819 1446 939 405
internal_value=-0.000459361 0.000137266 -0.00365705 -0.000341023 0.000300706 -0.00234919 0.00047543 0.000247112 -0.00280286 -8.6843e-05 0.00165019 0.000568317 0.00600299 -0.000773201 0.00426898 -0.00167939 -0.00394361 -0.000195739 0.00583075 -0.00343447 0.000769361 0.00635406 0.00100583 -0.00010409 -0.00667315 -0.0100997 0.00881291 -0.00254407 -0.00210223 0.00706628
internal_weight=282240 237860 44380 213182 169102 37034 165850 159644 44080 148544 42071 33696 8375 106473 24678 34834 33586 87489 17755 18984 56313 17178 32585 24498 2570 2057 9557 29785 28339 513
internal_count=282240 237860 44380 213182 169102 37034 165850 159644 44080 148544 42071 33696 8375 106473 24678 34834 33586 87489 17755 18984 56313 17178 32585 24498 2570 2057 9557 29785 28339 513
is_linear=0
shrinkage=0.05


Tree=49
num_leaves=31
num_cat=0
split_feature=8 7 3 10 16 13 13 16 0 13 16 3 2 16 13 3 3 5 7 3 1 3 16 2 13 5 13 3 1 2
split_gain=202.62 163.307 149.323 144.978 120.159 130.188 115.15 104.051 126.094 99.3854 92.614 90.3628 80.997 68.7153 79.9416 64.8716 62.8248 62.688 60.8214 57.7169 55.376 55.0832 57.7964 59.9626 73.5683 50.673 48.9069 48.7019 47.6842 45.7342
threshold=1.3444242495514274 0.85012959970713908 1.5000000000000002 0.92142857142857226 100.85910000000001 107.41500000000001 79.719000000000008 16.533150000000003 1.5000000000000002 -0.40849999999999992 43.507500000000014 1.5000000000000002 3.5000000000000004 21.446700000000003 24.612500000000001 10.500000000000002 2.5000000000000004 1.0000000180025095e-35 0.68878972166184183 9.5000000000000018 6.5000000000000009 10.500000000000002 -3.1539999999999995 4.5000000000000009 18.331000000000003 1.0000000180025095e-35 228.58500000000004 8.5000000000000018 5.5000000000000009 1.0000000180025095e-35
decision_type=2 2 2 2 2 10 8 2 2 8 2 2 2 2 8 2 2 2 2 2 2 2 2 2 10 2 10 2 2 2
left_child=1 11 -2 4 5 9 27 -5 -9 -3 20 -1 25 16 29 -7 -11 26 -12 -14 -4 22 -18 24 -24 -13 -8 -6 -16 -15
right_child=2 3 10 7 6 15 17 8 -10 13 18 12 19 14 28 -17 21 -19 -20 -21 -22 -23 23 -25 -26 -27 -28 -29 -30 -31
leaf_value=0.73740991600205952 0.16371298761946138 -0.1361632178036444 -0.090319843491648774 -0.0067289722779376726 -0.40546703798241523 0.44378582797199206 -0.31873066980029424 -0.3748444068401387 -0.21094744828911827 0.8559771057508434 -0.080954033076549234 0.27757847087862875 -0.058779070360086297 0.087632318950466026 -0.10493468460941267 2.7861168886322449 0.21002228623760746 -1.5664606961613121 -0.72018630721295507 0.20323475290553383 -0.021128976483010199 0.20700490640833574 0.015245655093067257 -0.027210984917814287 0.24796773674684594 -0.30571077257950496 0.99762567867155461 -2.1587939913730971 0.034749789971386294 -0.21913406359029236
leaf_weight=2888 4712 3198 3704 11580 2171 3899 15516 5460 8894 2083 1632 25336 15448 2686 20421 1673 951 859 6934 2936 10466 4714 23777 17429 4846 656 2023 2323 63206 9819
leaf_count=2888 4712 3198 3704 11580 2171 3899 15516 5460 8894 2083 1632 25336 15448 2686 20421 1673 951 859 6934 2936 10466 4714 23777 17429 4846 656 2023 2323 63206 9819
internal_value=-0.00044324 -3.53229e-06 -0.00452492 -0.000607629 -0.000108208 0.000380272 -0.00349467 -0.00410465 -0.00694928 0.000107099 -0.00620382 0.00264895 0.00209122 0.000293133 -0.000507635 0.00788765 0.00172398 -0.00174204 -0.0103082 -0.00044876 -0.00372265 0.00138107 0.000864307 0.000612351 0.00202023 0.00388773 -0.00109613 -0.0106698 4.99241e-05 -0.00423631
internal_weight=282240 254792 27448 207528 181594 158702 22892 25934 14354 153130 22736 47264 44376 149932 96132 5572 53800 18398 8566 18384 14170 51717 47003 46052 28623 25992 17539 4494 83627 12505
internal_count=282240 254792 27448 207528 181594 158702 22892 25934 14354 153130 22736 47264 44376 149932 96132 5572 53800 18398 8566 18384 14170 51717 47003 46052 28623 25992 17539 4494 83627 12505
is_linear=0
shrinkage=0.05


Tree=50
num_leaves=31
num_cat=0
split_feature=8 3 16 10 16 13 13 10 13 3 0 16 2 16 7 0 8 13 0 7 16 2 1 2 16 16 0 3 5 13
split_gain=188.758 158.932 166.341 130.492 120.174 184.406 106.356 106.237 91.1048 91.0399 82.698 70.0783 69.6188 66.9581 66.3997 62.9317 76.6559 61.6237 61.448 107.31 58.7176 55.0696 52.4265 51.888 49.6844 48.4714 48.1462 47.3562 50.0503 44.078
threshold=1.0517211997345159 2.5000000000000004 54.298250000000003 -0.47857142857142593 27.957249999999998 26.362500000000001 37.165000000000006 0.021428571428571633 142.40150000000003 4.5000000000000009 1.5000000000000002 140.10249999999999 2.5000000000000004 154.37575000000001 0.8412677475492979 1.5000000000000002 1.3995103636623367 -0.99899999999999989 2.5000000000000004 1.1771831915262265 95.707000000000008 1.0000000180025095e-35 5.5000000000000009 3.5000000000000004 -3.1539999999999995 94.65155 2.5000000000000004 9.5000000000000018 1.0000000180025095e-35 0.56900000000000006
decision_type=2 2 2 2 2 8 10 2 10 2 2 2 2 2 2 2 2 8 2 2 2 2 2 2 2 2 2 2 2 10
left_child=3 7 9 10 6 21 17 12 11 -3 14 18 -2 -10 -1 -4 -17 -5 19 -7 -9 -6 -11 -20 -19 29 -26 -12 -29 -23
right_child=1 2 15 4 5 8 -8 20 13 22 27 -13 -14 -15 -16 16 -18 24 23 -21 -22 25 -24 -25 26 -27 -28 28 -30 -31
leaf_value=0.20335672194728158 -0.025408457257581365 -0.13432300756647109 -0.99566051201020223 -0.11992994704965475 -0.087276258013397279 -0.051347445914319327 0.46152448653893646 -0.0078237984261353317 1.6770740327143767 -0.064818771562425659 0.24583687322199702 -1.0899094286927955 0.62589413498110624 -0.073343592577919045 -0.045199226699529742 -0.35249337022195737 -0.9038294655781165 0.16940049447197292 0.2733347640508707 -0.58689196565459401 -1.1004665233714268 -0.86882858301601618 -0.0023990936008829733 -0.086483555473712115 0.0028239323391927142 -2.0256621747004746 0.1463028402621773 0.83069845451517477 -0.27857594811438541 -0.24761314785312027
leaf_weight=8682 2304 5554 2462 1726 3025 58653 8522 4620 3451 6714 12544 7802 4394 2542 7720 6260 3584 860 16129 2371 1154 1050 21802 10309 55458 1228 8924 4016 440 7940
leaf_count=8682 2304 5554 2462 1726 3025 58653 8522 4620 3451 6714 12544 7802 4394 2542 7720 6260 3584 860 16129 2371 1154 1050 21802 10309 55458 1228 8924 4016 440 7940
internal_value=-0.000430662 -0.00294997 -0.00429748 0.000232998 -0.000273699 -0.00129476 0.001275 0.00206062 -0.000569096 -0.0024978 0.00311508 -0.000945268 0.00634518 0.00541048 0.000582246 -0.00928003 -0.00749187 0.000605513 -0.000540235 -0.00141256 -0.00290959 -0.00684324 -0.00135713 0.00147326 0.000852212 -0.00859757 0.00069274 0.00555882 0.00998654 -0.00732481
internal_weight=282240 58848 46376 223392 189990 114500 75490 12472 101257 34070 33402 95264 6698 5993 16402 12306 9844 66968 87462 61024 5774 13243 28516 26438 65242 10218 64382 17000 4456 8990
internal_count=282240 58848 46376 223392 189990 114500 75490 12472 101257 34070 33402 95264 6698 5993 16402 12306 9844 66968 87462 61024 5774 13243 28516 26438 65242 10218 64382 17000 4456 8990
is_linear=0
shrinkage=0.05


Tree=51
num_leaves=31
num_cat=0
split_feature=14 13 13 6 14 13 5 1 4 3 0 10 7 16 3 3 8 1 15 15 13 3 14 8 10 15 6 14 13 4
split_gain=193.947 175.071 149.258 118.466 111.897 154.052 87.3131 88.9267 105.528 119.882 83.6349 77.2138 62.4514 105.825 62.2233 74.0011 93.019 61.2184 61.1663 58.0283 68.5257 62.8036 90.8401 55.6102 53.0879 52.7621 52.3118 52.1443 49.1417 48.7649
threshold=84.595000000000013 79.719000000000008 38.615000000000002 1.0642843698909459 3.5210000000000004 3.9715000000000003 1.0000000180025095e-35 5.5000000000000009 1.0000000180025095e-35 10.500000000000002 1.5000000000000002 -0.81428571428571428 1.0126391793720475 32.411750000000005 1.5000000000000002 9.5000000000000018 1.3276961024240657 16.500000000000004 -2.0949999999999993 267.93000000000006 282.17000000000007 10.500000000000002 212.04000000000005 1.3619635274314958 -0.028571428571428022 84.602500000000006 1.3731534971766692 -6.0199999999999987 23.891500000000004 1.0000000180025095e-35
decision_type=2 10 8 2 2 8 2 2 2 2 2 2 2 2 2 2 2 2 2 2 10 2 2 2 2 2 2 2 10 2
left_child=1 4 -2 19 27 -6 7 18 10 17 12 -5 -9 26 -12 16 -16 -10 -7 21 -21 22 25 -20 -17 -4 -14 -1 -29 -3
right_child=2 29 3 11 5 6 -8 8 9 -11 14 -13 13 -15 15 24 -18 -19 23 20 -22 -23 -24 -25 -26 -27 -28 28 -30 -31
leaf_value=0.24731406661295161 -0.81055413310229918 0.74045976446446371 -0.25601678300199743 -0.077242650303156454 -0.093197835841688503 0.30888330865856639 -0.18681837467173856 0.047162587240526979 -0.13789590807239366 0.18216431075083117 1.1299219720320364 -0.99156949901973146 -0.079379969909581322 -0.42736848153043883 0.12486112572279984 1.0581336936775743 -0.30150668857749729 -0.0065976508982683495 -0.061678341618010092 -2.8356380936435204 2.2310198124512892 0.41950850958610586 -4.3969131732449158 -0.17728559781476128 0.37850470409891018 0.12743943649162334 0.039366598587392866 0.017374577588253514 0.36163137908172421 0.074509785322475694
leaf_weight=1118 6822 11449 13740 3258 13610 490 7357 36089 16030 5014 2081 5486 4052 2132 21706 1860 1715 11948 36395 2660 517 9442 981 2698 5003 12234 3237 34315 4240 4561
leaf_count=1118 6822 11449 13740 3258 13610 490 7357 36089 16030 5014 2081 5486 4052 2132 21706 1860 1715 11948 36395 2660 517 9442 981 2698 5003 12234 3237 34315 4240 4561
internal_value=-0.000421273 0.000224571 -0.00308125 -0.00210377 -0.000157753 -0.000711569 -0.000271376 -1.12994e-05 0.000715046 -0.00165495 0.0017191 -0.00737077 0.000337289 -0.00328787 0.00366214 0.00308744 0.0017495 -0.00293087 -0.0020457 -0.000940011 -0.00742052 -0.000374344 -0.0016036 -0.00226575 0.00765336 -0.0010395 -0.000421869 0.00223515 0.00192647 0.00526546
internal_weight=282240 227100 55140 48318 211090 171417 157807 150450 110867 32992 77875 8744 45510 9421 32365 30284 23421 27978 39583 39574 3177 36397 26955 39093 6863 25974 7289 39673 38555 16010
internal_count=282240 227100 55140 48318 211090 171417 157807 150450 110867 32992 77875 8744 45510 9421 32365 30284 23421 27978 39583 39574 3177 36397 26955 39093 6863 25974 7289 39673 38555 16010
is_linear=0
shrinkage=0.05


Tree=52
num_leaves=31
num_cat=0
split_feature=14 6 5 3 7 2 1 3 8 0 7 10 8 14 3 8 8 0 3 3 15 3 3 14 0 2 1 15 10 14
split_gain=177.57 171.566 119.282 145.901 96.6779 105.135 116.112 108.093 75.1491 77.9356 75.7662 69.0594 72.6179 59.4037 57.7697 64.7957 52.7115 52.4659 52.272 51.4251 50.647 66.4502 59.0264 92.1166 65.5227 58.1553 49.83 59.3726 51.4242 46.591
threshold=64.381000000000014 1.450292558713316 1.0000000180025095e-35 10.500000000000002 1.7785225864191649 4.5000000000000009 4.5000000000000009 1.5000000000000002 1.5802469212633652 1.5000000000000002 0.99423855431007591 -0.81428571428571428 1.0900215495746772 3.5210000000000004 11.500000000000002 1.7804483559979489 1.0168306545709338 1.5000000000000002 2.5000000000000004 6.5000000000000009 267.93000000000006 9.5000000000000018 10.500000000000002 212.04000000000005 2.5000000000000004 1.0000000180025095e-35 19.500000000000004 11.144000000000002 -4.5964285714285706 -6.0199999999999987
decision_type=2 2 2 2 2 2 2 2 2 2 2 2 2 2 2 2 2 2 2 2 2 2 2 2 2 2 2 2 2 2
left_child=2 11 3 4 5 6 16 -8 9 26 -11 -2 20 18 15 -5 -1 -3 -7 -12 22 25 23 24 -13 -22 27 -9 -29 -20
right_child=1 17 -4 14 -6 13 7 8 -10 10 19 12 -14 -15 -16 -17 -18 -19 29 -21 21 -23 -24 -25 -26 -27 -28 28 -30 -31
leaf_value=-0.019448238366166479 0.11359826325589926 -0.91812277863896663 -0.11849135605501304 0.31538019674375894 -0.071218603196405869 0.60398192874252465 0.66219329591305398 0.077783087317825822 -0.10197360081536605 0.59754457057891097 0.30539694875463952 -0.28438650227880125 -0.59816016238218628 -0.068640467672570135 0.03078570269093699 -0.12842674040900265 -0.1223293106917593 -0.61472259094065551 0.2465683564642864 0.0042918858189599732 -3.7499004662747271 -2.9519205087251086 0.19115790069286653 -4.8451459833893038 0.021990723709896565 6.4654591780358546 -0.051551134465150764 0.32452066808830865 -0.010616814128428921 -0.0058164861948033948
leaf_weight=22492 13154 1310 9298 14438 3476 1432 5800 12410 2150 7336 11158 21738 5608 38470 9726 500 4280 4590 798 12262 160 3120 11908 1046 17308 364 10288 480 22940 12200
leaf_count=22492 13154 1310 9298 14438 3476 1432 5800 12410 2150 7336 11158 21738 5608 38470 9726 500 4280 4590 798 12262 160 3120 11908 1046 17308 364 10288 480 22940 12200
internal_value=-0.00040586 -0.00239459 0.000385027 0.000652007 0.000124723 0.000299095 0.0011694 0.00207547 0.00159192 0.00184978 0.00379926 -0.00174381 -0.00244972 -0.00153686 0.00424303 0.00619561 -0.0017014 -0.0106017 0.00119889 0.00241033 -0.00190317 -0.00760154 -0.00150385 -0.00242193 -0.00202966 0.00887405 0.000549677 0.00143037 -5.12383e-05 0.000200031
internal_weight=282240 80306 201934 192636 167972 164496 111596 84824 79024 76874 30756 74406 61252 52900 24664 14938 26772 5900 14430 23420 55644 3644 52000 40092 39046 524 46118 35830 23420 12998
internal_count=282240 80306 201934 192636 167972 164496 111596 84824 79024 76874 30756 74406 61252 52900 24664 14938 26772 5900 14430 23420 55644 3644 52000 40092 39046 524 46118 35830 23420 12998
is_linear=0
shrinkage=0.05


Tree=53
num_leaves=31
num_cat=0
split_feature=10 14 13 13 14 3 16 13 8 13 3 3 7 3 8 7 14 13 0 5 3 7 10 3 12 14 12 4 7 3
split_gain=177.052 134.415 152.965 143.976 92.2913 84.9127 75.6079 88.8471 71.7733 70.2727 68.4232 98.5028 78.7091 112.637 75.6378 74.8376 73.1416 71.5702 63.8767 55.5201 52.5643 111.731 86.2998 70.0853 165.568 101.906 73.9251 57.8196 50.8801 55.2525
threshold=2.1654761904761917 53.577500000000008 80.355000000000004 14.541500000000001 103.25100000000002 10.500000000000002 148.69947500000001 145.85100000000003 1.6529810848379254 84.485000000000014 4.5000000000000009 9.5000000000000018 1.0042859353365239 2.5000000000000004 0.62732434975521556 0.58379807704208198 -3.3899999999999992 79.719000000000008 1.5000000000000002 1.0000000180025095e-35 5.5000000000000009 0.99423855431007591 -1.3642857142857132 6.5000000000000009 1.0000000180025095e-35 3.6815000000000002 0.19375000000000003 1.0000000180025095e-35 0.99897078088854441 2.5000000000000004
decision_type=2 2 10 8 2 2 2 10 2 8 2 2 2 2 2 2 2 8 2 2 2 2 2 2 2 2 2 2 2 2
left_child=1 2 8 -3 19 -4 7 28 10 -8 12 14 17 18 -12 -13 -16 -1 -14 -2 21 -18 -23 24 27 -25 -27 -22 29 -5
right_child=4 3 5 6 -6 -7 9 -9 -10 -11 11 15 13 -15 16 -17 20 -19 -20 -21 23 22 -24 25 -26 26 -28 -29 -30 -31
leaf_value=0.038068674860310382 -0.044502574822721047 -0.66479948021670199 0.50902448817494528 0.28199096849671762 -1.1879911219505883 1.7230012584339336 -2.4683083362027674 1.0720334054975476 -0.080695005356415994 -0.60640897695679363 0.19227077117993049 0.87266059964510811 -0.024708179822331023 -0.11517782193608861 0.18512898436279837 0.042938868395977631 0.50750691307390094 0.381764983336909 1.4983703804078925 -0.25927321819400012 0.35380507535626671 0.05673053953456747 -0.23483640682145279 0.038323877607610739 -0.071293250102565597 -0.086428172484203009 0.035543809120178627 0.0068169502917778462 -0.12135370877332292 -0.034639729848748572
leaf_weight=14361 25870 5364 7569 6310 2824 2136 1503 2981 3535 9836 5876 2220 1035 4962 1466 31098 1606 17786 979 1550 5941 1112 9139 9311 4297 28935 6502 2960 50681 12495
leaf_count=14361 25870 5364 7569 6310 2824 2136 1503 2981 3535 9836 5876 2220 1035 4962 1466 31098 1606 17786 979 1550 5941 1112 9139 9311 4297 28935 6502 2960 50681 12495
internal_value=-0.000402494 3.13497e-05 0.000885915 -0.0015291 -0.00401733 0.00697321 -0.00102081 -0.000426746 0.000500095 -0.00481744 0.000666506 3.01006e-05 0.00246338 -0.00235092 -0.000951131 0.00230206 -0.00140068 0.0035081 0.00762165 -0.00313093 -0.00163281 -0.00466602 -0.00658716 -0.00101215 0.00218973 -0.00195651 -0.00317959 0.00608078 -0.000789368 0.0014318
internal_weight=282240 251996 162826 89170 30244 9705 83806 72467 153121 11339 149586 110463 39123 6976 77145 33318 71269 32147 2014 27420 69803 11857 10251 57946 13198 44748 35437 8901 69486 18805
internal_count=282240 251996 162826 89170 30244 9705 83806 72467 153121 11339 149586 110463 39123 6976 77145 33318 71269 32147 2014 27420 69803 11857 10251 57946 13198 44748 35437 8901 69486 18805
is_linear=0
shrinkage=0.05


Tree=54
num_leaves=31
num_cat=0
split_feature=8 5 0 8 16 6 3 13 2 13 16 14 2 14 13 15 3 16 14 3 14 3 3 14 3 3 16 13 15 16
split_gain=164.66 131.798 118.615 153.979 128.516 185.85 102.864 98.3004 84.7054 97.2815 81.2771 80.4968 69.4619 67.0855 62.9023 60.2767 58.379 84.763 57.0209 56.8866 56.6941 54.9302 68.6442 53.1956 56.2156 69.6784 47.6791 59.4521 46.6958 46.061
threshold=1.3948037491109841 1.0000000180025095e-35 1.5000000000000002 0.94759464941667637 29.464625000000002 1.080100550108539 1.5000000000000002 26.765000000000004 1.0000000180025095e-35 105.99100000000001 43.507500000000014 117.55150000000002 4.5000000000000009 12.641500000000002 19.015000000000004 19.241000000000003 4.5000000000000009 93.568750000000009 -3.3899999999999992 7.5000000000000009 166.36000000000004 8.5000000000000018 9.5000000000000018 43.506000000000007 10.500000000000002 4.5000000000000009 15.22775 10.071000000000002 2.4740000000000006 46.562500000000007
decision_type=2 2 2 2 2 2 2 10 2 8 2 2 2 2 8 2 2 2 2 2 2 2 2 2 2 2 2 10 2 2
left_child=1 2 4 12 7 14 28 18 20 11 15 26 13 21 -6 -8 17 -3 -1 -15 -5 -4 -23 24 25 -11 -10 -28 -2 -26
right_child=6 16 3 8 5 -7 10 -9 9 23 -12 -13 -14 19 -16 -17 -18 -19 -20 -21 -22 22 -24 -25 29 -27 27 -29 -30 -31
leaf_value=0.19006488590103687 0.62459398537935484 0.11677281549931107 1.2373539500307837 0.32349506531275685 -0.4712782709290213 -0.42466031395478665 -0.0074072737404856873 0.23280560427961863 0.029295598359966868 0.5320504229717179 -0.5559575148324285 -1.1751716169100328 0.013340070494762157 0.16260864325256075 -0.071052582976752987 -0.13080349829361046 -0.22171670205875113 -1.6607321497951597 -0.0061916666265423364 0.60628242640151964 -1.4607565268380052 -0.16957397132075375 0.71296004553380676 -0.043081500031894815 0.95067394011491191 0.0046258259434756093 -0.42418353541205056 -0.074207002963190369 0.01053867822042906 -1.0388538148194968
leaf_weight=946 702 2626 2276 12152 3931 4760 7566 8839 6972 5019 7110 2240 8124 12436 44123 4340 8104 390 61369 7700 1160 460 956 26040 2292 13569 3207 19165 3466 200
leaf_count=946 702 2626 2276 12152 3931 4760 7566 8839 6972 5019 7110 2240 8124 12436 44123 4340 8104 390 61369 7700 1160 460 956 26040 2292 13569 3207 19165 3466 200
internal_value=-0.000377693 -1.64057e-05 0.000222436 0.00131607 -0.000871193 -0.0027398 -0.00441468 0.000515783 0.000277669 -0.000346234 -0.00597392 -0.00249335 0.00430646 0.0056677 -0.0018063 -0.00344784 -0.00534173 0.000596817 -0.000184145 0.00453168 0.00396635 0.0118635 0.00413136 0.00109295 0.00296015 0.00201474 -0.00179594 -0.00292106 0.00269914 0.010012
internal_weight=282240 259056 247936 123968 123968 52814 23184 71154 92016 78704 19016 31584 31952 23828 48054 11906 11120 3016 62315 20136 13312 3692 1416 47120 21080 18588 29344 22372 4168 2492
internal_count=282240 259056 247936 123968 123968 52814 23184 71154 92016 78704 19016 31584 31952 23828 48054 11906 11120 3016 62315 20136 13312 3692 1416 47120 21080 18588 29344 22372 4168 2492
is_linear=0
shrinkage=0.05


Tree=55
num_leaves=31
num_cat=0
split_feature=10 7 16 13 13 13 16 14 8 2 3 5 3 8 5 13 7 14 15 14 3 16 3 12 15 3 13 16 13 2
split_gain=156.483 121.745 125.01 120.61 97.2668 89.8349 87.5711 77.7995 80.2747 82.5352 73.8889 85.7851 67.1877 57.9657 55.941 54.2073 51.9535 50.3259 53.6302 48.7553 48.2682 47.2477 44.8591 41.8287 40.0603 38.6988 38.6742 53.0093 38.6498 38.3047
threshold=2.1654761904761917 0.62943443378992747 100.85910000000001 125.95500000000001 79.719000000000008 -0.40849999999999992 34.763750000000002 0.16150000000000003 1.3393261320814382 1.5000000000000002 10.500000000000002 1.0000000180025095e-35 1.5000000000000002 1.431933031150902 1.0000000180025095e-35 18.331000000000003 0.72922283655992959 3.9510000000000005 96.264000000000024 33.422500000000007 8.5000000000000018 7.2090250000000005 10.500000000000002 0.011250000000000001 26.471500000000002 8.5000000000000018 316.99500000000006 262.24450000000007 29.701500000000003 4.5000000000000009
decision_type=2 2 2 10 8 8 2 2 2 2 2 2 2 2 2 8 2 2 2 2 2 2 2 2 2 2 10 2 10 2
left_child=1 29 3 5 20 21 -2 -7 9 10 17 -12 -10 14 26 -11 -8 24 28 -17 -4 -3 23 -14 -9 -25 27 -6 -19 -1
right_child=6 2 4 -5 13 7 16 8 12 15 11 -13 22 -15 -16 19 -18 18 -20 -21 -22 -23 -24 25 -26 -27 -28 -29 -30 -31
leaf_value=0.34543409831604199 -0.02109167606864178 -0.010059539645030603 -0.37481791587490321 1.1624743820225472 -0.044266944179449354 0.060481167241302307 -0.022429944215263301 0.061930969492864786 0.25079744302224427 -0.054793252635340323 0.62873492102645268 -0.35578518954281213 -0.2014944850671915 -1.5070463660064961 -1.2247142435772849 0.02920641814182616 -0.45703975433612554 -0.032868807965223214 0.45015723442916533 -0.073156755325913467 -1.8539461006090197 -0.2502375482212395 0.006357649275559929 -0.10926304635352904 0.67491920930028959 0.020809033655488387 2.677644344731855 -3.2210173914410904 0.12209200219286026 0.0025840437791723181
leaf_weight=16506 19124 1642 2821 4225 17506 14019 2218 2487 2039 17552 4967 523 2939 1073 922 50578 8902 25396 4322 49817 2783 2323 2918 4525 1299 1805 926 2301 8036 5746
leaf_count=16506 19124 1642 2821 4225 17506 14019 2218 2487 2039 17552 4967 523 2939 1073 922 50578 8902 25396 4322 49817 2783 2323 2918 4525 1299 1805 926 2301 8036 5746
internal_value=-0.000370961 3.69053e-05 -0.000305122 0.000132316 -0.00341487 -4.6783e-05 -0.00376934 0.000106096 -0.000174523 0.000136231 0.00190729 0.00735883 -0.00377829 -0.00196014 -0.00139806 -0.000569959 -0.00729766 0.00118681 0.000635694 -0.000121769 -0.00931478 -0.00749685 -0.0051838 -0.00688586 0.00668251 -0.00459716 -0.000862152 -0.00132908 -4.1876e-05 0.00356822
internal_weight=282240 251996 229744 201412 28332 197187 30244 193222 179203 164977 47030 5490 14226 22728 21655 117947 11120 41540 37754 100395 5604 3965 12187 9269 3786 6330 20733 19807 33432 22252
internal_count=282240 251996 229744 201412 28332 197187 30244 193222 179203 164977 47030 5490 14226 22728 21655 117947 11120 41540 37754 100395 5604 3965 12187 9269 3786 6330 20733 19807 33432 22252
is_linear=0
shrinkage=0.05


Tree=56
num_leaves=31
num_cat=0
split_feature=8 7 10 13 2 5 13 3 3 13 15 3 3 13 3 8 15 0 3 10 3 10 2 5 7 15 3 15 7 3
split_gain=147.771 130.962 135.409 71.3743 63.216 74.7165 81.2715 57.04 50.4227 46.1737 45.1355 66.5247 44.0545 77.1942 59.5633 66.7806 69.1347 66.1022 66.1199 119.443 106.559 76.7075 52.1006 48.7526 41.9231 41.5118 46.2297 41.2863 48.8956 55.4067
threshold=1.6529810848379254 0.62943443378992747 0.72500000000000064 -0.40849999999999992 1.0000000180025095e-35 1.0000000180025095e-35 41.685000000000009 9.5000000000000018 1.5000000000000002 194.76050000000004 220.45500000000001 9.5000000000000018 10.500000000000002 71.342500000000015 6.5000000000000009 0.69931304696121943 11.144000000000002 2.5000000000000004 5.5000000000000009 -1.0000000180025095e-35 4.5000000000000009 -1.0000000180025095e-35 3.5000000000000004 1.0000000180025095e-35 1.7621555979647301 20.491000000000003 11.500000000000002 43.765000000000008 1.0171824617758285 2.5000000000000004
decision_type=2 2 2 8 2 2 10 2 2 10 2 2 2 8 2 2 2 2 2 2 2 2 2 2 2 2 2 2 2 2
left_child=1 8 3 -3 5 6 7 -5 -1 10 12 -12 14 -14 17 -16 -17 18 20 -20 27 -22 -21 -15 -4 26 -2 28 -6 -30
right_child=25 2 24 4 9 -7 -8 -9 -10 -11 11 -13 13 23 15 16 -18 -19 19 22 21 -23 -24 -25 -26 -27 -28 -29 29 -31
leaf_value=0.61160432891399275 -0.063615340775326781 -0.10227515578597585 -0.058843812451458449 0.010949213140869794 0.12266624036094323 -0.40041631130134214 0.68192164125997934 0.38193581722440462 0.13447522002596454 1.1018741392439388 1.0802376758766028 -2.1241891748231607 -0.078585311332199884 0.36250259029794984 0.14307305086832553 0.0031469299135799215 -0.10140754502548431 0.19960394099047174 -0.064387027185671006 0.38305954411826221 0.022188830346221433 -0.32277387202644259 0.050983250865319213 -0.19947029198937277 -0.11670239925282595 -0.27347895004292316 0.09832373299100608 -0.098317525085946586 0.3142736199409461 -0.13055147407526566
leaf_weight=2240 3530 3594 41018 17976 16842 1331 4636 5083 22720 3138 796 3074 7165 15880 4461 18890 35416 21387 2744 3979 2945 8081 4185 1065 2736 3962 532 19509 1062 2263
leaf_count=2240 3530 3594 41018 17976 16842 1331 4636 5083 22720 3138 796 3074 7165 15880 4461 18890 35416 21387 2744 3979 2945 8081 4185 1065 2736 3962 532 19509 1062 2263
internal_value=-0.000359446 -0.00016374 -0.000509516 2.82236e-05 0.000152545 0.00231172 0.00286785 0.00165337 0.00328926 -0.00020997 -0.000321072 -0.00565891 -0.000196535 0.00177934 -0.000532575 -0.00175056 -0.00223364 0.000329831 -0.000501542 0.00302989 -0.00126129 -0.00560947 0.0060632 0.00361906 -0.00303515 -0.00704761 -0.00349581 -5.29287e-05 0.00153345 -0.00400752
internal_weight=282240 274216 249256 205502 201908 29026 27695 23059 24960 172882 169744 3870 165874 24110 141764 58767 54306 82997 61610 10908 50702 11026 8164 16945 43754 8024 4062 39676 20167 3325
internal_count=282240 274216 249256 205502 201908 29026 27695 23059 24960 172882 169744 3870 165874 24110 141764 58767 54306 82997 61610 10908 50702 11026 8164 16945 43754 8024 4062 39676 20167 3325
is_linear=0
shrinkage=0.05


Tree=57
num_leaves=31
num_cat=0
split_feature=16 13 6 13 1 5 3 2 1 8 1 16 2 13 3 8 16 16 13 2 0 3 16 13 0 8 3 0 16 16
split_gain=141.623 160.712 138.677 95.854 74.4768 84.9411 91.5021 91.2023 68.556 64.5108 60.3689 71.3318 58.0047 56.425 55.8202 54.6325 54.6721 52.87 56.2524 52.4564 51.6007 45.8314 45.4444 45.4062 45.0014 43.1156 42.6068 40.1129 39.3473 38.6935
threshold=65.794000000000011 73.21250000000002 1.4983572501281979 38.615000000000002 5.5000000000000009 1.0000000180025095e-35 10.500000000000002 4.5000000000000009 20.500000000000004 1.3444242495514274 15.500000000000002 -1.2667499999999998 1.0000000180025095e-35 145.85100000000003 1.5000000000000002 1.607074220854031 4.7289000000000003 22.18975 10.071000000000002 4.5000000000000009 1.5000000000000002 10.500000000000002 262.24450000000007 -0.028999999999999995 1.5000000000000002 0.97512001792524206 2.5000000000000004 2.5000000000000004 122.12975000000002 154.37575000000001
decision_type=2 10 2 8 2 2 2 2 2 2 2 2 2 10 2 2 2 2 10 2 2 2 2 8 2 2 2 2 2 2
left_child=1 4 3 12 9 6 7 8 14 17 11 -9 -2 22 -6 16 -16 18 -1 21 -8 25 27 -18 -4 -3 -21 -5 -14 -15
right_child=2 19 24 13 5 -7 20 10 -10 -11 -12 -13 28 29 15 -17 23 -19 -20 26 -22 -23 -24 -25 -26 -27 -28 -29 -30 -31
leaf_value=-0.01333422654799632 0.031662779474306645 1.1082342237367635 -1.1069154835340556 -0.1944508580397761 0.57016096823016171 -0.10882680934530503 0.056902190132352717 0.10005243381260352 -0.043592354377107206 -0.089077048108721857 0.014053641107152837 -0.078499385849145467 -0.49938247551875375 1.0426605137333969 0.097726975632982119 -0.085237731686027385 -0.16384812266311208 -0.13373134640346779 0.096435964875037916 0.57333936093814486 0.47369890437538215 1.4483427100082036 -3.2924432122679748 0.053042672142946772 -0.65748315813026936 0.31326197294595981 -0.15799050393863423 0.034871215601675103 -2.3725559751554641 -0.060852611032809811
leaf_weight=21938 2415 2406 898 31233 3379 6348 9835 1528 13835 4557 15961 20526 5556 3105 5825 1831 1356 22683 6230 1122 5350 2104 2020 50322 3758 5542 3434 23350 1103 2690
leaf_count=21938 2415 2406 898 31233 3379 6348 9835 1528 13835 4557 15961 20526 5556 3105 5825 1831 1356 22683 6230 1122 5350 2104 2020 50322 3758 5542 3434 23350 1103 2690
internal_value=-0.000341553 0.000339136 -0.00218448 -0.0016398 -4.64742e-05 0.000582677 0.000858973 0.000375558 0.00136973 -0.00159183 -0.00162633 -0.00332139 -0.00644148 -0.000941537 0.00207254 0.00171655 0.00198729 -0.0010811 0.000365663 0.0053943 0.00450609 0.00741146 -0.00142263 0.00146968 -0.0105455 0.00567438 0.00094381 -0.00115008 -0.00884893 0.00375755
internal_weight=282240 206112 76128 71472 191504 136096 129748 114563 76548 55408 38015 22054 9074 62398 62713 59334 57503 50851 28168 14608 15185 10052 56603 51678 4656 7948 4556 54583 6659 5795
internal_count=282240 206112 76128 71472 191504 136096 129748 114563 76548 55408 38015 22054 9074 62398 62713 59334 57503 50851 28168 14608 15185 10052 56603 51678 4656 7948 4556 54583 6659 5795
is_linear=0
shrinkage=0.05


Tree=58
num_leaves=31
num_cat=0
split_feature=14 13 7 0 13 14 13 10 2 10 1 16 13 2 3 7 7 14 5 15 13 13 16 2 14 15 7 15 1 3
split_gain=141.911 132.631 118.872 119.322 87.4152 79.2616 100.618 80.596 56.4421 53.1479 52.4721 50.5985 66.2613 49.8198 49.3168 54.7932 47.7451 47.1622 42.2572 40.6 39.9673 38.7585 43.083 38.3956 35.5694 34.8738 36.9319 34.7979 34.1825 33.7078
threshold=79.071000000000012 79.719000000000008 1.1529887049838079 1.5000000000000002 38.615000000000002 3.5210000000000004 1.2275000000000003 0.69999999999999962 3.5000000000000004 0.31428571428571367 4.5000000000000009 262.24450000000007 158.84000000000003 1.5000000000000002 10.500000000000002 0.83755387126678149 0.78102280764977972 139.54100000000003 1.0000000180025095e-35 26.102500000000003 316.99500000000006 26.362500000000001 -3.1539999999999995 1.0000000180025095e-35 58.062500000000007 27.981500000000004 1.2508017871195614 -3.0749999999999997 5.5000000000000009 10.500000000000002
decision_type=2 10 2 2 8 2 8 2 2 2 2 2 10 2 2 2 2 2 2 2 8 10 2 2 2 2 2 2 2 2
left_child=1 5 4 -4 17 13 -7 8 10 -5 27 12 -6 25 15 -3 -12 23 28 -20 -13 22 -15 -2 -16 -1 -27 -8 -9 -22
right_child=2 14 3 9 11 6 7 18 -10 -11 16 20 -14 21 24 -17 -18 -19 19 -21 29 -23 -24 -25 -26 26 -28 -29 -30 -31
leaf_value=0.049201796314849916 0.20151371204517121 0.79803453262633917 -1.1303798828391198 -0.055112113083255837 -0.083352399986817718 -0.11190688318057936 0.15395278612909322 -0.10149773210798384 -0.025981560824828432 -0.8353458450050385 0.49716295047573822 -4.0816557104056264 0.82363614799723583 0.14222912632994983 1.3089774098752529 0.14100309289644919 0.049434271604934216 -2.1011498996575599 -0.00017538991950429852 -0.54194473619141326 -7.9439451791725233 0.34511190434385597 -0.00028338137071122206 -0.47446279702137684 -0.056613734468381527 0.44191750008321051 -0.056161644657376733 -0.062689817878303175 -0.025723253821528871 -0.0011585160083029677
leaf_weight=6139 1383 2958 1684 3186 40961 6552 164 8117 56183 3016 5781 1004 3107 1233 2443 8981 48001 1292 602 1033 385 3245 26637 3940 600 2001 418 15983 23527 1684
leaf_count=6139 1383 2958 1684 3186 40961 6552 164 8117 56183 3016 5781 1004 3107 1233 2443 8981 48001 1292 602 1033 385 3245 26637 3940 600 2001 418 15983 23527 1684
internal_value=-0.000325432 0.000267228 -0.00244638 -0.00817905 -0.0016054 -6.3711e-05 -0.000543711 -0.000294088 0.000283478 -0.0049742 0.00123161 -0.000850109 -0.000417537 0.00194402 0.0048091 0.00336083 0.00198208 -0.00698791 -0.0024828 -0.0103211 -0.00705337 0.00101478 0.00041263 -0.00490795 0.0104913 0.00532251 0.0104072 -0.00126804 -0.0020778 -0.0030812
internal_weight=282240 220598 61642 7886 53756 205616 165943 159391 126112 6202 69929 47141 44068 39673 14982 11939 53782 6615 33279 1635 3073 31115 27870 5323 3043 8558 2419 16147 31644 2069
internal_count=282240 220598 61642 7886 53756 205616 165943 159391 126112 6202 69929 47141 44068 39673 14982 11939 53782 6615 33279 1635 3073 31115 27870 5323 3043 8558 2419 16147 31644 2069
is_linear=0
shrinkage=0.05


Tree=59
num_leaves=31
num_cat=0
split_feature=14 13 13 8 14 13 7 10 10 15 7 8 3 3 15 1 3 12 3 0 7 2 0 15 3 14 10 5 3 2
split_gain=133.816 124.021 115.102 103.717 96.6799 122.408 81.9372 80.5532 67.182 55.9051 67.2735 54.7012 63.7298 118.957 81.2086 77.6874 69.4286 105.879 96.3145 57.2134 62.8755 56.049 51.6576 47.5778 60.1642 56.5447 44.9208 44.3615 44.0511 43.1655
threshold=117.55150000000002 117.605 75.076500000000024 1.6917612474432648 3.5210000000000004 1.2275000000000003 1.0242318822648477 0.92142857142857226 -3.5928571428571416 17.575000000000003 1.2376392849291038 0.83226736545657365 6.5000000000000009 9.5000000000000018 49.943500000000007 6.5000000000000009 5.5000000000000009 1.0000000180025095e-35 4.5000000000000009 2.5000000000000004 0.82695232940935581 3.5000000000000004 1.5000000000000002 88.835000000000022 8.5000000000000018 30.421000000000003 0.31428571428571367 1.0000000180025095e-35 11.500000000000002 1.5000000000000002
decision_type=2 10 8 2 2 8 2 2 2 2 2 2 2 2 2 2 2 2 2 2 2 2 2 2 2 2 2 2 2 2
left_child=1 3 -2 4 8 -6 -4 11 -1 -10 -11 22 16 23 27 -16 18 21 -13 20 -20 -18 -7 25 -25 -14 -8 -15 -5 -17
right_child=2 -3 6 28 5 7 26 -9 9 10 -12 12 13 14 15 29 17 -19 19 -21 -22 -23 -24 24 -26 -27 -28 -29 -30 -31
leaf_value=0.25366288084236077 -1.1104735697077011 0.74398600420711647 -0.10335116507643893 -0.12828695683541258 -0.12900207571265726 -0.0044875364640098768 -0.45204080914253186 -0.061137807419692575 0.0039238517737214098 0.24318991645905125 -0.053613252638513055 0.059704383097530282 -0.040192323719179725 0.15448388938411484 -0.59409315875951074 0.40996392555700539 0.48895891596477797 -0.13093230730692387 0.79066729911196776 0.21182775967196862 -0.30485601648652683 0.10144427304285664 0.28560841803644671 -0.2488153131959713 0.63995332778153646 -0.26052841701167367 -1.6552530308464555 -0.21300638367692973 0.043441983631933481 -0.21234376014015691
leaf_weight=2447 4763 7626 18984 4994 6948 10110 1681 34709 24375 11027 1798 49865 22022 16662 2594 2715 5208 2477 490 2833 8264 3903 12718 1653 2226 10142 1644 856 832 5674
leaf_count=2447 4763 7626 18984 4994 6948 10110 1681 34709 24375 11027 1798 49865 22022 16662 2594 2715 5208 2477 490 2833 8264 3903 12718 1653 2226 10142 1644 856 832 5674
internal_value=-0.000314449 4.01696e-05 -0.00365691 -0.000153307 5.58507e-06 -0.000437351 -0.00215048 -0.000205129 0.0022631 0.00173522 0.00440741 0.000267436 -0.000108661 -0.00125341 0.00116049 -0.00221023 0.00090293 0.00445288 0.000233516 -0.00387287 -0.0058716 0.0069449 0.00253417 -0.0031622 0.00206883 -0.00379306 -0.00939098 0.00327378 -0.00674562 0.000128144
internal_weight=282240 255168 27072 247542 241716 202069 22309 195121 39647 37200 12825 160412 137584 64544 28501 10983 73040 11588 61452 11587 8754 9111 22828 36043 3879 32164 3325 17518 5826 8389
internal_count=282240 255168 27072 247542 241716 202069 22309 195121 39647 37200 12825 160412 137584 64544 28501 10983 73040 11588 61452 11587 8754 9111 22828 36043 3879 32164 3325 17518 5826 8389
is_linear=0
shrinkage=0.05


Tree=60
num_leaves=31
num_cat=0
split_feature=14 13 7 13 0 16 2 13 13 3 8 2 1 5 15 0 3 8 13 13 6 3 3 3 2 2 8 15 14 6
split_gain=133.04 176.489 114.532 97.3563 89.7867 80.6493 87.0005 78.0164 66.0778 51.1881 51.1681 56.0135 63.6095 53.9561 65.0243 51.8043 68.0544 52.9858 41.5033 41.1311 39.9012 43.7879 42.8462 90.4141 66.6328 61.1785 46.9084 38.7919 38.7525 38.0863
threshold=37.242500000000007 5.9910000000000005 1.3235936884209039 98.538500000000013 1.5000000000000002 148.69947500000001 1.0000000180025095e-35 145.85100000000003 84.485000000000014 10.500000000000002 1.6529810848379254 3.5000000000000004 6.5000000000000009 1.0000000180025095e-35 40.202500000000008 1.5000000000000002 3.5000000000000004 0.99857713534972048 5.9910000000000005 -2.3734999999999995 0.72326608611405596 1.5000000000000002 6.5000000000000009 7.5000000000000009 5.5000000000000009 3.5000000000000004 1.2213280523756953 19.563500000000001 -1.345 1.1888257695651985
decision_type=2 8 2 10 2 2 2 10 8 2 2 2 2 2 2 2 2 2 10 8 2 2 2 2 2 2 2 2 2 2
left_child=3 -2 5 10 -4 6 18 20 -7 -5 11 12 -1 15 -15 28 -17 -18 -3 -13 21 -8 -22 -24 25 26 -25 29 -14 -12
right_child=1 2 4 9 -6 8 7 -9 -10 -11 27 19 13 14 -16 16 17 -19 -20 -21 22 -23 23 24 -26 -27 -28 -29 -30 -31
leaf_value=-0.01012193798007472 -0.4839233512366084 0.062820333084393373 -0.50199540404162091 0.68066479427993232 -0.22188490231709271 -2.3707574185077198 0.74455115615975775 0.91171465125193585 -0.5498004269354263 2.0025454185869593 -0.1029215235511412 -0.11417436790199154 0.20090203389757499 0.03327687038774501 -0.47151855780520546 1.6372994674583943 0.66507209918454058 0.080465859331122214 0.40660333506280488 -0.0051217892211826545 -0.037819971506970695 0.034460086143109185 -0.40165481114891988 0.044279620219298481 0.363159795026536 -0.61410809275615574 -0.51622579437842619 -0.14475672630388881 0.03208336597794359 0.021705821082420675
leaf_weight=26253 5998 8228 2179 3581 7678 1694 1195 3192 9840 1207 1163 511 587 932 818 1804 3522 10083 6801 69869 44231 11176 4827 10074 2717 6171 1511 1832 30535 2031
leaf_count=26253 5998 8228 2179 3581 7678 1694 1195 3192 9840 1207 1163 511 587 932 818 1804 3522 10083 6801 69869 44231 11176 4827 10074 2717 6171 1511 1832 30535 2031
internal_value=-0.000318169 -0.00151398 -0.0011007 0.0006673 -0.00626712 -0.000644608 -0.000188518 -0.00080793 -0.00460378 0.00768588 0.000443177 0.000615192 0.00157042 0.00264752 -0.00597143 0.00297167 0.00534266 0.00413267 0.00331858 -0.000396419 -0.00110681 0.00150958 -0.00157232 -0.00321344 -0.00176208 -0.0028779 -0.000735865 -0.00451651 0.00179776 -0.00118973
internal_weight=282240 127512 121514 154728 9857 111657 100123 85094 11534 4788 149940 144914 74534 48281 1750 46531 15409 13605 15029 70380 81902 12371 69531 25300 20473 17756 11585 5026 31122 3194
internal_count=282240 127512 121514 154728 9857 111657 100123 85094 11534 4788 149940 144914 74534 48281 1750 46531 15409 13605 15029 70380 81902 12371 69531 25300 20473 17756 11585 5026 31122 3194
is_linear=0
shrinkage=0.05


Tree=61
num_leaves=31
num_cat=0
split_feature=14 13 13 6 3 5 14 7 0 1 10 13 15 13 7 8 14 3 14 3 15 3 13 3 0 7 8 3 15 3
split_gain=124.811 154.556 118.013 88.3957 60.1114 57.1533 61.1197 64.5165 58.6868 52.1957 50.372 51.6595 50.2462 48.191 47.2923 42.2209 46.12 40.5993 39.1333 40.6481 37.8652 37.3062 41.361 37.2504 34.9066 44.854 33.2391 33.1453 32.7039 32.5286
threshold=52.901500000000006 13.435 79.719000000000008 1.473189675291432 10.500000000000002 1.0000000180025095e-35 -0.72899999999999987 0.55503967654516617 2.5000000000000004 5.5000000000000009 -0.81428571428571428 181.19500000000002 267.93000000000006 74.153500000000022 0.83755387126678149 1.0900215495746772 133.79850000000002 9.5000000000000018 126.01500000000001 2.5000000000000004 -3.0749999999999997 1.5000000000000002 76.03100000000002 9.5000000000000018 2.5000000000000004 1.2039413502309497 0.99857713534972048 10.500000000000002 1.7810000000000004 2.5000000000000004
decision_type=2 8 10 2 2 2 2 2 2 2 2 10 2 8 2 2 2 2 2 2 2 2 10 2 2 2 2 2 2 2
left_child=2 -2 5 10 14 6 -1 23 9 20 21 12 15 -10 -4 24 29 -14 19 -5 -9 22 -3 28 25 -12 -15 -11 -8 -17
right_child=1 3 4 18 -6 -7 7 8 13 27 11 -13 17 26 -16 16 -18 -19 -20 -21 -22 -23 -24 -25 -26 -27 -28 -29 -30 -31
leaf_value=0.08011539876944733 -0.54026676300191812 0.74486148878593117 1.0486181845881946 0.15303150799233231 1.1970196384085938 -0.082222699324873721 -0.21054310198423209 0.19269772974395136 -0.014298441133404517 -0.0051365708936078726 -0.11320488150674386 0.84724645622032468 1.967723964892327 0.6881717864864012 0.1479546616597216 0.19038407336669727 -1.3954171665876993 -2.4056729052839474 -1.8297505489345278 -0.39390401863081692 -0.048163826467194117 0.04301062652157981 0.002139982294600351 0.79957061166350829 0.042593069932255916 -0.72593587275137061 0.13326215073444372 0.070556804584352942 0.15787750182994867 -0.40039880085714458
leaf_weight=7435 6167 1462 1999 1169 2345 8071 597 384 10316 79606 35457 3363 376 3399 6299 1258 1184 2349 1290 3262 34187 12072 1137 1922 22529 1238 11033 10645 6042 3647
leaf_count=7435 6167 1462 1999 1169 2345 8071 597 384 10316 79606 35457 3363 376 3399 6299 1258 1184 2349 1290 3262 34187 12072 1137 1922 22529 1238 11033 10645 6042 3647
internal_value=-0.000312677 -0.0017548 0.000453929 -0.00124002 0.00556469 0.000140667 0.000340952 0.000132643 -0.000108979 -0.000549983 -0.000839994 -0.00138829 -0.00168729 0.00211532 0.00356712 -0.00140975 -0.00537445 -0.00833945 -0.00725835 -0.00502708 -0.00220199 0.00182844 0.00726241 0.00435405 -0.00100213 -0.00195326 0.00398074 8.28246e-05 0.00257945 -0.00323649
internal_weight=282240 97960 184280 91793 10643 173637 165566 158131 149570 124822 86072 71401 68038 24748 8298 65313 6089 2725 5721 4431 34571 14671 2599 8561 59224 36695 14432 90251 6639 4905
internal_count=282240 97960 184280 91793 10643 173637 165566 158131 149570 124822 86072 71401 68038 24748 8298 65313 6089 2725 5721 4431 34571 14671 2599 8561 59224 36695 14432 90251 6639 4905
is_linear=0
shrinkage=0.05


Tree=62
num_leaves=31
num_cat=0
split_feature=14 7 13 0 13 14 10 13 13 10 3 4 1 5 7 1 1 16 13 3 3 3 7 12 15 14 16 14 14 3
split_gain=118.213 103.664 100.156 97.8504 76.0869 73.4696 80.8403 72.5524 57.5999 50.0224 45.229 45.2047 51.9065 63.9042 45.3389 48.1078 44.4441 40.1929 50.3535 40.0626 69.1585 69.0951 46.5994 39.4388 38.9227 37.0703 36.6836 36.3428 36.2987 36.0719
threshold=90.81450000000001 1.147600808566591 105.99100000000001 1.5000000000000002 -0.40849999999999992 6.7215000000000007 1.0571428571428585 37.693500000000007 21.801500000000004 0.23571428571428571 10.500000000000002 1.0000000180025095e-35 4.5000000000000009 1.0000000180025095e-35 0.78102280764977972 20.500000000000004 16.500000000000004 262.24450000000007 172.27250000000001 9.5000000000000018 6.5000000000000009 5.5000000000000009 1.5506200909794137 0.0037500000000000003 -2.0949999999999993 -3.3899999999999992 7.2090250000000005 256.86350000000004 139.54100000000003 3.5000000000000004
decision_type=2 2 10 2 8 2 2 8 10 2 2 2 2 2 2 2 2 2 10 2 2 2 2 2 2 2 2 2 2 2
left_child=2 7 4 -3 26 8 11 28 25 -5 -4 12 24 14 -14 19 29 18 -9 20 21 22 -16 -23 -7 -6 -1 -19 -2 -13
right_child=1 3 10 9 5 6 -8 17 -10 -11 -12 16 13 -15 15 -17 -18 27 -20 -21 -22 23 -24 -25 -26 -27 -28 -29 -30 -31
leaf_value=-0.015244448033855565 -0.35850341813052466 -1.323334384142193 0.42169081425892579 -0.022681166473956616 0.12319837333365567 0.19357455659679218 -0.081026681182237381 -0.08478805850335612 0.28309586164484019 -0.87851837991981752 1.6758431492610086 0.018423660884226433 0.37427261805112944 -0.26420343987011147 0.11306881056990203 -0.085982874847422647 0.036936411187689637 -4.808985100288389 0.98166759337576082 0.31410286887596106 -0.034345457851936705 0.46771094075288766 -0.24214821538806008 0.016286591482842106 -0.071558030899917177 0.009739567747661583 -0.18082778938866736 -1.6243218438137348 -1.9319731669956621 -0.11271213504730455
leaf_weight=1850 3285 1276 6071 2386 1821 289 26716 32445 8280 2548 1846 7693 7571 2989 21462 10165 12470 290 2409 10323 16493 3315 848 1187 21393 49422 2458 2785 1264 18890
leaf_count=1850 3285 1276 6071 2386 1821 289 26716 32445 8280 2548 1846 7693 7571 2989 21462 10165 12470 290 2409 10323 16493 3315 848 1187 21393 49422 2458 2785 1264 18890
internal_value=-0.000307717 -0.00254888 0.000159493 -0.00858293 -3.44583e-05 9.36397e-05 -0.000458889 -0.00166675 0.0015956 -0.00539116 0.00568713 3.81233e-05 0.000621388 0.00124911 0.0015491 0.00111493 -0.00139618 -0.000951119 -0.000467665 0.00171272 0.00104549 0.00261264 0.00147243 0.00826299 -0.00153122 0.000970376 -0.0066156 -0.00643089 -0.00763355 -0.00255144
internal_weight=282240 48688 233552 6210 225635 221327 161804 42478 59523 4934 7917 135088 96035 74353 71364 63793 39053 37929 34854 53628 43305 26812 22310 4502 21682 51243 4308 3075 4549 26583
internal_count=282240 48688 233552 6210 225635 221327 161804 42478 59523 4934 7917 135088 96035 74353 71364 63793 39053 37929 34854 53628 43305 26812 22310 4502 21682 51243 4308 3075 4549 26583
is_linear=0
shrinkage=0.05


Tree=63
num_leaves=31
num_cat=0
split_feature=14 13 7 13 0 16 2 10 13 13 8 2 7 1 13 3 8 15 8 3 13 3 14 16 6 12 1 16 15 3
split_gain=111.929 153.267 93.5093 82.037 75.8484 70.253 77.2216 71.3315 67.5246 64.8179 45.8256 52.0938 61.112 56.3994 42.8462 42.4352 41.5146 38.025 37.8094 39.0245 37.2073 37.1096 40.4514 36.91 36.676 34.0695 32.0047 31.4242 37.4154 45.9683
threshold=37.242500000000007 5.9910000000000005 1.3235936884209039 103.36500000000002 1.5000000000000002 161.05507500000002 1.0000000180025095e-35 -0.89999999999999969 125.95500000000001 209.94500000000002 1.6529810848379254 3.5000000000000004 0.55503967654516617 5.5000000000000009 76.914000000000016 10.500000000000002 1.2370981468828388 19.563500000000001 1.2213280523756953 2.5000000000000004 -2.3734999999999995 1.5000000000000002 1.4285000000000003 51.980250000000005 1.1888257695651985 1.1762500000000002 19.500000000000004 37.16125000000001 82.577500000000001 10.500000000000002
decision_type=2 8 2 10 2 2 2 2 8 10 2 2 2 2 10 2 2 2 2 2 8 2 2 2 2 2 2 2 2 2
left_child=3 -2 5 10 23 6 14 -8 -7 18 11 12 -1 -14 -3 -5 -10 24 -9 -20 -13 -15 -23 -4 -12 27 -24 28 -22 -30
right_child=1 2 4 15 -6 8 7 9 16 -11 17 20 13 21 -16 -17 -18 -19 19 -21 25 22 26 -25 -26 -27 -28 -29 29 -31
leaf_value=0.51243802358704638 -0.43740421614311081 0.14869164227317366 -0.13798057806130296 0.65118103683440731 -0.20044192092015606 -2.3464392001723584 0.15912168257442616 -0.082612195046177214 -0.36811319369253681 3.28629267312877 -0.096044392204720955 -0.11037847010712001 -0.020103280916563326 0.49725358597975772 0.83302587701606279 1.8472964734084734 -3.2186367700783514 -0.1342724002609483 0.051120132630934026 -0.50721388681117041 -0.00045928617889401391 0.11977267492068067 0.049749410077184475 -0.82032962311973212 0.020821021841507071 -0.065013318347544716 -0.031406256361687035 -0.29674236403323184 0.11647572319500021 1.4818624491467038
leaf_weight=4213 5998 13835 920 3064 7678 1945 13482 67034 7221 944 1166 511 21822 2505 1651 1106 363 1833 1505 3677 60132 4982 31871 1259 2033 4024 9417 3465 1799 785
leaf_count=4213 5998 13835 920 3064 7678 1945 13482 67034 7221 944 1166 511 21822 2505 1651 1106 363 1833 1505 3677 60132 4982 31871 1259 2033 4024 9417 3465 1799 785
internal_value=-0.000303819 -0.00140065 -0.00101552 0.000600085 -0.00568378 -0.00060341 -0.000220312 -0.000801574 -0.00470931 -0.00141744 0.00040848 0.000570688 0.00149044 0.00114134 0.00303177 0.00751799 -0.0025778 -0.00428259 -0.0015876 -0.00570243 -0.000402313 0.00208662 0.00176572 -0.0139169 -0.000992498 -0.000304465 0.00125218 -3.28644e-05 0.000223229 0.00611455
internal_weight=282240 127512 121514 154728 9857 111657 102128 86642 9529 73160 150558 145526 74810 70597 15486 4170 7584 5032 72216 5182 70716 48775 46270 2179 3199 70205 41288 66181 62716 2584
internal_count=282240 127512 121514 154728 9857 111657 102128 86642 9529 73160 150558 145526 74810 70597 15486 4170 7584 5032 72216 5182 70716 48775 46270 2179 3199 70205 41288 66181 62716 2584
is_linear=0
shrinkage=0.05


Tree=64
num_leaves=31
num_cat=0
split_feature=14 6 13 13 5 1 2 13 7 0 0 14 16 13 13 16 14 16 7 15 16 2 1 1 14 12 15 13 15 15
split_gain=105.477 93.5396 88.713 74.7536 65.1191 72.3142 90.0348 60.1341 59.3049 56.7769 56.2325 56.1742 54.5448 54.8517 50.5067 91.7139 48.2179 36.2317 35.0636 48.8972 34.5199 34.3821 66.5029 50.2402 35.2123 34.2474 34.0506 33.3064 48.3706 32.3414
threshold=95.33750000000002 1.2386739011390322 117.605 -0.40849999999999992 1.0000000180025095e-35 5.5000000000000009 1.0000000180025095e-35 36.692500000000003 0.65116675717781247 1.5000000000000002 1.5000000000000002 -1.9789999999999999 27.957249999999998 31.145000000000003 25.943500000000004 14.9215 182.51100000000002 7.2090250000000005 1.0278388258810482 12.311000000000002 8.0850000000000026 4.5000000000000009 16.500000000000004 20.500000000000004 31.215000000000003 0.5212500000000001 -3.0749999999999997 413.92000000000002 294.7000000000001 179.04650000000001
decision_type=2 2 10 8 2 2 2 8 2 2 2 2 2 10 8 2 2 2 2 2 2 2 2 2 2 2 2 10 2 2
left_child=2 7 3 17 5 12 10 29 -8 -3 18 -10 13 26 15 -13 -11 -1 -7 20 -20 23 25 24 -16 -23 -5 28 -9 -2
right_child=1 9 -4 4 -6 6 8 27 11 16 -12 14 -14 -15 21 -17 -18 -19 19 -21 -22 22 -24 -25 -26 -27 -28 -29 -30 -31
leaf_value=-0.012288142778202872 -0.46596604602536901 -1.2584514672318878 0.84210617729730508 0.12926599574243677 -0.09275368892386382 0.12536246263137155 0.20064200580334213 -0.06549217393999314 0.15056316197308664 -0.35759357860012408 0.4562627585243732 0.0083872594590280961 -0.15481386002829911 0.31990928667602325 0.092000838952609465 -0.12313585045995981 -4.0337349377495597 -0.18163924538318527 0.06985992383062388 -0.13665494525915065 -0.069994651290214538 -0.051852531376848178 0.060943956106130272 -0.076603114628189917 0.032062931502070423 -0.13172791091703195 -0.014444596336440263 3.909065901087823 -2.300578219771181 -2.5164914568981893
leaf_weight=1850 3604 974 6031 524 10524 9702 11527 32073 2536 4268 8927 13641 26387 4045 24164 13243 460 2507 544 1292 663 16848 12966 10549 26738 3290 29362 493 2127 381
leaf_count=1850 3604 974 6031 524 10524 9702 11527 32073 2536 4268 8927 13641 26387 4045 24164 13243 460 2507 544 1292 663 16848 12966 10549 26738 3290 29362 493 2127 381
internal_value=-0.000298328 -0.00253605 0.000119188 -3.65571e-05 8.77031e-05 0.000274029 0.000840516 -0.00165469 0.000367153 -0.00851456 0.00387637 4.81952e-05 -0.00119699 0.000128938 -0.000105609 -0.00201793 -0.00625 -0.00652398 0.00166995 -0.00361144 0.00362469 0.000438105 -0.000860923 0.0011379 0.00178873 -0.00265915 -0.000610654 -0.00098651 -0.00117251 -0.00747177
internal_weight=282240 44380 237860 231829 227472 216948 156630 38678 135502 5702 21128 123975 60318 33931 121439 26884 4728 4357 12201 2499 1207 94555 33104 61451 50902 20138 29886 34693 34200 3985
internal_count=282240 44380 237860 231829 227472 216948 156630 38678 135502 5702 21128 123975 60318 33931 121439 26884 4728 4357 12201 2499 1207 94555 33104 61451 50902 20138 29886 34693 34200 3985
is_linear=0
shrinkage=0.05


Tree=65
num_leaves=31
num_cat=0
split_feature=16 13 13 7 0 2 16 13 13 10 3 3 10 12 2 10 16 10 0 3 7 15 2 3 3 10 2 16 15 2
split_gain=100.22 129.105 91.3468 68.1136 100.593 56.4157 52.8592 63.3367 62.9846 48.66 58.7336 73.5869 200.5 58.8025 48.3165 44.9051 43.708 61.4243 44.0999 41.3807 44.8821 41.1339 81.4958 40.7614 67.3115 166.35 58.2743 49.9398 53.6107 40.3679
threshold=54.885975000000009 13.435 73.21250000000002 1.2316304240647085 1.5000000000000002 4.5000000000000009 179.13925000000003 172.27250000000001 121.47500000000001 0.021428571428571633 4.5000000000000009 5.5000000000000009 -1.0000000180025095e-35 0.92625000000000013 1.0000000180025095e-35 -0.81428571428571428 28.370425000000001 -0.050000000000000482 2.5000000000000004 10.500000000000002 0.82695232940935581 34.272500000000008 3.5000000000000004 9.5000000000000018 6.5000000000000009 -1.0000000180025095e-35 3.5000000000000004 8.3335249999999998 19.241000000000003 1.0000000180025095e-35
decision_type=2 8 10 2 2 2 2 10 8 2 2 2 2 2 2 2 2 2 2 2 2 2 2 2 2 2 2 2 2 2
left_child=2 -2 9 6 -5 19 7 14 -8 10 13 12 -12 16 -3 -16 17 18 -1 20 -4 -19 -23 24 25 -13 -27 28 -26 -25
right_child=1 3 5 4 -6 -7 8 -9 -10 -11 11 23 -14 -15 15 -17 -18 21 -20 -21 -22 22 -24 29 27 26 -28 -29 -30 -31
leaf_value=0.022628824233218998 -0.58089527184174317 0.18806514001954233 1.1766160403296311 -0.83196213659663476 -0.23763500316378519 -0.023208597419436927 -2.84923565074341 1.649236331366722 -0.54802217790799546 -0.021252183998761432 0.096128987632883425 -0.060878037457902594 -0.27079867909122107 -0.13607544494591273 0.12151933478173925 -0.12896632163376101 0.067141716784202818 0.80900359318539405 1.2441074529669258 1.1927666851624885 0.25927716714143118 0.98088246599485229 -0.11893399956941604 0.27297932400751018 -0.0043228240780923246 0.41361452190423659 0.071187585845431264 -0.050463368828097238 0.20291569940081655 0.032795839204270261
leaf_weight=6519 5480 11482 1615 1492 7146 3975 1268 2193 5995 47095 3475 4444 7657 1336 10277 49561 19955 2256 603 1774 4704 1588 1421 3454 9319 4618 4285 30053 2727 24473
leaf_count=6519 5480 11482 1615 1492 7146 3975 1268 2193 5995 47095 3475 4444 7657 1336 10277 49561 19955 2256 603 1774 4704 1588 1421 3454 9319 4618 4285 30053 2727 24473
internal_value=-0.000295848 -0.0016197 0.000374708 -0.00116313 -0.00538319 0.00458237 -0.000711845 -0.000309809 -0.00478108 8.50078e-05 0.000589977 -4.89392e-05 -0.00386723 0.00238286 -0.000567162 -0.00113724 0.00280749 0.00514047 0.00211317 0.00697825 0.00508387 0.00923552 0.00540877 0.000460881 -0.000323738 0.00277029 0.00671403 -0.00130466 0.00141541 0.00201866
internal_weight=282240 94894 187346 89414 8638 12068 80776 73513 7263 175278 128183 94505 11132 33678 71320 59838 32342 12387 7122 8093 6319 5265 3009 83373 55446 13347 8903 42099 12046 27927
internal_count=282240 94894 187346 89414 8638 12068 80776 73513 7263 175278 128183 94505 11132 33678 71320 59838 32342 12387 7122 8093 6319 5265 3009 83373 55446 13347 8903 42099 12046 27927
is_linear=0
shrinkage=0.05


Tree=66
num_leaves=31
num_cat=0
split_feature=14 13 6 5 10 13 16 3 2 1 7 16 0 13 1 3 2 1 3 3 14 7 7 6 2 16 14 8 3 7
split_gain=97.9903 88.8008 84.042 79.84 77.9628 79.2725 100.974 71.062 79.913 81.368 84.1122 68.9381 66.8893 63.8654 55.4005 54.6354 52.3292 49.7597 45.7285 44.4645 42.323 41.8159 40.6799 40.1094 37.0936 53.5264 56.9837 34.4376 33.539 33.1265
threshold=128.57000000000002 142.40150000000003 1.1174495715782984 1.0000000180025095e-35 -2.7999999999999976 9.5710000000000015 11.863625000000001 10.500000000000002 4.5000000000000009 5.5000000000000009 0.83755387126678149 113.551275 2.5000000000000004 75.076500000000024 15.500000000000002 1.5000000000000002 1.0000000180025095e-35 20.500000000000004 1.5000000000000002 8.5000000000000018 93.251000000000019 1.584769099722819 0.65599935871273507 1.0032146904844119 1.5000000000000002 43.507500000000014 40.025000000000013 0.52987373342202848 2.5000000000000004 0.93605794798967856
decision_type=2 10 2 2 2 8 2 2 2 2 2 2 2 8 2 2 2 2 2 2 2 2 2 2 2 2 2 2 2 2
left_child=1 3 13 4 15 6 29 8 9 23 18 24 17 19 20 -1 -8 21 -11 -2 -10 -12 -4 27 -9 -26 -27 -7 -25 -6
right_child=2 -3 22 -5 5 7 16 11 14 10 12 -13 -14 -15 -16 -17 -18 -19 -20 -21 -22 -23 -24 28 25 26 -28 -29 -30 -31
leaf_value=0.65148685705035181 -0.20344005864348136 1.069327143719059 0.28435444767716656 -0.11648329404531377 -0.053760939542343539 0.32485720818657104 -0.0221895181611814 0.31565432426611628 -0.076553835517888844 1.456118059952086 0.025346711732353144 -1.5709700101399555 0.23407652907718629 -0.12281369922069163 0.011753022430886384 0.050118634350863223 -0.17543470347767159 -0.10277901841566824 0.26044444924453491 -1.7485446426758964 -0.68772886122426768 -0.090292404486588401 -1.4855405569673514 0.055178509626113481 0.14316935255236171 -0.88715087103413781 -0.017639848850781095 -0.054060387322526382 -0.14954049549930568 0.011743060551753415
leaf_weight=2538 1379 4245 450 11519 3744 1773 4026 6980 31647 974 44745 605 17369 15500 16330 15686 11113 9495 13720 1629 1308 2222 2660 1223 11542 608 6604 24028 4224 12354
leaf_count=2538 1379 4245 450 11519 3744 1773 4026 6980 31647 974 44745 605 17369 15500 16330 15686 11113 9495 13720 1629 1308 2222 2660 1223 11542 608 6604 24028 4224 12354
internal_value=-0.000285395 -1.70745e-05 -0.00352021 -0.000135835 5.55424e-05 -0.000197455 -0.00253626 0.000176436 -0.000199931 0.000497399 0.00127167 0.00259216 0.000584104 -0.00224227 -0.00189459 0.00320182 -0.00546767 -0.000250611 0.00472642 -0.00890957 -0.00307465 0.000416782 -0.0111254 -0.00169611 0.00298438 0.00182628 -0.00155297 -0.000873028 -0.00559482 0.000220524
internal_weight=282240 260622 21618 256377 244858 226634 31237 195397 169058 119773 88525 26339 73831 18508 49285 18224 15139 56462 14694 3008 32955 46967 3110 31248 25734 18754 7212 25801 5447 16098
internal_count=282240 260622 21618 256377 244858 226634 31237 195397 169058 119773 88525 26339 73831 18508 49285 18224 15139 56462 14694 3008 32955 46967 3110 31248 25734 18754 7212 25801 5447 16098
is_linear=0
shrinkage=0.05


Tree=67
num_leaves=31
num_cat=0
split_feature=14 13 7 13 16 13 10 14 2 13 3 3 12 3 2 14 14 7 13 14 16 1 5 13 3 15 7 2 10 3
split_gain=95.3204 140.881 81.9177 60.2871 68.8857 56.4062 56.1637 63.3124 53.5266 52.624 46.8099 71.192 69.3421 45.6776 44.9433 42.6098 42.007 41.9005 51.0296 41.338 38.7485 38.5807 51.7762 41.5955 38.4775 57.3085 37.7748 35.2453 34.5715 33.2628
threshold=20.861500000000003 5.9910000000000005 1.1187848739926085 145.85100000000003 179.13925000000003 26.765000000000004 0.23571428571428571 117.55150000000002 1.0000000180025095e-35 121.47500000000001 6.5000000000000009 7.5000000000000009 0.11125000000000002 10.500000000000002 4.5000000000000009 173.655 -6.0199999999999987 0.69346328011192715 119.77750000000002 35.421000000000006 80.671225000000007 4.5000000000000009 1.0000000180025095e-35 37.165000000000006 10.500000000000002 190.16000000000003 0.56147513402350746 1.0000000180025095e-35 -5.6925824175824156 10.500000000000002
decision_type=2 8 2 10 2 10 2 2 2 8 2 2 2 2 2 2 2 2 8 2 2 2 2 10 2 2 2 2 2 2
left_child=5 27 3 4 8 13 -4 -8 21 -6 17 19 -13 16 26 29 -1 18 -10 -12 28 -3 23 -23 -11 -26 -7 -2 -19 -5
right_child=1 2 6 15 9 14 7 -9 10 24 11 12 -14 -15 -16 -17 -18 20 -20 -21 -22 22 -24 -25 25 -27 -28 -29 -30 -31
leaf_value=0.19024122929388732 -0.094214846921440915 -0.13814101532692358 -0.039573215771224704 0.49643626613342723 -2.7272266727106489 1.2871703185014269 -0.16861807705180434 -1.3827152790288169 -0.074255981180849348 -2.5405872532082379 -0.026043965313351583 -0.089440038680458273 0.43177356578026543 0.054296037234184351 0.0080933146133347119 -0.050982046099360905 -0.0017468722071634108 0.83869852452221805 0.41495590929984472 -0.31596396133906168 -0.19289960269353906 0.14539578441960438 -0.49614574805017675 0.60590588469511786 3.6538098144363702 -1.4198762011217458 0.25028109091154677 -0.3060830794586652 0.01781920447332961 2.9676581890895464
leaf_weight=1057 2984 3634 10901 2716 1330 939 9698 1739 3322 1255 4112 31271 4001 10754 5955 2473 80796 316 5462 6002 13470 11580 816 3905 766 1860 8899 6868 42082 1277
leaf_count=1057 2984 3634 10901 2716 1330 939 9698 1739 3322 1255 4112 31271 4001 10754 5955 2473 80796 316 5462 6002 13470 11580 816 3905 766 1860 8899 6868 42082 1277
internal_value=-0.000283092 -0.00100869 -0.000659804 -0.000216025 -0.00044162 0.000880535 -0.0034739 -0.00592157 -0.000215622 -0.00607849 -0.000647504 -0.00187833 -0.000817929 0.000409526 0.00364244 0.00450046 7.02479e-06 0.000216544 0.00342668 -0.00557643 -0.000288179 0.0021683 0.00320686 0.00385373 -0.00313708 0.000304646 0.00571763 -0.00681587 0.000454031 0.00769472
internal_weight=282240 173840 163988 141650 135184 108400 22338 11437 129973 5211 110038 45386 35272 92607 15793 6466 81853 64652 8784 10114 55868 19935 16301 15485 3881 2626 9838 9852 42398 3993
internal_count=282240 173840 163988 141650 135184 108400 22338 11437 129973 5211 110038 45386 35272 92607 15793 6466 81853 64652 8784 10114 55868 19935 16301 15485 3881 2626 9838 9852 42398 3993
is_linear=0
shrinkage=0.05


Tree=68
num_leaves=31
num_cat=0
split_feature=8 16 13 0 15 2 10 8 13 2 3 3 3 5 5 3 13 14 1 13 14 16 13 10 6 15 3 3 15 1
split_gain=98.43 82.8192 129.301 73.0872 69.9155 66.3625 62.6783 60.179 58.3232 47.7476 48.5421 44.9243 64.244 44.2183 42.9391 45.4198 42.5176 54.3725 62.9225 40.703 35.493 34.846 34.5913 35.5339 34.3108 33.3117 35.7332 33.0368 36.473 31.9756
threshold=1.5587884947916668 27.957249999999998 20.303500000000003 2.5000000000000004 16.531000000000002 1.0000000180025095e-35 4.7571428571428598 0.79308329380229947 30.001000000000001 4.5000000000000009 2.5000000000000004 6.5000000000000009 7.5000000000000009 1.0000000180025095e-35 1.0000000180025095e-35 4.5000000000000009 172.27250000000001 117.55150000000002 5.5000000000000009 -2.3734999999999995 -3.3899999999999992 122.12975000000002 0.56900000000000006 0.09999999999999977 1.1839061703319149 111.69250000000001 10.500000000000002 10.500000000000002 77.185000000000016 16.500000000000004
decision_type=2 2 8 2 2 2 2 2 10 2 2 2 2 2 2 2 10 2 2 8 2 2 10 2 2 2 2 2 2 2
left_child=1 8 5 6 24 -3 14 -5 19 -10 -11 -9 -13 -14 16 -16 17 18 -4 -1 -21 22 -7 -24 -2 26 -20 -22 -29 -12
right_child=4 2 3 7 -6 21 -8 11 9 10 29 12 13 -15 15 -17 -18 -19 25 20 27 -23 23 -25 -26 -27 -28 28 -30 -31
leaf_value=-0.090130242443093977 -0.082750216159874768 0.033612215216116507 -0.17352586401193454 0.34933992274448794 -0.21710820581565066 -0.57810295478784735 -0.52969441730714917 0.1427991772682182 0.3549629932851035 0.69433834018191476 -0.13721750313616873 -0.58615362974461016 0.047548756539471486 -0.85912938745130596 0.056204124783538048 -0.53506769292246792 1.068665474104147 -0.52862338891175642 -0.029782503890721082 0.11608486161754535 0.0018258992008493903 -2.3563202804484553 -0.17096428540628816 -0.2978472283822603 0.023826559967892551 0.34621356776427936 0.21802018770143283 0.042132078581483073 0.82565472248501992 0.35612025138889536
leaf_weight=1128 1974 3668 16406 8081 6450 1547 1424 21827 9673 701 4132 2785 13284 540 1517 2605 2716 11016 44189 1914 85653 510 6181 2458 3408 6779 7027 10586 986 1075
leaf_count=1128 1974 3668 16406 8081 6450 1547 1424 21827 9673 701 4132 2785 13284 540 1517 2605 2716 11016 44189 1914 85653 510 6181 2458 3408 6779 7027 10586 986 1075
internal_value=-0.000273349 -7.80302e-05 -0.000835598 -0.000372693 -0.00473715 -0.00535366 -0.00117716 0.00124739 0.000932688 0.00377864 0.000236967 0.000422781 -0.00153682 -0.000141059 -0.00101648 -0.00600437 -0.000783191 -0.000979021 -0.000493609 0.000490441 0.000597898 -0.00734387 -0.00670528 -0.00547228 -0.000529543 0.000279765 -0.000156201 0.000465158 0.00297269 -0.00142597
internal_weight=282240 270408 154560 140196 11832 14364 93679 46517 115848 15581 5908 38436 16609 13824 92255 4122 88133 85417 74401 100267 99139 10696 10186 8639 5382 57995 51216 97225 11572 5207
internal_count=282240 270408 154560 140196 11832 14364 93679 46517 115848 15581 5908 38436 16609 13824 92255 4122 88133 85417 74401 100267 99139 10696 10186 8639 5382 57995 51216 97225 11572 5207
is_linear=0
shrinkage=0.05


Tree=69
num_leaves=31
num_cat=0
split_feature=16 13 13 6 2 16 13 14 3 13 0 7 0 16 7 6 0 15 13 3 3 7 3 13 2 3 7 12 5 8
split_gain=87.8943 109.988 78.1639 71.7795 52.0378 43.0107 59.1744 57.3216 52.8242 53.7426 44.9815 55.2367 42.4757 47.1252 57.4306 51.5374 98.3498 53.5539 45.8113 44.4502 54.6005 133.906 86.9431 43.9802 41.6934 40.052 43.7224 39.6233 38.7597 38.7328
threshold=54.885975000000009 13.435 73.21250000000002 1.5601783613829434 4.5000000000000009 236.19477499999999 194.76050000000004 256.86350000000004 10.500000000000002 316.99500000000006 2.5000000000000004 1.2316304240647085 2.5000000000000004 14.9215 1.0088498492910212 1.3589213340883917 1.5000000000000002 24.431500000000003 10.391500000000002 4.5000000000000009 5.5000000000000009 0.92511226475331731 6.5000000000000009 -3.3849999999999993 3.5000000000000004 10.500000000000002 0.83755387126678149 1.2262500000000003 1.0000000180025095e-35 0.64866172261222077
decision_type=2 8 10 2 2 2 10 2 2 8 2 2 2 2 2 2 2 2 10 2 2 2 2 10 2 2 2 2 2 2
left_child=2 -2 12 5 25 6 10 -7 -9 -10 11 -3 13 18 19 16 -16 -17 -1 23 21 28 -22 -15 -12 26 -4 29 -21 -14
right_child=1 3 4 -5 -6 7 -8 8 9 -11 24 -13 27 14 15 17 -18 -19 -20 20 22 -23 -24 -25 -26 -27 -28 -29 -30 -31
leaf_value=0.00081995320956713416 -0.52273569826565702 -0.085805389429725376 1.058686720975311 -0.46787959961889602 -0.032680405020060026 -3.603627448385033 1.7009501957693194 -6.298558495181382 -2.4581104532060447 1.4789993939845985 0.17747529760813008 -0.5457054112094788 0.62200145108780802 0.20366735508442957 -0.26219877835272049 0.043992564458254439 -0.036779889526607247 -0.091697839852147925 0.082685783648430919 1.5781066721079513 0.22744395406898513 -0.46427769267699309 -0.050013721752353281 -0.053753324016849541 -0.15084224283794914 1.0714330307282471 0.2218675485120418 -0.11129993968694239 -0.53206673456980391 0.067910199918289768
leaf_weight=54320 5480 44302 1671 4141 3975 667 2149 762 880 1890 21017 3047 2071 12040 4445 3445 4473 2943 13528 878 5663 4317 30993 9442 10559 1774 4648 2573 75 24072
leaf_count=54320 5480 44302 1671 4141 3975 667 2149 762 880 1890 21017 3047 2071 12040 4445 3445 4473 2943 13528 878 5663 4317 30993 9442 10559 1774 4648 2573 75 24072
internal_value=-0.000269274 -0.00150905 0.000358695 -0.00108764 0.00425091 -0.000775451 -0.000519895 -0.00570969 -0.00317101 3.61011e-05 -0.000742794 -0.00171757 9.0713e-05 -0.000253817 -0.00108621 -0.0038351 -0.00629065 -0.000407013 0.000711885 -0.00042266 -0.00137027 -0.00612903 -0.000686109 0.00142678 0.0007189 0.00655196 0.00468824 0.00184914 0.0108342 0.00243182
internal_weight=282240 94894 187346 89414 12068 85273 81074 4199 3532 2770 78925 47349 175278 146562 78714 15306 8918 6388 67848 63408 41926 5270 36656 21482 31576 8093 6319 28716 953 26143
internal_count=282240 94894 187346 89414 12068 85273 81074 4199 3532 2770 78925 47349 175278 146562 78714 15306 8918 6388 67848 63408 41926 5270 36656 21482 31576 8093 6319 28716 953 26143
is_linear=0
shrinkage=0.05


Tree=70
num_leaves=31
num_cat=0
split_feature=8 5 0 8 16 10 15 2 13 14 2 6 14 3 3 10 12 15 3 3 13 3 16 13 14 1 16 6 14 3
split_gain=83.6158 69.9133 76.403 110.791 85.1574 123.644 62.5095 55.3187 73.4793 58.3816 53.1172 46.1095 44.5555 52.4667 50.8322 52.3457 42.3828 42.079 43.0618 58.2717 43.0754 41.8702 40.5023 39.9483 38.5498 37.8352 35.0199 34.9421 34.5602 39.4225
threshold=1.5587884947916668 1.0000000180025095e-35 1.5000000000000002 0.94759464941667637 32.780750000000005 1.0000000180025095e-35 18.611500000000003 1.0000000180025095e-35 105.99100000000001 117.55150000000002 4.5000000000000009 0.53035309665663932 9.1890000000000018 8.5000000000000018 7.5000000000000009 -0.92857142857142794 0.5212500000000001 88.835000000000022 4.5000000000000009 5.5000000000000009 14.175000000000002 9.5000000000000018 70.050350000000009 25.242500000000003 159.86750000000004 4.5000000000000009 92.512250000000009 1.3294609182192656 44.741000000000007 4.5000000000000009
decision_type=2 2 2 2 2 2 2 2 8 2 2 2 2 2 2 2 2 2 2 2 8 2 2 10 2 2 2 2 2 2
left_child=1 2 4 10 23 26 22 24 9 -9 12 -7 13 -4 -14 -16 -12 18 -3 -20 -21 -15 27 -1 25 -5 -6 -2 29 -10
right_child=6 17 3 7 5 11 -8 8 28 -11 16 -13 14 21 15 -17 -18 -19 19 20 -22 -23 -24 -25 -26 -27 -28 -29 -30 -31
leaf_value=-0.002975718249008219 -0.054608777756094587 0.088257327905661431 1.0958019125472542 -0.060714911843197328 -0.032202696529870421 0.051594688389498947 -0.21132416504128165 -0.047228064899684764 0.43816063313572884 -0.87900993358054791 0.085411702077210369 -0.38226907255055437 0.12951161280529794 -0.20206034750453844 0.99791431755567861 0.29191616597305153 -0.2482836685600831 -0.62392582728841495 -0.33532436883096745 0.077338808234513889 -0.11726408850087298 0.50027582244082003 -0.93131055692287357 0.12283058026431176 -0.83759052246872645 0.35397492176158962 -0.50645226291753109 0.03303633645883064 -0.032892259035811659 0.039214724990845377
leaf_weight=68557 2420 2740 1970 2768 34410 1114 6178 31123 5471 2443 6370 5662 12668 368 2764 5244 1754 2560 1574 1048 3534 814 336 11195 1378 9946 8538 2898 27310 17085
leaf_count=68557 2420 2740 1970 2768 34410 1114 6178 31123 5471 2443 6370 5662 12668 368 2764 5244 1754 2560 1574 1048 3534 814 336 11195 1378 9946 8538 2898 27310 17085
internal_value=-0.000259531 -7.95095e-05 8.95919e-05 0.000948438 -0.000769255 -0.00239321 -0.00437373 0.000111255 -0.000378152 -0.00218674 0.00350369 -0.00867031 0.00469406 0.0102316 0.00384987 0.00696803 1.23092e-05 -0.00390189 -0.0022763 -0.00459714 -0.00174596 0.00190355 -0.000574814 0.000243254 0.0030088 0.00386975 -0.00140286 0.000488906 0.000839249 0.00228764
internal_weight=282240 270408 258952 129476 129476 49724 11832 97524 83432 33566 31952 6776 23828 3152 20676 8008 8124 11456 8896 6156 4582 1182 5654 79752 14092 12714 42948 5318 49866 22556
internal_count=282240 270408 258952 129476 129476 49724 11832 97524 83432 33566 31952 6776 23828 3152 20676 8008 8124 11456 8896 6156 4582 1182 5654 79752 14092 12714 42948 5318 49866 22556
is_linear=0
shrinkage=0.05


Tree=71
num_leaves=31
num_cat=0
split_feature=10 14 8 16 0 3 3 12 16 7 16 15 6 7 3 7 15 16 14 3 7 3 16 3 3 10 15 16 2 12
split_gain=80.3519 67.6018 63.0041 61.5867 60.037 58.4395 70.3988 70.6614 75.9415 54.1557 53.1086 55.5779 52.1455 51.8023 47.4607 47.3041 41.236 60.711 62.9727 40.2664 73.1069 39.5617 38.9175 40.6419 87.5782 42.9077 36.6704 41.0441 35.1866 33.9765
threshold=0.72500000000000064 103.25100000000002 0.79718805139296023 140.10249999999999 1.5000000000000002 10.500000000000002 4.5000000000000009 0.55875000000000019 29.464625000000002 1.0000317254658451 22.18975 89.783500000000018 0.91029095032032992 0.99897078088854441 11.500000000000002 0.72922283655992959 72.715000000000018 25.766500000000004 96.338000000000008 5.5000000000000009 1.0171824617758285 2.5000000000000004 5.0282500000000008 2.5000000000000004 3.5000000000000004 4.6428571428571459 79.045000000000016 5.0282500000000008 1.5000000000000002 0.41375000000000001
decision_type=2 2 2 2 2 2 2 2 2 2 2 2 2 2 2 2 2 2 2 2 2 2 2 2 2 2 2 2 2 2
left_child=2 22 4 5 15 6 7 8 12 -3 19 -12 -4 21 28 -1 -16 -18 -19 20 26 -10 -2 25 -25 -24 27 -8 -7 -6
right_child=1 9 3 -5 29 14 10 -9 13 -11 11 -13 -14 -15 16 -17 17 18 -20 -21 -22 -23 23 24 -26 -27 -28 -29 -30 -31
leaf_value=0.22523724297353354 0.016721514558071894 -0.19861455553324189 -0.04202408289674886 -0.61071139877216263 0.3642832478119391 0.64471445607448519 0.0036914782815517912 -0.15242772695008619 0.34109922074128546 -0.97807765948845538 -0.12544114411203947 0.091248290416668376 0.33876725104111716 -0.0077954976415369089 0.1018074797118433 -0.053063588902078788 0.92065073418858212 -0.68611319918637015 0.33056012697861692 0.0091945924108939314 0.037610773205546448 -0.21759207873697842 0.17573403881547658 -0.25583996068983855 -0.043365934487488558 -0.066817879087670326 0.74384326959568181 -0.22498618238211626 0.12851158576456068 -0.010373089729590968
leaf_weight=5644 8792 3022 2518 12182 12330 3468 1000 2432 4914 2910 39608 9894 8964 41338 5312 7512 526 3446 1428 44006 1482 1194 4904 3610 29666 2214 262 3136 11228 3298
leaf_count=5644 8792 3022 2518 12182 12330 3468 1000 2432 4914 2910 39608 9894 8964 41338 5312 7512 526 3446 1428 44006 1482 1194 4904 3610 29666 2214 262 3136 11228 3298
internal_value=-0.00024961 -0.00196215 0.00016599 -0.000151257 0.002352 7.41314e-05 -0.000278075 0.00105362 0.00139832 -0.00700438 -0.00110023 -0.00226051 0.00504703 0.000515323 0.00230242 -0.00013682 -0.000228715 -0.00330556 -0.00504719 5.11165e-05 -0.00383503 0.00481336 -0.00135404 -0.0020102 -0.00274372 0.00141894 -0.0070714 -0.0082205 0.00414739 0.00444715
internal_weight=282240 55118 227122 198338 28784 186156 160748 61360 58928 5932 99388 49502 11482 47446 25408 13156 10712 5400 4874 49886 5880 6108 49186 40394 33276 7118 4398 4136 14696 15628
internal_count=282240 55118 227122 198338 28784 186156 160748 61360 58928 5932 99388 49502 11482 47446 25408 13156 10712 5400 4874 49886 5880 6108 49186 40394 33276 7118 4398 4136 14696 15628
is_linear=0
shrinkage=0.05


Tree=72
num_leaves=31
num_cat=0
split_feature=16 13 13 8 5 1 2 1 5 1 15 2 3 10 2 2 7 15 13 16 7 14 3 7 3 3 7 12 16 10
split_gain=76.0998 88.4003 76.5179 64.2866 52.0042 51.2119 50.7416 52.2852 54.5765 49.796 46.8612 46.671 45.5254 44.9582 40.6646 38.2169 37.2832 36.0903 35.8932 59.8477 42.6985 35.4458 35.2676 39.5417 35.0217 34.5317 68.3704 61.5461 36.4818 34.3742
threshold=65.794000000000011 13.435 73.21250000000002 1.5114310184483901 1.0000000180025095e-35 5.5000000000000009 3.5000000000000004 20.500000000000004 1.0000000180025095e-35 15.500000000000002 33.922500000000007 4.5000000000000009 10.500000000000002 4.3285714285714327 1.0000000180025095e-35 1.0000000180025095e-35 1.7621555979647301 -3.0749999999999997 125.95500000000001 212.77375000000004 0.62943443378992747 1.0000000180025095e-35 10.500000000000002 0.83755387126678149 2.5000000000000004 6.5000000000000009 1.0126391793720475 0.0062500000000000012 3.9575000000000005 0.41428571428571509
decision_type=2 8 10 2 2 2 2 2 2 2 2 2 2 2 2 2 2 2 8 2 2 2 2 2 2 2 2 2 2 2
left_child=2 15 5 4 13 17 7 8 12 -8 -10 22 16 14 -3 -2 21 -1 19 -16 -20 -7 23 -4 -13 26 -23 28 -27 -24
right_child=1 3 11 -5 -6 6 9 -9 10 -11 -12 24 -14 -15 18 -17 -18 -19 20 -21 -22 25 29 -25 -26 27 -28 -29 -30 -31
leaf_value=0.11156563340850584 -0.19687392738075662 0.24660207704068582 0.86569695636719546 -0.60678374152706316 -0.6705871453318708 0.16577298319711267 -0.032458634849348654 -0.039741068535815785 0.032402702169451292 0.023408371992355261 -0.41771720134210794 0.47813397504719363 0.32229384170593506 -0.59115746528273372 -0.12422510081389931 -0.74592492417958312 -0.082894374706600285 -0.031969883679475689 0.35627413232057947 -3.2901477985388015 -0.067387000187738619 0.2855264395902421 1.1051366938063276 0.18676272566320959 -0.23998865385648627 0.24729269842020563 -0.020096773033329154 0.10706819800463396 -0.054669737845639159 -0.25811739160991271
leaf_weight=617 1324 10319 2038 3181 2731 2076 37233 13144 1017 28035 1112 1122 5534 1101 18400 2751 1529 54791 4084 590 31647 17492 1830 5910 3434 574 5729 9845 12776 274
leaf_count=617 1324 10319 2038 3181 2731 2076 37233 13144 1017 28035 1112 1122 5534 1101 18400 2751 1529 54791 4084 590 31647 17492 1830 5910 3434 574 5729 9845 12776 274
internal_value=-0.000239158 -0.00159009 0.00025981 -0.00118489 -0.000863921 -6.26619e-06 0.000515445 0.00144223 0.0020907 -0.000490286 -0.00576562 0.00374795 0.00239177 -0.000584736 -0.000415129 -0.0087546 0.0019157 -0.00128772 -0.000958042 -0.00271459 -2.44885e-05 0.00215809 0.00565062 0.00412682 -0.000449956 0.0018722 0.00323522 0.000507653 -0.00170412 0.0114068
internal_weight=282240 76128 206112 72053 68872 191504 136096 70828 57684 65268 2129 14608 55555 66141 65040 4075 50021 55408 54721 18990 35731 48492 10052 7948 4556 46416 23221 23195 13350 2104
internal_count=282240 76128 206112 72053 68872 191504 136096 70828 57684 65268 2129 14608 55555 66141 65040 4075 50021 55408 54721 18990 35731 48492 10052 7948 4556 46416 23221 23195 13350 2104
is_linear=0
shrinkage=0.05


Tree=73
num_leaves=31
num_cat=0
split_feature=16 13 8 13 7 10 13 4 16 8 1 15 3 14 13 14 3 4 1 8 5 15 4 3 7 10 12 16 10 3
split_gain=74.803 100.589 70.1332 67.0664 56.9016 45.0179 45.8935 43.4742 41.7828 63.5885 45.0972 43.7025 38.4517 37.4813 34.9185 36.2766 37.5277 34.4674 47.6242 42.6479 33.4932 41.6613 34.258 33.0007 34.0664 34.0158 32.707 32.6601 31.8444 30.9529
threshold=46.095900000000007 14.975000000000003 1.808390484862757 77.864000000000019 1.6661101906708728 -0.95714285714285685 194.76050000000004 1.0000000180025095e-35 140.10249999999999 1.0900215495746772 5.5000000000000009 220.45500000000001 10.500000000000002 230.19650000000004 -2.3734999999999995 -0.99899999999999989 10.500000000000002 1.0000000180025095e-35 4.5000000000000009 1.3444242495514274 1.0000000180025095e-35 164.14500000000001 1.0000000180025095e-35 10.500000000000002 0.82695232940935581 0.61428571428571421 1.1662500000000002 294.23875000000004 5.9892857142857165 6.5000000000000009
decision_type=2 8 2 10 2 2 10 2 2 2 2 2 2 2 8 2 2 2 2 2 2 2 2 2 2 2 2 2 2 2
left_child=3 29 4 14 5 -3 8 23 10 11 -7 12 13 -10 -1 -16 17 18 19 -17 21 28 -22 24 -5 -25 -19 -8 -12 -2
right_child=1 2 -4 7 -6 6 27 -9 9 -11 20 -13 -14 -15 15 16 -18 26 -20 -21 22 -23 -24 25 -26 -27 -28 -29 -30 -31
leaf_value=-0.086397014308257358 -0.19476014179370704 0.12857584565425642 -0.85501995670256581 1.1251849851634821 -0.46210631185527407 -0.22004915186520524 1.4501655463203027 -0.026515395026356716 -0.12816166045779981 -1.8573935515090174 -0.009509898629595526 -1.4825460221581501 0.86705252100740859 -4.5988806820665245 0.06367974660494731 -0.023719083284099659 0.046123171708333688 -0.018213223996401628 0.022759609879277512 -0.10350153490397727 -0.60396385684183262 0.81461969789301625 0.16195044079497728 1.269370710100661 0.26196917629141919 -0.27125455485571714 -0.080566746058475358 -1.9352992795248332 -0.78551778671240602 -0.60246759763075275
leaf_weight=1373 3559 16122 753 1262 2251 14003 2522 3025 3071 943 53128 3216 2046 673 6460 20364 20546 41206 66499 1613 1825 2707 875 1216 3294 182 2684 682 350 3790
leaf_count=1373 3559 16122 753 1262 2251 14003 2522 3025 3071 943 53128 3216 2046 673 6460 20364 20546 41206 66499 1613 1825 2707 875 1216 3294 182 2684 682 350 3790
internal_value=-0.000226757 -0.00122649 -0.000831297 0.000436002 -0.000721647 -0.000548388 -0.00100272 0.00464139 -0.00122982 -0.00426927 -0.000814949 -0.00297579 -0.000379965 -0.00339209 0.000201095 0.000269495 0.000114445 -0.000194159 0.000374113 -0.00164376 -0.000208457 5.29501e-05 -0.00564815 0.00712126 0.00505926 0.0138412 -0.00133971 0.00486891 -0.000253375 -0.00688189
internal_weight=282240 112516 105167 169724 104414 102163 86041 8979 82837 9949 72888 9006 5790 3744 160745 159372 152912 132366 88476 21977 58885 56185 2700 5954 4556 1398 43890 3204 53478 7349
internal_count=282240 112516 105167 169724 104414 102163 86041 8979 82837 9949 72888 9006 5790 3744 160745 159372 152912 132366 88476 21977 58885 56185 2700 5954 4556 1398 43890 3204 53478 7349
is_linear=0
shrinkage=0.05


Tree=74
num_leaves=31
num_cat=0
split_feature=16 6 13 0 7 2 13 2 16 1 2 1 7 1 3 3 3 7 13 10 16 15 3 15 13 3 16 15 3 16
split_gain=68.8446 85.2279 63.7902 56.8283 89.8212 44.8907 48.6727 42.1191 37.4941 37.3276 42.0412 43.2782 41.5423 37.4259 39.7167 36.3211 33.951 33.7634 33.5132 32.3817 31.7229 31.5557 30.9844 28.9873 28.8772 28.858 28.3287 35.8408 26.658 26.6554
threshold=56.705024999999999 1.5601783613829434 73.21250000000002 1.5000000000000002 1.147600808566591 1.5000000000000002 125.95500000000001 4.5000000000000009 212.77375000000004 6.5000000000000009 3.5000000000000004 20.500000000000004 0.63848523012245606 15.500000000000002 9.5000000000000018 10.500000000000002 2.5000000000000004 0.82695232940935581 282.17000000000007 0.61428571428571421 193.41974999999999 -3.0749999999999997 2.5000000000000004 55.405000000000008 17.295000000000005 2.5000000000000004 -3.1539999999999995 -2.0949999999999993 4.5000000000000009 4.7289000000000003
decision_type=2 2 10 2 2 2 8 2 2 2 2 2 2 2 2 2 2 2 10 2 2 2 2 2 8 2 2 2 2 2
left_child=2 3 9 4 24 8 20 15 -5 21 11 12 -11 14 22 17 -3 -4 -10 -17 -7 -1 23 -12 -2 -9 -24 -28 -27 -14
right_child=1 16 7 5 -6 6 -8 25 18 10 13 -13 29 -15 -16 19 -18 -19 -20 -21 -22 -23 26 -25 -26 28 27 -29 -30 -31
leaf_value=0.10388703500061856 -0.48745216835610883 -0.052063442206947211 0.89055392974312086 0.18165956079926407 -0.79835761801071981 -0.1921748216804805 0.028841156738922891 0.47145224042201195 -3.1134860560682824 0.62759646946415137 0.14437751924272346 -0.030694906950262182 0.064567762015764155 0.020637976283693051 0.034265686526005423 1.0874529922315728 -0.55217389299356423 0.19308374848519599 2.9801285214839242 -0.25517538420526564 -3.7186667685643187 -0.023072512125239888 0.10795510032871516 -0.19466283325722311 -0.13040784427975824 -0.69112827101945484 -0.22749564156502755 -0.053621396931981917 -0.044627523087278576 0.035874277819815219
leaf_weight=631 1667 1170 1673 19384 1358 14686 24397 948 1050 3691 1947 12123 4900 26162 6972 1597 3448 4925 138 234 383 58534 1000 952 23885 569 1306 19859 2529 40122
leaf_count=631 1667 1170 1673 19384 1358 14686 24397 948 1050 3691 1947 12123 4900 26162 6972 1597 3448 4925 138 234 383 58534 1000 952 23885 569 1306 19859 2529 40122
internal_value=-0.000212054 -0.00133892 0.000329096 -0.000987372 -0.00289669 -0.000131583 -0.00111868 0.00378557 0.0017621 8.71217e-05 0.000597308 0.00151637 0.00218166 -0.000363415 -0.00150924 0.00579843 -0.00795799 0.00406941 -0.00686027 0.0120289 -0.00335291 -0.000939322 -0.00243776 0.00242325 -0.00223075 -0.00040781 -0.00307354 -0.00346208 -0.00274371 0.00176358
internal_weight=282240 91566 190674 86948 26910 60038 39466 12475 20572 178199 119034 60836 48713 58198 32036 8429 4618 6598 1188 1831 15069 59165 25064 2899 25552 4046 22165 21165 3098 45022
internal_count=282240 91566 190674 86948 26910 60038 39466 12475 20572 178199 119034 60836 48713 58198 32036 8429 4618 6598 1188 1831 15069 59165 25064 2899 25552 4046 22165 21165 3098 45022
is_linear=0
shrinkage=0.05


Tree=75
num_leaves=31
num_cat=0
split_feature=8 14 10 10 8 0 0 6 16 3 3 3 7 3 0 7 14 7 1 2 5 3 2 7 7 14 3 3 7 14
split_gain=69.92 66.7274 58.6043 53.7344 52.8751 54.0766 43.3824 53.5308 43.3403 42.4404 93.5486 71.3398 110.81 77.5614 58.9528 57.922 54.2474 50.5344 49.3123 48.4727 47.9041 47.5404 41.0731 39.9078 39.4225 42.1702 38.892 38.7348 36.4155 34.6302
threshold=1.6529810848379254 3.6815000000000002 0.92142857142857226 -4.121428571428571 0.83226736545657365 1.5000000000000002 1.5000000000000002 1.3988018182647257 140.10249999999999 10.500000000000002 6.5000000000000009 5.5000000000000009 0.99897078088854441 4.5000000000000009 2.5000000000000004 0.99897078088854441 42.331500000000005 1.0000317254658451 6.5000000000000009 3.5000000000000004 1.0000000180025095e-35 9.5000000000000018 1.5000000000000002 1.6661101906708728 0.64227727203275486 136.65150000000003 7.5000000000000009 9.5000000000000018 0.63415852488057867 13.001000000000003
decision_type=2 2 2 2 2 2 2 2 2 2 2 2 2 2 2 2 2 2 2 2 2 2 2 2 2 2 2 2 2 2
left_child=1 3 4 -1 5 29 7 -2 9 10 11 13 -13 23 15 -15 21 19 -18 -14 22 -12 -11 -6 -4 -26 -20 -7 -23 -3
right_child=6 2 24 -5 8 27 -8 -9 -10 20 16 12 17 14 -16 -17 18 -19 26 -21 -22 28 -24 -25 25 -27 -28 -29 -30 -31
leaf_value=0.30194224956813653 -0.078568486563787676 0.069060490727960513 0.065363296407620064 0.02016011605093947 0.049381833212034376 0.15971668238275602 -0.20812540849762604 0.034191499855416606 -0.55368166337966918 0.46303686338853445 -0.039228963061753719 -0.27023312504823177 0.49360523920338983 0.54799511954194968 0.20280337231039056 -0.26940992883957321 -0.76178076836436392 -0.044692016251366512 -0.32165454783938746 0.14239192938258247 -0.16391057364513117 1.1779940449313613 0.068027725893605062 -0.27935209489292473 -0.057090136466683997 -1.1286514699332042 -0.12670047178134516 0.60988754559225045 0.056895482136772452 -0.13365514006178661
leaf_weight=1922 2426 4758 6216 38880 54834 12256 4012 1586 12062 5336 29210 1828 5282 804 3370 8874 3322 1638 3486 3890 1870 432 15422 524 31656 1670 7802 3758 6926 6188
leaf_count=1922 2426 4758 6216 38880 54834 12256 4012 1586 12062 5336 29210 1828 5282 804 3370 8874 3322 1638 3486 3890 1870 432 15422 524 31656 1670 7802 3758 6926 6188
internal_value=-0.000197527 -6.29066e-05 -0.000389008 0.00180261 -3.12062e-05 0.00202337 -0.00479811 -0.00112164 -0.000363066 -0.000138198 -0.000480631 0.00057623 0.00402754 -6.13981e-05 -0.00352928 -0.0055125 -0.00215425 0.00595282 -0.00472964 0.00739751 0.00186274 -0.0011253 0.00255323 0.000755988 -0.00214329 -0.00282512 -0.00315379 0.00387473 0.0024667 -0.000685182
internal_weight=282240 274216 233414 40802 193872 26960 8024 4012 166912 154850 132222 81044 12638 68406 13048 9678 51178 10810 14610 9172 22628 36568 20758 55358 39542 33326 11288 16014 7358 10946
internal_count=282240 274216 233414 40802 193872 26960 8024 4012 166912 154850 132222 81044 12638 68406 13048 9678 51178 10810 14610 9172 22628 36568 20758 55358 39542 33326 11288 16014 7358 10946
is_linear=0
shrinkage=0.05


Tree=76
num_leaves=31
num_cat=0
split_feature=5 7 14 6 1 2 13 13 13 1 16 13 14 13 16 2 1 0 7 13 6 0 14 15 2 16 16 16 6 12
split_gain=65.9385 68.4567 65.1259 80.3756 66.2945 65.1307 56.9138 56.4522 51.2697 50.417 45.4955 39.5333 37.6938 39.19 64.8116 37.9266 88.1947 48.9746 56.2967 46.7367 39.1715 37.4672 42.938 37.4369 37.6537 34.9299 34.3248 32.9745 32.4162 43.9706
threshold=1.0000000180025095e-35 0.54577343710205051 110.38700000000001 1.1106041179599329 5.5000000000000009 1.0000000180025095e-35 5.9910000000000005 36.692500000000003 -0.40849999999999992 18.500000000000004 47.707500000000003 45.822500000000012 -2.2874999999999996 18.331000000000003 14.9215 4.5000000000000009 16.500000000000004 1.5000000000000002 1.0000317254658451 105.99100000000001 0.79552964498495882 1.5000000000000002 212.04000000000005 83.592500000000015 4.5000000000000009 41.582100000000004 73.899250000000009 67.827125000000009 1.3647559385888377 0.2687500000000001
decision_type=2 2 2 2 2 2 10 8 8 2 2 10 2 8 2 2 2 2 2 8 2 2 2 2 2 2 2 2 2 2
left_child=1 23 4 7 10 6 -6 -4 -7 -8 11 -3 -10 14 -14 17 28 18 -15 -19 -21 -5 -23 27 -25 -20 -2 -1 29 -17
right_child=26 2 3 21 5 8 9 -9 12 -11 -12 -13 13 15 -16 16 -18 19 25 20 -22 22 -24 24 -26 -27 -28 -29 -30 -31
leaf_value=0.12457552494295519 -0.05774777740457631 -0.019665758755359902 -0.78738439496120594 -1.3612264523869682 0.038429549564494826 -0.1111445755630022 0.60662901118891854 -0.070570711786344553 0.138586250883623 0.029554429232724645 -0.22709796413973643 0.2171143336688921 0.0057337705352229935 0.033581904953745405 -0.12972282865389886 -0.078362766653160276 0.073541009067783866 0.0017246603096551462 -0.026512200783201226 0.71117365676832967 0.18756862180143774 -0.43746258395185916 -4.3331845784351088 0.581981778092861 -0.32542246803926633 -0.42147437758529005 -0.81253323245676767 -0.33793268964612422 0.02543542446663416 -0.17448679508905204
leaf_weight=8452 9790 40875 2262 732 15641 1703 4756 21434 2068 2425 15214 4559 12598 31883 9701 17054 15766 12843 6627 4157 20660 3376 350 4268 530 1481 2490 1542 2879 4124
leaf_count=8452 9790 40875 2262 732 15641 1703 4756 21434 2068 2425 15214 4559 12598 31883 9701 17054 15766 12843 6627 4157 20660 3376 350 4268 530 1481 2490 1542 2879 4124
internal_value=-0.000191149 -2.81523e-05 -0.000219855 -0.0024881 6.145e-05 0.000577342 0.00305845 -0.00132934 0.000182871 0.00674349 -0.00135371 -0.000561254 0.000286412 0.000187268 -0.00173438 0.000552037 -0.000702483 0.00119541 -2.31302e-05 0.00248938 0.0037565 -0.00864738 -0.00661567 0.0032788 0.00690913 -0.00374322 -0.00377443 0.00153592 -0.00260735 -0.00328407
internal_weight=282240 269960 255168 28154 227014 166366 22822 23696 143544 7181 60648 45434 141841 139773 22299 117474 39823 77651 39991 37660 24817 4458 3726 14792 4798 8108 12280 9994 24057 21178
internal_count=282240 269960 255168 28154 227014 166366 22822 23696 143544 7181 60648 45434 141841 139773 22299 117474 39823 77651 39991 37660 24817 4458 3726 14792 4798 8108 12280 9994 24057 21178
is_linear=0
shrinkage=0.05


Tree=77
num_leaves=31
num_cat=0
split_feature=16 13 8 13 10 2 16 8 0 7 0 0 2 13 6 0 8 16 16 14 8 10 15 13 10 2 1 1 14 8
split_gain=64.4577 107.119 67.7692 59.5352 51.8147 44.6394 44.611 48.1592 45.5731 65.6721 38.7645 36.833 35.7318 48.6905 38.5412 36.3709 35.2749 46.8564 34.4876 32.7504 32.676 32.6183 38.2196 31.5017 30.3581 30.0386 28.5405 30.4685 28.8084 27.6905
threshold=26.487300000000005 18.681500000000003 1.808390484862757 142.40150000000003 4.3285714285714327 1.0000000180025095e-35 168.90877500000002 1.2695660391111645 2.5000000000000004 1.2204160532479218 1.5000000000000002 1.5000000000000002 4.5000000000000009 23.891500000000004 1.3731534971766692 2.5000000000000004 1.0086913317609019 4.2537250000000011 70.830400000000012 52.165000000000006 0.95191024082017772 -1.7999999999999983 24.791500000000003 -2.3734999999999995 -4.7499999999999973 4.5000000000000009 6.5000000000000009 20.500000000000004 108.91250000000001 1.3276961024240657
decision_type=2 8 2 10 2 2 2 2 2 2 2 2 2 10 2 2 2 2 2 2 2 2 2 8 2 2 2 2 2 2
left_child=12 5 3 4 6 -2 8 -8 9 21 -11 -6 13 15 16 24 23 -18 -7 -5 -10 -3 -23 -14 -1 -21 -24 28 -28 -15
right_child=1 2 -4 19 11 18 7 -9 20 10 -12 -13 14 29 -16 -17 17 -19 -20 25 -22 22 26 -25 -26 -27 27 -29 -30 -31
leaf_value=0.18157188930937287 -0.023042516615651643 0.14715061122349082 -0.43399170102864437 1.3816743469864909 -0.48248635733566392 -0.16250887456631508 -0.87992396535354589 -3.2662417101903203 0.23683987619889493 -0.30731512531509536 -0.14830113415963733 -0.12691508304363525 -0.11498428568249236 0.22453265943206105 0.022706620564705685 0.16049212862230855 0.006429672932861852 -0.12478643875782006 -0.70587953873934561 0.52095313241976338 0.023749370358145686 0.070081757947769385 -0.17817798659539674 -0.0014828192666544561 0.0032311560387584537 -0.54063011503946556 0.018743694544436185 -0.16598049809516105 -0.35324952594063214 -0.16224837703444003
leaf_weight=1812 3996 8429 1208 1238 1104 8114 5614 473 10831 2648 4822 1561 279 10749 6018 6973 3004 5106 2868 5180 31713 14956 13604 29093 53578 1192 32585 7563 4887 1042
leaf_count=1812 3996 8429 1208 1238 1104 8114 5614 473 10831 2648 4822 1561 279 10749 6018 6973 3004 5106 2868 5180 31713 14956 13604 29093 53578 1192 32585 7563 4887 1042
internal_value=-0.000180166 -0.000819025 -0.000415419 -0.000319407 -0.000552241 -0.00485045 -0.000419005 -0.00460407 -0.000226071 -0.000866539 -0.00535475 -0.00745779 0.000713533 0.00138091 -0.000424138 0.000823806 -0.00102049 -0.00393958 -0.006497 0.00398817 0.00112119 -0.000457793 -0.000795231 -0.00021449 0.000395378 0.00254237 -0.00137067 -0.000764405 -0.000180135 0.00432745
internal_weight=282240 164586 149608 148400 140790 14978 138125 6087 132038 89494 7470 2665 117654 74154 43500 62363 37482 8110 10982 7610 42544 82024 73595 29372 55390 6372 58639 45035 37472 11791
internal_count=282240 164586 149608 148400 140790 14978 138125 6087 132038 89494 7470 2665 117654 74154 43500 62363 37482 8110 10982 7610 42544 82024 73595 29372 55390 6372 58639 45035 37472 11791
is_linear=0
shrinkage=0.05


Tree=78
num_leaves=31
num_cat=0
split_feature=8 14 13 13 16 0 7 0 13 10 0 3 2 13 16 8 14 14 15 10 7 16 2 2 1 12 1 1 3 3
split_gain=60.8439 57.1067 79.2802 53.9062 45.7315 48.8715 84.0415 51.0639 47.1026 40.6493 40.491 47.7333 34.2802 33.749 30.6043 30.5638 29.2376 28.9219 27.8395 42.1971 29.3394 27.7695 27.6541 27.401 27.3378 28.6461 26.4255 34.2096 45.4039 49.6696
threshold=1.6529810848379254 20.861500000000003 5.9910000000000005 142.40150000000003 179.13925000000003 2.5000000000000004 1.0564848700531038 1.5000000000000002 73.21250000000002 -4.7499999999999973 1.5000000000000002 11.500000000000002 3.5000000000000004 37.165000000000006 99.529624999999996 1.2695660391111645 117.55150000000002 99.807500000000019 24.791500000000003 -3.1571428571428557 0.53423826828631682 99.529624999999996 1.0000000180025095e-35 1.5000000000000002 5.5000000000000009 1.1512500000000003 6.5000000000000009 20.500000000000004 8.5000000000000018 6.5000000000000009
decision_type=2 2 8 10 2 2 2 2 8 2 2 2 2 10 2 2 2 2 2 2 2 2 2 2 2 2 2 2 2 2
left_child=1 9 22 4 5 6 18 17 -6 -1 11 -2 24 -11 -5 -10 -9 -8 -4 -20 -21 26 -3 -16 -7 -26 -22 28 29 -28
right_child=10 2 3 14 8 12 7 16 15 13 -12 -13 -14 -15 23 -17 -18 -19 19 20 21 -23 -24 -25 25 -27 27 -29 -30 -31
leaf_value=0.19992276387015073 -0.035472185599320041 -0.040532080113161589 0.045949860415624412 1.1066055588726798 -2.4454615576297765 -0.047502475811107649 -0.15696280865230677 -0.045267077056277 -0.61428438500466243 0.0056430927074015095 -0.19717084779253763 0.088184070569318831 -0.040840024199634596 0.25223894911061645 1.2237245617399681 -3.479341338431349 -0.88697557381535008 -0.97041156918582505 0.23017317583593738 0.27578311030311026 -0.14398583462063028 -0.42768616264372972 -0.23298739723826431 -0.070541615144641412 0.27859669794340647 -0.29870996617940121 0.013543015000529479 -0.15424256821542226 0.24916193258232766 -0.10857674822397537
leaf_weight=3084 3412 2739 22947 2468 844 6455 5527 7298 4283 90489 4012 600 17443 10953 1302 269 864 878 3807 2653 13173 7482 6475 3647 19051 1215 20481 6911 7382 4096
leaf_count=3084 3412 2739 22947 2468 844 6455 5527 7298 4283 90489 4012 600 17443 10953 1302 269 864 878 3807 2653 13173 7482 6475 3647 19051 1215 20481 6911 7382 4096
internal_value=-0.000182469 -5.68895e-05 -0.000623195 -0.000364229 -0.000565958 -0.000400744 -0.000994937 -0.00451534 -0.0050871 0.000862465 -0.00447408 -0.000922233 0.000991758 0.000690542 0.00379871 -0.00307557 -0.00189292 -0.00785714 -0.000418297 -0.000939986 -0.00125285 -0.00148215 -0.00513349 0.00153061 0.00211725 0.00301984 -0.00107267 -0.000416774 0.000273006 -0.000759857
internal_weight=282240 274216 169690 160476 153059 147663 103499 14567 5396 104526 8024 4012 44164 101442 7417 4552 8162 6405 88932 65985 62178 59525 9214 4949 26721 20266 52043 38870 31959 24577
internal_count=282240 274216 169690 160476 153059 147663 103499 14567 5396 104526 8024 4012 44164 101442 7417 4552 8162 6405 88932 65985 62178 59525 9214 4949 26721 20266 52043 38870 31959 24577
is_linear=0
shrinkage=0.05


Tree=79
num_leaves=31
num_cat=0
split_feature=5 7 8 3 3 0 16 8 3 16 7 0 15 13 2 3 13 16 13 2 2 1 16 1 3 2 15 16 16 3
split_gain=58.1256 54.2843 56.2916 72.3086 102.175 66.616 58.9352 54.3868 44.063 42.2467 58.262 46.7982 39.8197 39.4034 39.3091 39.2667 44.3113 41.2483 37.292 37.0333 34.337 34.31 39.2524 34.7124 37.7917 41.7927 34.1277 70.9808 33.5943 31.8511
threshold=1.0000000180025095e-35 0.55503967654516617 1.0307272290487732 2.5000000000000004 4.5000000000000009 2.5000000000000004 154.37575000000001 0.79718805139296023 6.5000000000000009 22.18975 1.1187848739926085 1.5000000000000002 20.792500000000004 194.76050000000004 4.5000000000000009 7.5000000000000009 9.5710000000000015 36.783250000000002 11.895000000000001 1.0000000180025095e-35 1.0000000180025095e-35 6.5000000000000009 100.85910000000001 20.500000000000004 10.500000000000002 1.5000000000000002 71.75500000000001 38.877299999999998 1.9492500000000001 3.5000000000000004
decision_type=2 2 2 2 2 2 2 2 2 2 2 2 2 10 2 2 8 2 10 2 2 2 2 2 2 2 2 2 2 2
left_child=1 -1 5 19 -5 9 28 -7 20 18 12 -12 14 21 29 17 -17 -10 -3 -4 -9 -14 23 24 -23 -26 -27 -28 -6 -11
right_child=-2 2 3 4 6 7 -8 8 15 10 11 -13 13 -15 -16 16 -18 -19 -20 -21 -22 22 -24 -25 25 26 27 -29 -30 -31
leaf_value=0.16042385314379637 -0.10197244914003152 -0.0002585799063952388 -0.23640772172395927 -0.15799153410098593 0.023154728307354273 0.36778221349241697 -2.6590310149016134 0.63338224038296076 0.022459908502501805 -0.1111917700087254 -0.22156307865344452 -0.10131336410518266 -0.17239246943839329 1.2923563602385741 -0.1137920552872725 -0.16591751902948415 0.088641040069792926 -0.66774795496724604 0.076869362821268897 0.12460647159129304 0.13095800268457922 -0.0043486731891797309 -0.50220453960943767 -0.13837624096852696 0.98492388912446938 0.38359359715557989 1.4965916877268359 -0.70438599413583758 -0.032020951569786793 0.19604908169468374
leaf_weight=15784 12280 44250 1208 7160 3112 9130 606 2910 1490 2042 2764 3748 16263 1982 3744 1836 15662 2132 14260 8936 16806 30815 8474 7610 1323 1861 304 1078 33290 9380
leaf_count=15784 12280 44250 1208 7160 3112 9130 606 2910 1490 2042 2764 3748 16263 1982 3744 1836 15662 2132 14260 8936 16806 30815 8474 7610 1323 1861 304 1078 33290 9380
internal_value=-0.000182115 -2.90784e-05 -0.000205763 -0.00163316 -0.00250747 0.000182124 -0.00144969 0.0017632 0.000983201 -0.000344901 -0.00101654 -0.00557432 -0.000666855 -0.001172 0.00165502 -0.000603693 0.000377186 -0.00534235 0.000704153 0.0021737 0.0026831 -0.00137535 -0.000742738 -0.000129678 0.000529239 0.00477442 0.00171909 -0.004233 -0.00119224 0.00311241
internal_weight=282240 269960 254176 54312 44168 199864 37008 49966 40836 149898 91388 6512 84876 69710 15166 21120 17498 3622 58510 10144 19716 67728 51465 42991 35381 4566 3243 1382 36402 11422
internal_count=282240 269960 254176 54312 44168 199864 37008 49966 40836 149898 91388 6512 84876 69710 15166 21120 17498 3622 58510 10144 19716 67728 51465 42991 35381 4566 3243 1382 36402 11422
is_linear=0
shrinkage=0.05


Tree=80
num_leaves=31
num_cat=0
split_feature=16 8 13 3 3 7 8 13 3 8 15 7 15 5 13 16 0 12 6 13 0 7 1 3 15 5 15 8 16 1
split_gain=57.1173 73.5424 58.5235 58.4502 62.4287 59.1645 68.0151 54.752 46.4693 44.0858 74.8286 51.2219 40.9423 40.7327 38.1232 36.6665 36.547 34.8103 34.2449 31.4841 31.4511 52.739 33.4054 31.2544 47.5844 46.3107 31.0064 30.8717 30.5982 30.5545
threshold=72.309250000000006 1.5114310184483901 18.681500000000003 1.5000000000000002 10.500000000000002 0.84575078404674009 1.7566616291275821 102.02250000000002 8.5000000000000018 1.3444242495514274 14.101000000000001 1.047729950561578 79.045000000000016 1.0000000180025095e-35 95.295000000000016 22.556125000000002 1.5000000000000002 0.0037500000000000003 1.3426241903139282 -0.15899999999999997 1.5000000000000002 1.147600808566591 5.5000000000000009 11.500000000000002 16.531000000000002 1.0000000180025095e-35 89.783500000000018 1.004202824841457 13.004750000000001 6.5000000000000009
decision_type=2 2 8 2 2 2 2 10 2 2 2 2 2 2 8 2 2 2 2 8 2 2 2 2 2 2 2 2 2 2
left_child=3 2 8 5 9 6 -1 23 -2 12 11 -11 15 20 -14 -5 -7 -12 28 -17 21 -4 -22 24 25 -6 29 -9 -13 -18
right_child=1 -3 13 4 7 16 -8 27 -10 10 17 18 14 -15 -16 19 26 -19 -20 -21 22 -23 -24 -25 -26 -27 -28 -29 -30 -31
leaf_value=0.79606273504625857 -0.14704308075086772 -0.60459183306471864 -0.15853554530088623 0.0054247930754782181 0.030123294085115382 -0.016557806515207506 -0.46982488411304751 1.4938457397040616 -1.0490143487088568 -0.067317307287132769 -0.20133270695961525 0.019500484922715711 -0.038203246034216425 -0.65930567691662179 0.33381911741519821 -0.37177959710594277 0.16128142035330881 -0.086122250151277169 0.044652904665980549 -0.04283691623822148 -0.22659444353501393 -0.91292653329273143 0.076641467089221219 -0.0077746267509900772 0.238335670212836 -0.18764822923896651 -0.37743024836556716 -0.14879342050996555 -0.22382710028944178 0.9027316862938829
leaf_weight=2298 2041 3106 14468 76542 6604 7178 162 1339 1668 2504 1942 992 6622 2346 10260 961 2232 3718 2432 64625 6066 812 35615 12211 8993 456 544 403 526 2574
leaf_count=2298 2041 3106 14468 76542 6604 7178 162 1339 1668 2504 1942 992 6622 2346 10260 961 2232 3718 2432 64625 6066 812 35615 12211 8993 456 544 403 526 2574
internal_value=-0.000169714 -0.00145564 -0.00108544 0.00022372 -7.45786e-07 0.00323592 0.0103252 0.00210291 -0.00717848 -0.000369615 -0.0032772 0.000402851 -0.000148104 -0.000704386 0.00217984 -0.000424617 0.00184387 -0.0074735 0.00394937 -0.0012922 -0.000438458 -0.00237893 0.000272906 0.00157267 0.0030228 -4.95751e-05 0.00497196 0.0107061 -0.00194335 0.0062526
internal_weight=282240 66122 63016 216118 201130 14988 2460 30006 3709 171124 12114 6454 159010 59307 16882 142128 12528 5660 3950 65586 56961 15280 41681 28264 16053 7060 5350 1742 1518 4806
internal_count=282240 66122 63016 216118 201130 14988 2460 30006 3709 171124 12114 6454 159010 59307 16882 142128 12528 5660 3950 65586 56961 15280 41681 28264 16053 7060 5350 1742 1518 4806
is_linear=0
shrinkage=0.05


Tree=81
num_leaves=31
num_cat=0
split_feature=16 13 8 7 0 7 8 2 13 3 3 5 10 1 14 8 1 1 1 14 15 7 3 13 3 7 14 13 15 3
split_gain=53.7177 82.3855 63.4906 47.2678 45.914 87.5158 46.484 43.7082 48.6243 42.2859 71.6852 54.7142 40.6741 37.4865 36.7297 61.3222 34.6051 36.6952 32.5659 32.3078 28.398 49.5539 59.335 31.181 29.8312 28.1167 28.8703 27.93 41.414 35.1111
threshold=31.660375000000002 5.9910000000000005 1.8461972023374515 1.6661101906708728 1.5000000000000002 1.1529887049838079 0.79308329380229947 4.5000000000000009 79.719000000000008 6.5000000000000009 7.5000000000000009 1.0000000180025095e-35 3.1074175824175829 6.5000000000000009 87.804000000000016 1.2588590182001818 6.5000000000000009 20.500000000000004 15.500000000000002 182.51100000000002 44.957500000000003 0.68878972166184183 2.5000000000000004 9.9110000000000031 1.5000000000000002 1.1867897264676883 35.421000000000006 282.17000000000007 337.19400000000002 9.5000000000000018
decision_type=2 8 2 2 2 2 2 2 10 2 2 2 2 2 2 2 2 2 2 2 2 2 2 10 2 2 2 10 2 2
left_child=7 -2 3 4 5 12 -6 8 16 19 25 13 20 -12 -15 27 -1 -18 -9 -8 23 22 24 -3 -22 26 -11 28 -16 -30
right_child=1 2 -4 -5 6 -7 9 18 -10 10 11 -13 -14 14 15 -17 17 -19 -20 -21 21 -23 -24 -25 -26 -27 -28 -29 29 -31
leaf_value=-0.0069426248787632042 -0.25910224283379685 -0.067340171733844906 -0.50724891063839272 -0.25630122789131421 0.19116693547208233 -0.3368874873315762 0.074127782945265258 -0.022787959440582473 0.75584063830477766 0.0037317172522220998 -0.30500156822110808 -0.56624852144506155 -0.57372229325157764 0.29119116649815446 0.096009583263619191 -1.0460849671445842 0.050287093665910776 -0.016639873524606053 0.025119661761764792 -1.1857526341551263 1.1920799243201998 -0.16228551680744385 -0.44543760915714653 0.11841534576577867 0.26470175831901843 0.41693995824128205 -0.50803611434150964 2.0954692990087858 2.1711703941645597 -5.3032282634713281
leaf_weight=29292 7025 11215 943 3318 14460 2912 40227 34778 3506 842 5247 943 1018 9364 7823 1317 41759 10651 13110 835 574 23582 703 9503 1582 358 3733 762 172 686
leaf_count=29292 7025 11215 943 3318 14460 2912 40227 34778 3506 842 5247 943 1018 9364 7823 1317 41759 10651 13110 835 574 23582 703 9503 1582 358 3733 762 172 686
internal_value=-0.00017308 -0.000824706 -0.000563436 -0.000477064 -0.000335127 -0.0015243 0.00036505 0.000557117 0.00123639 -0.000152471 -0.00153855 -0.000501634 -0.00101553 -6.20788e-05 0.0009193 -0.00107342 0.00098896 0.00175825 -0.00065152 0.000902294 -0.000802074 -0.00188817 0.00432844 0.000584033 0.00844156 -0.00706973 -0.00812568 0.000336228 -0.000469416 -0.0108974
internal_weight=282240 149144 142119 141176 137858 51089 86769 133096 85208 72309 31247 26314 48177 25371 20124 10760 81702 52410 47888 41062 47159 26441 2859 20718 2156 4933 4575 9443 8681 858
internal_count=282240 149144 142119 141176 137858 51089 86769 133096 85208 72309 31247 26314 48177 25371 20124 10760 81702 52410 47888 41062 47159 26441 2859 20718 2156 4933 4575 9443 8681 858
is_linear=0
shrinkage=0.05


Tree=82
num_leaves=31
num_cat=0
split_feature=14 8 13 13 2 1 13 13 14 1 14 12 5 7 2 8 6 15 10 13 15 13 1 15 14 13 6 15 14 2
split_gain=51.4771 58.4739 55.2967 47.9849 46.7561 46.4037 47.8478 46.1752 42.6353 40.384 39.689 41.0821 39.4882 39.2919 28.4409 25.6122 38.4651 47.857 25.5386 25.2652 30.7153 23.9091 25.2638 27.9581 23.743 23.0819 22.7834 21.1722 21.1088 20.0447
threshold=128.57000000000002 1.3444242495514274 153.71500000000003 36.692500000000003 1.0000000180025095e-35 4.5000000000000009 5.9910000000000005 0.37100000000000005 13.342500000000003 18.500000000000004 22.853500000000004 1.3787500000000001 1.0000000180025095e-35 0.58379807704208198 4.5000000000000009 1.0218039400862782 1.1174495715782984 6.4225000000000003 -0.92857142857142794 413.92000000000002 337.19400000000002 10.752500000000003 6.5000000000000009 4.541500000000001 1.0000000180025095e-35 81.306000000000012 1.5338750259936362 105.63350000000001 6.1815000000000007 5.5000000000000009
decision_type=2 2 10 8 2 2 10 8 2 2 2 2 2 2 2 2 2 2 2 10 2 8 2 2 2 10 2 2 2 2
left_child=2 3 4 -2 5 24 28 8 -6 12 15 18 -8 -3 -10 25 -17 -18 27 20 26 -20 23 -23 -1 -9 -5 -12 -7 -4
right_child=1 13 29 19 7 6 9 10 14 -11 11 -13 -14 -15 -16 16 17 -19 21 -21 -22 22 -24 -25 -26 -27 -28 -29 -30 -31
leaf_value=0.13600041063161408 -1.0489235230507672 0.21606749769196504 0.89895331140254131 -0.050772416122094557 -0.011989222660408439 0.071905271791852562 0.53624808208241947 0.017404474104052037 -0.36344630522023175 0.016405057081157894 0.013875779653057085 -0.31512960980443183 -0.25867060731172381 -1.4121565252281201 -0.077912625457683321 -0.050779558506538813 0.035631040585445313 -0.018075919504583406 -0.11926120945095615 3.6474259926264936 -2.914656055479472 0.12821897693957207 -0.013912066148167375 -0.14052970113024257 -0.068614183652198915 0.59611145162287194 -1.3515625414279928 0.3782265878990716 0.014652379224114487 3.5579957851517019
leaf_weight=784 1596 466 2921 15871 4231 3591 5901 67441 1609 2856 14961 2160 389 1670 851 11096 5327 7604 5203 487 1320 2910 68299 23701 7398 3087 208 2825 15305 172
leaf_count=784 1596 466 2921 15871 4231 3591 5901 67441 1609 2856 14961 2160 389 1670 851 11096 5327 7604 5203 487 1320 2910 68299 23701 7398 3087 208 2825 15305 172
internal_value=-0.00017184 -0.00251642 2.26382e-05 -0.00165537 -5.7178e-05 0.00160805 0.00257471 -0.000329749 -0.00442012 0.00554341 -0.000202224 -0.000805646 0.00778219 -0.0103699 -0.00965447 0.000563957 -0.000845923 0.00100727 -0.000680455 -0.000914123 -0.00122852 -0.000990631 -0.000809714 -0.00211661 -0.00170496 0.00104427 -0.000626594 0.00106544 0.00113781 0.00666828
internal_weight=282240 21618 260622 19482 257529 36224 28042 221305 6691 9146 214614 120059 6290 2136 2460 94555 24027 12931 117899 17886 17399 100113 94910 26611 8182 70528 16079 17786 18896 3093
internal_count=282240 21618 260622 19482 257529 36224 28042 221305 6691 9146 214614 120059 6290 2136 2460 94555 24027 12931 117899 17886 17399 100113 94910 26611 8182 70528 16079 17786 18896 3093
is_linear=0
shrinkage=0.05


Tree=83
num_leaves=31
num_cat=0
split_feature=10 2 8 13 3 3 3 10 3 3 15 13 13 15 3 10 13 15 6 2 15 2 7 15 0 10 15 15 15 3
split_gain=50.5578 37.4983 50.6178 44.0073 39.3908 34.8255 91.9414 142.222 109.128 56.0104 107.786 52.9879 38.3428 37.5645 33.3553 47.4351 35.5129 31.9614 30.9612 30.6326 46.4906 46.2855 30.554 30.4193 29.3999 28.1772 33.809 28.096 27.2056 28.3708
threshold=0.021428571428571633 3.5000000000000004 0.94354022988476138 153.71500000000003 1.5000000000000002 6.5000000000000009 5.5000000000000009 -1.0000000180025095e-35 4.5000000000000009 9.5000000000000018 44.957500000000003 -1.0000000180025095e-35 80.355000000000004 3.9715000000000003 1.5000000000000002 -2.7999999999999976 93.122500000000016 -1.115 0.5620922805975429 4.5000000000000009 55.405000000000008 5.5000000000000009 1.0000317254658451 66.007500000000007 1.5000000000000002 -0.34285714285714319 55.405000000000008 24.431500000000003 59.645000000000003 8.5000000000000018
decision_type=2 2 2 10 2 2 2 2 2 2 2 10 8 2 2 2 10 2 2 2 2 2 2 2 2 2 2 2 2 2
left_child=1 2 4 5 27 6 8 -8 17 11 13 28 -12 -11 15 16 -3 -4 -2 -17 -21 -22 -19 -5 -6 -10 -27 -1 29 -7
right_child=18 14 3 23 24 9 7 -9 25 10 12 -13 -14 -15 -16 19 -18 22 -20 20 21 -23 -24 -25 -26 26 -28 -29 -30 -31
leaf_value=0.16004562057225624 0.044102832064999022 0.85376510003452 0.92214256043962473 2.1212233390932713 0.016149780418885994 -0.097366409712211693 -0.064343198676094712 0.44736832194073994 0.026697931294520579 -0.0081084528422478378 -0.32430059148071849 0.0025879351722736922 -0.05746518585756491 0.28187443427777109 -0.022937887629050004 0.43828424202223604 -0.13696045502238086 0.10028435188220426 -0.035392367727084074 0.28891587797528012 0.03808174499671773 -0.83355650671378523 -0.11151940968090104 0.50930961901752314 0.30847912164904145 -0.33618425761823384 -0.16217425947584033 2.679768057938686 -0.036022036460279239 -0.22397616074603144
leaf_weight=374 11018 1271 264 826 9540 7593 2347 6323 1516 2932 3418 11257 7782 8135 83390 2012 333 29778 58736 2128 946 942 2484 2164 10282 3925 3368 552 3486 3118
leaf_count=374 11018 1271 264 826 9540 7593 2347 6323 1516 2932 3418 11257 7782 8135 83390 2012 333 29778 58736 2128 946 942 2484 2164 10282 3925 3368 552 3486 3118
internal_value=-0.000165993 0.000217426 0.000792416 0.000329143 0.00304126 0.000146327 0.00106839 0.00574971 8.64884e-05 -0.00081987 0.00101159 -0.00242202 -0.00244643 0.00451116 -0.000549867 0.00261399 0.0102556 0.00142348 -0.00133397 0.000580624 -0.00194223 -0.0076536 0.00128169 0.00630435 0.00257038 -0.00485015 -0.00613945 0.013121 -0.00445341 -0.00570208
internal_weight=282240 212486 121464 100716 20748 97726 50005 8670 41335 47721 22267 25454 11200 11067 91022 7632 1604 32526 69754 6028 4016 1888 32262 2990 19822 8809 7293 926 14197 10711
internal_count=282240 212486 121464 100716 20748 97726 50005 8670 41335 47721 22267 25454 11200 11067 91022 7632 1604 32526 69754 6028 4016 1888 32262 2990 19822 8809 7293 926 14197 10711
is_linear=0
shrinkage=0.05


Tree=84
num_leaves=31
num_cat=0
split_feature=16 7 10 3 3 16 8 14 14 10 2 10 2 8 8 0 7 2 8 3 15 7 1 15 2 7 8 0 10 7
split_gain=56.6099 58.6787 46.3918 44.8925 50.4778 38.3301 37.034 35.5215 35.2877 34.7318 36.7888 54.5614 40.0039 44.9281 41.972 33.7142 46.9902 37.3774 36.1534 38.7294 30.2199 39.8209 28.858 28.6248 26.0955 25.786 25.6496 41.0021 31.3213 27.6183
threshold=57.918500000000002 1.6797758773251035 4.7571428571428598 10.500000000000002 1.5000000000000002 262.24450000000007 1.808390484862757 -0.72899999999999987 256.86350000000004 -1.628571428571427 4.5000000000000009 0.28571428571428742 2.5000000000000004 0.99423265811021311 1.0168306545709338 1.5000000000000002 1.1424940957926981 3.5000000000000004 1.2805131507803129 2.5000000000000004 17.575000000000003 1.0400937563224588 5.5000000000000009 111.69250000000001 1.0000000180025095e-35 0.64227727203275486 0.62732434975521556 2.5000000000000004 3.2154761904761888 0.60796537432392295
decision_type=2 2 2 2 2 2 2 2 2 2 2 2 2 2 2 2 2 2 2 2 2 2 2 2 2 2 2 2 2 2
left_child=3 2 5 4 9 6 15 20 -7 -1 12 -12 13 -11 -14 16 -2 18 22 -20 -6 -22 -17 -10 -24 -16 27 28 29 -9
right_child=1 -3 -4 -5 7 8 -8 26 23 10 11 -13 14 -15 25 17 -18 -19 19 -21 21 -23 24 -25 -26 -27 -28 -29 -30 -31
leaf_value=0.79782560792933188 -0.10448788697639558 -0.52808031696115276 -0.57875983226150063 0.056927317760220669 0.014636790397784051 -3.4008716795568632 -0.70549798846066969 0.35324426306014578 -6.623010769358058 0.83252453328707332 0.23225266723399615 -0.181473994935204 1.1497606674657657 -0.060567331352093204 1.1365950639195728 -0.11488314201041967 -0.50440095345697455 -0.13698621435006891 0.21934329606941613 -0.46716762715251137 0.31065454223890954 -0.12225556163577984 0.41525103811974751 -0.98738587353481688 0.10531283054407317 -0.0031434842447410128 -0.012787372439759487 0.57502068004500984 -0.11114336394780189 -0.002682485366713365
leaf_weight=2160 23496 2070 1206 26474 5124 322 554 2720 302 820 1794 974 1430 3444 136 6054 1530 18720 1232 2500 1630 342 7224 2636 21528 1214 133564 2192 1568 7280
leaf_count=2160 23496 2070 1206 26474 5124 322 554 2720 302 820 1794 974 1430 3444 136 6054 1530 18720 1232 2500 1630 342 7224 2636 21528 1214 133564 2192 1568 7280
internal_value=-0.000156427 -0.00119666 -0.000999381 0.000325615 2.13352e-05 -0.00086297 -0.000653686 -0.00022115 -0.00618098 0.00314901 0.00188545 -0.00299855 0.00380466 0.000762195 0.00847122 -0.000566939 -0.00209782 0.000102169 0.000992527 -0.00368435 0.00323422 0.00849391 0.001494 -0.00445882 0.00215463 0.00214815 -0.000387581 0.00166788 0.000479772 0.00151
internal_weight=282240 89374 87304 192866 166392 86098 82838 154420 3260 11972 9812 2768 7044 4264 2780 82284 25026 57258 38538 3732 7096 1972 34806 2938 28752 1350 147324 13760 11568 10000
internal_count=282240 89374 87304 192866 166392 86098 82838 154420 3260 11972 9812 2768 7044 4264 2780 82284 25026 57258 38538 3732 7096 1972 34806 2938 28752 1350 147324 13760 11568 10000
is_linear=0
shrinkage=0.05


Tree=85
num_leaves=31
num_cat=0
split_feature=16 13 8 3 3 7 8 13 3 8 0 6 2 1 3 7 3 3 7 5 14 10 16 7 3 8 13 14 8 1
split_gain=52.425 66.9483 50.9608 43.8434 49.7138 49.483 62.3812 46.0423 39.4316 34.8576 58.3136 59.4358 35.668 42.4219 38.0106 115.615 54.7829 62.358 191.018 68.8244 57.9489 72.1145 46.5035 43.4553 52.7416 42.5264 39.7122 39.4179 36.2379 35.4573
threshold=72.309250000000006 13.435 1.5114310184483901 1.5000000000000002 10.500000000000002 0.84575078404674009 1.7566616291275821 104.68500000000002 7.5000000000000009 1.3619635274314958 1.5000000000000002 1.195083555766272 3.5000000000000004 15.500000000000002 6.5000000000000009 1.0000317254658451 5.5000000000000009 4.5000000000000009 0.99897078088854441 1.0000000180025095e-35 33.422500000000007 1.4928571428571387 5.518250000000001 1.020656417516453 8.5000000000000018 1.0714778440547319 12.722500000000002 -0.15899999999999997 1.0850436840020319 9.5000000000000018
decision_type=2 8 2 2 2 2 2 10 2 2 2 2 2 2 2 2 2 2 2 2 2 2 2 2 2 2 10 2 2 2
left_child=3 8 -3 5 9 6 -1 -6 -2 12 11 -11 14 29 15 16 17 20 19 -19 21 -5 -20 25 -25 26 27 -16 -18 -14
right_child=1 2 -4 4 7 -7 -8 -9 -10 10 -12 -13 13 -15 23 -17 28 18 22 -21 -22 -23 -24 24 -26 -27 -28 -29 -30 -31
leaf_value=0.7025577972788043 -0.17331396818193598 -0.063564406746096785 -0.51622066616169071 0.57514749415253541 0.038204972880861443 0.087127719656539412 -0.46129390152913746 1.0917565841272074 -0.88117324961983456 -0.055353857488190973 -0.12881787588226215 0.030216691919128 -0.016234306639464791 0.019822749849088262 0.10792055932850131 -0.053458224186300508 0.35755392311529555 1.3265372524150789 0.098381809744046006 -0.17413798426344193 0.043439283261330446 -0.16633992811844781 -0.34913506246190718 0.15535823179063477 -0.015502614680785643 0.21406847095878934 0.022125545897475053 -0.090598563758402348 -0.11827428156204794 -0.075379688044402537
leaf_weight=2298 1651 59996 2821 7680 28344 12528 162 1662 1654 3352 4810 3078 31664 23496 1313 8930 7060 1620 428 228 11432 1146 5218 3128 3796 1936 9708 21639 548 18914
leaf_count=2298 1651 59996 2821 7680 28344 12528 162 1662 1654 3352 4810 3078 31664 23496 1313 8930 7060 1620 428 228 11432 1146 5218 3128 3796 1936 9708 21639 548 18914
internal_value=-0.000160147 -0.00139212 -0.00102719 0.00021678 2.23736e-05 0.00282559 0.00930894 0.00189962 -0.00832829 -0.000306795 -0.00299822 0.000116641 -0.000117585 -0.000921376 0.000576273 0.00159517 0.00287896 0.00184852 -0.00204831 0.0119048 0.00329006 0.00633356 -0.0066153 -0.000510597 0.00310514 -0.00123425 -0.00166105 -0.00279496 0.00663775 -0.00173692
internal_weight=282240 66122 62817 216118 201130 14988 2460 30006 3305 171124 11240 6430 159884 74074 85810 44290 35360 27752 7494 1848 20258 8826 5646 41520 6924 34596 32660 22952 7608 50578
internal_count=282240 66122 62817 216118 201130 14988 2460 30006 3305 171124 11240 6430 159884 74074 85810 44290 35360 27752 7494 1848 20258 8826 5646 41520 6924 34596 32660 22952 7608 50578
is_linear=0
shrinkage=0.05


Tree=86
num_leaves=31
num_cat=0
split_feature=5 14 13 13 14 8 1 2 1 1 7 0 3 2 14 15 13 13 3 15 13 15 7 3 10 13 13 2 14 2
split_gain=51.8287 49.3752 62.9222 42.426 50.5206 49.5966 46.6881 54.687 72.8938 63.8773 55.4466 45.2631 61.5532 56.862 47.8665 46.2547 45.073 43.6155 42.3867 42.0405 41.0795 39.9435 64.7797 38.2101 36.7588 36.0623 30.8979 28.0647 33.7537 29.2232
threshold=1.0000000180025095e-35 3.6815000000000002 -1.0000000180025095e-35 142.40150000000003 133.79850000000002 1.0656205147787101 5.5000000000000009 4.5000000000000009 20.500000000000004 15.500000000000002 0.64735137188752534 1.5000000000000002 1.5000000000000002 1.0000000180025095e-35 107.40150000000001 90.711500000000015 100.79000000000001 37.165000000000006 10.500000000000002 -2.0949999999999993 33.811000000000007 23.678500000000003 1.0564848700531038 1.5000000000000002 -0.89999999999999969 1.2275000000000003 26.362500000000001 4.5000000000000009 59.45150000000001 5.5000000000000009
decision_type=2 2 8 10 2 2 2 2 2 2 2 2 2 2 2 2 8 8 2 2 10 2 2 2 2 10 10 2 2 2
left_child=1 26 -3 4 6 17 19 8 10 20 23 14 15 25 21 -13 -15 -6 -11 -4 -9 -12 -23 -8 -7 -14 -1 28 -5 -29
right_child=-2 2 3 27 5 24 7 9 -10 18 11 12 13 16 -16 -17 -18 -19 -20 -21 -22 22 -24 -25 -26 -27 -28 29 -30 -31
leaf_value=0.013960094083357123 -0.092942379876312362 -0.10669699506867332 0.26403986438062937 1.3700301247866371 -1.0254652189713305 -0.18049876279648808 1.3269194780947975 -0.053669031429612546 -0.067773912784020743 -0.0036861431196598682 0.044507482990673621 1.1411055908388281 0.19264723438385184 -0.059901554024297893 -0.53507608564334852 0.10756909393338475 0.16762499652348062 -0.080671476370463333 0.20042488707653439 -0.050589176699723827 -0.32829667342734942 -0.00049676311163420199 -0.14308209595911689 0.35918153567518724 -1.1535646756244233 0.69238137962230517 0.32295707029782683 -0.93695348735843997 0.40282415348894329 0.70173932051237675
leaf_weight=34979 12280 4073 539 1233 1247 1367 627 16336 19061 17253 17863 2043 4109 11544 1679 1016 17963 10712 2917 50311 5063 21073 2994 7316 1905 3049 5123 1013 5017 535
leaf_count=34979 12280 4073 539 1233 1247 1367 627 16336 19061 17253 17863 2043 4109 11544 1679 1016 17963 10712 2917 50311 5063 21073 2994 7316 1905 3049 5123 1013 5017 535
internal_value=-0.00015377 -9.26063e-06 -0.000291702 -0.000180592 -0.000310225 -0.00308745 -0.0001016 0.00033738 0.000919682 -0.00120823 0.00150697 0.0011265 0.00234745 0.00177894 1.43319e-05 0.00916149 0.00080913 -0.00159503 0.00081061 -0.00141298 -0.00311113 0.000345814 -0.000983712 0.00549855 -0.00854218 0.00577675 0.00160965 0.00344319 0.004936 -0.00258398
internal_weight=282240 269960 229858 225785 217987 15231 202756 151906 110337 41569 91276 83333 39724 36665 43609 3059 29507 11959 20170 50850 21399 41930 24067 7943 3272 7158 40102 7798 6250 1548
internal_count=282240 269960 229858 225785 217987 15231 202756 151906 110337 41569 91276 83333 39724 36665 43609 3059 29507 11959 20170 50850 21399 41930 24067 7943 3272 7158 40102 7798 6250 1548
is_linear=0
shrinkage=0.05


Tree=87
num_leaves=31
num_cat=0
split_feature=16 8 13 10 3 15 16 13 7 14 13 10 0 14 3 13 15 15 15 7 13 10 15 7 13 10 14 10 13 3
split_gain=50.643 70.2283 61.3915 45.5754 37.7089 40.0874 37.5253 42.8313 36.6405 34.7547 34.8808 32.9327 32.576 28.11 30.1759 55.8195 27.4059 30.6332 27.3913 34.7057 31.1857 24.5785 24.5565 30.6868 24.0871 34.8871 26.6215 23.5595 22.8437 50.6195
threshold=46.095900000000007 1.808390484862757 2.9010000000000002 4.7571428571428598 10.500000000000002 90.711500000000015 262.24450000000007 194.76050000000004 1.6174785852148708 256.86350000000004 69.784500000000023 -0.95714285714285685 1.5000000000000002 -0.72899999999999987 1.5000000000000002 24.612500000000001 25.712500000000002 61.545000000000009 17.575000000000003 1.0400937563224588 14.975000000000003 2.0071428571428593 0.041500000000000002 1.0520539439741829 102.02250000000002 0.67142857142857226 2.4510000000000005 -3.7535714285714294 52.027500000000011 1.5000000000000002
decision_type=2 2 8 2 2 2 2 10 2 2 8 2 2 2 2 8 2 2 2 2 8 2 2 2 10 2 2 2 10 2
left_child=4 2 -2 6 13 22 7 8 11 -8 -11 28 -5 18 15 -15 -17 -18 20 -20 -1 27 23 -6 26 -26 -24 -7 29 -4
right_child=1 -3 3 12 5 21 9 -9 -10 10 -12 -13 -14 14 -16 16 17 -19 19 -21 -22 -23 24 -25 25 -27 -28 -29 -30 -31
leaf_value=0.056025660288441338 -0.36762131040457008 -0.56591922771021963 0.6274064821329115 -0.59373396185047855 0.704845242457528 -0.49026914304740715 -3.2236163014231907 1.1465736045425772 -0.2904209808216493 -6.5390353976855753 -0.97392805032872554 -0.055044117606015644 -0.19002835375379307 -0.10293295772477401 -0.0052653389176114734 0.058632912108076023 0.73668498527700033 0.18325298289219083 0.29036644831629899 -0.10283958759919734 -0.02749750488391103 -0.15787520116730316 0.099999825569980605 -0.0016850374376387923 1.1044843944357574 -0.93403518854451029 0.00010882441735855509 1.0996471816905213 -0.045286546747697012 0.12832029049684154
leaf_weight=2096 2849 914 1520 636 950 76 322 2512 2869 209 2715 82427 843 1906 129624 3791 2377 1642 1638 350 3062 274 2469 728 871 117 16155 1598 5778 8922
leaf_count=2096 2849 914 1520 636 950 76 322 2512 2869 209 2715 82427 843 1906 129624 3791 2377 1642 1638 350 3062 274 2469 728 871 117 16155 1598 5778 8922
internal_value=-0.000144381 -0.000966974 -0.000853927 -0.00066412 0.000400945 0.00227214 -0.000543934 -0.000378744 -0.000538339 -0.00583795 -0.00412107 -0.000376342 -0.00938134 0.000104106 -5.27487e-05 0.00263483 0.00450704 0.00738368 0.00316261 0.00814889 0.00124079 0.00913758 0.00164396 0.00744934 0.00114726 0.00875506 0.000743664 0.0114098 0.00168311 0.00307891
internal_weight=282240 112516 111602 108753 169724 23238 107274 104028 101516 3246 2924 98647 1479 146486 139340 9716 7810 4019 7146 1988 5158 1948 21290 1678 19612 988 18624 1674 16220 10442
internal_count=282240 112516 111602 108753 169724 23238 107274 104028 101516 3246 2924 98647 1479 146486 139340 9716 7810 4019 7146 1988 5158 1948 21290 1678 19612 988 18624 1674 16220 10442
is_linear=0
shrinkage=0.05


Tree=88
num_leaves=31
num_cat=0
split_feature=5 14 15 13 8 13 3 16 13 3 13 8 7 3 3 1 8 4 0 10 7 3 8 14 15 3 3 16 6 15
split_gain=48.7566 42.1686 52.8572 66.4615 52.0443 43.9624 41.1741 42.9319 50.7475 41.2131 48.5394 45.0471 40.2475 33.4949 32.6919 45.8875 40.2383 32.0884 30.4448 29.7743 29.6503 29.2653 57.0128 35.6384 28.6479 28.0182 27.7059 58.9007 58.5591 56.1521
threshold=1.0000000180025095e-35 128.57000000000002 119.13600000000001 96.305000000000021 1.2805131507803129 19.015000000000004 10.500000000000002 28.370425000000001 0.56900000000000006 11.500000000000002 149.85000000000002 1.6917612474432648 1.4061289584198742 6.5000000000000009 6.5000000000000009 5.5000000000000009 0.6221889266783992 1.0000000180025095e-35 2.5000000000000004 4.2285714285714313 0.47925795019421197 7.5000000000000009 0.99857713534972048 36.33100000000001 113.11250000000001 8.5000000000000018 8.5000000000000018 3.6497500000000005 1.1788083778716205 18.611500000000003
decision_type=2 2 2 8 2 8 2 2 8 2 10 2 2 2 2 2 2 2 2 2 2 2 2 2 2 2 2 2 2 2
left_child=1 2 6 -4 5 25 7 26 -9 10 11 -8 14 -6 18 16 -16 21 19 -10 -5 23 -23 -17 -2 -3 -1 -28 -29 -30
right_child=24 4 3 20 13 -7 9 8 12 -11 -12 -13 -14 -15 15 17 -18 -19 -20 -21 -22 22 -24 -25 -26 -27 27 28 29 -31
leaf_value=0.017365064908022216 -0.057503395245405847 0.04770131267467051 -0.13088588502761961 1.3917727912390008 -0.27300196059744514 -0.091768617946287642 0.14521051555781256 -0.35727167853578906 -0.022589344599217933 -0.014722875886023591 2.7014479073233377 -0.13021600894675461 -0.14709748216536297 -1.5273919332887158 0.15274736714083081 0.036662909093630215 -0.4644549932670603 -0.30473929048220083 0.11612383998958586 -0.34204422903915621 0.49213118386571397 0.5151959525974722 -0.048610651591191711 -0.18573656047750903 -0.66219104464259682 -1.791255894298299 0.027816446557040478 -0.080314303481112792 0.058552287013857188 -0.048591739280028912
leaf_weight=73646 10568 250 4428 757 1390 17816 17754 2069 46349 12264 641 693 6456 1066 920 2260 4524 3382 18154 982 9999 3206 7451 4025 1712 488 7418 17606 2532 1434
leaf_count=73646 10568 250 4428 757 1390 17816 17754 2069 46349 12264 641 693 6456 1066 920 2260 4524 3382 18154 982 9999 3206 7451 4025 1712 488 7418 17606 2532 1434
internal_value=-0.000147569 -7.4085e-06 0.000174131 0.0030328 -0.0021585 -0.0012531 -1.155e-05 -0.000272708 -0.00101124 0.00167453 0.00312762 0.00265761 -0.000847158 -0.00899837 -0.000577241 -0.00208592 -0.00616275 -0.000993899 1.6416e-05 -0.000651264 0.00515526 -0.000106245 0.00148963 -0.00281225 -0.00322883 -0.0132114 0.000445263 -0.000864091 -0.0021857 0.00330308
internal_weight=282240 269960 248950 15184 21010 18554 233766 202414 99778 31352 19088 18447 97709 2456 91253 25768 5444 20324 65485 47331 10756 16942 10657 6285 12280 738 102636 28990 21572 3966
internal_count=282240 269960 248950 15184 21010 18554 233766 202414 99778 31352 19088 18447 97709 2456 91253 25768 5444 20324 65485 47331 10756 16942 10657 6285 12280 738 102636 28990 21572 3966
is_linear=0
shrinkage=0.05


Tree=89
num_leaves=31
num_cat=0
split_feature=16 8 13 2 10 2 13 1 6 15 0 12 8 7 16 13 13 7 7 2 0 16 14 13 0 7 0 13 14 1
split_gain=46.629 58.2002 47.0545 33.1528 32.4242 32.1901 41.7374 38.4641 32.0468 67.6427 52.325 44.9322 40.152 32.4141 43.0121 30.9604 30.0525 28.0117 26.8696 26.4428 26.2219 26.0482 36.9903 30.5271 28.4933 44.0585 25.7822 25.4053 25.263 24.7985
threshold=72.309250000000006 1.5114310184483901 18.681500000000003 1.0000000180025095e-35 0.021428571428571633 4.5000000000000009 79.719000000000008 16.500000000000004 1.3647559385888377 18.952500000000004 1.5000000000000002 0.72625000000000017 1.2213280523756953 0.68878972166184183 15.565150000000001 31.145000000000003 43.955000000000005 1.7785225864191649 0.52406445709415383 5.5000000000000009 1.0000000180025095e-35 262.24450000000007 256.86350000000004 194.76050000000004 1.5000000000000002 1.147600808566591 2.5000000000000004 69.784500000000023 -1.9789999999999999 6.5000000000000009
decision_type=2 2 8 2 2 2 10 2 2 2 2 2 2 2 2 10 8 2 2 2 2 2 2 10 2 2 2 8 2 2
left_child=4 2 3 -2 5 6 18 -7 10 20 11 13 17 15 16 -6 -15 -12 -1 -9 -10 23 -23 24 25 -4 28 -24 -20 -26
right_child=1 -3 21 -5 8 7 -8 19 9 -11 12 -13 -14 14 -16 -17 -18 -19 26 -21 -22 22 27 -25 29 -27 -28 -29 -30 -31
leaf_value=0.4754328020278844 0.070735944820454935 -0.47784017105643495 -0.1491999961140727 -0.57733616712396485 -0.067765535049691211 -0.027519690210190986 0.42337634960006876 -0.0093165807877641071 0.052620641880119869 -0.040627406478025069 0.094924048372583503 0.024384172762237317 -0.15546198471538933 -0.0036860959036784102 -0.26848438066315394 0.60429472467128997 -0.10179984654011501 -0.4825711149872165 0.11342470804973939 0.13382609862144676 0.016299569071335042 -3.057847055454717 -5.9745694894916035 1.0276786323834948 -0.18042376496163193 -0.74916094876222061 0.12238160293052247 -0.67149388000368904 0.0046712584609611141 0.059901499442684886
leaf_weight=2894 1206 3106 13384 2503 3927 38006 7576 7164 3280 6702 14454 4816 2254 4213 4822 731 4949 470 1218 6998 5118 322 149 2293 7814 907 17066 2669 79460 31769
leaf_count=2894 1206 3106 13384 2503 3927 38006 7576 7164 3280 6702 14454 4816 2254 4213 4822 731 4949 470 1218 6998 5118 322 149 2293 7814 907 17066 2669 79460 31769
internal_value=-0.000141015 -0.00130289 -0.000973562 -0.00643705 0.000214466 0.000575501 0.00106733 -0.000444717 -0.000824422 0.00114238 -0.00155527 -0.00309063 0.00054139 -0.00420288 -0.00540618 -0.000590382 -0.00339446 0.00148084 0.000797909 0.00177941 0.00413194 -0.000631882 -0.00506369 -0.000384122 -0.000624606 -0.00253831 0.000657329 -0.00322924 0.000283844 6.63163e-05
internal_weight=282240 66122 63016 3709 216118 160382 108214 52168 55736 15100 40636 23458 17178 18642 13984 4658 9162 14924 100638 14162 8398 59307 3140 56167 53874 14291 97744 2818 80678 39583
internal_count=282240 66122 63016 3709 216118 160382 108214 52168 55736 15100 40636 23458 17178 18642 13984 4658 9162 14924 100638 14162 8398 59307 3140 56167 53874 14291 97744 2818 80678 39583
is_linear=0
shrinkage=0.05


Tree=90
num_leaves=31
num_cat=0
split_feature=16 8 7 13 2 15 2 13 2 2 13 10 6 15 0 12 5 7 2 0 6 16 7 13 16 14 14 15 13 8
split_gain=43.8569 57.2247 40.9545 36.7137 36.3993 36.3011 35.7381 30.4273 31.5569 31.7908 28.2665 28.9187 33.8244 64.4683 47.0344 41.5185 34.2141 29.583 26.8398 26.674 26.4295 32.6132 31.0379 24.7437 29.7931 28.7733 24.6986 42.9907 30.782 25.2115
threshold=80.671225000000007 1.4581312055964626 0.5794729495781602 29.701500000000003 4.5000000000000009 179.04650000000001 5.5000000000000009 112.08250000000001 4.5000000000000009 5.5000000000000009 -2.3734999999999995 0.021428571428571633 1.3647559385888377 18.952500000000004 1.5000000000000002 0.72625000000000017 1.0000000180025095e-35 1.7785225864191649 1.0000000180025095e-35 1.5000000000000002 0.50160734524220596 13.635250000000001 0.9395319037303026 413.92000000000002 262.24450000000007 256.86350000000004 -0.99899999999999989 16.531000000000002 14.975000000000003 0.65409798923377005
decision_type=2 2 2 8 2 2 2 10 2 2 8 2 2 2 2 2 2 2 2 2 2 2 2 10 2 2 2 2 8 2
left_child=7 3 4 5 -3 18 -4 10 -9 -10 -1 26 14 19 15 20 17 -16 -2 -14 -13 -22 -23 24 -5 -26 27 28 -12 -28
right_child=1 2 6 23 -6 -7 -8 8 9 -11 11 12 13 -15 16 -17 -18 -19 -20 -21 21 22 -24 -25 25 -27 29 -29 -30 -31
leaf_value=-0.097351425367775163 0.31385166836072964 0.32704404463996389 -0.76451475899675614 -0.033490456543610846 -1.4671461092526838 -1.5353239515164958 0.56396824943681734 0.72337977919579122 -0.3793188957280898 1.34335392113392 0.065943900844681921 0.00031734985443856447 0.038751202847644356 -0.038882248150490663 0.0599811934364535 0.02147333613883742 -0.38608299191471845 -0.3660735911426895 -0.41807470927822482 -0.022338349612769516 -0.040175110897091477 -0.19919949952927005 -0.24876610035177327 3.4933431560901753 -2.801498282991854 -1.3729600124810901 0.11615317686234999 0.26065003619360699 -0.046051461672021482 0.0050310961259807333
leaf_weight=1592 1187 574 2554 44045 100 469 164 4217 1281 374 1513 3202 6619 7014 16208 4807 844 667 2775 1758 9266 3078 3114 502 304 2490 10686 1600 2376 146860
leaf_count=1592 1187 574 2554 44045 100 469 164 4217 1281 374 1513 3202 6619 7014 16208 4807 844 667 2775 1758 9266 3078 3114 502 304 2490 10686 1600 2376 146860
internal_value=-0.000138535 -0.00140309 -0.00769458 -0.000990883 0.00333828 -0.00534304 -0.0104305 0.000168666 0.00372105 -0.00212991 7.43657e-05 0.000122489 -0.000851494 0.0011484 -0.00159884 -0.00306707 0.000345674 0.000837037 -0.00378597 0.00410947 -0.00413451 -0.00499094 -0.00780039 -0.000583532 -0.000701872 -0.00570866 0.000460484 0.00375752 0.000919259 0.000345613
internal_weight=282240 55164 3392 51772 674 4431 2718 227076 5872 1655 221204 219612 56577 15391 41186 23467 17719 16875 3962 8377 18660 15458 6192 47341 46839 2794 163035 5489 3889 157546
internal_count=282240 55164 3392 51772 674 4431 2718 227076 5872 1655 221204 219612 56577 15391 41186 23467 17719 16875 3962 8377 18660 15458 6192 47341 46839 2794 163035 5489 3889 157546
is_linear=0
shrinkage=0.05


Tree=91
num_leaves=31
num_cat=0
split_feature=10 8 14 15 13 7 13 2 10 0 2 13 14 3 1 7 0 14 6 15 15 0 0 6 12 3 8 15 13 14
split_gain=40.1737 41.4419 44.0901 48.5071 46.1919 42.3931 38.0613 37.131 37.0891 33.8992 32.4368 45.1557 39.0592 45.3372 42.3285 47.2317 44.5171 57.0931 36.2252 34.1104 32.1876 31.505 31.3068 29.6369 29.0991 28.3439 27.7096 31.7963 26.6108 26.3187
threshold=4.2285714285714313 1.6529810848379254 3.6815000000000002 16.931500000000003 -1.0000000180025095e-35 1.502739726016894 26.362500000000001 1.5000000000000002 -4.0178571428571397 1.5000000000000002 3.5000000000000004 142.40150000000003 212.04000000000005 10.500000000000002 5.5000000000000009 0.90807413136623338 2.5000000000000004 108.91250000000001 1.3589213340883917 145.03250000000003 4.7010000000000014 1.0000000180025095e-35 1.5000000000000002 1.334151823421023 1.1312500000000003 1.5000000000000002 1.0168306545709338 190.16000000000003 -6.004999999999999 14.941000000000001
decision_type=2 2 2 2 8 2 8 2 2 2 2 10 2 2 2 2 2 2 2 2 2 2 2 2 2 2 2 2 10 2
left_child=1 2 3 8 -4 6 7 -5 -1 23 11 12 14 -14 19 20 17 -17 24 -6 -16 -20 -19 -3 -12 -22 27 -15 -10 -27
right_child=-2 9 4 5 10 -7 -8 -9 28 -11 18 -13 13 26 15 16 -18 22 21 -21 25 -23 -24 -25 -26 29 -28 -29 -30 -31
leaf_value=0.29243445284324526 -0.04628990631528658 -0.058400596958493062 -0.10001133783971444 0.18287132550877622 -0.034233138187518976 -0.084584854945093893 0.31396371640928789 -0.046847384133276257 -0.025315415643423191 -0.16423195802054835 -0.036580047335449707 0.6551354219755684 -3.0984389759035071 3.226567664100275 -0.12419257821252394 0.0044785361620643836 0.19164074134621778 -0.76764275040333707 0.080038454979534601 -1.6338066262639452 0.93409286635969879 0.012976426042498563 -0.19544387128528984 0.03787291429009141 -0.17722320437400008 0.5197357600313951 -4.539034830846119 -1.0047438190807536 0.015231504198107171 0.1607890613479043
leaf_weight=1328 10650 2020 3886 1222 29134 870 9212 2534 12124 3548 81771 4870 1101 584 2509 48515 18319 2589 1641 532 1277 5426 3176 1270 2219 3273 115 1240 11898 13387
leaf_count=1328 10650 2020 3886 1222 29134 870 9212 2534 12124 3548 81771 4870 1101 584 2509 48515 18319 2589 1641 532 1277 5426 3176 1270 2219 3273 115 1240 11898 13387
internal_value=-0.000128437 -1.03097e-05 8.89512e-05 0.00163698 -0.000179993 0.00401792 0.00473473 0.000492545 0.000337278 -0.00385347 -8.52588e-05 0.000419726 0.000236777 -0.00536184 0.000375476 0.000899833 0.000302001 -0.000417281 -0.000809658 -0.00126913 0.0030226 0.00262841 -0.00512142 -0.000197568 -0.00109894 0.00376456 -0.000760701 0.000740132 -0.000112397 0.00321429
internal_weight=282240 271590 264752 39188 225564 13838 12968 3756 25350 6838 221678 130621 125751 3040 122711 93045 72599 54280 91057 29666 20446 7067 5765 3290 83990 17937 1939 1824 24022 16660
internal_count=282240 271590 264752 39188 225564 13838 12968 3756 25350 6838 221678 130621 125751 3040 122711 93045 72599 54280 91057 29666 20446 7067 5765 3290 83990 17937 1939 1824 24022 16660
is_linear=0
shrinkage=0.05


Tree=92
num_leaves=31
num_cat=0
split_feature=16 8 13 10 2 13 14 1 3 13 3 13 10 8 7 7 12 1 3 14 16 13 14 2 1 13 2 10 8 2
split_gain=42.4386 49.9923 42.6036 43.2184 30.6462 35.958 40.2658 30.8601 29.8085 43.8854 34.7252 30.4583 34.2664 29.6673 32.8508 28.5236 26.885 39.9217 26.2009 25.7649 25.262 32.3504 27.7327 24.7178 29.058 24.5277 23.8634 48.5362 34.8095 30.9758
threshold=57.918500000000002 1.808390484862757 0.37100000000000005 4.7571428571428598 1.0000000180025095e-35 102.02250000000002 159.86750000000004 20.500000000000004 1.5000000000000002 28.627500000000001 10.500000000000002 102.02250000000002 0.41428571428571509 1.6917612474432648 0.84575078404674009 0.99423855431007591 0.87375000000000014 16.500000000000004 5.5000000000000009 -0.72899999999999987 262.24450000000007 316.99500000000006 256.86350000000004 1.5000000000000002 7.5000000000000009 59.228500000000004 2.5000000000000004 0.28571428571428742 0.99857713534972048 5.5000000000000009
decision_type=2 2 8 2 2 10 2 2 2 8 2 10 2 2 2 2 2 2 2 2 2 8 2 2 2 10 2 2 2 2
left_child=8 2 -2 4 5 6 7 15 9 -1 19 23 -13 14 -11 -4 20 18 -18 -10 -6 -22 -23 -12 25 -25 28 29 -16 -28
right_child=1 -3 3 -5 16 -7 -8 -9 10 13 11 12 -14 -15 26 -17 17 -19 -20 -21 21 22 -24 24 -26 -27 27 -29 -30 -31
leaf_value=-0.08427563260848428 -0.53123381539171077 -0.57047009758261102 0.45139044757924202 -0.50128615091202988 -0.053534926361241741 1.1195467075964574 -1.1205883749069141 -0.30364760080122211 0.035679138172782121 0.91093217205396815 0.097649311653419127 1.1324152471864182 -0.59166001049954997 -0.10604093088119762 1.3415852705169471 0.074459198962323378 -0.89015042143374501 0.26675861469984702 -0.21650804548397373 -0.0063276070305789134 -3.2476839422915607 -3.5627104829931469 0.10103785505761778 -0.055162096077462586 0.052528477212485748 0.5779338089738929 0.97417889489770038 -0.10210743622930006 -0.14300005618782716 0.33712599276428112
leaf_weight=2351 991 722 2957 1285 67014 1131 1754 1391 7096 1548 6031 1261 221 874 559 6933 852 609 999 147324 945 149 1642 6788 11591 582 2166 1177 2189 1108
leaf_count=2351 991 722 2957 1285 67014 1131 1754 1391 7096 1548 6031 1261 221 874 559 6933 852 609 999 147324 945 149 1642 6788 11591 582 2166 1177 2189 1108
internal_value=-0.000123122 -0.00102379 -0.000917069 -0.000800527 -0.000665115 0.00146125 0.000719217 0.001815 0.000294246 0.00271049 0.000134333 0.00180743 0.00877193 0.00420694 0.0050846 0.00279575 -0.00108226 -0.00621951 -0.00987304 -0.000152506 -0.000901075 -0.00561038 -0.00166108 0.00139445 0.000507621 -0.00194708 0.0036637 0.00592563 0 0.0090562
internal_weight=282240 89374 88652 87661 86376 14166 13035 11281 192866 11972 180894 26474 1482 9621 8747 9890 72210 2460 1851 154420 69750 2736 1791 24992 18961 7370 7199 4451 2748 3274
internal_count=282240 89374 88652 87661 86376 14166 13035 11281 192866 11972 180894 26474 1482 9621 8747 9890 72210 2460 1851 154420 69750 2736 1791 24992 18961 7370 7199 4451 2748 3274
is_linear=0
shrinkage=0.05


Tree=93
num_leaves=31
num_cat=0
split_feature=5 2 13 16 13 8 3 14 8 15 14 15 13 3 13 6 15 8 10 2 10 14 13 3 13 14 15 16 3 8
split_gain=42.8049 36.9642 60.3464 43.4583 51.481 35.7159 35.1194 51.1278 38.4768 38.0288 34.4065 31.316 38.0661 33.4506 34.4662 30.2761 40.5372 40.3893 29.2787 53.5611 46.1964 28.9121 28.7184 31.5452 51.4338 36.96 33.1533 28.6587 34.0392 29.3236
threshold=1.0000000180025095e-35 1.0000000180025095e-35 41.685000000000009 45.568500000000007 13.435 1.8874168711463624 10.500000000000002 159.86750000000004 1.5510091937231305 -0.18899999999999997 3.6815000000000002 81.585000000000022 110.40100000000001 1.5000000000000002 6.4640000000000013 1.2770880512574194 20.491000000000003 1.0086913317609019 -1.628571428571427 4.5000000000000009 0.28571428571428742 139.54100000000003 105.99100000000001 6.5000000000000009 54.975000000000001 -1.9789999999999999 -0.028999999999999995 28.370425000000001 2.5000000000000004 0.98313213066730398
decision_type=2 2 10 2 8 2 2 2 2 2 2 2 8 2 8 2 2 2 2 2 2 2 10 2 8 2 2 2 2 2
left_child=1 2 6 11 21 -6 7 8 9 -1 -11 13 -13 14 -3 17 -17 22 -16 -20 -21 -5 23 24 -15 -25 -26 -28 29 -29
right_child=-2 3 -4 4 5 -7 -8 -9 -10 10 -12 12 -14 15 18 16 -18 -19 19 20 -22 -23 -24 25 26 -27 27 28 -30 -31
leaf_value=-0.18476811528572587 -0.084632279262353838 -0.092095129902336426 0.44272487387031068 -0.19552536481020832 -0.052424284152931655 -0.64495849987841347 0.15826126801046955 -1.9417379857131334 -0.13802218170199843 0.09965238500858567 0.0063743131246843283 -0.026302616986930618 0.42185672254724627 -0.03422786400147082 1.0382078524306626 0.026275792704151774 -0.024325980780616475 -0.044177366404535935 0.3554323167134163 0.21261250811775625 -0.21004429515769793 -1.4421441531064669 0.61987563384732669 0.087183313274686036 -0.10933072412464365 -0.02630433825580223 0.21766618801919937 1.0228377410220648 0.12389559281011629 -0.35034254657070285
leaf_weight=768 12280 644 5813 4328 86238 378 4916 927 627 3735 21806 4221 5683 12921 1218 12274 5388 16396 3442 1037 625 366 2122 1874 1253 50342 12415 145 6684 1374
leaf_count=768 12280 644 5813 4328 86238 378 4916 927 627 3735 21806 4221 5683 12921 1218 12274 5388 16396 3442 1037 625 366 2122 1874 1253 50342 12415 145 6684 1374
internal_value=-0.000121882 9.44584e-06 0.00144201 -0.000229505 -0.0010782 -0.000801815 0.000609384 -7.80605e-05 0.000319275 0.000611008 0.000940644 0.000323794 0.00303413 0.000117553 0.00348837 -7.30591e-05 0.00184294 -0.000393742 0.00461088 0.00294867 -0.00442238 -0.0061781 2.5805e-05 -0.000114357 0.00105197 -0.000891489 0.00252961 0.00300951 0.000716201 -0.00604016
internal_weight=282240 269960 38592 231368 91310 86616 32779 27863 26936 26309 25541 140058 9904 130154 6966 123188 17662 105526 6322 5104 1662 4694 89130 87008 34792 52216 21871 20618 8203 1519
internal_count=282240 269960 38592 231368 91310 86616 32779 27863 26936 26309 25541 140058 9904 130154 6966 123188 17662 105526 6322 5104 1662 4694 89130 87008 34792 52216 21871 20618 8203 1519
is_linear=0
shrinkage=0.05


Tree=94
num_leaves=31
num_cat=0
split_feature=5 14 8 15 13 13 10 3 3 13 8 10 16 13 2 3 12 8 3 3 15 1 3 3 13 15 2 3 16 6
split_gain=38.9035 34.3392 52.183 46.5468 55.136 41.5493 36.9003 32.0112 39.7874 41.8417 38.0343 35.5497 32.9336 38.1218 27.261 38.8288 34.9264 29.6007 33.0187 35.49 27.0826 26.5314 37.9128 26.0496 27.7043 25.9911 32.0644 25.666 52.4598 48.4385
threshold=1.0000000180025095e-35 133.79850000000002 1.0755673765529044 125.26250000000002 95.295000000000016 37.165000000000006 -0.87142857142857144 10.500000000000002 11.500000000000002 153.71500000000003 1.6917612474432648 -3.2214285714285733 30.185725000000001 -0.028999999999999995 4.5000000000000009 6.5000000000000009 0.35625000000000001 0.78117326904808315 1.5000000000000002 7.5000000000000009 96.264000000000024 5.5000000000000009 6.5000000000000009 1.5000000000000002 6.7625000000000002 123.04500000000002 3.5000000000000004 8.5000000000000018 3.6497500000000005 1.1788083778716205
decision_type=2 2 2 2 8 8 2 2 2 10 2 2 2 8 2 2 2 2 2 2 2 2 2 2 8 2 2 2 2 2
left_child=1 3 5 7 -5 -3 -4 11 9 10 -9 23 27 -14 17 16 -16 18 -15 -20 -17 22 -19 24 -1 -2 -27 -13 -29 -30
right_child=25 2 6 4 -6 -7 -8 8 -10 -11 -12 12 13 14 15 20 -18 21 19 -21 -22 -23 -24 -25 -26 26 -28 28 29 -31
leaf_value=-0.45275215110062383 -0.051420531189927503 -0.85223406064405194 -0.13312520913834805 -0.13296970949945033 0.61414425859161392 -0.0035664198820777762 -1.0090801654383903 0.13323612210629263 -0.019037610924981588 2.5561291195786282 -0.12150781724267289 0.012804020120164718 -0.42412747592989009 1.7249924878158454 -0.038077625097604977 -0.41014630641025412 -0.46332798854249158 -0.070241329352848686 -0.025043252316294409 0.33902586636583643 0.50111415849943397 -0.01384882424548799 -0.42507040247167432 0.026169247820374466 0.49948413841635803 -1.0822400168980046 -0.20571533719675994 0.024604029809762153 -0.082277924751836776 0.024000726982675458
leaf_weight=76 10798 1270 1518 3701 9605 14120 2008 18185 12586 624 715 72460 1210 348 16447 4205 1282 10903 6453 2789 327 46261 3283 9022 2182 610 872 7072 17430 3878
leaf_count=76 10798 1270 1518 3701 9605 14120 2008 18185 12586 624 715 72460 1210 348 16447 4205 1282 10903 6453 2789 327 46261 3283 9022 2182 610 872 7072 17430 3878
internal_value=-0.000114087 1.11128e-05 -0.00204324 0.000165907 0.00304374 -0.000786225 -0.00752978 4.83726e-06 0.00147306 0.00288619 0.00246561 -0.000224434 -0.000382818 -0.00105873 -0.000943141 -0.00246732 -0.00141153 -0.000458686 0.002122 0.00155269 -0.00659753 -0.000868116 -0.00275976 0.00250443 0.00730735 -0.00286645 -0.00907557 0.000243951 -0.00103066 -0.0022691
internal_weight=282240 269960 18916 251044 13306 15390 3526 237738 32110 19524 18900 205628 194348 93508 92298 22261 17729 70037 9590 9242 4532 60447 14186 11280 2258 12280 1482 100840 28380 21308
internal_count=282240 269960 18916 251044 13306 15390 3526 237738 32110 19524 18900 205628 194348 93508 92298 22261 17729 70037 9590 9242 4532 60447 14186 11280 2258 12280 1482 100840 28380 21308
is_linear=0
shrinkage=0.05


Tree=95
num_leaves=31
num_cat=0
split_feature=16 13 13 10 16 13 8 0 8 3 3 3 8 3 6 2 2 16 15 2 2 5 15 10 3 2 10 3 15 2
split_gain=37.5234 61.4399 39.707 36.7927 31.9682 45.5879 35.5592 35.2582 43.509 61.0838 53.0269 31.7666 26.1639 25.9458 53.7435 35.6962 35.7171 35.3997 33.5107 30.8068 28.2458 43.508 32.7751 52.6517 50.4532 38.6928 32.2993 32.3993 29.7345 36.4983
threshold=212.77375000000004 128.34250000000003 209.94500000000002 4.2285714285714313 22.18975 2.9010000000000002 1.8874168711463624 2.5000000000000004 0.95191024082017772 6.5000000000000009 7.5000000000000009 10.500000000000002 1.1911374294314092 1.5000000000000002 0.99393486158824051 2.5000000000000004 4.5000000000000009 65.794000000000011 53.146000000000008 5.5000000000000009 5.5000000000000009 1.0000000180025095e-35 21.152500000000003 -5.9678571428571416 3.5000000000000004 3.5000000000000004 0.049999999999997609 8.5000000000000018 5.3210000000000006 4.5000000000000009
decision_type=2 8 10 2 2 8 2 2 2 2 2 2 2 2 2 2 2 2 2 2 2 2 2 2 2 2 2 2 2 2
left_child=2 -2 3 4 -1 -6 7 13 -9 -10 -11 -4 -3 14 -7 -16 17 -17 -18 -20 21 22 23 -15 -25 -24 28 -28 -26 -30
right_child=1 12 11 -5 5 6 -8 8 9 10 -12 -13 -14 20 15 16 18 -19 19 -21 -22 -23 25 24 26 -27 27 -29 29 -31
leaf_value=0.011890276624564967 -2.6710991256807839 -0.21304367830463919 -0.1406884240675467 -0.043216349036414317 -0.18332789609037478 0.45586086942161697 -0.25435284303752487 0.23474204533867016 0.12635254946976424 -0.44569743781826326 -0.059827591535588809 2.2511142938470159 -5.1048513321759152 -1.1907106956420628 -0.23657451682587577 0.8972044637744454 0.24544074207081934 0.074282685232287801 0.02903576319382033 -0.73544107592808639 0.056948640094903441 -0.35835597847151135 -0.035212052466223477 -0.20043115481298776 0.31966525156954551 -0.16381171401269487 0.091637043542721133 -0.28854756263568659 0.1381831022992813 -0.2565871815326034
leaf_weight=97961 965 4315 720 10632 5703 2520 856 12720 21567 3019 13119 1139 138 369 4663 1235 1354 1613 708 690 10847 3469 46536 2304 3711 18061 2345 1714 6055 1192
leaf_count=97961 965 4315 720 10632 5703 2520 856 12720 21567 3019 13119 1139 138 369 4663 1235 1354 1613 708 690 10847 3469 46536 2304 3711 18061 2345 1714 6055 1192
internal_value=-0.000114973 -0.00423588 -3.43181e-05 -8.35567e-05 3.24404e-05 -0.000389493 -0.000233558 -0.000179118 0.000914725 6.16629e-05 -0.00226484 0.00724852 -0.00175724 -0.00068336 0.00143354 -0.000172951 0.00251786 0.00644312 -0.00154433 -0.00697425 -0.000963479 -0.00126755 -0.00103631 0.000870548 0.00126869 -0.00155851 0.0023257 -0.00148436 0.003737 0.00187319
internal_weight=282240 5418 276822 274963 264331 166370 160667 159811 50425 37705 16138 1859 4453 109386 12783 10263 5600 2848 2752 1398 96603 85756 82287 17690 17321 64597 15017 4059 10958 7247
internal_count=282240 5418 276822 274963 264331 166370 160667 159811 50425 37705 16138 1859 4453 109386 12783 10263 5600 2848 2752 1398 96603 85756 82287 17690 17321 64597 15017 4059 10958 7247
is_linear=0
shrinkage=0.05


Tree=96
num_leaves=31
num_cat=0
split_feature=16 8 10 13 1 1 0 8 5 5 0 7 14 3 3 15 8 12 7 6 0 8 10 7 7 1 12 3 8 3
split_gain=37.7171 46.9827 33.9802 32.894 27.1238 47.5795 32.076 31.5244 26.6837 25.4685 25.8273 38.9176 24.4651 24.0239 26.2674 22.5549 23.1775 22.4464 24.132 41.9511 26.6112 21.0593 20.7981 20.5703 19.6538 19.6032 23.3744 28.5677 22.9083 35.2873
threshold=65.794000000000011 1.5114310184483901 4.6428571428571459 0.16150000000000003 14.500000000000002 21.500000000000004 1.5000000000000002 0.99857713534972048 1.0000000180025095e-35 1.0000000180025095e-35 1.5000000000000002 1.1424940957926981 182.51100000000002 3.5000000000000004 10.500000000000002 190.16000000000003 0.52987373342202848 0.49625000000000002 1.0000317254658451 1.1663378043518386 1.0000000180025095e-35 1.2962098920777381 0.80714285714285738 0.52902891245333616 1.1634246460465347 6.5000000000000009 0.91875000000000007 4.5000000000000009 0.90920676890055263 7.5000000000000009
decision_type=2 2 2 8 2 2 2 2 2 2 2 2 2 2 2 2 2 2 2 2 2 2 2 2 2 2 2 2 2 2
left_child=4 2 3 -2 15 6 17 8 -8 10 11 -5 -3 -9 -15 16 22 18 -6 -20 -21 -13 23 -1 -17 -12 28 -28 29 -27
right_child=1 12 -4 9 5 -7 7 13 -10 -11 25 21 -14 14 -16 24 -18 -19 19 20 -22 -23 -24 -25 -26 26 27 -29 -30 -31
leaf_value=0.9758248267867593 -0.62080407777780666 -0.28179084950469752 -0.50063734391900894 -0.11314631326384622 0.029758759208322563 -0.029708993122384886 0.57087112770445081 0.39087461024149683 -0.22681473326637783 -0.47185585989300916 -0.12510674960827403 -0.66763936129458379 -3.4464272381938899 0.012552842906796164 0.35083284361984496 1.3186825987472302 -0.0083539703450802531 0.056942101483445098 -0.11982270536749656 0.039477354228142726 -0.03239067955190493 0.028910242616430715 -0.030251965477849432 0.11434709606428251 -0.77380296973798335 0.067188988525104062 -1.2339964568714337 -0.071274971905654197 0.035742712962800204 0.61583245058807778
leaf_weight=952 626 3332 1070 18259 22650 18036 4620 2788 304 2801 10159 859 208 11586 1834 358 125834 4902 2370 2228 1764 288 2292 3538 56 4773 418 1168 29320 2847
leaf_count=952 626 3332 1070 18259 22650 18036 4620 2788 304 2801 10159 859 208 11586 1834 358 125834 4902 2370 2228 1764 288 2292 3538 56 4773 418 1168 29320 2847
internal_value=-0.000105052 -0.00105612 -0.00078181 -0.000649487 0.000246225 0.00102009 0.00175035 0.00327939 0.0067831 -0.000548722 -0.000356508 -0.0018989 -0.00668079 0.00221496 0.00133756 -0.000178907 -0.000215283 0.000797606 0.000268854 -0.00245206 0.000676353 -0.0108326 0.00263197 0.00461024 0.0114734 0.000258293 0.000773504 -0.00517024 0.0010287 0.00347113
internal_weight=282240 76128 72588 71518 206112 73082 55046 21132 4924 70892 68091 19406 3540 16208 13420 133030 132616 33914 29012 6362 3992 1147 6782 4490 414 48685 38526 1586 36940 7620
internal_count=282240 76128 72588 71518 206112 73082 55046 21132 4924 70892 68091 19406 3540 16208 13420 133030 132616 33914 29012 6362 3992 1147 6782 4490 414 48685 38526 1586 36940 7620
is_linear=0
shrinkage=0.05


Tree=97
num_leaves=31
num_cat=0
split_feature=16 13 8 13 3 2 13 7 2 16 13 3 10 2 15 15 16 2 6 3 2 10 8 8 2 13 8 6 15 3
split_gain=35.4807 49.962 43.7992 35.9439 37.6622 33.0785 39.4044 38.4914 51.6493 36.304 40.5652 39.621 34.9116 39.9154 39.6636 44.2176 33.9637 35.3843 30.03 28.2597 30.8099 28.2166 27.4731 26.3122 25.1395 23.9967 24.7729 48.8668 37.5753 33.5717
threshold=168.90877500000002 65.615000000000023 1.3444242495514274 209.94500000000002 10.500000000000002 1.0000000180025095e-35 -1.0000000180025095e-35 0.50553084415660587 3.5000000000000004 81.538750000000007 11.532500000000001 1.5000000000000002 -1.0999999999999992 5.5000000000000009 58.241000000000007 6.4225000000000003 8.0850000000000026 4.5000000000000009 0.88304523999069728 4.5000000000000009 4.5000000000000009 0.28571428571428742 0.86473996727076907 1.4581312055964626 5.5000000000000009 -0.40849999999999992 1.0168306545709338 1.1376493452268197 20.491000000000003 2.5000000000000004
decision_type=2 8 2 10 2 2 10 2 2 2 8 2 2 2 2 2 2 2 2 2 2 2 2 2 2 8 2 2 2 2
left_child=3 -2 -3 5 -5 6 -1 8 -7 11 -11 12 16 -14 15 -15 17 -9 -19 20 22 -17 -10 -12 -25 -13 -27 -28 -29 -30
right_child=1 2 -4 4 -6 7 -8 9 19 10 23 25 13 14 -16 21 -18 18 -20 -21 -22 -23 -24 24 -26 26 27 28 29 -31
leaf_value=-0.003160940748009722 -1.9219144046154852 -0.19275347916382801 -2.4536394829885051 -0.18490543651311173 2.5339332307149833 0.4404513285631948 0.10143498836463155 -0.36053880471833871 -0.66445840683367186 -0.65177061365883804 -0.10169524166001659 -0.061276504425663042 0.13870472363025163 -0.23735641122089943 -0.68807350835085901 0.73703930067057133 0.69543164708508121 -0.38928351061371802 2.1622935915137886 0.076437454759857248 -0.48656712916267192 -0.16109634954424099 0.33802048766088394 -0.58273923108301195 0.60158534345809123 0.0013705625996706773 -0.071675618247988918 0.019319957324425797 0.25755317107944581 -0.064232131023126512
leaf_weight=21083 915 7455 382 649 850 5130 17489 386 272 1241 30745 3098 9713 402 726 770 1668 146 248 2771 880 134 541 1841 147 136953 15671 10583 339 9012
leaf_count=21083 915 7455 382 649 850 5130 17489 386 272 1241 30745 3098 9713 402 726 770 1668 146 248 2771 880 134 541 1841 147 136953 15671 10583 339 9012
internal_value=-9.97378e-05 -0.00323355 -0.00194271 5.4847e-07 0.00772181 -4.20054e-05 0.00131442 -0.000266155 0.00283511 -0.000399088 -0.0019044 -0.000129708 0.0024114 0.00127927 -0.0050935 0.000114855 0.00784314 -0.000769231 0.00977157 -0.00109767 -0.00618724 0.00625 0.000830258 -0.00156799 -0.00714286 -0.00033503 -0.000256725 -0.00143168 0.000210695 -0.00209871
internal_weight=282240 8752 7837 273488 1499 271989 38572 233417 9594 223823 33974 189849 14193 11745 2032 1306 2448 780 394 4464 1693 904 813 32733 1988 175656 172558 35605 19934 9351
internal_count=282240 8752 7837 273488 1499 271989 38572 233417 9594 223823 33974 189849 14193 11745 2032 1306 2448 780 394 4464 1693 904 813 32733 1988 175656 172558 35605 19934 9351
is_linear=0
shrinkage=0.05


Tree=98
num_leaves=31
num_cat=0
split_feature=16 13 13 10 2 1 13 1 7 2 16 13 7 3 0 15 14 6 15 3 6 7 7 6 15 15 2 6 16 3
split_gain=33.7478 55.709 35.0124 33.4588 28.8003 40.9278 44.1241 48.9656 35.5462 50.0469 33.6047 40.0033 33.9335 32.0952 50.2568 42.617 40.0226 39.0388 28.4453 28.0215 26.7312 34.6522 26.0789 25.9689 25.4334 25.4069 27.4292 26.3644 29.8463 24.7534
threshold=212.77375000000004 128.34250000000003 209.94500000000002 4.2285714285714313 1.0000000180025095e-35 4.5000000000000009 -0.99899999999999989 19.500000000000004 0.50553084415660587 3.5000000000000004 45.568500000000007 0.56900000000000006 1.6661101906708728 3.5000000000000004 1.5000000000000002 82.577500000000001 13.001000000000003 1.265719128405919 60.755000000000003 10.500000000000002 0.91029095032032992 0.71755196803934684 1.2746467086244997 1.0095795620477201 190.16000000000003 60.755000000000003 5.5000000000000009 1.0032146904844119 36.783250000000002 4.5000000000000009
decision_type=2 8 10 2 2 2 10 2 2 2 2 8 2 2 2 2 2 2 2 2 2 2 2 2 2 2 2 2 2 2
left_child=2 -2 3 4 5 -1 -7 -8 9 -6 13 -12 -13 14 20 17 -16 -15 -18 24 21 -10 -17 -3 -4 27 -27 28 -22 -11
right_child=1 23 19 -5 8 6 7 -9 10 29 11 12 -14 15 16 22 18 -19 -20 -21 25 -23 -24 -25 -26 26 -28 -29 -30 -31
leaf_value=-0.058245738701349629 -2.4766221728811262 -0.18311580520563667 -0.89041395646106847 -0.04092071511872071 0.46834032358199224 0.012102124860030995 0.27632688817050238 -0.03454134098910077 0.1493134825283107 -0.2680126886659317 -0.39068776396452487 -0.055034768268422955 -0.32336377944864447 -0.018164480001118023 0.73065695823647614 0.28521281740773574 0.24623140953491368 0.018427463110411834 -0.14334856420620215 2.0175192332821084 0.33315336907615728 -0.20617827108790562 -0.099589817907306477 -4.5006579730195302 3.8053619833854615 -0.068792422467986475 -0.69308459853947968 -0.01480024704155334 -0.039783761717589218 0.071142591923195761
leaf_weight=8018 965 4291 520 10632 5041 15864 10896 3108 1152 1676 962 80011 2165 89644 2390 6057 4164 14775 2023 1139 3799 1721 863 162 200 2308 310 3116 1566 2702
leaf_count=8018 965 4291 520 10632 5041 15864 10896 3108 1152 1676 962 80011 2165 89644 2390 6057 4164 14775 2023 1139 3799 1721 863 162 200 2308 310 3116 1566 2702
internal_value=-9.70805e-05 -0.00400517 -2.05908e-05 -6.68272e-05 4.37898e-05 0.00131975 0.00217122 0.00421665 -0.000169688 0.00283735 -0.000300194 -0.00108975 -0.000971086 0.000190084 0.00191028 -0.0001583 0.00492305 -0.000410127 0.00280023 0.00681818 6.0836e-05 -0.00423773 0.00364162 -0.00164496 -0.000902778 0.00117353 -0.00313216 0.00250265 0.00462721 -0.00107355
internal_weight=282240 5418 276822 274963 264331 37886 29868 14004 226445 9419 217026 83138 82176 133888 22549 111339 8577 104419 6187 1859 13972 2873 6920 4453 720 11099 2618 8481 5365 4378
internal_count=282240 5418 276822 274963 264331 37886 29868 14004 226445 9419 217026 83138 82176 133888 22549 111339 8577 104419 6187 1859 13972 2873 6920 4453 720 11099 2618 8481 5365 4378
is_linear=0
shrinkage=0.05


Tree=99
num_leaves=31
num_cat=0
split_feature=14 6 13 13 3 14 13 10 3 3 7 7 12 3 4 7 13 13 5 1 7 13 3 0 15 13 13 14 0 4
split_gain=33.0306 58.0891 45.096 37.1723 28.8757 26.6975 29.9224 29.6945 30.7087 42.2577 74.0339 33.765 31.1977 90.6548 29.3142 28.689 30.6984 43.1494 38.8804 28.6697 28.3302 53.312 35.2888 50.8426 42.4362 37.4598 32.2358 34.6985 36.241 33.1093
threshold=159.86750000000004 1.3100665614240052 65.615000000000023 165.47100000000003 10.500000000000002 6.7215000000000007 -0.15899999999999997 0.92142857142857226 6.5000000000000009 5.5000000000000009 0.99897078088854441 1.6661101906708728 0.0037500000000000003 7.5000000000000009 1.0000000180025095e-35 1.0000317254658451 49.00950000000001 9.2340000000000018 1.0000000180025095e-35 16.500000000000004 0.95870484456311134 123.80150000000002 4.5000000000000009 2.5000000000000004 44.957500000000003 26.765000000000004 9.9110000000000031 49.721000000000011 1.5000000000000002 1.0000000180025095e-35
decision_type=2 2 8 10 2 2 8 2 2 2 2 2 2 2 2 2 8 10 2 2 2 8 2 2 2 10 10 2 2 2
left_child=3 2 -2 5 -5 -1 -7 8 9 11 -11 20 -10 -14 -15 16 17 -12 -18 -20 21 -8 24 25 -22 -24 27 29 -29 -26
right_child=1 -3 -4 4 -6 6 7 -9 12 10 15 -13 13 14 -16 -17 18 -19 19 -21 22 -23 23 -25 26 -27 -28 28 -30 -31
leaf_value=0.011908172424907023 -1.1881401647280918 -1.5627172682724311 -0.08220696355749979 0.27109472977275012 2.1619473984537096 -0.099864743437159842 -0.046994302740476203 -0.044653176712745692 -0.040893469802124119 -0.21981632786701907 0.460057598900943 -0.20863405854606321 -0.13867891407033503 0.24406379673087697 -0.013970450014108932 -0.019267087846736031 0.46842134548094772 -0.056017365561555427 -0.37915277719858714 0.54981655322889089 0.089921273508064017 0.3096603399854983 -0.34856710084008613 0.22068071959344338 0.40044087045057775 0.066240191627591302 -0.15660417497809292 -0.33198974753907873 0.062009006883181374 -0.073858037765245049
leaf_weight=62451 1188 794 9842 1853 1071 2708 6180 35041 62659 2598 460 1206 4049 8443 2936 1873 5432 1938 417 186 22278 8351 6000 3061 4650 1802 12711 2622 5493 1947
leaf_count=62451 1188 794 9842 1853 1071 2708 6180 35041 62659 2598 460 1206 4049 8443 2936 1873 5432 1938 417 186 22278 8351 6000 3061 4650 1802 12711 2622 5493 1947
internal_value=-9.4246e-05 -0.00268099 -0.00174071 1.88598e-05 0.00562585 -4.24312e-05 -0.000318107 -0.000248229 2.89912e-05 0.000662799 0.00330905 0.000215266 -0.000695058 0.00131903 0.00360533 0.00521056 0.00645381 0.00166806 0.00835543 -0.00368988 0.000348558 0.00233122 -0.000127138 -0.00270874 0.000437114 -0.00485132 -0.000879736 0.000713703 -0.00147566 0.00340685
internal_weight=282240 11824 11030 270416 2924 267492 205041 202333 167292 89205 12904 76301 78087 15428 11379 10306 8433 2398 6035 603 75095 14531 60564 10863 49701 7802 27423 14712 8115 6597
internal_count=282240 11824 11030 270416 2924 267492 205041 202333 167292 89205 12904 76301 78087 15428 11379 10306 8433 2398 6035 603 75095 14531 60564 10863 49701 7802 27423 14712 8115 6597
is_linear=0
shrinkage=0.05


Tree=100
num_leaves=31
num_cat=0
split_feature=16 10 8 12 0 8 3 3 7 14 3 6 0 0 5 2 15 0 8 12 3 10 6 2 15 10 0 3 3 3
split_gain=32.7229 41.3308 38.5774 32.4813 32.5974 46.9439 62.0987 39.6286 30.6185 46.4351 46.43 45.3523 45.356 23.6566 22.6581 21.3682 20.6973 28.3016 20.3109 20.1358 19.8269 19.7561 18.9729 36.0763 34.7001 28.7145 42.0399 34.9182 47.7364 24.766
threshold=22.556125000000002 4.7571428571428598 1.6917612474432648 1.3787500000000001 2.5000000000000004 0.95191024082017772 6.5000000000000009 7.5000000000000009 1.0242318822648477 117.55150000000002 2.5000000000000004 1.3056199373392212 1.5000000000000002 1.5000000000000002 1.0000000180025095e-35 5.5000000000000009 49.434000000000005 1.5000000000000002 1.1222925760161437 0.7037500000000001 4.5000000000000009 -0.31428571428571411 0.99938336059022215 3.5000000000000004 53.146000000000008 -4.4642857142857117 1.5000000000000002 8.5000000000000018 9.5000000000000018 2.5000000000000004
decision_type=2 2 2 2 2 2 2 2 2 2 2 2 2 2 2 2 2 2 2 2 2 2 2 2 2 2 2 2 2 2
left_child=22 2 3 4 8 -6 20 -8 -2 10 -10 12 19 -3 -9 -16 18 -18 -13 -12 -7 -14 23 25 -25 -1 -27 -28 -29 -24
right_child=1 13 -4 -5 5 6 7 14 9 -11 11 16 21 -15 15 -17 17 -19 -20 -21 -22 -23 29 24 -26 26 27 28 -30 -31
leaf_value=0.36710962513462075 -0.017587623721290326 -0.29454674525602054 -0.15616991339378661 -0.22782974824395966 0.2332052342887061 0.049941221122865365 -0.41520262342986047 -0.064301892484091905 0.2646015905447075 -0.83651565670408567 -0.38199626888032229 -0.014839428916312425 0.016096838432449669 -0.073915720716658626 -0.8343478110349789 0.42400643123966691 -0.36190939231000857 0.075073670054333519 0.1292430596556664 -0.050106963621883785 0.37538663391879257 -0.2814589135703594 0.069898356852040447 -0.05086688011934646 0.38367584778193542 -0.02118628248286605 0.61564826144246021 -0.3426377031730099 0.34184250715763798 0.0100135974658081
leaf_weight=1394 99374 1546 2818 2590 12654 15340 3010 15016 1868 1642 2078 1684 2578 1416 412 128 658 1018 1772 464 6398 2340 5242 15596 1070 12394 2124 542 1066 66008
leaf_count=1394 99374 1546 2818 2590 12654 15340 3010 15016 1868 1642 2078 1684 2578 1416 412 128 658 1018 1772 464 6398 2340 5242 15596 1070 12394 2124 542 1066 66008
internal_value=-9.15887e-05 -0.000507341 -0.000407554 -0.000311945 -0.000226498 0.000800634 -3.34954e-05 -0.00215717 -0.000697548 -0.00272016 -0.00181535 -0.00290661 -0.00539544 -0.00636394 -0.00114104 -0.0112037 0.000711224 -0.00384845 0.00292245 -0.0108183 0.00178029 -0.00259252 0.000605581 -0.000362722 -0.00202808 0.00122146 0.000626318 0.00527867 -0.000279851 0.00107018
internal_weight=282240 176804 173842 171024 168434 52958 40304 18566 115476 16102 14460 12592 7460 2962 15556 540 5132 1676 3456 2542 21738 4918 105436 34186 16666 17520 16126 3732 1608 71250
internal_count=282240 176804 173842 171024 168434 52958 40304 18566 115476 16102 14460 12592 7460 2962 15556 540 5132 1676 3456 2542 21738 4918 105436 34186 16666 17520 16126 3732 1608 71250
is_linear=0
shrinkage=0.05


Tree=101
num_leaves=31
num_cat=0
split_feature=16 13 5 1 2 13 0 13 7 2 2 0 15 12 13 14 8 12 3 3 2 13 8 3 16 15 15 8 15 8
split_gain=32.1456 54.1089 28.9046 35.2399 43.7717 50.5362 35.2836 34.9657 50.0796 43.8682 55.4874 41.7792 39.3475 35.0601 33.3824 33.2642 32.4137 33.891 29.491 36.7878 29.437 28.8797 28.3134 33.4429 27.9743 27.606 27.5306 26.0986 25.8841 27.1714
threshold=212.77375000000004 128.34250000000003 1.0000000180025095e-35 6.5000000000000009 1.0000000180025095e-35 76.03100000000002 1.5000000000000002 128.34250000000003 0.62943443378992747 5.5000000000000009 4.5000000000000009 1.5000000000000002 29.451500000000003 1.1662500000000002 11.532500000000001 44.741000000000007 0.99423265811021311 0.4512500000000001 10.500000000000002 3.5000000000000004 5.5000000000000009 29.332500000000003 1.4392302294256101 11.500000000000002 76.364000000000019 66.007500000000007 -1.115 1.2116795394887745 -2.0949999999999993 0.52987373342202848
decision_type=2 8 2 2 2 10 2 8 2 2 2 2 2 2 10 2 2 2 2 2 2 10 2 2 2 2 2 2 2 2
left_child=2 -2 3 28 5 6 -5 9 20 10 12 16 14 15 24 18 17 -10 19 25 -9 -14 -8 -24 -6 -13 -11 -3 -1 -30
right_child=1 27 -4 4 7 -7 22 8 11 26 -12 13 21 -15 -16 -17 -18 -19 -20 -21 -22 -23 23 -25 -26 -27 -28 -29 29 -31
leaf_value=0.087825105096021094 -2.3106776807486966 -0.17523794233828555 -0.06397598013728234 -0.0019754408896281552 -0.0078876254202718595 0.88237662502412373 0.30992226036607645 0.47540498697037992 -0.14131757315730228 -0.16710831840625345 -0.087492271284649051 0.84530294502155356 -0.11831106783698431 -0.12683104105185966 0.076159829492175007 0.064992523562404619 0.00038840538612322506 0.013658051657917079 0.65874147834338981 0.052197508004586779 -0.10547418904423576 -0.038667792682019281 -0.49070795063127914 0.47835323686927755 -0.61531024156600866 0.23829326015657087 0.045853258288390868 -4.5500222937530905 0.096307450828394758 -0.030256100214059379
leaf_weight=1034 965 4325 12104 12941 7969 1852 10927 6967 5174 751 12240 1733 7571 2605 12796 21975 30309 2960 2283 11414 1097 18760 605 243 379 1130 12061 128 4446 72496
leaf_count=1034 965 4325 12104 12941 7969 1852 10927 6967 5174 751 12240 1733 7571 2605 12796 21975 30309 2960 2283 11414 1097 18760 605 243 379 1130 12061 128 4446 72496
internal_value=-8.94629e-05 -0.00390365 -1.4811e-05 9.44401e-05 0.000467222 0.00234681 0.00174988 0.000155456 0.000827467 -0.000656652 -0.00122624 0.000447018 -0.000452343 0.00155445 0.00115399 0.00193396 -0.000738106 -0.00354069 0.00362621 0.00278245 0.00458209 -0.00174224 0.00373036 -0.00507075 -0.0013057 0.00785016 0.00199813 -0.00157759 -0.000798323 -0.000903928
internal_weight=282240 5418 276822 264718 186742 26568 24716 160174 87647 72527 59715 79583 47475 41140 21144 38535 38443 8134 16560 14277 8064 26331 11775 848 8348 2863 12812 4453 77976 76942
internal_count=282240 5418 276822 264718 186742 26568 24716 160174 87647 72527 59715 79583 47475 41140 21144 38535 38443 8134 16560 14277 8064 26331 11775 848 8348 2863 12812 4453 77976 76942
is_linear=0
shrinkage=0.05


Tree=102
num_leaves=31
num_cat=0
split_feature=16 8 10 13 0 16 13 13 3 8 2 6 0 8 1 1 15 3 8 16 3 15 15 6 2 15 5 3 8 5
split_gain=33.3286 50.1656 38.5704 37.6408 28.6086 26.0444 49.1196 29.611 25.6889 23.9052 22.6701 48.4004 35.6283 33.3718 27.5844 25.6539 42.0382 32.006 34.5381 27.9782 35.966 28.1545 27.2001 62.0262 22.6048 32.3845 40.063 25.8142 28.4139 26.81
threshold=32.780750000000005 1.8874168711463624 4.7571428571428598 0.82250000000000012 1.5000000000000002 212.77375000000004 128.34250000000003 209.94500000000002 7.5000000000000009 1.2116795394887745 4.5000000000000009 1.2595073080218377 2.5000000000000004 1.3216108548220948 16.500000000000004 8.5000000000000018 1.0000000180025095e-35 8.5000000000000018 0.69931304696121943 -1.2667499999999998 7.5000000000000009 93.0715 24.022500000000004 0.91029095032032992 1.0000000180025095e-35 109.94250000000001 1.0000000180025095e-35 10.500000000000002 1.2805131507803129 1.0000000180025095e-35
decision_type=2 2 2 8 2 2 8 10 2 2 2 2 2 2 2 2 2 2 2 2 2 2 2 2 2 2 2 2 2 2
left_child=10 2 3 -2 -4 7 -7 24 -9 -8 12 14 -1 -14 15 16 -12 18 -18 20 -17 -21 23 -20 25 27 -27 28 -5 -29
right_child=1 -3 4 5 -6 6 9 8 -10 -11 11 -13 13 -15 -16 19 17 -19 22 21 -22 -23 -24 -25 -26 26 -28 29 -30 -31
leaf_value=0.0097426783477552181 -0.30090811489160779 -0.3542598397257411 -0.36082645174814609 -0.0027464277375436109 -0.078050771249346174 -2.191881300388701 -0.1664760452213713 -0.82197466867423408 1.8026189338438634 -4.1273627409178824 0.12332278706163816 0.023034849502294532 0.24254166447691136 -0.070105871128378655 0.026766943807807933 -0.022483396407858066 0.25559993330985287 -0.088012600833529409 -0.1168724744225671 -0.086945982551816361 0.27114828192556673 1.4845330363535227 -0.14246277051438336 0.073841046074619054 -0.032740814125597421 0.75873451685466398 -0.88738107800147648 0.33193402100503733 -0.44172048732496028 -0.65050153200958649
leaf_weight=75934 2297 864 1052 12808 1102 953 4325 257 1469 118 1744 8462 10286 1270 9552 1024 1574 5346 1316 12680 394 114 2852 3864 112755 4000 251 2570 927 80
leaf_count=75934 2297 864 1052 12808 1102 953 4325 257 1469 118 1744 8462 10286 1270 9552 1024 1574 5346 1316 12680 394 114 2852 3864 112755 4000 251 2570 927 80
internal_value=-7.79478e-05 -0.000603451 -0.000531856 -0.000431692 -0.0071727 -0.000327906 -0.00373425 -0.000191871 0.00631518 -0.00152487 0.000483828 -0.000378153 0.000965825 0.00355227 -0.00109738 -0.00182315 -0.00049413 -0.00135099 0.000374766 -0.00338446 0.00327927 -0.00412303 -0.00095244 0.00120656 -0.000276068 0.0012454 0.00513409 0.000236497 -0.000635238 0.00475472
internal_weight=282240 145828 144964 142810 2154 140513 5396 135117 1726 4443 136412 48922 87490 11556 40460 30908 16696 14952 9606 14212 1418 12794 8032 5180 133391 20636 4251 16385 13735 2650
internal_count=282240 145828 144964 142810 2154 140513 5396 135117 1726 4443 136412 48922 87490 11556 40460 30908 16696 14952 9606 14212 1418 12794 8032 5180 133391 20636 4251 16385 13735 2650
is_linear=0
shrinkage=0.05


Tree=103
num_leaves=31
num_cat=0
split_feature=16 8 13 3 3 10 3 1 6 8 2 7 1 1 5 3 6 2 6 1 13 13 8 3 1 16 14 3 3 14
split_gain=32.3539 42.2523 34.0309 43.6143 24.5228 32.3552 29.8729 33.3549 26.8767 25.5608 23.6527 38.698 35.4387 48.1029 37.3639 37.8871 38.0855 46.3247 33.3396 36.8933 31.7191 27.8201 27.0229 31.0425 26.3687 32.2829 28.8445 28.6302 25.3184 24.8886
threshold=86.267250000000004 1.5114310184483901 26.765000000000004 8.5000000000000018 10.500000000000002 -3.2214285714285733 11.500000000000002 7.5000000000000009 1.3647559385888377 1.7155704093983313 4.5000000000000009 1.9401012509550377 4.5000000000000009 21.500000000000004 1.0000000180025095e-35 1.5000000000000002 0.99393486158824051 2.5000000000000004 1.4378065360473788 16.500000000000004 12.722500000000002 0.041500000000000002 1.2116795394887745 8.5000000000000018 8.5000000000000018 -1.2667499999999998 89.903500000000022 7.5000000000000009 2.5000000000000004 65.824000000000012
decision_type=2 2 8 2 2 2 2 2 2 2 2 2 2 2 2 2 2 2 2 2 8 10 2 2 2 2 2 2 2 2
left_child=4 2 3 -2 5 -1 7 -6 -8 -9 11 12 21 14 15 16 -14 -18 19 24 -16 -7 -17 -24 26 27 -12 -26 -27 -25
right_child=1 -3 -4 -5 6 10 8 9 -10 -11 18 -13 13 -15 20 22 17 -19 -20 -21 -22 -23 23 29 25 28 -28 -29 -30 -31
leaf_value=0.06126960360878058 -0.034959521132629588 -0.47429619348494018 -0.05153847389318731 -0.97864567298142946 -0.00084878067482838365 -0.068663295911728414 -0.051881191222395096 0.25523169553698655 0.039612216396944858 -0.11008050487662953 -0.018728870567825174 -0.10090214992808666 1.4752205435623038 -0.063013388330815795 0.10260164001740402 0.040756698003566676 -0.040403875401181066 0.71119648754850762 0.01959998801156131 0.021705705229515117 -0.24833014101805523 0.0095361058164526065 -0.062868205194568469 0.07871423809160423 -0.013557371996592838 0.0064404405528713411 -1.0778717744175144 0.25892135033161184 -0.10766160577398942 -0.36516940379170787
leaf_weight=9988 1755 2300 42971 1536 7004 16968 11058 11548 3286 438 20724 1282 1202 11528 542 70346 2982 2092 4868 14866 2570 13846 5234 2648 1078 2716 316 398 13802 348
leaf_count=9988 1755 2300 42971 1536 7004 16968 11058 11548 3286 438 20724 1282 1202 11528 542 70346 2982 2092 4868 14866 2570 13846 5234 2648 1078 2716 316 398 13802 348
internal_value=-8.07823e-05 -0.0012551 -0.000926246 -0.0058265 0.000163259 -4.56714e-05 0.00141897 0.00271985 -0.000303263 0.00432171 -0.000191221 0.000181248 0.000266296 0.000725184 0.00112319 0.00132053 0.00505895 0.00316318 -0.00102522 -0.00138312 -0.00425771 -0.00121536 0.00102194 -0.00168894 -0.0021904 -0.00359564 -0.000988593 0.00348916 -0.00422872 0.00236983
internal_weight=282240 48562 46262 3291 233678 200344 33334 18990 14344 11986 190356 131588 130306 99492 87964 84852 6276 5074 58768 53900 3112 30814 78576 8230 39034 17994 21040 1476 16518 2996
internal_count=282240 48562 46262 3291 233678 200344 33334 18990 14344 11986 190356 131588 130306 99492 87964 84852 6276 5074 58768 53900 3112 30814 78576 8230 39034 17994 21040 1476 16518 2996
is_linear=0
shrinkage=0.05


Tree=104
num_leaves=31
num_cat=0
split_feature=16 8 13 13 1 1 2 7 15 1 5 7 6 12 14 0 16 2 13 13 13 16 15 14 8 5 15 8 16 13
split_gain=29.8662 47.1682 37.2351 35.029 27.5055 46.7124 47.878 45.4824 40.4341 38.1455 67.8581 44.5027 37.4778 38.5765 41.6661 37.4634 41.5861 34.4417 70.4372 33.5859 32.0534 28.3028 26.8079 26.4655 25.1452 25.025 26.8711 24.8362 24.7757 24.712
threshold=144.06050000000002 1.2526170414273741 34.981500000000004 209.94500000000002 21.500000000000004 15.500000000000002 4.5000000000000009 0.67853887889321329 9.5915000000000017 5.5000000000000009 1.0000000180025095e-35 1.3301345007876055 1.2770880512574194 0.2687500000000001 3.9510000000000005 1.5000000000000002 66.45665000000001 1.0000000180025095e-35 -1.9849999999999997 11.532500000000001 -0.078499999999999986 9.8197500000000009 141.68250000000003 33.02150000000001 0.99022976845595789 1.0000000180025095e-35 20.792500000000004 0.52987373342202848 57.918500000000002 0.041500000000000002
decision_type=2 2 8 10 2 2 2 2 2 2 2 2 2 2 2 2 2 2 10 8 8 2 2 2 2 2 2 2 2 10
left_child=3 2 -2 4 5 6 9 8 -7 22 11 17 13 28 -15 16 -9 18 -11 -12 21 -19 27 -22 -17 26 -14 -1 -8 -29
right_child=1 -3 -4 -5 -6 7 12 15 -10 10 19 -13 25 14 -16 24 -18 20 -20 -21 23 -23 -24 -25 -26 -27 -28 29 -30 -31
leaf_value=0.14432555561402402 -1.3928005039049667 -1.2745347248897223 -0.093972413358536067 1.5710312297300366 -0.046071902285282289 -0.057175000813426358 -0.022482750927463838 0.0076572842591046356 0.54467088772036798 0.027477120541699308 0.060660134581534901 -0.035941715602212335 0.028475191788394638 -0.011049898013436272 -0.2201850007300391 0.35668071906950694 -0.31701367678592779 0.16671998472383198 0.48015303413384908 -0.34206341038854648 0.066998636835745945 -0.3800235778668053 -1.3878755765790327 0.013380230418080253 0.06631701242611783 -0.081302794782010496 -0.037467054222128419 -0.057970994504896824 -0.27074669931727513 0.0066290742225426419
leaf_weight=3212 810 1248 11090 1280 22835 1598 32309 26457 4633 7119 496 8716 4890 2684 3542 5859 4242 110 6054 2622 23747 326 496 28913 22133 284 2415 24941 6400 20779
leaf_count=3212 810 1248 11090 1280 22835 1598 32309 26457 4633 7119 496 8716 4890 2684 3542 5859 4242 110 6054 2622 23747 326 496 28913 22133 284 2415 24941 6400 20779
internal_value=-8.41482e-05 -0.00241101 -0.00144118 2.95438e-05 -9.895e-06 0.00014481 -0.000269779 0.00129463 0.00535628 0.000253468 0.000941385 0.00124192 -0.00154025 -0.00208913 -0.00574205 0.00086342 -0.000342845 0.00168367 0.00397214 -0.00628608 0.0011159 -0.0123853 -0.000833536 0.00122769 0.00218634 0.00170971 0.00227584 -0.0007163 -0.00150159 -0.00101487
internal_weight=282240 13148 11900 269092 267812 244977 180055 64922 6231 127531 78103 74985 52524 44935 6226 58691 30699 66269 13173 3118 53096 436 49428 52660 27992 7589 7305 48932 38709 45720
internal_count=282240 13148 11900 269092 267812 244977 180055 64922 6231 127531 78103 74985 52524 44935 6226 58691 30699 66269 13173 3118 53096 436 49428 52660 27992 7589 7305 48932 38709 45720
is_linear=0
shrinkage=0.05


Tree=105
num_leaves=31
num_cat=0
split_feature=16 8 10 13 14 0 8 3 6 15 10 12 3 6 0 14 10 8 13 3 3 3 10 3 10 16 14 13 16 15
split_gain=28.8481 38.5777 30.9482 30.7672 24.4869 23.6127 38.0332 31.8651 28.3718 55.0589 41.8715 31.9318 33.7244 29.3196 27.8727 27.7509 26.1224 36.1377 30.0526 27.5679 31.6209 59.9347 164.228 55.3258 63.0369 43.7694 40.1016 35.7359 33.8346 34.4109
threshold=65.794000000000011 1.5114310184483901 4.6428571428571459 0.16150000000000003 196.61150000000001 2.5000000000000004 0.64866172261222077 2.5000000000000004 1.3647559385888377 55.405000000000008 0.049999999999997609 0.55125000000000013 4.5000000000000009 0.50160734524220596 1.0000000180025095e-35 3.9510000000000005 -8.2607142857142843 1.3276961024240657 4.9410000000000016 10.500000000000002 4.5000000000000009 5.5000000000000009 -1.0000000180025095e-35 6.5000000000000009 -1.0000000180025095e-35 6.4227500000000006 -0.72899999999999987 -1.0000000180025095e-35 5.0282500000000008 35.945000000000007
decision_type=2 2 2 8 2 2 2 2 2 2 2 2 2 2 2 2 2 2 8 2 2 2 2 2 2 2 2 10 2 2
left_child=5 2 3 -2 -3 8 -7 -8 10 14 16 13 -13 -12 15 -10 -1 19 -19 20 -18 22 -22 24 25 -23 -25 -28 -24 -30
right_child=1 4 -4 -5 -6 6 7 -9 9 -11 11 12 -14 -15 -16 -17 17 18 -20 -21 21 23 28 26 -26 -27 27 -29 29 -31
leaf_value=0.60645501352756759 -0.52084495426807109 -0.25158998684459422 -0.43489372311432728 -0.036987927503650563 -3.3256233092779812 0.45936452760180607 0.33723400325618913 0.0085762276750615315 -0.0044280328474387331 -0.10489923064493126 0.027690416693316944 -0.13856713022628372 0.055542997419396306 -0.070879615275228652 0.009369430555063207 0.058646006161704616 0.054430323859081912 0.034616987851486036 -0.11260938485293059 0.11699749194652605 0.27221288930939397 -0.10600920418625159 0.032453182246802638 0.074045016221655227 0.17833329573883311 0.11701045075677503 -0.064135425441613422 0.0069322408735294164 -0.29399147170202361 -0.30433475238691199
leaf_weight=962 626 3368 1070 70892 172 3536 4408 30456 1470 2392 3972 1570 6732 19272 11088 4842 33082 862 4398 12674 2258 1164 584 2674 8528 1474 22117 18889 2920 3788
leaf_count=962 626 3368 1070 70892 172 3536 4408 30456 1470 2392 3972 1570 6732 19272 11088 4842 33082 862 4398 12674 2258 1164 584 2674 8528 1474 22117 18889 2920 3788
internal_value=-8.83999e-05 -0.000920161 -0.000671599 -0.000545317 -0.00601695 0.000218813 0.00133724 0.000836106 -3.72663e-05 0.0017406 -0.000275149 -0.00189089 0.000770899 -0.00284159 0.00271839 0.00537072 0.000162837 9.44443e-05 -0.00395437 0.000287784 2.56468e-06 -0.000642897 -0.00429843 -6.3815e-06 0.00313452 -0.00362017 -0.000809295 -0.00119617 -0.00794707 -0.008952
internal_weight=282240 76128 72588 71518 3540 206112 38400 34864 167712 19792 147920 31546 8302 23244 17400 6312 116374 115412 5260 110152 97478 64396 9550 54846 11166 2638 43680 41006 7292 6708
internal_count=282240 76128 72588 71518 3540 206112 38400 34864 167712 19792 147920 31546 8302 23244 17400 6312 116374 115412 5260 110152 97478 64396 9550 54846 11166 2638 43680 41006 7292 6708
is_linear=0
shrinkage=0.05


Tree=106
num_leaves=31
num_cat=0
split_feature=16 10 12 1 5 2 3 8 17 0 7 7 16 3 3 16 2 2 15 0 3 15 16 2 3 1 17 15 3 15
split_gain=29.161 34.0681 31.4142 31.593 38.7316 39.3432 49.2223 54.3128 41.3949 40.5189 40.2117 33.8318 26.0708 25.3905 25.0857 29.9201 23.9054 68.6498 30.1146 23.3074 22.7822 22.5724 22.4061 21.9249 21.6013 21.5625 21.8671 21.2408 20.6896 48.0865
threshold=22.18975 4.7571428571428598 1.2062500000000003 6.5000000000000009 1.0000000180025095e-35 1.0000000180025095e-35 10.500000000000002 1.3995103636623367 54.000000000000007 1.5000000000000002 1.1824435237264119 0.70283645222135838 236.19477499999999 1.5000000000000002 8.5000000000000018 37.58325 5.5000000000000009 4.5000000000000009 0.041500000000000002 2.5000000000000004 10.500000000000002 0.58150000000000002 144.06050000000002 4.5000000000000009 5.5000000000000009 21.500000000000004 54.000000000000007 32.642500000000005 6.5000000000000009 42.557500000000012
decision_type=2 2 2 2 2 2 2 2 2 2 2 2 2 2 2 2 2 2 2 2 2 2 2 2 2 2 2 2 2 2
left_child=-1 2 3 28 5 6 7 9 12 10 14 13 16 -10 -5 -16 17 -7 -18 -13 -20 -11 -22 27 -4 26 -23 -6 -2 -30
right_child=1 -3 24 4 23 8 -8 -9 11 21 -12 19 -14 -15 15 -17 18 -19 20 -21 22 25 -24 -25 -26 -27 -28 -29 29 -31
leaf_value=0.0086214200321633027 -0.026887218430800178 -0.18097584521045573 -0.37431876947064591 0.049177187369265685 0.043330214982907206 -0.020329739746174403 0.62559178660178516 -0.4957633044632388 0.73567060655817473 -0.75508768113818725 -0.52331182847107738 -0.014903630436804028 -1.784883497767769 0.26115219130524897 0.38900816865688093 -1.0062551715328072 -0.56707169918825628 -0.23281842964645155 0.044759608145188784 0.201429192141174 0.51072356971956079 0.59483263301337008 -1.6766220178166904 0.022316997250577911 -0.075905895644277965 -0.11733200074306747 0.24513477831214978 -0.42334811198259703 -0.013391110186998834 -0.35794786440572762
leaf_weight=104342 26882 2994 1560 4848 700 35498 3404 764 763 156 392 31245 1508 4616 378 510 208 6747 5115 13791 1237 3732 102 1944 2600 996 3732 2916 9678 8882
leaf_count=104342 26882 2994 1560 4848 700 35498 3404 764 763 156 392 31245 1508 4616 378 510 208 6747 5115 13791 1237 3732 102 1944 2600 996 3732 2916 9678 8882
internal_value=-8.37939e-05 -0.000473024 -0.000382496 -0.000277901 0.000131682 0.000321107 0.00241381 0.00121873 -7.14073e-05 0.0018923 -0.00121573 0.000941684 -0.0010845 0.00468953 -0.000156904 -0.00788288 -0.000884843 -0.00132383 0.00189883 0.000494049 0.00250232 0.00410283 0.00830844 -0.00394784 -0.00467548 0.00445035 0.00537245 -0.00625 -0.00140729 -0.00269127
internal_weight=282240 177898 174904 170744 125302 119742 18912 15508 100830 14744 6128 50415 50415 5379 5736 888 48907 42245 6662 45036 6454 8616 1339 5560 4160 8460 7464 3616 45442 18560
internal_count=282240 177898 174904 170744 125302 119742 18912 15508 100830 14744 6128 50415 50415 5379 5736 888 48907 42245 6662 45036 6454 8616 1339 5560 4160 8460 7464 3616 45442 18560
is_linear=0
shrinkage=0.05


Tree=107
num_leaves=31
num_cat=0
split_feature=10 14 6 2 13 13 15 1 8 2 0 1 14 10 7 7 15 12 14 8 14 2 13 6 14 15 2 13 14 1
split_gain=25.9543 42.5882 31.2746 24.8571 38.7707 35.9366 34.0083 32.2167 31.6749 30.7669 27.5733 26.3793 26.0333 44.4446 27.5966 25.3706 28.1316 23.5928 22.5677 22.4495 22.3759 22.179 21.219 20.6717 21.5664 23.7279 33.8545 21.8165 20.3183 20.1453
threshold=0.021428571428571633 154.36050000000003 1.3056199373392212 4.5000000000000009 282.17000000000007 84.485000000000014 337.19400000000002 21.500000000000004 0.88496692339787264 5.5000000000000009 1.5000000000000002 16.500000000000004 20.861500000000003 -4.4642857142857117 0.52406445709415383 0.43113766468980014 11.882500000000002 0.65125000000000011 149.93500000000003 1.332604416611143 212.04000000000005 5.5000000000000009 14.975000000000003 0.40767640022651747 -1.9789999999999999 -1.7749999999999997 1.5000000000000002 194.76050000000004 19.932500000000001 4.5000000000000009
decision_type=2 2 2 2 10 10 2 2 2 2 2 2 2 2 2 2 2 2 2 2 2 2 8 2 2 2 2 10 2 2
left_child=3 -2 -3 4 6 11 7 8 10 -7 12 -5 13 -1 -15 16 -10 29 -8 23 -21 22 -13 -17 -25 26 -26 -27 -9 -12
right_child=1 2 -4 5 -6 9 18 28 15 -11 17 21 -14 14 -16 19 -18 -19 -20 20 -22 -23 -24 24 25 27 -28 -29 -30 -31
leaf_value=0.8458722490771301 -0.015028107501933542 -0.42281595262849914 -1.4918776740652544 -0.021233491509652147 2.2047992233403595 -0.5363906442486277 0.8611991220124815 0.017647846596289731 -0.24446541943274067 0.020297173474465427 0.10677217649135927 -0.071276532951751653 -0.16436462376394287 1.504418658605801 -0.0087239564778057842 -0.19526922961244778 0.76422125586964962 -0.064249055172058173 -2.802375265192353 -0.040522854229559702 -3.4633807607706788 0.11968973474788949 0.011514298235879794 0.10459436031743606 -0.02577382672192487 0.014950085834802708 0.40479116278771071 1.2273715950662614 -0.15402026345758807 0.5819105504201979
leaf_weight=848 68094 1142 518 39685 1132 3305 380 4292 204 1920 2940 1011 3375 624 4902 1121 911 1828 1206 8185 114 8332 6893 1082 394 102007 678 1031 8203 5883
leaf_count=848 68094 1142 518 39685 1132 3305 380 4292 204 1920 2940 1011 3375 624 4902 1121 911 1828 1206 8185 114 8332 6893 1082 394 102007 678 1031 8203 5883
internal_value=-7.56448e-05 -0.000912492 -0.0088253 0.000199072 0.000542817 -0.000651719 0.000473344 0.000551062 0.000774093 -0.00461722 0.00259069 -0.0002812 0.000669299 0.00254942 0.000913862 0.00045387 0.00795964 0.00434936 -0.00680958 0.00038085 -0.00212375 0.00141661 -0.000480769 0.000576364 0.000648338 0.000575353 0.00797575 0.00049836 -0.00187875 0.00542049
internal_weight=282240 69754 1660 212486 151340 61146 150208 148622 136127 5225 20400 55921 9749 6374 5526 115727 1115 10651 1586 114612 8299 16236 7904 106313 105192 104110 1072 103038 12495 8823
internal_count=282240 69754 1660 212486 151340 61146 150208 148622 136127 5225 20400 55921 9749 6374 5526 115727 1115 10651 1586 114612 8299 16236 7904 106313 105192 104110 1072 103038 12495 8823
is_linear=0
shrinkage=0.05


Tree=108
num_leaves=31
num_cat=0
split_feature=16 8 13 3 15 5 7 16 13 3 10 13 2 2 8 14 8 3 2 1 15 3 15 8 15 1 10 14 7 15
split_gain=28.0421 41.0497 28.1446 53.7739 22.6001 30.8588 22.5696 21.7384 22.2727 21.5802 32.6828 35.491 28.0992 44.7775 44.5388 32.1555 32.0062 25.8321 30.5106 28.5061 37.5368 42.9852 31.0819 27.618 24.6538 26.1431 23.2052 32.5557 22.5298 22.4983
threshold=80.671225000000007 1.5114310184483901 17.295000000000005 6.5000000000000009 170.59400000000002 1.0000000180025095e-35 1.9071230778825603 365.85675000000009 316.99500000000006 1.5000000000000002 -1.628571428571427 6.7625000000000002 4.5000000000000009 2.5000000000000004 0.96973023853934148 81.522500000000022 1.0168306545709338 10.500000000000002 1.5000000000000002 8.5000000000000018 13.749000000000001 11.500000000000002 46.905000000000008 0.93594573270719039 83.592500000000015 6.5000000000000009 0.69999999999999962 55.145000000000003 0.72158393049153802 0.041500000000000002
decision_type=2 2 8 2 2 2 2 2 8 2 2 8 2 2 2 2 2 2 2 2 2 2 2 2 2 2 2 2 2 2
left_child=4 2 3 -2 9 -6 7 -4 -9 10 11 -1 13 14 -12 26 -15 -11 -19 22 29 -22 -20 -24 25 -16 -14 -28 -18 -21
right_child=1 -3 6 -5 5 -7 -8 8 -10 17 12 -13 15 16 24 -17 28 18 19 20 21 -23 23 -25 -26 -27 27 -29 -30 -31
leaf_value=-0.32204466295794409 0.1440168622194655 -0.40545043856524682 -0.024612300011733625 -0.84551496493726153 0.88567827440883762 -0.83580763128433166 -0.9854661069409254 -6.131116475619347 -1.3233073233238137 -0.0052191142353164438 0.80889051628289566 0.53508627710781165 -0.15458742251723639 0.85364430841970107 -0.21607368345469213 0.48457041179619487 0.5580267393785967 0.10709312444501028 -0.00076607931776461195 0.13422012299807004 0.38576891086694132 -0.0021765299210128488 0.21787098639745706 -0.34967681625738567 -0.82972606643288715 0.095303345217763014 -0.16989120223468759 0.42945181906716212 -0.047101828924007452 -0.067942794918069871
leaf_weight=169 1171 2636 48458 1555 1580 116 286 329 729 177078 906 2719 2894 2090 1674 342 314 8100 7150 612 5232 4308 428 1984 710 2504 834 130 1370 3832
leaf_count=169 1171 2636 48458 1555 1580 116 286 329 729 177078 906 2719 2894 2090 1674 342 314 8100 7150 612 5232 4308 428 1984 710 2504 834 130 1370 3832
internal_value=-7.01531e-05 -0.00108132 -0.000775777 -0.00572267 0.000175492 0.00592571 -0.000505 -0.000424105 -0.00751418 0.000132221 0.00186419 0.00670014 0.000849797 0.00234636 -0.000414222 -0.00255952 0.00658453 -5.98877e-06 0.0013098 0.000399219 0.00183781 0.00360587 -0.00170466 -0.00661277 -0.00230155 -0.000837721 -0.0038621 -0.0105809 0.00145487 -0.0019577
internal_weight=282240 55164 52528 2726 227076 1696 49802 49516 1058 225380 16656 2888 13768 9568 5794 4200 3774 208724 31646 23546 13984 9540 9562 2412 4888 4178 3858 964 1684 4444
internal_count=282240 55164 52528 2726 227076 1696 49802 49516 1058 225380 16656 2888 13768 9568 5794 4200 3774 208724 31646 23546 13984 9540 9562 2412 4888 4178 3858 964 1684 4444
is_linear=0
shrinkage=0.05


Tree=109
num_leaves=31
num_cat=0
split_feature=16 14 5 12 1 1 2 0 7 16 6 14 8 3 3 3 6 14 15 7 3 15 14 15 15 14 2 15 15 2
split_gain=26.7153 29.0758 33.313 25.6036 29.1445 33.7175 42.0592 45.7375 61.5761 49.798 61.3574 33.2241 45.5079 33.1768 45.8898 48.8061 39.2159 29.0767 33.1062 26.7921 28.2499 24.8005 23.7194 23.2963 22.4588 26.4234 21.6386 30.6422 29.557 22.8124
threshold=18.835700000000003 5.1435000000000004 1.0000000180025095e-35 1.4587500000000002 6.5000000000000009 21.500000000000004 3.5000000000000004 1.5000000000000002 1.0042859353365239 53.12957500000001 1.3426241903139282 212.04000000000005 1.0714778440547319 1.5000000000000002 7.5000000000000009 6.5000000000000009 0.8882316848266788 123.80150000000002 80.592500000000015 1.0278388258810482 4.5000000000000009 -2.0949999999999993 110.38700000000001 4.541500000000001 49.943500000000007 49.721000000000011 4.5000000000000009 2.2110000000000007 190.16000000000003 1.5000000000000002
decision_type=2 2 2 2 2 2 2 2 2 2 2 2 2 2 2 2 2 2 2 2 2 2 2 2 2 2 2 2 2 2
left_child=-1 -2 3 4 23 6 7 8 22 10 -10 13 -13 -9 15 19 -16 21 -19 24 -21 -8 -6 -3 -15 -26 28 -28 29 -4
right_child=1 2 26 -5 5 -7 17 11 9 -11 -12 12 -14 14 16 -17 -18 18 -20 20 -22 -23 -24 -25 25 -27 27 -29 -30 -31
leaf_value=0.0088194317471878125 0.51068797533105836 0.053747279532060335 -0.0010298042014895259 -0.18798860232924142 0.053620043804595466 -0.091501898147917496 -1.0417350211568266 0.65765839459718789 -0.21660147782759107 -0.4498171507783475 0.069697569932527612 -0.14670095893038973 -2.4920471920198217 -0.032163001837940478 0.69029231826128468 -0.15545097473719643 0.2147779146481914 -0.74286213367454634 -0.17730389772483673 -0.3537442346738966 0.26365914186935491 -0.012279062946567693 -0.30845038575402184 -0.085554180295117133 0.73650513540213147 0.1667628316654903 0.65277668499626396 -0.093758405738031403 -1.3917694637213378 -0.36029625119266406
leaf_weight=93344 2076 4962 1782 2304 21836 14662 248 3702 1266 1826 1346 1914 382 3660 3282 3630 11854 2044 2796 2238 1132 37822 4126 42186 2094 7390 138 2782 358 3058
leaf_count=93344 2076 4962 1782 2304 21836 14662 248 3702 1266 1826 1346 1914 382 3660 3282 3630 11854 2044 2796 2238 1132 37822 4126 42186 2094 7390 138 2782 358 3058
internal_value=-7.54677e-05 -0.000417425 -0.000482818 -0.000340511 -0.000272112 0.000116054 0.000404929 0.0011461 -0.000325658 -0.00576836 -0.00133997 0.00223 -0.00361498 0.00257427 0.00210176 0.000538622 0.00418208 -0.000833139 -0.00448347 0.0016925 -0.00228487 -0.000369057 0.00060473 -0.00133622 0.00271226 0.0039962 -0.00361542 -0.000171233 -0.00555021 -0.00452479
internal_weight=282240 188896 186820 178702 176398 129250 114588 71678 30400 4438 2612 41278 2296 38982 35280 20144 15136 42910 4840 16514 3370 38070 25962 47148 13144 9484 8118 2920 5198 4840
internal_count=282240 188896 186820 178702 176398 129250 114588 71678 30400 4438 2612 41278 2296 38982 35280 20144 15136 42910 4840 16514 3370 38070 25962 47148 13144 9484 8118 2920 5198 4840
is_linear=0
shrinkage=0.05


Tree=110
num_leaves=31
num_cat=0
split_feature=16 7 10 13 0 16 13 2 2 16 13 3 10 15 13 3 0 3 3 12 16 12 15 10 3 2 6 0 2 0
split_gain=24.9088 35.7744 31.7983 27.6764 26.7096 23.483 24.0816 29.5525 26.4799 30.2097 23.227 20.6696 20.097 19.6627 19.5724 48.092 27.2756 28.7975 31.583 26.211 22.6441 21.852 18.4187 30.6673 30.6708 32.7457 24.5103 36.8991 23.0721 40.6571
threshold=32.780750000000005 1.6510462438667208 4.3285714285714327 -0.15899999999999997 1.5000000000000002 365.85675000000009 165.47100000000003 4.5000000000000009 5.5000000000000009 124.68355 316.99500000000006 7.5000000000000009 -0.92857142857142794 77.185000000000016 50.641000000000012 1.5000000000000002 1.5000000000000002 2.5000000000000004 4.5000000000000009 0.57375000000000009 161.05507500000002 0.34375000000000006 79.045000000000016 2.6999999999999997 10.500000000000002 2.5000000000000004 1.3731534971766692 1.0000000180025095e-35 4.5000000000000009 2.5000000000000004
decision_type=2 2 2 8 2 2 10 2 2 2 8 2 2 2 10 2 2 2 2 2 2 2 2 2 2 2 2 2 2 2
left_child=22 2 3 -2 -4 6 12 11 -9 -10 -7 -8 14 -13 15 -5 17 20 -19 -20 -17 -18 26 24 -24 -26 28 -28 29 -1
right_child=1 -3 4 5 -6 10 7 8 9 -11 -12 13 -14 -15 -16 16 21 18 19 -21 -22 -23 23 -25 25 -27 27 -29 -30 -31
leaf_value=0.0020979547930426892 -0.31398923099182491 -0.15964310825928277 -0.38030053340662723 0.52520494286177322 -0.088684290168930743 -5.8388065834255087 -0.096239755551691175 -0.95771803654936782 2.8413658620389484 -0.27476967819897097 -1.4235944384809505 2.5143096558054805 -0.034316175025324205 0.77297562059586156 -0.057442063615011654 0.3441722695205931 0.28008777652855471 -0.62460034341373727 -0.23484997758164355 0.46393131158750844 -3.1990303223782761 -0.090180957283782351 0.093935580689392992 -0.16835392011890116 -0.015460363367365721 1.5013857925228495 0.036802939355481339 0.0022596332478782787 -0.017820598754510853 0.18741586324669754
leaf_weight=62190 1016 4156 1032 1696 1594 337 953 646 158 262 735 842 111910 1780 6362 1051 6234 716 1588 359 92 2309 5442 678 514 1094 5784 11178 41044 8488
leaf_count=62190 1016 4156 1032 1696 1594 337 953 646 158 262 735 842 111910 1780 6362 1051 6234 716 1588 359 92 2309 5442 678 514 1094 5784 11178 41044 8488
internal_value=-7.44048e-05 -0.000528705 -0.000394573 -0.00029163 -0.00584539 -0.000231109 -0.000173411 0.00336673 -0.00393996 0.00583333 -0.00760261 0.00554545 -0.000297581 0.00783753 0.00114544 0.00218761 0.00110333 -0.00241724 -0.00526662 -0.00196456 0.00422135 0.00267178 0.000411254 0.00278209 0.00375887 0.00982587 0.000268876 0.00203985 0 0.000547554
internal_weight=282240 145828 141672 139046 2626 138030 136958 4641 1066 420 1072 3575 132317 2622 20407 14045 12349 3806 2663 1947 1143 8543 136412 7728 7050 1608 128684 16962 111722 70678
internal_count=282240 145828 141672 139046 2626 138030 136958 4641 1066 420 1072 3575 132317 2622 20407 14045 12349 3806 2663 1947 1143 8543 136412 7728 7050 1608 128684 16962 111722 70678
is_linear=0
shrinkage=0.05


Tree=111
num_leaves=31
num_cat=0
split_feature=16 8 13 14 13 16 15 5 8 7 2 7 2 2 2 13 5 14 14 0 8 16 12 14 0 8 13 6 15 7
split_gain=24.6837 36.371 27.7875 27.9067 21.2108 30.2754 20.0365 26.9105 19.7433 19.6365 19.5495 19.5647 28.0802 17.9821 17.8765 35.1609 21.8059 22.9558 20.8271 19.8182 24.2586 17.4718 17.0516 17.1184 17.5387 35.4845 28.0378 26.9391 43.1889 42.4305
threshold=80.671225000000007 1.5114310184483901 17.295000000000005 166.36000000000004 413.92000000000002 365.85675000000009 170.59400000000002 1.0000000180025095e-35 0.96465340681158218 1.9071230778825603 5.5000000000000009 0.58379807704208198 4.5000000000000009 3.5000000000000004 1.5000000000000002 108.92250000000001 1.0000000180025095e-35 74.431500000000014 83.556500000000014 1.5000000000000002 1.2805131507803129 133.26500000000001 1.7262500000000003 -6.0199999999999987 2.5000000000000004 0.99857713534972048 103.36500000000002 1.3647559385888377 55.405000000000008 1.2746467086244997
decision_type=2 2 8 2 10 2 2 2 2 2 2 2 2 2 2 10 2 2 2 2 2 2 2 2 2 2 8 2 2 2
left_child=6 2 3 8 5 9 22 -8 -2 14 11 12 -3 -10 15 16 17 -4 21 -19 -21 -16 23 -1 27 26 -26 29 -29 -25
right_child=1 10 4 -5 -6 -7 7 -9 13 -11 -12 -13 -14 -15 18 -17 -18 19 -20 20 -22 -23 -24 24 25 -27 -28 28 -30 -31
leaf_value=0.12276080143805929 0.41756446836206007 0.26559934078615183 1.3422813948837977 -2.0012828512099818 3.444880520786358 -4.8441813759292796 0.82130010076794813 -0.73534093196205486 -0.27300185157984419 -0.91017831412959205 0.52584964564183279 -0.55628664130437411 -1.2040355249401418 -0.67191360225359242 -0.39970326233015951 0.58522670359172035 -0.79068628906108041 -0.23187908248674136 -0.056598092895844859 0.16681912045002401 -0.63802225248893762 -2.446284172711755 -0.11215515113917292 -0.0028845090044916869 0.025552176365534685 0.0061798061283287464 0.42675559057562201 0.02030854366764432 -0.087257507882424479 -0.055300367429739275
leaf_weight=1064 522 366 469 316 502 912 1580 116 1381 286 140 2046 84 507 2564 2504 420 3851 28291 9069 817 117 1996 148194 4706 32944 6548 17834 2686 9408
leaf_count=1064 522 366 469 316 502 912 1580 116 1381 286 140 2046 84 507 2564 2504 420 3851 28291 9069 817 117 1996 148194 4706 32944 6548 17834 2686 9408
internal_value=-7.28104e-05 -0.0010215 -0.000733894 -0.0056493 -0.000464841 -0.000568966 0.000157656 0.00557193 -0.00381743 -0.000398859 -0.00675266 -0.00777244 0.00166667 -0.00619703 -0.000321192 0.000974898 3.76043e-05 0.000369562 -0.00103803 -1.8199e-06 0.00118349 -0.00524991 0.000116914 0.000158024 0.000127744 0.00101928 0.00344322 -9.34753e-05 0.00161062 -0.000315351
internal_weight=282240 55164 52528 2726 49802 49300 227076 1696 2410 48388 2636 2496 450 1888 48102 17130 14626 14206 30972 13737 9886 2681 225380 223384 222320 44198 11254 178122 20520 157602
internal_count=282240 55164 52528 2726 49802 49300 227076 1696 2410 48388 2636 2496 450 1888 48102 17130 14626 14206 30972 13737 9886 2681 225380 223384 222320 44198 11254 178122 20520 157602
is_linear=0
shrinkage=0.05


Tree=112
num_leaves=31
num_cat=0
split_feature=16 6 13 13 3 10 3 8 4 15 13 10 5 13 16 13 15 13 3 8 8 14 13 13 15 7 7 15 3 13
split_gain=24.6235 39.5914 36.1364 31.6475 35.3376 22.5163 19.24 29.6397 36.38 45.4845 30.7212 31.8843 26.6889 25.574 22.6095 35.0549 29.0861 40.9785 27.0563 33.3204 24.2516 22.2676 23.8283 18.9472 34.1952 35.7412 20.2003 25.496 25.8444 17.8376
threshold=154.37575000000001 1.3647559385888377 34.981500000000004 209.94500000000002 10.500000000000002 4.2285714285714313 1.5000000000000002 0.97901316779805636 1.0000000180025095e-35 20.792500000000004 95.295000000000016 -0.24285714285714352 1.0000000180025095e-35 36.205000000000005 18.835700000000003 -1.0000000180025095e-35 96.264000000000024 102.02250000000002 2.5000000000000004 1.2267030216756083 0.59523466199123032 5.1435000000000004 36.205000000000005 -0.028999999999999995 39.365000000000002 1.0997698421933204 0.93237283874569543 10.071000000000002 2.5000000000000004 6.7625000000000002
decision_type=2 2 8 10 2 2 2 2 2 2 10 2 2 10 2 8 2 8 2 2 2 2 8 10 2 2 2 2 2 8
left_child=3 2 -2 5 -5 6 7 8 9 -1 11 12 29 -10 23 -16 21 -18 20 -20 -19 22 -17 24 -8 -26 -25 -28 -29 -9
right_child=1 -3 -4 4 -6 -7 14 10 13 -11 -12 -13 -14 -15 15 16 17 18 19 -21 -22 -23 -24 26 25 -27 27 28 -30 -31
leaf_value=0.06774051724402412 -1.4220586911559352 -1.405400334197652 -0.12413453011721387 -0.22318155246757351 2.2174904957464809 -0.032173430535893076 -0.010140287659720793 -0.21951460921146296 -0.15277555266618104 1.9391696354339896 -0.24806064019629492 0.027158964927278206 -0.19111203779992517 0.54869111100599999 -0.19634903863969377 -0.34886502731964786 -0.1048750004982793 -0.4712285112082823 0.2112410683097819 -0.41793560698509435 0.50297561369155452 -0.029660579817959311 0.8769161049743851 -0.0093433327583025694 0.27013380210402405 -0.060982222629456587 0.03929366041066365 0.4514226567787134 0.002128362130752313 0.39504666502928615
leaf_weight=826 662 584 9704 614 754 10578 39883 149 721 1055 2365 12522 194 215 2455 236 9661 321 13821 1375 3898 121527 948 11121 4441 1306 14187 388 12702 3027
leaf_count=826 662 584 9704 614 754 10578 39883 149 721 1055 2365 12522 194 215 2455 236 9661 321 13821 1375 3898 121527 948 11121 4441 1306 14187 388 12702 3027
internal_value=-7.72392e-05 -0.00240183 -0.00168821 1.65874e-05 0.00760234 -2.18582e-05 7.03699e-05 0.00151846 0.00629215 0.0103004 0.000781892 0.00157312 0.00589021 -0.00176282 -5.77076e-05 -0.000417202 -0.000321338 0.00110056 0.00242467 0.00144117 0.00596705 -0.000658254 0.00616554 0.00060218 -8.65659e-05 0.00351923 0.00142065 0.00215291 0.000561497 0.00698992
internal_weight=282240 10950 10366 271290 1368 269922 259344 21074 2817 1881 18257 15892 3370 936 238270 154242 151787 29076 19415 15196 4219 122711 1184 84028 45630 5747 38398 27277 13090 3176
internal_count=282240 10950 10366 271290 1368 269922 259344 21074 2817 1881 18257 15892 3370 936 238270 154242 151787 29076 19415 15196 4219 122711 1184 84028 45630 5747 38398 27277 13090 3176
is_linear=0
shrinkage=0.05


Tree=113
num_leaves=31
num_cat=0
split_feature=16 13 8 10 14 7 3 13 16 3 14 13 8 0 6 4 14 5 14 16 8 13 7 3 3 7 16 5 16 4
split_gain=24.1175 40.9945 23.7651 21.9968 23.9689 26.3053 22.5296 43.8657 36.8957 31.9745 44.1767 53.0845 52.7243 32.995 30.6861 29.3876 29.0294 27.6272 27.0337 22.4771 26.0589 26.2996 30.1778 29.8374 84.9837 119.984 39.8214 37.7656 46.2144 29.0952
threshold=212.77375000000004 130.73500000000004 1.2116795394887745 0.021428571428571633 149.93500000000003 1.0278388258810482 10.500000000000002 71.342500000000015 94.65155 6.5000000000000009 40.587500000000013 15.353500000000002 0.99857713534972048 2.5000000000000004 1.1616602035052177 1.0000000180025095e-35 -0.72899999999999987 1.0000000180025095e-35 16.552500000000006 56.073350000000012 1.0656205147787101 41.685000000000009 1.0000317254658451 5.5000000000000009 4.5000000000000009 0.97662020488275358 31.254750000000005 1.0000000180025095e-35 5.3487500000000008 1.0000000180025095e-35
decision_type=2 8 2 2 2 2 2 8 2 2 2 10 2 2 2 2 2 2 2 2 2 8 2 2 2 2 2 2 2 2
left_child=3 -2 -3 6 -5 -6 9 8 -8 13 14 12 -12 19 16 18 -11 -9 -15 20 21 -1 23 24 26 -26 29 28 -25 -23
right_child=1 2 -4 4 5 -7 7 17 -10 10 11 -13 -14 15 -16 -17 -18 -19 -20 -21 -22 22 -24 27 25 -27 -28 -29 -30 -31
leaf_value=-0.018994806153622524 -1.8874031816526156 -0.12520276005598846 -3.7235362879186908 -0.013163137704294937 -0.097125897354885513 -0.95893336701220877 -0.010132602475411191 0.26154112798364154 -0.6755226649665993 0.058079855276820559 0.14463361210709971 0.035331319694909345 -0.48974329933705774 0.74780009663775049 0.033817037580724296 -0.022965138870869515 -0.016634647006553326 -0.11554078574895438 0.16603904447506412 -0.067976360976589947 -0.030655336822825664 0.54050611418200811 -0.073399914809837055 -0.065412247733300441 1.2587558492279272 -0.34602665612243888 0.059144135977744039 -0.19082836273353931 0.36589174517209327 0.052302279983088784
leaf_weight=14033 990 4301 127 67830 922 780 8129 19873 1151 3456 2130 6890 9244 2164 4930 7426 45168 1583 16630 24808 7356 4685 2058 1095 856 3750 12550 586 4383 2356
leaf_count=14033 990 4301 127 67830 922 780 8129 19873 1151 3456 2130 6890 9244 2164 4930 7426 45168 1583 16630 24808 7356 4685 2058 1095 856 3750 12550 586 4383 2356
internal_value=-7.38733e-05 -0.00337763 -0.00132114 -9.2117e-06 -0.000778778 -0.00663925 0.000248927 0.00149824 -0.00137392 3.14351e-05 -0.000781141 -0.00290462 -0.00500264 0.000588623 -5.69519e-05 0.00212433 -0.000438055 0.00274049 0.00317655 7.57807e-05 0.000650741 0.00108949 0.00187428 0.00227273 0.00148675 -0.0046244 0.00292354 0.00540897 0.00669953 0.00593311
internal_weight=282240 5418 4428 276822 69532 1702 207290 30736 9280 176554 71818 18264 11374 104736 53554 26220 48624 21456 18794 78516 53708 46352 32319 30261 24197 4606 19591 6064 5478 7041
internal_count=282240 5418 4428 276822 69532 1702 207290 30736 9280 176554 71818 18264 11374 104736 53554 26220 48624 21456 18794 78516 53708 46352 32319 30261 24197 4606 19591 6064 5478 7041
is_linear=0
shrinkage=0.05


Tree=114
num_leaves=31
num_cat=0
split_feature=16 13 1 1 2 13 12 7 6 2 13 12 16 1 5 7 16 3 2 13 13 16 5 16 6 6 16 0 7 7
split_gain=24.0737 23.4267 23.0374 30.9672 38.9046 39.4917 38.8957 33.5019 32.9188 30.4469 30.3504 29.1729 30.7921 26.5418 56.59 34.2017 33.771 31.832 31.4089 66.5789 28.5878 25.1608 25.0169 23.7612 23.4611 22.1577 22.1182 23.5495 24.3212 21.8169
threshold=365.85675000000009 316.99500000000006 22.500000000000004 15.500000000000002 4.5000000000000009 84.485000000000014 0.50375000000000003 0.62943443378992747 1.2770880512574194 5.5000000000000009 165.47100000000003 0.2687500000000001 7.851 5.5000000000000009 1.0000000180025095e-35 1.3301345007876055 18.835700000000003 5.5000000000000009 1.0000000180025095e-35 -0.99899999999999989 -0.078499999999999986 9.8197500000000009 1.0000000180025095e-35 144.06050000000002 1.4299765917540848 0.80732175985226029 67.827125000000009 1.5000000000000002 1.1529887049838079 0.40018894417468748
decision_type=2 8 2 2 2 10 2 2 2 2 10 2 2 2 2 2 2 2 2 10 8 2 2 2 2 2 2 2 2 2
left_child=2 -2 3 4 10 8 7 -5 11 26 13 -6 25 -1 15 18 24 -17 19 -15 21 -20 -10 29 -16 -13 -9 28 -28 -22
right_child=1 -3 -4 6 5 -7 -8 9 22 -11 -12 12 -14 14 16 17 -18 -19 20 -21 23 -23 -24 -25 -26 -27 27 -29 -30 -31
leaf_value=-0.024490452373037375 -5.2921903209491097 -1.1646048158486697 -0.061166849373032343 0.27698337907582865 -0.025954856377103621 -0.38559196803110291 0.10881686109187046 0.0093661203045904973 0.021138565776613619 0.087817729071573772 0.90017805864902378 -0.082235246959232358 -0.22213282308893367 0.011578146923809563 -0.030850045477440014 -0.10611193989877768 -0.43692080724768811 0.0097390743405871179 0.15268633877775492 0.43270830640518193 0.78952469229276812 -0.34577985799887312 -0.070699186591177743 -0.49018225010473948 0.078265767447979112 0.021739802848865581 -0.27064966421179742 -0.058276550688349471 -0.7227192949312724 0.036356363698907046
leaf_weight=50019 337 735 11760 5846 36625 3946 8302 38940 6983 9804 2097 1698 2646 7689 668 4021 2306 4818 110 6373 910 326 284 3025 222 1570 4476 13964 496 51244
leaf_count=50019 337 735 11760 5846 36625 3946 8302 38940 6983 9804 2097 1698 2646 7689 668 4021 2306 4818 110 6373 910 326 284 3025 222 1570 4476 13964 496 51244
internal_value=-7.74164e-05 -0.00755597 -4.89031e-05 4.56557e-05 -0.000308402 -0.0014446 0.000857286 0.000490983 -0.00106312 0.000177305 0.000147951 -0.00159442 -0.00485289 5.29488e-05 0.000608234 0.000873707 -0.00591364 -0.00205623 0.00124539 0.00335656 0.000711589 -0.0120413 0.00204692 0.000812356 0.00235955 -0.00160649 -0.000259175 -0.00166086 -0.00461585 0.00106224
internal_weight=282240 1072 281168 269408 187580 53752 81828 73526 49806 67680 133828 42539 5914 131731 81712 78516 3196 8839 69677 14062 55615 436 7267 55179 890 3268 57876 18936 4972 52154
internal_count=282240 1072 281168 269408 187580 53752 81828 73526 49806 67680 133828 42539 5914 131731 81712 78516 3196 8839 69677 14062 55615 436 7267 55179 890 3268 57876 18936 4972 52154
is_linear=0
shrinkage=0.05


Tree=115
num_leaves=31
num_cat=0
split_feature=14 7 13 6 1 1 2 1 5 1 13 6 12 14 7 15 12 3 14 8 15 3 7 13 3 13 15 3 8 5
split_gain=21.3138 40.1918 29.7265 25.2677 23.7962 37.0453 37.8467 34.1057 43.7732 33.6466 28.1588 28.092 32.5188 37.9649 25.0631 24.6465 24.4031 60.4785 49.9183 27.9833 26.5919 33.9145 24.7983 22.7864 22.4143 21.902 22.4313 21.8262 21.0078 20.471
threshold=117.55150000000002 1.198597428744437 24.951500000000003 1.1087833437873609 22.500000000000004 15.500000000000002 4.5000000000000009 5.5000000000000009 1.0000000180025095e-35 19.500000000000004 11.532500000000001 1.2770880512574194 0.2687500000000001 3.9510000000000005 0.67853887889321329 8.1910000000000007 0.2737500000000001 7.5000000000000009 20.861500000000003 0.8403070947573209 10.071000000000002 9.5000000000000018 1.8231230113191974 102.02250000000002 5.5000000000000009 1.0000000180025095e-35 44.315000000000005 4.5000000000000009 0.52987373342202848 1.0000000180025095e-35
decision_type=2 2 8 2 2 2 2 2 2 2 8 2 2 2 2 2 2 2 2 2 2 2 2 10 2 10 2 2 2 2
left_child=4 2 -2 -3 5 6 7 25 16 14 24 12 -8 27 -7 -15 19 18 22 -9 21 -19 -18 29 -10 28 -27 -14 -1 -13
right_child=1 3 -4 -5 -6 9 11 8 10 -11 -12 23 13 15 -16 -17 17 20 -20 -21 -22 -23 -24 -25 -26 26 -28 -29 -30 -31
leaf_value=0.17931038953794226 -0.65563906262793026 -0.19718660879557254 -0.036709824609114872 -0.74902610736399 -0.05810850690438072 0.46273416883159624 -0.033205563276348028 0.28344344040809244 -0.092006207512224505 -0.0028270393326353116 -0.26415348769368385 0.019739738219617314 -0.11896245288413043 -0.071977979889583835 0.048468214667134302 -0.3379027082161048 0.034524497827527645 0.36107376321764334 -0.19669207176897371 0.047461934673004039 0.054912158569424378 -0.046872425530487358 -0.14474744715600543 -0.82920017512828792 0.11758236866151162 0.028272453445925327 -0.075276025999179819 0.016374694930821266 -0.059087177492543642 -0.067164227261618858
leaf_weight=1616 1260 1210 23124 1478 11240 3058 38316 5194 231 31112 2530 7078 544 1586 36612 1944 6116 1462 7272 44318 4400 414 268 180 259 14690 7647 2140 24657 284
leaf_count=1616 1260 1210 23124 1478 11240 3058 38316 5194 231 31112 2530 7078 544 1586 36612 1944 6116 1462 7272 44318 4400 414 268 180 259 14690 7647 2140 24657 284
internal_value=-8.07823e-05 -0.00141475 -0.000775098 -0.00721726 6.07443e-05 0.000164393 -0.000229575 0.000255216 0.000942537 0.00112811 -0.00495033 -0.00135678 -0.00183472 -0.00518989 0.00209352 -0.00859773 0.00119881 -0.000278447 -0.00214558 0.0017935 0.00378426 0.00876866 0.00108083 0.00146513 0.00602041 -0.000769389 0.000381654 -0.000707899 -0.00174799 0.00189487
internal_weight=282240 27072 24384 2688 255168 243928 173146 121074 72464 70782 3020 52072 44530 6214 39670 3530 69444 19932 13656 49512 6276 1876 6384 7542 490 48610 22337 2684 26273 7362
internal_count=282240 27072 24384 2688 255168 243928 173146 121074 72464 70782 3020 52072 44530 6214 39670 3530 69444 19932 13656 49512 6276 1876 6384 7542 490 48610 22337 2684 26273 7362
is_linear=0
shrinkage=0.05


Tree=116
num_leaves=31
num_cat=0
split_feature=14 7 0 13 8 1 1 0 8 2 14 3 3 7 8 12 7 14 8 5 1 7 5 2 3 10 13 12 7 6
split_gain=19.6759 36.608 37.5918 35.7444 24.0367 21.465 45.0021 39.235 37.0392 36.4164 29.3652 36.3195 61.4717 52.059 36.4702 35.5441 29.7314 26.1985 24.4816 24.3113 24.1269 23.5694 19.2439 26.3445 48.9479 47.6996 19.0928 18.9827 22.6639 28.393
threshold=133.79850000000002 1.0520539439741829 2.5000000000000004 17.635000000000002 0.89255408199209196 21.500000000000004 15.500000000000002 1.5000000000000002 0.99857713534972048 1.5000000000000002 3.6815000000000002 9.5000000000000018 6.5000000000000009 1.2159563601304679 1.3082459775574546 0.55125000000000013 0.45119325611371203 28.752500000000001 1.9280603271430354 1.0000000180025095e-35 6.5000000000000009 1.0000317254658451 1.0000000180025095e-35 5.5000000000000009 2.5000000000000004 0.12857142857142825 413.92000000000002 0.55875000000000019 1.0690345432842003 1.3731534971766692
decision_type=2 2 2 8 2 2 2 2 2 2 2 2 2 2 2 2 2 2 2 2 2 2 2 2 2 2 10 2 2 2
left_child=5 3 -3 -2 -4 6 9 27 19 10 21 12 15 -14 -15 -12 -13 -11 22 -9 -18 -1 -19 -24 -25 -26 -5 28 -8 -30
right_child=1 2 4 26 -6 -7 7 8 -10 17 11 16 13 14 -16 -17 20 18 -20 -21 -22 -23 23 24 25 -27 -28 -29 29 -31
leaf_value=0.16433936497970719 -1.1007204043432062 -0.96313118834699196 0.63739905562124055 -0.072667730545721204 -0.54041061918712108 -0.039627743068078057 0.013489782797406757 0.46169869121162965 0.07801002858502451 -0.00055084264670672014 0.07649691661595856 -0.48119499917916642 -0.11879496548170086 0.31114614468025192 -0.069687220874336472 -0.13514284084168851 0.017225931498687543 -0.060707332671950276 -0.32746141062579392 -0.2291502755492883 0.3434803032483707 -0.0015613679107445322 -0.39422013459840372 -2.0539316893814328 0.53239959710402018 -0.78685395927807067 3.0991772607511514 0.060175792156032394 -0.10385780688767587 0.0019905027027984912
leaf_weight=4480 568 1144 432 15879 920 22584 24760 6916 22048 69394 19282 216 9584 986 458 2800 4430 54926 316 412 5366 2144 2216 128 480 106 487 3372 2658 2748
leaf_count=4480 568 1144 432 15879 920 22584 24760 6916 22048 69394 19282 216 9584 986 458 2800 4430 54926 316 412 5366 2144 2216 128 480 106 487 3372 2658 2748
internal_value=-8.32625e-05 -0.00161863 -0.00727163 -0.000785402 -0.00162722 3.025e-05 0.000168799 0.00131767 0.00265182 -0.000238845 0.000908616 0.000432494 -0.000365449 -0.00341404 0.00543629 0.00115705 0.00307131 -0.000686311 -0.00146892 0.00573144 0.00347591 0.00400815 -0.00139311 -0.0053413 0.0030112 0.00912969 -0.000357448 0.000149085 -0.000248624 -0.00318165
internal_weight=282240 19430 2496 16934 1352 262810 240226 62914 29376 177312 49746 43122 33110 11028 1444 22082 10012 127566 58172 7328 9796 6624 57856 2930 714 586 16366 33538 30166 5406
internal_count=282240 19430 2496 16934 1352 262810 240226 62914 29376 177312 49746 43122 33110 11028 1444 22082 10012 127566 58172 7328 9796 6624 57856 2930 714 586 16366 33538 30166 5406
is_linear=0
shrinkage=0.05


Tree=117
num_leaves=31
num_cat=0
split_feature=16 13 10 3 13 16 3 13 5 16 2 2 0 2 16 3 15 8 16 15 16 8 2 15 7 3 3 16 8 10
split_gain=23.9837 23.4267 20.4336 22.1196 41.0345 35.8254 34.1518 38.3642 33.8494 30.9605 30.6596 29.8685 27.8333 24.4069 22.9347 59.3922 40.9732 26.6559 24.8104 22.8085 22.2206 24.6617 28.8294 48.3883 47.5327 43.9595 82.3597 43.8548 39.0781 33.8457
threshold=365.85675000000009 316.99500000000006 0.021428571428571633 10.500000000000002 71.342500000000015 94.65155 6.5000000000000009 -1.0000000180025095e-35 1.0000000180025095e-35 -0.49174999999999991 5.5000000000000009 1.5000000000000002 2.5000000000000004 4.5000000000000009 40.617850000000011 7.5000000000000009 94.197500000000005 0.99857713534972048 88.247500000000016 67.77500000000002 56.073350000000012 1.0656205147787101 3.5000000000000004 61.545000000000009 0.78462975126598034 5.5000000000000009 4.5000000000000009 4.8824750000000003 0.98710200835667272 -1.0000000180025095e-35
decision_type=2 8 2 2 8 2 2 10 2 2 2 2 2 2 2 2 2 2 2 2 2 2 2 2 2 2 2 2 2 2
left_child=2 -2 3 6 5 -5 12 14 11 -9 -10 -6 20 -14 -8 19 17 -17 -18 -16 21 22 24 28 -1 26 -26 -28 -24 -27
right_child=1 -3 -4 4 8 -7 7 9 10 -11 -12 -13 13 -15 15 16 18 -19 -20 -21 -22 -23 23 -25 25 29 27 -29 -30 -31
leaf_value=0.91456417682488245 -5.0221119271439107 -1.2594979468633385 -0.016835039891679834 -0.0085918672649274441 0.53280947047936333 -0.64217159349297048 -0.026256230912099623 0.15593943420528844 -0.28965368575735101 0.0020915040283859699 0.40772188820540856 0.15436045182437969 0.20407562033421778 -0.018527332414907872 -0.66449181611634978 0.17762850641053618 1.0012057075160639 -0.61413555091301664 -0.077637155648569822 -0.22100673932333947 -0.067977708001456 -0.028674239566138873 -0.086294723585320421 -0.3490302935439078 0.11922089234803118 -0.060979430237947552 0.080868255979268999 -0.2345905019667486 0.065119908252926129 0.2469675152544174
leaf_weight=2636 337 735 69744 8129 5955 1310 28646 763 1401 32788 356 16765 18868 7426 1666 961 955 3856 1544 1407 24920 7356 3308 3504 12434 704 524 4126 14746 4370
leaf_count=2636 337 735 69744 8129 5955 1310 28646 763 1401 32788 356 16765 18868 7426 1666 961 955 3856 1544 1407 24920 7356 3308 3504 12434 704 524 4126 14746 4370
internal_value=-9.14116e-05 -0.00755597 -6.29517e-05 0.000181862 0.00135187 -0.00144878 -4.16883e-05 -0.000875513 0.00243187 0.000364371 -0.00425441 0.00294894 0.000535159 0.00194341 -0.00194121 -0.0039537 -0.00150355 -0.00419867 0.00369148 -0.00978685 6.42265e-05 0.000636777 0.0010636 -0.00027368 0.00222635 0.00147125 0.000257551 -0.00541935 0.000769912 0.00555775
internal_weight=282240 1072 281168 211424 33916 9439 177508 72586 24477 33551 1757 22720 104922 26294 39035 10389 7316 4817 2499 3073 78628 53708 46352 21558 24794 22158 17084 4650 18054 5074
internal_count=282240 1072 281168 211424 33916 9439 177508 72586 24477 33551 1757 22720 104922 26294 39035 10389 7316 4817 2499 3073 78628 53708 46352 21558 24794 22158 17084 4650 18054 5074
is_linear=0
shrinkage=0.05


Tree=118
num_leaves=31
num_cat=0
split_feature=16 13 10 8 15 7 8 3 10 7 15 13 15 4 15 14 13 14 15 8 13 10 13 13 13 7 3 7 7 3
split_gain=23.9951 23.4267 18.6347 20.2245 42.4181 35.4954 22.3663 21.3798 34.5044 39.6975 30.2165 27.8263 30.3846 27.4564 20.6027 22.0833 35.9786 20.2096 38.5036 42.2806 39.6417 29.187 28.3786 24.8645 21.5275 20.9794 29.799 20.6629 20.018 19.4269
threshold=365.85675000000009 316.99500000000006 4.2285714285714313 1.5802469212633652 18.952500000000004 0.98126499629430552 1.9728387984973503 1.5000000000000002 -1.0000000180025095e-35 0.77178533524519721 51.074000000000005 165.47100000000003 22.832500000000003 1.0000000180025095e-35 17.965000000000003 45.985000000000007 29.332500000000003 9.8615000000000013 17.575000000000003 1.0949809965926092 37.165000000000006 -4.7499999999999973 -2.3734999999999995 153.71500000000003 -1.0000000180025095e-35 0.9126695241885362 7.5000000000000009 2.3646020039433977 1.1583011476025151 6.5000000000000009
decision_type=2 8 2 2 2 2 2 2 2 2 2 8 2 2 2 2 8 2 2 2 8 2 10 10 8 2 2 2 2 2
left_child=2 -2 3 7 5 6 -5 8 11 -10 14 -1 13 -13 -11 16 -16 18 21 20 -20 28 -23 24 -19 26 -24 29 -9 -26
right_child=1 -3 -4 4 -6 -7 -8 17 9 10 -12 12 -14 -15 15 -17 -18 23 19 -21 -22 22 25 -25 27 -27 -28 -29 -30 -31
leaf_value=0.068936712316912008 -4.7710063307867161 -1.1965230495201713 -0.029744118460291083 -0.043796128070806184 -0.14029223425375364 0.035484659099039487 -0.38619777242239484 0.33956104825971922 0.6684229027509927 -0.07692773058359488 -0.20030825616426273 -0.29864074239211347 0.72108855417056406 1.2273926542897962 -0.2812937673003823 0.11738269707216437 0.68146627819875327 -0.092971866807960712 0.0042690255134013371 -0.038835862036071901 0.24189236710403517 -0.025239485150638799 -0.076726120157430661 0.39909048328439739 0.0099294644428511887 0.020334799679066332 0.063390256190251112 1.3366638536759319 -0.053590092771487269 -0.031715883799344001
leaf_weight=2409 337 735 10650 1298 4702 3218 150 1042 802 1996 7598 612 1767 360 195 2932 1637 2814 6374 3692 12398 20625 3032 5123 80821 13938 2377 152 226 88228
leaf_count=2409 337 735 10650 1298 4702 3218 150 1042 802 1996 7598 612 1767 360 195 2932 1637 2814 6374 3692 12398 20625 3032 5123 80821 13938 2377 152 226 88228
internal_value=-8.964e-05 -0.00755597 -6.11734e-05 1.9592e-05 -0.00226302 0.00111444 -0.00538674 0.000101474 0.00165944 0.000458443 -0.00014626 0.00519619 0.00864367 0.00154321 0.0022855 0.00407221 0.00837882 -2.98951e-05 0.000733863 0.00239939 0.00336139 -0.000173375 -0.000410287 -0.000304565 -0.000406796 0.000965266 -0.00167776 -0.000334661 0.00729495 -0.00035123
internal_weight=282240 1072 281168 270518 9368 4666 1448 261150 20308 15160 14358 5148 2739 972 6760 4764 1832 240842 63704 22464 18772 41240 39972 177138 172015 19347 5409 169201 1268 169049
internal_count=282240 1072 281168 270518 9368 4666 1448 261150 20308 15160 14358 5148 2739 972 6760 4764 1832 240842 63704 22464 18772 41240 39972 177138 172015 19347 5409 169201 1268 169049
is_linear=0
shrinkage=0.05


Tree=119
num_leaves=31
num_cat=0
split_feature=16 13 13 2 2 14 15 16 7 8 2 7 2 13 0 7 2 15 10 15 1 1 0 8 2 6 1 5 16 14
split_gain=23.44 29.3455 17.3117 26.1299 30.2153 25.9294 22.3144 20.8083 24.9193 21.6298 22.6695 25.9495 30.9435 18.5103 18.4116 33.0687 18.7452 17.4253 20.8291 16.6943 14.2089 25.0032 30.7549 32.6853 22.2984 27.0948 24.5817 31.0117 28.4746 24.9497
threshold=294.23875000000004 316.99500000000006 194.76050000000004 4.5000000000000009 5.5000000000000009 173.655 220.45500000000001 80.671225000000007 1.8231230113191974 1.452204711833998 5.5000000000000009 0.5794729495781602 4.5000000000000009 0.37100000000000005 2.5000000000000004 1.147600808566591 3.5000000000000004 66.007500000000007 -1.0000000180025095e-35 123.04500000000002 22.500000000000004 15.500000000000002 1.5000000000000002 0.99857713534972048 4.5000000000000009 1.2770880512574194 4.5000000000000009 1.0000000180025095e-35 13.941650000000001 4.1815000000000007
decision_type=2 8 10 2 2 2 2 2 2 2 2 2 2 8 2 2 2 2 2 2 2 2 2 2 2 2 2 2 2 2
left_child=2 -2 7 17 6 -6 -5 20 9 13 11 12 -11 -9 15 -15 -16 18 -4 -3 21 24 -23 -24 26 -26 -1 -28 29 -29
right_child=1 19 3 4 5 -7 -8 8 -10 10 -12 -13 -14 14 16 -17 -18 -19 -20 -21 -22 22 23 -25 25 -27 27 28 -30 -31
leaf_value=-0.017936716527236385 -3.2838942476204553 -7.9385585599422077 -1.1752540516726657 -1.3427243484093354 2.1586404923875384 -0.14438680515517285 1.6330272096720422 -0.54742344610908378 -0.70295694835632294 0.26607337993657793 0.56736359880444354 -0.46806731788304695 -1.1584639572522246 -0.070766177862240917 0.12857855344504082 -0.43052807683656447 -0.13061645111833772 0.68276736809247129 3.1811698522820695 0.25442762916438666 -0.046154695314821442 0.0022833878303019253 0.37053230935606485 0.054346596664787583 -0.035585502890536927 0.014309776854612722 0.031674409571946172 -0.067595397472561075 -0.30325556376412177 0.093869140562020323
leaf_weight=37343 716 116 96 419 155 177 113 327 599 600 182 2432 94 23168 14499 2254 6420 1548 580 1348 10174 36216 5968 18597 42154 7217 65766 414 2126 422
leaf_count=37343 716 116 96 419 155 177 113 327 599 600 182 2432 94 23168 14499 2254 6420 1548 580 1348 10174 36216 5968 18597 42154 7217 65766 414 2126 422
internal_value=-8.76913e-05 -0.00525229 -4.74898e-05 0.00367552 -0.0037037 0.00813253 -0.0110902 -8.89982e-05 -0.00100593 -0.000884425 -0.00479141 -0.00579015 0.00273775 -0.000607483 -0.000523834 -0.0014279 0.000574836 0.00654227 0.0132396 -0.00119536 0.000115836 0.000201759 0.0010616 0.00242723 -0.000134455 -0.00101223 0.000274109 0.000835176 -0.00416948 0.00364833
internal_weight=282240 2180 280060 3088 864 332 532 276972 50575 49976 3308 3126 694 46668 46341 25422 20919 2224 676 1464 226397 216223 60781 24565 155442 49371 106071 68728 2962 836
internal_count=282240 2180 280060 3088 864 332 532 276972 50575 49976 3308 3126 694 46668 46341 25422 20919 2224 676 1464 226397 216223 60781 24565 155442 49371 106071 68728 2962 836
is_linear=0
shrinkage=0.05


Tree=120
num_leaves=31
num_cat=0
split_feature=16 13 16 10 13 14 6 10 13 7 12 2 5 3 14 2 10 3 2 3 6 0 13 10 14 7 3 3 14 13
split_gain=21.9522 20.47 17.483 28.6914 28.7634 27.3628 34.4409 23.9831 21.3605 22.4777 21.131 20.721 29.6401 32.6923 54.951 37.9155 29.7158 27.9094 32.6152 51.3789 27.7121 27.433 27.4324 28.8669 29.8777 26.7266 28.1122 56.3153 27.9748 30.8212
threshold=365.85675000000009 316.99500000000006 14.9215 4.7571428571428598 -1.0000000180025095e-35 4.8310000000000004 0.90019341435710032 -8.2607142857142843 -6.004999999999999 0.93237283874569543 1.2062500000000003 3.5000000000000004 1.0000000180025095e-35 10.500000000000002 230.19650000000004 1.0000000180025095e-35 -5.049999999999998 7.5000000000000009 5.5000000000000009 10.500000000000002 0.68657674858833462 2.5000000000000004 87.731500000000025 1.0000000180025095e-35 65.824000000000012 0.754829657093124 6.5000000000000009 7.5000000000000009 79.071000000000012 113.73250000000002
decision_type=2 8 2 2 8 2 2 2 10 2 2 2 2 2 2 2 2 2 2 2 2 2 8 2 2 2 2 2 2 8
left_child=2 -2 7 4 -4 6 -6 -1 -9 -10 11 12 13 14 21 -15 -17 -13 -19 20 -20 25 -18 -24 -25 26 -7 -28 -27 -30
right_child=1 -3 3 -5 5 10 -8 8 9 -11 -12 17 -14 15 -16 16 22 18 19 -21 -22 -23 23 24 -26 28 27 -29 29 -31
leaf_value=0.88575448718417327 -4.3682613018663572 -1.1494182785023821 -0.13216817768613845 -0.11769831524331301 1.3124464570115846 0.27361965132213245 0.1305095328803125 -0.0056159388176646452 -0.011234469944956471 0.023014331234533583 -0.12724008005436574 -0.0017142636591169326 -0.20625583199299885 0.41237857274676487 -2.3652801285505864 -0.77652397636630832 -0.083980004124330071 -0.13179131964443941 -0.53413996223616478 0.21382117715807195 -0.077220743486170723 0.10443759646129679 0.43103943656636634 0.10571646011691326 -0.65244173403538808 -0.0067875442515423325 -0.45085374517305149 0.18060308718258111 -0.0015738776049602167 -0.46107682553576768
leaf_weight=510 337 735 2846 3706 771 5642 2380 40036 11409 28031 4797 45716 3607 4525 752 650 4005 19716 341 4532 3622 26061 8449 788 704 42629 932 2312 4987 6712
leaf_count=510 337 735 2846 3706 771 5642 2380 40036 11409 28031 4797 45716 3607 4525 752 650 4005 19716 341 4532 3622 26061 8449 788 704 42629 932 2312 4987 6712
internal_value=-8.80456e-05 -0.00722948 -6.08177e-05 -0.000309421 -0.000227623 -0.000154652 0.00446684 0.000564474 0.000495118 0.00132099 -0.000230704 -0.000146506 0.000280032 0.000427401 2.86025e-05 0.00230506 0.00106536 -0.00079707 -0.00203378 0.00055621 -0.00360207 0.000141977 0.00155242 0.00295996 -0.00345174 -0.000420793 0.00212131 -0.00158755 -0.000836585 -0.00300239
internal_weight=282240 1072 281168 201182 197476 194630 3151 79986 79476 39440 191479 186682 112755 109148 90027 19121 14596 73927 28211 8495 3963 89275 13946 9941 1492 63214 8886 3244 54328 11699
internal_count=282240 1072 281168 201182 197476 194630 3151 79986 79476 39440 191479 186682 112755 109148 90027 19121 14596 73927 28211 8495 3963 89275 13946 9941 1492 63214 8886 3244 54328 11699
is_linear=0
shrinkage=0.05


Tree=121
num_leaves=31
num_cat=0
split_feature=16 3 14 13 16 8 10 3 13 8 14 0 13 14 2 6 0 3 3 5 3 15 7 16 16 8 3 3 15 15
split_gain=21.2575 30.5404 40.6189 33.6655 26.5663 19.4321 15.765 28.4457 25.7015 21.1215 35.1132 27.5831 36.2966 29.7184 27.3352 25.7738 31.2427 32.3763 64.325 30.4573 28.237 27.7384 25.1151 24.5501 23.1897 22.3935 23.8212 28.9774 19.937 19.6855
threshold=236.19477499999999 10.500000000000002 256.86350000000004 316.99500000000006 365.85675000000009 1.0168306545709338 -2.7999999999999976 1.5000000000000002 6.7625000000000002 1.0995170348194236 173.655 2.5000000000000004 102.02250000000002 44.741000000000007 1.0000000180025095e-35 1.1553742842501131 1.5000000000000002 2.5000000000000004 3.5000000000000004 1.0000000180025095e-35 1.5000000000000002 12.681000000000003 1.4402052251940416 1.3007500000000003 84.361400000000017 0.70260150191890569 8.5000000000000018 9.5000000000000018 21.971500000000002 16.931500000000003
decision_type=2 2 2 8 2 2 2 2 8 2 2 2 8 2 2 2 2 2 2 2 2 2 2 2 2 2 2 2 2 2
left_child=6 -2 -3 4 -4 -5 7 8 -1 11 15 22 14 23 -13 -11 20 19 -19 -18 28 -22 -8 -14 -24 26 -25 -28 -17 -15
right_child=1 2 3 5 -6 -7 9 -9 -10 10 -12 12 13 29 -16 16 17 18 -20 -21 21 -23 24 25 -26 -27 27 -29 -30 -31
leaf_value=-0.35395529769702255 -3.7460206305707135 -1.9618913214956344 -0.15676235131749011 1.822305314357795 -4.0269656360952082 -6.3219756777198155 -0.0038310038868068306 0.01283368423726965 0.36938086153728106 -0.056106256098438216 -0.96285659099134158 0.23907689442521785 -0.0960756050829394 -0.30690298208554312 -0.059404741189908031 -0.12028598943304916 0.20124660414038847 -0.45094322976261997 -0.026512509479008173 -0.43197056300379694 0.034554038123562357 -0.0021795571484287679 -0.022213762375649027 1.1455655769199711 -0.71442596842569839 0.25123799501078631 -0.51819034281616694 0.84595513254223842 0.18121793983526793 0.12020429446616675
leaf_weight=102 940 568 676 1863 230 53 152354 17986 3140 16676 666 3334 735 2316 17184 906 3156 1378 12166 206 5034 3584 5934 1065 508 10927 168 440 144 17801
leaf_count=102 940 568 676 1863 230 53 152354 17986 3140 16676 666 3334 735 2316 17184 906 3156 1378 12166 206 5034 3584 5934 1065 508 10927 168 440 144 17801
internal_value=-9.17659e-05 -0.00356813 -0.00135693 0.00109851 -0.00684327 0.00485386 -3.76021e-05 0.00127191 0.00558297 -0.0001459 -0.00114423 6.016e-05 0.00103669 0.00205219 -0.000618969 -0.000968786 -1.88154e-06 -0.00129836 -0.00238851 0.0030934 0.0022652 0.0032084 -0.000271732 0.00388264 -0.00332971 0.00440079 0.00978781 0.00189145 -0.00547619 0.000838843
internal_weight=282240 4330 3390 2822 906 1916 277910 21228 3242 256682 43916 212766 53970 33452 20518 43250 26574 16906 13544 3362 9668 8618 158796 13335 6442 12600 1673 608 1050 20117
internal_count=282240 4330 3390 2822 906 1916 277910 21228 3242 256682 43916 212766 53970 33452 20518 43250 26574 16906 13544 3362 9668 8618 158796 13335 6442 12600 1673 608 1050 20117
is_linear=0
shrinkage=0.05


Tree=122
num_leaves=31
num_cat=0
split_feature=14 7 10 13 14 1 1 2 1 3 8 13 6 13 15 3 14 7 2 13 13 15 0 14 12 2 7 15 13 13
split_gain=17.9671 34.6832 31.0054 21.6326 20.6724 19.1503 27.6586 33.9266 50.6409 37.5919 43.2142 36.4956 35.1576 29.5594 26.3542 26.9828 29.4847 24.4951 23.337 35.2459 23.7552 34.4578 25.5222 33.7409 29.9268 22.9211 22.4625 22.344 31.7753 22.3319
threshold=117.55150000000002 1.3041248707470923 0.31428571428571367 37.165000000000006 230.19650000000004 6.5000000000000009 21.500000000000004 4.5000000000000009 16.500000000000004 1.5000000000000002 0.9285985353425682 86.535000000000011 1.2770880512574194 209.94500000000002 -0.54749999999999999 8.5000000000000018 -6.0199999999999987 1.2258093733236837 1.0000000180025095e-35 5.9910000000000005 105.99100000000001 34.735000000000007 1.5000000000000002 32.115000000000002 1.1762500000000002 2.5000000000000004 0.85378865374186141 44.315000000000005 6.4640000000000013 1.0000000180025095e-35
decision_type=2 2 2 8 2 2 2 2 2 2 2 10 2 8 2 2 2 2 2 10 8 2 2 2 2 2 2 2 10 10
left_child=5 3 -3 4 -2 29 7 9 11 10 17 12 14 27 15 16 -9 -7 19 -11 21 -20 -22 26 -25 -15 -24 28 -12 -1
right_child=1 2 -4 -5 -6 6 -8 8 -10 18 13 -13 -14 25 -16 -17 -18 -19 20 -21 22 -23 23 24 -26 -27 -28 -29 -30 -31
leaf_value=-0.035340288129837229 -0.26055044487200835 -0.038851411585512891 -0.71742302286555926 -0.033505730951979153 -2.6670809568049023 2.8499948974011602 -0.036861200958299083 0.21557043179358876 0.051885984818138109 0.02561946624236161 -0.15442264485397814 -0.43392727397551739 0.022113449203210369 0.13095041982017994 -0.034258335901095553 0.061613072139682049 -0.20740175028845886 -0.12061835841250912 0.015179460789395804 0.2685582981657747 9.9382263605374282e-05 -0.088085142738504457 0.96564427572116929 0.13477999397130946 -0.45011655958305463 0.82401456143322971 0.17417493318886193 -0.23945896979833245 0.28008521473361497 0.0063860710471698393
leaf_weight=42387 1953 840 1172 22874 233 708 22130 164 15302 13536 228 2182 4923 2174 22914 439 1738 168 18405 6046 22599 16057 1225 12867 977 1653 6382 2118 1367 36479
leaf_count=42387 1953 840 1172 22874 233 708 22130 164 15302 13536 228 2182 4923 2174 22914 439 1738 168 18405 6046 22599 16057 1225 12867 977 1653 6382 2118 1367 36479
internal_value=-8.83999e-05 -0.00131316 -0.00762922 -0.000806065 -0.0055581 4.15413e-05 0.00033125 0.000568521 -0.000540263 0.00106469 0.00427163 -0.001661 -0.00120949 0.0030504 -0.00196298 -0.00701623 -0.00959516 0.0147831 0.000789549 0.00233378 0.000404397 -0.000578898 0.00117367 0.00240898 0.000939035 0.00613405 0.00508413 -0.000127929 0.00434169 -0.000606091
internal_weight=282240 27072 2012 25060 2186 255168 176302 154172 47662 106510 8416 32360 30178 7540 25255 2341 1902 876 98094 19582 78512 34462 44050 21451 13844 3827 7607 3713 1595 78866
internal_count=282240 27072 2012 25060 2186 255168 176302 154172 47662 106510 8416 32360 30178 7540 25255 2341 1902 876 98094 19582 78512 34462 44050 21451 13844 3827 7607 3713 1595 78866
is_linear=0
shrinkage=0.05


Tree=123
num_leaves=31
num_cat=0
split_feature=16 13 8 7 15 14 8 7 14 10 2 0 3 2 3 8 15 10 3 3 3 10 7 13 6 14 8 13 10 16
split_gain=21.39 19.6618 16.9024 34.5923 56.1419 21.4882 20.2712 19.6049 19.4311 26.9418 24.6242 22.5966 70.1951 43.602 34.1213 22.7569 20.7894 20.5831 22.7006 21.5651 36.1514 43.8633 35.1181 33.8618 32.1577 35.8826 26.8351 32.1834 54.1525 31.9043
threshold=365.85675000000009 316.99500000000006 1.5802469212633652 1.0278388258810482 51.074000000000005 11.814000000000002 1.8874168711463624 1.7095514940666547 14.115 -4.7499999999999973 3.5000000000000004 1.5000000000000002 4.5000000000000009 3.5000000000000004 10.500000000000002 1.1825269240047114 33.922500000000007 4.6428571428571459 5.5000000000000009 6.5000000000000009 5.5000000000000009 -0.028571428571428022 1.0042859353365239 153.71500000000003 1.3240537565917652 69.941000000000017 1.2213280523756953 11.895000000000001 -0.10000000000000002 75.481250000000003
decision_type=2 8 2 2 2 2 2 2 2 2 2 2 2 2 2 2 2 2 2 2 2 2 2 10 2 2 2 8 2 2
left_child=2 -2 7 5 -5 -4 -7 8 9 10 -1 -11 13 -13 -14 16 -16 19 -19 20 -10 -22 -23 24 26 -26 27 28 -21 -30
right_child=1 -3 3 4 -6 6 -8 -9 17 11 -12 12 14 -15 15 -17 -18 18 -20 23 21 22 -24 -25 25 -27 -28 -29 29 -31
leaf_value=0.39465035513996016 -3.9468246684206791 -1.1813873437475539 -0.1594927656566151 0.020572423949508024 -0.26967755612531524 -0.040727165802366995 -0.40894857002081264 -0.030271638447855409 -0.00012285013712469707 -0.00078665533824529292 0.012646349038618896 0.87634124853928963 -0.0010798596995950959 0.15405264914946226 0.67772433615573802 -0.12778109924482162 0.10333792745510198 -0.21876779675796537 0.032395438371323595 0.19338337097440414 -0.16263499115691132 0.24884351522185968 -0.163566588131076 0.52044133069206489 0.11532974352989839 -0.1724969518359222 -0.15577550063721768 -0.026706937600856406 -0.1091845902612909 -0.72788100606234885
leaf_weight=1292 337 735 1266 5450 1360 2352 326 6600 82436 50490 1128 2024 20350 2334 1040 350 1128 1786 1228 1254 2676 9400 1090 4088 3794 1882 4124 64347 4525 1048
leaf_count=1292 337 735 1266 5450 1360 2352 326 6600 82436 50490 1128 2024 20350 2334 1040 350 1128 1786 1228 1254 2676 9400 1090 4088 3794 1882 4124 64347 4525 1048
internal_value=-8.68056e-05 -0.00713619 -5.99286e-05 -0.00200391 0.000154185 -0.00573022 -0.00319268 1.73808e-05 8.47188e-05 0.000734377 0.00592975 0.000572598 0.00173364 0.00754933 0.000625328 0.00611597 0.00802583 -0.000198717 -0.00429662 -0.000130352 0.000384929 0.00281786 0.0042755 -0.000709482 -0.000933633 0.00269556 -0.0012072 -0.000979993 -0.00424418 -0.00635654
internal_weight=282240 1072 281168 10754 6810 3944 2678 270414 263814 80136 2420 77716 27226 4358 22868 2518 2168 183678 3014 180664 95602 13166 10490 85062 80974 5676 75298 71174 6827 5573
internal_count=282240 1072 281168 10754 6810 3944 2678 270414 263814 80136 2420 77716 27226 4358 22868 2518 2168 183678 3014 180664 95602 13166 10490 85062 80974 5676 75298 71174 6827 5573
is_linear=0
shrinkage=0.05


Tree=124
num_leaves=31
num_cat=0
split_feature=16 13 16 8 10 1 5 15 13 16 3 10 15 14 8 3 15 16 6 13 16 3 6 15 15 7 7 15 3 15
split_gain=21.1239 19.2638 15.6053 26.5988 22.9437 23.5786 28.293 25.423 33.9886 34.4587 24.2544 37.3357 35.8406 30.7754 25.0591 24.644 22.7106 34.4996 21.6134 21.6202 25.3987 21.6067 57.1957 32.2571 42.6681 34.637 24.194 21.2882 20.9917 20.5341
threshold=365.85675000000009 316.99500000000006 27.957249999999998 1.8461972023374515 4.7571428571428598 5.5000000000000009 1.0000000180025095e-35 113.11250000000001 123.80150000000002 130.07387500000002 10.500000000000002 -5.9678571428571416 90.711500000000015 212.04000000000005 0.96064148996200949 1.5000000000000002 44.315000000000005 99.529624999999996 0.99938336059022215 69.784500000000023 91.497750000000011 2.5000000000000004 1.0008124909445437 77.185000000000016 25.712500000000002 1.047729950561578 1.3565143274163149 3.0010000000000003 1.5000000000000002 1.9510000000000003
decision_type=2 8 2 2 2 2 2 2 8 2 2 2 2 2 2 2 2 2 2 8 2 2 2 2 2 2 2 2 2 2
left_child=2 -2 -1 4 5 29 7 10 -9 -10 13 -12 -13 15 -14 16 17 -7 -18 20 -20 22 23 24 -17 -26 27 -23 -6 -4
right_child=1 -3 3 -5 28 6 -8 8 9 -11 11 12 14 -15 -16 21 18 -19 19 -21 -22 26 -24 -25 25 -27 -28 -29 -30 -31
leaf_value=0.006101587393594299 -3.7494834349996453 -1.1223179765601763 0.16230674174159176 -0.18392503818424633 -0.43295022317535015 0.40301377897703317 -0.18029393427597906 -0.090518667592296265 0.5600872200025665 0.031567237745811029 -1.4587127445959625 0.21201853101473489 1.0096474026146369 -1.6362120332699732 -0.4363092038544979 0.051107910854200793 0.30571880986128658 -0.30875685263276342 -0.50086986498053643 0.028046037946915806 0.29715701872069716 -0.24489918819507459 0.34809913413817029 0.011565376087857127 -0.43359163490869834 1.2414646931614191 -0.13056694882127645 0.0069435480660440477 -0.11000260344101315 -0.095011500199334714
leaf_weight=122012 337 735 1892 1210 318 3398 5498 7279 9242 6583 366 12620 284 764 1816 1278 996 802 960 4143 205 2782 1100 2458 4056 188 5024 50644 2090 31160
leaf_count=122012 337 735 1892 1210 318 3398 5498 7279 9242 6583 366 12620 284 764 1816 1278 996 802 960 4143 205 2782 1100 2458 4056 188 5024 50644 2090 31160
internal_value=-8.41482e-05 -0.00708955 -5.7439e-05 -0.000383586 -0.00032701 -0.000252028 6.77628e-05 0.000232502 0.00171832 0.00301896 -0.000133143 0.00170357 0.00209579 -0.000484784 -0.00395238 -0.000387011 0.00186596 0.00471429 -3.17259e-05 -0.00129992 -0.0073176 -0.00073745 -0.00300661 -0.00447995 -0.00660087 -0.00901272 -0.000384944 -7.29982e-05 -0.00517027 -0.00143713
internal_weight=282240 1072 281168 159156 157946 155538 122486 116988 23104 15825 93884 15086 14720 78798 2100 78034 10504 4200 6304 5308 1165 67530 9080 7980 5522 4244 58450 53426 2408 33052
internal_count=282240 1072 281168 159156 157946 155538 122486 116988 23104 15825 93884 15086 14720 78798 2100 78034 10504 4200 6304 5308 1165 67530 9080 7980 5522 4244 58450 53426 2408 33052
is_linear=0
shrinkage=0.05


Tree=125
num_leaves=31
num_cat=0
split_feature=16 13 16 7 10 13 6 15 10 15 0 16 5 3 12 8 3 3 8 8 5 13 15 16 2 16 16 3 15 0
split_gain=20.2822 19.231 15.82 30.6347 16.8864 17.0679 16.2665 36.835 31.2936 33.1837 25.9953 25.8824 24.3627 23.9575 44.047 32.8775 57.2766 29.4489 80.1414 43.9609 33.3269 29.2085 29.6228 44.1479 33.0736 34.1371 33.3767 29.2109 37.5573 31.8191
threshold=365.85675000000009 316.99500000000006 60.525350000000003 1.6510462438667208 4.6428571428571459 0.82250000000000012 1.3647559385888377 55.405000000000008 2.6000000000000014 125.26250000000002 1.0000000180025095e-35 9.3087500000000016 1.0000000180025095e-35 4.5000000000000009 0.87375000000000014 0.62732434975521556 5.5000000000000009 5.5000000000000009 0.99857713534972048 1.0000797180590746 1.0000000180025095e-35 73.21250000000002 16.132500000000004 38.877299999999998 4.5000000000000009 8.0850000000000026 27.957249999999998 2.5000000000000004 54.774000000000008 1.5000000000000002
decision_type=2 8 2 2 2 8 2 2 2 2 2 2 2 2 2 2 2 2 2 2 2 8 2 2 2 2 2 2 2 2
left_child=2 -2 6 4 5 -4 8 10 9 13 -8 -10 -13 14 21 16 -15 18 20 -20 -17 27 -23 24 25 -24 -27 28 29 -1
right_child=1 -3 3 -5 -6 -7 7 -9 11 -11 -12 12 -14 15 -16 17 -18 -19 19 -21 -22 22 23 -25 -26 26 -28 -29 -30 -31
leaf_value=-0.097614699897857787 -3.5620092632496636 -1.0662020777321677 -0.29142908309289428 -0.31766671898884075 -0.27522568117815133 -0.022166203483494452 0.035368563495478837 -0.080532316402648671 0.0040054799708112033 0.50617961150346491 0.0090300395950552396 -0.10196746590321892 -0.39749037115094787 1.1434616798919353 -0.15122921756748489 0.48661490682917707 0.03273502566834028 -0.0052159775655402588 -0.18633716214436002 0.040122720095443376 -0.20771812536419373 -0.03175935012027914 -0.13736183942025509 0.05075822026835191 0.0683497157298497 0.86464073941620923 0.37661537081184565 0.040080651453949789 -0.42615394123222067 0.2476405405036565
leaf_weight=2905 337 735 964 2170 1248 79502 6242 3338 5238 3566 13610 7034 430 1342 2042 1832 8512 91010 8328 1686 242 5340 561 10185 3571 2946 3159 10770 2046 1349
leaf_count=2905 337 735 964 2170 1248 79502 6242 3338 5238 3566 13610 7034 430 1342 2042 1832 8512 91010 8328 1686 242 5340 561 10185 3571 2946 3159 10770 2046 1349
internal_value=-8.52112e-05 -0.00694963 -5.90394e-05 -0.000634209 -0.000478498 -0.000388984 0.000185519 0.0014295 1.98169e-05 0.000207879 0.00224663 -0.00236971 -0.00426045 0.00010011 0.00107746 -0.000288176 0.00247108 -0.000551902 -0.00287062 -0.00472339 0.00607522 0.0014195 0.00248234 0.00334933 0.00566816 0.00774827 0.00883292 -0.000184534 -0.00288889 -0.000211566
internal_weight=282240 1072 281168 83884 81714 80466 197284 23190 174094 161392 19852 12702 7464 157826 44874 112952 9854 103098 12088 10014 2074 42832 25762 20422 10237 6666 6105 17070 6300 4254
internal_count=282240 1072 281168 83884 81714 80466 197284 23190 174094 161392 19852 12702 7464 157826 44874 112952 9854 103098 12088 10014 2074 42832 25762 20422 10237 6666 6105 17070 6300 4254
is_linear=0
shrinkage=0.05


Tree=126
num_leaves=31
num_cat=0
split_feature=16 13 12 1 1 0 13 2 13 1 5 15 2 13 13 0 6 14 14 16 15 13 1 14 14 12 15 15 3 15
split_gain=18.9174 17.3038 15.743 15.9743 27.1768 35.4337 26.9179 26.0125 40.7293 29.0651 39.8951 34.7484 28.1035 57.3749 34.6458 28.0617 26.3426 25.9799 22.3203 21.4297 21.2961 20.4077 20.3458 20.3318 20.259 44.1718 33.6883 21.4695 20.0598 32.2993
threshold=365.85675000000009 316.99500000000006 1.8312500000000003 21.500000000000004 16.500000000000004 1.5000000000000002 130.73500000000004 4.5000000000000009 84.485000000000014 6.5000000000000009 1.0000000180025095e-35 34.735000000000007 1.0000000180025095e-35 0.041500000000000002 3.0010000000000003 1.5000000000000002 1.2770880512574194 110.38700000000001 33.02150000000001 26.487300000000005 3.9715000000000003 282.17000000000007 10.500000000000002 154.36050000000003 3.9510000000000005 0.2687500000000001 -5.448999999999999 8.1910000000000007 10.500000000000002 203.06000000000003
decision_type=2 8 2 2 2 2 8 2 10 2 2 2 2 10 8 2 2 2 2 2 2 10 2 2 2 2 2 2 2 2
left_child=2 -2 3 4 7 -6 -7 9 16 -1 12 -12 13 -11 19 -15 23 -8 -16 -14 -18 22 -20 24 -9 26 -26 -27 -25 -30
right_child=1 -3 -4 -5 5 6 17 8 -10 10 11 -13 14 15 18 -17 20 -19 21 -21 -22 -23 -24 28 25 27 -28 -29 29 -31
leaf_value=-0.018098105338854465 -3.3839088000871813 -1.0128919738455593 -0.18669045613241761 -0.036465208367133052 -0.0038936213428994062 0.020192133810132587 0.32953931582567525 0.0058179366839774095 -0.34901345950941653 0.011075452113872883 0.02624379381073131 -0.42026927823988169 -0.014882645080067293 0.12407272168272483 0.046067840595164181 0.68043420795412846 0.035558373379133514 0.053367745248239729 0.07351107041166785 -0.29060780705073042 -0.00019010170744099275 2.7643452433736879 -0.07790447863385204 -3.0945928631855808 -0.46726877255767452 -0.048393039188517721 -0.035911083768791451 -0.25423504694560178 4.0477293056986143 -0.42528274326474008
leaf_weight=58784 337 735 1024 23516 29328 11835 11847 12119 4207 9190 1200 1962 1674 3385 25925 3311 2805 5382 15692 966 4911 504 18793 70 260 1647 28357 1950 264 260
leaf_count=58784 337 735 1024 23516 29328 11835 11847 12119 4207 9190 1200 1962 1674 3385 25925 3311 2805 5382 15692 966 4911 504 18793 70 260 1647 28357 1950 264 260
internal_value=-8.69827e-05 -0.00671642 -6.17069e-05 -3.9087e-05 7.52061e-05 0.00102326 0.00226053 -0.00020405 -0.0011073 0.000159139 0.000763904 -0.00474383 0.000983132 0.00286416 0.00051295 0.00638441 -0.000728967 0.00352168 0.000755984 -0.0050947 0.00196993 -6.78785e-05 -0.000213861 -0.00119249 -0.00131561 -0.00197119 -0.00131478 -0.00719349 0.00799663 0.011355
internal_weight=282240 1072 281168 280144 256628 58392 29064 198236 56850 141386 82602 3162 79440 15886 63554 6696 52643 17229 60914 2640 7716 34989 34485 44927 44333 32214 28617 3597 594 524
internal_count=282240 1072 281168 280144 256628 58392 29064 198236 56850 141386 82602 3162 79440 15886 63554 6696 52643 17229 60914 2640 7716 34989 34485 44927 44333 32214 28617 3597 594 524
is_linear=0
shrinkage=0.05


Tree=127
num_leaves=31
num_cat=0
split_feature=16 8 14 13 3 13 10 8 7 0 16 13 16 10 16 2 13 14 7 2 6 6 14 16 7 16 10 14 8 13
split_gain=17.8349 24.7013 25.5216 21.5658 19.6 27.909 23.1778 20.6365 24.4116 32.7961 21.7091 19.232 21.1801 18.0469 17.1565 19.9441 17.015 16.2685 31.8207 26.8937 16.2412 15.2736 34.5481 33.5271 35.3433 33.3194 29.5286 41.7739 27.1482 45.8126
threshold=76.364000000000019 1.4581312055964626 230.19650000000004 0.041500000000000002 1.5000000000000002 38.125000000000007 -8.2607142857142843 1.7361126636483661 0.84575078404674009 1.5000000000000002 22.556125000000002 413.92000000000002 365.85675000000009 4.7571428571428598 5.518250000000001 2.5000000000000004 145.85100000000003 48.531000000000006 1.0315760455435532 5.5000000000000009 0.67946066704419583 1.3647559385888377 11.814000000000002 42.037975000000003 0.80676646193913981 11.57625 1.3000000000000007 4.8310000000000004 1.2805131507803129 6.2025000000000015
decision_type=2 2 2 8 2 8 2 2 2 2 2 10 2 2 2 2 8 2 2 2 2 2 2 2 2 2 2 2 2 8
left_child=4 3 -3 -2 5 -1 20 8 -8 14 -11 12 13 -5 -10 -16 -9 18 19 -17 -7 26 25 24 -24 -23 28 -28 -6 -30
right_child=1 2 -4 11 21 6 7 16 9 10 -12 -13 -14 -15 15 17 -18 -19 -20 -21 -22 22 23 -25 -26 -27 27 -29 29 -31
leaf_value=-0.054298010523523614 -0.44425452962502521 -0.20457911634071133 -2.8573623491799069 -0.029384392992945686 0.0067133927804303335 -0.0046537329789435589 0.47119440610933838 -0.65886729124367238 -0.1499447392781241 1.5970873756077169 0.28620846325335886 3.0426509373362305 -3.0755246511929246 -0.39928849923944409 -0.25871362808417314 1.0940285352095929 -0.028325486683183222 -0.088022365479892173 -0.12714985362485978 -0.33068040938412269 1.8293773845066419 0.0010864733765553302 -0.21133529466416132 -0.0093630522408754586 0.068812532828284437 -0.15487715905159849 0.024872662025715409 -0.082749575208030751 0.039433512827077161 -0.093977696544876421
leaf_weight=3279 382 3554 164 54366 151750 112 1827 187 408 665 3789 506 914 696 1877 883 567 1189 387 376 266 9438 526 4450 6790 1240 5974 17664 1656 6358
leaf_count=3279 382 3554 164 54366 151750 112 1827 187 408 665 3789 506 914 696 1877 883 567 1189 387 376 266 9438 526 4450 6790 1240 5974 17664 1656 6358
internal_value=-9.22973e-05 -0.000852563 -0.00480097 -0.000594401 0.000115493 0.00181192 0.00288638 0.0025072 0.00303701 0.00202632 0.0051639 -0.000514323 -0.000602044 -0.000476735 -0.000703125 0.000148557 -0.00550398 0.00279541 0.00601458 0.00986894 0.0150794 -1.48169e-05 0.00121636 0.00308516 0.00516676 -0.000842854 -0.000165483 -0.00181487 7.85534e-05 -0.00275767
internal_weight=282240 60582 3718 56864 221658 15812 12533 12155 11401 9574 4454 56482 55976 55062 5120 4712 754 2835 1646 1259 378 205846 22444 11766 7316 10678 183402 23638 159764 8014
internal_count=282240 60582 3718 56864 221658 15812 12533 12155 11401 9574 4454 56482 55976 55062 5120 4712 754 2835 1646 1259 378 205846 22444 11766 7316 10678 183402 23638 159764 8014
is_linear=0
shrinkage=0.05


Tree=128
num_leaves=31
num_cat=0
split_feature=16 15 12 1 1 2 7 15 3 6 15 14 0 14 8 3 16 14 15 3 15 14 15 7 7 16 3 8 3 15
split_gain=16.6802 21.7168 14.5391 14.502 23.2135 33.5692 38.9513 28.071 30.5775 25.7212 32.307 29.2388 22.836 34.1678 30.222 34.3593 31.7185 25.8386 27.0383 35.2444 23.3215 21.7416 21.5798 34.9981 21.4996 21.3766 24.6895 27.4188 27.6595 23.2428
threshold=294.23875000000004 123.04500000000002 1.8312500000000003 6.5000000000000009 20.500000000000004 3.5000000000000004 0.53423826828631682 83.592500000000015 11.500000000000002 1.2386739011390322 -3.0749999999999997 154.36050000000003 1.5000000000000002 108.91250000000001 1.5409342563367612 1.5000000000000002 100.85910000000001 4.6510000000000007 48.13150000000001 9.5000000000000018 94.197500000000005 6.4375000000000009 88.835000000000022 1.020656417516453 1.3704280701002549 44.574750000000009 5.5000000000000009 0.77670995573938817 11.500000000000002 337.19400000000002
decision_type=2 2 2 2 2 2 2 2 2 2 2 2 2 2 2 2 2 2 2 2 2 2 2 2 2 2 2 2 2 2
left_child=2 -2 3 -1 5 6 7 8 -5 10 21 -11 13 22 15 16 20 -17 19 -19 -14 -7 -8 -24 -12 -20 -27 -28 -29 -30
right_child=1 -3 -4 4 -6 9 12 -9 -10 11 24 -13 14 -15 -16 17 -18 18 25 -21 -22 -23 23 -25 -26 26 27 28 29 -31
leaf_value=-0.013990159358825272 -5.6260581851316633 -0.90776410776761485 -0.17641089006597827 0.30167295412733153 -0.026803310817541483 -0.050306588409913561 0.01891189803400195 0.78423147459748044 -0.99638176705806636 0.025049709062243731 -0.012402927763641004 -1.0904051129117764 1.1642990038478958 -0.39814075085600537 -0.12192207548622776 0.35933805282998038 0.26139506515742889 -0.085288867181632713 0.42840966786694656 0.34632948867231872 0.19847736337342078 -0.58337310609645632 -0.039647522693411166 -0.26568262161801337 -0.12505854416931184 -0.035713647984183562 0.71521375738865656 0.31418252466984742 -0.067676467475707699 -2.1538695736197355
leaf_weight=82204 224 1956 1024 2142 35150 826 35658 2078 170 10762 55256 166 1358 3904 2198 2850 1682 9794 3238 2832 442 354 3982 812 2306 8200 1496 7178 1778 220
leaf_count=82204 224 1956 1024 2142 35150 826 35658 2078 170 10762 55256 166 1358 3904 2198 2850 1682 9794 3238 2832 442 354 3982 812 2306 8200 1496 7178 1778 220
internal_value=-9.28288e-05 -0.00444954 -5.89159e-05 -3.7092e-05 0.000195852 0.00044903 0.00107595 0.00567198 0.00188149 -0.000378929 -0.0007933 0.00184846 0.000845678 4.84715e-05 0.00166297 0.00196869 0.00672028 0.00152849 0.00115298 -0.000693014 0.0113333 -0.00898305 0.000479581 -0.00267 -0.000625413 0.00220715 0.00156316 0.00314843 0.00212511 -0.00307808
internal_weight=282240 2180 280060 279036 196832 161682 92012 4390 2312 69670 58742 10928 87622 44356 43266 41068 3482 37586 34736 12626 1800 1180 40452 4794 57562 22110 18872 10672 9176 1998
internal_count=282240 2180 280060 279036 196832 161682 92012 4390 2312 69670 58742 10928 87622 44356 43266 41068 3482 37586 34736 12626 1800 1180 40452 4794 57562 22110 18872 10672 9176 1998
is_linear=0
shrinkage=0.05


Tree=129
num_leaves=31
num_cat=0
split_feature=16 13 3 7 0 13 16 2 5 13 13 2 3 16 13 14 13 14 6 12 6 8 8 6 16 14 3 1 7 13
split_gain=16.3296 25.1847 37.4508 20.5518 27.8148 17.9318 20.6614 19.3414 26.0726 25.2061 20.3916 16.5757 16.2634 15.985 14.1103 14.0482 47.4808 13.7095 19.0726 15.8734 13.4918 13.2328 13.2147 21.8108 14.6085 27.1329 17.458 14.5834 24.6931 30.2316
threshold=86.267250000000004 17.295000000000005 8.5000000000000018 1.198597428744437 2.5000000000000004 413.92000000000002 365.85675000000009 3.5000000000000004 1.0000000180025095e-35 36.692500000000003 76.03100000000002 4.5000000000000009 11.500000000000002 122.12975000000002 1.0000000180025095e-35 173.655 209.94500000000002 -1.9789999999999999 0.96789600324889957 1.7262500000000003 1.4663384221291809 1.5510091937231305 0.52987373342202848 0.61869184182182735 6.05375 6.7215000000000007 10.500000000000002 6.5000000000000009 0.99007744986289747 0.041500000000000002
decision_type=2 8 2 2 2 10 2 2 2 8 10 2 2 2 10 2 10 2 2 2 2 2 2 2 2 2 2 2 2 10
left_child=17 2 14 5 11 6 7 8 -3 12 -11 -5 -9 -4 -2 16 -12 18 -1 22 -16 -6 23 24 26 -26 -19 28 -24 -30
right_child=1 3 13 4 21 -7 -8 9 -10 10 15 -13 -14 -15 20 -17 -18 19 -20 -21 -22 -23 27 -25 25 -27 -28 -29 29 -31
leaf_value=-0.071193345169845587 -0.95743447416068728 0.057874926219877311 -0.39738043984724281 -0.5853510957855711 0.079856504285088906 2.9707409387456658 -2.8610769207364082 -0.24969560215540484 -0.78127144859082431 0.018056968340545689 -0.24345574796596284 0.14516959089335088 -1.4679341363611016 -1.295812285016082 0.39745055016040975 -0.96310447226133 2.0052690801434578 -0.11703099180803705 0.05880680811635678 -0.11360024760645362 -0.59241860605865637 -0.65069254302448343 -0.065455761077087352 -0.0193701460610065 0.899967873180477 0.2263856371439289 0.63645416482687878 0.0064348005736886149 -0.027116856807489587 0.026348744609195052
leaf_weight=736 162 27341 724 1823 2165 500 918 511 546 7526 2730 275 207 463 938 1006 263 972 3780 1860 143 321 16118 4138 694 4132 172 148846 28507 23723
leaf_count=736 162 27341 724 1823 2165 500 918 511 546 7526 2730 275 207 463 938 1006 263 972 3780 1860 143 321 16118 4138 694 4132 172 148846 28507 23723
internal_value=-8.92857e-05 -0.000923562 -0.00588477 -0.00066223 -0.00383944 -0.000311688 -0.00042633 -0.000256666 0.000470649 -0.00191334 -0.00134707 -0.00807912 -0.0110028 -0.0122367 0.000181014 -0.00423231 -0.0025142 8.40901e-05 0.00281222 3.03279e-05 0.00224329 -0.000261464 6.79712e-05 0.00183518 0.00376884 0.00497306 -0.00131119 -1.4273e-05 -0.000618892 -9.09439e-05
internal_weight=282240 48562 2430 46132 4584 41548 41048 40130 27887 12243 11525 2098 718 1187 1243 3999 2993 233678 4516 229162 1081 2486 227302 10108 5970 4826 1144 217194 68348 52230
internal_count=282240 48562 2430 46132 4584 41548 41048 40130 27887 12243 11525 2098 718 1187 1243 3999 2993 233678 4516 229162 1081 2486 227302 10108 5970 4826 1144 217194 68348 52230
is_linear=0
shrinkage=0.05


Tree=130
num_leaves=31
num_cat=0
split_feature=16 15 13 8 7 15 2 14 13 7 0 13 8 2 1 16 7 14 6 0 3 13 15 7 12 15 12 8 12 15
split_gain=15.1771 21.6674 16.0145 13.5724 31.6807 47.7874 20.7534 20.0304 19.5738 17.7352 17.4546 32.0551 29.3446 24.5041 20.7418 18.6428 22.8992 27.2963 33.8172 69.0009 37.8281 21.4506 29.5595 28.8981 19.3363 17.56 17.1726 17.1188 17.0265 21.9617
threshold=294.23875000000004 123.04500000000002 316.99500000000006 1.5802469212633652 1.0278388258810482 59.645000000000003 5.5000000000000009 11.814000000000002 6.4640000000000013 1.7095514940666547 2.5000000000000004 104.68500000000002 0.71109846141186728 1.0000000180025095e-35 16.500000000000004 18.835700000000003 1.0242318822648477 133.79850000000002 1.2988455984364415 1.5000000000000002 2.5000000000000004 -2.3734999999999995 39.862500000000004 1.0997698421933204 0.7037500000000001 40.202500000000008 0.99875000000000014 1.8874168711463624 0.27875000000000011 3.9715000000000003
decision_type=2 2 8 2 2 2 2 2 8 2 2 8 2 2 2 2 2 2 2 2 2 10 2 2 2 2 2 2 2 2
left_child=3 -2 -3 9 7 -6 -7 8 -5 10 15 13 -13 -12 26 21 -17 18 19 24 -21 22 28 -24 -18 -20 -14 -9 -1 -30
right_child=1 2 -4 4 5 6 -8 27 -10 -11 11 12 14 -15 -16 16 17 -19 25 20 -22 -23 23 -25 -26 -27 -28 -29 29 -31
leaf_value=-0.026573897214954491 -5.3466535732390916 -1.8505021889256641 0.29389021090654238 -0.0024114448658867807 0.019858920051914399 -0.31535478169265213 0.41833574555753827 -0.043513408023957735 -0.24172809398539871 -0.027634614346941234 0.18809421086760825 0.34243871344379317 0.038732503625353104 -0.049412726309644397 0.2398125662393063 -0.010768523810054432 -0.28184543505753396 -0.6959585130437157 0.068287223043074621 0.52864854794595784 -0.097710195446183257 0.01935765230478859 0.24666027241647315 -0.056945064287034081 -0.045716042928008176 -0.073470553412695774 -0.18806862668158952 -0.3723138039265797 -0.025652167459415745 0.069551510103897193
leaf_weight=26968 224 608 1348 337 5668 1022 94 2352 929 6600 4116 5482 22244 21051 11091 106528 3190 958 3546 964 5242 36219 3314 881 692 2320 1416 326 2570 3940
leaf_count=26968 224 608 1348 337 5668 1022 94 2352 929 6600 4116 5482 22244 21051 11091 106528 3190 958 3546 964 5242 36219 3314 881 692 2320 1416 326 2570 3940
internal_value=-8.7337e-05 -0.00424312 -0.00255624 -5.49882e-05 -0.00179903 0.0002727 -0.00918459 -0.00536258 -0.010545 1.44803e-05 7.87875e-05 0.000786697 0.00166219 -0.000612906 0.00112587 -0.000155829 -0.000531837 -0.00224101 -0.00174878 -0.00350416 -0.000233645 0.000472311 -0.000362992 0.00359356 -0.00873261 0.00127003 0.000289518 -0.00291262 -0.000858773 0.00143625
internal_weight=282240 2180 1956 280060 10728 6784 1116 3944 1266 269332 262732 65400 40233 25167 34751 197332 123440 16912 15954 10088 6206 73892 37673 4195 3882 5866 23660 2678 33478 6510
internal_count=282240 2180 1956 280060 10728 6784 1116 3944 1266 269332 262732 65400 40233 25167 34751 197332 123440 16912 15954 10088 6206 73892 37673 4195 3882 5866 23660 2678 33478 6510
is_linear=0
shrinkage=0.05


Tree=131
num_leaves=31
num_cat=0
split_feature=13 14 6 13 15 3 13 4 8 15 3 13 0 0 7 1 1 12 7 15 0 14 4 1 5 7 13 3 8 7
split_gain=14.767 19.003 38.8308 34.1835 17.1062 40.2168 32.84 36.2417 25.5419 26.2011 23.0717 22.5115 18.6457 16.9977 16.4274 15.6238 21.5849 27.9127 24.6021 35.2573 23.3309 21.6799 21.0473 23.2366 31.7282 31.9591 30.252 29.4069 37.512 23.1765
threshold=413.92000000000002 159.86750000000004 1.3294609182192656 18.331000000000003 337.19400000000002 10.500000000000002 20.001000000000001 1.0000000180025095e-35 1.0168306545709338 203.06000000000003 9.5000000000000018 228.58500000000004 1.5000000000000002 1.5000000000000002 0.99897078088854441 22.500000000000004 15.500000000000002 0.50375000000000003 0.62943443378992747 6.1650000000000009 2.5000000000000004 8.1440000000000019 1.0000000180025095e-35 6.5000000000000009 1.0000000180025095e-35 1.3381229718934773 6.7625000000000002 1.5000000000000002 0.98313213066730398 0.8412677475492979
decision_type=10 2 2 8 2 2 10 2 2 2 2 8 2 2 2 2 2 2 2 2 2 2 2 2 2 2 8 2 2 2
left_child=1 15 3 -3 5 11 8 -8 9 14 -6 -5 -13 -11 -7 16 22 18 19 21 -20 -18 23 -1 25 27 -26 28 -25 -24
right_child=-2 2 -4 4 10 6 7 -9 -10 13 -12 12 -14 -15 -16 -17 17 -19 20 -21 -22 -23 29 24 26 -27 -28 -29 -30 -31
leaf_value=-0.016182113932017073 2.6674103897431718 -1.3870987768411578 -0.96612908204882764 0.02656302492101972 2.8265175867215442 -1.9687593357011146 0.29520422653961437 -1.1973916369698436 -2.3326100309768476 -0.68477670744069141 -1.8271745322423627 -2.7653129408322017 -0.69644315764088982 3.6052050240254534 3.9289378646580619 -0.0486257795904717 0.089868227989192889 0.091634817177220843 -0.008160568989932249 0.37396332849856018 0.12212927776465393 -0.36331470057503251 -0.080554408078025469 2.060187594752533 0.068657630457006208 -0.031753490540804744 -0.24396732632902474 0.040368864211016847 0.25355157833935893 -0.010588835136348292
leaf_weight=57710 524 340 771 1936 178 61 1500 604 69 488 1154 443 1944 568 1287 11534 482 8184 49010 4510 14631 508 9192 630 392 7929 2436 55397 4260 43568
leaf_count=57710 524 340 771 1936 178 61 1500 604 69 488 1154 443 1944 568 1287 11534 482 8184 49010 4510 14631 508 9192 630 392 7929 2436 55397 4260 43568
internal_value=-8.43254e-05 -9.99233e-05 -0.00210482 -0.00131479 -0.000796521 -5.61798e-06 0.00326087 -0.0013308 0.00716741 0.00802829 -0.00608108 -0.00346403 -0.00671345 0.00213068 0.0126484 -1.58115e-05 6.44223e-05 0.000763983 0.00043715 0.00364545 0.000159881 -0.00489899 -0.000233591 0.000111065 0.000716457 0.0009316 -0.00447313 0.00132408 0.0050409 -0.00107468
internal_weight=282240 281716 11343 10572 10232 8900 4577 2104 2473 2404 1332 4323 2387 1056 1348 270373 258839 77325 69141 5500 63641 990 181514 128754 71044 68216 2828 60287 4890 52760
internal_count=282240 281716 11343 10572 10232 8900 4577 2104 2473 2404 1332 4323 2387 1056 1348 270373 258839 77325 69141 5500 63641 990 181514 128754 71044 68216 2828 60287 4890 52760
is_linear=0
shrinkage=0.05


Tree=132
num_leaves=31
num_cat=0
split_feature=16 13 14 6 10 2 3 2 3 13 7 16 10 14 5 1 2 2 13 6 13 16 3 16 1 3 5 8 3 1
split_gain=17.623 18.7953 22.1246 28.6494 17.6027 17.2549 20.7643 35.5896 27.5873 16.7799 18.3943 16.3985 15.3721 19.4134 18.841 16.9209 20.7758 37.177 29.6686 29.5302 24.2825 24.8996 23.8552 24.5603 21.0963 20.7372 37.5931 25.9665 21.5811 20.0686
threshold=14.9215 -0.15899999999999997 4.8310000000000004 0.90019341435710032 -8.2607142857142843 1.5000000000000002 4.5000000000000009 5.5000000000000009 10.500000000000002 -6.004999999999999 0.93237283874569543 -3.1539999999999995 2.1654761904761917 159.86750000000004 1.0000000180025095e-35 22.500000000000004 4.5000000000000009 5.5000000000000009 84.485000000000014 0.48974167704997784 282.17000000000007 262.24450000000007 1.5000000000000002 57.918500000000002 14.500000000000002 3.5000000000000004 1.0000000180025095e-35 1.0564855377325548 10.500000000000002 4.5000000000000009
decision_type=2 8 2 2 2 2 2 2 2 10 2 2 2 2 2 2 2 2 10 2 10 2 2 2 2 2 2 2 2 2
left_child=4 -2 3 -3 -1 -5 7 -7 -8 -6 -11 -12 15 14 -14 16 20 18 22 -19 21 29 23 -18 25 -21 28 -28 -27 -4
right_child=1 2 12 5 9 6 8 -9 -10 10 11 -13 13 -15 -16 -17 17 19 -20 24 -22 -23 -24 -25 -26 26 27 -29 -30 -31
leaf_value=0.83501288558433195 -0.12098101365578212 1.1296487455449993 -0.045743054396552199 0.43674032055397982 -0.0038199134838528548 0.92633595148680981 -0.40300846303568516 -1.4779259534557045 0.58140044702755533 -0.010442529859019879 0.13999825721659831 0.019244538195789997 -0.029381310805295158 -0.79356689946798942 -0.30131209183622593 -0.10615690403047395 1.0130381526040404 -0.29606312759955211 -0.48899483363485763 0.08499764748568453 1.8929203415022471 -1.4254742549782451 -0.083686677878491905 -0.036785602662544603 0.12546514397712205 -0.20277384573383053 0.58130625721331675 -0.95097436147455205 0.041309014089213038 0.025568700628022412
leaf_weight=510 2222 788 24869 623 40036 460 933 166 232 11409 579 27452 15653 548 893 7254 626 957 3143 4209 1138 2437 16586 1088 7984 4472 470 46 2171 102286
leaf_count=510 2222 788 24869 623 40036 460 933 166 232 11409 579 27452 15653 548 893 7254 626 957 3143 4209 1138 2437 16586 1088 7984 4472 470 46 2171 102286
internal_value=-8.37939e-05 -0.000332255 -0.000281455 0.00384135 0.00054447 0.00113919 -0.00135399 0.00599042 -0.00530043 0.000485052 0.00121704 0.00190593 -0.000348524 -0.00178133 -0.00147468 -0.000212256 -0.000112765 -0.00108378 -0.00253579 0.000449308 0.000197353 0.000133496 -0.00176503 0.00385064 0.000873295 -0.000510204 -0.00214765 0.0108527 -0.00315746 0.000229444
internal_weight=282240 202254 200032 3202 79986 2414 1791 626 1165 79476 39440 28031 196830 17094 16546 179736 172482 41752 21443 20309 130730 129592 18300 1714 19352 11368 7159 516 6643 127155
internal_count=282240 202254 200032 3202 79986 2414 1791 626 1165 79476 39440 28031 196830 17094 16546 179736 172482 41752 21443 20309 130730 129592 18300 1714 19352 11368 7159 516 6643 127155
is_linear=0
shrinkage=0.05


Tree=133
num_leaves=31
num_cat=0
split_feature=16 7 13 16 15 0 3 8 10 8 10 7 3 15 3 3 12 12 2 8 15 15 15 10 2 13 14 1 1 10
split_gain=16.6233 23.7793 14.4744 16.5944 14.9401 13.2795 25.9925 23.5683 25.6453 21.769 17.8297 17.3151 16.9317 22.1376 15.3054 29.9714 17.9171 13.8474 13.8368 13.7352 13.7436 15.504 12.5002 12.3955 14.0819 21.901 20.0932 28.0791 19.2278 17.6639
threshold=60.525350000000003 1.6510462438667208 413.92000000000002 365.85675000000009 164.14500000000001 2.5000000000000004 2.5000000000000004 0.99857713534972048 -1.3642857142857132 0.61272916276183542 1.3285714285714292 1.2039413502309497 10.500000000000002 105.63350000000001 8.5000000000000018 9.5000000000000018 0.041250000000000009 1.7262500000000003 3.5000000000000004 1.3393261320814382 60.02150000000001 106.94100000000002 337.19400000000002 4.6428571428571459 1.0000000180025095e-35 102.02250000000002 159.86750000000004 20.500000000000004 5.5000000000000009 0.75000000000000144
decision_type=2 2 10 2 2 2 2 2 2 2 2 2 2 2 2 2 2 2 2 2 2 2 2 2 2 10 2 2 2 2
left_child=5 2 3 23 -5 -1 7 11 -9 14 12 -7 17 -14 16 -16 -8 -11 -17 20 -10 -22 -6 24 25 26 27 29 -27 -2
right_child=1 -3 -4 4 22 6 9 8 19 10 -12 -13 13 -15 15 18 -18 -19 -20 -21 21 -23 -24 -25 -26 28 -28 -29 -30 -31
leaf_value=-0.00043141313884387245 0.10082684862716591 -0.28489162502643989 2.4948735797384161 -6.7809953384550825 0.51842895064697536 0.55232486569177774 0.9260749189566081 1.5257762781608641 0.38419415435818965 0.0082449170384926856 -0.087636378051328345 1.3832504763345836 0.13148717970336993 1.9709570898342912 -0.57904149808024663 0.90612724997837069 0.15485603714716722 -0.22862092974699255 -0.13349867970316459 -0.21173001276606276 -0.28643463012359283 1.4655589912077109 -3.2723793116078412 -0.23439062355340248 -0.050081052612860513 -0.46691410747429557 -0.66522494312089087 -0.34732887917163802 1.0429163022920613 0.48199723622959412
leaf_weight=161610 8280 2170 520 124 330 522 796 262 1524 21486 3186 280 3474 398 206 340 842 468 340 522 790 238 472 1248 66678 140 1642 1312 914 1126
leaf_count=161610 8280 2170 520 124 330 522 796 262 1524 21486 3186 280 3474 398 206 340 842 468 340 522 790 238 472 1248 66678 140 1642 1312 914 1126
internal_value=-7.79478e-05 -0.000662696 -0.000527263 -0.000579826 -0.00723542 0.000173861 0.00104698 0.00477284 0.00292266 0.000558092 0.000170619 0.0124688 0.000605978 0.00365444 0.00501189 -0.000282167 0.00787546 6.83247e-05 0.00477941 0.00164281 0.00315439 -0.00131323 -0.00473815 -0.000504057 -0.000427009 0.00105114 0.000461165 0.00125023 0.00796964 0.00220604
internal_weight=282240 84956 82786 82266 926 197284 35674 4138 3336 31536 29012 802 25826 3872 2524 886 1638 21954 680 3074 2552 1028 802 81340 80092 13414 12360 10718 1054 9406
internal_count=282240 84956 82786 82266 926 197284 35674 4138 3336 31536 29012 802 25826 3872 2524 886 1638 21954 680 3074 2552 1028 802 81340 80092 13414 12360 10718 1054 9406
is_linear=0
shrinkage=0.05


Tree=134
num_leaves=31
num_cat=0
split_feature=16 12 3 1 15 3 14 3 15 2 3 10 1 2 5 7 15 3 14 2 15 16 7 15 13 2 6 3 10 2
split_gain=15.3975 18.1757 18.8088 18.6905 24.1574 27.6195 24.0365 22.8148 32.8648 24.0016 22.5626 21.6107 20.3088 26.0648 37.3679 25.2784 22.173 21.5465 45.5034 29.4752 26.3632 28.7623 22.4813 21.8458 21.6149 20.8948 19.7571 21.6269 19.2864 18.7576
threshold=14.9215 1.2062500000000003 5.5000000000000009 6.5000000000000009 4.541500000000001 3.5000000000000004 4.9315000000000007 6.5000000000000009 46.905000000000008 4.5000000000000009 5.5000000000000009 -0.16666666666666693 20.500000000000004 3.5000000000000004 1.0000000180025095e-35 0.47925795019421197 33.922500000000007 10.500000000000002 230.19650000000004 1.5000000000000002 96.264000000000024 50.366775000000011 0.99007744986289747 33.501000000000012 282.17000000000007 2.5000000000000004 0.9715823300492259 10.500000000000002 0.33571428571428613 1.0000000180025095e-35
decision_type=2 2 2 2 2 2 2 2 2 2 2 2 2 2 2 2 2 2 2 2 2 2 2 2 8 2 2 2 2 2
left_child=-1 3 -3 4 5 -2 11 -6 9 28 -7 -5 13 14 15 -8 -16 18 23 -19 22 -22 -21 -17 25 -24 -12 -28 -9 -25
right_child=1 2 -4 6 7 10 12 8 -10 -11 26 -13 -14 -15 16 17 -18 19 -20 20 21 -23 24 29 -26 -27 27 -29 -30 -31
leaf_value=0.0072586320653456882 -0.080837834194630753 -0.24349771709819221 -0.031585959210880164 1.310612822859446 -0.022668514244665462 0.458246927692883 0.58035860066125677 0.041989923611551121 -0.27068068552536106 -0.14690930714051112 -0.13548214339232453 0.22285624855680794 -0.053660302192806243 -0.025375157595228761 0.069220050396756744 -0.023786858860394933 -0.38767707212453451 0.42556919604024962 -2.2108331092544362 -0.32242303799421307 1.5898137941219745 -0.61795293890290093 -0.34902924287417392 0.20683364486241837 1.0366527456255139 0.41073233584273794 0.029899966528087907 0.38049678203514703 -0.12605607352484807 0.044716150744705967
leaf_weight=79986 1442 2032 3448 434 27186 958 1986 7372 9166 3068 1224 1664 25330 44302 516 18090 1806 6354 842 624 314 2274 559 8480 1549 746 1962 672 1642 26212
leaf_count=79986 1442 2032 3448 434 27186 958 1986 7372 9166 3068 1224 1664 25330 44302 516 18090 1806 6354 842 624 314 2274 559 8480 1549 746 1962 672 1642 26212
internal_value=-7.52905e-05 -0.000307534 -0.00314781 -0.000228435 -0.00101386 0.00190956 7.3901e-05 -0.00139158 -0.00261907 -0.000906307 0.00372716 0.00538608 -5.71494e-06 0.000277356 0.000875597 0.00108849 -0.00536176 0.000921355 0.000486722 0.00279791 0.000304979 -0.00351623 0.00314836 0.000670683 0.00502803 0.000287356 0.00202177 0.0044609 0.000393832 0.00140522
internal_weight=282240 202254 5480 196774 54692 6258 142082 48434 21248 12082 4816 2098 139984 114654 70352 68030 2322 66044 53624 12420 6066 2588 3478 52782 2854 1305 3858 2634 9014 34692
internal_count=282240 202254 5480 196774 54692 6258 142082 48434 21248 12082 4816 2098 139984 114654 70352 68030 2322 66044 53624 12420 6066 2588 3478 52782 2854 1305 3858 2634 9014 34692
is_linear=0
shrinkage=0.05


Tree=135
num_leaves=31
num_cat=0
split_feature=16 8 10 15 13 3 12 16 13 16 15 13 2 16 8 3 10 6 15 2 1 15 8 13 16 15 15 16 16 7
split_gain=15.0567 19.7715 19.1498 21.6406 18.5662 31.7373 14.7763 14.3655 14.1468 14.9149 14.8046 13.7409 16.3334 20.995 19.5525 13.3926 27.6841 39.6666 28.2288 25.1468 21.1431 29.8543 19.9323 16.7763 16.5438 19.6787 16.0676 19.2216 14.7024 13.984
threshold=27.957249999999998 1.8461972023374515 -0.92857142857142794 157.36250000000004 51.296500000000002 1.5000000000000002 1.3037500000000002 168.90877500000002 413.92000000000002 365.85675000000009 164.14500000000001 0.041500000000000002 1.0000000180025095e-35 47.707500000000003 1.2413805778006395 2.5000000000000004 1.0000000180025095e-35 0.67946066704419583 3.2510000000000003 1.0000000180025095e-35 6.5000000000000009 59.645000000000003 0.49575919974677202 6.4640000000000013 8.0850000000000026 13.749000000000001 6.7010000000000014 7.0055000000000005 9.5642250000000022 0.99423855431007591
decision_type=2 2 2 2 10 2 2 2 10 2 2 8 2 2 2 2 2 2 2 2 2 2 2 8 2 2 2 2 2 2
left_child=15 2 3 4 5 -2 7 -7 9 11 -11 12 13 -4 -14 16 17 26 19 -18 21 23 -20 -19 25 -22 -1 -28 -21 -30
right_child=1 -3 8 -5 -6 6 -8 -9 -10 10 -12 -13 14 -15 -16 -17 18 20 22 28 24 -23 -24 -25 -26 -27 27 -29 29 -31
leaf_value=-0.63904922385117247 0.39265890051613045 -0.15876472661986388 0.39813874972859487 0.63757413061905488 -0.078126468244859457 0.063466645258041604 -0.23660480384476959 -1.9250260019902474 2.456653040447641 -6.3546698408561904 -1.8176791498727618 -0.026638296619304658 -0.28952142425419219 -0.48510335385480019 0.11620255336793833 0.0029636884199345293 -0.33290023485249498 -0.21059429721184231 -0.29859922191012001 0.13126500958992202 0.92830331592610171 -0.67678301088691739 -0.027993916931804665 0.5104427853227117 0.69112442722304834 -0.62834246577830233 -0.2930624987502144 0.82209522904399357 1.0794958891311079 -0.0581135059107361
leaf_weight=204 1788 1214 331 1116 6843 13527 534 192 505 120 800 131642 998 387 231 111902 90 136 150 784 378 324 3894 1406 1690 130 316 192 106 310
leaf_count=204 1788 1214 331 1116 6843 13527 534 192 505 120 800 131642 998 387 231 111902 90 136 150 784 378 324 3894 1406 1690 130 316 192 106 310
internal_value=-7.91879e-05 -0.000397871 -0.00034934 0.000952083 0.000620521 0.00155071 0.000762997 0.00108062 -0.000580681 -0.000612041 -0.00695652 -0.000568348 -0.00473806 0.00125348 -0.00823841 0.000339311 0.0020821 0.00484715 -0.000393701 0.00604651 0.00675443 0.0028403 -0.00244807 0.0057393 0.0100773 0.00216535 -0.00603933 -0.00127953 0.00795833 0.000360577
internal_weight=282240 160228 159014 24000 22884 16041 14253 13719 135014 134509 920 133589 1947 718 1229 122012 10110 4776 5334 1290 4064 1866 4044 1542 2198 508 712 508 1200 416
internal_count=282240 160228 159014 24000 22884 16041 14253 13719 135014 134509 920 133589 1947 718 1229 122012 10110 4776 5334 1290 4064 1866 4044 1542 2198 508 712 508 1200 416
is_linear=0
shrinkage=0.05


Tree=136
num_leaves=31
num_cat=0
split_feature=16 13 3 3 8 16 15 3 14 8 2 13 10 15 15 14 7 8 2 6 1 7 10 0 2 3 3 2 2 7
split_gain=14.6558 20.4967 41.8883 20.2284 33.3965 36.6423 30.4107 24.9844 27.171 23.584 31.4089 22.234 20.8726 20.4562 18.183 17.998 19.7286 17.5157 20.6489 17.4687 17.299 16.8738 19.1615 30.1505 15.8993 15.8956 22.8222 28.6767 20.6282 15.8595
threshold=75.481250000000003 14.541500000000001 6.5000000000000009 4.5000000000000009 1.3146451805844623 140.10249999999999 83.592500000000015 2.5000000000000004 212.04000000000005 1.004202824841457 1.5000000000000002 76.03100000000002 -6.2732142857142863 132.93500000000003 60.755000000000003 133.79850000000002 1.2746467086244997 1.4737828792291958 5.5000000000000009 1.334151823421023 5.5000000000000009 0.45119325611371203 -5.6925824175824156 1.5000000000000002 3.5000000000000004 5.5000000000000009 11.500000000000002 1.5000000000000002 1.5000000000000002 0.99897078088854441
decision_type=2 8 2 2 2 2 2 2 2 2 2 8 2 2 2 2 2 2 2 2 2 2 2 2 2 2 2 2 2 2
left_child=-1 2 19 6 12 25 11 8 9 10 13 -3 14 -8 -5 17 -17 -11 24 -2 -12 -13 -23 -24 -19 -6 28 -28 -27 -4
right_child=1 3 29 4 5 -7 7 -9 -10 15 20 21 -14 -15 -16 16 -18 18 -20 -21 -22 22 23 -25 -26 26 27 -29 -30 -31
leaf_value=0.002608246659719704 0.35199120918110494 0.01030575410806236 0.11108315031153922 -2.7651734517666187 0.47947889259614418 -1.3965300775982599 -0.061042948185264484 -0.29620405204994005 -1.5093987896530985 0.42456821041570375 -0.57025438384498373 -0.99690548112546973 0.065300248147161719 1.0464261911503059 2.8493913303460041 0.12976902406951912 -1.1299384804782435 0.10596867454226883 1.0721806872571145 -0.42950558593766958 -0.14702486109477064 0.15907802117603356 -0.74146839919409779 -0.20051250097945683 -0.48793788584320891 -0.86401730563167511 0.64583372413591078 -0.47030121508557665 -0.12459840787818593 -0.53655612563866206
leaf_weight=220562 1093 2804 273 165 326 535 861 3150 260 1905 418 336 32219 1180 40 1054 116 302 78 275 2813 622 1936 5192 212 568 271 262 895 1517
leaf_count=220562 1093 2804 273 165 326 535 861 3150 260 1905 418 336 32219 1180 40 1054 116 302 78 275 2813 622 1936 5192 212 568 271 262 895 1517
internal_value=-8.14909e-05 -0.000762833 -0.00468651 -0.000551094 0.000203367 -0.004979 -0.0016965 2.02446e-06 0.00131808 0.00178152 -0.000360395 -0.00362259 0.000660005 0.00449535 -0.0152439 0.00486092 -0.00025641 0.00725871 -0.000253378 0.00190058 -0.00342773 -0.00495301 -0.00447742 -0.00521184 -0.00389105 -0.00226098 -0.00393287 0.00492495 -0.00715995 -0.00972067
internal_weight=282240 61678 3158 58520 35281 2857 23239 12349 9199 8939 5272 10890 32424 2041 205 3667 1170 2497 592 1368 3231 8086 7750 7128 514 2322 1996 533 1463 1790
internal_count=282240 61678 3158 58520 35281 2857 23239 12349 9199 8939 5272 10890 32424 2041 205 3667 1170 2497 592 1368 3231 8086 7750 7128 514 2322 1996 533 1463 1790
is_linear=0
shrinkage=0.05


Tree=137
num_leaves=31
num_cat=0
split_feature=16 8 14 3 2 2 7 2 5 14 15 15 15 0 7 3 16 15 3 8 3 15 10 10 15 1 0 16 14 15
split_gain=13.9435 18.7308 24.4926 16.5109 16.2745 29.5178 14.7166 12.8564 20.0586 19.0372 18.8777 15.2262 14.8881 13.8161 29.1273 13.8019 13.7247 23.672 21.937 22.1731 18.8667 32.1668 16.4983 16.2808 14.0714 14.0217 13.9206 16.0364 13.8005 13.6053
threshold=86.267250000000004 1.452204711833998 230.19650000000004 2.5000000000000004 5.5000000000000009 3.5000000000000004 1.8231230113191974 3.5000000000000004 1.0000000180025095e-35 81.522500000000022 164.14500000000001 76.321000000000012 3.0010000000000003 2.5000000000000004 1.0785694703077415 11.500000000000002 148.69947500000001 190.16000000000003 6.5000000000000009 0.84743842535593161 11.500000000000002 190.16000000000003 -4.3422619047619042 -1.728571428571428 441.51000000000005 16.500000000000004 1.5000000000000002 168.90877500000002 117.55150000000002 -0.81499999999999984
decision_type=2 2 2 2 2 2 2 2 2 2 2 2 2 2 2 2 2 2 2 2 2 2 2 2 2 2 2 2 2 2
left_child=-1 6 3 4 5 -3 7 8 12 10 -9 29 -2 14 -14 -10 17 18 19 25 -18 -22 -21 -20 26 -13 27 -23 -19 -11
right_child=1 2 -4 -5 -6 -7 -8 9 15 11 -12 16 13 -15 -16 -17 20 28 23 22 21 24 -24 -25 -26 -27 -28 -29 -30 -31
leaf_value=0.001924591639776796 -0.68159031898791123 0.17320745686858158 -2.4076771607785687 -0.42278221882121941 0.95611694837653605 -0.45797961155626377 -0.65217215943003104 -1.1698463806498687 -0.23296498186209719 3.454095722700572 -0.37912542974835289 -0.60664452182183004 0.0068722780942087613 0.13437855731298795 -0.46200575426696011 -1.3969716368146228 -1.3782405148294525 0.27780513435570964 0.81989639765137001 0.75033170866292886 1.6027876094971676 0.30453057126050248 0.16264464397008072 -0.62424213742904078 -3.2181581846677783 0.24127399515251258 0.15235187138051282 -1.6460770497342843 1.8172412307317201 -0.24872409259159256
leaf_weight=233678 574 818 172 1478 92 504 408 396 438 66 324 376 15298 13622 1586 266 674 238 114 252 554 72 2400 1386 120 212 796 440 220 4666
leaf_count=233678 574 818 172 1478 92 504 408 396 438 66 324 376 15298 13622 1586 266 674 238 114 252 554 72 2400 1386 120 212 796 440 220 4666
internal_value=-7.95422e-05 -0.000850459 -0.00463446 -0.00354426 0.000318246 -0.00109682 -0.000595631 -0.000510091 3.61817e-05 -0.00181497 -0.00972222 -0.00136263 0.000225225 0.000375336 -0.000580431 -0.00830966 -1.27324e-05 0.00148134 0.000432489 0.00274691 -0.00293675 -0.000479314 0.00469457 -0.00456667 -0.00444678 -0.00603741 -0.00294343 -0.009375 0.0123362 -0.00360313
internal_weight=282240 48562 3064 2892 1414 1322 45498 45090 31784 13306 720 12586 31080 30506 16884 704 7854 5198 4740 3240 2656 1982 2652 1500 1428 588 1308 512 458 4732
internal_count=282240 48562 3064 2892 1414 1322 45498 45090 31784 13306 720 12586 31080 30506 16884 704 7854 5198 4740 3240 2656 1982 2652 1500 1428 588 1308 512 458 4732
is_linear=0
shrinkage=0.05


Tree=138
num_leaves=31
num_cat=0
split_feature=16 13 6 2 8 14 7 2 15 13 8 6 7 14 0 15 13 15 14 15 8 13 13 16 2 12 7 8 15 5
split_gain=13.5916 23.4425 20.7283 17.534 15.3195 23.3169 15.5916 17.7326 14.9593 40.9334 25.3555 19.2568 28.0593 24.1723 36.3139 35.6455 27.4496 18.1928 18.1698 44.3819 28.0111 28.1997 25.0757 24.5107 18.1056 17.7224 18.5821 25.2077 17.6611 17.282
threshold=95.707000000000008 29.001500000000004 0.99393486158824051 3.5000000000000004 1.452204711833998 230.19650000000004 0.50553084415660587 5.5000000000000009 96.264000000000024 117.605 1.4581312055964626 1.3647559385888377 1.3301345007876055 4.9925000000000006 1.5000000000000002 6.9615000000000009 95.295000000000016 46.905000000000008 3.5210000000000004 16.931500000000003 1.2695660391111645 35.777500000000011 9.2340000000000018 6.2382499999999999 1.5000000000000002 1.1762500000000002 1.0242318822648477 1.6917612474432648 -5.448999999999999 1.0000000180025095e-35
decision_type=2 8 2 2 2 2 2 2 2 8 2 2 2 2 2 2 10 2 2 2 2 8 10 2 2 2 2 2 2 2
left_child=8 2 -2 -4 -3 6 -6 -8 11 -10 29 12 18 15 16 -13 17 -15 19 22 21 23 -1 24 -21 26 27 -16 -20 -11
right_child=1 4 3 -5 5 -7 7 -9 9 10 -12 13 -14 14 25 -17 -18 -19 28 20 -22 -23 -24 -25 -26 -27 -28 -29 -30 -31
leaf_value=-0.014607147988182545 0.40199865316249306 -0.028160477355293301 -0.29513179175859111 -0.88817800651323786 0.24482397790403321 -2.2972325897156964 -0.37471511265450097 0.73712896858224541 -0.074394759508129488 0.36428837926476848 -0.29671171053763895 0.013155313942917203 -0.051743974283746642 0.043819245920127071 -0.022684141613001897 -0.038498041022037202 -0.84569305068516132 -0.032892302587799849 -0.21332441827698584 0.18554080762432928 -0.078506969045040842 0.27791581259881476 0.10852371887069837 -0.072472426793973185 0.033339039564813766 -0.1372493182777102 0.056277496445489385 -0.3325551815231374 -0.0087961134836771048 -0.18750397799751739
leaf_weight=16946 459 33670 1647 646 317 167 1627 97 8839 11475 462 3990 11072 8451 2396 3480 116 947 452 472 666 7034 3974 1900 1010 834 4788 464 153248 594
leaf_count=16946 459 33670 1647 646 317 167 1627 97 8839 11475 462 3990 11072 8451 2396 3480 116 947 452 472 666 7034 3974 1900 1010 834 4788 464 153248 594
internal_value=-7.74164e-05 -0.000948744 -0.00539608 -0.00733755 -0.000607615 -0.00464221 -0.00317246 -0.0050464 6.07528e-05 0.00132429 0.00316216 -6.07451e-05 -0.000228181 0.00123302 0.00222549 -0.00115797 0.00434623 0.00464461 -8.23901e-05 0.0010015 0.00355983 0.00419547 -0.000353728 0.000443525 0.00526316 -0.000153266 0.000601464 -0.00258741 -0.000308068 0.0036022
internal_weight=282240 38630 2752 2293 35878 2208 2041 1724 243610 21370 12531 222240 196774 25466 17996 7470 9514 9398 185702 32002 11082 10416 20920 3382 1482 8482 7648 2860 153700 12069
internal_count=282240 38630 2752 2293 35878 2208 2041 1724 243610 21370 12531 222240 196774 25466 17996 7470 9514 9398 185702 32002 11082 10416 20920 3382 1482 8482 7648 2860 153700 12069
is_linear=0
shrinkage=0.05


Tree=139
num_leaves=31
num_cat=0
split_feature=16 15 1 1 0 8 14 4 16 6 8 12 15 3 10 15 3 10 3 12 3 8 3 15 3 6 16 14 16 16
split_gain=12.8846 16.2671 12.6238 25.0182 31.8643 28.6135 20.3292 20.1634 20.849 21.235 19.7794 22.3014 19.3663 33.0189 25.2592 22.5041 28.9613 21.2033 20.3803 18.9403 26.9794 20.8304 30.4614 21.9441 21.7579 18.876 34.2592 26.2766 31.1611 22.6189
threshold=365.85675000000009 164.14500000000001 21.500000000000004 16.500000000000004 1.5000000000000002 0.99857713534972048 7.8515000000000006 1.0000000180025095e-35 56.705024999999999 0.95218797325396543 1.4654293187664071 0.12625000000000003 57.494000000000007 3.5000000000000004 -2.7428571428571407 81.585000000000022 10.500000000000002 -5.049999999999998 9.5000000000000018 0.47375000000000006 4.5000000000000009 0.70260150191890569 8.5000000000000018 0.58150000000000002 4.5000000000000009 1.0008124909445437 16.208875000000003 30.012500000000006 46.095900000000007 25.404750000000003
decision_type=2 2 2 2 2 2 2 2 2 2 2 2 2 2 2 2 2 2 2 2 2 2 2 2 2 2 2 2 2 2
left_child=2 -2 3 7 -5 6 -6 -1 9 19 11 -7 13 14 -11 16 18 -15 -14 21 -21 22 24 -24 -9 26 -16 29 -29 -28
right_child=1 -3 -4 4 5 10 -8 8 -10 12 -12 -13 15 17 25 -17 -18 -19 -20 20 -22 -23 23 -25 -26 -27 27 28 -30 -31
leaf_value=0.0029403081932798517 -6.0872040139384387 -0.9996832597166837 -0.030860774643195133 -0.0047201210819867393 1.0085952873793882 0.057338761180423872 0.28570825763432356 0.011665145962847224 -0.19319355895719076 1.668347811180658 -0.10873307379599684 0.38302901110126497 -0.35579292797068612 -0.076578556516415583 0.63388750815385642 0.11454771593466413 0.099023222357266794 -0.0027954434112189455 -0.44662083450138507 -0.30332689474684726 -0.04697608118943284 -0.061764940390945315 1.1780664647642316 -0.18498325059089116 0.53807698640548618 -0.0079056228678592352 0.085880910979718117 0.32823652953192428 -0.07089590047725669 -0.32518131886624746
leaf_weight=142152 124 948 23516 29328 408 17696 6860 864 9778 256 1858 2242 1942 312 440 1488 514 25592 242 812 2594 5120 72 852 938 2006 454 1662 718 452
leaf_count=142152 124 948 23516 29328 408 17696 6860 864 9778 256 1858 2242 1942 312 440 1488 514 25592 242 812 2594 5120 72 852 938 2006 454 1662 718 452
internal_value=-7.91879e-05 -0.00555037 -5.83281e-05 4.28873e-05 0.000953042 0.00212634 0.00484315 -0.000223828 -0.00101737 -0.00058314 0.00122041 0.00168021 8.31532e-06 0.000428007 0.00377422 -0.0031892 -0.00591179 -0.000345506 -0.00842491 -0.00247956 -0.00559307 -0.00112796 0.00240279 -0.00497835 0.00618757 0.00308793 0.00519324 0.00343883 0.00619748 -0.00380795
internal_weight=282240 1072 281168 257652 58392 29064 7268 199260 57108 47330 21796 19938 36078 31892 5988 4186 2698 25904 2184 11252 3406 7846 2726 924 1802 5732 3726 3286 2380 906
internal_count=282240 1072 281168 257652 58392 29064 7268 199260 57108 47330 21796 19938 36078 31892 5988 4186 2698 25904 2184 11252 3406 7846 2726 924 1802 5732 3726 3286 2380 906
is_linear=0
shrinkage=0.05


Tree=140
num_leaves=31
num_cat=0
split_feature=14 6 15 12 16 15 7 2 12 2 1 1 0 14 15 2 7 2 1 5 16 15 7 2 17 7 10 15 7 14
split_gain=12.9309 23.2691 15.8037 13.5426 13.5285 27.5836 41.4152 18.3884 16.828 13.4319 12.0089 29.0113 27.8234 26.2005 22.3412 21.7179 21.4131 20.6201 19.1782 29.0114 31.4219 26.4916 23.7934 25.1431 40.0945 20.75 20.707 20.4328 19.7526 18.6364
threshold=-0.99899999999999989 0.87591445731787221 0.39250000000000007 1.7412500000000002 -1.0000000180025095e-35 17.575000000000003 1.0868499723740275 5.5000000000000009 0.17375000000000002 1.5000000000000002 20.500000000000004 16.500000000000004 1.5000000000000002 110.38700000000001 -1.7749999999999997 5.5000000000000009 1.1130734677471719 4.5000000000000009 6.5000000000000009 1.0000000180025095e-35 16.533150000000003 -2.0949999999999993 1.2103491747220745 1.0000000180025095e-35 54.000000000000007 0.40018894417468748 1.4928571428571387 53.925000000000004 0.92051958376028697 133.79850000000002
decision_type=2 2 2 2 2 2 2 2 2 2 2 2 2 2 2 2 2 2 2 2 2 2 2 2 2 2 2 2 2 2
left_child=1 -1 9 10 -4 8 7 -7 -6 -3 11 17 16 -14 -12 -16 -13 18 21 22 27 -2 23 24 -20 26 -25 28 -21 -18
right_child=3 2 4 -5 5 6 -8 -9 -10 -11 14 12 13 -15 15 -17 29 -19 19 20 -22 -23 -24 25 -26 -27 -28 -29 -30 -31
leaf_value=-0.070850648374372452 0.11946154298282714 -0.16135316002962538 0.10344714366438611 -0.12184051769844997 -0.088060748676319744 0.3165238588765254 -0.19023119878776118 -0.05365963716124194 0.15156967467739715 0.0087365020217075266 0.21793607445031152 0.018046478915372446 0.18319936522827518 -0.021555747537329563 -0.045145952462691277 0.052189934809284716 -0.030261255960595174 -0.02142722881809871 0.34104824436604192 -0.091123452312698736 -0.3211458231166236 -0.019677970796580482 -0.023135179796192951 0.92874616324125769 0.015842323046019981 0.020939467222418968 -0.43069328001788298 -0.3331305764718111 0.096437243928392577 -1.1349459021324939
leaf_weight=1032 682 172 1868 1664 672 940 226 238 118 1562 358 19258 16486 6964 29334 4932 3880 53474 6792 218 2318 56358 11598 784 6792 52626 154 94 492 154
leaf_count=1032 682 172 1868 1664 672 940 226 238 118 1562 358 19258 16486 6964 29334 4932 3880 53474 6792 218 2318 56358 11598 784 6792 52626 154 94 492 154
internal_value=-7.70621e-05 0.00207235 0.003304 -0.00013035 0.00500985 0.00234731 0.00655271 0.0103141 -0.00512658 -0.000692042 -0.000103014 2.30006e-05 0.0011403 0.00235608 -0.000973313 -0.00110313 -8.37197e-05 -0.000248464 7.271e-05 0.000563102 -0.004164 -0.000631136 0.000750514 0.00111172 0.00303298 0.000624487 0.00799574 0.00435323 0.00725352 -0.00339613
internal_weight=282240 6828 5796 275412 4062 2194 1404 1178 790 1734 273748 239124 46742 23450 34624 34266 23292 192382 138908 81868 3122 57040 78746 67148 13584 53564 938 804 710 4034
internal_count=282240 6828 5796 275412 4062 2194 1404 1178 790 1734 273748 239124 46742 23450 34624 34266 23292 192382 138908 81868 3122 57040 78746 67148 13584 53564 938 804 710 4034
is_linear=0
shrinkage=0.05


Tree=141
num_leaves=31
num_cat=0
split_feature=16 13 14 6 12 2 13 15 8 6 10 10 1 16 2 0 14 13 1 1 10 13 2 14 14 15 2 2 15 15
split_gain=13.1945 16.0517 17.2293 24.4811 16.4912 16.4031 16.0296 19.839 32.262 23.606 23.5692 16.9756 16.0281 15.5109 14.7585 14.6827 14.5509 14.0345 13.4979 15.5004 21.2533 20.075 43.6021 27.2089 23.7144 26.844 21.5656 33.9568 23.3042 21.2787
threshold=14.9215 -0.15899999999999997 4.8310000000000004 0.90019341435710032 1.2062500000000003 4.5000000000000009 -2.3734999999999995 17.965000000000003 1.1735660386918843 1.2302529009708296 3.2714285714285753 -4.7499999999999973 5.5000000000000009 -3.1539999999999995 1.0000000180025095e-35 1.5000000000000002 45.301500000000004 37.165000000000006 22.500000000000004 6.5000000000000009 3.8071428571428587 153.71500000000003 1.0000000180025095e-35 230.19650000000004 33.02150000000001 77.185000000000016 5.5000000000000009 4.5000000000000009 28.771500000000003 -0.18899999999999997
decision_type=2 8 2 2 2 2 10 2 2 2 2 2 2 2 2 2 2 8 2 2 2 8 2 2 2 2 2 2 2 2
left_child=6 5 3 -3 18 14 7 9 10 11 -9 -1 -5 -8 16 -6 -2 -14 19 -4 21 22 -21 26 -23 -26 27 28 -24 -28
right_child=1 2 4 12 15 -7 13 8 -10 -11 -12 -13 17 -15 -16 -17 -18 -19 -20 20 -22 24 23 -25 25 -27 29 -29 -30 -31
leaf_value=0.21446338367722034 0.11360863474501377 1.0288183237676136 -0.03535698420382867 -0.22071398138586426 0.020067644662927542 0.090973054307941226 0.12101498142214524 0.12443548174762878 -0.044946367676377268 0.012597321877899215 -0.079446087036155022 -0.039223026380708043 -0.14359394164359643 0.0141648963775463 -0.20994895929258456 -0.20762449634395852 -0.58453318013573219 0.42125139416258311 -0.087520474191809486 0.13916703128866922 -0.098283826451671108 0.085081734691693112 0.033690830942182615 -1.2709349192068844 -0.040866231328620911 0.15533973544553412 -0.5362540041324676 -0.14430872576529749 -0.06347883586775005 0.076595014720519314
leaf_weight=839 460 788 52856 643 1580 431 635 8417 2120 6355 779 22404 416 38437 1022 3513 309 1355 7868 8983 4189 18226 9658 547 28767 22318 172 7140 24198 6815
leaf_count=839 460 788 52856 643 1580 431 635 8417 2120 6355 779 22404 416 38437 1022 3513 309 1355 7868 8983 4189 18226 9658 547 28767 22318 172 7140 24198 6815
internal_value=-8.16681e-05 -0.000296657 -0.00024971 0.00338851 -0.000308896 -0.00452295 0.000461956 -0.00022975 0.0015509 -0.000910534 0.00283275 -0.00164888 0.000890638 0.00118627 -0.00663037 -0.00311702 -0.00139792 0.00334557 -0.000234305 -0.000147524 0.00014407 0.000259809 -0.000430772 -0.00102308 0.00083284 0.000280415 -0.000896672 -0.00133428 -0.00067344 0.00167096
internal_weight=282240 202254 200032 3202 196830 2222 79986 40914 11316 29598 9196 23243 2414 39072 1791 5093 769 1771 191737 183869 131013 126824 57513 48530 69311 51085 47983 40996 33856 6987
internal_count=282240 202254 200032 3202 196830 2222 79986 40914 11316 29598 9196 23243 2414 39072 1791 5093 769 1771 191737 183869 131013 126824 57513 48530 69311 51085 47983 40996 33856 6987
is_linear=0
shrinkage=0.05


Tree=142
num_leaves=31
num_cat=0
split_feature=16 8 15 3 14 7 6 0 14 16 15 3 14 7 5 15 8 3 3 2 16 6 3 3 6 0 8 3 6 16
split_gain=12.9487 21.1822 22.4043 13.2577 14.172 13.1025 12.6822 32.6783 21.8483 18.4659 14.9669 18.8918 16.2871 14.774 21.8653 23.0815 26.4265 22.5566 29.7768 33.7039 18.7574 18.6574 32.5354 54.6839 68.5967 31.0489 33.3374 32.9384 29.7487 78.1946
threshold=56.705024999999999 1.808390484862757 -1.7749999999999997 9.5000000000000018 142.74500000000003 1.6174785852148708 1.7317301568182824 1.0000000180025095e-35 4.9925000000000006 4.7289000000000003 20.491000000000003 10.500000000000002 20.541500000000003 0.56502725539191412 1.0000000180025095e-35 39.365000000000002 0.59523466199123032 7.5000000000000009 5.5000000000000009 5.5000000000000009 26.128600000000002 0.99938336059022215 4.5000000000000009 5.5000000000000009 1.0095795620477201 1.5000000000000002 1.3082459775574546 2.5000000000000004 1.0008124909445437 17.511850000000006
decision_type=2 2 2 2 2 2 2 2 2 2 2 2 2 2 2 2 2 2 2 2 2 2 2 2 2 2 2 2 2 2
left_child=6 2 -2 -3 -5 -4 13 8 9 -8 -9 -12 -13 14 15 16 -1 18 19 -18 -17 25 28 24 -24 -15 27 -27 29 -23
right_child=1 3 5 4 -6 -7 7 10 -10 -11 11 12 -14 21 -16 20 17 -19 -20 -21 -22 22 23 -25 -26 26 -28 -29 -30 -31
leaf_value=0.29850104264814092 0.84432138416653835 -0.40524713407928364 -0.026977927329098386 0.15714293436840274 -1.3225365279387238 -0.19468189362494731 0.024129832262927284 0.012898665440206762 0.067080330263204882 -0.082860481766475563 -0.080738964543196776 -0.02129499810262352 0.19180387598468604 -0.042735166337508401 -0.20959736843625121 0.89295009812145099 0.27004400114286259 0.088315267986542767 -0.26694734700568434 -0.2708463400580467 0.17597261891780636 0.58169261312344545 -0.17371378677667834 0.0036810152693445455 0.041392033065412039 0.49660464054891701 -0.20814811790724758 0.020536482944242419 -0.011274835951045248 0.071819178942170145
leaf_weight=2108 270 476 87928 194 70 2628 480 3816 1866 232 1832 316 364 25014 508 1054 1080 2838 1260 460 1552 2476 8142 80684 2924 1562 792 14928 10442 23944
leaf_count=2108 270 476 87928 194 70 2628 480 3816 1866 232 1832 316 364 25014 508 1054 1080 2838 1260 460 1552 2476 8142 80684 2924 1562 792 14928 10442 23944
internal_value=-7.26332e-05 -0.000561344 -0.0004927 -0.00898649 0 -0.00053558 0.000162057 0.00200427 0.00674942 -0.000702247 7.11125e-05 -0.00292596 0.00419118 7.17948e-05 0.00186004 0.00235703 0.000987607 -0.000798155 -0.00398214 0.000681818 0.00642748 -4.18354e-05 0.000257752 -0.000246322 -0.00354238 -0.000952809 0.000677005 0.00115828 0.0015124 0.00240537
internal_weight=282240 91566 90826 740 264 90556 190674 8906 2578 712 6328 2512 680 181768 10860 10352 7746 5638 2800 1540 2606 170908 128612 91750 11066 42296 17282 16490 36862 26420
internal_count=282240 91566 90826 740 264 90556 190674 8906 2578 712 6328 2512 680 181768 10860 10352 7746 5638 2800 1540 2606 170908 128612 91750 11066 42296 17282 16490 36862 26420
is_linear=0
shrinkage=0.05


Tree=143
num_leaves=31
num_cat=0
split_feature=16 13 15 7 8 3 3 16 3 3 12 1 7 5 3 10 12 3 13 14 2 2 13 8 3 13 16 8 7 15
split_gain=12.5919 15.3043 17.4084 32.1314 29.9477 15.5421 19.2053 15.2531 14.667 38.8313 48.2255 70.6877 35.5865 38.963 37.3005 35.0541 32.5124 43.4044 46.4691 42.9221 37.5011 56.7933 46.1605 36.1928 35.0412 31.72 31.6611 31.4493 30.1829 30.0556
threshold=14.9215 -2.3734999999999995 20.164000000000005 1.047729950561578 1.4129691741289199 11.500000000000002 10.500000000000002 -3.1539999999999995 6.5000000000000009 5.5000000000000009 0.35125000000000001 16.500000000000004 0.68878972166184183 1.0000000180025095e-35 4.5000000000000009 -0.14999999999999677 0.0037500000000000003 10.500000000000002 12.334000000000001 32.115000000000002 5.5000000000000009 1.5000000000000002 71.342500000000015 1.0086913317609019 7.5000000000000009 139.13000000000002 31.254750000000005 0.65859367691234627 0.68878972166184183 18.611500000000003
decision_type=2 10 2 2 2 2 2 2 2 2 2 2 2 2 2 2 2 2 10 2 2 2 8 2 2 8 2 2 2 2
left_child=1 2 -1 4 -4 6 -5 -3 9 10 12 -12 13 14 25 -11 17 18 19 26 21 28 -23 -20 -18 -2 29 -21 -19 -10
right_child=8 7 3 5 -6 -7 -8 -9 16 15 11 -13 -14 -15 -16 -17 24 20 23 27 -22 22 -24 -25 -26 -27 -28 -29 -30 -31
leaf_value=-0.011194702328044044 -0.056685281133158009 0.11478018158757078 0.15483319541875071 -0.040020276375507868 -0.18635805782438863 -0.14340390539304909 0.45123338755440517 0.013452325967625224 0.008756600599540176 -0.11920198746179123 -0.2345261242677637 0.24390063652060659 -0.010126743018729468 -0.51397524178816345 0.95056070319018959 0.19407728386701054 -0.080969520455198771 -0.26573790272470682 0.013082378621193725 0.2018956621385195 0.21652337237567371 -0.22472980301381684 -0.058369986331660684 -0.35361444052347935 0.093899945956019429 0.28442108038746988 0.13930889966706603 -0.36504138152944388 0.17067330946318757 -0.11466325489495575
leaf_weight=30838 3126 635 7005 2008 375 442 246 38437 4945 3040 7500 1910 74838 262 986 11074 5630 856 14365 909 4382 4762 13762 1167 15108 4384 1752 11930 9000 6566
leaf_count=30838 3126 635 7005 2008 375 442 246 38437 4945 3040 7500 1910 74838 262 986 11074 5630 856 14365 909 4382 4762 13762 1167 15108 4384 1752 11930 9000 6566
internal_value=-6.661e-05 0.000464456 -0.000211419 0.00159289 0.00329946 -0.00307864 -0.00139752 0.00117219 -0.000276632 0.000124627 -0.000246221 -0.00363974 0.000135772 0.0031514 0.00373705 0.00256837 -0.000728446 -0.00121646 -0.00228779 -0.00357635 0.000144985 -0.000519732 -0.00215126 -0.000122328 0.00102228 0.00253662 -0.00158147 -0.00563712 0.00254667 -0.00253453
internal_weight=282240 79986 40914 10076 7380 2696 2254 39072 202254 107120 93006 9410 83596 8758 8496 14114 95134 74396 41634 26102 32762 28380 18524 15532 20738 7510 13263 12839 9856 11511
internal_count=282240 79986 40914 10076 7380 2696 2254 39072 202254 107120 93006 9410 83596 8758 8496 14114 95134 74396 41634 26102 32762 28380 18524 15532 20738 7510 13263 12839 9856 11511
is_linear=0
shrinkage=0.05


Tree=144
num_leaves=31
num_cat=0
split_feature=16 13 3 8 14 3 10 7 15 3 15 5 15 1 6 8 14 4 1 13 14 15 16 16 15 8 15 10 16 7
split_gain=12.9832 20.7853 31.6103 13.8914 20.8082 13.1976 19.4297 18.4812 18.1339 17.0112 38.4326 32.7919 31.5088 41.5958 28.3914 26.9415 23.866 23.7659 33.7193 24.2929 23.1148 22.7756 33.4262 22.5851 52.9617 30.8231 24.3499 33.4446 21.9099 20.8142
threshold=95.707000000000008 29.001500000000004 8.5000000000000018 1.452204711833998 230.19650000000004 10.500000000000002 -3.5928571428571416 1.6944929709210474 49.434000000000005 11.500000000000002 16.531000000000002 1.0000000180025095e-35 22.371500000000005 6.5000000000000009 1.265719128405919 1.9280603271430354 93.251000000000019 1.0000000180025095e-35 19.500000000000004 110.40100000000001 40.587500000000013 24.791500000000003 51.469500000000004 51.469500000000004 40.202500000000008 0.96064148996200949 111.69250000000001 2.0071428571428593 66.45665000000001 0.60796537432392295
decision_type=2 8 2 2 2 2 2 2 2 2 2 2 2 2 2 2 2 2 2 8 2 2 2 2 2 2 2 2 2 2
left_child=5 2 -2 -3 -5 6 7 8 -1 10 11 15 -12 -14 16 -7 23 18 19 20 -15 28 -23 26 29 -26 -11 -28 -16 -25
right_child=1 3 -4 4 -6 9 -8 -9 -10 14 12 -13 13 17 21 -17 -18 -19 -20 -21 -22 22 -24 24 25 -27 27 -29 -30 -31
leaf_value=0.025024544619518266 0.032024229088050409 -0.030140019687635577 -0.70547069452498834 -0.15349077018961951 -2.136985359402833 0.015250551290166848 -0.0043188022497489152 -0.067953991299473979 0.27092347866861638 -0.040307610999439386 0.7630708449269108 -0.10730836206138815 -0.067269891521486033 -0.30764067596362532 0.081772628406242609 -0.19774723020574678 0.46585529316307017 0.37577069506871585 -0.23093600354713084 0.78457922335252384 0.37482479437651439 -0.063318363535072739 0.33498958376906973 -1.099576145021377 0.089884352942332602 -0.71725547998558126 1.8446708742759872 -0.51743480730800495 -0.33371404708199326 0.37760432840606301
leaf_weight=5896 1351 33670 1401 2041 167 7184 199830 456 2338 6314 1486 472 2706 676 1698 210 606 2238 1294 2730 824 1366 838 66 578 2292 560 102 72 778
leaf_count=5896 1351 33670 1401 2041 167 7184 199830 456 2338 6314 1486 472 2706 676 1698 210 606 2238 1294 2730 824 1366 838 66 578 2292 560 102 72 778
internal_value=-6.60785e-05 -0.000917681 -0.00510538 -0.000596466 -0.00443841 6.89627e-05 -8.20065e-05 0.00223245 0.00277508 0.000966087 0.00193239 -0.000781846 0.00371842 0.00275124 -0.000288147 3.38112e-05 -0.00156693 0.00461221 0.00285119 0.00501182 -0.0001 0.00334675 -4.53721e-05 -0.00211413 -0.00526387 -0.00850174 -0.000437213 0.0086858 0.00757062 0.00574645
internal_weight=282240 38630 2752 35878 2208 243610 208520 8690 8234 35090 19820 7866 11954 10468 15270 7394 11296 7762 5524 4230 1500 3974 2204 10690 3714 2870 6976 662 1770 844
internal_count=282240 38630 2752 35878 2208 243610 208520 8690 8234 35090 19820 7866 11954 10468 15270 7394 11296 7762 5524 4230 1500 3974 2204 10690 3714 2870 6976 662 1770 844
is_linear=0
shrinkage=0.05


Tree=145
num_leaves=31
num_cat=0
split_feature=13 15 15 16 8 13 15 3 2 7 3 10 0 7 16 15 1 2 1 16 14 13 10 16 14 15 13 16 15 15
split_gain=11.7425 14.288 20.0076 12.4299 19.9303 16.31 15.604 14.2208 17.0857 12.9907 12.981 26.384 23.8289 30.2965 42.2088 23.6338 24.6099 18.5521 18.2023 21.3511 29.0212 16.671 13.7692 13.5665 13.158 12.7797 12.1956 13.1441 14.4681 12.5066
threshold=-2.3734999999999995 -1.115 8.5825000000000014 75.481250000000003 1.808390484862757 3.4090000000000003 170.59400000000002 2.5000000000000004 3.5000000000000004 1.8739076960974632 1.5000000000000002 -8.2607142857142843 1.5000000000000002 0.78462975126598034 8.5706250000000015 109.94250000000001 6.5000000000000009 2.5000000000000004 19.500000000000004 25.026250000000001 18.962500000000002 6.4640000000000013 2.2461538461538484 8.0850000000000026 2.7510000000000003 2.0710000000000002 413.92000000000002 365.85675000000009 135.84500000000003 106.94100000000002
decision_type=8 2 2 2 2 8 2 2 2 2 2 2 2 2 2 2 2 2 2 2 2 8 2 2 2 2 10 2 2 2
left_child=1 -1 -3 6 5 -5 10 -8 -9 26 11 -2 13 14 -13 16 17 24 19 -18 -21 -15 23 -19 -14 -24 27 -7 -29 -28
right_child=3 2 -4 4 -6 9 7 8 -10 -11 -12 12 15 21 -16 -17 18 22 -20 20 -22 -23 25 -25 -26 -27 29 28 -30 -31
leaf_value=-0.1108104198032073 1.1668506054456513 0.025887914454232466 -0.13624983690350964 -0.2814629147644318 -0.39947816303807093 -0.027144011945035108 1.1904882722659416 -0.097999451352931422 1.5017788948841426 -0.54915235516870309 -0.00016795405604204118 -0.13172682218879148 0.46929600468288168 -0.095279448399405151 0.85299400796386249 -0.58638177302956807 2.4534209528138966 0.82871781214882745 0.11780014233687144 -0.9372856096003972 0.54812623566366403 -0.037909592593785457 0.47191685507949716 0.22105984090098421 -0.30640166301027838 -0.407217713959518 5.214589402514072 -5.786053235383334 -1.7818727371093452 0.90047744724115519
leaf_weight=174 398 670 817 1097 490 58148 332 824 392 429 201847 464 134 620 680 338 376 136 1136 102 1866 6822 54 1258 1012 198 97 94 826 409
leaf_count=174 398 670 817 1097 490 58148 332 824 392 429 201847 464 134 620 680 338 376 136 1136 102 1866 6822 54 1258 1012 198 97 94 826 409
internal_value=-6.78501e-05 -0.00425948 -0.00267317 -4.3036e-05 -0.000670563 -0.000590016 0.000133454 0.00513566 0.00263158 -0.000479559 9.78426e-05 0.00148775 0.00115491 -0.000582343 0.00699301 0.0034115 0.00410555 0.000608883 0.00691092 0.00942833 0.00734248 -0.00174684 0.00400972 0.00595409 -0.00427574 -0.00674603 -0.000417128 -0.000483341 -0.00641304 0.00731225
internal_weight=282240 1661 1487 280579 61590 61100 218989 1548 1216 60003 217441 15594 15196 8586 1144 6610 6272 2792 3480 2344 1968 7442 1646 1394 1146 252 59574 59068 920 506
internal_count=282240 1661 1487 280579 61590 61100 218989 1548 1216 60003 217441 15594 15196 8586 1144 6610 6272 2792 3480 2344 1968 7442 1646 1394 1146 252 59574 59068 920 506
is_linear=0
shrinkage=0.05


Tree=146
num_leaves=31
num_cat=0
split_feature=14 16 6 15 3 15 16 7 15 12 15 13 7 2 12 16 15 1 16 14 13 2 2 14 15 7 15 1 3 12
split_gain=11.6434 21.8787 19.1707 17.8258 15.2232 14.9462 28.6504 28.109 19.201 14.3584 13.3979 12.9318 13.6492 11.9289 11.7269 11.312 20.6718 11.2397 11.5656 11.2205 11.0567 16.4204 25.0759 24.7486 22.5258 14.7524 15.518 12.064 11.2851 46.2721
threshold=-0.72899999999999987 10.6759 0.87591445731787221 49.943500000000007 4.5000000000000009 17.575000000000003 0.28025000000000005 1.0400937563224588 0.39250000000000007 0.038750000000000007 7.2325000000000008 -0.40849999999999992 0.99897078088854441 5.5000000000000009 1.8312500000000003 294.23875000000004 123.04500000000002 5.5000000000000009 5.6842500000000005 -1.9789999999999999 194.76050000000004 4.5000000000000009 5.5000000000000009 173.655 203.06000000000003 0.92051958376028697 63.039000000000009 8.5000000000000018 6.5000000000000009 0.0037500000000000003
decision_type=2 2 2 2 2 2 2 2 2 2 2 8 2 2 2 2 2 2 2 2 10 2 2 2 2 2 2 2 2 2
left_child=1 2 4 5 -1 6 8 17 -4 19 -10 -12 -13 -14 15 20 -17 -7 -19 -8 28 25 24 -24 -23 -22 -27 -26 -2 -30
right_child=14 -3 3 -5 -6 7 9 -9 10 -11 11 12 13 -15 -16 16 -18 18 -20 -21 21 22 23 -25 27 26 -28 -29 29 -31
leaf_value=-0.18123356086701051 0.0066942559517695014 0.64692377741511675 0.0007015406124357582 -0.1314219136651186 -0.014578474151656624 0.21089599852490296 -0.20289049948912652 -0.10586740303940241 0.11962334696551338 0.10965575523371521 0.094135411516492393 0.57533476171324049 -0.10344820740713075 0.090374973941148892 -0.15917668344435135 -4.3130555803123665 -0.74235878607756267 0.21243198437946345 -0.089682643176076132 -0.067789055905094098 -0.68021369812727961 -1.2863517173852188 1.8600267102890464 -0.19299860687003445 -2.0995273761043003 2.981231588754035 0.73984503429394233 1.7304758508413103 -0.023606102877667668 0.026763891911537344
leaf_weight=342 134942 430 1694 430 802 434 226 216 1284 148 66 50 252 128 870 224 1956 458 142 794 319 397 155 177 30 569 1336 105 100428 32836
leaf_count=342 134942 430 1694 430 802 434 226 216 1284 148 66 50 252 128 870 224 1956 458 142 794 319 397 155 177 30 569 1336 105 100428 32836
internal_value=-6.92673e-05 0.00182371 0.00119207 0.00226985 -0.00476399 0.0029871 0.00168031 0.00784 0.00395797 -0.00509418 0.00758427 0.000604839 -0.00255814 -0.00578947 -0.00012375 -0.000105312 -0.00369266 0.0112669 0.00683333 -0.00720588 -7.64853e-05 0.00289832 -0.00295139 0.00783133 -0.00968045 0.00517086 0.00683727 0.00796296 -0.000110736 -0.000437102
internal_weight=282240 7896 7466 6322 1144 5892 4642 1250 3474 1168 1780 496 430 380 274344 273474 2180 1034 600 1020 271294 3088 864 332 532 2224 1905 135 268206 133264
internal_count=282240 7896 7466 6322 1144 5892 4642 1250 3474 1168 1780 496 430 380 274344 273474 2180 1034 600 1020 271294 3088 864 332 532 2224 1905 135 268206 133264
is_linear=0
shrinkage=0.05


Tree=147
num_leaves=31
num_cat=0
split_feature=16 13 15 14 7 3 3 3 10 6 3 7 15 8 3 0 15 6 16 14 15 3 6 13 3 15 12 8 3 3
split_gain=11.6284 13.646 15.8557 15.4217 24.277 25.8276 13.913 20.1263 13.5987 14.197 25.9458 27.262 26.2651 21.9799 17.558 26.9628 24.8998 27.6363 19.9288 21.5528 18.8571 18.0061 24.9559 19.948 21.0489 37.4396 18.6655 17.2366 23.939 35.007
threshold=14.9215 -0.72399999999999987 5.5410000000000013 4.8310000000000004 0.89106476501768295 6.5000000000000009 10.500000000000002 4.5000000000000009 -9.1607142857142829 0.91029095032032992 9.5000000000000018 0.58379807704208198 1.4315000000000002 1.0478822096742719 2.5000000000000004 1.5000000000000002 4.8710000000000013 1.0032146904844119 0.28025000000000005 8.1440000000000019 2.2110000000000007 7.5000000000000009 1.0032146904844119 50.015000000000008 9.5000000000000018 -0.81499999999999984 0.048750000000000009 0.65409798923377005 2.5000000000000004 6.5000000000000009
decision_type=2 8 2 2 2 2 2 2 2 2 2 2 2 2 2 2 2 2 2 2 2 2 2 8 2 2 2 2 2 2
left_child=8 2 -2 4 5 -3 7 -6 -1 10 12 -12 13 -10 15 16 -11 -18 20 -20 -16 22 -21 -23 26 -26 -25 28 -14 -30
right_child=1 3 -4 -5 6 -7 -8 -9 9 14 11 -13 27 -15 18 -17 17 -19 19 21 -22 23 -24 24 25 -27 -28 -29 29 -31
leaf_value=0.97800249265891892 0.072712119201890246 1.3569742530633837 -0.18177148033682944 -0.011225464651250228 0.31740366705060413 -0.17369128248598617 0.48921352864953144 -0.2529387515646469 -0.13083170663322374 0.074317081500317489 0.50226467468298308 0.0055563800788551504 -0.25611285012341883 0.011494527878662418 0.011993692790900224 0.68064327336584896 0.31783318835535057 -0.057023478275016706 -0.0041266191362750145 0.22755268804191894 0.090625358497224529 0.036161306815708061 0.0042129825166260741 -0.16856709331741546 1.0776980663041422 -0.0045347411013882287 0.053893215253067388 -0.033165818852497322 0.52264042292928881 -0.033082447178743139
leaf_weight=314 374 630 1350 197316 830 232 282 1240 2128 1286 1564 4500 464 848 3344 976 584 1428 35330 1932 1884 3390 1558 1673 224 1690 439 10292 1916 2222
leaf_count=314 374 630 1350 197316 830 232 282 1240 2128 1286 1564 4500 464 848 3344 976 584 1428 35330 1932 1884 3390 1558 1673 224 1690 439 10292 1916 2222
internal_value=-6.71414e-05 -0.000268969 -0.00469838 -0.000230888 0.00320473 0.0103828 0.00057398 -0.000845411 0.000443203 0.000402274 -0.000616278 0.00220976 -0.00157527 -0.00586358 0.000839643 0.00391905 0.00175864 -0.00171471 0.000583903 0.00025305 0.00350995 0.00219604 0.00515759 0.000802319 -0.00157725 0.00222048 -0.00501894 -0.00071841 0.00182529 0.00303287
internal_weight=282240 202254 1724 200530 3214 862 2352 2070 79986 79672 23934 6064 17870 2976 55738 4274 3298 2012 51464 46236 5228 10906 3490 7416 4026 1914 2112 14894 4602 4138
internal_count=282240 202254 1724 200530 3214 862 2352 2070 79986 79672 23934 6064 17870 2976 55738 4274 3298 2012 51464 46236 5228 10906 3490 7416 4026 1914 2112 14894 4602 4138
is_linear=0
shrinkage=0.05


Tree=148
num_leaves=31
num_cat=0
split_feature=13 15 15 16 13 3 2 7 15 10 0 2 2 5 15 15 8 2 13 16 5 0 15 2 15 0 13 13 15 13
split_gain=11.5567 13.7508 17.3078 10.9799 18.7416 29.4606 17.5551 14.0303 17.0863 16.7235 14.0611 13.5397 13.0363 18.4694 16.6492 16.8068 14.1561 21.825 14.0289 13.498 12.9796 12.907 12.1943 12.4449 22.1032 12.1034 11.2262 10.989 10.7573 37.4585
threshold=-2.3734999999999995 -1.115 8.5825000000000014 95.707000000000008 29.001500000000004 6.5000000000000009 3.5000000000000004 1.198597428744437 25.712500000000002 0.31428571428571367 1.0000000180025095e-35 4.5000000000000009 3.5000000000000004 1.0000000180025095e-35 76.321000000000012 18.611500000000003 1.4392302294256101 5.5000000000000009 316.99500000000006 365.85675000000009 1.0000000180025095e-35 2.5000000000000004 74.584000000000017 2.5000000000000004 190.16000000000003 1.5000000000000002 33.811000000000007 84.485000000000014 96.264000000000024 117.605
decision_type=8 2 2 2 8 2 2 2 2 2 2 2 2 2 2 2 2 2 10 2 2 2 2 2 2 2 8 10 2 8
left_child=1 -1 -3 28 5 20 -7 12 -9 10 -10 -11 13 18 15 -14 27 -18 19 26 -5 -17 -20 24 -24 -25 -6 -16 -2 -30
right_child=3 2 -4 4 7 6 -8 8 9 11 -12 -13 14 -15 16 21 17 -19 22 -21 -22 -23 23 25 -26 -27 -28 -29 29 -31
leaf_value=-0.10590115974658132 -0.00047960255886678183 0.022455962087546723 -0.12335179858945829 0.20656794644495804 0.60334435355695393 -0.42413097136905586 -1.0211739301782914 -0.69417715256639068 -1.4424960519835683 -0.54877002445750378 0.17714925228618483 0.52857006747611812 0.19345550021739299 -0.79809389230833505 0.18733294848642518 -0.81526282970899477 -0.7375455176138429 0.6339850397301291 5.2739361263262357 -2.4034967385335237 -1.0138137542077865 -0.18699822639143734 -2.2666581506388326 -6.897824113543475 4.0555328423471781 0.94832152994968555 0.047105796268854055 -0.16716711064470235 -0.067130496758512778 0.22674638117322279
leaf_weight=174 220630 670 817 977 352 1202 443 447 62 1269 1421 187 689 409 3990 1243 287 48 125 708 111 1051 60 70 215 94 20823 2328 8807 12531
leaf_count=174 220630 670 817 977 352 1202 443 447 62 1269 1421 187 689 409 3990 1243 287 48 125 708 111 1051 60 70 215 94 20823 2328 8807 12531
internal_value=-7.10388e-05 -0.00422938 -0.00267317 -4.64219e-05 -0.000829427 -0.00482071 -0.00904255 -0.000525392 -0.0035883 -0.00220313 0.00153405 -0.00600962 -0.000206205 0.000444085 -0.00174865 -0.0048525 -0.000356982 -0.0103731 0.000635942 0.000435269 0.0015625 -0.00690933 0.00842199 0.00449886 0.011 -0.00640244 0.000662338 0.000174106 7.85228e-05 0.00115053
internal_weight=282240 1661 1487 280579 38611 2733 1645 35878 3386 2939 1483 1456 32492 22856 9636 2983 6653 335 22447 21883 1088 2294 564 439 275 164 21175 6318 241968 21338
internal_count=282240 1661 1487 280579 38611 2733 1645 35878 3386 2939 1483 1456 32492 22856 9636 2983 6653 335 22447 21883 1088 2294 564 439 275 164 21175 6318 241968 21338
is_linear=0
shrinkage=0.05


Tree=149
num_leaves=31
num_cat=0
split_feature=16 8 7 10 15 3 17 10 3 15 3 0 4 14 16 1 0 3 12 7 14 15 8 15 3 3 12 0 16 8
split_gain=10.4543 22.615 18.2493 14.6603 15.0793 30.9919 35.6635 31.1696 22.6746 40.6117 37.6398 53.7519 39.0219 34.9916 31.2962 40.1452 29.9559 28.8915 43.4397 32.279 23.4435 29.0896 22.9711 27.2703 22.1596 39.3583 22.201 20.9051 20.0093 18.5784
threshold=38.877299999999998 1.8874168711463624 1.6510462438667208 -0.92857142857142794 44.957500000000003 10.500000000000002 54.000000000000007 1.3928571428571437 9.5000000000000018 241.35000000000005 10.500000000000002 1.5000000000000002 1.0000000180025095e-35 35.421000000000006 130.07387500000002 5.5000000000000009 1.5000000000000002 4.5000000000000009 0.2637500000000001 0.50553084415660587 256.86350000000004 90.711500000000015 1.0168306545709338 135.84500000000003 6.5000000000000009 5.5000000000000009 1.0000000180025095e-35 1.5000000000000002 51.980250000000005 0.94354022988476138
decision_type=2 2 2 2 2 2 2 2 2 2 2 2 2 2 2 2 2 2 2 2 2 2 2 2 2 2 2 2 2 2
left_child=-1 2 3 -2 5 6 -5 29 9 17 11 -10 14 -12 15 -13 -11 18 19 -6 21 -15 23 -22 25 -19 27 -27 -23 -7
right_child=1 -3 -4 4 8 7 -8 -9 10 16 13 12 -14 20 -16 -17 -18 24 -20 -21 22 28 -24 -25 -26 26 -28 -29 -30 -31
leaf_value=0.0037732517546668733 0.056695193605175935 -0.20504651655021411 -0.13494594921257638 0.064949220687852166 0.59251633745490329 -0.3198519525493454 -0.12548385520520508 -0.17688652267136595 -1.5165589040997471 -1.0775352449375084 -0.41068175885698199 -1.0328238022318086 -2.0357561311822496 0.10426778096535108 -1.7821701794957243 0.76211060135554076 2.9528146943291933 -0.0021748086368774122 -0.55622172572617079 -0.075016045896995606 3.1796905295429188 0.77724772853435398 -2.588791038252138 0.33105590259909834 -0.040158768576801854 1.689085085444302 0.079939896856663986 0.54527668170516075 -0.41128642992015441 0.44960143319250945
leaf_weight=153062 19262 720 3434 15457 666 376 15457 1098 800 156 966 230 320 4520 646 1198 808 6282 1754 25250 412 298 94 2610 10468 270 1532 2350 6888 4856
leaf_count=153062 19262 720 3434 15457 666 376 15457 1098 800 156 966 230 320 4520 646 1198 808 6282 1754 25250 412 298 94 2610 10468 270 1532 2350 6888 4856
internal_value=-6.82044e-05 -0.000399449 -0.00034992 -0.000251152 -0.000482215 0.00032757 -0.000325095 0.00351501 -0.000922385 -0.000359335 -0.00239174 -0.00734189 -0.00359231 -0.0013903 -0.00108486 0.00304622 0.0098029 -0.000561023 -0.00162089 -0.00110549 -0.000789367 -0.00181531 0.00306483 0.00382197 0.000842025 0.00247269 0.00625 0.0090458 -0.0037921 0.00512232
internal_weight=282240 129178 128458 125024 105762 37244 30914 6330 68518 49536 18982 3194 2394 15788 2074 1428 964 48572 27670 25916 14822 11706 3116 3022 20902 10434 4152 2620 7186 5232
internal_count=282240 129178 128458 125024 105762 37244 30914 6330 68518 49536 18982 3194 2394 15788 2074 1428 964 48572 27670 25916 14822 11706 3116 3022 20902 10434 4152 2620 7186 5232
is_linear=0
shrinkage=0.05


Tree=150
num_leaves=31
num_cat=0
split_feature=13 14 6 3 3 8 3 1 2 7 13 8 1 1 1 12 7 2 13 3 7 12 14 0 7 2 13 14 3 6
split_gain=10.4717 11.2654 17.5744 23.0248 14.0271 12.0051 15.132 15.9996 18.7445 12.8362 11.253 10.7474 10.5041 10.4931 27.3733 26.7224 27.7028 20.9426 31.5761 26.2739 26.1335 22.9109 18.0527 26.3089 18.9282 17.7974 17.5331 17.292 16.8264 16.1696
threshold=-6.004999999999999 -0.72899999999999987 0.87591445731787221 4.5000000000000009 4.5000000000000009 0.74300939898938811 7.5000000000000009 8.5000000000000018 5.5000000000000009 1.9071230778825603 3.5610000000000004 0.99857713534972048 10.500000000000002 20.500000000000004 16.500000000000004 0.50375000000000003 0.62943443378992747 4.5000000000000009 52.765000000000008 2.5000000000000004 1.0088498492910212 0.066250000000000017 110.38700000000001 1.5000000000000002 1.0690345432842003 5.5000000000000009 316.99500000000006 154.36050000000003 10.500000000000002 1.3294609182192656
decision_type=8 2 2 2 2 2 2 2 2 2 10 2 2 2 2 2 2 2 10 2 2 2 2 2 2 2 10 2 2 2
left_child=12 2 4 11 -2 -5 9 10 -9 -7 -8 -4 -1 14 17 16 -16 26 27 20 -20 -21 23 24 -18 -15 -3 -19 -29 -26
right_child=1 13 3 5 -6 6 7 8 -10 -11 -12 -13 -14 25 15 -17 22 18 19 21 -22 -23 -24 -25 29 -27 -28 28 -30 -31
leaf_value=0.025418344819372773 -0.16774031889640739 0.0011031977038543418 -0.0057391217680023976 0.14304762973257695 -0.0035981637048293717 -0.033587505653174435 -0.021616716934691516 0.048737381181057998 0.30067704088396585 0.10651286447876146 0.086106908885047961 0.31576558763209306 -0.17953860940489988 -0.038455722213948308 0.43169619465458564 0.12349428091326323 0.0089417138802234952 -0.012188390400964356 -0.072168784387479867 -0.24183724856656177 0.68755773611676507 -0.70174189011928167 -0.18557183902678676 0.13048998465031186 -0.10348102986608848 0.04567861940675582 2.4347463224463697 -3.3404339058127897 1.2104010039324722 -0.0061597325238536118
leaf_weight=105 359 138798 172 214 827 1986 1458 1094 468 56 534 666 458 29539 2930 5512 14234 45080 1897 4529 401 922 7417 13224 1537 4944 520 54 518 1787
leaf_count=105 359 138798 172 214 827 1986 1458 1094 468 56 534 666 458 29539 2930 5512 14234 45080 1897 4529 401 922 7417 13224 1537 4944 520 54 518 1787
internal_value=-7.05074e-05 -5.68914e-05 0.00181261 0.00281288 -0.00379427 0.00169535 0.00125089 0.00322172 0.00701024 -0.00217924 0.000251004 0.0105609 -0.00688277 -0.000110373 7.10227e-06 0.00109399 0.000655863 -0.000255943 -0.00109783 -0.00404891 0.000435161 -0.00593928 0.000296474 0.000830031 -0.000438547 -0.000925819 6.67538e-05 -0.000596907 0.00804196 -0.00383574
internal_weight=282240 281677 7834 6648 1186 5810 5596 3554 1562 2042 1992 838 563 273843 239360 46641 41129 192719 53401 7749 2298 5451 38199 30782 17558 34483 139318 45652 572 3324
internal_count=282240 281677 7834 6648 1186 5810 5596 3554 1562 2042 1992 838 563 273843 239360 46641 41129 192719 53401 7749 2298 5451 38199 30782 17558 34483 139318 45652 572 3324
is_linear=0
shrinkage=0.05


Tree=151
num_leaves=31
num_cat=0
split_feature=16 8 13 14 3 13 2 16 13 16 13 16 1 8 13 8 13 1 3 2 2 14 14 14 8 13 7 7 7 3
split_gain=11.3474 28.9329 24.3956 22.5568 20.0534 15.7179 14.1485 15.4438 12.7947 12.4459 10.0541 10.4485 10.2441 10.1881 10.7398 9.91243 9.61071 9.59883 9.50399 22.8721 26.0651 47.6122 40.7644 31.9176 26.6825 25.8028 22.1256 20.6927 19.7722 19.7204
threshold=236.19477499999999 1.0168306545709338 29.701500000000003 256.86350000000004 10.500000000000002 413.92000000000002 2.5000000000000004 365.85675000000009 67.439000000000007 365.85675000000009 -6.004999999999999 -3.1539999999999995 10.500000000000002 1.6631071998897591 22.641000000000002 1.2744990345144107 252.66000000000003 7.5000000000000009 10.500000000000002 1.5000000000000002 5.5000000000000009 17.257500000000004 29.086000000000002 256.86350000000004 1.9280603271430354 71.342500000000015 0.44000494050618616 0.62166367389727595 1.7785225864191649 4.5000000000000009
decision_type=2 2 8 2 2 8 2 2 10 2 8 2 2 2 8 2 10 2 2 2 2 2 2 2 2 8 2 2 2 2
left_child=10 2 -2 -4 8 6 7 -6 -5 17 12 13 -1 14 -12 -14 -10 -7 28 26 21 24 27 25 -21 -23 -20 -22 -13 -30
right_child=1 -3 3 4 5 9 -8 -9 16 -11 11 18 15 -15 -16 -17 -18 -19 19 20 22 23 -24 -25 -26 -27 -28 -29 29 -31
leaf_value=0.024147427578404115 -2.8217167340975551 -3.0162350304396783 -1.4945784590522437 -3.8353415696928597 1.2589956643828721 0.18209190256899321 -0.70710687567625186 -1.876814731728851 2.3243712680105051 -0.15090992725458854 0.13205753068277559 -0.002758860223597082 -0.19664598450465462 -0.67221569878311671 0.019938645552833645 0.086551513524022197 -9.9441701168107226 3.0768662768021366 -0.55817668426032407 0.060238126020207797 0.96423196780665266 -0.18011425620901056 0.35037924216504579 3.619733012835213 -0.18345320981320767 -0.09393759959622533 0.10234786311500127 -0.037859479374008076 -0.13051374546669603 -0.004477460361843758
leaf_weight=105 126 184 647 474 351 287 527 166 145 551 546 228110 404 32 737 54 38 834 144 6932 240 4958 3358 302 166 12382 12124 2850 1680 2786
leaf_count=105 126 184 647 474 351 287 527 166 145 551 546 228110 404 32 737 54 38 834 144 6932 240 4958 3358 302 166 12382 12124 2850 1680 2786
internal_value=-6.97988e-05 -0.0026097 -0.00174867 -0.00106965 0.000570709 0.00246686 -0.00234674 0.00352998 -0.00726788 0.00547249 -3.02256e-05 -1.66759e-05 -0.00670515 0.00442966 0.00512471 -0.0099345 0.00396175 0.00849688 -3.78579e-05 0.000640878 -7.85559e-05 -0.000816492 0.00275279 -0.0022078 0.00264159 -0.00248847 0.00246984 -0.00139159 -0.000164677 -0.00345947
internal_weight=282240 4330 4146 4020 3373 2716 1044 517 657 1672 277910 277347 563 1315 1283 458 183 1121 276032 43456 31188 24740 6448 17642 7098 17340 12268 3090 232576 4466
internal_count=282240 4330 4146 4020 3373 2716 1044 517 657 1672 277910 277347 563 1315 1283 458 183 1121 276032 43456 31188 24740 6448 17642 7098 17340 12268 3090 232576 4466
is_linear=0
shrinkage=0.05


Tree=152
num_leaves=31
num_cat=0
split_feature=8 7 15 8 6 2 14 13 14 7 3 7 10 10 6 10 15 14 0 3 12 3 7 10 3 13 14 15 14 15
split_gain=8.93701 28.992 43.3357 17.5511 16.5253 16.4268 12.6531 15.8233 11.1435 11.0677 19.3075 21.421 20.1967 14.3659 12.7062 14.7064 17.7998 20.3714 18.1163 17.429 33.7829 45.5997 41.4465 33.7723 30.6892 37.6344 37.0365 40.8797 24.2942 23.1457
threshold=1.5802469212633652 1.0242318822648477 59.645000000000003 1.9728387984973503 1.1839061703319149 5.5000000000000009 11.814000000000002 6.4640000000000013 10.656000000000001 1.7957979285188685 4.5000000000000009 2.3646020039433977 2.3285714285714305 -4.0178571428571397 1.7800415462310248 4.2285714285714313 6.1650000000000009 21.211000000000002 1.5000000000000002 6.5000000000000009 0.12125000000000001 7.5000000000000009 0.6972043456550211 0.92142857142857226 10.500000000000002 -1.0000000180025095e-35 33.871500000000005 86.592500000000015 0.38250000000000006 0.17500000000000002
decision_type=2 2 2 2 2 2 2 8 2 2 2 2 2 2 2 2 2 2 2 2 2 2 2 2 2 10 2 2 2 2
left_child=9 3 4 6 8 -4 7 -2 -3 14 12 13 -11 -12 15 19 17 -17 -18 -1 24 22 -22 28 25 26 -21 -28 -24 -26
right_child=1 2 5 -5 -6 -7 -8 -9 -10 10 11 -13 -14 -15 -16 16 18 -19 -20 20 21 -23 23 -25 29 -27 27 -29 -30 -31
leaf_value=0.017178338182133331 0.015394235063238233 0.015431777545697046 -0.27116252065862306 -0.27700103723604669 0.030604731347717684 0.29953101774189472 -0.065573456359148893 -0.2118277929304461 -0.12136666165867541 -0.22585089272052464 -0.12997223874285427 0.57336770689695082 -0.0063382493020944126 -0.0042220358923404037 0.024539029169389052 0.032316314677418766 -0.083398647564754999 -0.17399700479394786 -0.0047833648051633371 -0.029681965915296451 -0.24159411056077298 0.097357150440446974 0.11633485342538902 0.14185444191260937 0.2892891095089179 -0.0015127558648388108 -0.37239134104984067 -0.020312808820428074 -0.067293858881761009 0.0082530220537402228
leaf_weight=124548 284 530 1064 344 4602 94 2528 764 550 802 192 288 550 2648 4216 2188 3182 604 2016 27154 1870 13948 200 1466 1492 32642 7748 3396 2900 37430
leaf_count=124548 284 530 1064 344 4602 94 2528 764 550 802 192 288 550 2648 4216 2188 3182 604 2016 27154 1870 13948 200 1466 1492 32642 7748 3396 2900 37430
internal_value=-6.90901e-05 -0.00148234 0.000482456 -0.00491071 0.00227913 -0.00833333 -0.00387304 -0.00849237 -0.00328704 -1.30765e-05 -0.00247768 -0.000319693 -0.00747041 -0.00163732 2.82772e-05 -1.54119e-05 -0.00212766 0.00109241 -0.00385725 5.08254e-05 -0.000353562 0.00151589 -0.00196551 0.000602278 -0.000700424 -0.00131942 -0.00238263 -0.00480976 -0.00235484 0.000427779
internal_weight=282240 10760 6840 3920 5682 1158 3576 1048 1080 271480 4480 3128 1352 2840 267000 262784 7990 2792 5198 254794 130246 20384 6436 4566 109862 70940 38298 11144 3100 38922
internal_count=282240 10760 6840 3920 5682 1158 3576 1048 1080 271480 4480 3128 1352 2840 267000 262784 7990 2792 5198 254794 130246 20384 6436 4566 109862 70940 38298 11144 3100 38922
is_linear=0
shrinkage=0.05


Tree=153
num_leaves=31
num_cat=0
split_feature=16 13 8 14 3 15 13 16 13 13 15 13 15 15 16 7 13 13 3 14 4 15 15 3 14 7 15 1 1 0
split_gain=11.1752 24.3943 23.4894 19.8064 19.536 15.0735 18.572 12.2114 11.3833 10.8816 10.6748 8.98931 9.97931 24.8244 9.61388 9.50024 9.84283 8.88158 19.4783 12.7593 21.2629 14.9886 14.8007 11.6005 11.1557 10.6005 8.81551 8.73348 16.1445 26.9984
threshold=236.19477499999999 29.701500000000003 1.0168306545709338 256.86350000000004 10.500000000000002 267.93000000000006 252.66000000000003 262.24450000000007 252.66000000000003 413.92000000000002 190.16000000000003 -6.004999999999999 8.5825000000000014 -0.54749999999999999 -3.1539999999999995 1.7451715049292189 -1.3584999999999998 228.58500000000004 7.5000000000000009 182.51100000000002 1.0000000180025095e-35 106.94100000000002 179.04650000000001 10.500000000000002 79.071000000000012 0.93237283874569543 337.19400000000002 21.500000000000004 16.500000000000004 2.5000000000000004
decision_type=2 8 2 2 2 2 10 2 8 8 2 8 2 2 2 2 10 10 2 2 2 2 2 2 2 2 2 2 2 2
left_child=11 -2 3 -3 8 6 10 -7 -5 26 -6 12 13 -1 15 16 -13 27 24 22 21 -21 23 -20 -19 -25 -9 28 -16 -30
right_child=1 2 -4 4 5 7 -8 9 -10 -11 -12 14 -14 -15 17 -17 -18 18 19 20 -22 -23 -24 25 -26 -27 -28 -29 29 -31
leaf_value=-0.19122841203558175 -2.6944365113099282 -1.4202621872023187 -2.8289043597648078 0.22337140439957467 2.2983298786808226 5.3677248951440903 -0.21692823904700306 -0.4456838894215796 -4.5018592969206876 0.33211716200284447 1.558452696951492 -0.01006981661194626 -0.28341622332423189 0.059632785388175846 -0.004951694258544137 0.24776436680624381 0.10002336893774011 0.91538723542604439 -1.7275282597709358 3.4281060341922287 -1.0432678627631056 -0.13936135074543829 2.1773116513371136 -1.9469261614400404 -2.2576407092531663 2.2584235458348458 -1.929188450386053 -0.026165186349787484 0.0030250486528661472 0.19049431947293052
leaf_weight=98 135 647 175 239 389 96 363 282 418 905 470 664 272 193 194149 66 585 64 152 134 202 223 299 48 125 412 211 23182 43010 14032
leaf_count=98 135 647 175 239 389 96 363 282 418 905 470 664 272 193 194149 66 585 64 152 134 202 223 299 48 125 412 211 23182 43010 14032
internal_value=-7.75935e-05 -0.00259815 -0.00192491 -0.00114428 0.000392825 0.00226436 0.00638298 -0.00110442 -0.00734399 -0.00228898 0.01039 -3.83218e-05 -0.00634991 8.59107e-05 -2.55096e-05 0.00423954 0.00326261 -4.5828e-05 0.00360157 0.00554422 -0.000402504 0.00693277 0.00919319 0.00473856 -0.0115079 0.00869565 -0.00826572 -6.7882e-05 1.78151e-05 0.000757337
internal_weight=282240 4330 4195 4020 3373 2716 1222 1494 657 1398 859 277910 563 291 277347 1315 1249 276032 1659 1470 559 357 911 612 189 460 493 274373 251191 57042
internal_count=282240 4330 4195 4020 3373 2716 1222 1494 657 1398 859 277910 563 291 277347 1315 1249 276032 1659 1470 559 357 911 612 189 460 493 274373 251191 57042
is_linear=0
shrinkage=0.05


Tree=154
num_leaves=31
num_cat=0
split_feature=16 8 6 15 10 15 14 15 3 8 2 16 15 15 12 13 2 16 15 14 2 8 14 3 2 14 14 15 14 14
split_gain=11.4029 17.8673 13.7449 31.1076 24.059 24.9807 21.9442 22.6166 21.3415 33.4512 31.3346 40.5354 39.2245 37.2771 36.2429 26.8776 40.395 26.8573 30.4053 39.8194 40.4902 37.1371 31.8699 22.6924 27.6565 22.7688 22.3933 22.197 21.8671 32.9042
threshold=60.525350000000003 1.8874168711463624 1.2386739011390322 56.765000000000008 2.5500000000000025 125.26250000000002 13.732500000000002 6.4225000000000003 6.5000000000000009 1.0609824152600662 3.5000000000000004 27.576800000000002 -1.0000000180025095e-35 61.545000000000009 0.68125000000000013 32.045000000000009 1.5000000000000002 5.3487500000000008 29.811000000000003 20.541500000000003 5.5000000000000009 0.8767897626567579 59.985000000000007 2.5000000000000004 1.5000000000000002 9.5175000000000018 1.0225000000000002 36.402500000000011 41.812500000000007 29.401000000000003
decision_type=2 2 2 2 2 2 2 2 2 2 2 2 2 2 2 8 2 2 2 2 2 2 2 2 2 2 2 2 2 2
left_child=2 -2 4 6 5 8 7 -4 9 10 11 -1 -12 14 17 16 -13 -14 22 21 -21 -20 -19 24 -11 -26 -10 -22 29 -15
right_child=1 -3 3 -5 -6 -7 -8 -9 26 23 12 15 13 28 -16 -17 -18 18 19 20 27 -23 -24 -25 25 -27 -28 -29 -30 -31
leaf_value=0.16185129906671269 -0.029754668811972241 -0.27034337456610447 0.015529079366222382 -0.072757393805700774 -0.04202335652684621 0.43309013428921173 0.048578902857667888 -0.012296896377438289 0.023861478962445549 -0.41521727746260306 -0.11464252703822526 0.042136367512157991 -0.056283807652699226 -0.10663140547147149 -0.14972540930577261 0.077417853713843382 -0.4975328340274075 0.20945841902873297 0.62912861644679419 -0.025970839533052639 -0.012439052750469793 -0.24882189520379561 -0.33462268800246231 -0.069438931323931571 -0.056536965206678315 0.60216654548267745 -0.020919248694912931 0.37407366180175539 0.15062082773553681 -0.59548220776695493
leaf_weight=13946 84510 446 7754 4186 11254 3484 11210 7318 9790 224 1810 1765 2460 2510 1400 16148 1159 8396 354 5026 856 1842 648 5476 840 938 71240 2332 1280 1638
leaf_count=13946 84510 446 7754 4186 11254 3484 11210 7318 9790 224 1810 1765 2460 2510 1400 16148 1159 8396 354 5026 856 1842 648 5476 840 938 71240 2332 1280 1638
internal_value=-7.24561e-05 -0.000556759 0.000136098 0.00111264 -4.22621e-05 0.000119245 0.00175025 0.000504246 2.33433e-05 0.000655895 0.001028 0.00209583 -0.000126015 0.000323568 0.00119242 0.000597735 -0.00381327 0.0016907 0.00231315 0.000470701 0.00206964 -0.00551002 0.00443388 -0.00250735 0.00204795 0.00413386 -0.000531285 0.00647742 -0.00340825 -0.00517117
internal_weight=282240 84956 197284 30468 166816 155562 26282 15072 152078 71048 63570 33018 30552 28742 23314 19072 2924 21914 19454 10410 8214 2196 9044 7478 2002 1778 81030 3188 5428 4148
internal_count=282240 84956 197284 30468 166816 155562 26282 15072 152078 71048 63570 33018 30552 28742 23314 19072 2924 21914 19454 10410 8214 2196 9044 7478 2002 1778 81030 3188 5428 4148
is_linear=0
shrinkage=0.05


Tree=155
num_leaves=31
num_cat=0
split_feature=16 13 8 14 3 13 15 2 0 13 13 13 15 2 16 13 2 16 2 3 2 3 15 1 12 14 15 3 15 8
split_gain=10.8157 24.5021 22.1374 16.6299 18.6382 14.3458 13.5999 13.386 11.1941 11.5918 10.1339 13.0867 9.62645 12.9334 10.9481 9.2505 9.90536 9.29239 12.2977 20.5987 27.7142 54.8552 47.2763 31.2675 24.6781 35.3837 24.5737 24.2164 40.5956 25.3338
threshold=236.19477499999999 29.701500000000003 1.0168306545709338 256.86350000000004 10.500000000000002 316.99500000000006 337.19400000000002 3.5000000000000004 1.5000000000000002 252.66000000000003 153.71500000000003 64.911000000000016 241.35000000000005 1.0000000180025095e-35 262.24450000000007 413.92000000000002 3.5000000000000004 14.9215 3.5000000000000004 7.5000000000000009 5.5000000000000009 10.500000000000002 3.1015000000000006 11.500000000000002 0.013750000000000002 33.871500000000005 -0.81499999999999984 9.5000000000000018 29.125000000000004 0.99857713534972048
decision_type=2 8 2 2 2 8 2 2 2 8 10 8 2 2 2 10 2 2 2 2 2 2 2 2 2 2 2 2 2 2
left_child=15 -2 3 10 8 6 7 -6 -5 -10 11 -3 -7 -14 -15 17 -17 -1 -19 26 22 23 -21 -22 25 -24 -20 28 -27 -29
right_child=1 2 -4 4 5 12 -8 -9 9 -11 -12 -13 13 14 -16 16 -18 18 19 20 21 -23 24 -25 -26 27 -28 29 -30 -31
leaf_value=0.0054264312852662314 -2.5582269523038335 0.83226917369923759 -2.6859714083359694 -4.3334304994018424 0.51075175916276072 2.1825142953634895 -1.89269871499868 -1.265330064580759 0.85390271693805042 -3.6889435831569113 0.33088229657901352 -1.8116060280073967 -3.2132463598722847 5.4916646250043923 0.71693618752935717 4.6588036164918831 -0.59317624858977358 0.0039544896027225111 -0.56014477975596588 0.2358867480349594 -0.1879609155190923 0.19463899975464083 -0.049942858358456077 0.003506937030652402 0.0079188763400627419 -0.88294463006039625 0.00059136253151181872 0.080799940109887253 0.1419903011684383 -0.54006455374051276
leaf_weight=79985 135 72 175 88 427 656 199 227 209 360 84 491 80 83 1044 112 80 120279 454 1494 1792 4604 6930 2356 3356 562 48557 627 1512 5210
leaf_count=79985 135 72 175 88 427 656 199 227 209 360 84 491 80 83 1044 112 80 120279 454 1494 1792 4604 6930 2356 3356 562 48557 627 1512 5210
internal_value=-7.22789e-05 -0.00255196 -0.00187723 -0.0011194 0.00028906 0.00211708 -0.00325322 0.000229358 -0.00726788 -0.00470123 -0.00846213 -0.0108792 0.00457595 0.00192626 0.00330524 -3.3644e-05 0.0109375 -4.12289e-05 -0.000225177 -0.000716554 -0.00178691 0.000554159 -0.00282743 -0.0036162 -0.00352943 -0.00440503 -9.53867e-05 -0.00669005 -0.00204918 -0.00833904
internal_weight=282240 4330 4195 4020 3373 2716 853 654 657 569 647 563 1863 1207 1127 277910 192 277718 197733 77454 28443 8752 19691 4148 18197 14841 49011 7911 2074 5837
internal_count=282240 4330 4195 4020 3373 2716 853 654 657 569 647 563 1863 1207 1127 277910 192 277718 197733 77454 28443 8752 19691 4148 18197 14841 49011 7911 2074 5837
is_linear=0
shrinkage=0.05


Tree=156
num_leaves=31
num_cat=0
split_feature=16 13 8 14 3 13 15 2 0 13 16 13 13 13 3 14 2 15 15 3 7 10 3 13 5 8 15 1 15 2
split_gain=11.4476 24.3405 19.8385 16.4733 17.6902 13.6739 12.035 15.616 11.297 11.3754 11.0522 10.2308 11.4332 9.25018 21.1083 10.5258 17.3168 14.9886 13.7471 11.7326 10.0281 9.90398 17.7932 21.388 15.7399 14.2841 18.8193 14.9781 20.9576 13.7374
threshold=236.19477499999999 29.701500000000003 1.0168306545709338 256.86350000000004 10.500000000000002 413.92000000000002 337.19400000000002 3.5000000000000004 1.5000000000000002 252.66000000000003 365.85675000000009 153.71500000000003 64.911000000000016 228.58500000000004 7.5000000000000009 182.51100000000002 4.5000000000000009 106.94100000000002 164.14500000000001 10.500000000000002 0.99423855431007591 -2.7999999999999976 1.5000000000000002 6.7625000000000002 1.0000000180025095e-35 1.520904907277727 4.363500000000001 6.5000000000000009 15.285000000000002 5.5000000000000009
decision_type=2 8 2 2 2 8 2 2 2 8 2 10 8 10 2 2 2 2 2 2 2 2 2 8 2 2 2 2 2 2
left_child=13 -2 3 11 8 6 7 -6 -5 -10 -7 12 -3 21 -15 18 17 -17 19 -16 -21 22 23 -1 -24 27 -27 28 29 -25
right_child=1 2 -4 4 5 10 -8 -9 9 -11 -12 -13 -14 14 15 16 -18 -19 -20 20 -22 -23 24 25 -26 26 -28 -29 -30 -31
leaf_value=-0.30943346214768658 -2.4303156046886416 0.79065571501427534 -2.5516728379191704 -4.1167589744317494 0.54276365407916072 2.1743478978106725 -1.6707186005864445 -1.2020635613517214 0.81120758109114777 -3.5044964039990654 -0.19474201603055763 0.31433818175006323 -1.7210257266070272 -1.0008219100506019 -1.8768445467791572 3.0252482850986198 -0.96261350849732641 -0.1311032742477039 2.0461261820129706 -1.6529808286931535 2.2227237940536555 -0.0036460491707374699 0.015967125741168414 -0.57961307830348696 -0.1626881420749495 0.3614650137865747 -0.26293075088563816 0.65626277382233578 0.26986448335213886 1.3792631668216189
leaf_weight=102 135 72 175 88 537 1121 217 290 209 360 551 84 491 189 149 134 202 223 310 51 401 255100 17139 242 770 269 365 1802 418 44
leaf_count=102 135 72 175 88 537 1121 217 290 209 360 551 84 491 189 149 134 202 223 310 51 401 255100 17139 242 770 269 365 1802 418 44
internal_value=-7.01531e-05 -0.00262125 -0.00194875 -0.00123134 0.000170471 0.0019514 -0.00253831 0.000211608 -0.00719178 -0.00461336 0.00475478 -0.00853941 -0.010968 -3.04055e-05 0.00369198 0.00571429 0.000313059 0.00693277 0.00902854 0.0046173 0.00862832 -5.276e-05 0.000986951 0.00439543 0.000369926 0.00512739 -0.00157729 0.00682362 0.000639205 -0.00979021
internal_weight=282240 4330 4195 4020 3373 2716 1044 827 657 569 1672 647 563 277910 1659 1470 559 357 911 601 452 276251 21151 3242 17909 3140 634 2506 704 286
internal_count=282240 4330 4195 4020 3373 2716 1044 827 657 569 1672 647 563 277910 1659 1470 559 357 911 601 452 276251 21151 3242 17909 3140 634 2506 704 286
is_linear=0
shrinkage=0.05


Tree=157
num_leaves=31
num_cat=0
split_feature=14 6 3 15 3 8 3 1 2 7 2 15 15 3 15 15 2 3 12 7 2 13 3 15 15 1 15 1 12 15
split_gain=8.96821 14.9123 19.9954 13.5957 12.1025 11.0676 14.7091 15.3233 16.8785 11.3043 28.0285 13.1021 11.0048 10.9636 13.7915 10.3964 13.8263 11.3792 10.3883 10.2222 10.07 10.0152 9.58074 9.34987 9.08774 8.82153 11.1805 9.96627 29.5728 19.2421
threshold=-0.72899999999999987 0.87591445731787221 4.5000000000000009 38.371500000000005 4.5000000000000009 0.74300939898938811 7.5000000000000009 8.5000000000000018 5.5000000000000009 1.2376392849291038 1.0000000180025095e-35 12.311000000000002 30.473500000000005 9.5000000000000018 2.2110000000000007 1.7810000000000004 3.5000000000000004 8.5000000000000018 1.8312500000000003 1.9071230778825603 2.5000000000000004 0.82250000000000012 6.5000000000000009 13.019000000000002 3.4015000000000004 22.500000000000004 -1.7749999999999997 16.500000000000004 0.55875000000000019 7.541500000000001
decision_type=2 2 2 2 2 2 2 2 2 2 2 2 2 2 2 2 2 2 2 2 2 8 2 2 2 2 2 2 2 2
left_child=1 4 3 12 -1 -4 19 9 15 10 -8 24 -3 21 -15 -9 17 -17 25 -7 -16 -12 -20 -18 -11 27 -27 29 -29 -2
right_child=18 2 5 -5 -6 6 7 8 -10 11 13 -13 -14 14 20 16 23 -19 22 -21 -22 -23 -24 -25 -26 26 -28 28 -30 -31
leaf_value=-0.15531884932147966 0.0097707933044142384 0.10493833982695509 0.13188894244568808 0.76084124779498308 -0.0071027069787526131 -0.036551916325237965 0.1759409243686231 0.18593049910400333 0.277133954323113 -0.23550272364170796 0.033410151058356208 -0.17210976965306202 -0.26563000413721166 -0.015587232431595441 -0.33933728170251243 0.24562286624944818 -0.099675174159998881 0.003679883722469135 -0.23606072670595324 0.095815844592996968 0.59179170659869296 -0.097369622465930672 0.056334308395124877 0.02653063397625819 0.12937886420315048 0.18931150813914413 -0.044489438292661207 0.0061680004198538555 0.1226926813062373 -0.017096741546058693
leaf_weight=362 46066 506 214 282 834 2012 232 256 468 30 128 140 76 546 36 180 200 296 584 56 236 568 286 162 76 200 11148 64930 4878 146252
leaf_count=362 46066 506 214 282 834 2012 232 256 468 30 128 140 76 546 36 180 200 296 584 56 236 568 286 162 76 200 11148 64930 4878 146252
internal_value=-7.19246e-05 0.00158941 0.00250746 0.00960648 -0.00355351 0.00145648 0.00103166 0.00298255 0.00669014 7.53012e-05 0.00148912 -0.00995935 0.00524055 -0.000990753 0.00293399 0.00329068 0.000596659 0.00619748 -0.00011974 -0.00232108 0.0121324 -0.00560345 -0.00557471 -0.00676796 0.00330189 -0.000102386 -0.00146722 -4.32998e-05 0.000468428 -0.000229048
internal_weight=282240 7896 6700 864 1196 5836 5622 3554 1562 1992 1746 246 582 1514 818 1094 838 476 274344 2068 272 696 870 362 106 273474 11348 262126 69808 192318
internal_count=282240 7896 6700 864 1196 5836 5622 3554 1562 1992 1746 246 582 1514 818 1094 838 476 274344 2068 272 696 870 362 106 273474 11348 262126 69808 192318
is_linear=0
shrinkage=0.05


Tree=158
num_leaves=31
num_cat=0
split_feature=16 13 6 14 3 13 13 13 13 15 13 15 15 16 14 2 2 15 2 3 14 1 0 12 13 3 14 15 2 3
split_gain=12.4808 21.6 15.4656 15.4658 15.0226 11.8814 11.5412 11.9048 11.1884 10.7291 9.08197 11.358 15.4732 9.44236 9.05312 9.03426 9.02387 8.8577 10.4896 8.68621 11.6308 9.06481 8.61559 26.1864 23.9688 23.1815 19.804 17.8957 17.1834 16.594
threshold=236.19477499999999 46.495000000000012 1.0095795620477201 256.86350000000004 10.500000000000002 316.99500000000006 59.228500000000004 153.71500000000003 252.66000000000003 337.19400000000002 -2.3734999999999995 -1.115 13.351000000000001 -3.1539999999999995 285.76500000000004 3.5000000000000004 4.5000000000000009 28.771500000000003 4.5000000000000009 9.5000000000000018 -0.40849999999999992 11.500000000000002 2.5000000000000004 1.1762500000000002 142.40150000000003 4.5000000000000009 44.741000000000007 16.931500000000003 1.0000000180025095e-35 4.5000000000000009
decision_type=2 8 2 2 2 8 8 10 8 2 8 2 2 2 2 2 2 2 2 2 2 2 2 2 8 2 2 2 2 2
left_child=10 -2 3 6 8 9 -3 -8 -5 15 11 16 19 -12 22 -6 -1 18 -14 21 -21 -13 -15 24 28 -25 29 -28 -24 -26
right_child=1 2 -4 4 5 -7 7 -9 -10 -11 13 12 17 14 -16 -17 -18 -19 -20 20 -22 -23 23 25 26 -27 27 -29 -30 -31
leaf_value=0.02473794070204112 -1.8748922235128227 1.8585967522419395 -2.4232343589459093 0.59400188652600294 0.4447291289526783 1.1269540824444597 -1.5715908638994245 0.29831287264156786 -3.8036515230776846 -1.7148362492404161 0.068240449226397534 0.062994250091997106 -0.34958978764405518 -0.0042894610485314068 2.5068366426172739 -1.141105546206832 -0.10076432022600557 -0.069641345423999315 1.0195880344464141 0.018083706179253724 -0.095557548347237647 0.016679772181477381 0.1325341153700805 -0.53450470207848311 0.37645507745368872 -0.050759135194324401 -0.24707415894434626 0.099690309542077235 -0.033627212283191099 0.087951651208219461
leaf_weight=43 214 35 147 207 430 1867 500 84 420 199 1305 212 204 206514 136 227 131 446 32 50 145 398 4375 695 3605 2893 2449 19135 24799 10343
leaf_count=43 214 35 147 207 430 1867 500 84 420 199 1305 212 204 206514 136 227 131 446 32 50 145 398 4375 695 3605 2893 2449 19135 24799 10343
internal_value=-7.29875e-05 -0.00273672 -0.00193149 -0.00134165 0 0.00160668 -0.00860258 -0.010274 -0.00697767 -0.00327103 -3.1485e-05 -0.00371764 -0.0023033 -9.3213e-06 -2.94605e-05 -0.000190259 -0.0158046 -0.00784457 -0.015678 0.0023913 -0.00679487 0.00532787 -3.58432e-05 0.000450991 0.000681544 -0.0037068 0.00155353 0.000604615 -0.000380476 0.00302194
internal_weight=282240 4330 4116 3969 3350 2723 619 584 627 856 277910 1661 1487 276249 274944 657 174 682 236 805 195 610 274808 68294 64706 3588 35532 21584 29174 13948
internal_count=282240 4330 4116 3969 3350 2723 619 584 627 856 277910 1661 1487 276249 274944 657 174 682 236 805 195 610 274808 68294 64706 3588 35532 21584 29174 13948
is_linear=0
shrinkage=0.05


Tree=159
num_leaves=31
num_cat=0
split_feature=16 13 6 14 3 0 13 13 13 2 2 3 13 13 2 16 1 1 12 3 3 13 2 3 7 10 3 7 3 16
split_gain=12.7891 21.4911 17.6101 13.3259 14.9024 11.2536 10.4123 9.44859 11.0062 9.37463 14.127 14.0076 9.22376 8.77868 10.4501 8.6952 11.9803 15.7097 28.961 65.4307 23.8539 23.0555 21.2122 24.675 24.5279 20.8389 20.6649 21.4401 19.2417 19.2288
threshold=236.19477499999999 29.701500000000003 1.0095795620477201 256.86350000000004 10.500000000000002 1.5000000000000002 413.92000000000002 64.911000000000016 153.71500000000003 2.5000000000000004 1.0000000180025095e-35 9.5000000000000018 -2.3734999999999995 413.92000000000002 3.5000000000000004 22.18975 21.500000000000004 16.500000000000004 0.34375000000000006 4.5000000000000009 7.5000000000000009 25.564500000000006 1.5000000000000002 10.500000000000002 0.45119325611371203 -5.9678571428571416 6.5000000000000009 1.1228428916540605 8.5000000000000018 32.780750000000005
decision_type=2 8 2 2 2 2 8 8 10 2 2 2 8 10 2 2 2 2 2 2 2 8 2 2 2 2 2 2 2 2
left_child=12 -2 3 7 5 -5 -6 -3 -9 10 -7 -11 -1 15 -15 -14 17 18 22 29 -21 -19 23 26 -25 -26 -17 -28 -29 -20
right_child=1 2 -4 4 6 9 -8 8 -10 11 -12 -13 13 14 -16 16 -18 21 19 20 -22 -23 -24 24 25 -27 27 28 -30 -31
leaf_value=-0.045854420573371885 -2.2142003762012652 0.65846631017961954 -2.3020726409986141 -3.7198836124789754 -0.23612854613479614 0.63046377163810918 1.2098456122218937 -1.5526842884356258 0.28339722900948988 3.8439906190895679 -3.2267312406457656 -4.2847186138895585 0.0051022572347919409 4.3001483841192281 -0.51498896240196324 0.060097795479593423 -0.065681380487996086 -0.082600629178223528 -0.019400530995603127 -0.091493066757322966 0.12580859562201793 0.06677600456750947 -0.026324980788991082 -1.1446517523575581 -1.3581615523221986 0.21645940340641029 -0.10763753254415245 0.76443044964376705 -0.0062602831076924662 -0.45027193787704028
leaf_weight=1661 135 72 163 86 1047 158 1676 493 84 144 194 78 103297 112 80 17996 14351 4372 799 5712 3780 36630 70697 84 112 6537 7194 310 484 3702
leaf_count=1661 135 72 163 86 1047 158 1676 493 84 144 194 78 103297 112 80 17996 14351 4372 799 5712 3780 36630 70697 84 112 6537 7194 310 484 3702
internal_value=-7.49362e-05 -0.00277136 -0.00213945 -0.0014881 -0.000229087 -0.0069697 0.0014047 -0.00805085 -0.010182 -0.00444251 -0.00951705 0.0036036 -3.29243e-05 -1.05883e-05 0.0106771 -1.80216e-05 -0.000235008 -0.000109684 -0.000403937 -0.00253877 -0.000184366 0.000732891 -0.000115071 0.000937586 0.00363508 0.00397428 0.000238608 -0.00187782 0.0059194 -0.00750389
internal_weight=282240 4330 4195 4032 3383 660 2723 649 577 574 352 222 277910 276249 192 276057 172760 158409 117407 13993 9492 41002 103414 32717 6733 6649 25984 7988 794 4501
internal_count=282240 4330 4195 4032 3383 660 2723 649 577 574 352 222 277910 276249 192 276057 172760 158409 117407 13993 9492 41002 103414 32717 6733 6649 25984 7988 794 4501
is_linear=0
shrinkage=0.05


Tree=160
num_leaves=31
num_cat=0
split_feature=16 13 6 14 3 15 13 16 13 2 13 13 2 13 15 3 8 16 2 3 16 13 15 8 10 3 7 3 8 2
split_gain=12.0746 21.6684 17.1253 13.0042 13.5225 10.587 11.0358 10.5314 10.4587 9.39274 9.27887 9.28494 8.71074 11.5149 8.20918 22.7935 22.4825 15.1112 14.4111 12.6718 8.92177 12.1574 15.0523 33.7718 19.5256 14.1182 25.7809 13.3668 17.6507 14.0705
threshold=236.19477499999999 29.701500000000003 1.0095795620477201 256.86350000000004 10.500000000000002 267.93000000000006 252.66000000000003 262.24450000000007 67.439000000000007 1.0000000180025095e-35 64.911000000000016 153.71500000000003 1.0000000180025095e-35 413.92000000000002 -5.448999999999999 8.5000000000000018 1.2164862808110961 -0.49174999999999991 4.5000000000000009 5.5000000000000009 14.9215 112.08250000000001 17.965000000000003 1.0000797180590746 3.2154761904761888 10.500000000000002 1.2103491747220745 8.5000000000000018 0.96064148996200949 3.5000000000000004
decision_type=2 8 2 2 2 2 10 2 10 2 8 10 2 8 2 2 2 2 2 2 2 8 2 2 2 2 2 2 2 2
left_child=14 -2 3 10 8 6 -6 -7 -5 -8 -3 -12 -9 -14 15 16 18 -17 -1 -18 21 -16 -23 24 25 27 -27 29 -29 -24
right_child=1 2 -4 4 5 7 9 12 -10 -11 11 -13 13 -15 20 17 19 -19 -20 -21 -22 22 23 -25 -26 26 -28 28 -30 -31
leaf_value=0.0022366922972978823 -2.1034903573912018 0.62554299467063856 -2.186969008948684 -2.8087709150416664 1.5971668133658135 4.7267522570514506 5.149105446761185 -2.291019250217798 0.95090592202510082 -0.4879632706242566 -1.475050074013845 0.26922736755901511 -1.0313593715306866 0.74834616257247333 0.013331172181961072 -0.017274650821857751 -0.1405635892417216 0.15971460043267449 -0.26796273889604261 0.23195418426360603 -0.0069885690344451135 -0.01175377677952303 0.21535787163157868 -0.042905915443574208 -0.080608800420395851 0.79335095879418904 -0.19918461963985612 -0.27174190864973297 0.073324435845074129 0.034882227905587461
leaf_weight=206 135 72 163 476 863 96 38 120 184 326 493 84 434 846 38705 78 34 120 652 116 197738 28651 2921 3267 608 1080 109 481 890 2254
leaf_count=206 135 72 163 476 863 96 38 120 184 326 493 84 434 846 38705 78 34 120 652 116 197738 28651 2921 3267 608 1080 109 481 890 2254
internal_value=-7.05074e-05 -0.00269053 -0.00205602 -0.00141369 -0.000169967 0.00138634 0.00482885 -0.00143717 -0.00659091 -0.00247253 -0.00789676 -0.0100087 -0.00253571 -0.00132813 -2.96859e-05 -0.00414594 -0.00719246 0.0113636 -0.0103147 0.0106667 -1.17454e-05 0.00043753 -0.000170761 0.00134798 0.00303548 0.00371364 0.00872582 0.00280324 -0.00158643 0.00396618
internal_weight=282240 4330 4195 4032 3383 2723 1227 1496 660 364 649 577 1400 1280 277910 1206 1008 198 858 150 276704 78966 40261 11610 8343 7735 1189 6546 1371 5175
internal_count=282240 4330 4195 4032 3383 2723 1227 1496 660 364 649 577 1400 1280 277910 1206 1008 198 858 150 276704 78966 40261 11610 8343 7735 1189 6546 1371 5175
is_linear=0
shrinkage=0.05


Tree=161
num_leaves=31
num_cat=0
split_feature=16 13 6 14 3 13 15 13 13 16 13 15 3 8 1 16 3 1 13 15 3 0 15 6 15 14 14 6 14 8
split_gain=11.2255 21.0616 17.3057 11.2523 13.2053 10.6195 10.4497 9.32379 8.81285 12.0789 8.26107 8.1977 19.9212 20.3572 15.8794 12.3389 12.0502 8.76689 19.035 37.6202 16.7435 17.4947 16.6108 16.3831 18.5311 15.0214 19.9537 14.8739 14.5946 33.5403
threshold=236.19477499999999 29.701500000000003 1.0095795620477201 256.86350000000004 10.500000000000002 252.66000000000003 267.93000000000006 252.66000000000003 282.17000000000007 262.24450000000007 32.554000000000009 -5.448999999999999 8.5000000000000018 1.2164862808110961 3.5000000000000004 -0.49174999999999991 5.5000000000000009 6.5000000000000009 282.17000000000007 58.933500000000009 6.5000000000000009 2.5000000000000004 -3.0749999999999997 0.99938336059022215 7.2325000000000008 -0.72899999999999987 32.115000000000002 1.0032146904844119 57.333500000000008 1.1136514582521042
decision_type=2 8 2 2 2 8 2 10 8 2 10 2 2 2 2 2 2 2 8 2 2 2 2 2 2 2 2 2 2 2
left_child=11 -2 3 10 5 -5 7 -6 -8 -10 -3 12 13 14 -1 -14 -15 18 19 23 21 28 -22 -13 -25 27 -27 -26 -20 -30
right_child=1 2 -4 4 6 -7 8 -9 9 -11 -12 17 15 16 -16 -17 -18 -19 20 -21 22 -23 -24 24 25 26 -28 -29 29 -31
leaf_value=0.041279347344476386 -1.9983158395216423 -2.1162320598528184 -2.0776205585012493 0.28342412303641851 1.5173084726975228 -3.2914279039694785 -0.84716497892156473 -0.16309103384461832 4.9947034793572707 -0.14051012837332735 -0.060534417723259543 -0.015290726768848751 -0.016410918280764842 -0.13353540977963549 -0.18416063024423562 0.15172887041104077 0.22035647505042572 0.0048917277948004106 -0.0043171048479323298 -0.11001158813120143 0.26347347769235124 0.1557159567971608 -0.055857759709027802 0.043172158996273961 0.11830075950406008 -0.017119107941134717 0.097662373639108374 -0.063124666929250728 -0.2955726362302466 0.21871199473754618
leaf_weight=70 135 350 163 240 863 420 410 364 68 1018 299 8777 78 34 788 120 116 195142 11689 9753 171 5069 20452 7388 437 7745 6465 105 2819 692
leaf_count=70 135 350 163 240 863 420 410 364 68 1018 299 8777 78 34 788 120 116 195142 11689 9753 171 5069 20452 7388 437 7745 6465 105 2819 692
internal_value=-7.19246e-05 -0.00259815 -0.00197259 -0.00132688 -0.000169967 -0.00651515 0.00136798 0.0047881 -0.00143717 0.00092081 -0.00735747 -3.25645e-05 -0.00414594 -0.00699405 -0.00996503 0.0103535 0.01 -1.46366e-05 -0.000449964 0.000315958 -0.00121173 -0.000191179 -0.00221476 0.00117007 0.00189476 0.000871068 0.000559465 0.00904059 -0.00103947 -0.00386642
internal_weight=282240 4330 4195 4032 3383 660 2723 1227 1496 1086 649 277910 1206 1008 858 198 150 276704 81562 40670 40892 20269 20623 30917 22140 14752 14210 542 15200 3511
internal_count=282240 4330 4195 4032 3383 660 2723 1227 1496 1086 649 277910 1206 1008 858 198 150 276704 81562 40670 40892 20269 20623 30917 22140 14752 14210 542 15200 3511
is_linear=0
shrinkage=0.05


Tree=162
num_leaves=31
num_cat=0
split_feature=16 13 6 15 15 3 1 1 0 8 4 13 6 15 15 13 0 3 3 3 5 13 16 10 16 15 10 3 1 8
split_gain=10.4864 19.6801 16.7997 9.48342 8.89691 10.3164 8.31944 19.1363 25.4901 19.7693 17.9279 27.0753 19.2099 28.4794 23.9493 28.6927 23.6996 23.3615 20.9931 39.4977 20.2468 21.8024 29.6108 29.4526 27.4646 24.8823 19.7784 18.9373 40.7743 22.0265
threshold=236.19477499999999 29.701500000000003 1.0095795620477201 111.69250000000001 267.93000000000006 5.5000000000000009 20.500000000000004 16.500000000000004 1.5000000000000002 0.99857713534972048 1.0000000180025095e-35 84.485000000000014 0.95218797325396543 57.494000000000007 93.0715 16.971500000000002 1.5000000000000002 3.5000000000000004 10.500000000000002 9.5000000000000018 1.0000000180025095e-35 33.355000000000011 16.208875000000003 0.021428571428571633 33.952999999999996 0.39250000000000007 -5.2464285714285728 6.5000000000000009 8.5000000000000018 0.75896618274560368
decision_type=2 8 2 2 2 2 2 2 2 2 2 10 2 2 2 8 2 2 2 2 2 8 2 2 2 2 2 2 2 2
left_child=6 -2 3 -3 5 -5 7 10 -9 -10 -1 12 -12 17 18 -16 -17 20 19 -15 21 24 23 -23 -14 -24 -19 28 -28 -30
right_child=1 2 -4 4 -6 -7 -8 8 9 -11 11 -13 13 14 15 16 -18 26 -20 -21 -22 22 25 -25 -26 -27 27 -29 29 -31
leaf_value=0.0049149587762056246 -1.8984000475455602 -2.2717041903369464 -1.9737395305761867 -1.4652934532971615 -0.46383002678683938 0.51165241716198517 -0.020058119054301011 -0.0029148827259872947 0.36625561204302404 0.07461951718773277 -0.047490421211582527 -0.27053203698561901 0.020410750618281084 -0.28641277930365611 -1.0111704244049133 0.63645993192449457 -0.090275571733413454 -0.069835552715660817 0.047086644367694622 -0.41130100585311347 0.5127714177307684 0.67159657740667245 -0.48922363169261374 -0.0017897444751753255 0.42875437878750466 -0.0018456786011763066 0.025618026229819471 0.011394184192028201 0.14176717623854326 -0.088975434632270534
leaf_weight=140336 135 372 163 40 2204 1416 34888 23208 5656 17120 12148 4014 1088 3148 196 673 1536 274 832 394 211 633 281 621 646 3474 4268 17507 204 4554
leaf_count=140336 135 372 163 40 2204 1416 34888 23208 5656 17120 12148 4014 1088 3148 196 673 1536 274 832 394 211 633 281 621 646 3474 4268 17507 204 4554
internal_value=-6.41298e-05 -0.00250577 -0.00190107 -0.00126488 -0.000491803 0.00254121 -2.60876e-05 7.7565e-05 0.000995999 0.00218432 -0.000136776 -0.000887094 -0.000585522 -6.29008e-05 -0.00302036 0.000987526 0.00261431 0.000530938 -0.00522405 -0.00690288 0.00311332 0.00263607 0.000963266 0.00761563 0.00746828 -0.00125832 -0.000138956 -9.42223e-07 -0.00186129 -0.00504414
internal_weight=282240 4330 4195 4032 3660 1456 277910 243022 45984 22776 197038 56702 52688 40540 6779 2405 2209 33761 4374 3542 6954 6743 5009 1254 1734 3755 26807 26533 9026 4758
internal_count=282240 4330 4195 4032 3660 1456 277910 243022 45984 22776 197038 56702 52688 40540 6779 2405 2209 33761 4374 3542 6954 6743 5009 1254 1734 3755 26807 26533 9026 4758
is_linear=0
shrinkage=0.05


Tree=163
num_leaves=31
num_cat=0
split_feature=16 15 10 14 15 10 15 14 15 2 16 8 8 10 3 2 1 2 6 10 8 3 14 6 16 3 3 16 15 3
split_gain=9.45549 15.1299 12.2509 11.1676 8.62917 8.45845 16.5732 34.2909 18.3184 20.2381 20.7145 17.2743 17.1875 16.4053 16.223 19.003 13.873 12.0749 12.7857 11.9539 11.6658 14.4637 15.6051 11.4459 12.4201 11.3286 16.7985 14.7765 14.5516 12.2705
threshold=236.19477499999999 106.94100000000002 -1.0000000180025095e-35 256.86350000000004 21.563500000000005 -2.7999999999999976 53.925000000000004 9.5175000000000018 6.7010000000000014 4.5000000000000009 30.562850000000005 1.5802469212633652 1.8874168711463624 -4.5964285714285706 1.5000000000000002 1.0000000180025095e-35 10.500000000000002 3.5000000000000004 0.52582018731698732 -11.917857142857143 0.94354022988476138 9.5000000000000018 72.622500000000016 1.4027686012657252 94.65155 3.5000000000000004 7.5000000000000009 6.4227500000000006 33.501000000000012 5.5000000000000009
decision_type=2 2 2 2 2 2 2 2 2 2 2 2 2 2 2 2 2 2 2 2 2 2 2 2 2 2 2 2 2 2
left_child=5 4 -3 -4 -2 6 7 12 9 11 -11 13 25 -9 15 -8 -12 20 19 -19 21 22 -16 -22 -25 27 29 -1 -28 -27
right_child=1 2 3 -5 -6 -7 14 8 -10 10 16 -13 -14 -15 17 -17 -18 18 -20 -21 23 -23 -24 24 -26 26 28 -29 -30 -31
leaf_value=0.15575657536946574 1.1752039565634718 -1.5914381704407861 -0.86741458152695017 0.061343505514533096 -2.1739704221434453 -0.0025072262788902403 1.8537089009156711 -0.7302077962129081 -0.018332660552528746 -0.092838757827645266 -0.020261854440403227 0.24803295400322478 -0.12915446891517349 -0.13389478493667753 0.43946366746357929 0.23524658068170884 0.70592144087831032 0.45311740784743509 0.42784869764942157 -0.21728081223329021 -0.18991560422024062 1.4850323249695638 -0.18696029845755208 -0.048154891950095813 0.72004647028416291 0.034634461632780243 0.099572877581635702 1.5967753273632956 -0.27124641816698419 -0.049058947810167376
leaf_weight=930 30 120 626 3122 432 256682 196 810 5256 562 142 106 170 850 610 1004 232 76 1158 432 1724 458 860 350 210 1038 2470 326 148 1110
leaf_count=930 30 120 626 3122 432 256682 196 810 5256 562 142 106 170 850 610 1004 232 76 1158 432 1724 458 860 350 210 1038 2470 326 148 1110
internal_value=-6.02324e-05 -0.00237875 -0.00135729 -0.000853789 -0.0109307 -2.41085e-05 0.000935086 -5.30035e-05 -0.00222418 -0.00556995 0.000373932 -0.00872027 0.0027374 -0.00996988 0.00291043 0.00820833 0.00949198 0.00182885 0.00543217 -0.0011811 0.000403609 0.00326763 0.00085034 -0.00201401 0.00419643 0.00318001 0.00206672 0.00740446 0.00475554 -0.00121043
internal_weight=282240 4330 3868 3748 462 277910 21228 14150 7958 2702 936 1766 6192 1660 7078 1200 374 5878 1666 508 4212 1928 1470 2284 560 6022 4766 1256 2618 2148
internal_count=282240 4330 3868 3748 462 277910 21228 14150 7958 2702 936 1766 6192 1660 7078 1200 374 5878 1666 508 4212 1928 1470 2284 560 6022 4766 1256 2618 2148
is_linear=0
shrinkage=0.05


Tree=164
num_leaves=31
num_cat=0
split_feature=16 8 7 5 3 3 2 3 15 2 12 16 2 2 2 6 14 3 15 16 3 3 12 7 16 0 3 3 12 15
split_gain=9.51202 16.8796 11.5468 24.689 18.2982 48.935 26.1212 22.1931 19.8995 17.0514 16.685 14.3448 13.2024 12.8979 23.4028 12.3684 34.5406 28.6348 24.0005 19.6679 19.0767 26.6313 18.9314 18.7906 31.336 75.8337 56.2187 28.744 25.215 24.4407
threshold=60.525350000000003 1.8874168711463624 0.47925795019421197 1.0000000180025095e-35 7.5000000000000009 6.5000000000000009 3.5000000000000004 4.5000000000000009 3.5515000000000003 4.5000000000000009 0.051250000000000011 9.3087500000000016 2.5000000000000004 1.0000000180025095e-35 3.5000000000000004 1.3647559385888377 11.814000000000002 3.5000000000000004 24.791500000000003 12.144250000000001 10.500000000000002 11.500000000000002 0.62875000000000003 1.0435101779860165 7.2090250000000005 1.5000000000000002 2.5000000000000004 4.5000000000000009 0.72625000000000017 78.135000000000005
decision_type=2 2 2 2 2 2 2 2 2 2 2 2 2 2 2 2 2 2 2 2 2 2 2 2 2 2 2 2 2 2
left_child=2 -2 3 4 5 6 8 -8 12 -7 -9 -12 -1 -6 -15 23 19 22 -19 -17 -20 -22 -18 27 -25 28 -27 -4 -26 -29
right_child=1 -3 15 -5 13 9 7 10 -10 -11 11 -13 -14 14 -16 16 17 18 20 -21 21 -23 -24 24 25 26 -28 29 -30 -31
leaf_value=-0.41205853056646141 -0.027574937423129643 -0.25002740434937004 0.04816732130627286 -0.31437284751636319 -0.15719244727970147 -0.31580978075028993 -0.28026053111126903 1.2247319339503009 1.000414458287324 0.00058847179851194702 -0.34415557983910561 0.79495160198711101 1.7625263767909372 0.90270619775234173 0.087315954386608663 -0.00013685222694417298 -0.0010430398920679097 0.076032592715727002 -0.0172460596885208 -0.13872634504614911 0.55272386972402365 0.023266294563461767 -0.21645580512668883 0.013251591305060963 -0.12392846648052941 0.67509677354916675 -0.047361645355886411 -0.012436916344834782 0.0014861576590084137 0.13666300319099842
leaf_weight=156 84510 446 41770 242 330 588 558 174 820 302 96 112 32 990 1098 10610 2414 4754 2362 1230 540 806 234 8010 6068 1404 9064 91628 1230 9662
leaf_count=156 84510 446 41770 242 330 588 558 174 820 302 96 112 32 990 1098 10610 2414 4754 2362 1230 540 806 234 8010 6068 1404 9064 91628 1230 9662
internal_value=-5.79294e-05 -0.000500259 0.00013255 0.00239178 0.00311073 0.000387597 0.00482546 -0.00117021 0.0104167 -0.00932584 0.00811518 -0.00144231 -0.00425532 0.00630687 0.00775862 6.77839e-05 0.00115686 0.00315932 0.0045793 -0.000722128 0.00156419 0.00631501 -0.0013784 -8.02554e-05 -0.00132294 -0.00249353 0.000234047 0.000143646 -0.00640586 -0.000311482
internal_weight=282240 84956 197284 5498 5256 2838 1948 940 1008 890 382 208 188 2418 2088 191786 22950 11110 8462 11840 3708 1346 2648 168836 25776 17766 10468 143060 7298 101290
internal_count=282240 84956 197284 5498 5256 2838 1948 940 1008 890 382 208 188 2418 2088 191786 22950 11110 8462 11840 3708 1346 2648 168836 25776 17766 10468 143060 7298 101290
is_linear=0
shrinkage=0.05


Tree=165
num_leaves=31
num_cat=0
split_feature=16 8 13 10 0 2 15 1 2 15 14 15 6 8 7 15 15 13 16 15 15 8 1 16 6 15 10 13 12 15
split_gain=8.95038 20.0189 16.0678 17.0544 16.5602 13.2077 25.7112 23.2035 22.197 29.3133 20.4043 18.689 17.0768 14.5109 20.2068 17.9995 28.9189 21.3599 18.4874 17.1353 17.0247 14.7841 14.3111 15.6533 13.4791 16.0188 15.1379 14.9651 14.4183 13.572
threshold=38.877299999999998 1.8874168711463624 0.041500000000000002 4.9000000000000021 1.5000000000000002 3.5000000000000004 -1.7749999999999997 21.500000000000004 5.5000000000000009 7.2325000000000008 15.721500000000002 0.39250000000000007 0.44007931548497231 1.3672289035008032 1.3998280665950649 50.402500000000011 35.462500000000013 43.355000000000004 43.977200000000003 99.585000000000022 25.712500000000002 0.91285673052031935 12.500000000000002 90.3185 0.69579365026154638 4.7010000000000014 -3.1571428571428557 316.99500000000006 1.7412500000000002 81.585000000000022
decision_type=2 2 8 2 2 2 2 2 2 2 2 2 2 2 2 2 2 8 2 2 2 2 2 2 2 2 2 10 2 2
left_child=-1 2 -2 5 -5 6 -4 24 9 -7 -10 -12 -13 14 15 16 17 20 19 21 -14 -17 -19 -24 25 26 -8 28 -26 -29
right_child=1 -3 3 4 -6 8 7 -9 10 -11 11 12 13 -15 -16 18 -18 22 -20 -21 -22 -23 23 -25 27 -27 -28 29 -30 -31
leaf_value=0.0034425012376279266 -0.16225277102847643 -0.16872266611201125 0.80909804615386072 -0.23113737466222745 -0.013140390271778914 0.22077470944408584 -1.3466918400682328 -0.14967687567899432 -1.9167164845346951 -0.11709161805594404 -0.62563243222022002 -0.29302778246269018 0.69228412167820241 0.32007780726584623 -0.35757517175874975 0.28104728633258874 0.48747884099455452 -0.27234789094685435 0.043977812204904737 1.0035622280848111 -0.22423982696809086 -0.52154410845677046 0.19433739308866088 -1.4255073813443648 0.0057342185955514329 0.1571550431587995 -0.084816517186420456 3.5736133381892459 -0.50425757124979753 1.0007705268709803
leaf_weight=153062 1475 720 232 804 851 2472 161 6185 76 28976 379 569 460 791 474 73 1853 1001 5656 72 273 541 882 164 63070 9589 624 147 182 426
leaf_count=153062 1475 720 232 804 851 2472 161 6185 76 28976 379 569 460 791 474 73 1853 1001 5656 72 273 541 882 164 63070 9589 624 147 182 426
internal_value=-6.00553e-05 -0.000366548 -0.000319949 -0.00025968 -0.00530211 -0.000193093 0.000189168 0.000141197 -0.000882313 -0.00160583 0.000833082 0.000981953 0.00130572 0.00169935 0.00124683 0.00168337 0.00405245 0.000827338 -4.73037e-05 -0.00779883 0.00815143 -0.0105049 -0.00179531 0.00229446 0.000386461 0.00205803 -0.00480892 0.000114767 4.18959e-05 0.00815881
internal_weight=282240 129178 128458 126983 1655 125328 80616 80384 44712 31448 13264 13188 12809 12240 11449 10975 4633 2780 6342 686 733 614 2047 1046 74199 10374 785 63825 63252 573
internal_count=282240 129178 128458 126983 1655 125328 80616 80384 44712 31448 13264 13188 12809 12240 11449 10975 4633 2780 6342 686 733 614 2047 1046 74199 10374 785 63825 63252 573
is_linear=0
shrinkage=0.05


Tree=166
num_leaves=31
num_cat=0
split_feature=8 15 6 3 12 1 5 2 3 13 0 0 14 16 14 12 15 10 16 0 13 8 2 1 5 15 14 3 3 12
split_gain=8.64896 23.7866 26.3398 24.8065 19.7246 17.2729 23.173 17.4739 17.0662 16.0665 15.2048 14.1683 14.1054 13.8221 11.9922 10.3695 10.2686 10.5709 10.116 9.79198 22.8994 21.0127 18.6281 18.1016 24.5794 15.805 16.548 17.4067 28.9238 18.4294
threshold=1.5802469212633652 39.862500000000004 1.1839061703319149 2.5000000000000004 0.50875000000000015 12.500000000000002 1.0000000180025095e-35 4.5000000000000009 10.500000000000002 9.9110000000000031 1.5000000000000002 1.5000000000000002 7.8515000000000006 106.7435 11.421000000000001 0.043750000000000004 4.8710000000000013 -7.0392857142857119 108.194125 2.5000000000000004 133.35400000000001 0.71109846141186728 1.0000000180025095e-35 4.5000000000000009 1.0000000180025095e-35 13.019000000000002 6.7215000000000007 6.5000000000000009 7.5000000000000009 1.0087500000000003
decision_type=2 2 2 2 2 2 2 2 2 8 2 2 2 2 2 2 2 2 2 2 8 2 2 2 2 2 2 2 2 2
left_child=19 2 4 5 9 6 7 -3 10 -2 -5 14 -10 -14 -4 -9 17 -11 -16 -1 22 -22 23 -21 -25 -23 -27 29 -29 -28
right_child=1 3 11 8 -6 -7 -8 15 12 16 -12 -13 13 -15 18 -17 -18 -19 -20 20 21 25 -24 24 -26 26 27 28 -30 -31
leaf_value=-0.0039064014679991215 0.012846113352089329 0.55417724753901609 0.0070902737121432361 0.0031256837627975601 0.084196839465020198 -0.11746427623928489 -1.2375441704761394 -1.04159638172001 -0.20324827109124499 1.0543892290397856 -0.32824621263664078 -0.0038005489620888122 0.072246914183374769 -0.70369236340515495 0.072405738572030212 0.19102204349171537 -0.19552672413553873 -0.093211599862707661 -0.96160487091655156 -0.15813051481074633 0.30534819960178466 -0.056118263981926299 -0.037419847655892124 0.37967842667262847 -0.57028318589346516 0.36227191398551001 0.20404199030209524 -0.45382926380278737 0.062823026811934843 -0.4462856040001304
leaf_weight=203610 544 342 1182 248 336 612 46 44 130 64 1210 2522 606 196 1142 34 904 568 30 998 4930 5605 25062 3452 143 2473 12564 1904 10253 486
leaf_count=203610 544 342 1182 248 336 612 46 44 130 64 1210 2522 606 196 1142 34 904 568 30 998 4930 5605 25062 3452 143 2473 12564 1904 10253 486
internal_value=-5.95238e-05 -0.00144981 0.000171421 -0.00485871 -0.00409768 0.00143785 0.00869099 0.012381 -0.00769874 -0.00591346 -0.0110768 0.00228671 -0.00241416 6.23441e-05 0.00507647 -0.00897436 -0.00852865 -0.00363924 0.00866041 -4.42022e-06 0.000515692 0.00132474 -0.000526893 0.00240039 0.00405424 0.000873517 0.0013638 0.000980878 -0.000380439 0.00224904
internal_weight=282240 10760 7292 3468 2416 1078 466 420 2390 2080 1458 4876 932 802 2354 78 1536 632 1172 271480 67870 38215 29655 4593 3595 33285 27680 25207 12157 13050
internal_count=282240 10760 7292 3468 2416 1078 466 420 2390 2080 1458 4876 932 802 2354 78 1536 632 1172 271480 67870 38215 29655 4593 3595 33285 27680 25207 12157 13050
is_linear=0
shrinkage=0.05


Tree=167
num_leaves=31
num_cat=0
split_feature=16 7 15 15 7 6 0 15 14 16 7 7 10 14 15 13 2 10 5 15 14 2 10 13 1 12 15 7 16 10
split_gain=8.86733 14.754 11.4009 11.1175 14.6745 11.3662 30.3312 19.2546 19.6648 17.1044 14.3959 13.2903 15.05 14.1317 21.573 12.8855 12.7548 13.1181 15.8464 12.2446 11.7774 24.3339 15.5267 12.0233 11.3635 11.2839 11.0125 11.9719 10.6502 10.6151
threshold=75.481250000000003 1.6510462438667208 27.615000000000006 203.06000000000003 1.1634246460465347 1.8331661724201234 1.0000000180025095e-35 53.925000000000004 31.671000000000003 10.6759 1.1277069720567887 1.4402052251940416 -2.907142857142857 9.5175000000000018 6.7010000000000014 -2.3734999999999995 3.5000000000000004 -5.049999999999998 1.0000000180025095e-35 -1.115 29.086000000000002 3.5000000000000004 -4.5964285714285706 1.5825000000000002 18.500000000000004 0.12625000000000003 5.1365000000000007 1.4858866909239083 27.957249999999998 6.2535714285714308
decision_type=2 2 2 2 2 2 2 2 2 2 2 2 2 2 2 8 2 2 2 2 2 2 2 8 2 2 2 2 2 2
left_child=3 -2 -3 5 24 11 9 8 10 -7 -8 12 13 16 20 19 17 18 -1 -14 23 22 -22 -15 28 -9 27 -13 -5 -29
right_child=1 2 -4 4 -6 6 7 25 -10 -11 -12 26 15 14 -16 -17 -18 -19 -20 -21 21 -23 -24 -25 -26 -27 -28 29 -30 -31
leaf_value=0.60718911398421282 -0.032766150589454535 -0.3612352807786991 -0.19552371777742295 -0.13251501908739441 -0.34620973129909638 0.01232502933501336 -0.14924803569186898 -0.01925510942694704 0.086551179607572776 0.11957139045394877 0.002721526161251181 -0.045691643091100458 -0.085993466232644949 0.23662240536429238 0.070618582590980569 0.00054299081300603351 0.015636713159640873 0.090390187692131196 -0.11099610106327172 -0.054338147497998028 -0.7528719676876503 0.22522931550568212 0.073488179962282935 -0.21800648032515843 -0.54455193567555815 -0.19196817510836239 -0.03439258692281718 0.020097028340427626 2.1626546908378224 -0.061493103179907686
leaf_weight=890 60154 390 1134 76 120 964 424 536 1318 992 2752 738 161 45 5230 185210 2796 1754 172 1155 264 386 238 951 116 346 9458 2822 462 186
leaf_count=890 60154 390 1134 76 120 964 424 536 1318 992 2752 738 161 45 5230 185210 2796 1754 172 1155 264 386 238 951 116 346 9458 2822 462 186
internal_value=-5.77523e-05 -0.00058773 -0.00544619 9.04508e-05 0.00607235 6.9385e-05 0.00200491 6.51042e-05 0.00139074 0.0073364 -0.000739924 2.58877e-06 0.00010439 0.00176803 0.000288164 -9.11401e-06 0.00364398 0.00601918 0.0104049 -0.00493921 -0.00429936 -0.000112613 -0.00737052 -0.00803213 0.00902141 -0.00668934 -0.00153363 0.000760812 0.0120818 0.0021609
internal_weight=282240 61678 1524 220562 774 219788 7332 5376 4494 1956 3176 212456 199252 12726 7114 186526 5612 2816 1062 1316 1884 888 502 996 654 882 13204 3746 538 3008
internal_count=282240 61678 1524 220562 774 219788 7332 5376 4494 1956 3176 212456 199252 12726 7114 186526 5612 2816 1062 1316 1884 888 502 996 654 882 13204 3746 538 3008
is_linear=0
shrinkage=0.05


Tree=168
num_leaves=31
num_cat=0
split_feature=16 8 13 8 2 2 14 7 13 16 7 2 13 8 5 3 13 3 8 7 7 6 14 16 3 8 7 14 16 10
split_gain=8.63164 15.6802 8.46982 11.7338 12.345 19.9101 17.6799 9.03983 9.11509 8.81061 12.6858 12.7119 26.01 25.2953 19.4034 14.781 14.1978 11.2327 10.4054 10.3586 10.0039 9.83339 16.2708 16.7161 14.5014 15.7642 14.4596 14.0789 13.9728 12.6825
threshold=294.23875000000004 1.0168306545709338 194.76050000000004 1.004202824841457 4.5000000000000009 5.5000000000000009 173.655 0.99423855431007591 252.66000000000003 86.267250000000004 1.8739076960974632 3.5000000000000004 36.692500000000003 0.99857713534972048 1.0000000180025095e-35 11.500000000000002 84.485000000000014 11.500000000000002 1.8874168711463624 1.4473094679308549 0.99897078088854441 1.8331661724201234 11.421000000000001 12.421625000000001 7.5000000000000009 1.6917612474432648 1.4402052251940416 75.33250000000001 30.185725000000001 -2.907142857142857
decision_type=2 2 10 2 2 2 2 2 10 2 2 2 8 2 2 2 10 2 2 2 2 2 2 2 2 2 2 2 2 2
left_child=2 -2 9 4 7 -6 -7 8 -4 21 11 14 13 -13 18 -15 19 20 -11 -14 -16 26 23 -23 25 27 29 -24 -27 -1
right_child=1 -3 3 -5 5 6 -8 -9 -10 10 -12 12 16 15 17 -17 -18 -19 -20 -21 -22 22 24 -25 -26 28 -28 -29 -30 -31
leaf_value=0.040329816032675582 -0.58845598572668367 -4.1105021650733198 0.70303138059497394 -1.0574812071861908 -0.7932439571587665 1.5406949770160829 -0.22299586334691532 1.2039255506105129 -1.9892796048297356 0.013028243280180263 -0.61320275920917244 0.36364286282837616 0.019207724796938132 -0.34238955034748386 -1.8521671366825956 -1.0442663795365641 -0.23083840182193233 -1.1342929797662518 -0.67229012129629284 -0.58630516599926707 -0.077130995865366009 0.0012736209152308109 0.019895807926066312 -0.16491294730601325 0.068878890552084113 0.069562663053804208 -0.018142980457382052 0.27344420641071426 -0.14980563710122219 0.00012526593187163205
leaf_weight=13482 2092 88 133 208 509 155 177 1823 83 30098 361 216 8077 941 48 260 3010 266 120 249 406 3144 1303 258 1951 204 13995 275 514 197794
leaf_count=13482 2092 88 133 208 509 155 177 1823 83 30098 361 216 8077 941 48 260 3010 266 120 249 406 3144 1303 258 1951 204 13995 275 514 197794
internal_value=-5.4032e-05 -0.00318807 -2.96365e-05 0.00257448 0.00340278 -0.00169441 0.00783133 0.00550515 -0.00416667 -5.86702e-05 -0.000707119 -0.000629992 -0.00195836 -0.0083451 -8.24229e-05 -0.0111782 -0.00116002 -0.00819444 0.000110861 -9.60846e-05 -0.0034141 6.39705e-05 0.00182704 -0.000749559 0.00389098 0.00119774 4.10617e-06 0.0039924 -0.00494429 0.000107206
internal_weight=282240 2180 280060 3088 2880 841 332 2039 216 276972 44052 43691 12753 1417 30938 1201 11336 720 30218 8326 454 232920 7649 3402 4247 2296 225271 1578 718 211276
internal_count=282240 2180 280060 3088 2880 841 332 2039 216 276972 44052 43691 12753 1417 30938 1201 11336 720 30218 8326 454 232920 7649 3402 4247 2296 225271 1578 718 211276
is_linear=0
shrinkage=0.05


Tree=169
num_leaves=31
num_cat=0
split_feature=16 13 6 13 3 14 16 13 14 3 13 13 13 14 2 2 2 5 1 1 12 2 13 3 12 14 16 14 16 16
split_gain=8.79906 16.4092 13.4164 8.58647 18.7259 10.8107 8.58205 9.54945 8.08931 11.324 11.6001 10.1597 9.29299 7.42696 14.1959 9.40577 7.38552 7.32228 7.13021 9.4076 23.5073 16.5001 20.0685 26.482 23.06 18.8497 17.9054 18.3424 17.2581 16.4966
threshold=236.19477499999999 29.701500000000003 1.0095795620477201 228.58500000000004 7.5000000000000009 79.071000000000012 -3.1539999999999995 -1.3584999999999998 256.86350000000004 10.500000000000002 252.66000000000003 316.99500000000006 29.701500000000003 182.51100000000002 4.5000000000000009 5.5000000000000009 1.0000000180025095e-35 1.0000000180025095e-35 22.500000000000004 15.500000000000002 0.50375000000000003 4.5000000000000009 55.635000000000012 2.5000000000000004 0.061250000000000006 154.36050000000003 56.073350000000012 77.141000000000005 78.045000000000002 24.34215
decision_type=2 8 2 10 2 2 2 10 2 2 8 8 10 2 2 2 2 2 2 2 2 2 10 2 2 2 2 2 2 2
left_child=3 -2 8 6 5 -5 7 17 12 10 -10 16 -3 15 -15 -6 -11 -1 19 21 -21 -8 25 29 -25 26 -23 28 -28 -24
right_child=1 2 -4 4 13 -7 18 -9 9 11 -12 -13 -14 14 -16 -17 -18 -19 -20 20 -22 22 23 24 -26 -27 27 -29 -30 -31
leaf_value=0.02160711719375108 -1.6786260209703769 -2.0678629897638419 -1.7255425160749553 0.87404788870495376 1.5117096534325309 -2.0735312036131015 0.0025254645146425506 0.093895487647385034 0.44778141359456713 0.56736168337186543 -2.9463843788896931 0.92689116897013335 -0.064012297691783723 1.4630182816583215 -0.85510930101164606 1.5258100389562941 -0.6087219507184749 -0.19704278001575981 -0.030281914094800213 0.0046209627360846994 0.073738054064885233 -0.0042824208463489114 0.29629177759441988 -0.21044252972146751 -0.68050326082511825 1.5607655583132392 -0.2841936361738191 -0.035366093778804286 -1.4704385894678673 -0.032575474075949185
leaf_weight=674 135 336 163 64 786 125 131311 609 240 157 420 1867 313 357 202 125 699 57 11605 71755 8289 39192 368 3684 828 337 2332 3246 244 1720
leaf_count=674 135 336 163 64 786 125 131311 609 240 157 420 1867 313 357 202 125 699 57 11605 71755 8289 39192 368 3684 828 337 2332 3246 244 1720
internal_value=-4.97803e-05 -0.00228637 -0.00173421 -1.49329e-05 0.00357143 -0.0112434 -3.64705e-05 0.00395522 -0.00116567 -0.000184747 -0.00606061 0.00123944 -0.00627889 0.00547619 0.000939177 0.00826015 -0.00327103 0.000102599 -5.59272e-05 -2.46861e-06 0.000449753 -0.000199987 -0.000954265 -0.0035303 -0.00568484 -0.00057937 -0.00066757 -0.0032549 -0.00640528 0.00112548
internal_weight=282240 4330 4195 277910 1659 189 276251 1340 4032 3383 660 2723 649 1470 559 911 856 731 274911 263306 80044 183262 51951 6600 4512 45351 45014 5822 2576 2088
internal_count=282240 4330 4195 277910 1659 189 276251 1340 4032 3383 660 2723 649 1470 559 911 856 731 274911 263306 80044 183262 51951 6600 4512 45351 45014 5822 2576 2088
is_linear=0
shrinkage=0.05


Tree=170
num_leaves=31
num_cat=0
split_feature=16 15 8 16 13 7 15 1 3 7 3 10 10 16 14 12 13 7 2 3 14 1 13 15 7 3 15 3 14 14
split_gain=8.78992 15.9477 10.6105 8.36768 9.70417 10.0754 9.35302 21.2635 10.7242 9.35084 22.5573 22.9228 18.4828 16.6975 15.0968 11.6447 11.535 9.96603 13.1037 9.86539 10.9213 8.59766 18.8511 34.8174 24.9915 16.3363 19.7659 20.5042 19.9999 18.9151
threshold=294.23875000000004 123.04500000000002 1.3393261320814382 -3.1539999999999995 -1.3584999999999998 1.7451715049292189 -5.448999999999999 10.500000000000002 8.5000000000000018 1.7785225864191649 4.5000000000000009 -4.2285714285714251 2.4178571428571458 4.112750000000001 3.2215000000000003 1.4687500000000002 42.161000000000008 2.3646020039433977 3.5000000000000004 1.5000000000000002 6.9750000000000005 6.5000000000000009 252.66000000000003 58.933500000000009 0.99007744986289747 8.5000000000000018 -3.0749999999999997 10.500000000000002 42.331500000000005 93.251000000000019
decision_type=2 2 2 2 10 2 2 2 2 2 2 2 2 2 2 2 10 2 2 2 2 2 8 2 2 2 2 2 2 2
left_child=3 -2 -3 4 5 -1 7 -5 -9 21 12 -12 -11 16 -15 17 -13 -16 -19 20 -14 22 23 24 -8 -24 -27 28 -28 -29
right_child=1 2 -4 6 -6 -7 9 8 -10 10 11 13 19 14 15 -17 -18 18 -20 -21 -22 -23 25 -25 -26 26 27 29 -30 -31
leaf_value=-0.017784246012448168 -2.6724111981820844 -0.2712645208475653 -3.8186999310159062 0.044199125690677007 0.08920071326501576 0.24075269336583213 -0.02732769424963535 -0.14572304397635108 0.034324988679121947 -0.20952345830172556 -0.11595546402327139 0.034597773942054273 0.045994407483385971 -0.10695376325833315 0.0049169975500857888 -0.24009835077059122 -0.40047156312379456 2.522665136460621 -0.0088970847684291098 0.028134866839253793 -0.17963156420780574 0.0058248015525236008 -0.014906711799763684 -0.102060680165246 0.034463631408562449 0.36954389759072842 -0.059844920282821179 -0.061819668623351247 -0.80892420686139566 0.70395519959936748
leaf_weight=689 224 1900 56 226 609 42 8118 734 94 964 236 590 38 284 2906 198 38 98 104 536 148 191286 26826 9680 22012 132 5332 5349 1336 1455
leaf_count=689 224 1900 56 226 609 42 8118 734 94 964 236 590 38 284 2906 198 38 98 104 536 148 191286 26826 9680 22012 132 5332 5349 1336 1455
internal_value=-4.83631e-05 -0.00321101 -0.0017638 -2.37449e-05 0.00391791 3.41997e-05 -4.26952e-05 -0.00474383 -0.00845411 -2.485e-05 -0.0019544 -8.98069e-05 -0.00688019 0.000758653 -0.000557103 0.000393224 0.00828025 0.00114221 0.0118812 -0.000831025 -0.0107527 1.87827e-05 -0.000415628 0.000356694 0.00119482 -0.00117611 -0.00258747 -0.00277613 -0.00474655 -0.000845091
internal_weight=282240 2180 1956 280060 1340 731 278720 1054 828 277666 6140 4454 1686 4218 3590 3306 628 3108 202 722 186 271526 80240 39810 30130 40430 13604 13472 6668 6804
internal_count=282240 2180 1956 280060 1340 731 278720 1054 828 277666 6140 4454 1686 4218 3590 3306 628 3108 202 722 186 271526 80240 39810 30130 40430 13604 13472 6668 6804
is_linear=0
shrinkage=0.05


Tree=171
num_leaves=31
num_cat=0
split_feature=16 15 13 15 16 13 5 8 3 3 15 2 15 5 13 14 10 2 3 10 3 15 6 14 16 13 0 15 12 1
split_gain=8.44032 10.5756 8.38062 8.76296 7.82293 9.30432 7.20632 7.18932 30.2024 69.557 38.6338 33.0818 55.3795 42.0367 24.8942 23.5354 22.5854 25.6539 23.9919 24.6487 21.1156 19.8003 18.6476 40.3169 26.6221 25.1316 22.3956 22.8257 17.0564 16.421
threshold=365.85675000000009 135.84500000000003 413.92000000000002 106.94100000000002 -3.1539999999999995 -1.3584999999999998 1.0000000180025095e-35 1.0345155747052366 2.5000000000000004 3.5000000000000004 21.971500000000002 1.5000000000000002 4.8710000000000013 1.0000000180025095e-35 88.857500000000016 154.36050000000003 -1.6928571428571422 2.5000000000000004 1.5000000000000002 4.9000000000000021 1.5000000000000002 4.363500000000001 1.3647559385888377 11.051500000000003 7.851 45.101000000000006 1.5000000000000002 91.94250000000001 0.068750000000000019 15.500000000000002
decision_type=2 2 10 2 2 10 2 2 2 2 2 2 2 2 10 2 2 2 2 2 2 2 2 2 2 8 2 2 2 2
left_child=2 -2 4 -4 5 6 -1 -6 11 10 -10 12 -9 14 16 22 -13 -18 19 -19 -16 -21 25 24 -24 -11 27 -25 -27 -12
right_child=1 -3 3 -5 7 -7 -8 8 9 15 29 13 -14 -15 20 -17 17 18 -20 21 -22 -23 23 26 -26 28 -28 -29 -30 -31
leaf_value=0.019496428129305611 -3.7937047068536844 -0.85904570811897407 3.0027989169535889 0.9397910903845621 0.0021150610496664447 0.084740677601764958 -0.18630142871434943 -0.39729681624385815 -0.010068341906341883 0.011417226186979369 -0.43534884691974707 0.48749231020395323 -0.011312191333384725 -0.29314477829655233 -0.15419105042372774 -0.56703617426529151 0.31297995546304236 0.021994699162345352 0.14830073093921659 0.0096751334002701805 0.24591673660560254 -0.19129326583294193 -0.001152746697601314 0.070796514475365821 -0.091881520998920219 -0.10293236852335071 0.028709916658872459 -0.24170235864264172 -0.015513705146541483 -0.16217221380670055
leaf_weight=674 96 976 108 270 218818 609 57 362 1752 9716 1784 2574 2494 376 1373 944 677 1984 1698 156 891 248 4286 2968 1536 8535 7250 136 7946 946
leaf_count=674 96 976 108 270 218818 609 57 362 1752 9716 1784 2574 2494 376 1373 944 677 1984 1698 156 891 248 4286 2968 1536 8535 7250 136 7946 946
internal_value=-4.9426e-05 -0.00447761 -3.25428e-05 0.00740741 -4.25585e-05 0.00376866 -3.41997e-05 -6.08338e-05 -0.000542618 -0.00112084 -0.00705042 0.00161108 -0.00313375 0.00296933 0.0036116 -0.000507307 0.0050259 0.00298656 0.0014929 -0.00173786 -0.000971731 -0.012995 -0.000333349 0.00100148 -0.00232738 -0.00115758 0.00287329 0.00642719 -0.00234664 -0.0107692
internal_weight=282240 1072 281168 378 280790 1340 731 279450 60632 47799 4482 12833 2856 9977 9601 43317 7337 4763 4086 2388 2264 404 42373 16176 5822 26197 10354 3104 16481 2730
internal_count=282240 1072 281168 378 280790 1340 731 279450 60632 47799 4482 12833 2856 9977 9601 43317 7337 4763 4086 2388 2264 404 42373 16176 5822 26197 10354 3104 16481 2730
is_linear=0
shrinkage=0.05


Tree=172
num_leaves=31
num_cat=0
split_feature=16 15 13 15 15 12 16 6 0 13 13 15 13 3 10 7 3 10 10 14 16 14 7 2 3 12 3 10 7 3
split_gain=8.08516 10.0122 7.79792 9.15238 7.83826 7.6092 8.62577 20.4339 15.4823 12.1424 16.4588 9.03894 10.491 8.96248 8.61595 8.29215 20.8464 20.7898 18.7824 11.6334 18.6533 10.4273 10.6521 10.5417 10.2558 31.6121 34.7669 46.6533 38.1757 26.4067
threshold=365.85675000000009 135.84500000000003 413.92000000000002 106.94100000000002 241.35000000000005 1.8312500000000003 -0.49174999999999991 0.80732175985226029 1.0000000180025095e-35 15.353500000000002 9.2340000000000018 0.84250000000000014 44.586000000000006 6.5000000000000009 1.2074175824175841 1.7785225864191649 4.5000000000000009 -4.4642857142857117 2.4178571428571458 -0.40849999999999992 4.112750000000001 4.0810000000000004 2.3646020039433977 3.5000000000000004 6.5000000000000009 0.11125000000000002 7.5000000000000009 0.92142857142857226 0.6972043456550211 10.500000000000002
decision_type=2 2 10 2 2 2 2 2 2 8 10 2 8 2 2 2 2 2 2 2 2 2 2 2 2 2 2 2 2 2
left_child=2 -2 5 -4 -5 6 7 8 13 10 -9 12 -11 -1 -14 24 18 -18 -17 -19 -21 -22 -23 -24 -8 29 27 -27 -29 -26
right_child=1 -3 3 4 -6 -7 15 9 -10 11 -12 -13 14 -15 -16 16 17 19 -20 20 21 22 23 -25 25 26 -28 28 -30 -31
leaf_value=-0.039905703926171349 -3.6040194715109992 -0.81609342271302554 2.8526589711059089 -0.98359868175992915 2.6536700704418728 -0.11009088325978288 0.0090068485490936937 0.035989978643349407 -0.18934876429996772 -0.22401131018303735 0.22129287461102384 0.077423884758822767 -0.012704069666476504 0.26387229456750527 0.084821986007671324 -0.20203844375438798 -0.13109029735077024 -0.069364063622129754 -0.0047529987702143121 0.035372809383462621 -0.055071784204590538 0.00091643660094087309 2.5119486324254967 0.0030839352984760263 -0.02714032018021615 -0.091566012323148205 0.067481869179616405 -0.092298024769452869 0.16849963765840439 0.011360726992449256
leaf_weight=106 96 976 108 121 149 1024 134236 1131 342 134 222 975 913 66 57 950 198 126 706 492 388 2960 96 88 70641 4282 16088 1134 1759 41676
leaf_count=106 96 976 108 121 149 1024 134236 1131 342 134 222 975 913 66 57 950 198 126 706 492 388 2960 96 88 70641 4282 16088 1134 1759 41676
internal_value=-5.03118e-05 -0.00438433 -3.37876e-05 0.00714286 0.00222222 -4.34488e-05 -2.77017e-05 0.00229346 -0.00700389 0.0036859 0.00737251 0.00128668 -0.00181159 0.00523256 0 -6.09093e-05 -0.00189873 -8.04968e-05 -0.00667271 0.000674699 0.00114314 -0.000127407 0.000826972 0.0125 -2.00136e-05 -0.000326744 0.00135086 -0.00154355 0.00336156 -0.000674208
internal_weight=282240 1072 281168 378 270 280790 279766 3946 514 3432 1353 2079 1104 172 970 275820 6004 4348 1656 4150 4024 3532 3144 184 269816 135580 23263 7175 2893 112317
internal_count=282240 1072 281168 378 270 280790 279766 3946 514 3432 1353 2079 1104 172 970 275820 6004 4348 1656 4150 4024 3532 3144 184 269816 135580 23263 7175 2893 112317
is_linear=0
shrinkage=0.05


Tree=173
num_leaves=31
num_cat=0
split_feature=16 13 7 6 13 2 14 16 13 13 3 13 0 2 15 2 14 15 16 12 16 6 8 0 15 15 10 13 7 15
split_gain=7.93776 15.9252 13.8738 8.95161 8.36071 9.15238 8.03802 9.14037 8.17394 7.4827 11.0213 11.8505 10.6039 8.46441 8.239 8.74938 8.74736 7.47011 6.87286 6.68362 8.37193 17.8967 14.7739 12.0176 10.5867 11.4812 10.2173 9.81008 8.84606 8.6862
threshold=236.19477499999999 29.701500000000003 0.99897078088854441 1.5338750259936362 413.92000000000002 3.5000000000000004 256.86350000000004 365.85675000000009 29.701500000000003 252.66000000000003 10.500000000000002 58.602500000000006 1.5000000000000002 2.5000000000000004 241.35000000000005 1.0000000180025095e-35 285.76500000000004 135.84500000000003 262.24450000000007 1.8312500000000003 -0.49174999999999991 0.80732175985226029 1.0000797180590746 1.0000000180025095e-35 1.2410000000000003 5.7615000000000007 -0.1222527472527508 0.82250000000000012 0.66884648656279044 13.019000000000002
decision_type=2 8 2 2 10 2 2 2 10 10 2 10 2 2 2 2 2 2 2 2 2 2 2 2 2 2 2 8 2 2
left_child=4 -2 -3 6 19 -6 8 9 -4 10 11 -8 13 -11 16 -16 -12 -9 -17 20 21 23 24 -1 -23 26 -26 -25 -24 -27
right_child=1 2 3 -5 5 -7 7 17 -10 12 14 -13 -14 -15 15 18 -18 -19 -20 -21 -22 22 28 27 25 29 -28 -29 -30 -31
leaf_value=0.04969977679795972 -1.5544753724816844 -1.3731506344684776 -1.9654348697553818 -3.3106351581279627 3.6028995059903326 -0.51881842276027257 -2.0877068019343796 -2.9331264694035242 -0.061776712286926744 0.80406980211251955 0.023562647814657202 1.60451112272917 0.18807998656920369 -4.0594889237331078 -2.7001603875061395 4.6233909364148138 2.7637980761731251 -0.64258853985135012 0.32148183165757305 -0.10458633909679374 -0.0010051705622573738 -0.0051710860753490856 -0.24454598348397419 0.019648863974334033 -0.089781678199753412 -0.070253304171700601 0.35995565819852643 -0.24399964342800323 0.068710151496870639 0.092714617074100003
leaf_weight=172 135 149 336 54 112 80 277 78 313 70 164 99 367 138 84 88 459 960 559 1024 272748 1618 30 58 38 252 534 284 696 264
leaf_count=172 135 149 336 54 112 80 277 78 313 70 164 99 367 138 84 88 459 960 559 1024 272748 1618 30 58 38 252 534 284 696 264
internal_value=-4.65916e-05 -0.0021709 -0.00162694 -0.00107514 -1.34936e-05 0.0104167 -0.000801603 0.000186958 -0.00589368 0.00194143 0.00358382 -0.00398936 -0.003 -0.0120192 0.00568685 0.00208618 0.00991172 -0.00370906 0.00405719 -2.07045e-05 -5.78256e-06 0.00228079 0.00358392 -0.00642023 0.0018847 0.00569853 0.0105769 -0.0118421 0.00991736 0.000290698
internal_weight=282240 4330 4195 4046 277910 192 3992 3343 649 2305 1730 376 575 208 1354 731 623 1038 647 277718 276694 3946 3432 514 2706 1088 572 342 726 516
internal_count=282240 4330 4195 4046 277910 192 3992 3343 649 2305 1730 376 575 208 1354 731 623 1038 647 277718 276694 3946 3432 514 2706 1088 572 342 726 516
is_linear=0
shrinkage=0.05


Tree=174
num_leaves=31
num_cat=0
split_feature=16 1 5 2 13 7 8 3 2 0 12 16 3 8 13 1 8 3 8 13 7 13 10 3 8 6 13 13 2 8
split_gain=7.3748 13.8356 23.4931 19.7977 35.4447 18.0677 23.9453 28.2476 17.9642 16.9595 31.2206 24.6031 16.7908 16.3039 16.0108 15.5427 16.0451 20.2774 16.9349 15.4244 14.8517 14.5661 17.7776 26.6659 13.9138 13.6574 12.9589 12.4205 12.1163 12.056
threshold=27.957249999999998 4.5000000000000009 1.0000000180025095e-35 1.0000000180025095e-35 93.122500000000016 0.99423855431007591 1.1275032954798287 11.500000000000002 4.5000000000000009 1.5000000000000002 1.0000000180025095e-35 33.570250000000009 1.5000000000000002 1.2695660391111645 2.4540000000000002 10.500000000000002 1.4392302294256101 10.500000000000002 1.1035440681000188 1.0000000180025095e-35 0.64735137188752534 39.981500000000004 0.021428571428571633 2.5000000000000004 0.70716613956636543 1.891089340916341 0.82250000000000012 32.045000000000009 4.5000000000000009 1.3802157082829594
decision_type=2 2 2 2 10 2 2 2 2 2 2 2 2 2 8 2 2 2 2 10 2 10 2 2 2 2 10 8 2 2
left_child=-1 19 3 4 5 6 27 12 21 10 11 -7 -8 -6 28 -11 18 -18 -17 -2 -21 22 23 -4 -25 -10 -26 -3 -5 -14
right_child=1 2 8 14 13 9 7 -9 25 15 -12 -13 29 -15 -16 16 17 -19 -20 20 -22 -23 -24 24 26 -27 -28 -29 -30 -31
leaf_value=0.003721369467183511 -0.12675704744876123 0.99455214691756832 0.47050580773787964 -0.16758337864010092 0.94117378267554241 0.20083520279527545 -1.3735869685175963 0.37952215536121614 0.05520459052750426 0.37375062188748426 -0.35691558702448156 -0.11461902760688535 0.049981312628088942 -0.53396450776412363 -0.0049247056020097942 -0.011604802342527877 -0.59227884495846483 0.12272766530136306 0.48377474509944585 -0.20854778560263321 0.021135247245704925 -0.49452735932031922 -0.34528480248938326 -0.83245586328910481 -0.17327004103199783 -0.42617741394111114 0.19885520057500436 0.33420394907712014 0.063278592042323653 -0.54840569808567641
leaf_weight=122012 14329 701 211 1408 1321 816 128 390 2028 2720 728 4518 615 125 104287 4457 236 128 496 1466 11825 1228 615 147 1315 58 434 2604 503 391
leaf_count=122012 14329 701 211 1408 1321 816 128 390 2028 2720 728 4518 615 125 104287 4457 236 128 496 1466 11825 1228 615 147 1315 58 434 2604 503 391
internal_value=-4.78316e-05 -0.000270864 -5.882e-05 8.6512e-05 0.00151418 0.000937764 0.00357735 -0.00160761 -0.00310636 3.36903e-05 -0.00196305 -0.00063742 -0.00559965 0.00905947 -0.000187386 0.00153975 -3.29133e-05 -0.0101648 0.00071169 -0.00128892 -6.20721e-05 -0.00508861 -0.00304923 -0.00086616 -0.00274262 0.000647172 -0.00150086 0.00596823 -0.00472266 -0.00342942
internal_weight=282240 160228 132608 126572 20374 18928 4829 1524 6036 14099 6062 5334 1134 1446 106198 8037 5317 364 4953 27620 13291 3950 2722 2107 1896 2086 1749 3305 1911 1006
internal_count=282240 160228 132608 126572 20374 18928 4829 1524 6036 14099 6062 5334 1134 1446 106198 8037 5317 364 4953 27620 13291 3950 2722 2107 1896 2086 1749 3305 1911 1006
is_linear=0
shrinkage=0.05


Tree=175
num_leaves=31
num_cat=0
split_feature=16 13 2 8 14 7 2 8 2 14 8 1 1 3 7 8 10 8 8 0 15 2 14 1 3 2 14 1 10 8
split_gain=7.81519 16.7948 20.4805 18.2748 11.5404 10.3062 25.6974 15.4029 19.0258 14.6278 19.5557 16.7306 15.1807 13.9736 19.1931 23.0735 14.0314 14.466 11.5459 11.1742 9.45928 9.16121 9.60218 10.0868 14.1686 20.0008 26.6508 12.3307 15.0679 9.80218
threshold=100.85910000000001 29.001500000000004 3.5000000000000004 0.77670995573938817 256.86350000000004 0.50553084415660587 4.5000000000000009 1.4392302294256101 5.5000000000000009 159.86750000000004 1.4457972241253432 5.5000000000000009 19.500000000000004 4.5000000000000009 1.2746467086244997 1.3216108548220948 -5.9678571428571416 0.76997929250216102 0.66283845537181951 1.5000000000000002 57.494000000000007 4.5000000000000009 256.86350000000004 10.500000000000002 1.5000000000000002 1.0000000180025095e-35 212.04000000000005 6.5000000000000009 -0.98571428571428543 0.54753896495067644
decision_type=2 8 2 2 2 2 2 2 2 2 2 2 2 2 2 2 2 2 2 2 2 2 2 2 2 2 2 2 2 2
left_child=-1 2 4 -4 -2 6 9 13 -9 11 18 -3 20 14 15 21 -15 19 -11 -18 -13 22 23 27 25 26 -25 -7 -29 -26
right_child=1 5 3 -5 -6 7 -8 8 -10 10 -12 12 -14 16 -16 -17 17 -19 -20 -21 -22 -23 -24 24 29 -27 -28 28 -30 -31
leaf_value=0.0010731524974994077 -0.097266526818484786 -0.4203825952412803 0.85529644207321176 -0.75742076005611525 -1.6662583237339974 -0.38983054870569678 -1.6387057039365329 -0.40318065483581694 0.75346405675772132 1.1576761621075782 0.72925314440849531 -0.62016084685952722 -0.051009807967815672 -2.4832643599557844 -0.75136564124695004 0.53940756195026995 -0.58748455498959939 -0.0027030879554672538 -1.640802082623289 0.39179165354748036 0.89068442360871003 -0.41374923006036224 -1.1638763061923214 0.99469196941566662 -1.7710498926770786 -0.13908527518211253 -1.3523122889378822 1.0718995805596083 0.12187526889802208 -0.39377965517748148
leaf_weight=248020 1643 107 42 563 87 553 149 1687 100 38 78 69 339 105 722 462 187 16721 203 1968 1008 888 149 383 60 1439 58 321 1669 2422
leaf_count=248020 1643 107 42 563 87 553 149 1687 100 38 78 69 339 105 722 462 187 16721 203 1968 1008 888 149 383 60 1439 58 321 1669 2422
internal_value=-4.85402e-05 -0.000756867 -0.00485011 -0.0127686 -0.00208092 -0.000457111 0.00302612 -0.000689101 -0.00519026 0.00464169 -0.00509404 0.00668089 0.00812147 -0.000402925 -0.00201074 -0.00133865 0.000370107 0.000471498 -0.0121369 0.00432715 0.011026 -0.00197054 -0.00136802 -0.00109703 -0.00255617 0.000718085 0.010034 0.00140582 0.00324121 -0.00503626
internal_weight=282240 34220 2335 605 1730 31885 1991 29894 1787 1842 319 1523 1416 28107 9126 8404 18981 18876 241 2155 1077 7942 7054 6905 4362 1880 441 2543 1990 2482
internal_count=282240 34220 2335 605 1730 31885 1991 29894 1787 1842 319 1523 1416 28107 9126 8404 18981 18876 241 2155 1077 7942 7054 6905 4362 1880 441 2543 1990 2482
is_linear=0
shrinkage=0.05


Tree=176
num_leaves=31
num_cat=0
split_feature=16 13 3 8 3 15 13 5 8 7 16 2 2 16 13 2 0 15 12 3 12 8 2 14 7 13 2 3 3 15
split_gain=7.11143 22.1981 18.6114 12.2406 23.8514 11.8253 34.8399 17.087 14.5791 16.9615 13.3232 12.6167 12.2621 12.6726 11.4884 11.8326 10.2804 12.0608 9.90538 9.59281 12.6401 12.9758 10.2007 11.6277 12.9827 11.5588 11.2515 14.4863 10.3902 9.66296
threshold=122.12975000000002 18.331000000000003 9.5000000000000018 1.3028601060400742 6.5000000000000009 138.64250000000001 95.295000000000016 1.0000000180025095e-35 1.4392302294256101 0.62943443378992747 26.487300000000005 3.5000000000000004 5.5000000000000009 106.7435 20.001000000000001 3.5000000000000004 2.5000000000000004 83.592500000000015 0.43125000000000008 5.5000000000000009 0.0037500000000000003 1.0168306545709338 4.5000000000000009 166.36000000000004 0.53998001934824225 252.66000000000003 1.0000000180025095e-35 1.5000000000000002 1.5000000000000002 84.602500000000006
decision_type=2 8 2 2 2 2 8 2 2 2 2 2 2 2 10 2 2 2 2 2 2 2 2 2 2 8 2 2 2 2
left_child=5 2 -2 19 16 -1 14 8 9 18 -11 -9 13 -12 15 -7 -5 -18 -8 22 21 -21 23 24 29 -25 27 -26 -24 -3
right_child=1 3 -4 4 -6 6 7 11 -10 10 12 -13 -14 -15 -16 -17 17 -19 -20 20 -22 -23 28 25 26 -27 -28 -29 -30 -31
leaf_value=-0.00077907240767713945 -0.1799615008975316 -1.47681319905689 -0.97821803320775835 -0.23800586478565561 -0.81239791045759091 -0.19496982406779084 1.2855332384236338 -0.67645096811708605 -0.35243927173318712 -0.30146980129853362 0.66755460774513942 0.61264020027606403 1.2674145625286066 -0.20440405566494346 -0.06701720425111693 -0.68836718105004757 -0.68359337564247014 0.51522726936610308 -0.31100251330353079 0.026350805785184939 0.38688727816828572 -1.2147702399667453 -2.4415050688834414 -0.044125576250777246 0.98324033262352928 -1.0143792073695834 -0.18296990242937455 -0.023138576429399649 -0.2353167659644825 1.0428567825894752
leaf_weight=252904 368 38 346 754 783 474 699 179 175 270 3092 144 353 873 1895 156 77 376 98 10805 1537 259 108 801 222 840 2557 431 230 396
leaf_count=252904 368 38 346 754 783 474 699 179 175 270 3092 144 353 873 1895 156 77 376 98 10805 1537 259 108 801 222 840 2557 431 230 396
internal_value=-4.2517e-05 -0.000929377 -0.00959384 -0.00062333 -0.00434673 2.851e-05 0.00187322 0.00398181 0.00463129 0.00509285 0.00392328 -0.00719814 0.00459704 0.00380202 -0.0030396 -0.00888889 6.21375e-05 0.00601545 0.0118256 -0.000216747 0.00054956 -4.06725e-05 -0.00193402 -0.00139546 0.000178375 -0.00489031 -0.000919003 0.00493874 -0.010355 0.00829493
internal_weight=282240 20928 714 20214 1990 261312 8408 5883 5560 5385 4588 323 4318 3965 2525 630 1207 453 797 18224 12601 11064 5623 5285 3644 1641 3210 653 338 434
internal_count=282240 20928 714 20214 1990 261312 8408 5883 5560 5385 4588 323 4318 3965 2525 630 1207 453 797 18224 12601 11064 5623 5285 3644 1641 3210 653 338 434
is_linear=0
shrinkage=0.05


Tree=177
num_leaves=31
num_cat=0
split_feature=16 15 1 1 12 7 15 2 15 1 2 15 7 10 8 15 3 16 15 3 8 12 1 3 8 16 16 5 3 3
split_gain=7.10073 9.23399 7.13567 10.3982 19.0245 17.516 24.4307 17.9137 16.7269 16.5945 15.4436 17.2417 26.5737 23.5247 23.2238 26.3693 25.3202 36.9969 26.5616 19.5778 24.8154 24.2081 24.0608 27.712 36.9995 25.3118 22.566 21.6805 21.2962 19.1127
threshold=365.85675000000009 164.14500000000001 22.500000000000004 15.500000000000002 0.50375000000000003 0.62943443378992747 5.9615000000000009 5.5000000000000009 -1.7749999999999997 19.500000000000004 4.5000000000000009 57.494000000000007 0.90281379916604798 -1.4928571428571409 0.71109846141186728 4.541500000000001 6.5000000000000009 13.327400000000001 -0.028999999999999995 4.5000000000000009 1.1604702845722512 0.59875000000000012 8.5000000000000018 7.5000000000000009 0.76239598828556265 -1.0000000180025095e-35 21.446700000000003 1.0000000180025095e-35 7.5000000000000009 9.5000000000000018
decision_type=2 2 2 2 2 2 2 2 2 2 2 2 2 2 2 2 2 2 2 2 2 2 2 2 2 2 2 2 2 2
left_child=2 -2 3 10 5 6 -5 8 -7 -8 -1 12 14 -13 -12 16 17 -16 -18 21 22 -14 26 24 -24 -25 28 29 -21 -22
right_child=1 -3 -4 4 -6 7 9 -9 -10 -11 11 13 19 -15 15 -17 18 -19 -20 20 27 -23 23 25 -26 -27 -28 -29 -30 -31
leaf_value=0.0029646680498087389 -3.4053420082704022 -0.61139526347016759 -0.029307068246323453 -0.13684698403572743 0.069772787066622849 0.21490574841582247 0.6756225142480341 0.058811851359735969 -0.010634709910475815 0.11176862247431796 0.019797799391019222 0.120239794735025 0.052840606317145579 -0.2075782221206951 -0.11308602179057091 -0.16686201069569831 0.39063785202185958 0.30661256551019656 -0.0036422519820795032 0.092681975254564009 0.048131629251411893 -0.096356468678319457 0.16123290030551252 0.2102860127063898 -0.12782456646759022 -0.038996401612926501 -0.16574728906619196 -0.069186688386123227 -0.0017760465918766678 0.00076224464810694672
leaf_weight=133828 124 948 11760 964 8302 340 2010 9804 57536 2872 2898 1310 9876 8666 854 3230 336 266 1156 2492 2154 754 296 438 3586 4404 3646 120 4874 2396
leaf_count=133828 124 948 11760 964 8302 340 2010 9804 57536 2872 2898 1310 9876 8666 854 3230 336 266 1156 2492 2154 754 296 438 3586 4404 3646 120 4874 2396
internal_value=-4.28713e-05 -0.00410448 -2.73858e-05 2.52405e-05 0.000495552 0.000239371 0.00286521 1.25591e-05 -0.000322241 0.00430152 -0.000179923 -0.000895781 -0.000468293 -0.00277165 -0.00293478 -0.00475009 -0.00101455 -0.00669643 0.00325067 0.000146992 -0.000633041 0.00193791 -0.00140859 -0.00337001 -0.00651726 -0.000846758 0.000145296 0.00264454 0.00173771 0.0031978
internal_weight=282240 1072 281168 269408 81828 73526 5846 67680 57876 4882 187580 53752 43776 9976 8740 5842 2612 1120 1492 35036 24406 10630 19736 8724 3882 4842 11012 4670 7366 4550
internal_count=282240 1072 281168 269408 81828 73526 5846 67680 57876 4882 187580 53752 43776 9976 8740 5842 2612 1120 1492 35036 24406 10630 19736 8724 3882 4842 11012 4670 7366 4550
is_linear=0
shrinkage=0.05


Tree=178
num_leaves=31
num_cat=0
split_feature=16 12 3 14 3 6 2 13 2 2 15 13 15 3 6 3 3 3 15 6 15 10 2 14 14 0 10 14 15 14
split_gain=6.90514 15.0563 21.3382 14.1557 26.5493 27.2866 22.9747 20.4215 19.953 14.9722 16.4632 14.7038 28.3847 33.7838 41.5017 38.5124 40.2241 36.0257 26.1285 25.6191 30.89 24.4564 23.5489 23.8504 22.8186 27.2017 25.7441 23.8043 22.6239 22.1761
threshold=38.877299999999998 1.2062500000000003 4.5000000000000009 35.032500000000006 10.500000000000002 1.102381515924552 1.5000000000000002 153.71500000000003 1.0000000180025095e-35 2.5000000000000004 52.502500000000005 83.396000000000015 91.94250000000001 10.500000000000002 0.99938336059022215 8.5000000000000018 7.5000000000000009 6.5000000000000009 58.241000000000007 1.0008124909445437 3.5515000000000003 0.89285714285714468 3.5000000000000004 146.27500000000003 64.381000000000014 1.5000000000000002 -4.5964285714285706 107.40150000000001 25.351000000000003 79.071000000000012
decision_type=2 2 2 2 2 2 2 8 2 2 2 8 2 2 2 2 2 2 2 2 2 2 2 2 2 2 2 2 2 2
left_child=-1 3 -3 4 5 7 8 9 -6 -2 -11 18 13 15 -15 16 17 24 -5 20 -16 -19 23 28 -13 26 -26 -28 -22 -17
right_child=1 2 -4 11 6 -7 -8 -9 -10 10 -12 12 -14 14 19 29 -18 21 -20 -21 22 -23 -24 -25 25 -27 27 -29 -30 -31
leaf_value=0.0030498432236585105 0.057312631210049862 -0.7780198375813655 -0.0757939442896058 0.073235468552627567 -0.43717040559672632 -0.55007281753644977 -0.65031534786225076 0.25088853402860911 0.31237302820454876 0.18027884022547608 -0.51523225374047754 0.019663964252820867 0.058810810881277535 -0.38477919406529609 2.9289781067964298 -0.17451488273244842 0.39411106557046766 -0.43028588341257318 -0.034113804270985405 -0.058252797787390592 1.3053956527332808 0.17056304061654518 -0.068061038046800526 3.046050809083038 0.10336487833244928 -0.047183802987648529 -0.23543712813271417 -0.77942743247658619 0.19845700399118174 -1.0665949119272682
leaf_weight=153062 1015 390 2168 21087 150 526 716 2642 236 239 1000 13126 29450 1823 364 2950 2239 2391 18005 2060 587 349 1747 739 1076 11921 4364 984 2150 2684
leaf_count=153062 1015 390 2168 21087 150 526 716 2642 236 239 1000 13126 29450 1823 364 2950 2239 2391 18005 2060 587 349 1747 739 1076 11921 4364 984 2150 2684
internal_value=-3.77338e-05 -0.000306941 -0.00410477 -0.000230216 -0.00249847 -0.00106049 -0.0095735 0.000102124 0.000259067 -0.00339397 -0.00708232 -0.000106998 -0.000491334 -0.00119874 0.00149947 -0.00180591 -0.00121125 -0.00163617 0.000689399 0.0031156 0.00487292 -0.00713504 0.00389144 0.00627158 -0.00115741 -0.00229627 -0.00491905 -0.00633882 0.00411947 -0.00565318
internal_weight=282240 129178 2558 126620 6524 5422 1102 4896 386 2254 1239 120096 81004 51554 9470 42084 36450 34211 39092 7647 5587 2740 5223 3476 31471 18345 6424 5348 2737 5634
internal_count=282240 129178 2558 126620 6524 5422 1102 4896 386 2254 1239 120096 81004 51554 9470 42084 36450 34211 39092 7647 5587 2740 5223 3476 31471 18345 6424 5348 2737 5634
is_linear=0
shrinkage=0.05


Tree=179
num_leaves=31
num_cat=0
split_feature=8 15 3 6 10 0 12 1 13 14 15 16 2 10 2 10 12 10 13 0 13 14 15 2 1 16 8 3 3 12
split_gain=6.75171 19.7151 21.7551 21.2369 20.537 16.3927 15.22 13.6628 12.2678 11.9062 17.7057 13.5859 10.8234 10.8173 10.4426 10.6509 9.93641 9.41513 9.11747 9.01736 19.701 20.1474 18.5706 14.9264 16.0962 14.392 16.4779 15.2619 24.4682 13.6087
threshold=1.5802469212633652 53.925000000000004 2.5000000000000004 1.102381515924552 2.6999999999999997 1.5000000000000002 0.68125000000000013 12.500000000000002 5.7825000000000015 18.962500000000002 20.491000000000003 4.2537250000000011 4.5000000000000009 -0.89999999999999969 4.5000000000000009 -6.6321428571428553 0.043750000000000004 -9.1607142857142829 83.396000000000015 2.5000000000000004 133.35400000000001 44.741000000000007 71.75500000000001 1.0000000180025095e-35 4.5000000000000009 1.3007500000000003 0.89969401011541816 8.5000000000000018 9.5000000000000018 1.1762500000000002
decision_type=2 2 2 2 2 2 2 2 8 2 2 2 2 2 2 2 2 2 10 2 8 2 2 2 2 2 2 2 2 2
left_child=19 3 7 6 -4 -5 8 12 -2 10 -7 -12 13 -3 15 -10 -14 -16 -11 -1 23 25 29 24 -21 -22 27 -27 -29 -23
right_child=1 2 4 5 -6 9 -8 -9 14 18 11 -13 16 -15 17 -17 -18 -19 -20 20 21 22 -24 -25 -26 26 -28 28 -30 -31
leaf_value=-0.0036233834333563642 0.017835374974078146 0.80057847681681271 -0.29966682630974567 0.027875754775177231 0.0094482181966751184 -0.0029521376654678593 0.0965455009214405 -0.10961343485057924 0.94094212497971985 0.036828441726259875 0.13512749173629629 -0.22677693042181338 -0.99170069738303934 0.0063546537634003647 0.25485547930293939 -0.10014736398636477 0.16512166608288847 -0.25540370631938886 -0.46558295862513255 -0.15207765959637765 -0.055751595162299543 -0.065369594749507431 0.14262956326589596 -0.031230405014476048 0.28019658731781899 0.70995808663168258 0.11171478649069791 -0.39110952705634849 0.55247841745249915 -0.75389248494099237
leaf_weight=203610 421 182 1232 2688 468 686 222 524 62 1942 48 308 40 98 43 1137 34 435 190 998 940 9494 13353 25062 3595 1881 10965 334 818 430
leaf_count=203610 421 182 1232 2688 468 686 222 524 62 1942 48 308 40 98 43 1137 34 435 190 998 940 9494 13353 25062 3595 1881 10965 334 818 430
internal_value=-4.0214e-05 -0.00126859 -0.00508146 -6.72207e-05 -0.00838235 0.00153531 -0.00411638 0.00130979 -0.00543375 -0.000897921 -0.00527831 -0.0143258 0.00889831 0.0133929 -0.00734943 -0.00485822 -0.00810811 -0.0135983 0.00124296 8.47208e-06 0.000507588 0.00125801 0.000338317 -0.00045945 0.0021609 0.00269112 0.0030933 0.00635509 0.00182292 -0.00129988
internal_weight=282240 10760 2578 8182 1700 5862 2320 878 2098 3174 1042 356 354 280 1677 1199 74 478 2132 271480 67870 38215 23277 29655 4593 14938 13998 3033 1152 9924
internal_count=282240 10760 2578 8182 1700 5862 2320 878 2098 3174 1042 356 354 280 1677 1199 74 478 2132 271480 67870 38215 23277 29655 4593 14938 13998 3033 1152 9924
is_linear=0
shrinkage=0.05


end of trees

feature_importances:
price_lag_24h=789
month=723
shrunk_level=534
price_lag_168h=511
price_lag_336h=444
wind_south=408
wind_north=406
dow=397
temp_anomaly=269
zone_idx=233
hour=212
wind_local=189
is_holiday_se=144
solar_local=114
is_weekend=23
horizon_h=4

parameters:
[boosting: gbdt]
[objective: quantile]
[metric: quantile]
[tree_learner: serial]
[device_type: cpu]
[data_sample_strategy: bagging]
[data: ]
[valid: ]
[num_iterations: 180]
[learning_rate: 0.05]
[num_leaves: 31]
[num_threads: 0]
[seed: 42]
[deterministic: 0]
[force_col_wise: 0]
[force_row_wise: 0]
[histogram_pool_size: -1]
[max_depth: -1]
[min_data_in_leaf: 30]
[min_sum_hessian_in_leaf: 0.001]
[bagging_fraction: 0.85]
[pos_bagging_fraction: 1]
[neg_bagging_fraction: 1]
[bagging_freq: 0]
[bagging_seed: 400]
[bagging_by_query: 0]
[feature_fraction: 0.85]
[feature_fraction_bynode: 1]
[feature_fraction_seed: 30056]
[extra_trees: 0]
[extra_seed: 12879]
[early_stopping_round: 0]
[early_stopping_min_delta: 0]
[first_metric_only: 0]
[max_delta_step: 0]
[lambda_l1: 0]
[lambda_l2: 0]
[linear_lambda: 0]
[min_gain_to_split: 0]
[drop_rate: 0.1]
[max_drop: 50]
[skip_drop: 0.5]
[xgboost_dart_mode: 0]
[uniform_drop: 0]
[drop_seed: 17869]
[top_rate: 0.2]
[other_rate: 0.1]
[min_data_per_group: 100]
[max_cat_threshold: 32]
[cat_l2: 10]
[cat_smooth: 10]
[max_cat_to_onehot: 4]
[top_k: 20]
[monotone_constraints: ]
[monotone_constraints_method: basic]
[monotone_penalty: 0]
[feature_contri: ]
[forcedsplits_filename: ]
[refit_decay_rate: 0.9]
[cegb_tradeoff: 1]
[cegb_penalty_split: 0]
[cegb_penalty_feature_lazy: ]
[cegb_penalty_feature_coupled: ]
[path_smooth: 0]
[interaction_constraints: ]
[verbosity: -1]
[saved_feature_importance_type: 0]
[use_quantized_grad: 0]
[num_grad_quant_bins: 4]
[quant_train_renew_leaf: 0]
[stochastic_rounding: 1]
[linear_tree: 0]
[max_bin: 255]
[max_bin_by_feature: ]
[min_data_in_bin: 3]
[bin_construct_sample_cnt: 200000]
[data_random_seed: 175]
[is_enable_sparse: 1]
[enable_bundle: 1]
[use_missing: 1]
[zero_as_missing: 0]
[feature_pre_filter: 1]
[pre_partition: 0]
[two_round: 0]
[header: 0]
[label_column: ]
[weight_column: ]
[group_column: ]
[ignore_column: ]
[categorical_feature: ]
[forcedbins_filename: ]
[precise_float_parser: 0]
[parser_config_file: ]
[objective_seed: 16083]
[num_class: 1]
[is_unbalance: 0]
[scale_pos_weight: 1]
[sigmoid: 1]
[boost_from_average: 1]
[reg_sqrt: 0]
[alpha: 0.5]
[fair_c: 1]
[poisson_max_delta_step: 0.7]
[tweedie_variance_power: 1.5]
[lambdarank_truncation_level: 30]
[lambdarank_norm: 1]
[label_gain: ]
[lambdarank_position_bias_regularization: 0]
[eval_at: ]
[multi_error_top_k: 1]
[auc_mu_weights: ]
[num_machines: 1]
[local_listen_port: 12400]
[time_out: 120]
[machine_list_filename: ]
[machines: ]
[gpu_platform_id: -1]
[gpu_device_id: -1]
[gpu_device_id_list: ]
[gpu_use_dp: 0]
[num_gpu: 1]

end of parameters

pandas_categorical:[]
