tree
version=v4
num_class=1
num_tree_per_iteration=1
label_index=0
max_feature_idx=16
objective=quantile
feature_names=zone_idx hour dow month is_weekend is_holiday_se wind_local wind_north wind_south temp_local temp_anomaly hdd solar_local price_lag_24h price_lag_168h price_lag_336h shrunk_level
feature_infos=[0:3] [0:23] [0:6] [1:12] [0:1] [0:1] [0.40000000000000002:2.5] [0.40000000000000002:2.5] [0.40000000000000008:2.5] none [-21.657142857142858:17.271428571428572] none [0:2] [-74.109999999999999:737.803] [-74.109999999999999:707.51999999999998] [-74.109999999999999:707.51999999999998] [-50.379999999999995:612.58199999999988]
tree_sizes=2857 2984 3000 2997 2995 2973 3004 2997 2998 2989 2994 2996 3016 2995 3022 3006 3024 3009 3020 3008 3004 3023 3007 3016 3016 2995 3015 3019 3008 3013 3008 3024 3025 3034 3033 3031 3033 3047 3019 3008 3048 2999 3026 3043 3031 3032 3051 3020 3020 3050 3032 3040 3046 3023 3052 3050 3030 3033 3038 3030 3020 3023 3043 3056 3029 3047 3002 3055 3058 3039 3000 3017 3008 3001 3008 2986 3040 3033 3019 3050 3030 3039 2991 3030 3004 3015 2978 3030 3025 3030 3015 3021 3038 3025 2973 3047 2947 2997 3025 2982 3041 3035 2973 3015 3024 3013 3000 3019 2998 2957 2895 3051 2999 2964 2899 2981 2957 2935 3024 2878 2941 2948 3010 2954 2975 2966 2972 3019 3049 3006 2986 3023 3016 2950 2982 2970 2922 2927 2920 2914 2984 2990 2962 2877 2877 2920 2966 2890 2978 2948 2904 2898 2901 2890 2983 2927 2948 2901 2984 2990

Tree=0
num_leaves=31
num_cat=0
split_feature=16 13 13 13 6 13 16 16 3 0 6 15 3 6 6 13 16 8 6 3 2 8 3 3 6 3 6 0 8 3
split_gain=13987.9 3007.41 2973.34 1152.94 724.742 659.981 501.637 457.038 488.895 297.142 262.537 251.739 198.715 212.235 184.267 179.958 177.32 136.574 131.506 130.124 129.423 126.726 125.869 123.078 121.482 112.183 110.471 110.414 110.284 125.996
threshold=29.041775000000001 30.297500000000003 34.534000000000006 53.004000000000012 1.2308515509092923 21.771500000000003 41.516500000000001 8.2980500000000017 6.5000000000000009 1.5000000000000002 1.0202306349219212 96.055000000000021 9.5000000000000018 1.0008124909445437 1.1505216241342457 20.303500000000003 87.352250000000012 0.99580773328490058 0.82635109199009482 4.5000000000000009 1.0000000180025095e-35 0.98021302207624628 4.5000000000000009 4.5000000000000009 1.4583881390427926 10.500000000000002 0.99754240848090603 1.5000000000000002 0.9707590523237376 5.5000000000000009
decision_type=2 8 10 10 2 8 2 2 2 2 2 2 2 2 2 10 2 2 2 2 2 2 2 2 2 2 2 2 2 2
left_child=2 15 5 4 6 -1 19 -7 10 -6 22 17 18 -14 -4 20 -11 27 -10 -3 -2 -21 26 -19 -5 -25 -9 -8 -24 -30
right_child=1 3 14 24 9 7 11 8 12 16 -12 -13 13 -15 -16 -17 -18 23 -20 21 -22 -23 28 25 -26 -27 -28 -29 29 -31
leaf_value=30.339999647140502 31.710399627685547 32.565999641418458 33.122799568176269 35.271399421691896 30.381699628829956 30.384399633407593 32.716599540710448 31.903809642791749 31.344099597930906 31.664799613952638 30.496899662017821 35.571999549865723 31.726599655151368 30.324999647140501 31.306899604797362 31.852809677124025 33.531999664306639 32.952399559020996 31.017399673461913 32.693199577331541 30.758199634552003 31.785999641418456 32.997549705505371 32.294799613952634 33.009249687194824 33.762999687194821 33.165999641418459 34.570599632263182 30.293199634552003 31.920999641418458
leaf_weight=39646 3768 7842 12584 37201 2647 29302 2223 3080 2948 5490 3637 18837 6846 2971 1909 7582 2812 18905 12985 2717 10907 8705 1028 11023 2060 5653 3026 7742 2007 2429
leaf_count=39646 3768 7842 12584 37201 2647 29302 2223 3080 2948 5490 3637 18837 6846 2971 1909 7582 2812 18905 12985 2717 10907 8705 1028 11023 2060 5653 3026 7742 2007 2429
internal_value=31.9 31.912 31.885 31.9154 31.9118 31.8816 31.9137 31.8851 31.8892 31.8973 31.8977 31.9162 31.8842 31.8909 31.9105 31.8915 31.9028 31.9138 31.88 31.9052 31.8877 31.9011 31.9022 31.9121 31.924 31.9083 31.9081 31.92 31.8955 31.8914
internal_weight=280512 156114 124398 133857 94596 109905 83647 70259 40957 10949 15207 64383 25750 9817 14493 22257 8302 45546 15933 19264 14675 11422 11570 35581 39261 16676 6106 9965 5464 4436
internal_count=280512 156114 124398 133857 94596 109905 83647 70259 40957 10949 15207 64383 25750 9817 14493 22257 8302 45546 15933 19264 14675 11422 11570 35581 39261 16676 6106 9965 5464 4436
is_linear=0
shrinkage=1


Tree=1
num_leaves=31
num_cat=0
split_feature=16 13 13 13 6 13 16 16 3 13 7 3 8 0 3 6 16 6 7 2 3 7 6 0 3 7 3 16 8 6
split_gain=13038.2 2915.02 2603.84 1062.78 737.713 589.707 547.555 393.936 423.24 324.104 262.21 249.513 192.87 188.431 181.112 182.562 157.597 149.588 144.993 125.862 124.074 120.132 119.984 116.633 111.499 112.751 112.773 110.654 108.025 104.764
threshold=27.502125000000003 36.684000000000005 35.741000000000007 57.422500000000007 1.4094336120444979 23.811000000000003 57.355750000000008 8.2980500000000017 6.5000000000000009 20.303500000000003 1.0000317254658451 4.5000000000000009 0.98021302207624628 1.5000000000000002 9.5000000000000018 1.0008124909445437 6.6267500000000004 0.9830476771683625 0.8250264073643564 1.0000000180025095e-35 2.5000000000000004 1.0360042597932013 0.82635109199009482 1.5000000000000002 4.5000000000000009 0.89517760492692877 5.5000000000000009 113.438 1.2803050910950524 1.4583881390427926
decision_type=2 8 10 10 2 8 2 2 2 10 2 2 2 2 2 2 2 2 2 2 2 2 2 2 2 2 2 2 2 2
left_child=2 9 5 4 6 -1 11 18 10 19 24 21 -13 -6 22 -16 -4 -8 -7 -2 -15 -3 -10 -12 -9 -26 -27 -19 -14 -5
right_child=1 3 16 29 13 7 17 8 14 -11 23 12 28 20 15 -17 -18 27 -20 -21 -22 -23 -24 -25 25 26 -28 -29 -30 -31
leaf_value=-1.4555999834060667 -0.21422401428222657 0.90504011306762688 -0.17884796218872068 3.3219360969543454 -1.525601982307434 -0.88646399860382075 3.3313801002502439 0.71244007644653307 -0.56064597587585441 0.023831419372558497 -1.5068339859008788 0.93580808029174811 0.066912014007568521 1.7718000366210938 -0.16299596557617191 -1.4924999902725218 1.3234320442199707 1.2034559257507325 -1.5236639917373658 -1.0794119991302491 -0.46258798141479501 -0.15902397079467775 -0.85964394836425773 -0.30022860145568853 1.3337879505157468 -1.5253919849395752 0.0086399391174315811 4.5045299720764156 -1.014887969970703 1.1598450279235839
leaf_weight=40253 3952 16440 3075 35481 1850 6553 12333 5235 2740 13650 2209 5429 14603 1233 6225 2781 10011 25415 22420 11501 4052 1739 11883 1521 1035 1783 2268 9698 1179 1965
leaf_count=40253 3952 16440 3075 35481 1850 6553 12333 5235 2740 13650 2209 5429 14603 1233 6225 2781 10011 25415 22420 11501 4052 1739 11883 1521 1035 1783 2268 9698 1179 1965
internal_value=-0.000264588 0.0109194 -0.015226 0.0147244 0.0113183 -0.0183183 0.0128421 -0.0148553 -0.0108105 -0.00626224 -0.00256423 0.0076131 0.00319221 -0.00722775 -0.0157142 -0.00902065 0.0100367 0.0171833 -0.0201156 -0.0122132 -0.00145885 0.0127713 -0.0198366 -0.0161984 0.00236314 -0.00396382 -0.00847939 0.0151867 -0.000163477 0.0232719
internal_weight=280512 160520 119992 131417 93971 106906 86836 66653 37680 29103 14051 39390 21211 7135 23629 9006 13086 47446 28973 15453 5285 18179 14623 3730 10321 5086 4051 35113 15782 37446
internal_count=280512 160520 119992 131417 93971 106906 86836 66653 37680 29103 14051 39390 21211 7135 23629 9006 13086 47446 28973 15453 5285 18179 14623 3730 10321 5086 4051 35113 15782 37446
is_linear=0
shrinkage=0.06


Tree=2
num_leaves=31
num_cat=0
split_feature=14 13 13 13 15 15 6 13 13 6 7 13 3 6 13 3 14 7 0 8 0 6 13 2 3 7 8 2 0 8
split_gain=10886 2796.2 2587.52 1074.72 800.016 797.629 557.924 315.71 304.079 290.361 234.938 209.374 208.877 203.195 179.719 170.68 186.671 159.316 146.984 139.405 134.971 132.07 117.268 114.171 111.822 110.051 105.216 103.533 101.525 100.65
threshold=25.312500000000004 36.684000000000005 31.975000000000005 58.254000000000012 49.672500000000007 38.083500000000008 1.1839061703319149 20.303500000000003 10.914000000000001 1.13442862084841 0.8250264073643564 23.432500000000001 2.5000000000000004 0.97683979056031789 49.82500000000001 4.5000000000000009 56.035000000000004 1.0575020862977389 1.5000000000000002 1.009049387778477 1.5000000000000002 1.4094336120444979 94.197500000000005 1.0000000180025095e-35 4.5000000000000009 1.0047109541725143 0.69828476550107899 4.5000000000000009 1.5000000000000002 0.97659472042006568
decision_type=2 8 10 10 2 2 2 10 8 2 2 8 2 2 10 2 2 2 2 2 2 2 10 2 2 2 2 2 2 2
left_child=2 7 5 4 6 8 15 21 -1 11 27 -7 25 -6 -4 -3 26 -15 -14 -16 -8 23 -5 -2 -13 -12 -17 -10 -27 -26
right_child=1 3 14 22 13 9 20 -9 10 -11 12 24 18 17 19 16 -18 -19 -20 -21 -22 -23 -24 -25 29 28 -28 -29 -30 -31
leaf_value=-1.4888639695243835 -0.056170568847656241 0.80895362882995592 -0.0098905112571715751 1.8285998505706784 3.0102577776947022 -0.81386399813461296 -1.4207518639068601 0.0020015250549315056 -0.50107318620872499 -1.4342639786796569 1.0189594038619993 0.84609358946228008 -1.2636441270561218 1.4731046218414308 1.8500260300140381 0.71960950849914551 1.4287212581634523 0.26495658412170425 -0.87306467425346368 -0.072073960830688427 -0.38012999497604366 -1.5665272621307373 4.5321997040863033 -0.82492723981475846 1.0248162174568178 -1.3368441430778504 -0.14462442247009277 -0.87822558465385447 0.74815597136306755 -0.27226529315185538
leaf_weight=24232 3464 16455 5264 16943 11377 3956 2494 13541 7458 3960 1448 3731 29726 33100 8352 1616 9311 4373 15266 1997 3869 2519 19201 10230 2200 1751 11337 4502 579 6260
leaf_count=24232 3464 16455 5264 16943 11377 3956 2494 13541 7458 3960 1448 3731 29726 33100 8352 1616 9311 4373 15266 1997 3869 2519 19201 10230 2200 1751 11337 4502 579 6260
internal_value=-0.000424795 0.00984596 -0.0140273 0.0136416 0.0102585 -0.017414 0.00449448 -0.00674733 -0.0199572 -0.00666783 -0.0176898 -0.00309717 -0.0195378 0.0155779 0.00876385 0.00720034 0.0037756 0.0134457 -0.0206757 0.0133549 -0.0119708 -0.0123956 0.0224336 -0.010073 0.000794849 -0.00598729 -0.000882421 -0.0101538 -0.0140601 -0.00302128
internal_weight=280512 159830 120682 130076 93932 105069 45082 29754 84962 20107 60730 16147 48770 48850 15613 38719 22264 37473 44992 10349 6363 16213 36144 13694 12191 3778 12953 11960 2330 8460
internal_count=280512 159830 120682 130076 93932 105069 45082 29754 84962 20107 60730 16147 48770 48850 15613 38719 22264 37473 44992 10349 6363 16213 36144 13694 12191 3778 12953 11960 2330 8460
is_linear=0
shrinkage=0.06


Tree=3
num_leaves=31
num_cat=0
split_feature=16 13 13 13 16 8 13 7 3 13 3 16 3 0 7 13 3 13 16 7 2 2 8 7 3 2 8 3 8 0
split_gain=11370.3 2558.34 2048.13 1082.02 704.639 560.341 485.515 322.728 364.358 297.551 251.456 228.53 227.526 219.896 189.178 142.73 139.292 127.197 124.815 122.774 124.641 116.583 111.446 109.773 109.209 108.361 103.034 114.367 98.6637 94.0801
threshold=25.674000000000003 37.721500000000006 31.055000000000003 58.254000000000012 82.613000000000014 1.2210989933635656 20.977500000000003 1.0000317254658451 4.5000000000000009 20.646500000000003 10.500000000000002 37.943250000000006 1.5000000000000002 1.5000000000000002 0.99827436264285618 49.82500000000001 6.5000000000000009 94.197500000000005 6.2321250000000008 0.93702034198651984 1.5000000000000002 1.0000000180025095e-35 1.009049387778477 0.99827436264285618 4.5000000000000009 1.0000000180025095e-35 0.99580773328490058 5.5000000000000009 1.0949809965926092 2.5000000000000004
decision_type=2 8 10 10 2 2 8 2 2 10 2 2 2 2 2 10 2 10 2 2 2 2 2 2 2 2 2 2 2 2
left_child=2 9 6 4 5 11 -1 8 14 21 16 24 -7 -9 -8 -4 18 -5 -10 -13 -21 -2 -17 -6 -3 -11 -20 -28 -15 -18
right_child=1 3 15 17 23 12 7 13 10 25 -12 19 -14 28 -16 22 29 -19 26 20 -22 -23 -24 -25 -26 -27 27 -29 -30 -31
leaf_value=-1.3176453413559721 -0.19713210503150924 0.61740037869049069 -0.061784980777816897 1.7234243400393678 3.6525657333096313 1.8362646733023833 -0.56321171029460915 -1.4236254977433014 -1.3846117423380662 0.65828135115417463 -0.079280344984130974 1.66060579150177 -1.0362515692145917 -0.16824166971187599 1.0461279924050904 1.6358672810623169 -0.87144670274894709 4.2621052059567264 1.152830749280777 1.0677113524758912 0.47201891075408953 -0.95033160313705456 -0.18147704507720958 2.3033184269284059 -0.055738769759216419 -0.079718603069458202 -1.4360498153588106 0.030240277368850526 -1.49055437907217 -0.63147029464811333
leaf_weight=37171 4263 6676 5255 17695 8387 1228 5062 12757 3471 2599 4860 7065 5988 2484 2389 6736 20456 19994 973 10720 24521 12470 1800 20651 11505 12294 1919 2343 2710 4070
leaf_count=37171 4263 6676 5255 17695 8387 1228 5062 12757 3471 2599 4860 7065 5988 2484 2389 6736 20456 19994 973 10720 24521 12470 1800 20651 11505 12294 1919 2343 2710 4070
internal_value=-0.000627995 0.00940092 -0.0151782 0.0130132 0.0096533 0.00629972 -0.018149 -0.0149608 -0.0122752 -0.00595333 -0.0146487 0.00818506 -0.00950388 -0.0217743 -0.000140921 0.00650642 -0.016513 0.0216373 -0.00999311 0.0106028 0.00915553 -0.0114439 0.0112957 0.0174723 0.00255927 0.000215538 -0.00414327 -0.00816518 -0.011367 -0.0188274
internal_weight=280512 166056 114456 134430 96741 67703 100665 63494 45543 31626 38092 60487 7216 17951 7451 13791 33232 37689 8706 42306 35241 16733 8536 29038 18181 14893 5235 4262 5194 24526
internal_count=280512 166056 114456 134430 96741 67703 100665 63494 45543 31626 38092 60487 7216 17951 7451 13791 33232 37689 8706 42306 35241 16733 8536 29038 18181 14893 5235 4262 5194 24526
is_linear=0
shrinkage=0.06


Tree=4
num_leaves=31
num_cat=0
split_feature=16 13 13 13 16 6 13 6 3 3 8 3 6 16 6 13 2 6 2 15 3 0 0 8 13 0 7 13 14 7
split_gain=10634.3 2378.31 1896.4 1179.54 694.321 629.237 472.431 321.748 294.297 254.386 291.988 233.414 190.347 182.268 157.229 137.886 134.98 134.325 128.072 124.246 120.807 120.483 113.894 108.453 99.6132 97.0945 96.8192 95.9097 95.2732 92.7973
threshold=25.321250000000003 28.951500000000003 30.297500000000003 57.422500000000007 83.535499999999999 1.3056199373392212 13.905000000000003 1.172802589950259 4.5000000000000009 4.5000000000000009 0.98021302207624628 10.500000000000002 1.3814312874136827 10.610750000000001 1.1788083778716205 52.322500000000012 4.5000000000000009 0.98739851026681891 1.0000000180025095e-35 97.075000000000003 6.5000000000000009 1.5000000000000002 1.5000000000000002 1.0000797180590746 7.7125000000000012 2.5000000000000004 1.0000317254658451 101.90150000000001 11.041500000000001 1.1367305791287396
decision_type=2 8 10 10 2 2 8 2 2 2 2 2 2 2 2 10 2 2 2 2 2 2 2 2 10 2 2 10 2 2
left_child=2 12 6 4 5 9 -1 8 13 -3 22 16 18 -8 27 -4 20 -6 -2 -12 28 -7 -11 -13 -20 -22 -17 -5 -10 -19
right_child=1 3 15 14 17 21 7 -9 11 10 19 23 -14 -15 -16 26 -18 29 24 -21 25 -23 -24 -25 -26 -27 -28 -29 -30 -31
leaf_value=-1.2934734223156537 0.18331849174103843 0.73655362008832415 -0.043686506416163909 1.8290782526497011 3.5512033061538575 -1.3678418735913207 -0.93623276994862292 -1.3396938098964044 -0.99318661171934031 0.15008135038690809 -0.042075760787768458 0.02901787048668357 -1.3892357323890474 0.3623604044135193 1.3187784174446229 1.5822328101143552 -0.97634881151356434 2.3711180268382144 -1.1366117252593781 0.73412264657697124 -0.7043934833099168 -0.46161963560823321 1.3985762479334838 -0.8996762363689681 -0.24261169092710275 -0.37417199001211515 -0.21970682943129305 4.7117068302771781 0.15367874582724353 0.25171173717573864
leaf_weight=30237 4718 31067 6052 18914 7522 2181 4821 13669 4635 2473 24598 4544 3253 4571 4330 6260 14690 19851 5328 3325 16366 4896 6814 1686 10423 2683 1561 15022 1593 2429
leaf_count=30237 4718 31067 6052 18914 7522 2181 4821 13669 4635 2473 24598 4544 3253 4571 4330 6260 14690 19851 5328 3325 16366 4896 6814 1686 10423 2683 1561 15022 1593 2429
internal_value=-0.000738792 0.0088824 -0.0149238 0.0117932 0.00851078 0.0054447 -0.0178215 -0.0150897 -0.0130618 0.00720989 0.00386348 -0.0150302 -0.00871596 -0.00337947 0.0208133 0.00585814 -0.016714 0.0162633 -0.00657335 0.000798267 -0.0140559 -0.0115854 0.0130796 -0.00422793 -0.00917085 -0.0164276 0.0111201 0.0221871 -0.00680154 0.0139228
internal_weight=280512 167144 113368 143422 105156 75354 99495 69258 55589 68277 37210 46197 23722 9392 38266 13873 39967 29802 20469 27923 25277 7077 9287 6230 15751 19049 7821 33936 6228 22280
internal_count=280512 167144 113368 143422 105156 75354 99495 69258 55589 68277 37210 46197 23722 9392 38266 13873 39967 29802 20469 27923 25277 7077 9287 6230 15751 19049 7821 33936 6228 22280
is_linear=0
shrinkage=0.06


Tree=5
num_leaves=31
num_cat=0
split_feature=16 16 8 7 15 0 3 7 7 3 3 3 7 7 16 3 15 0 10 10 8 7 7 3 2 2 3 14 8 8
split_gain=9935.99 1537.23 867.921 613.144 557.913 373.992 364.414 422.533 297.925 296.852 272.748 338.117 324.159 249.168 246.31 201.66 295.022 194.698 187.08 161.615 144.144 138.554 135.052 134.885 125.755 122.424 116.403 218.59 114.391 112.065
threshold=23.922174999999999 70.139350000000007 1.15048803704799 1.0047109541725143 30.981000000000005 1.5000000000000002 4.5000000000000009 0.94690212221826886 0.95947785065862645 2.5000000000000004 4.5000000000000009 10.500000000000002 0.99827436264285618 1.2202570101630845 115.38075000000001 9.5000000000000018 39.975000000000001 1.5000000000000002 1.3071428571428598 2.5571428571428587 1.0949809965926092 0.62935197855491698 0.64735137188752534 4.5000000000000009 4.5000000000000009 2.5000000000000004 6.5000000000000009 10.322500000000002 1.009049387778477 1.3445806328081926
decision_type=2 2 2 2 2 2 2 2 2 2 2 2 2 2 2 2 2 2 2 2 2 2 2 2 2 2 2 2 2 2
left_child=3 2 6 4 10 -5 13 -8 -3 19 12 22 24 25 18 16 -9 -15 -10 -4 -7 -6 -12 -23 -1 -2 27 -24 -13 -11
right_child=1 8 9 5 21 20 7 15 14 29 11 28 -14 17 -16 -17 -18 -19 -20 -21 -22 23 26 -25 -26 -27 -28 -29 -30 -31
leaf_value=-0.34844504605765186 1.0611114256997971 3.1124559743182401 2.3850546527655916 -1.2772166818549653 1.3274838356680598 -0.22871113198771204 1.0936085592996621 -0.40139507221226028 1.3119960965139319 -0.57496858255803029 -0.54300869924902762 0.34282790757736792 1.4240468038189045 -1.3442764750968754 3.8492741032812408 0.42534497390742959 0.15292853701227208 0.50340746721775187 -0.3998970530525206 -0.85239936187682652 -1.3573692088466363 0.40974676001901839 -1.2574044376187368 -0.33381473763327391 -1.144765020409942 0.52470198600742657 -0.96876028540176728 0.064205135977084923 -0.71709947146063269 -1.2589183567496032
leaf_weight=4496 14732 18686 1770 23388 2032 4192 9968 14660 28694 4736 6482 3724 1448 1056 18514 13832 11714 1702 3034 776 4568 3682 7726 10284 2512 21462 30610 2502 1358 6172
leaf_count=4496 14732 18686 1770 23388 2032 4192 9968 14660 28694 4736 6482 3724 1448 1056 18514 13832 11714 1702 3034 776 4568 3682 7726 10284 2512 21462 30610 2502 1358 6172
internal_value=-0.000835472 0.00816697 0.00351063 -0.015 -0.0120896 -0.0219578 0.00565492 0.00227448 0.0150966 -0.0106942 -0.0147106 -0.0163242 -0.00471145 0.0100092 0.012691 -0.000467094 -0.0035444 -0.00737491 0.00948185 0.00775334 -0.0113836 -0.00211901 -0.0179036 -0.00424889 -0.0100514 0.0113339 -0.0191807 -0.013639 -0.00161747 -0.015
internal_weight=280512 171508 102580 109004 76856 32148 89126 50174 68928 13454 60858 52402 8456 38952 50242 40206 26374 2758 31728 2546 8760 15998 47320 13966 7008 36194 40838 10228 5082 10908
internal_count=280512 171508 102580 109004 76856 32148 89126 50174 68928 13454 60858 52402 8456 38952 50242 40206 26374 2758 31728 2546 8760 15998 47320 13966 7008 36194 40838 10228 5082 10908
is_linear=0
shrinkage=0.06


Tree=6
num_leaves=31
num_cat=0
split_feature=16 13 13 13 6 16 13 6 15 13 16 2 0 3 3 16 6 3 6 15 2 8 3 2 6 3 2 3 8 3
split_gain=9214.35 2306.85 1674.99 1099.6 664.948 478.164 433.644 291.387 272.199 255.622 216.028 157.961 155.103 154.434 250.548 152.604 150.263 142.22 133.971 125.296 119.433 124.34 122.36 112.815 107.496 105.407 103.847 90.3698 87.0785 84.3432
threshold=23.922174999999999 38.182500000000012 26.265000000000004 63.215000000000011 1.4094336120444979 41.062325000000008 9.4025000000000016 1.1839061703319149 33.195000000000007 20.303500000000003 98.11375000000001 4.5000000000000009 1.5000000000000002 6.5000000000000009 9.5000000000000018 9.261750000000001 1.2308515509092923 4.5000000000000009 1.4094336120444979 55.795000000000009 1.5000000000000002 0.99227413995177616 9.5000000000000018 1.0000000180025095e-35 1.0008124909445437 2.5000000000000004 1.0000000180025095e-35 2.5000000000000004 0.84760418004241844 1.5000000000000002
decision_type=2 8 10 10 2 2 8 2 2 10 2 2 2 2 2 2 2 2 2 2 2 2 2 2 2 2 2 2 2 2
left_child=2 9 6 4 5 17 -1 8 13 18 19 24 -6 15 -15 -8 -5 -3 23 -7 -21 -22 -23 -2 -4 -14 -11 -13 -19 -9
right_child=1 3 11 16 12 10 7 29 -10 26 -12 27 25 14 -16 -17 -18 28 -20 20 21 22 -24 -25 -26 -27 -28 -29 -30 -31
leaf_value=-1.1895393981359947 -0.027887813586632931 0.56634257350468953 0.89495373953891544 2.7423497403871298 -1.2652238229427384 0.54241984853643399 -1.0594089917983198 -0.7803411115555362 -0.19369544312652007 0.52187638008685144 3.2268172830674264 1.4271956362029146 1.2752246536459626 -0.74678337770720571 -0.65328542620269014 -0.15399497450886315 1.1703283411606811 0.65521272218753734 -1.2911466576839874 1.4860816109421413 1.7874234787346122 0.70924641391941801 -0.15840269701377438 -0.69579983494802466 -0.29198983275587481 -0.59827112700210416 -0.12095700248921716 -0.30285330670390476 -0.12908083192669534 -1.2057826582912237
leaf_weight=24975 3856 9968 7199 31661 2153 25264 9153 1263 10224 2810 18554 640 1277 20396 10310 5308 3507 2821 2650 8294 4072 9815 2337 11080 1919 4328 13441 5215 13620 12402
leaf_count=24975 3856 9968 7199 31661 2153 25264 9153 1263 10224 2810 18554 640 1277 20396 10310 5308 3507 2821 2650 8294 4072 9815 2337 11080 1919 4328 13441 5215 13620 12402
internal_value=-0.000961028 0.00770833 -0.0146015 0.0111581 0.00801723 0.00940007 -0.0175694 -0.015119 -0.0131832 -0.00632769 0.0120499 0.00403727 -0.00887084 -0.0151843 -0.017592 -0.0100719 0.0203128 0.00254345 -0.0113408 0.00999036 0.0130459 0.0100518 0.00701119 -0.00913498 0.00897565 -0.00361285 -0.000902714 -0.00365329 -0.000884983 -0.022966
internal_weight=280512 171508 109004 137671 102503 94745 94031 69056 55391 33837 68336 14973 7758 45167 30706 14461 35168 26409 17586 49782 24518 16224 12152 14936 9118 5605 16251 5855 16441 13665
internal_count=280512 171508 109004 137671 102503 94745 94031 69056 55391 33837 68336 14973 7758 45167 30706 14461 35168 26409 17586 49782 24518 16224 12152 14936 9118 5605 16251 5855 16441 13665
is_linear=0
shrinkage=0.06


Tree=7
num_leaves=31
num_cat=0
split_feature=16 13 13 13 6 13 16 6 3 3 13 3 8 0 6 8 4 13 6 0 14 6 8 8 3 0 8 3 16 13
split_gain=8658.75 2123.62 1570.27 1068.86 651.121 456.822 428.613 305.676 252.484 265.28 238.291 233.5 198.281 173.014 141.905 132.787 131.058 130.01 127.306 119.237 114.896 113.583 111.588 108.901 108.539 108.247 116.536 107.846 107.001 103.552
threshold=23.922174999999999 38.182500000000012 28.562500000000004 73.865000000000023 1.3814312874136827 9.4025000000000016 78.073750000000004 1.0412467399229055 4.5000000000000009 10.500000000000002 24.172500000000003 4.5000000000000009 0.98021302207624628 1.5000000000000002 1.4094336120444979 0.99227413995177616 1.0000000180025095e-35 52.322500000000012 0.99754240848090603 1.5000000000000002 195.21500000000003 1.172802589950259 1.2803050910950524 1.0000797180590746 6.5000000000000009 1.5000000000000002 0.98491328184363613 1.5000000000000002 51.020500000000006 45.955000000000005
decision_type=2 8 10 10 2 8 2 2 2 2 10 2 2 2 2 2 2 10 2 2 2 2 2 2 2 2 2 2 2 10
left_child=2 10 5 4 6 -1 11 8 18 16 14 -3 19 -6 25 -8 24 -4 -7 -13 -17 -5 29 -11 -10 -2 -27 -9 -15 -14
right_child=1 3 17 21 13 7 15 27 9 23 -12 12 22 28 -16 20 -18 -19 -20 -21 -22 -23 -24 -25 -26 26 -28 -29 -30 -31
leaf_value=-1.1181670342478349 -0.64583758770538846 0.67522567531006217 -0.064681195436067318 2.9214440318426065 -1.1868429046740923 -0.53694243151479726 3.0037031090375006 -0.65821078548529677 -0.48374877471310512 0.22312020745911232 0.0047846888505987551 -0.021384906364528434 0.020140734351598084 -0.88848888627847378 -1.2084219741932793 1.4363822705090741 -0.81544635897311302 1.1990638980307395 0.6033435432089107 1.2258421354632272 7.386193457652471 1.4869222658391197 -0.81269087380150407 -0.73579726492428754 -0.58240494530151421 0.68121217607706763 -0.48236008082753418 -1.1165738346853413 0.20769598696732303 0.80492072193935493
leaf_weight=24975 8378 31227 6512 25990 2315 5852 7747 1614 5917 4096 13405 2555 22141 2254 2896 20320 14461 7283 2485 6732 3680 3427 1885 1387 18163 2189 6969 16259 4163 3235
leaf_count=24975 8378 31227 6512 25990 2315 5852 7747 1614 5917 4096 13405 2555 22141 2254 2896 20320 14461 7283 2485 6732 3680 3427 1885 1387 18163 2189 6969 16259 4163 3235
internal_value=-0.00107482 0.0073291 -0.0142976 0.0106391 0.00788313 -0.0170388 0.00926147 -0.0145605 -0.0122479 -0.014061 -0.00613796 0.00656658 0.00331126 -0.00782639 -0.0102163 0.0150146 -0.0158177 0.00462124 -0.00267362 0.010883 0.01281 0.0207808 0.000731815 -0.00171257 -0.0131063 -0.00818431 -0.00367547 -0.0213355 -0.00275362 0.00177806
internal_weight=280512 171508 109004 137671 108254 95209 99522 70234 52361 44024 33837 67775 36548 8732 20432 31747 38541 13795 8337 9287 24000 29417 27261 5483 24080 17536 9158 17873 6417 25376
internal_count=280512 171508 109004 137671 108254 95209 99522 70234 52361 44024 33837 67775 36548 8732 20432 31747 38541 13795 8337 9287 24000 29417 27261 5483 24080 17536 9158 17873 6417 25376
is_linear=0
shrinkage=0.06


Tree=8
num_leaves=31
num_cat=0
split_feature=16 13 13 13 16 7 7 13 0 15 13 13 7 3 0 8 3 0 10 15 8 8 0 2 8 14 3 8 3 7
split_gain=8113.83 2047.82 1424.56 783.517 711.039 372.979 359.964 315.828 283.516 265.131 225.299 204.229 187.592 238.572 181.795 176.634 142.85 133.335 132.78 123.396 120.679 116.106 120.612 109.324 108.824 108.442 108.037 124.047 105.182 103.363
threshold=32.361475000000006 34.534000000000006 39.674000000000007 73.865000000000023 15.807500000000001 1.3353687777785301 0.78687149137802082 24.551500000000004 1.5000000000000002 80.465500000000006 9.4025000000000016 12.462500000000002 1.0173154496514052 4.5000000000000009 1.5000000000000002 1.009049387778477 4.5000000000000009 1.5000000000000002 1.8071428571428578 9.8425000000000029 0.99227413995177616 0.77656578619492544 1.5000000000000002 4.5000000000000009 1.1462463311784628 255.79250000000005 9.5000000000000018 0.99999968811882878 2.5000000000000004 1.0480523263384809
decision_type=2 10 8 10 2 2 2 8 2 2 8 10 2 2 2 2 2 2 2 2 2 2 2 2 2 2 2 2 2 2
left_child=1 4 11 5 6 9 19 -6 -7 18 -8 -2 13 -9 29 23 -16 -14 21 -1 -11 22 -4 -3 -10 28 27 -15 -22 -12
right_child=2 15 3 -5 7 8 10 12 24 20 14 -13 17 26 16 -17 -18 -19 -20 -21 25 -23 -24 -25 -26 -27 -28 -29 -30 -31
leaf_value=-0.72859628188736791 -0.89996295297257767 1.280602074987975 0.12677807082984344 2.6903863850926619 -0.61623560579972514 -1.2352907787404972 -1.0999766053118405 0.70189474584935008 0.80187464860273661 2.7938788805984576 -0.8131824940710628 0.00018488203369912526 -1.0542231213896478 0.28533941550349073 0.21743274047056899 -0.33636472717155924 -0.80585433659202155 -0.34497679538920117 -0.21215898144616788 -0.12939829855650445 2.0649284356879032 0.51419737302433555 1.9208173963969652 0.23326237488723434 -0.56020344067195849 10.574018563643639 0.07886501951944673 -0.35055162100824161 0.91452751464232218 -1.0770793656365281
leaf_weight=8751 9473 8685 1447 27390 12917 1588 17742 5028 3059 6510 18052 17561 3041 2355 1771 3316 12278 2869 4203 5597 6504 44836 4095 4703 2571 1891 5175 11048 15050 11006
leaf_count=8751 9473 8685 1447 27390 12917 1588 17742 5028 3059 6510 18052 17561 3041 2355 1771 3316 12278 2869 4203 5597 6504 44836 4095 4703 2571 1891 5175 11048 15050 11006
internal_value=-0.00117621 -0.011821 0.00860608 0.0114275 -0.0146126 0.0087691 -0.0181168 -0.00840266 -0.00432253 0.00988691 -0.0201326 -0.00382851 -0.00497832 -0.00258494 -0.0177904 0.00783764 -0.0121866 -0.0145381 0.00739763 -0.00956788 0.0144226 0.00825241 0.0164453 0.0109083 0.0019929 0.0124159 -0.0057229 -0.00856599 0.0112072 -0.0204997
internal_weight=280512 134334 146178 119144 117630 91754 75197 42433 7218 84536 60849 27034 29516 23606 43107 16704 14049 5910 54581 14348 29955 50378 5542 13388 5630 23445 18578 13403 21554 29058
internal_count=280512 134334 146178 119144 117630 91754 75197 42433 7218 84536 60849 27034 29516 23606 43107 16704 14049 5910 54581 14348 29955 50378 5542 13388 5630 23445 18578 13403 21554 29058
is_linear=0
shrinkage=0.06


Tree=9
num_leaves=31
num_cat=0
split_feature=16 13 13 13 16 13 7 7 8 2 7 13 3 3 0 16 2 13 16 13 0 3 2 3 2 8 13 3 8 8
split_gain=7547.67 1777.46 1385 966.157 500.98 445.674 342.944 278.028 338.269 258.233 257.711 221.637 211.19 225.573 200.615 160.515 148.274 147.985 143.555 140.379 133.287 131.292 121.234 98.8183 97.1011 92.284 87.059 78.8129 82.2135 78.2875
threshold=23.566975000000003 39.674000000000007 25.883500000000002 80.126500000000007 41.062325000000008 9.0850000000000026 1.0129078669524729 0.79122538588047575 1.2267985036249918 4.5000000000000009 1.0480523263384809 23.432500000000001 6.5000000000000009 10.500000000000002 1.5000000000000002 127.249075 1.5000000000000002 45.233500000000006 10.610750000000001 49.82500000000001 1.5000000000000002 2.5000000000000004 1.0000000180025095e-35 4.5000000000000009 1.5000000000000002 1.009049387778477 142.10500000000005 2.5000000000000004 1.0521899627939624 1.2861914839609752
decision_type=2 8 10 10 2 8 2 2 2 2 2 10 2 2 2 2 2 10 2 10 2 2 2 2 2 2 10 2 2 2
left_child=2 11 5 4 10 -1 9 -6 15 12 17 22 18 -14 -8 16 -9 23 -7 -4 -12 -10 -2 -3 -13 -21 -5 -16 -29 -22
right_child=1 3 19 26 7 6 14 8 21 -11 20 24 13 -15 27 -17 -18 -19 -20 25 29 -23 -24 -25 -26 -27 -28 28 -30 -31
leaf_value=-0.99580378067439645 -0.10071905761715634 0.46063650447997573 -0.097489506135784651 2.1287087113993834 2.0902803214372612 -0.50767847376017394 -0.99519842990453555 1.0707295579133431 0.85683212299352418 -0.67556707713920561 -1.0956385273661899 0.23200473909062075 -0.51088294888830499 0.39893019301940391 0.92130870501422624 3.553828207174933 0.50953139876887266 0.81191504013424343 0.42544904095770164 1.236056311522016 0.10993077504299421 -0.69039004383633462 -0.67758987430639372 -0.092127718339913262 -0.11399775659292188 -0.27122441678979808 5.9872316890992323 -0.32961824898979764 -1.134262173577576 -1.266231790493578
leaf_weight=24492 4963 7714 7264 18646 12680 5904 13854 16981 1562 18681 1869 5003 17477 2699 536 8492 35151 4256 4720 5973 2369 5106 15141 13773 10350 1678 7624 2104 2510 940
leaf_count=24492 4963 7714 7264 18646 12680 5904 13854 16981 1562 18681 1869 5003 17477 2699 536 8492 35151 4256 4720 5973 2369 5106 15141 13773 10350 1678 7624 2104 2510 940
internal_value=-0.00126754 0.00651338 -0.0137165 0.00960893 0.00715798 -0.0164392 -0.013955 0.00966563 0.00812994 -0.0113237 0.000672359 -0.00546154 -0.00794805 -0.0115533 -0.0208061 0.00954078 0.00829471 0.00312901 -0.00110128 0.00325645 -0.0115411 -0.00469706 -0.00960704 0.00110439 -3.32183e-05 0.00892824 0.0199551 -0.0106951 -0.013225 -0.00430644
internal_weight=280512 172620 107892 137163 110893 92977 68485 79972 67292 49481 30921 35457 30800 20176 19004 60624 52132 25743 10624 14915 5178 6668 20104 21487 15353 7651 26270 5150 4614 3309
internal_count=280512 172620 107892 137163 110893 92977 68485 79972 67292 49481 30921 35457 30800 20176 19004 60624 52132 25743 10624 14915 5178 6668 20104 21487 15353 7651 26270 5150 4614 3309
is_linear=0
shrinkage=0.06


Tree=10
num_leaves=31
num_cat=0
split_feature=16 13 13 13 15 13 7 7 16 15 13 2 7 3 3 2 3 16 14 8 10 8 8 3 3 8 3 14 7 8
split_gain=7038.66 1709.15 1215.46 1046.74 604.812 406.528 375.415 320.051 261.03 215.647 195.241 150.035 135.896 134.108 176.385 131.858 127.939 114.814 111.617 108.168 117.982 98.135 95.2372 139.484 92.1481 88.8405 85.5769 120.598 85.0893 84.2193
threshold=22.1251 54.642500000000005 23.811000000000003 26.653500000000005 80.465500000000006 9.4025000000000016 1.3279464488720423 1.0129078669524729 41.062325000000008 30.981000000000005 117.43500000000002 4.5000000000000009 0.79960739695453253 10.500000000000002 6.5000000000000009 1.0000000180025095e-35 4.5000000000000009 9.261750000000001 255.79250000000005 0.79715233006477815 1.7285714285714306 1.1462463311784628 1.1462463311784628 2.5000000000000004 2.5000000000000004 1.2210989933635656 9.5000000000000018 4.9925000000000006 0.79571113420719042 1.2370917599583884
decision_type=2 10 10 8 2 8 2 2 2 2 10 2 2 2 2 2 2 2 2 2 2 2 2 2 2 2 2 2 2 2
left_child=2 3 5 15 6 28 8 9 16 13 22 25 -6 14 17 -2 -5 -7 29 -10 -21 -17 -3 -24 -13 -4 -16 -28 -1 -14
right_child=1 10 11 4 12 7 -8 -9 19 -11 -12 24 18 -15 26 21 -18 -19 -20 20 -22 -23 23 -25 -26 -27 27 -29 -30 -31
leaf_value=-0.69603285093948997 -0.045247028014645634 1.2313835483833384 0.49422728935299054 0.26919686271734905 2.5341875878100928 -0.8571496475485707 -0.82834419361025102 -0.93022110824151838 1.4435697469366491 -0.11421388183023821 4.1823609296406357 1.1908978989885104 1.1336153683143049 -0.098658154607711657 -0.61374702042889662 -0.39382856181304349 -0.14852218821669871 0.00026099009651240121 9.7263477573945263 0.46233952569363468 -0.48932341511756378 -1.0548068698492046 2.0017236666609817 -0.47338406045267534 -0.3368915867179727 -0.51962801134023684 -0.91080463816843349 -0.0073640633673900165 -0.96707303581561077 -0.13147689983916067
leaf_weight=3898 5591 24355 8008 9645 6741 7642 6870 18104 5405 8834 12482 622 22285 3003 17426 14961 18754 3904 1874 35276 2452 3594 2043 2267 5382 1200 2882 2225 20418 2369
leaf_count=3898 5591 24355 8008 9645 6741 7642 6870 18104 5405 8834 12482 622 22285 3003 17426 14961 18754 3904 1874 35276 2452 3594 2043 2267 5382 1200 2882 2225 20418 2369
internal_value=-0.001327 0.00594324 -0.0137519 0.00269767 0.00514699 -0.0164495 0.00227061 -0.013941 0.00355729 -0.0112771 0.0166561 0.00191296 0.0119255 -0.0132841 -0.0143552 -0.00863 -0.000909539 -0.00832496 0.00999246 0.00649827 0.00536101 -0.0110639 0.0139288 0.00570766 -0.00546636 0.00672459 -0.0174451 -0.0106148 -0.023054 0.00891945
internal_weight=280512 176964 103548 135817 111671 88336 78402 64020 71532 45916 41147 15212 33269 37082 34079 24146 28399 11546 26528 43133 37728 18555 28665 4310 6004 9208 22533 5107 24316 24654
internal_count=280512 176964 103548 135817 111671 88336 78402 64020 71532 45916 41147 15212 33269 37082 34079 24146 28399 11546 26528 43133 37728 18555 28665 4310 6004 9208 22533 5107 24316 24654
is_linear=0
shrinkage=0.06


Tree=11
num_leaves=31
num_cat=0
split_feature=16 13 13 13 16 6 13 7 6 3 3 3 13 0 6 7 8 0 1 2 2 6 0 3 8 15 7 2 0 3
split_gain=6593.2 1677.58 1076.99 996.63 588.858 400.581 389.404 315.167 241.143 201.984 213.979 198.047 182.437 173.839 171.063 162.906 149.969 140.088 133.849 122.073 120.887 112.568 112.436 146.258 108.601 104.299 97.1515 98.3598 91.7368 91.5677
threshold=20.632025000000002 57.422500000000007 23.811000000000003 25.495000000000001 53.193100000000008 1.1284287348471584 6.6110000000000015 1.0129078669524729 0.99393486158824051 4.5000000000000009 10.500000000000002 4.5000000000000009 117.43500000000002 1.5000000000000002 1.473189675291432 1.1576649752631656 0.8770300146298603 1.5000000000000002 5.5000000000000009 4.5000000000000009 1.0000000180025095e-35 1.2080131269631122 1.5000000000000002 2.5000000000000004 0.99999968811882878 138.55250000000004 0.99827436264285618 3.5000000000000004 1.5000000000000002 5.5000000000000009
decision_type=2 10 10 8 2 2 8 2 2 2 2 2 10 2 2 2 2 2 2 2 2 2 2 2 2 2 2 2 2 2
left_child=2 3 6 14 5 11 -1 9 22 26 24 -5 21 -9 20 18 -13 -17 -10 -4 -2 -3 23 -6 29 -20 27 -8 -7 -11
right_child=1 12 19 4 8 28 7 13 15 10 -12 16 -14 -15 -16 17 -18 -19 25 -21 -22 -23 -24 -25 -26 -27 -28 -29 -30 -31
leaf_value=-0.90590287917739776 0.082330362990662168 1.2462539785798825 0.35265123150580791 0.38259707418807437 2.4900003922118037 -0.95466049314408086 0.070933237066814092 -0.87759930635626582 0.032680537065422614 0.6565741845207772 -0.024957799548652276 0.55016434314417995 3.9281968254253923 -0.79403594077997419 -1.0085723645964115 -1.1127645693609849 -0.1073362015021346 0.15534427404463813 0.74622534851326472 -0.25426295063811477 -0.4143883552885303 0.26133960359365188 2.1560919910899541 -0.407637843777583 -0.68224424999737021 3.1803277933785008 0.65372807822436052 -0.75844263972091064 -0.4702618580123874 -0.39145703162050566
leaf_weight=20351 5064 24184 8506 19580 1877 2852 3088 13842 7394 971 4342 5249 12561 4759 2895 1265 24065 3606 27933 5693 16409 3034 10374 2002 25945 6130 1859 2333 4862 7487
leaf_count=20351 5064 24184 8506 19580 1877 2852 3088 13842 7394 971 4342 5249 12561 4759 2895 1265 24065 3606 27933 5693 16409 3034 10374 2002 25945 6130 1859 2333 4862 7487
internal_value=-0.00138497 0.00541779 -0.0138233 0.00235856 0.00465428 0.000254381 -0.0163791 -0.0140999 0.00876562 -0.0114362 -0.0131591 0.00225917 0.0163043 -0.0206908 -0.00868188 0.00666595 -0.000861704 -0.00371382 0.00788552 0.00147264 -0.00683603 0.013544 0.0155904 0.00687548 -0.0147432 0.00947392 -0.00226648 -0.0063254 -0.0124527 -0.00883897
internal_weight=280512 181336 99176 141557 117189 56608 84977 64626 60581 46025 38745 48894 39779 18601 24368 46328 29314 4871 41457 14199 21473 27218 14253 3879 34403 34063 7280 5421 7714 8458
internal_count=280512 181336 99176 141557 117189 56608 84977 64626 60581 46025 38745 48894 39779 18601 24368 46328 29314 4871 41457 14199 21473 27218 14253 3879 34403 34063 7280 5421 7714 8458
is_linear=0
shrinkage=0.06


Tree=12
num_leaves=31
num_cat=0
split_feature=15 13 13 13 13 7 3 15 3 0 0 7 8 8 6 3 8 13 0 7 13 10 2 3 15 8 10 3 7 8
split_gain=4648.12 1806.68 1252.89 894.323 662.592 594.756 429.574 380.871 342.657 312.474 249.152 334.551 215.469 194.113 172.142 150.662 143.25 138.725 131.386 133.537 123.431 120.329 118.8 123.89 108.142 107.093 105.749 103.996 102.667 101.11
threshold=30.981000000000005 32.502500000000005 60.850000000000009 10.551500000000003 25.495000000000001 1.0173154496514052 4.5000000000000009 97.075000000000003 9.5000000000000018 1.5000000000000002 1.5000000000000002 1.0047109541725143 0.94455081846986821 0.89668603341607678 1.0412467399229055 3.5000000000000004 1.1462463311784628 91.785000000000011 1.5000000000000002 1.0360042597932013 48.552500000000002 1.3370879120879124 4.5000000000000009 8.5000000000000018 10.012500000000001 1.3445806328081926 0.67142857142857226 4.5000000000000009 0.93295961249579562 0.96195355180418562
decision_type=2 10 10 8 8 2 2 2 2 2 2 2 2 2 2 2 2 10 2 2 10 2 2 2 2 2 2 2 2 2
left_child=1 3 4 28 18 6 21 10 13 -7 11 27 -12 -8 20 -14 -11 -4 19 -2 -3 -5 23 -15 -10 -17 -26 -6 -1 -20
right_child=2 14 17 5 7 9 8 -9 24 16 12 -13 15 22 -16 25 -18 -19 29 -21 -22 -23 -24 -25 26 -27 -28 -29 -30 -31
leaf_value=-0.65779134488387847 -0.3520094527446278 0.069000781788898277 0.96578567808235505 0.35014153358877054 0.25565180929192211 -0.8546460556144917 -0.15832820834828495 1.5338683255836651 -0.45475487031221329 -0.012752231992592797 1.137495352493473 -0.87232520972266936 0.88779282727399433 -0.28084268341297769 -0.45769586842450249 0.13315971052293782 -0.99268701830016548 2.6990800831016619 0.72232431931255758 -0.87706591979193749 1.0415630474793325 -0.66454637517949788 -0.67895867304371293 -0.91019185671190184 0.50150251833326698 -0.68274175610988475 -0.50911493135014796 -0.12029268931010648 -0.88143680589381224 -0.3242367000486881
leaf_weight=6551 6488 5546 12653 11554 13537 15098 7337 26144 8024 4207 9262 2934 8960 14961 3515 17378 3432 18593 1905 2134 12172 1983 10674 3493 5941 2673 915 13190 21833 7425
leaf_count=6551 6488 5546 12653 11554 13537 15098 7337 26144 8024 4207 9262 2934 8960 14961 3515 17378 3432 18593 1905 2134 12172 1983 10674 3493 5941 2673 915 13190 21833 7425
internal_value=-0.00145577 -0.0093474 0.00610319 -0.0122927 0.00314005 -0.00929422 -0.00636787 0.00515572 -0.00887467 -0.0176448 0.00278741 -0.00134014 0.0059862 -0.0120058 0.00674375 0.00344249 -0.00775625 0.0167273 -0.00742313 -0.0127627 0.00915002 0.00314028 -0.0142028 -0.0112886 -0.00120161 0.000552092 0.00433197 0.00077113 -0.0215488 -0.00248875
internal_weight=280512 137236 143276 116003 112030 87619 64882 94078 51345 22737 67934 29661 38273 36465 21233 29011 7639 31246 17952 8622 17718 13537 29128 18454 14880 20051 6856 26727 28384 9330
internal_count=280512 137236 143276 116003 112030 87619 64882 94078 51345 22737 67934 29661 38273 36465 21233 29011 7639 31246 17952 8622 17718 13537 29128 18454 14880 20051 6856 26727 28384 9330
is_linear=0
shrinkage=0.06


Tree=13
num_leaves=31
num_cat=0
split_feature=16 13 13 13 16 7 6 13 7 16 3 0 7 13 6 0 8 3 3 8 14 2 6 2 3 8 0 8 16 3
split_gain=5771.65 1504.04 911.258 838.715 529.293 393.167 383.647 295.229 217.987 192.803 175.95 167.111 168.056 160.787 159.102 151.561 139.621 139.213 209.681 132.741 115.779 108.785 101.242 100.88 96.8156 94.0947 91.7898 84.78 82.5426 82.1365
threshold=20.007750000000005 60.052500000000002 23.811000000000003 24.172500000000003 61.968250000000012 1.1005992483145852 1.1839061703319149 6.3310000000000004 0.72852641831424136 2.32525 4.5000000000000009 1.5000000000000002 1.142152666243035 125.50250000000001 1.4094336120444979 1.5000000000000002 0.97659472042006568 6.5000000000000009 9.5000000000000018 0.8770300146298603 195.21500000000003 4.5000000000000009 1.3160927690400728 1.0000000180025095e-35 9.5000000000000018 1.314914254566715 1.5000000000000002 0.90506765664711109 10.610750000000001 2.5000000000000004
decision_type=2 10 10 8 2 2 2 8 2 2 2 2 2 10 2 2 2 2 2 2 2 2 2 2 2 2 2 2 2 2
left_child=2 3 5 14 6 7 10 -1 -6 -9 -5 12 20 22 23 -7 -12 28 -19 -13 -10 -4 27 -2 -18 -21 -8 -3 -11 -17
right_child=1 13 21 4 8 15 26 9 11 17 16 19 -14 -15 -16 29 24 18 -20 25 -22 -23 -24 -25 -26 -27 -28 -29 -30 -31
leaf_value=-0.76990513653024961 0.073950900271495743 1.8784905759705124 0.31454412873323129 0.34214107196839533 2.2469141383660092 -0.81655804199338944 -0.84093387206342263 -0.88691943208365198 0.1212966297300445 -0.50980324223692353 0.42031363511931663 2.1340152087697697 -1.0743561231662933 3.9472419040613071 -0.88845585012364869 0.96837845349842466 -0.17073607596643192 -0.46234231702899037 -0.23867200374236794 1.2220774166714172 6.0568484578558284 -0.25260414555010485 0.085806286684457042 -0.3886658340344995 0.14395293409226936 -0.13796667690399417 -0.43175478528149241 1.0019724503424379 0.060735284332016373 -0.88281818319601024
leaf_weight=13185 4826 5619 8170 26025 7260 16738 3062 7773 11342 8096 8176 4465 1229 10697 3301 460 18637 17657 8873 22622 1323 5527 2324 15412 9382 3068 5352 19434 5827 4650
leaf_count=13185 4826 5619 8170 26025 7260 16738 3062 7773 11342 8096 8176 4465 1229 10697 3301 460 18637 17657 8873 22622 1323 5527 2324 15412 9382 3068 5352 19434 5827 4650
internal_value=-0.00155095 0.00470407 -0.0133929 0.0019256 0.00392716 -0.0157522 0.000558088 -0.0132929 0.00856516 -0.0111177 0.00218419 0.00697746 0.00153304 0.0153207 -0.00844343 -0.0226648 -0.000521343 -0.00945468 -0.0120045 0.00948599 0.00358863 0.000948383 0.0128834 -0.00645123 -0.00253435 0.00782639 -0.0114666 0.0139947 -0.00459599 -0.0136204
internal_weight=280512 183556 96956 145482 121943 83259 70634 61411 51309 48226 62220 44049 13894 38074 23539 21848 36195 40453 26530 30155 12665 13697 27377 20238 28019 25690 8414 25053 13923 5110
internal_count=280512 183556 96956 145482 121943 83259 70634 61411 51309 48226 62220 44049 13894 38074 23539 21848 36195 40453 26530 30155 12665 13697 27377 20238 28019 25690 8414 25053 13923 5110
is_linear=0
shrinkage=0.06


Tree=14
num_leaves=31
num_cat=0
split_feature=16 13 13 13 16 7 6 13 7 10 2 13 6 0 15 14 0 10 13 7 0 2 0 8 2 8 8 8 10 6
split_gain=5333.06 1487.17 818.451 790.896 547.791 360.152 345.098 264.233 216.57 180.019 176.033 157.935 150.67 129.346 123.072 122.324 105.337 99.8844 97.1525 102.195 95.1973 91.5856 91.5508 81.8764 80.927 76.8435 74.9601 74.5961 73.8524 72.8142
threshold=18.114250000000002 60.850000000000009 20.303500000000003 24.911500000000004 53.193100000000008 1.1005992483145852 1.1284287348471584 6.3310000000000004 0.95557887608201197 0.92857142857142916 4.5000000000000009 103.18150000000001 1.4094336120444979 1.5000000000000002 30.611500000000003 181.54000000000005 1.5000000000000002 -0.19285714285714037 45.233500000000006 0.83872741876698187 1.5000000000000002 1.0000000180025095e-35 1.5000000000000002 1.1130503917353765 4.5000000000000009 0.92113339406894801 0.88894552287495243 1.6210811478033811 1.9785714285714306 1.4299765917540848
decision_type=2 10 8 10 2 2 2 8 2 2 2 10 2 2 2 2 2 2 10 2 2 2 2 2 2 2 2 2 2 2
left_child=3 2 12 5 6 7 18 -1 28 15 14 26 21 -7 17 22 -11 -9 19 -4 -8 -2 -10 -21 29 -24 -3 -22 -6 -5
right_child=1 11 4 24 8 13 20 10 9 16 -12 -13 -14 -15 -16 -17 -18 -19 -20 23 27 -23 25 -25 -26 -27 -28 -29 -30 -31
leaf_value=-0.72598017606640397 0.024690749226050173 1.5536455094819503 0.42083119659594898 0.44015451949539042 1.8808576655820308 -0.76858180536348764 -0.78285101216399133 -0.17217276326558159 0.11280532611947008 -1.0555575026438528 -0.59320612960654628 2.7743708880932827 -0.83429992538551301 -0.81089928456586868 -0.012822327287080597 5.3741046201738056 -0.031291731113265296 -0.55178294640662118 0.50288045492930189 -0.0032548848516796625 -0.18559514819210099 -0.42869870102208785 1.8536768373108634 -0.61478793629270689 -0.25411792513827391 0.76087327509082925 0.76430184469365114 -1.0800212661961852 0.35210624732811779 -0.95560592669668987
leaf_weight=12645 4536 4047 7283 6394 12432 16109 3549 5980 14498 1210 17299 17072 3256 4837 5577 4100 3733 16132 4545 43688 4479 14245 2450 1837 4859 22664 17064 1021 2441 530
leaf_count=12645 4536 4047 7283 6394 12432 16109 3549 5980 14498 1210 17299 17072 3256 4837 5577 4100 3733 16132 4545 43688 4479 14245 2450 1837 4859 22664 17064 1021 2441 530
internal_value=-0.00159095 0.00411212 0.00145235 -0.013592 0.00326576 -0.0157657 -0.000544863 -0.0133168 0.00724877 0.00531189 -0.011163 0.0146979 -0.00923946 -0.0225036 -0.0081964 0.00653917 -0.00554117 -0.0102053 0.00117326 0.000448796 -0.0114344 -0.00717374 0.00551802 -0.000606919 0.000903845 0.00770964 0.0112278 -0.00649091 0.013585 0.00506932
internal_weight=280512 190150 151967 90362 129930 78579 66402 57633 63528 48655 44988 38183 22037 20946 27689 43712 4943 22112 57353 52808 9049 18781 39612 45525 11783 25114 21111 5500 14873 6924
internal_count=280512 190150 151967 90362 129930 78579 66402 57633 63528 48655 44988 38183 22037 20946 27689 43712 4943 22112 57353 52808 9049 18781 39612 45525 11783 25114 21111 5500 14873 6924
is_linear=0
shrinkage=0.06


Tree=15
num_leaves=31
num_cat=0
split_feature=16 13 13 13 16 6 7 16 6 0 0 7 8 7 7 6 16 8 3 13 2 13 15 3 8 13 3 2 6 2
split_gain=4962.17 1370.74 773.781 756.964 485.112 408.348 331.958 248.253 182.609 170.668 159.268 279.995 169.938 157.542 152.019 142.478 124.032 121.592 111.413 110.442 105.487 102.878 98.2916 95.1343 91.5397 79.4431 79.3092 75.2581 74.2484 72.5976
threshold=18.114250000000002 66.165000000000006 18.431500000000003 27.403500000000005 82.613000000000014 1.3814312874136827 0.72852641831424136 5.505325 1.473189675291432 1.5000000000000002 1.5000000000000002 1.0090088923758584 0.94455081846986821 1.1274643396856241 0.71226173474931143 1.1788083778716205 87.352250000000012 0.98825018620636729 6.5000000000000009 41.191500000000005 1.0000000180025095e-35 8.761000000000001 9.8425000000000029 4.5000000000000009 1.314914254566715 60.850000000000009 9.5000000000000018 2.5000000000000004 1.1376493452268197 4.5000000000000009
decision_type=2 10 10 8 2 2 2 2 2 2 2 2 2 2 2 2 2 2 2 10 2 10 2 2 2 8 2 2 2 2
left_child=2 3 6 8 5 10 22 -8 20 13 11 23 -12 -9 -6 16 29 -11 27 -4 -2 -22 -1 -5 25 -16 -20 -14 -21 -3
right_child=1 15 19 4 14 -7 7 9 -10 17 12 -13 18 -15 24 -17 -18 -19 26 28 21 -23 -24 -25 -26 -27 -28 -29 -30 -31
leaf_value=-0.45697215341215014 0.091719764485018798 1.4302963477548012 -0.15801032762016681 0.24216134766749958 2.371690519236195 -0.69375332309157467 -0.75690966987148789 -0.52245409153091027 -0.78694538581667228 0.33004225322186043 0.75315718540618337 -0.87673643437414639 0.78402069715180489 -0.70518790834640988 0.10723344434616727 0.50545536339715136 2.672632498727693 -0.53738187210960031 -0.22029698559680533 0.62680038228346768 -0.73200586793254585 -0.12566100680301204 0.031169808546081298 -0.062585749077785413 -0.20916866279242882 1.7181063547110125 0.26786994177809575 0.17498565864528232 -0.85664779734463514 0.53444726117083519
leaf_weight=6925 5731 13017 8601 17641 4736 7337 28195 16576 3299 1973 12014 2891 8127 7637 4122 3960 13216 8911 7293 5856 7812 12183 4565 21254 2575 20656 6465 11091 1123 4730
leaf_count=6925 5731 13017 8601 17641 4736 7337 28195 16576 3299 1973 12014 2891 8127 7637 4122 3960 13216 8911 7293 5856 7812 12183 4565 21254 2575 20656 6465 11091 1123 4730
internal_value=-0.00160079 0.00390039 -0.013177 0.00148408 0.00349345 0.00132128 -0.0157113 -0.0174145 -0.00725271 -0.0140465 0.0024705 -0.000196717 0.00494777 -0.0168517 0.00986413 0.0146405 0.016011 -0.00780595 0.00272198 -0.00101284 -0.00554847 -0.0076054 -0.00632898 0.00114231 0.00814572 0.00926467 -0.00139991 0.00567281 0.00459521 0.012734
internal_weight=280512 190150 90362 155227 126202 94113 74782 63292 29025 35097 86776 41786 44990 24213 32089 34923 30963 10884 32976 15580 25726 19995 11490 38895 27353 24778 13758 19218 6979 17747
internal_count=280512 190150 90362 155227 126202 94113 74782 63292 29025 35097 86776 41786 44990 24213 32089 34923 30963 10884 32976 15580 25726 19995 11490 38895 27353 24778 13758 19218 6979 17747
is_linear=0
shrinkage=0.06


Tree=16
num_leaves=31
num_cat=0
split_feature=16 13 13 6 13 16 7 13 16 3 13 2 13 3 7 10 6 15 7 10 2 13 10 3 3 10 7 13 3 15
split_gain=4629.94 1283.71 732.333 720.779 597.756 377.936 345.165 248.301 177.07 145.374 138.593 133.038 134.333 132.016 123.791 121.735 118.957 117.962 107.393 104.879 102.966 99.1023 97.3068 111.576 100.235 93.5833 84.9503 83.304 98.1219 113.636
threshold=18.114250000000002 70.141000000000005 18.431500000000003 1.473189675291432 40.041000000000004 80.751950000000008 1.1005992483145852 5.2710000000000008 1.7202500000000003 4.5000000000000009 172.16500000000005 1.0000000180025095e-35 9.4025000000000016 2.5000000000000004 0.92911817199624747 2.1000000000000036 0.96789600324889957 33.195000000000007 0.83111999156639593 3.6928571428571439 4.5000000000000009 42.901500000000006 -0.073214285714285218 7.5000000000000009 9.5000000000000018 0.021428571428573132 1.3041248707470923 45.955000000000005 9.5000000000000018 55.795000000000009
decision_type=2 10 10 2 8 2 2 8 2 2 10 2 10 2 2 2 2 2 2 2 2 10 2 2 2 2 2 10 2 2
left_child=2 3 6 4 11 9 7 -1 -9 19 16 -2 -13 15 -7 -5 -3 22 -11 20 -6 -4 -10 -24 -25 -18 -15 28 29 -20
right_child=1 10 21 13 5 14 -8 8 17 18 -12 12 -14 26 -16 -17 25 -19 27 -21 -22 -23 23 24 -26 -27 -28 -29 -30 -31
leaf_value=-0.66241137421696827 0.17507424605231087 1.8785187530698735 -0.14775496839100327 1.7302100044889661 0.57362724543901322 2.0881003466475532 -0.68754762064117458 -0.77865427621047278 -0.24266111017814296 0.50035447835361946 7.7787649831157495 -0.67723845256724713 -0.10229435272079541 -0.49970849667810557 1.1647038090620407 -0.69788992630200308 1.1854556466464345 -0.089116366070724415 -0.27669672165508463 -0.71464714477407976 0.064800492752111014 0.41935302319714579 -0.34981959246095656 -0.57672112782740492 -0.50606080448755075 -0.019728369211079479 -0.80944397169862814 0.43545497766690011 0.1991454286395114 0.15845226125426223
leaf_weight=11516 7789 8241 8905 923 22100 7497 20323 6210 8444 8013 4711 8103 22375 4180 22259 888 17005 6328 15082 882 10135 6675 9259 8721 3981 2604 5416 4034 11381 6532
leaf_count=11516 7789 8241 8905 923 22100 7497 20323 6210 8444 8013 4711 8103 22375 4180 22259 888 17005 6328 15082 882 10135 6675 9259 8721 3981 2604 5416 4034 11381 6532
internal_value=-0.00159929 0.00371454 -0.0127813 0.00147364 0.00260716 0.00489191 -0.0152467 -0.0127566 -0.0106585 0.00270103 0.0145601 -0.00383594 -0.00562438 -0.0130525 0.0106466 0.00180563 0.0129501 -0.0090744 0.000482217 0.00571882 0.00627734 -0.000947368 -0.0106256 -0.0127303 -0.0163817 0.010408 -0.0158566 -0.000880661 -0.00187574 -0.00425002
internal_weight=280512 190150 90362 157589 146182 107915 74782 54459 42943 78159 32561 38267 30478 11407 29756 1811 27850 36733 45042 33117 32235 15580 30405 21961 12702 19609 9596 37029 32995 21614
internal_count=280512 190150 90362 157589 146182 107915 74782 54459 42943 78159 32561 38267 30478 11407 29756 1811 27850 36733 45042 33117 32235 15580 30405 21961 12702 19609 9596 37029 32995 21614
is_linear=0
shrinkage=0.06


Tree=17
num_leaves=31
num_cat=0
split_feature=16 13 6 13 13 16 7 16 13 8 3 0 10 2 5 3 3 0 13 8 0 13 2 6 2 3 8 3 3 7
split_gain=4303.86 1201.05 707.947 694.182 560.604 354.877 343.165 252.604 157.054 153.28 153.843 143.138 141.932 129.788 132.119 135.598 138.976 129.424 127.52 117.775 120.565 109.927 108.514 100.752 99.2344 88.6643 126.706 91.4006 87.1421 87.0181
threshold=18.114250000000002 80.126500000000007 1.473189675291432 18.124000000000006 40.041000000000004 78.073750000000004 1.1005992483145852 3.6412500000000003 4.0515000000000008 1.2210989933635656 1.5000000000000002 1.5000000000000002 -0.1428571428571421 3.5000000000000004 1.0000000180025095e-35 6.5000000000000009 9.5000000000000018 1.5000000000000002 5.8950000000000005 0.9707590523237376 1.5000000000000002 195.04500000000004 1.0000000180025095e-35 0.9715823300492259 4.5000000000000009 4.5000000000000009 1.0044737539161852 9.5000000000000018 7.5000000000000009 1.1090936157135027
decision_type=2 10 2 10 8 2 2 2 8 2 2 2 2 2 2 2 2 2 10 2 2 10 2 2 2 2 2 2 2 2
left_child=3 2 4 6 18 9 7 -1 -9 13 -11 -4 -7 14 15 -6 -17 -8 -2 20 -10 23 -20 -3 29 26 -21 28 -27 -5
right_child=1 21 11 24 5 12 17 8 19 10 -12 -13 -14 -15 -16 16 -18 -19 22 25 -22 -23 -24 -25 -26 27 -28 -29 -30 -31
leaf_value=-0.67335304609608848 -0.62648493210683576 1.9296981429160214 -0.69912546521898655 0.2133214604799015 0.63769260367427039 1.9028832506035827 -0.64207412126282215 -0.62183440096850262 -0.25347272148558764 2.0676487243258563 -0.65228420510393004 -0.50078995907958002 1.0474120132318721 0.020521097441067011 -0.44495638091563 -0.091794370871407696 0.83788125288013449 -0.68986364001611433 0.33205296342409685 0.88498840988438521 0.58884226163083742 8.869414598117574 -0.11179797811688487 1.2063538484892944 -0.26605899589908633 -0.42201422974233771 -0.49043410626323336 -0.26266196906124428 -0.5490448430560686 -0.51689813033329901
leaf_weight=16226 9208 7299 4193 7733 23998 7544 15658 5477 8645 870 4317 7474 25679 31384 1454 10136 7544 4630 5042 1498 2112 3659 24017 16332 6474 6362 1598 4654 7713 1582
leaf_count=16226 9208 7299 4193 7733 23998 7544 15658 5477 8645 870 4317 7474 25679 31384 1454 10136 7544 4630 5042 1498 2112 3659 24017 16332 6474 6362 1598 4654 7713 1582
internal_value=-0.00161512 0.00350818 0.00155618 -0.0123961 0.00265508 0.00478189 -0.014816 -0.0123277 -0.00965527 0.00261032 -0.00736264 -0.0126845 0.00999157 0.00330453 0.00544051 0.00606075 0.00207353 -0.0214738 -0.00362114 -0.00807501 -0.00293669 0.0151572 -0.00167143 0.0136588 -0.000967129 -0.0106076 -0.00120155 -0.0121624 -0.0145726 0.00299839
internal_weight=280512 190150 162860 90362 151193 112926 74573 54285 38059 79703 5187 11667 33223 74516 43132 41678 17680 20288 38267 32582 10757 27290 29059 23631 15789 21825 3096 18729 14075 9315
internal_count=280512 190150 162860 90362 151193 112926 74573 54285 38059 79703 5187 11667 33223 74516 43132 41678 17680 20288 38267 32582 10757 27290 29059 23631 15789 21825 3096 18729 14075 9315
is_linear=0
shrinkage=0.06


Tree=18
num_leaves=31
num_cat=0
split_feature=16 13 13 7 0 13 7 16 13 8 16 3 0 8 16 2 5 3 15 2 8 0 8 3 8 8 8 13 3 1
split_gain=4026.34 1106.04 659.52 634.997 665.229 452.924 347.245 301.446 248.663 201.421 173.783 142.575 128.444 117.681 115.528 112.173 155.512 111.276 151.667 107.318 106.779 127.267 105.53 101.167 105.316 95.2186 94.5178 89.6123 80.0937 76.312
threshold=18.114250000000002 80.126500000000007 17.844000000000005 1.1631885713852317 1.5000000000000002 41.191500000000005 1.1005992483145852 87.352250000000012 4.9810000000000008 1.2861914839609752 1.7202500000000003 6.5000000000000009 1.5000000000000002 0.99227413995177616 87.352250000000012 3.5000000000000004 1.0000000180025095e-35 9.5000000000000018 59.955000000000005 1.5000000000000002 0.9707590523237376 1.5000000000000002 0.99999968811882878 4.5000000000000009 1.0044737539161852 1.201342073901374 1.2210989933635656 42.901500000000006 1.5000000000000002 4.5000000000000009
decision_type=2 10 10 2 2 8 2 2 8 2 2 2 2 2 2 2 2 2 2 2 2 2 2 2 2 2 2 10 2 2
left_child=2 3 6 5 -5 19 8 11 -1 -6 -10 15 -8 -9 -3 16 29 18 22 -2 21 -12 -13 24 -22 -19 27 -4 -17 -7
right_child=1 14 26 4 9 7 12 13 10 -11 20 17 -14 -15 -16 28 -18 25 -20 -21 23 -23 -24 -25 -26 -27 -28 -29 -30 -31
leaf_value=-0.59393477213150336 0.066190700914456502 1.1171422936897557 -0.07783868013011222 -0.7363119813042267 0.32682371002519578 0.19562418630886169 -0.60388700974878451 2.1665706211715721 -0.69013202087762782 -0.70740166339004329 -0.28304450200852355 0.14236069514394031 -0.64929714856970311 1.2663100184951452 2.3126198819402499 1.0635014722416587 -0.54967194868930502 0.52811448807217276 0.33380709429534949 -0.19075353406536186 0.72714972049061011 0.51990324559815326 -0.29267443811046556 -0.46449747628364219 -0.4352184745905569 -0.44417543713494795 -0.6210246812173662 0.565576333029158 0.0092341102795269591 0.78028291859020393
leaf_weight=11022 12437 13931 8128 7404 10007 5898 15625 5148 6237 5006 9981 3368 4619 19847 13359 3855 1093 13374 4738 23255 1546 2356 9262 21027 1889 1945 2244 5688 16992 19231
leaf_count=11022 12437 13931 8128 7404 10007 5898 15625 5148 6237 5006 9981 3368 4619 19847 13359 3855 1093 13374 4738 23255 1546 2356 9262 21027 1889 1945 2244 5688 16992 19231
internal_value=-0.00163651 0.00331885 -0.0120641 0.00144566 -0.00793193 0.00294247 -0.0144473 0.00493141 -0.0119372 -0.000673416 -0.00987778 0.00312955 -0.02115 0.0106809 0.0144976 0.00524358 0.00785524 8.5355e-05 -0.00320244 -0.00289477 -0.00830811 -0.00375699 -0.00663658 -0.0106034 -0.00105677 0.00381291 -0.00103861 0.000816445 0.00195856 0.00881889
internal_weight=280512 190150 90362 162860 22417 140443 74302 104751 54058 15013 43036 79756 20244 24995 27290 47069 26222 32687 17368 35692 36799 12337 12630 24462 3435 15319 16060 13816 20847 25129
internal_count=280512 190150 90362 162860 22417 140443 74302 104751 54058 15013 43036 79756 20244 24995 27290 47069 26222 32687 17368 35692 36799 12337 12630 24462 3435 15319 16060 13816 20847 25129
is_linear=0
shrinkage=0.06


Tree=19
num_leaves=31
num_cat=0
split_feature=16 13 6 13 0 7 8 7 13 13 0 16 16 13 0 13 7 3 3 15 8 16 8 13 8 13 3 8 3 6
split_gain=3759.09 1040.85 638.355 606.425 475.6 496.45 384.014 349.96 243.756 187.597 176.133 170.591 142.197 138.958 125.036 113.166 109.318 106.491 133.707 104.679 92.6874 90.0471 88.6108 78.0692 76.4155 76.1515 75.7123 74.219 73.801 72.2555
threshold=17.781375000000001 80.991500000000016 1.4094336120444979 17.442500000000006 1.5000000000000002 1.0090088923758584 0.8770300146298603 1.1005992483145852 4.9240000000000004 44.045000000000009 1.5000000000000002 1.7202500000000003 70.920050000000003 18.124000000000006 1.5000000000000002 209.94500000000002 0.90853220684798519 10.500000000000002 6.5000000000000009 113.02150000000002 1.6910216035344157 93.53625000000001 1.0761676044003416 47.94850000000001 1.0000797180590746 42.901500000000006 6.5000000000000009 1.1322597426405863 2.5000000000000004 1.3475208072809846
decision_type=2 10 2 10 2 2 2 2 8 8 2 2 2 8 2 10 2 2 2 2 2 2 2 10 2 10 2 2 2 2
left_child=3 2 4 7 5 13 21 8 -1 -8 -4 -10 26 -2 -9 16 -3 18 27 23 -12 -6 25 -15 -19 -5 -11 -13 -16 -18
right_child=1 15 10 22 6 -7 9 14 11 12 20 17 -14 19 28 -17 29 24 -20 -21 -22 -23 -24 -25 -26 -27 -28 -29 -30 -31
leaf_value=-0.56251578158006976 -0.32942612615884392 1.7119115375921403 -0.61265571905004024 -0.066411598236411531 0.74050715090368535 -0.75841212224998189 -0.10217291946870684 -0.56842455215477117 -0.64696095391602504 0.36142270352969302 -0.16168741090097724 -0.16414231978634533 1.1549040859273274 -0.021758216574668053 1.1193844502344874 9.0645169787042406 1.1409573325784288 0.44508522765537628 -0.41205183446048282 0.99957768312226769 -0.82975729971257239 2.5714017293681111 -0.4936897128616875 0.36144338794186909 -0.38673307970176862 0.59944112915643954 -0.063012251511765663 -0.58694300099399377 -0.64671569205124368 -0.70419930811042619
leaf_weight=10684 6979 7536 4949 7551 14378 5712 16324 15459 6254 16235 6865 11255 21198 42305 400 3145 15106 2589 19282 4768 2013 3997 3294 6825 1173 5167 11895 1945 4155 1074
leaf_count=10684 6979 7536 4949 7551 14378 5712 16324 15459 6254 16235 6865 11255 21198 42305 400 3145 15106 2589 19282 4768 2013 3997 3294 6825 1173 5167 11895 1945 4155 1074
internal_value=-0.00165341 0.00308964 0.00130094 -0.0118247 0.00243361 -0.00135383 0.00543504 -0.0141385 -0.0115934 0.00328916 -0.0110371 -0.00955669 0.0051342 0.000233093 -0.0209014 0.0140401 0.0126219 -0.0079776 -0.00908442 0.00126461 -0.00598108 0.013102 -0.00124781 0.000440871 0.00157895 0.00102375 0.00233772 -0.00443182 -0.0121647 0.00984178
internal_weight=280512 191304 164443 89208 150616 66589 84027 73196 53182 65652 13827 42498 49328 60877 20014 26861 23716 36244 32482 53898 8878 18375 16012 49130 3762 12718 28130 13200 4555 16180
internal_count=280512 191304 164443 89208 150616 66589 84027 73196 53182 65652 13827 42498 49328 60877 20014 26861 23716 36244 32482 53898 8878 18375 16012 49130 3762 12718 28130 13200 4555 16180
is_linear=0
shrinkage=0.06


Tree=20
num_leaves=31
num_cat=0
split_feature=16 13 6 13 13 7 16 13 16 7 7 8 7 3 5 14 1 2 3 13 7 2 8 3 7 8 14 3 7 15
split_gain=3509.32 978.878 608.242 579.479 419.457 340.069 293.664 240.794 163.972 160.629 151.022 114.28 111.305 105.608 104.5 104.39 100.497 102.599 103.271 98.1377 93.2779 90.3041 89.3304 88.9569 88.5095 85.2823 92.5104 129.055 79.5412 77.2733
threshold=17.781375000000001 86.137500000000003 1.4094336120444979 16.333500000000004 39.674000000000007 1.1005992483145852 67.246525000000005 4.8110000000000008 6.0435000000000008 1.3041248707470923 0.69872745819270177 1.2210989933635656 0.82764874765504415 1.5000000000000002 1.0000000180025095e-35 181.54000000000005 5.5000000000000009 3.5000000000000004 4.5000000000000009 5.8950000000000005 0.89875578150459623 4.5000000000000009 0.83246645744522796 1.5000000000000002 0.72852641831424136 0.79715233006477815 255.79250000000005 10.500000000000002 1.1049520087657234 31.425000000000004
decision_type=2 10 2 10 8 2 2 8 2 2 2 2 2 2 2 2 2 2 2 10 2 2 2 2 2 2 2 2 2 2
left_child=3 2 4 5 12 7 11 -1 24 -4 -8 16 -2 -13 25 20 -6 18 -18 29 -3 28 -10 -7 -9 -12 -27 -28 -5 -14
right_child=1 15 9 21 6 23 10 8 22 -11 14 13 19 -15 -16 -17 17 -19 -20 -21 -22 -23 -24 -25 -26 26 27 -29 -30 -31
leaf_value=-0.53336396009361886 0.23560957990538497 1.6482303384428794 -0.22268937594370711 0.1656570310765319 -0.084487526814552599 -0.29107734669201829 1.6364798051280844 -0.28987733702861523 0.059949474218146365 -0.6211613219139428 1.5913088229624972 1.5627051456415597 -0.73685250973256444 -0.59578619264947963 -0.7503168857731779 6.5764060002651892 0.73421348643451156 0.035760525779345187 0.17144368467876389 -0.084874828916150155 1.1460694213275677 -0.24404999654068965 -0.30595588916161331 -0.55099558647669167 -0.54536724717261287 0.61441399491564241 -0.66486713076632387 9.2767911643085359 -0.44230767400451254 -0.35534139166220036
leaf_weight=10422 4663 6800 6937 8167 18198 1531 5960 4625 5181 7074 3980 725 3991 3471 1747 3148 10575 21647 17027 24935 14507 6918 17463 18334 14840 29740 588 1622 1727 3969
leaf_count=10422 4663 6800 6937 8167 18198 1531 5960 4625 5181 7074 3980 725 3991 3471 1747 3148 10575 21647 17027 24935 14507 6918 17463 18334 14840 29740 588 1622 1727 3969
internal_value=-0.00165276 0.00293 0.00128685 -0.0114804 0.0023837 -0.0138107 0.00417783 -0.0112819 -0.00926097 -0.010678 0.00805807 0.00181441 -0.00312317 -0.00779314 0.00665419 0.0141407 0.00241212 0.00381998 0.0062452 -0.00435294 0.0126339 -0.0014454 -0.00578961 -0.0204979 -0.0132993 0.00735096 0.00631925 0.0181629 0.00223166 -0.0101533
internal_weight=280512 191304 166849 89208 152838 72396 115280 52531 42109 14011 43637 71643 37558 4196 37677 24455 67447 49249 27602 32895 21307 16812 22644 19865 19465 35930 31950 2210 9894 7960
internal_count=280512 191304 166849 89208 152838 72396 115280 52531 42109 14011 43637 71643 37558 4196 37677 24455 67447 49249 27602 32895 21307 16812 22644 19865 19465 35930 31950 2210 9894 7960
is_linear=0
shrinkage=0.06


Tree=21
num_leaves=31
num_cat=0
split_feature=16 13 7 0 13 16 13 10 7 8 16 13 3 8 13 14 13 6 0 3 8 3 3 6 1 10 6 0 0 4
split_gain=3271.12 954.71 614.033 617.144 513.239 362.386 313.559 266.433 239.838 172.361 162.162 157.032 143.685 143.43 143.406 122.063 119.192 114.809 107.632 105.272 99.8947 99.6098 98.0968 103.856 91.3334 80.3947 80.2953 79.3176 75.8888 75.2901
threshold=15.807500000000001 80.991500000000016 1.1631885713852317 1.5000000000000002 16.333500000000004 41.971175000000009 4.9240000000000004 -1.0000000180025095e-35 1.2676521103832747 1.1462463311784628 3.8067500000000005 45.233500000000006 2.5000000000000004 1.290837523479655 49.214000000000006 181.54000000000005 209.94500000000002 0.96789600324889957 1.5000000000000002 4.5000000000000009 0.9707590523237376 10.500000000000002 9.5000000000000018 0.84161810858506614 5.5000000000000009 0.078571428571427751 1.3475208072809846 1.5000000000000002 1.5000000000000002 1.0000000180025095e-35
decision_type=2 10 2 2 10 2 8 2 2 2 2 10 2 2 8 2 10 2 2 2 2 2 2 2 2 2 2 2 2 2
left_child=4 2 5 -4 6 11 -1 12 10 25 -8 19 -7 18 -9 24 17 -3 -14 -2 28 -17 23 -21 -16 -5 29 -10 -12 -6
right_child=1 16 3 9 26 7 8 14 27 -11 20 -13 13 -15 15 21 -18 -19 -20 22 -22 -23 -24 -25 -26 -27 -28 -29 -30 -31
leaf_value=-0.51865934154806503 0.13019486335930949 1.5631071853169733 -0.59763950405829769 0.72213919405343674 0.13932006600734523 1.9957641240619592 -0.52545791778182716 -0.065851746079002987 -0.52282862792131013 -0.53885533363332139 -0.20897478793985227 0.4356568172848459 -0.034629227814758391 -0.48985426336830884 -0.11538581559778968 0.48722247789922307 8.2850612337551368 0.93637319385125917 1.2722349001279198 0.12311362254007076 -0.36750620251979055 6.9888510685535676 0.047701848103623518 -0.19825343552846589 0.43212568434998599 -0.085468031218849203 -0.57230936364111396 -0.59107045523581081 0.46032745955991761 -0.20395427789287573
leaf_weight=15335 14373 7374 8275 4350 7847 4336 13550 17692 6972 7129 8466 6179 2193 1507 9204 1318 3148 16607 7089 4600 19019 2813 11337 24851 39523 3994 1653 2200 2043 5535
leaf_count=15335 14373 7374 8275 4350 7847 4336 13550 17692 6972 7129 8466 6179 2193 1507 9204 1318 3148 16607 7089 4600 19019 2813 11337 24851 39523 3994 1653 2200 2043 5535
internal_value=-0.00166089 0.00252562 0.000864532 -0.00808742 -0.0116885 0.00231058 -0.0139189 0.00483116 -0.0117049 -0.00101402 -0.00982915 -0.00120998 0.0120575 0.00835017 0.00328193 0.00484695 0.0129813 0.0115404 0.0111377 -0.00222603 -0.00733541 0.0147495 -0.00378199 -0.00560762 0.00400743 0.00483941 -0.00166212 -0.0205146 -0.00264059 -0.000121058
internal_weight=280512 197892 170763 23748 82620 147015 67585 85675 52250 15473 43078 61340 15125 10789 70550 52858 27129 23981 9282 55161 29528 4131 40788 29451 48727 8344 15035 9172 10509 13382
internal_count=280512 197892 170763 23748 82620 147015 67585 85675 52250 15473 43078 61340 15125 10789 70550 52858 27129 23981 9282 55161 29528 4131 40788 29451 48727 8344 15035 9172 10509 13382
is_linear=0
shrinkage=0.06


Tree=22
num_leaves=31
num_cat=0
split_feature=16 16 6 13 13 6 13 13 0 0 7 13 7 7 3 3 16 10 7 0 3 3 2 7 3 0 10 7 3 6
split_gain=3066.3 898.492 620.358 501.912 349.725 342.543 287.072 227.867 205.287 198.454 241.919 184.3 160.371 158.528 140.336 135.901 134.847 115.421 98.4534 97.3334 90.1336 88.6413 87.6876 87.2367 86.9108 82.4991 79.6822 78.1745 74.111 73.2378
threshold=15.807500000000001 83.535499999999999 1.1839061703319149 4.9810000000000008 49.214000000000006 1.0522694897740867 63.931000000000004 26.265000000000004 1.5000000000000002 1.5000000000000002 1.0090088923758584 130.39250000000001 0.75432218302212306 0.99827436264285618 1.5000000000000002 4.5000000000000009 2.32525 1.9428571428571459 1.3279464488720423 1.5000000000000002 2.5000000000000004 10.500000000000002 4.5000000000000009 1.2676521103832747 4.5000000000000009 1.5000000000000002 0.078571428571427751 0.72852641831424136 1.5000000000000002 0.66300558224821116
decision_type=2 2 2 8 10 2 8 10 2 2 2 10 2 2 2 2 2 2 2 2 2 2 2 2 2 2 2 2 2 2
left_child=3 2 4 -1 9 7 -3 16 18 10 24 12 -8 -11 -7 -15 -5 19 -4 21 26 28 -6 -16 -2 27 -10 -18 -14 -27
right_child=1 6 8 5 22 14 11 -9 20 13 -12 -13 17 15 23 -17 25 -19 -20 -21 -22 -23 -24 -25 -26 29 -28 -29 -30 -31
leaf_value=-0.48462248322092882 0.090358350605499141 -0.025100747069823157 -0.37807148730522805 -0.53733017345297829 0.71483782853170619 -0.025801794763178697 1.5706184881835124 0.14629590903625384 1.9991201128777858 0.62723968566116861 -0.65226220779284572 3.3316064191822776 0.60365897778197386 0.39286308578695039 -0.41673281776449866 -0.080047900402368866 -0.134099985802833 -0.48632689443934951 -0.53528349939320097 1.3659706585132045 -0.46119286542792037 1.5139042922671806 0.13875500710372152 -0.51030612097723171 -0.12063420314053346 0.53790108966248207 -0.12661872610387093 -0.36670246717913652 -0.90477194766302171 -0.15544817697834162
leaf_weight=15662 18054 9195 3426 8018 18632 1857 7210 7806 694 10816 3459 6817 1179 14069 8165 24880 6809 2123 4236 19569 10198 3084 6906 7854 29922 1694 1142 16582 2281 8173
leaf_count=15662 18054 9195 3426 8018 18632 1857 7210 7806 694 10816 3459 6817 1179 14069 8165 24880 6809 2123 4236 19569 10198 3084 6906 7854 29922 1694 1142 16582 2281 8173
internal_value=-0.00165383 0.00239949 2.86819e-06 -0.0113624 0.00154239 -0.00910063 0.00921956 -0.00651074 -0.00990353 -4.09091e-05 -0.00265442 0.0113099 0.00957231 0.0026603 -0.0162117 0.000875761 -0.00828859 0.00753294 -0.0175803 0.00862674 -0.00501579 0.00229218 0.00781659 -0.0180217 -0.00154952 -0.00660473 0.00722222 -0.00854559 -0.00430058 -0.00200365
internal_weight=280512 197892 146434 82620 126738 66958 51458 49082 19696 101200 51435 42263 35446 49765 17876 38949 41276 28236 7662 26113 12034 6544 25538 16019 47976 33258 1836 23391 3460 9867
internal_count=280512 197892 146434 82620 126738 66958 51458 49082 19696 101200 51435 42263 35446 49765 17876 38949 41276 28236 7662 26113 12034 6544 25538 16019 47976 33258 1836 23391 3460 9867
is_linear=0
shrinkage=0.06


Tree=23
num_leaves=31
num_cat=0
split_feature=16 13 7 0 13 7 13 15 13 4 8 5 0 0 8 8 13 13 7 15 14 16 8 3 3 3 3 7 8 7
split_gain=2857.14 852.69 565.436 533.992 507.079 348.318 325.469 238.279 199.171 149.771 143.314 141.489 125.382 113.891 167.8 112.94 102.336 100.581 94.8009 88.7753 88.7261 87.7671 87.2282 82.3702 172.12 80.5293 80.1496 74.5697 69.4228 68.4775
threshold=15.807500000000001 89.565000000000012 1.2202570101630845 1.5000000000000002 4.9810000000000008 1.0918676722030483 44.045000000000009 79.917500000000018 41.191500000000005 1.0000000180025095e-35 1.2861914839609752 1.0000000180025095e-35 1.5000000000000002 1.5000000000000002 0.88026926094159641 0.99227413995177616 228.39650000000003 5.8950000000000005 0.90853220684798519 17.575000000000003 255.79250000000005 1.9277500000000001 1.4528514725253143 6.5000000000000009 9.5000000000000018 2.5000000000000004 2.5000000000000004 1.0000317254658451 1.0352736371687989 0.81728441451023826
decision_type=2 10 2 2 8 2 8 2 10 2 2 2 2 2 2 2 10 10 2 2 2 2 2 2 2 2 2 2 2 2
left_child=4 2 6 -4 29 8 17 13 9 19 -5 15 -7 27 -15 -9 18 -2 -3 -6 25 -11 -21 -16 -25 -17 -14 -8 -28 -1
right_child=1 16 3 10 5 12 7 11 -10 21 -12 -13 26 14 23 20 -18 -19 -20 22 -22 -23 -24 24 -26 -27 28 -29 -30 -31
leaf_value=-0.3520205796412807 -0.48090496839685681 1.4602848374907378 -0.53675604172693148 0.22852926698468856 -0.31616473603038403 -0.43251193962032219 0.015326244703671676 1.5621052709564143 0.43004954632813747 -0.58864567503230047 -0.59918192631459544 -0.48893324840914393 1.1768832594624221 0.85620487348284235 0.35441245639494012 1.1350314194719366 8.4832619802429559 -0.03077002407581908 0.96225921233333034 0.041105502606427709 6.9251187756328099 -0.2852026739546264 -0.68067460767753996 -0.32394593242522779 0.49247654984745437 0.38090372626891067 -0.099225493695021691 -0.45592222826031287 -0.58439297505555499 -0.47258503612084457
leaf_weight=2454 9077 6629 7313 9106 18156 12140 35597 6942 5006 4208 4686 1744 577 8243 19040 7060 2611 32045 13966 8835 1954 13599 510 6806 6713 16088 1742 2272 2185 13208
leaf_count=2454 9077 6629 7313 9106 18156 12140 35597 6942 5006 4208 4686 1744 577 8243 19040 7060 2611 32045 13966 8835 1954 13599 510 6806 6713 16088 1742 2272 2185 13208
internal_value=-0.00165383 0.00225881 0.000823306 -0.00838522 -0.0110254 -0.00875205 0.00208873 0.00375897 -0.00626307 -0.00751788 -0.00143561 0.00797324 -0.0162761 0.001949 0.00414833 0.00887904 0.0130647 -0.00247897 0.011646 -0.00474201 0.00700582 -0.0118049 9.63082e-06 0.00221229 -0.00136918 0.00596941 -0.00772647 -0.000420661 -0.0107945 -0.0207445
internal_weight=280512 197892 174686 21105 82620 66958 153581 112459 50314 45308 13792 33788 16644 78671 40802 32044 23206 41122 20595 27501 25102 17807 9345 32559 13519 23148 4504 37869 3927 15662
internal_count=280512 197892 174686 21105 82620 66958 153581 112459 50314 45308 13792 33788 16644 78671 40802 32044 23206 41122 20595 27501 25102 17807 9345 32559 13519 23148 4504 37869 3927 15662
is_linear=0
shrinkage=0.06


Tree=24
num_leaves=31
num_cat=0
split_feature=16 16 7 13 7 0 13 13 13 10 8 16 13 1 8 13 0 2 8 14 3 16 13 5 7 2 2 5 3 0
split_gain=2670.54 804.99 550.353 501.703 346.921 341.569 278.216 259.968 220.581 189.901 163.375 153.403 152.974 130.554 125.653 123.264 97.3282 96.3002 88.2196 85.088 76.9096 75.9952 75.2551 74.4762 71.4616 71.1337 70.3222 95.7622 67.0259 116.937
threshold=15.807500000000001 77.21050000000001 1.2202570101630845 4.9810000000000008 1.3041248707470923 1.5000000000000002 91.785000000000011 46.651500000000006 16.333500000000004 -0.28571428571428731 1.108426085879535 3.8067500000000005 10.551500000000003 5.5000000000000009 1.332604416611143 63.931000000000004 1.5000000000000002 1.5000000000000002 0.9707590523237376 255.79250000000005 10.500000000000002 42.967500000000008 209.94500000000002 1.0000000180025095e-35 0.81728441451023826 4.5000000000000009 4.5000000000000009 1.0000000180025095e-35 2.5000000000000004 1.5000000000000002
decision_type=2 2 2 8 2 2 10 10 10 2 2 2 8 2 2 8 2 2 2 2 2 2 10 2 2 2 2 2 2 2
left_child=3 2 7 24 8 -4 9 12 11 28 15 -5 -2 -14 -7 -11 -6 21 -13 23 -21 -15 -8 -17 -1 -10 27 -9 -3 -30
right_child=1 6 5 4 16 14 22 26 25 10 -12 18 13 17 -16 19 -18 -19 -20 20 -22 -23 -24 -25 -26 -27 -28 -29 29 -31
leaf_value=-0.33089934486280392 -0.3848810533236956 1.6147279928842897 -0.49210057947409275 -0.44424129694239101 -0.44574593423351733 0.032092036635895764 1.2326384510787785 0.6431579782572896 0.13923186005324864 -0.10815687396887838 -0.44785966464884486 -0.087852782922607384 -0.15745000885865892 0.071753045940632906 -0.64662359984725126 0.89547232112137864 -0.50727369726394789 0.018084931830503803 -0.31319118128479118 -0.56335790619985915 7.9184113927471858 0.68095384666315617 7.8891061854861393 -0.94292077290072029 -0.44422993395359384 -0.18004150660008675 0.098712671464407001 -0.83789859041192793 -0.76522402719165861 1.2841428188428647
leaf_weight=2454 10240 3730 6512 13737 7130 7372 10794 17606 7816 7898 4742 10662 23615 9958 2974 19687 2712 44746 19249 482 1615 8124 2738 1147 13208 5652 7035 632 998 5247
leaf_count=2454 10240 3730 6512 13737 7130 7372 10794 17606 7816 7898 4742 10662 23615 9958 2974 19687 2712 44746 19249 482 1615 8124 2738 1147 13208 5652 7035 632 998 5247
internal_value=-0.00165276 0.00212995 -0.000366534 -0.0107131 -0.00845187 -0.0105279 0.00799587 0.00103808 -0.00665908 0.00575155 0.00369992 -0.0087303 -0.000378246 0.000443182 -0.00375217 0.00529469 -0.0188559 0.00187273 -0.00631975 0.00752126 0.0190415 0.00556797 0.0155498 0.00636172 -0.0203805 5.34601e-05 0.0064563 0.00842198 0.0130677 0.00926661
internal_weight=280512 197892 138814 82620 66958 16858 59078 121956 57116 45546 35571 43648 96683 86443 10346 30829 9842 62828 29911 22931 2097 18082 13532 20834 15662 13468 25273 18238 9975 6245
internal_count=280512 197892 138814 82620 66958 16858 59078 121956 57116 45546 35571 43648 96683 86443 10346 30829 9842 62828 29911 22931 2097 18082 13532 20834 15662 13468 25273 18238 9975 6245
is_linear=0
shrinkage=0.06


Tree=25
num_leaves=31
num_cat=0
split_feature=16 16 7 7 0 16 7 10 8 3 3 10 14 3 0 8 0 3 0 8 7 3 8 2 2 8 3 8 3 0
split_gain=2491.69 798.144 573.1 403.693 263.619 242.43 224.493 215.315 204.96 231.404 224.518 175.128 153.408 160.016 142.316 141.324 138.448 135.322 125.915 110.074 103.533 84.2872 87.4286 83.4937 78.9596 74.0372 71.2763 68.5016 68.4568 68.1774
threshold=13.222225000000002 73.914175 1.3279464488720423 1.1005992483145852 1.5000000000000002 1.7202500000000003 0.77915555373316348 2.0571428571428587 0.83613446744781761 4.5000000000000009 10.500000000000002 1.7667582417582424 255.79250000000005 10.500000000000002 1.5000000000000002 0.90011770965004101 1.5000000000000002 10.500000000000002 1.5000000000000002 1.2861914839609752 0.72852641831424136 7.5000000000000009 1.0761676044003416 1.5000000000000002 4.5000000000000009 1.0127287037316497 2.5000000000000004 1.0441461083017634 1.5000000000000002 1.5000000000000002
decision_type=2 2 2 2 2 2 2 2 2 2 2 2 2 2 2 2 2 2 2 2 2 2 2 2 2 2 2 2 2 2
left_child=3 2 7 5 -4 -1 -3 8 16 -10 24 12 14 -14 -8 -16 -2 20 28 -6 -7 22 -22 -23 -11 -19 -20 -28 -5 -13
right_child=1 6 4 18 19 17 11 -9 9 10 -12 29 13 -15 15 -17 -18 25 26 -21 21 23 -24 -25 -26 -27 27 -29 -30 -31
leaf_value=-0.47255703550123423 0.011331250208528267 1.2668306792259012 -0.44713787642110092 -0.24562627968629389 -0.014455357112636874 -0.088898064608293997 -0.0087283404556508151 -0.37453185609726514 0.23065249986405503 -0.087800852635833801 0.31309797084061824 -0.73171308443817384 -0.78454003088610458 7.4821572390940023 1.721806558522508 0.70680879082524939 0.87293818368854326 0.51207278022095692 0.74811042882576795 -0.61033518975086831 -0.18660567002935069 -0.2540308415328022 -0.43424586549632399 -0.40219863201399553 -0.29582960009460535 -0.32117556963573046 -0.17112541478209428 -0.52141120870682978 -0.41060678817569496 -0.13438856739713986
leaf_weight=9960 5738 12096 5574 1366 5176 9264 11566 10124 39338 38074 14042 918 866 3192 4418 27012 9860 3226 520 2914 12718 4028 2532 11094 12462 1354 1814 2412 13440 3414
leaf_count=9960 5738 12096 5574 1366 5176 9264 11566 10124 39338 38074 14042 918 866 3192 4418 27012 9860 3226 520 2914 12718 4028 2532 11094 12462 1354 1814 2412 13440 3414
internal_value=-0.00164378 0.00173282 -0.00074821 -0.0111141 -0.0124356 -0.00844691 0.00733342 0.000483654 0.00119534 0.000232688 -0.00197714 0.0056023 0.00666511 0.0178167 0.00561262 0.00770665 0.00760867 -0.00654198 -0.0185045 -0.00551792 -0.0076703 -0.00936389 -0.00621639 -0.012538 -0.00384201 0.00322271 -0.01 -0.0125793 -0.0212306 -0.00594183
internal_weight=280512 206784 143302 73728 13664 54176 63482 129638 119514 103916 64578 51386 47054 4058 42996 31430 15598 44216 19552 8090 39636 30372 15250 15122 50536 4580 4746 4226 14806 4332
internal_count=280512 206784 143302 73728 13664 54176 63482 129638 119514 103916 64578 51386 47054 4058 42996 31430 15598 44216 19552 8090 39636 30372 15250 15122 50536 4580 4746 4226 14806 4332
is_linear=0
shrinkage=0.06


Tree=26
num_leaves=31
num_cat=0
split_feature=16 16 7 7 0 16 15 7 6 3 8 3 3 8 2 7 6 5 0 16 0 8 10 0 16 5 3 1 10 15
split_gain=2328.15 764.585 615.158 393.033 314.51 249.252 208.409 171.945 165.181 138.825 188.83 148.231 178.532 137.705 136.574 131.661 119.751 118.277 104.268 103.714 121.128 102.329 93.6855 88.8331 77.4927 74.9188 72.2748 69.5864 68.4081 67.0853
threshold=12.35525 89.346250000000012 1.3279464488720423 1.2676521103832747 1.5000000000000002 1.7202500000000003 36.111000000000011 0.66526559815585073 0.78947569702780374 1.5000000000000002 1.2210989933635656 9.5000000000000018 6.5000000000000009 1.4074582885748554 1.5000000000000002 0.72852641831424136 0.83720496759623242 1.0000000180025095e-35 1.5000000000000002 153.71687500000002 1.5000000000000002 1.2861914839609752 -0.1428571428571421 1.5000000000000002 5.3397500000000013 1.0000000180025095e-35 10.500000000000002 5.5000000000000009 2.3071428571428561 2.9715000000000003
decision_type=2 2 2 2 2 2 2 2 2 2 2 2 2 2 2 2 2 2 2 2 2 2 2 2 2 2 2 2 2 2
left_child=3 2 6 5 -4 29 9 -3 -8 -2 11 12 -11 17 25 28 -14 19 24 20 -9 -6 -22 -5 -17 -10 -21 -16 -7 -1
right_child=1 7 4 23 21 15 8 13 14 10 -12 -13 16 -15 27 18 -18 -19 -20 26 22 -23 -24 -25 -26 -27 -28 -29 -30 -31
leaf_value=-0.49480511519866649 0.60194778660094905 1.532173939957316 -0.42318180989327736 -0.40274862088236263 -0.0086987815876508282 0.053181862035214418 0.7445464075097743 -0.10825192165327376 0.40951605575942807 0.036106796978622811 -0.4647440132399433 0.28863209215971125 0.120061961619366 -0.47380136106288723 -0.24703379851336449 -0.34845810888633133 -0.2240893712205517 -0.88517507932481476 -0.17168358046359714 1.4401524649962314 1.5834939376230734 -0.56822776689089616 0.82457819523659681 -0.48122154939418776 -0.26735109034017446 -0.2243398724147086 5.3276035388893526 0.073963966416529622 -0.33421323328278224 -0.32724445756934267
leaf_weight=6924 5242 6242 6192 9602 6116 8794 11868 5544 19452 24556 5638 13074 4258 2650 10544 10440 18758 1656 11144 3828 3918 3412 15500 3074 14840 1032 5592 35002 1644 3976
leaf_count=6924 5242 6242 6192 9602 6116 8794 11868 5544 19452 24556 5638 13074 4258 2650 10544 10440 18758 1656 11144 3828 3918 3412 15500 3074 14840 1032 5592 35002 1644 3976
internal_value=-0.00163972 0.00152546 -0.000362593 -0.0110795 -0.0116527 -0.00897995 0.000825169 0.00846517 0.00297235 -0.0015133 -0.00225665 -0.00128022 -0.00283528 0.00697426 0.001801 -0.00707908 -0.00663191 0.00794495 -0.00878157 0.00869932 0.00667495 -0.00481108 0.00890823 -0.0206469 -0.010913 0.00586995 0.0140637 -2.89817e-05 -0.00113815 -0.0171523
internal_weight=280512 210074 165144 70438 15720 57762 149424 44930 77898 71526 66284 60646 47572 38688 66030 46862 23016 36038 36424 34382 24962 9528 19418 12676 25280 20484 9420 45546 10438 10900
internal_count=280512 210074 165144 70438 15720 57762 149424 44930 77898 71526 66284 60646 47572 38688 66030 46862 23016 36038 36424 34382 24962 9528 19418 12676 25280 20484 9420 45546 10438 10900
is_linear=0
shrinkage=0.06


Tree=27
num_leaves=31
num_cat=0
split_feature=16 13 7 13 0 13 6 0 6 13 7 1 15 2 5 7 15 10 3 3 15 2 15 5 2 15 13 2 10 2
split_gain=2163.78 774.6 546.872 403.956 400.868 319.822 301.838 240.256 202.321 166.981 147.184 139.735 129.552 105.269 110.764 90.252 86.408 84.5837 84.0749 83.1083 77.1615 74.9562 71.7148 70.3436 68.5653 66.1337 68.8992 62.6711 62.3688 61.9678
threshold=12.35525 90.535000000000011 1.3279464488720423 4.9240000000000004 1.5000000000000002 12.041500000000001 1.1839061703319149 1.5000000000000002 0.86527016917122379 15.901000000000002 1.0090088923758584 6.5000000000000009 17.235000000000003 3.5000000000000004 1.0000000180025095e-35 1.1470346663672066 26.581000000000003 -4.0142857142857125 1.5000000000000002 2.5000000000000004 55.061000000000007 4.5000000000000009 85.3215 1.0000000180025095e-35 1.0000000180025095e-35 113.02150000000002 48.552500000000002 1.0000000180025095e-35 0.34285714285714325 4.5000000000000009
decision_type=2 10 2 8 2 8 2 2 2 10 2 2 2 2 2 2 2 2 2 2 2 2 2 2 2 2 10 2 2 2
left_child=3 2 5 27 -4 24 9 10 23 12 25 -10 17 14 19 21 -6 -5 -8 -13 -21 -3 -23 29 -2 26 -7 -1 -18 -9
right_child=1 15 4 6 16 7 18 8 11 -11 -12 13 -14 -15 -16 -17 28 -19 -20 20 -22 22 -24 -25 -26 -27 -28 -29 -30 -31
leaf_value=-0.26876910438244461 -0.010456752313936767 1.5111181328685392 -0.40701400274065508 0.17868320477886465 -0.49749280869353751 -0.048539324045717647 -0.092508055783677004 1.0686358968117244 -0.0897694820606732 0.018910912813035592 -0.37851841458344765 1.2874863231212597 -0.084739507926644891 0.064407644780882081 -0.73639373486470683 0.035744804418429796 0.47061206068473549 -0.35954639188607967 -0.37010700462884788 0.081003828861418298 0.87275681792991688 -0.0077599391794009875 1.3378510695785291 -0.38669363950543995 -0.38592686304648538 0.56294721354242305 0.27763126402539701 -0.37744386050033463 -0.31698390102361079 0.20537426189672545
leaf_weight=2056 4018 16259 6599 1399 3332 50465 1330 12558 19271 10121 5444 5054 8983 19806 926 2287 3825 23894 10911 9148 13263 2703 1795 753 11670 5061 8248 11744 3930 3659
leaf_count=2056 4018 16259 6599 1399 3332 50465 1330 12558 19271 10121 5444 5054 8983 19806 926 2287 3825 23894 10911 9148 13263 2703 1795 753 11670 5061 8248 11744 3930 3659
internal_value=-0.00165961 0.0013918 0.000112923 -0.0107601 -0.0099265 0.00116142 -0.00851725 0.00199459 0.00414268 -0.00621731 -0.000625849 0.00266971 -0.00821683 0.00439633 0.0067384 0.0117714 -0.00295752 -0.0104151 -0.0168589 0.00742654 0.00585918 0.0130178 0.00616274 0.00999882 -0.00699898 0.00018252 -0.000384753 -0.0199652 0.000514507 0.0108312
internal_weight=280512 210074 187030 70438 17686 169344 56638 153656 84438 44397 69218 67468 34276 48197 28391 23044 11087 25293 12241 27465 22411 20757 4498 16970 15688 63774 58713 13800 7755 16217
internal_count=280512 210074 187030 70438 17686 169344 56638 153656 84438 44397 69218 67468 34276 48197 28391 23044 11087 25293 12241 27465 22411 20757 4498 16970 15688 63774 58713 13800 7755 16217
is_linear=0
shrinkage=0.06


Tree=28
num_leaves=31
num_cat=0
split_feature=16 13 10 13 7 15 13 0 7 8 2 7 2 6 8 5 10 0 0 13 16 8 7 0 8 7 2 13 13 15
split_gain=2017.75 742.952 571.628 370.109 350.341 258.852 251.369 183.392 173.354 144.576 135.951 125.77 121.328 102.438 100.764 95.6221 91.5562 90.4255 89.2691 88.8279 87.3243 84.4075 81.929 77.2601 71.405 71.3692 71.0145 66.5587 64.8316 58.128
threshold=10.610750000000001 90.535000000000011 2.0571428571428587 12.462500000000002 1.2676521103832747 78.941000000000017 4.6260000000000003 1.5000000000000002 1.5056241961781456 0.99227413995177616 3.5000000000000004 1.0575020862977389 3.5000000000000004 0.94342258363213427 1.1130503917353765 1.0000000180025095e-35 -3.5035714285714286 1.5000000000000002 1.5000000000000002 282.74500000000006 1.0565 0.93721691167687304 0.59616265197908047 1.5000000000000002 1.009049387778477 1.1527487844419155 4.5000000000000009 11.682500000000003 80.126500000000007 27.333500000000004
decision_type=2 10 2 8 2 2 8 2 2 2 2 2 2 2 2 2 2 2 2 10 2 2 2 2 2 2 2 10 8 2
left_child=4 2 3 13 6 8 -1 11 12 -7 16 -4 15 -2 -9 17 -8 -5 27 25 -12 -19 -11 -6 -22 26 -3 -18 -24 -15
right_child=1 19 7 5 23 9 10 14 -10 22 20 -13 -14 29 -16 -17 18 21 -20 -21 24 -23 28 -25 -26 -27 -28 -29 -30 -31
leaf_value=-0.32936142144814912 0.086362286684328854 1.2657532491475953 -0.38453136156273565 0.035410709391080389 -0.36114281771355683 1.2080451225460362 0.5641997245634629 0.079684795273903569 -0.404662490185486 1.284067781808552 -0.44201015470160993 -0.418969938072212 -0.056362965223020325 -0.38062993576546755 -0.51388041009383401 -0.50693852394323524 -0.29373424804615716 0.89637526020874192 0.11057474813676449 9.1526675218590352 -0.18899508161984385 0.21099732241441851 -0.048050661259910608 -0.43523567666975344 -0.39338741219847151 0.012616383709624016 0.40394192249420624 0.03848126637083979 0.64148353935526425 -0.31443505272639949
leaf_weight=9349 3516 15239 4353 31791 8832 8728 1576 5473 4322 1654 4238 5077 48045 7098 4808 1671 10724 6402 4702 1569 13863 22568 9243 2772 4829 2257 4146 2897 21732 7038
leaf_count=9349 3516 15239 4353 31791 8832 8728 1576 5473 4322 1654 4238 5077 48045 7098 4808 1671 10724 6402 4702 1569 13863 22568 9243 2772 4829 2257 4146 2897 21732 7038
internal_value=-0.00166068 0.00109989 -0.000116733 0.000981428 -0.011041 0.00191232 -0.008944 -0.00980011 0.000446084 0.0059823 -0.0069983 -0.0158431 0.000907248 -0.00725357 -0.00425737 0.00265152 -0.00336952 0.00304093 -0.00456312 0.0112434 -0.0101474 0.00546565 0.00414754 -0.0204705 -0.00838434 0.010244 0.0114197 -0.00702371 0.00345278 -0.00953311
internal_weight=280512 216730 193519 173808 63782 156156 52178 19711 114799 41357 42829 9430 110477 17652 10281 62432 19899 60761 18323 23211 22930 28970 32629 11604 18692 21642 19385 13621 30975 14136
internal_count=280512 216730 193519 173808 63782 156156 52178 19711 114799 41357 42829 9430 110477 17652 10281 62432 19899 60761 18323 23211 22930 28970 32629 11604 18692 21642 19385 13621 30975 14136
is_linear=0
shrinkage=0.06


Tree=29
num_leaves=31
num_cat=0
split_feature=16 16 6 6 0 16 10 8 10 8 0 3 3 8 8 3 3 3 5 8 3 14 3 3 15 3 10 0 10 14
split_gain=1883.12 649.571 558.252 328.358 204.124 176.349 152.477 150.598 137.807 127.818 120.085 115.486 161.657 140.173 110.192 108.276 106.07 218.664 103.458 98.661 96.6932 89.0437 144.349 86.6725 82.0163 74.7322 70.1755 67.5989 67.4078 66.7949
threshold=10.610750000000001 89.346250000000012 1.3056199373392212 1.0949594175004533 2.5000000000000004 1.7202500000000003 2.1785714285714297 0.88894552287495243 1.8071428571428578 0.79715233006477815 1.5000000000000002 4.5000000000000009 10.500000000000002 0.88026926094159641 1.6910216035344157 1.5000000000000002 5.5000000000000009 6.5000000000000009 1.0000000180025095e-35 0.86473996727076907 6.5000000000000009 255.79250000000005 10.500000000000002 2.5000000000000004 19.271500000000003 10.500000000000002 -0.88571428571428734 1.5000000000000002 -6.5357142857142865 25.312500000000004
decision_type=2 2 2 2 2 2 2 2 2 2 2 2 2 2 2 2 2 2 2 2 2 2 2 2 2 2 2 2 2 2
left_child=3 2 4 5 6 -1 11 27 18 -6 -4 28 13 -13 23 -5 29 -18 21 -7 -11 26 -23 -12 -21 -22 -9 -3 -2 -15
right_child=1 7 10 15 9 19 -8 8 -10 20 14 12 -14 16 -16 -17 17 -19 -20 24 25 22 -24 -25 -26 -27 -28 -29 -30 -31
leaf_value=-0.38536649649241356 1.3231485648197776 0.32389382319011617 -0.31078213835037161 -0.10407049547994596 0.91720365626201072 -0.060546742476689466 -0.34970286413321539 1.0617189383184624 -0.4725949067030023 0.46818100393972284 0.9387177460842876 0.2189536951167278 0.24782636501320404 -0.67644740431483907 -0.6043417665001698 -0.33473285982422629 0.24815366210109857 -0.15088208394176775 -0.9575888688161559 -0.3081966743921204 -0.21584672827963391 -0.79905734369208403 6.5208211704501027 -0.33096447724576877 -0.089987137855536151 0.40589921727775397 0.5845193731309084 1.6709838411643834 0.11930188003602893 -0.4208491281896552
leaf_weight=9870 768 1500 8182 1582 6768 11272 8604 5216 2656 16046 1328 8808 14792 2874 2026 15850 6916 29016 1500 18468 9742 870 3168 7284 6740 4344 23156 6864 39068 5234
leaf_count=9870 768 1500 8182 1582 6768 11272 8604 5216 2656 16046 1328 8808 14792 2874 2026 15850 6916 29016 1500 18468 9742 870 3168 7284 6740 4344 23156 6864 39068 5234
internal_value=-0.00165447 0.00101241 -0.000667404 -0.0107165 0.000532226 -0.00807638 -0.00070348 0.00743557 0.00577422 0.00441951 -0.0104187 -8.82057e-05 -0.00159758 -0.00314941 -0.00621545 -0.0177363 -0.00453134 -0.00313258 0.00680507 -0.00615132 0.00274592 0.00751805 0.0158544 -0.0032536 -0.00823786 -0.000881727 0.00633159 0.0146987 0.00247465 -0.0107301
internal_weight=280512 216730 171800 63782 152980 46350 116080 44930 36566 36900 18820 107476 67640 52848 10638 17432 44040 35932 33910 36480 30132 32410 4038 8612 25208 14086 28372 8364 39836 8108
internal_count=280512 216730 171800 63782 152980 46350 116080 44930 36566 36900 18820 107476 67640 52848 10638 17432 44040 35932 33910 36480 30132 32410 4038 8612 25208 14086 28372 8364 39836 8108
is_linear=0
shrinkage=0.06


Tree=30
num_leaves=31
num_cat=0
split_feature=16 7 0 16 7 16 7 3 8 8 8 16 3 3 7 2 14 0 3 2 12 8 15 3 3 15 0 2 7 8
split_gain=1736.89 646.129 556.271 456.754 349.362 188.762 177.417 161.968 160.415 151.355 126.924 122.512 130.49 118.338 105.392 95.9299 88.3603 85.7008 76.3873 75.8894 75.7672 73.9405 70.9846 69.1934 152.369 68.3072 60.9398 60.1352 59.5215 57.8816
threshold=10.610750000000001 1.1631885713852317 1.5000000000000002 103.73475000000001 1.2676521103832747 1.7202500000000003 0.78302576127124479 1.5000000000000002 1.5815960022970079 1.2116330402061204 0.93721691167687304 35.14050000000001 4.5000000000000009 10.500000000000002 0.72852641831424136 1.5000000000000002 420.42500000000001 1.5000000000000002 1.5000000000000002 4.5000000000000009 1.0587500000000003 1.0483554398014092 3.2015000000000007 5.5000000000000009 6.5000000000000009 55.795000000000009 1.5000000000000002 3.5000000000000004 1.5056241961781456 0.71435077137858138
decision_type=2 2 2 2 2 2 2 2 2 2 2 2 2 2 2 2 2 2 2 2 2 2 2 2 2 2 2 2 2 2
left_child=4 3 28 6 5 22 7 -2 20 -9 -5 12 19 23 -7 25 -12 -16 -6 21 27 -8 -1 29 -25 -13 -20 -4 -3 -14
right_child=1 2 8 10 18 14 11 9 -10 -11 16 15 13 -15 17 -17 -18 -19 26 -21 -22 -23 -24 24 -26 -27 -28 -29 -30 -31
leaf_value=-0.39608871313812044 1.4312927613507378 -0.32437183363085292 0.43575408411054539 2.0542208431491984 -0.14025827422177539 -0.037305272308344434 0.61159393575347609 0.39638460506400552 -0.52782261385204632 -0.32064485766898243 0.92666737292636114 0.076129652046514451 1.5950759252437463 0.16448686818948402 -0.24711856724737696 0.011145237379477918 6.0315898705195545 -0.14776981230030009 -0.32702381289566262 -0.14089803860157005 -0.5736341185875159 -0.44435343281574796 -0.25524356449211116 0.20855690015202569 -0.15585673037051062 0.53712782265176351 -0.39396644425203126 -0.12360766078917143 -0.36285515116564482 -0.60873891259522173
leaf_weight=7024 2416 6834 8600 4792 1080 9292 7026 20686 2372 3856 22686 11432 316 7324 22454 52932 1012 9532 8018 4490 1994 822 3876 4950 25074 12430 2506 5942 4324 4420
leaf_count=7024 2416 6834 8600 4792 1080 9292 7026 20686 2372 3856 22686 11432 316 7324 22454 52932 1012 9532 8018 4490 1994 822 3876 4950 25074 12430 2506 5942 4324 4420
internal_value=-0.00163244 0.000928805 -0.00723409 0.0022436 -0.0103355 -0.0082414 0.00098398 0.00541732 -0.000964671 0.00395811 0.00923693 7.31618e-05 -0.00210466 -0.00369547 -0.00638694 0.00161653 0.00743607 -0.00802101 -0.0197518 0.00332145 0.00112845 0.00688073 -0.0152642 -0.00515593 -0.00409273 0.00477496 -0.0213113 0.00263238 -0.017858 -0.0118961
internal_weight=280512 216730 30066 186664 63782 52178 158174 26958 18908 24542 28490 131216 54422 42084 41278 76794 23698 31986 11604 12338 16536 7848 10900 34760 30024 23862 10524 14542 11158 4736
internal_count=280512 216730 30066 186664 63782 52178 158174 26958 18908 24542 28490 131216 54422 42084 41278 76794 23698 31986 11604 12338 16536 7848 10900 34760 30024 23862 10524 14542 11158 4736
is_linear=0
shrinkage=0.06


Tree=31
num_leaves=31
num_cat=0
split_feature=16 13 7 0 7 13 13 0 13 10 7 15 3 7 3 10 1 6 6 3 10 2 3 15 0 5 2 10 2 0
split_gain=1602.17 633.453 508.242 370.544 342.54 271.868 232.724 207.358 134.292 128.38 109.247 97.453 93.7071 110.256 87.1927 85.288 85.1296 79.6659 79.0394 74.2185 83.4344 74.1213 72.3518 72.0707 70.742 62.9844 77.0031 61.9798 60.8619 60.125
threshold=10.610750000000001 90.535000000000011 1.3224201409207037 1.5000000000000002 1.2676521103832747 10.914000000000001 2.9715000000000003 2.5000000000000004 15.901000000000002 2.0214285714285736 0.63706791619977432 16.931500000000003 10.500000000000002 0.95947785065862645 6.5000000000000009 -4.0142857142857125 6.5000000000000009 1.0366247893146072 0.94047863631730233 1.5000000000000002 0.70000000000000018 1.0000000180025095e-35 2.5000000000000004 24.851000000000003 1.5000000000000002 1.0000000180025095e-35 1.0000000180025095e-35 -1.1142857142857128 4.5000000000000009 1.5000000000000002
decision_type=2 10 2 2 2 8 8 2 10 2 2 2 2 2 2 2 2 2 2 2 2 2 2 2 2 2 2 2 2 2
left_child=4 2 5 -4 6 21 -1 9 11 10 22 15 13 -3 27 -8 -12 -14 -16 20 -6 -2 -7 -5 -15 26 -18 -9 -10 -21
right_child=1 12 3 23 19 7 8 14 28 -11 16 -13 17 24 18 -17 25 -19 -20 29 -22 -23 -24 -25 -26 -27 -28 -29 -30 -31
leaf_value=-0.32332081625938675 0.0074343152462174444 0.93684365727729635 -0.31759264512590141 -0.42916046863219276 1.4045421224154078 1.2081126909283657 0.17225995999867319 1.3819063303186154 0.15945273677441671 -0.28302396051125606 -0.11509636398712444 -0.090729236263771745 2.9476372079679849 -0.52486837572896372 0.87426942930047036 -0.26529690803244294 0.36253660135037874 -0.89650451964372591 0.016573183559112435 -0.30740238412192289 -0.31197451045206737 -0.32973764054840771 0.25012274698954678 0.0087773507179312558 0.67640137364234165 -0.35307456238195251 0.037961442313088296 0.51228438306604174 -0.21477088012942189 -0.37032845759690936
leaf_weight=6668 4053 6689 7366 3341 388 2247 1465 2673 5187 9526 27061 8732 5877 1828 4247 26137 10034 532 15933 8018 692 11897 6232 8194 8285 3098 57837 19780 3989 2506
leaf_count=6668 4053 6689 7366 3341 388 2247 1465 2673 5187 9526 27061 8732 5877 1828 4247 26137 10034 532 15933 8018 692 11897 6232 8194 8285 3098 57837 19780 3989 2506
internal_value=-0.00162966 0.00083025 -0.00029315 -0.00963917 -0.0099884 0.000718483 -0.00791483 0.00146911 -0.00638102 0.00015435 0.000751204 -0.00801894 0.0101965 0.00784192 0.0050475 -0.00976668 0.000186065 0.0163692 0.00218533 -0.0193123 -0.00433333 -0.00674859 0.00728506 -0.00292588 0.00388905 0.00127788 0.00165977 0.00761992 0.000104621 -0.0208495
internal_weight=280512 216730 193519 18901 63782 174618 52178 158668 45510 116035 106509 36334 23211 16802 42633 27602 98030 6409 20180 11604 1080 15950 8479 11535 10113 70969 67871 22453 9176 10524
internal_count=280512 216730 193519 18901 63782 174618 52178 158668 45510 116035 106509 36334 23211 16802 42633 27602 98030 6409 20180 11604 1080 15950 8479 11535 10113 70969 67871 22453 9176 10524
is_linear=0
shrinkage=0.06


Tree=32
num_leaves=31
num_cat=0
split_feature=16 7 13 0 7 13 13 15 3 10 8 8 8 2 13 2 3 13 0 0 8 10 14 15 3 2 15 13 10 6
split_gain=1495.93 582.99 511.495 484.074 342.554 243.544 224.538 179.466 161.296 169.168 164.038 128.039 127.988 109.535 108.465 105.355 89.3185 88.295 80.7381 75.5986 68.7161 67.7063 67.5479 66.6736 66.6489 65.1474 61.0667 60.3393 59.0466 57.2804
threshold=10.610750000000001 1.2097363457627137 104.47250000000001 1.5000000000000002 1.2676521103832747 44.045000000000009 2.9715000000000003 108.20900000000002 1.5000000000000002 -1.0000000180025095e-35 1.290837523479655 1.5420811805106649 1.009049387778477 1.5000000000000002 12.041500000000001 3.5000000000000004 10.500000000000002 4.9810000000000008 1.5000000000000002 1.5000000000000002 0.93721691167687304 -0.97142857142857009 255.79250000000005 31.892500000000002 10.500000000000002 4.5000000000000009 3.9315000000000002 195.04500000000004 0.92857142857142916 0.96789600324889957
decision_type=2 2 10 2 2 8 8 2 2 2 2 2 2 2 10 2 2 10 2 2 2 2 2 2 2 2 2 10 2 2
left_child=4 2 5 -3 6 13 -1 8 9 -7 15 23 14 -2 16 18 26 -15 -10 -6 -20 -9 -23 -5 29 -14 -8 -26 -25 -4
right_child=1 3 24 11 19 7 12 21 10 -11 -12 -13 25 17 -16 -17 -18 -19 20 -21 -22 22 -24 28 27 -27 -28 -29 -30 -31
leaf_value=-0.30392156728382347 0.054588098137375168 -0.30238477647713613 1.2344685261105646 -0.31213407337565469 -0.28251999296841007 1.7335225649750801 -0.27059943420336002 1.4194128123764667 0.023445303176547583 0.3530708187863289 -0.46091265992912539 -0.46935259213512337 -0.20325491694996994 -0.40301299754760894 0.047401405897874761 -0.062539269539927736 0.34591952460763287 -0.098293695559220726 0.74009729925334655 -0.34342383415437233 0.24483950637229546 0.60332119595710298 5.1287706135123621 0.57404859990317003 1.3844199181723396 -0.35257333568877847 -0.15412480972757034 6.4082255594391215 -0.15388075260219841 0.65059974307983504
leaf_weight=6668 15633 9998 3812 4684 8832 2616 10621 2922 24873 8840 5690 2540 5736 5910 8556 37618 2040 25480 7257 2772 20662 14736 1877 6016 2553 4689 13868 2567 3640 6806
leaf_count=6668 15633 9998 3812 4684 8832 2616 10621 2922 24873 8840 5690 2540 5736 5910 8556 37618 2040 25480 7257 2772 20662 14736 1877 6016 2553 4689 13868 2567 3640 6806
internal_value=-0.00161148 0.000765469 0.00193635 -0.00750502 -0.00968831 0.00100003 -0.0076147 0.002365 0.00140411 0.00813373 0.000601873 -0.00130806 -0.00610811 -0.00268911 -0.00437366 0.00122376 -0.00626823 -0.00473272 0.00295272 -0.0190124 0.00516745 0.00765549 0.00617408 0.000891213 0.0122951 -0.0119453 -0.00727306 0.017918 0.00374068 0.00958373
internal_weight=280512 216730 189852 26878 63782 174114 52178 127091 107556 11456 96100 16880 45510 47023 35085 90410 26529 31390 52792 11604 27919 19535 16613 14340 15738 10425 24489 5120 9656 10618
internal_count=280512 216730 189852 26878 63782 174114 52178 127091 107556 11456 96100 16880 45510 47023 35085 90410 26529 31390 52792 11604 27919 19535 16613 14340 15738 10425 24489 5120 9656 10618
is_linear=0
shrinkage=0.06


Tree=33
num_leaves=31
num_cat=0
split_feature=16 10 13 13 13 6 15 0 3 8 8 8 3 3 10 8 13 3 15 6 13 3 14 5 3 4 10 0 15 10
split_gain=1397.64 562.444 460.466 306.897 283.708 232.745 217.952 172.377 170.709 273.796 135.111 127.207 123.513 136.944 115.357 101.581 99.2642 89.3729 87.1139 86.8388 81.9432 82.2889 96.6599 79.7136 86.6692 74.6707 73.2876 72.5351 71.2573 71.0277
threshold=10.610750000000001 2.0571428571428587 105.87500000000001 3.9210000000000007 4.9810000000000008 1.3814312874136827 78.941000000000017 1.5000000000000002 1.5000000000000002 1.290837523479655 0.99999968811882878 1.009049387778477 10.500000000000002 6.5000000000000009 -1.0000000180025095e-35 1.1130503917353765 15.901000000000002 1.5000000000000002 16.537500000000005 0.8882316848266788 70.141000000000005 2.5000000000000004 255.79250000000005 1.0000000180025095e-35 5.5000000000000009 1.0000000180025095e-35 -0.049999999999999857 2.5000000000000004 29.932500000000001 -4.0142857142857125
decision_type=2 2 10 8 8 2 2 2 2 2 2 2 2 2 2 2 10 2 2 2 8 2 2 2 2 2 2 2 2 2
left_child=3 2 4 -1 28 11 8 -3 14 12 -8 16 13 23 -6 -9 18 -13 29 -15 -12 26 -23 24 27 -25 -22 -10 -2 -5
right_child=1 7 -4 5 6 -7 10 15 9 -11 20 17 -14 19 -16 -17 -18 -19 -20 -21 21 22 -24 25 -26 -27 -28 -29 -30 -31
leaf_value=-0.27350148087717319 -0.33211926718791135 -0.323737438038188 1.2877995698822906 0.49483677874017129 1.6009835775618986 -0.26355983725133608 0.96560256086513185 0.097668277040714457 -0.026400619624378976 -0.35572735068107192 -0.1016641401361558 0.11618720710280533 0.34592628456072128 0.12438120318375766 0.2818039329962812 -0.45266032380945198 0.071013338057038758 -0.30096347187280031 0.0059518966774778194 -0.13316563163275202 1.1685322765949973 0.14479272668368282 4.7586438640063085 -0.63888788121277318 0.32588409613126484 0.21660200193531007 0.66499195516430887 0.37019549052039563 -0.19348662648666773 -0.22559975938733792
leaf_weight=10923 6181 9696 15682 807 2549 7703 9776 6144 32049 7894 8804 1306 15016 7434 8151 5156 7498 9099 6685 29836 2454 17209 1929 2109 8215 1002 4881 9495 5068 19761
leaf_count=10923 6181 9696 15682 807 2549 7703 9776 6144 32049 7894 8804 1306 15016 7434 8151 5156 7498 9099 6685 29836 2454 17209 1929 2109 8215 1002 4881 9495 5068 19761
internal_value=-0.001601 0.000696535 0.00169761 -0.00940798 0.000838758 -0.00751603 0.00145359 -0.00863593 0.000152727 -0.000532862 0.00502675 -0.00587164 0.000276161 -0.000563124 0.00739626 -0.0036 -0.00412909 -0.0116915 -0.0058111 -0.00334854 0.00329705 0.00496468 0.00289372 0.00140042 0.00198296 -0.00791707 0.0103681 0.00086944 -0.00838741 -0.00774504
internal_weight=280512 216730 195734 63782 180052 52859 168803 20996 123750 113050 45053 45156 105156 90140 10700 11300 34751 10405 27253 37270 35277 26473 19138 52870 49759 3111 7335 41544 11249 20568
internal_count=280512 216730 195734 63782 180052 52859 168803 20996 123750 113050 45053 45156 105156 90140 10700 11300 34751 10405 27253 37270 35277 26473 19138 52870 49759 3111 7335 41544 11249 20568
is_linear=0
shrinkage=0.06


Tree=34
num_leaves=31
num_cat=0
split_feature=16 10 13 6 13 13 15 0 8 0 13 8 8 6 15 13 8 13 1 6 15 10 2 14 2 5 2 2 6 8
split_gain=1307.05 522.184 412.312 299.426 261.546 231.009 201.668 165.439 125.994 123.372 122.833 91.3859 87.9787 85.9906 82.4628 75.8694 75.3319 73.008 78.4262 68.5697 66.8389 61.2709 57.4124 54.5736 53.0264 52.9399 50.9848 50.3687 46.3686 46.1666
threshold=10.610750000000001 2.0571428571428587 105.87500000000001 1.3814312874136827 4.9810000000000008 2.9715000000000003 98.201500000000024 1.5000000000000002 1.6910216035344157 2.5000000000000004 15.901000000000002 1.1130503917353765 1.009049387778477 0.99393486158824051 17.575000000000003 282.74500000000006 0.99999968811882878 49.214000000000006 5.5000000000000009 0.70282760514323894 29.932500000000001 -4.0142857142857125 3.5000000000000004 420.42500000000001 4.5000000000000009 1.0000000180025095e-35 1.5000000000000002 4.5000000000000009 0.86595071901066567 0.71085400727221548
decision_type=2 2 10 2 8 8 2 2 2 2 10 2 2 2 2 10 2 10 2 2 2 2 2 2 2 2 2 2 2 2
left_child=3 2 4 5 20 26 8 19 9 17 12 -9 14 -8 21 24 -11 18 -6 -3 -2 -7 25 -15 -4 28 -1 -12 -20 -23
right_child=1 7 15 -5 6 10 13 11 -10 16 27 -13 -14 23 -16 -17 -18 -19 22 -21 -22 29 -24 -25 -26 -27 -28 -29 -30 -31
leaf_value=-0.16816383642514446 -0.3121921111566367 -0.15789019089229525 1.2013442524050137 -0.25961046265654197 -0.17010237500166034 0.4240472809150404 1.0680447867513509 0.091808180418271698 -0.39427253471092627 0.5917123931705085 0.15006101437758979 -0.42550070438088483 -0.25244703779806277 0.38800859579600638 0.0072238961637084388 7.858715463495626 0.15449155471622333 0.18957534032161133 0.54654931310054722 -0.32048847782684686 -0.18187742889746769 -0.086689243405369321 -0.071167753221260094 4.6435259279667118 0.18875924754634013 -0.56053815185221068 -0.29685515640443816 -0.1887584334068044 0.035380760285457169 -0.24067214350575108
leaf_weight=1784 6181 2022 11218 9940 22569 861 7247 6144 1872 8539 5322 5156 8996 21630 6487 1559 25807 15789 5908 7674 5068 5313 27515 529 2905 1095 5247 4048 30303 15784
leaf_count=1784 6181 2022 11218 9940 22569 861 7247 6144 1872 8539 5322 5156 8996 21630 6487 1559 25807 15789 5908 7674 5068 5313 27515 529 2905 1095 5247 4048 30303 15784
internal_value=-0.00158261 0.000639229 0.00160381 -0.00913236 0.000791105 -0.007366 0.00138143 -0.00835302 0.000428919 0.000639375 -0.00584286 -0.00341947 -0.00738041 0.00589676 -0.00574477 0.0109348 0.00375415 -0.000397465 -0.00107587 -0.0141027 -0.00806738 -0.00750068 -1.52728e-05 0.00404125 0.00954825 0.00151825 -0.0175068 0.000300961 0.0019113 -0.00814097
internal_weight=280512 216730 195734 63782 180052 53842 168803 20996 139397 137525 46811 11300 37441 29406 28445 15682 34346 103179 87390 9696 11249 21958 64821 22159 14123 37306 7031 9370 36211 21097
internal_count=280512 216730 195734 63782 180052 53842 168803 20996 139397 137525 46811 11300 37441 29406 28445 15682 34346 103179 87390 9696 11249 21958 64821 22159 14123 37306 7031 9370 36211 21097
is_linear=0
shrinkage=0.06


Tree=35
num_leaves=31
num_cat=0
split_feature=16 7 0 13 7 13 10 3 13 8 8 3 8 8 14 2 5 13 3 3 3 3 3 14 7 15 2 13 7 3
split_gain=1215.53 524.539 496.584 385.723 324.766 205.233 203.777 200.547 192.652 149.347 115.618 116.809 107.47 103.634 100.249 98.9973 128.947 87.3555 85.7904 81.4822 117.47 110.544 83.91 87.7971 82.5632 81.3451 80.2648 76.4806 73.5592 72.114
threshold=10.610750000000001 1.0694323728596131 1.5000000000000002 111.90750000000001 1.2676521103832747 2.9715000000000003 -1.0000000180025095e-35 1.5000000000000002 10.914000000000001 1.1462463311784628 1.3216108548220948 2.5000000000000004 1.009049387778477 1.1550993474038542 153.70500000000001 3.5000000000000004 1.0000000180025095e-35 6.3310000000000004 7.5000000000000009 6.5000000000000009 5.5000000000000009 9.5000000000000018 4.5000000000000009 30.441000000000006 0.9037474261243561 17.965000000000003 2.5000000000000004 73.865000000000023 1.3353687777785301 1.5000000000000002
decision_type=2 2 2 10 2 8 2 2 8 2 2 2 2 2 2 2 2 10 2 2 2 2 2 2 2 2 2 8 2 2
left_child=4 3 28 6 5 -1 7 -2 18 -4 26 -12 17 14 15 16 19 25 -8 20 22 -21 23 -10 -24 -7 -9 -16 -3 -6
right_child=1 2 9 -5 29 12 8 10 13 -11 11 -13 -14 -15 27 -17 -18 -19 -20 21 -22 -23 24 -25 -26 -27 -28 -29 -30 -31
leaf_value=-0.252951340416188 1.4995400676270274 -0.25904962885723554 0.26673718692670279 1.4063246934707343 -0.096260686804931786 -0.20346169443256987 -0.16390374871189453 0.6848331921067532 0.81295000482872048 -0.30405406659638418 0.66269890696371114 -0.44151239088051003 -0.2379150716454882 -0.34967845755846949 -0.71396494398528632 -0.052383967498927431 -0.45894236740350119 0.012378253339666986 -0.40419754954723042 -0.077847053815164241 0.71505906993923107 0.39557272021846507 1.5444887103498699 0.17911912213809414 -0.54544964722167477 0.03193743794281375 0.11079356438019573 2.7734390939736069 -0.25958318249039636 -0.25116342202239345
leaf_weight=6668 2922 6400 13132 12902 1080 18326 6054 10861 5319 10262 902 2792 10425 6162 1110 47685 1985 11503 5328 16711 5015 12680 568 20330 4339 5256 10591 5448 7232 10524
leaf_count=6668 2922 6400 13132 12902 1080 18326 6054 10861 5319 10262 902 2792 10425 6162 1110 47685 1985 11503 5328 16711 5015 12680 568 20330 4339 5256 10591 5448 7232 10524
internal_value=-0.00157234 0.000570295 -0.00593259 0.00191014 -0.00885297 -0.00683391 0.00113704 0.00579949 0.000193752 -0.000628366 0.00407063 -0.00573362 -0.00539354 0.000862177 0.00124812 0.000835369 0.00232348 -0.00380419 -0.00728519 0.00278378 0.00471536 0.000446055 0.0033185 0.00469375 -0.00386998 -0.00589517 0.0057589 0.00846295 -0.0150352 -0.0179317
internal_weight=280512 216730 37026 179704 63782 52178 166802 28068 138734 23394 25146 3694 45510 127352 121190 114632 66947 35085 11382 64962 35571 29391 30556 25649 4907 23582 21452 6558 13632 11604
internal_count=280512 216730 37026 179704 63782 52178 166802 28068 138734 23394 25146 3694 45510 127352 121190 114632 66947 35085 11382 64962 35571 29391 30556 25649 4907 23582 21452 6558 13632 11604
is_linear=0
shrinkage=0.06


Tree=36
num_leaves=31
num_cat=0
split_feature=16 7 13 0 7 0 13 10 7 2 5 1 2 2 13 13 13 13 14 0 12 15 10 0 13 7 1 10 10 10
split_gain=1128.25 496.136 356.729 330.717 311.466 212.787 198.285 181.865 149.19 120.862 129.772 129.966 103.751 96.0256 86.1032 81.6701 79.4568 65.4691 66.61 64.3515 63.7779 63.282 61.9344 69.4139 61.9262 57.3924 54.3349 50.8023 49.9141 47.4847
threshold=10.610750000000001 1.3224201409207037 117.43500000000002 1.5000000000000002 1.2676521103832747 1.5000000000000002 2.9715000000000003 -0.70714285714285707 1.0000317254658451 3.5000000000000004 1.0000000180025095e-35 5.5000000000000009 4.5000000000000009 1.0000000180025095e-35 72.065000000000012 11.682500000000003 4.8110000000000008 98.437500000000014 166.06500000000003 1.5000000000000002 0.52875000000000016 31.892500000000002 -2.8999999999999986 1.5000000000000002 282.74500000000006 0.65116675717781247 5.5000000000000009 2.5571428571428587 0.39285714285714374 0.34285714285714325
decision_type=2 2 10 2 2 2 8 2 2 2 2 2 2 2 8 10 8 8 2 2 2 2 2 2 10 2 2 2 2 2
left_child=4 2 5 -3 6 8 -1 20 16 10 11 -9 15 -13 -15 22 -2 -11 -19 -6 26 -5 -8 -24 -4 -18 -7 -10 -27 -23
right_child=1 3 24 21 19 7 12 9 27 17 -12 13 -14 14 -16 -17 25 18 -20 -21 -22 29 23 -25 -26 28 -28 -29 -30 -31
leaf_value=-0.23777425999121676 -0.30744565118137801 -0.24210103273926625 1.0781502143267578 -0.34334606295003434 -0.22087333222817684 0.24539083059719408 0.2451986501645706 -0.069855149505619982 -0.19302523927039075 -0.19474930518965378 -0.6171807695423005 0.92642750167220977 -0.21270253305447606 -0.059243719932854579 0.601142141756842 0.1066313629749817 0.29351503516988003 0.010439443712027482 3.070052083921444 -0.27539252912765055 0.0095761355462882849 0.40457277238348094 -0.17696703622334067 0.037771970875987541 7.3028130540776441 -0.0094591111312796617 1.024387253361976 -0.37488387666966 -0.34748949543657465 -0.2577423728862463
leaf_weight=6668 4228 7468 10830 4460 8832 4305 1989 12042 6226 14198 1595 9397 18374 7868 19020 6300 6969 18770 1046 2772 2764 4172 14442 4405 1548 59758 9236 2031 4677 4122
leaf_count=6668 4228 7468 10830 4460 8832 4305 1989 12042 6226 14198 1595 9397 18374 7868 19020 6300 6969 18770 1046 2772 2764 4172 14442 4405 1548 59758 9236 2031 4677 4122
internal_value=-0.00155074 0.000513542 0.00143445 -0.00843537 -0.00856511 0.000771629 -0.00658783 0.00263754 -0.001458 0.00151115 0.00339049 0.00394624 -0.00517205 0.00573874 0.00391401 -0.00281471 -0.000621959 -0.00124713 0.000981025 -0.017456 0.00843606 -0.0025639 -0.00462469 -0.00568738 0.0112942 -0.000148731 0.0101315 -0.0091159 -0.000708156 0.000535327
internal_weight=280512 216730 196508 20222 63782 184130 52178 100241 83889 83936 49922 48327 45510 36285 26888 27136 75632 34014 19816 11604 16305 12754 20836 18847 12378 71404 13541 8257 64435 8294
internal_count=280512 216730 196508 20222 63782 184130 52178 100241 83889 83936 49922 48327 45510 36285 26888 27136 75632 34014 19816 11604 16305 12754 20836 18847 12378 71404 13541 8257 64435 8294
is_linear=0
shrinkage=0.06


Tree=37
num_leaves=31
num_cat=0
split_feature=16 10 15 13 13 6 3 10 3 3 0 5 13 0 6 13 2 15 5 2 3 13 6 5 6 10 14 13 6 13
split_gain=1047.98 483.282 352.665 255.827 225.594 195.75 166.414 181.817 161.674 165.515 148.431 128.723 123.181 115.424 101.993 98.8421 95.5503 77.4115 76.7789 76.6139 88.0603 74.6629 83.4072 68.3144 67.9736 65.7141 65.6695 63.2885 54.1541 52.9213
threshold=9.5154750000000003 2.0571428571428587 108.20900000000002 2.9715000000000003 3.3515000000000006 1.3814312874136827 1.5000000000000002 -1.0000000180025095e-35 10.500000000000002 6.5000000000000009 1.5000000000000002 1.0000000180025095e-35 80.126500000000007 2.5000000000000004 0.74585984505947345 6.3310000000000004 1.5000000000000002 17.965000000000003 1.0000000180025095e-35 4.5000000000000009 5.5000000000000009 228.39650000000003 0.99393486158824051 1.0000000180025095e-35 0.70282760514323894 -4.7345238095238091 323.90250000000009 103.18150000000001 0.80732175985226029 12.041500000000001
decision_type=2 2 2 8 8 2 2 2 2 2 2 2 8 2 2 10 2 2 2 2 2 10 2 2 2 2 2 10 2 10
left_child=3 2 4 -1 -2 15 7 -6 9 13 24 12 -4 18 -11 17 23 25 19 20 -8 22 -14 -10 -3 -5 -24 -18 -12 -16
right_child=1 10 11 5 6 -7 8 -9 16 14 28 -13 21 -15 29 -17 27 -19 -20 -21 -22 -23 26 -25 -26 -27 -28 -29 -30 -31
leaf_value=-0.23279018527094189 -0.29023118097261308 -0.14270790551939419 0.02466425257031581 0.39610022671621781 1.2195372089453738 -0.20429046816261981 0.013880106085638744 0.18198667734819124 1.0579279500320347 0.14063791113427881 0.2032513602252885 -0.69464032632681127 1.5474258321813197 0.36111937189324778 -0.20453432258661722 -0.031104564136233817 0.051583298270810332 -0.051528283339331758 -0.41051990363685548 -0.14754387134983013 0.33039706001405211 5.7335981014460948 0.80226905008034433 -0.2865587803390609 -0.26689866179253863 -0.20957480411863644 4.3166885898994218 1.667557387414216 -0.31164691364386982 -0.04516630829279563
leaf_weight=8454 8463 2178 5871 841 4248 7554 29359 11159 6303 7995 3008 1570 5620 18537 26432 13546 15287 6130 3089 13522 6419 1790 14283 367 8206 22851 1158 2055 8452 15765
leaf_count=8454 8463 2178 5871 841 4248 7554 29359 11159 6303 7995 3008 1570 5620 18537 26432 13546 15287 6130 3089 13522 6419 1790 14283 367 8206 22851 1158 2055 8452 15765
internal_value=-0.00153919 0.000361135 0.00128977 -0.00861661 0.000221183 -0.0070119 0.000724506 0.00665347 9.50872e-05 -0.000796579 -0.00811115 0.00725142 0.00816587 0.00106928 -0.00343322 -0.00545932 0.0045927 -0.00738985 -0.000370498 0.000204462 0.00165856 0.0101575 0.00915768 0.0106957 -0.013307 -0.00894479 0.00687974 0.00224542 -0.00340314 -0.00461052
internal_weight=280512 221136 199292 59376 169000 50922 160537 15407 145130 121118 21844 30292 28722 70926 50192 43368 24012 29822 52389 49300 35778 22851 21061 6670 10384 23692 15441 17342 11460 42197
internal_count=280512 221136 199292 59376 169000 50922 160537 15407 145130 121118 21844 30292 28722 70926 50192 43368 24012 29822 52389 49300 35778 22851 21061 6670 10384 23692 15441 17342 11460 42197
is_linear=0
shrinkage=0.06


Tree=38
num_leaves=31
num_cat=0
split_feature=16 7 16 0 7 10 8 3 3 16 8 0 7 14 8 8 15 3 3 14 8 15 7 10 3 14 8 0 3 2
split_gain=974.064 466.583 312.348 308.738 280.484 169.569 153.853 133.008 175.231 128.532 110.932 97.3974 91.1184 87.1218 83.1498 82.4411 73.7265 75.189 208.903 84.0223 71.0013 64.5488 60.9865 59.6812 129.513 60.3979 74.5209 57.6694 55.1346 54.6841
threshold=9.5154750000000003 1.3353687777785301 113.438 1.5000000000000002 1.2906415705576875 2.2160256410256411 0.88496692339787264 4.5000000000000009 10.500000000000002 1.7202500000000003 0.89276965801459873 1.5000000000000002 0.62510886259936693 420.42500000000001 1.5420811805106649 1.3278046480284269 81.406500000000008 5.5000000000000009 6.5000000000000009 25.005000000000006 1.0398223041144161 3.2015000000000007 0.68668525903260591 -1.7785714285714276 2.5000000000000004 60.011500000000005 1.0483554398014092 1.5000000000000002 2.5000000000000004 3.5000000000000004
decision_type=2 2 2 2 2 2 2 2 2 2 2 2 2 2 2 2 2 2 2 2 2 2 2 2 2 2 2 2 2 2
left_child=4 2 5 -3 9 6 11 23 15 21 -4 -2 -11 -12 -5 16 17 19 -19 -9 -14 -1 -7 24 -8 26 29 -27 -28 -25
right_child=1 3 10 14 -6 22 7 8 -10 12 13 -13 20 -15 -16 -17 -18 18 -20 -21 -22 -23 -24 25 -26 27 28 -29 -30 -31
leaf_value=-0.27192288360830302 0.0093858105836599395 -0.21771546766435548 1.9533379896951348 -0.020870309454831711 -0.20842498504857562 0.063584968120176055 0.81347090272340006 -0.5445282157142185 0.24076877656145226 0.083972946879811827 0.68189848751762738 0.53226435414699658 -0.11606744430695347 4.5293687668266829 -0.3682510978380536 -0.37627260072943364 0.19320572906728173 0.25774676373144684 -0.12769388768744933 -0.31270362855120665 -0.20534203931151629 -0.15578078596916067 -0.30011395153207698 0.45245765410267036 -0.31175719056573598 -0.21467653368769291 0.66348810378942402 0.12127147956896223 -0.54577977602041094 0.080021019145240263
leaf_weight=7082 9764 7712 3464 10386 10200 3044 3162 3114 19868 5692 19322 16904 25120 1016 2134 3886 9904 8768 33342 5936 7322 3960 10324 14618 1216 6944 726 10276 1446 13860
leaf_count=7082 9764 7712 3464 10386 10200 3044 3162 3114 19868 5692 19322 16904 25120 1016 2134 3886 9904 8768 33342 5936 7322 3960 10324 14618 1216 6944 726 10276 1446 13860
internal_value=-0.00150432 0.000327762 0.00120237 -0.00835706 -0.00832761 0.000335061 0.00086555 5.42804e-05 -0.00141267 -0.00644949 0.00765566 0.00503525 -0.00479887 0.00596519 -0.00253994 -0.00292102 -0.00238176 -0.00329906 -0.00223272 -0.00826077 -0.00602737 -0.01215 -0.00616248 0.00243569 0.00914116 0.00182244 0.0034199 -0.00102091 -0.00729282 0.00423695
internal_weight=280512 221136 200904 20232 59376 177102 163734 137066 84818 49176 23802 26668 38134 20338 12520 64950 61064 51160 42110 9050 32442 11042 13368 52248 4378 47870 30650 17220 2172 28478
internal_count=280512 221136 200904 20232 59376 177102 163734 137066 84818 49176 23802 26668 38134 20338 12520 64950 61064 51160 42110 9050 32442 11042 13368 52248 4378 47870 30650 17220 2172 28478
is_linear=0
shrinkage=0.06


Tree=39
num_leaves=31
num_cat=0
split_feature=16 7 13 7 13 13 10 7 3 15 2 2 1 3 3 14 10 1 7 13 3 15 16 7 15 6 14 2 5 13
split_gain=894.667 488.121 314.604 217.02 186.415 155.803 144.813 149.968 167.837 136.768 99.5161 94.511 73.2939 76.5402 129.538 85.4142 71.5702 68.8256 66.2378 61.868 64.8859 61.8375 84.1012 60.8032 56.7178 53.3048 51.9186 51.2119 59.0967 50.3419
threshold=7.6190000000000007 1.2744067880826075 117.43500000000002 1.3802056294949607 2.9715000000000003 2.9715000000000003 2.0214285714285736 0.88516554864887553 1.5000000000000002 29.551500000000004 3.5000000000000004 3.5000000000000004 6.5000000000000009 10.500000000000002 6.5000000000000009 255.79250000000005 0.92857142857142916 5.5000000000000009 0.5619001528594979 228.39650000000003 10.500000000000002 90.535000000000011 38.859500000000004 1.6688301940887422 135.80500000000004 1.5885899086716508 4.8490000000000011 1.5000000000000002 1.0000000180025095e-35 60.052500000000002
decision_type=2 2 10 2 8 8 2 2 2 2 2 2 2 2 2 2 2 2 2 10 2 2 2 2 2 2 2 2 2 10
left_child=3 2 4 5 -2 -1 7 8 -6 23 17 18 29 14 24 21 25 -10 -7 -4 -21 -15 -23 26 -14 -11 -3 28 -24 -9
right_child=1 9 19 -5 6 11 -8 12 10 16 -12 -13 13 15 -16 -17 -18 -19 -20 20 -22 22 27 -25 -26 -27 -28 -29 -30 -31
leaf_value=-0.1997729206831968 -0.27034654426953131 0.68807379377608435 0.82904132669917574 -0.22309373151387105 1.2837329878391808 0.69775076964836169 -0.18636161426934073 -0.11045422932043365 0.012940962192757297 0.190445194672929 -0.032044803354478103 -0.17835372903202654 0.11086951582816269 0.48336599681237086 -0.081446659125774618 5.0717623421936846 -0.24786731158909867 0.71749998476936661 -0.09094607624574888 0.17462395056888028 5.6798052055214452 1.6409208729011597 1.4420219220741066 -0.27336173167598782 1.4264247862129058 -0.25317315490424108 -0.16873247828574733 -0.77807420111207248 -0.77394922449811498 0.23451453365978273
leaf_weight=6091 8146 344 9801 6784 2828 1683 14996 33925 4906 5890 11506 20919 47879 9469 30638 1368 5688 14272 15137 552 2014 644 1290 3564 2779 1344 8396 2811 306 4542
leaf_count=6091 8146 344 9801 6784 2828 1683 14996 33925 4906 5890 11506 20919 47879 9469 30638 1368 5688 14272 15137 552 2014 644 1290 3564 2779 1344 8396 2811 306 4542
internal_value=-0.00147117 0.000118748 0.00108935 -0.00869285 0.000492811 -0.00714716 0.000885702 0.00138665 0.0049809 -0.00775628 0.00369183 -0.00571001 0.000498706 0.00137615 0.000631765 0.00518505 -0.00344529 0.00633851 -0.00236147 0.0103655 0.0186594 0.00383471 -0.00152643 -0.0122838 0.00249437 0.000514238 -0.00959039 -0.00448604 0.00409774 -0.0017181
internal_weight=280512 229898 204672 50614 192305 43830 184159 169163 33512 25226 30684 37739 135651 97184 81296 15888 12922 19178 16820 12367 2566 14520 5051 12304 50658 7234 8740 4407 1596 38467
internal_count=280512 229898 204672 50614 192305 43830 184159 169163 33512 25226 30684 37739 135651 97184 81296 15888 12922 19178 16820 12367 2566 14520 5051 12304 50658 7234 8740 4407 1596 38467
is_linear=0
shrinkage=0.06


Tree=40
num_leaves=31
num_cat=0
split_feature=16 7 0 13 13 13 0 7 10 8 3 8 10 3 8 5 13 7 3 3 8 15 4 13 3 1 3 15 15 13
split_gain=823.289 451.944 326.813 283.232 210.741 170.291 154.984 146.316 104.111 97.9875 96.8991 143.82 124.697 96.5769 93.7801 92.5266 87.5473 80.2066 84.6989 68.3339 68.0165 79.8525 63.9975 60.2494 60.228 57.4521 55.7338 69.4839 63.3078 55.6917
threshold=7.6190000000000007 1.2845805992747705 1.5000000000000002 119.50500000000001 2.9715000000000003 4.0515000000000008 2.5000000000000004 1.3802056294949607 4.2500000000000027 0.93721691167687304 1.5000000000000002 1.258641636247954 -1.0000000180025095e-35 6.5000000000000009 1.2861914839609752 1.0000000180025095e-35 5.2710000000000008 0.82043757225191538 10.500000000000002 1.5000000000000002 0.88496692339787264 18.275000000000002 1.0000000180025095e-35 282.74500000000006 6.5000000000000009 7.5000000000000009 7.5000000000000009 85.3215 18.626000000000001 68.747500000000016
decision_type=2 2 2 10 8 8 2 2 2 2 2 2 2 2 2 2 10 2 2 2 2 2 2 10 2 2 2 2 2 8
left_child=4 3 -3 5 -1 -2 8 16 10 -8 12 15 -7 -11 -4 17 20 24 26 -16 -6 -22 -17 -5 -12 -26 -19 28 -28 -20
right_child=1 2 14 23 7 6 9 -9 -10 13 11 -13 -14 -15 19 22 -18 18 29 -21 21 -23 -24 -25 25 -27 27 -29 -30 -31
leaf_value=-0.19843337267500305 -0.2250419856274701 -0.18467804892498352 0.10435837151327604 0.91648510653591098 -0.073310563443497526 1.2987849840777324 0.69606444865278605 -0.19906255307587239 -0.32232528166961771 0.3954736175426839 0.56972247435197798 -0.2994663962294925 0.12658373770242165 -0.061820980347815496 0.78041996690705706 -0.57452500034165155 -0.03314433207807653 -0.00046846836740542129 -0.10362392934334309 -0.33422060869359432 -0.22487329089991545 -0.035200739232267568 0.029593194360223833 6.230248018742981 -0.21209272095157808 0.2478959792988806 -0.034205103333936206 0.52628633957052084 -0.23514414375713627 0.76892579252189053
leaf_weight=7589 10024 9780 9490 10376 7956 2589 10741 5286 3481 20294 8147 8377 9749 17824 730 2869 12345 51654 4063 4432 14170 3268 1838 1546 3402 6090 8576 2757 10016 11053
leaf_count=7589 10024 9780 9490 10376 7956 2589 10741 5286 3481 20294 8147 8377 9749 17824 730 2869 12345 51654 4063 4432 14170 3268 1838 1546 3402 6090 8576 2757 10016 11053
internal_value=-0.00143331 9.18668e-05 -0.00762279 0.00100922 -0.00836093 0.00045633 0.000872276 -0.00673492 -0.000178003 0.00376696 9.37643e-05 -0.000431666 0.00515481 0.00234063 -0.00195332 0.000143122 -0.00542542 0.000509465 -0.000229803 -0.00846184 -0.00744034 -0.00953779 -0.00808795 0.0099849 0.00420262 0.000954488 -0.00107626 -0.00365497 -0.00497311 0.00385816
internal_weight=280512 229898 24432 205466 50614 193544 183520 43025 134661 48859 131180 118842 12338 38118 14652 110465 37739 105758 88119 5162 25394 17438 4707 11922 17639 9492 73003 21349 18592 15116
internal_count=280512 229898 24432 205466 50614 193544 183520 43025 134661 48859 131180 118842 12338 38118 14652 110465 37739 105758 88119 5162 25394 17438 4707 11922 17639 9492 73003 21349 18592 15116
is_linear=0
shrinkage=0.06


Tree=41
num_leaves=31
num_cat=0
split_feature=15 7 8 0 7 13 16 16 8 1 7 13 13 8 3 10 14 13 3 8 7 8 3 5 3 3 3 16 13 3
split_gain=769.796 377.464 314.454 315.789 282.728 242.489 161.283 137.622 107.151 105.775 99.9346 101.931 89.7127 88.8182 85.9053 92.9372 79.7326 75.6479 75.0815 73.1086 69.209 69.1157 61.987 52.3077 63.1202 51.0795 48.4589 47.8799 46.8366 45.4935
threshold=16.931500000000003 1.2906415705576875 1.5119359264988088 1.5000000000000002 1.0360042597932013 2.9715000000000003 113.438 6.2321250000000008 0.79715233006477815 6.5000000000000009 0.62935197855491698 181.12200000000004 5.2710000000000008 0.85408876790940769 1.5000000000000002 2.4714285714285724 27.542500000000004 282.74500000000006 1.5000000000000002 0.88496692339787264 1.5056241961781456 1.0398223041144161 1.5000000000000002 1.0000000180025095e-35 10.500000000000002 1.5000000000000002 2.5000000000000004 1.7202500000000003 73.865000000000023 6.5000000000000009
decision_type=2 2 2 2 2 8 2 2 2 2 2 10 10 2 2 2 2 10 2 2 2 2 2 2 2 2 2 2 8 2
left_child=1 5 3 4 10 27 8 12 -5 29 22 -12 19 -8 15 -3 -4 28 -11 -7 -6 -9 -2 24 -20 -23 -18 -1 -15 -10
right_child=2 14 16 6 20 7 13 21 9 18 11 -13 -14 17 -16 -17 26 -19 23 -21 -22 25 -24 -25 -26 -27 -28 -29 -30 -31
leaf_value=-0.24422889234690462 1.5992584947981032 0.88360957727079781 -0.29248988182113889 0.46008949832886353 -0.14400827348033018 -0.078735671160275661 1.851123421802487 0.0043713568809252302 0.018315173924903758 0.90528962468942775 -0.052870650061081791 3.8348868580642566 -0.03071282279515521 -0.19606500324527729 -0.19568404381842872 -0.17841870802083376 0.098295488568297562 9.0906229630005146 0.094439622049996966 -0.22830806746648186 -0.22523872790912913 0.33214038480064134 0.36036657469401034 -0.42535357264005347 0.65253082808611518 -0.22201416470570443 -0.4018633700086931 -0.17463083605863527 1.0421018139973717 -0.22576767244851861
leaf_weight=2002 738 800 2756 14948 6494 5396 2816 36414 11996 4478 60686 1198 7558 2351 14002 882 1666 840 36202 11725 2268 1403 4448 1922 6712 7606 3530 6218 11405 9052
leaf_count=2002 738 800 2756 14948 6494 5396 2816 36414 11996 4478 60686 1198 7558 2351 14002 882 1666 840 36202 11725 2268 1403 4448 1922 6712 7606 3530 6218 11405 9052
internal_value=-0.0014224 -0.00584963 0.000809089 0.00132901 -0.00160776 -0.00414826 0.00349701 -0.00300505 0.00242293 0.00144282 -0.000283584 -0.000954043 -0.00661169 0.00875948 -0.0143458 -0.00153389 -0.0108652 0.00687723 0.00296265 -0.00901524 -0.0117439 -0.00104551 0.00771693 0.00222277 0.00265648 -0.00575092 -0.00648961 -0.0138978 0.00580983 -0.00211802
internal_weight=280512 94006 186506 178554 75832 78322 102722 70102 85310 70362 67070 61884 24679 17412 15684 1682 7952 14596 49314 17121 8762 45423 5186 44836 42914 9009 5196 8220 13756 21048
internal_count=280512 94006 186506 178554 75832 78322 102722 70102 85310 70362 67070 61884 24679 17412 15684 1682 7952 14596 49314 17121 8762 45423 5186 44836 42914 9009 5196 8220 13756 21048
is_linear=0
shrinkage=0.06


Tree=42
num_leaves=31
num_cat=0
split_feature=16 7 0 16 7 13 13 13 8 2 5 1 0 1 8 2 8 7 8 13 12 2 10 8 15 10 1 2 3 3
split_gain=704.581 392.692 272.963 236.925 201.37 148.42 144.061 140.505 129.677 119.633 140.375 113.565 114.313 102.749 99.9088 95.0129 84.7122 69.1084 68.5927 85.2794 66.4739 63.4613 62.3732 59.5984 61.2262 59.1071 51.6355 59.5621 49.8662 47.061
threshold=7.6190000000000007 1.2744067880826075 1.5000000000000002 113.438 1.3802056294949607 1.4325000000000003 2.8610000000000002 79.413500000000013 1.6628476415298981 4.5000000000000009 1.0000000180025095e-35 4.5000000000000009 1.5000000000000002 16.500000000000004 0.9707590523237376 3.5000000000000004 1.5815960022970079 1.0129078669524729 0.85408876790940769 228.39650000000003 0.5212500000000001 1.0000000180025095e-35 -4.4392857142857123 1.009049387778477 -6.044999999999999 1.2519230769230785 16.500000000000004 3.5000000000000004 1.5000000000000002 2.5000000000000004
decision_type=2 2 2 2 2 8 8 8 2 2 2 2 2 2 2 2 2 2 2 10 2 2 2 2 2 2 2 2 2 2
left_child=4 3 -3 6 5 -1 -2 -5 9 10 11 25 17 20 -14 22 26 -13 -9 -20 -11 -16 -7 24 -17 -8 27 -4 -23 -12
right_child=1 2 16 7 -6 15 8 18 -10 13 29 12 14 -15 21 23 -18 -19 19 -21 -22 28 -24 -25 -26 -27 -28 -29 -30 -31
leaf_value=-0.20821500090737619 -0.24107633264463493 -0.16163152853132826 0.080924140997635896 -0.35336051280680691 -0.18726219714816214 0.61077834830201583 -0.021172047587496648 1.7511865575107604 -0.41115771294235148 -0.13192716331891582 0.67654348282795496 0.065534707697239014 0.78475594629873568 0.080441844210271674 0.6159941460465288 -0.33287112212273001 -0.30393595095527282 -0.16897332704339685 0.82380657020658277 4.9599926167742199 -0.45284249555109818 0.87804640277632406 -0.064396808884691598 -0.19180498121204348 -0.11074137734842308 -0.38302152153462476 0.37698128561482064 -0.39622552835256541 0.087725333429943861 -0.46567959727737651
leaf_weight=4008 7787 10114 5802 3985 6784 991 22739 2590 2495 29229 560 43353 11957 15220 6470 492 2088 4192 14976 1945 2074 2678 16782 6262 15295 2723 3810 3412 25720 3979
leaf_count=4008 7787 10114 5802 3985 6784 991 22739 2590 2495 29229 560 43353 11957 15220 6470 492 2088 4192 14976 1945 2074 2678 16782 6262 15295 2723 3810 3412 25720 3979
internal_value=-0.00139502 1.59201e-05 -0.00704749 0.000886492 -0.00780377 -0.00631485 0.000151345 0.00655516 0.000509894 0.000708158 0.00167909 0.0020714 0.00303084 -0.00188745 0.00513508 -0.00520717 -0.0019415 0.00095846 0.00865204 0.00726021 -0.00385362 0.0035121 -0.00194283 -0.00783845 -0.00587382 -0.00148457 -0.000142813 -0.00257217 0.0022903 -0.00867812
internal_weight=280512 229898 25226 204672 50614 43830 181176 23496 173389 170894 124371 119832 94370 46523 46825 39822 15112 47545 19511 16921 31303 34868 17773 22049 15787 25462 13024 9214 28398 4539
internal_count=280512 229898 25226 204672 50614 43830 181176 23496 173389 170894 124371 119832 94370 46523 46825 39822 15112 47545 19511 16921 31303 34868 17773 22049 15787 25462 13024 9214 28398 4539
is_linear=0
shrinkage=0.06


Tree=43
num_leaves=31
num_cat=0
split_feature=16 10 15 7 13 7 2 13 13 7 13 6 2 1 12 14 8 3 14 3 3 10 3 8 8 15 16 3 10 3
split_gain=643.784 372.121 217.593 191.878 164.667 145.144 140.647 140.427 109.264 89.266 89.0181 97.4853 88.832 87.7636 90.8045 73.5147 70.1414 61.8526 112.132 72.3995 114.969 58.1124 57.1978 66.0208 54.744 58.4761 53.5612 52.7846 67.0914 52.7249
threshold=7.6190000000000007 1.1285714285714288 108.20900000000002 1.3802056294949607 0.041500000000000002 1.0436171106523322 4.5000000000000009 1.4325000000000003 70.141000000000005 0.89875578150459623 228.39650000000003 0.99393486158824051 3.5000000000000004 16.500000000000004 0.2687500000000001 420.42500000000001 1.0761676044003416 4.5000000000000009 25.005000000000006 5.5000000000000009 6.5000000000000009 -4.4392857142857123 1.5000000000000002 1.3445806328081926 1.009049387778477 -6.044999999999999 26.046250000000004 3.5000000000000004 -1.3142857142857143 9.5000000000000018
decision_type=2 2 2 2 8 2 2 8 10 2 10 2 2 2 2 2 2 2 2 2 2 2 2 2 2 2 2 2 2 2
left_child=3 2 4 7 -2 16 8 -1 9 22 11 -4 21 14 27 -13 -3 18 -11 -19 -21 -9 -6 -24 25 -14 -10 28 -8 -22
right_child=1 5 10 -5 6 -7 13 12 26 17 -12 15 24 -15 -16 -17 -18 19 -20 20 29 -23 23 -25 -26 -27 -28 -29 -30 -31
leaf_value=-0.19572210085293362 -0.31088706082099876 0.032767969297983035 1.0447521617006983 -0.17602646531927241 1.5265363556707321 -0.18783621525455535 0.51084594225129787 0.57413164740389477 1.5601708615185548 0.59385317970597651 4.4447066871608856 0.26956452514511609 -0.31289885479536622 0.047215425880012735 -0.33227285719197569 3.1996079503834043 -0.31845071671045855 -0.30971750673967235 0.029282856257060813 0.29270026067918153 -0.081642853136011731 -0.060533000351609995 0.37073151067856186 -0.28814942553965361 -0.18029668233932089 -0.10409689470751772 0.34746568554701834 -0.17852102186597951 -0.091900966355343033 0.072189238360412411
leaf_weight=4008 3880 12420 6167 6784 1183 16972 1452 991 1875 4974 1759 20197 492 14564 2898 667 6076 8365 24583 6952 23629 16782 13309 1816 6262 15295 13709 18410 7432 16609
leaf_count=4008 3880 12420 6167 6784 1183 16972 1452 991 1875 4974 1759 20197 492 14564 2898 667 6076 8365 24583 6952 23629 16782 13309 1816 6262 15295 13709 18410 7432 16609
internal_value=-0.00135887 -1.01784e-05 0.00102083 -0.00748489 0.000184014 -0.00566201 0.000477003 -0.00603149 0.00157123 0.000852495 0.00583536 0.00498428 -0.00495405 -0.00238359 -0.00422893 0.00302531 -0.00198529 7.33152e-05 0.00229083 -0.00110647 -0.000194533 -0.00179767 0.00491906 0.00392529 -0.0074983 -0.00561538 0.00624872 -0.00315674 0.000641603 -0.00142552
internal_weight=280512 229898 194430 50614 165640 35468 161760 43830 117004 101420 28790 27031 39822 44756 30192 20864 18496 85112 29557 55555 47190 17773 16308 15125 22049 15787 15584 27294 8884 40238
internal_count=280512 229898 194430 50614 165640 35468 161760 43830 117004 101420 28790 27031 39822 44756 30192 20864 18496 85112 29557 55555 47190 17773 16308 15125 22049 15787 15584 27294 8884 40238
is_linear=0
shrinkage=0.06


Tree=44
num_leaves=31
num_cat=0
split_feature=16 7 0 10 0 8 7 3 7 3 7 3 3 14 7 8 3 4 12 14 14 16 10 4 10 1 14 5 8 15
split_gain=589.23 400.42 245.503 175.636 145.261 135.705 126.221 112.986 135.155 110.478 98.5368 97.344 93.2618 88.7975 84.3573 82.6408 94.6679 76.2345 72.7807 69.4618 64.0855 63.5041 63.3489 62.4647 60.4695 51.5683 51.5366 56.2975 50.4535 46.9327
threshold=5.505325 1.5056241961781456 2.5000000000000004 0.72857142857142831 1.5000000000000002 0.89276965801459873 1.3802056294949607 10.500000000000002 0.73263925822348719 4.5000000000000009 0.79122538588047575 5.5000000000000009 6.5000000000000009 255.79250000000005 0.71226173474931143 1.3445806328081926 2.5000000000000004 1.0000000180025095e-35 0.23875000000000002 25.005000000000006 6.1535000000000011 109.84750000000001 -0.028571428571428022 1.0000000180025095e-35 -0.36428571428571516 5.5000000000000009 5.1325000000000012 1.0000000180025095e-35 0.85060414503219917 47.189000000000007
decision_type=2 2 2 2 2 2 2 2 2 2 2 2 2 2 2 2 2 2 2 2 2 2 2 2 2 2 2 2 2 2
left_child=6 2 3 7 -3 21 14 8 29 20 -5 18 22 26 -1 17 24 25 19 -11 -10 -4 -13 -16 -17 -7 -9 -28 -14 -2
right_child=1 4 5 10 -6 15 -8 13 9 11 -12 12 28 -15 23 16 -18 -19 -20 -21 -22 -23 -24 -25 -26 -27 27 -29 -30 -31
leaf_value=-0.016782165728699408 0.090597931388913075 -0.15775009986976807 0.50849472334949286 -0.0060540397972173206 -0.2150783150711798 0.013614147527949143 -0.17508485378088975 1.077400736086632 0.65151514710795877 -0.46265979323860418 -0.16819939933756592 -0.23103958270034342 0.10875764151349605 3.8391778615842451 -0.095002978454106296 1.0673374134497122 -0.41819292308509953 -0.070027188880254804 0.53000506590291308 -0.37104875069610044 0.010771450744684968 1.6219362286004886 0.20558746480072157 -0.18179401884419588 -0.37372139337271038 0.56036541148078933 0.22088013406942922 -0.33572223878286722 -0.10733355253595193 0.55423599170303006
leaf_weight=6150 7368 6172 10370 9540 7972 7560 5130 1006 2648 3698 19024 1624 3484 2202 14688 788 3500 11740 1076 5670 40366 2530 7280 12518 614 24072 18870 1696 34984 6172
leaf_count=6150 7368 6172 10370 9540 7972 7560 5130 1006 2648 3698 19024 1624 3484 2202 14688 788 3500 11740 1076 5670 40366 2530 7280 12518 614 24072 18870 1696 34984 6172
internal_value=-0.00132465 -0.000228075 0.000379933 -0.000813038 -0.010024 0.00363095 -0.00822065 7.2533e-05 -0.000709802 -0.00146564 -0.00509592 -0.0031787 -0.00202271 0.00383612 -0.00687313 0.00217011 -0.0052142 0.0030047 -0.00842206 -0.0101196 0.000836937 0.00909767 0.00351078 -0.00830773 0.00796006 0.00453718 0.00266457 0.00201595 -0.00330353 0.00491876
internal_weight=280512 242026 227882 166708 14144 61174 38486 138144 114370 100830 28564 57816 47372 23774 33356 48274 4902 43372 10444 9368 43014 12900 8904 27206 1402 31632 21572 20566 38468 13540
internal_count=280512 242026 227882 166708 14144 61174 38486 138144 114370 100830 28564 57816 47372 23774 33356 48274 4902 43372 10444 9368 43014 12900 8904 27206 1402 31632 21572 20566 38468 13540
is_linear=0
shrinkage=0.06


Tree=45
num_leaves=31
num_cat=0
split_feature=13 7 0 15 2 13 1 2 1 5 5 1 0 12 13 12 2 7 10 3 2 13 16 10 3 2 13 15 7 7
split_gain=568.296 369.944 253.102 215.438 164.524 132.055 124.057 116.485 114.872 125.87 98.0705 93.5098 85.2066 82.0702 77.1681 67.5606 63.9889 61.8219 59.1537 58.7774 58.4226 57.2602 54.4089 53.339 52.6309 55.3663 49.2745 47.0208 45.8812 45.42
threshold=3.9210000000000007 1.1367305791287396 1.5000000000000002 114.91900000000003 4.5000000000000009 70.141000000000005 15.500000000000002 1.5000000000000002 5.5000000000000009 1.0000000180025095e-35 1.0000000180025095e-35 20.500000000000004 1.5000000000000002 1.0587500000000003 123.36500000000002 0.70125000000000004 1.0000000180025095e-35 1.6688301940887422 -0.21428571428571494 1.5000000000000002 1.0000000180025095e-35 0.83150000000000002 26.046250000000004 1.2851648351648335 2.5000000000000004 4.5000000000000009 165.24250000000004 -6.044999999999999 1.3537161583706632 1.7809299273259047
decision_type=8 2 2 2 2 10 2 2 2 2 2 2 2 2 8 2 2 2 2 2 2 10 2 2 2 2 10 2 2 2
left_child=7 3 17 4 5 8 15 28 23 11 14 12 -10 18 16 27 -5 -3 24 -14 -21 -9 -7 -2 -4 -26 -24 -6 -1 -20
right_child=1 2 13 10 6 22 -8 21 9 -11 -12 -13 19 -15 -16 -17 -18 -19 29 20 -22 -23 26 -25 25 -27 -28 -29 -30 -31
leaf_value=-0.050861253233125667 -0.084236136069639311 -0.11115978502885353 1.53326096965273 1.4151216343825277 -0.36948752847423422 1.3492450905580098 0.037282995386170192 -0.23604769256262459 0.033467505575083593 -0.45305231004068841 -0.70109207251971117 -0.092465601246772874 1.6303000001471786 -0.34833208167309943 1.3323545852860399 -0.29322503953655354 -0.116338459686487 -0.17914443417184153 -0.080505856836011705 0.7078754355236887 0.1839945400053537 -0.11339102544150399 0.20848968985430247 -0.31405461363167358 0.40786499096674173 -0.20659864993665511 2.3359282073659018 -0.14166448671396636 -0.13371472138974361 -0.45336490979246147
leaf_weight=5865 29572 15588 967 1524 467 2567 18991 6461 38102 2992 1404 15053 1892 2776 16913 2906 5617 3602 9221 5495 21097 8141 13042 3698 5064 2378 1493 34767 1520 1337
leaf_count=5865 29572 15588 967 1524 467 2567 18991 6461 38102 2992 1404 15053 1892 2776 16913 2906 5617 3602 9221 5495 21097 8141 13042 3698 5064 2378 1493 34767 1520 1337
internal_value=-0.00128807 -0.000500493 -0.00573352 0.000483933 -0.000203296 0.000938868 -0.00290228 -0.0105485 0.000224171 0.00139842 0.00567052 0.0018414 0.0028069 -0.00130111 0.00657022 -0.0048752 0.00134015 -0.0107556 0.000109137 0.00528929 0.00456227 -0.0136543 0.00586598 -0.00276285 0.00386372 0.00215265 0.00444376 -0.00414997 -0.00440758 -0.00288123
internal_weight=280512 258525 40933 217592 192134 135003 57131 21987 117901 84631 25458 81639 66586 21743 24054 38140 7141 19190 18967 28484 26592 14602 17102 33270 8409 7442 14535 35234 7385 10558
internal_count=280512 258525 40933 217592 192134 135003 57131 21987 117901 84631 25458 81639 66586 21743 24054 38140 7141 19190 18967 28484 26592 14602 17102 33270 8409 7442 14535 35234 7385 10558
is_linear=0
shrinkage=0.06


Tree=46
num_leaves=31
num_cat=0
split_feature=13 8 0 7 2 7 5 10 2 13 13 10 14 2 13 8 14 0 8 12 8 13 16 13 7 13 13 15 7 10
split_gain=527.198 355.678 255.324 185.184 167.933 140.02 124.776 128.434 109.695 97.7198 85.7382 83.0625 86.2558 82.7743 66.9484 62.0633 55.2223 49.6676 54.5947 48.1879 47.957 58.5633 46.8883 58.6847 44.0064 43.9349 41.0684 40.5052 38.7082 37.2525
threshold=3.9210000000000007 1.0521899627939624 1.5000000000000002 1.1576649752631656 4.5000000000000009 0.61119511991542674 1.0000000180025095e-35 -1.0000000180025095e-35 1.5000000000000002 172.16500000000005 41.82500000000001 -0.78095238095238251 74.451500000000024 1.0000000180025095e-35 67.042500000000018 0.61695413174337455 125.92500000000003 1.5000000000000002 1.6527216394676747 0.54375000000000007 1.4137863645939395 -0.15899999999999997 31.216525000000004 195.04500000000004 1.2744067880826075 1.0000000180025095e-35 44.735000000000007 82.393500000000003 1.6970539312540796 -2.9571428571428555
decision_type=8 2 2 2 2 2 2 2 2 10 10 2 2 2 8 2 2 2 2 2 2 10 2 10 2 10 10 2 2 2
left_child=8 2 3 10 6 27 7 -4 20 13 29 12 28 26 -15 -10 -16 -13 -19 -6 21 -1 -12 -24 25 -17 -9 -3 -7 -2
right_child=1 5 4 -5 19 11 -8 9 15 -11 22 17 -14 14 16 24 -18 18 -20 -21 -22 -23 23 -25 -26 -27 -28 -29 -30 -31
leaf_value=-0.23095139777319593 0.14938253460547909 -0.011194499239613975 0.74420179473832671 -0.11883686725432216 -0.025769260887742253 -0.098092802086891792 -0.42465571013126491 0.40551285514773411 0.014831850918782514 3.3769064125667225 0.49209709643616012 -0.16039143886231075 0.34194122711498037 -0.071474997662212436 0.18152065450424615 -0.26506639760204992 1.1834742566612459 -0.20510820832448967 -0.43374559876651042 -0.37991111253719112 -0.16881695105396391 0.026280800626372437 -0.014154390586592454 3.163030567098521 -0.15914662557752463 -0.12273810520379994 1.1365333765964598 0.557754716103946 -0.20001112055210565 -0.065462222636756093
leaf_weight=1704 4094 3947 13919 8365 26774 11469 2851 8863 975 2016 4762 13115 4260 12108 29111 3616 5269 13054 2536 2076 1117 4564 11116 1179 3217 6794 2063 2482 1223 71873
leaf_count=1704 4094 3947 13919 8365 26774 11469 2851 8863 975 2016 4762 13115 4260 12108 29111 3616 5269 13054 2536 2076 1117 4564 11116 1179 3217 6794 2063 2482 1223 71873
internal_value=-0.00124444 -0.000485872 0.000632003 -0.00151584 0.002705 -0.00491648 0.0041811 0.00465978 -0.0101637 0.00344472 -0.000746904 -0.00608384 -0.00275366 0.00298882 0.00188436 -0.0131776 0.0032356 -0.00805051 -0.00576139 -0.00119376 -0.00420447 -0.00216337 0.00309726 0.00113949 -0.014224 -0.0123285 0.00768808 0.00337378 -0.00523322 -0.00161004
internal_weight=280512 258525 206439 101389 105050 52086 76200 73349 21987 59430 93024 45657 16952 57414 46488 14602 34380 28705 15590 28850 7385 6268 17057 12295 13627 10410 10926 6429 12692 75967
internal_count=280512 258525 206439 101389 105050 52086 76200 73349 21987 59430 93024 45657 16952 57414 46488 14602 34380 28705 15590 28850 7385 6268 17057 12295 13627 10410 10926 6429 12692 75967
is_linear=0
shrinkage=0.06


Tree=47
num_leaves=31
num_cat=0
split_feature=13 8 3 0 10 7 3 2 2 3 3 2 8 13 2 7 8 15 3 15 15 8 0 14 14 15 3 3 14 13
split_gain=488.298 320.962 381.277 244.527 200.714 166.249 151.175 111.978 100.516 94.7177 90.0236 105.206 87.7791 86.5469 75.3336 87.4636 70.4514 69.8791 72.7006 93.3496 66.7172 61.1456 55.9543 55.7531 52.4818 54.6524 51.9071 89.7406 51.3451 51.1828
threshold=3.9210000000000007 1.0995170348194236 2.5000000000000004 2.5000000000000004 0.98571428571428621 1.1576649752631656 10.500000000000002 4.5000000000000009 1.5000000000000002 8.5000000000000018 10.500000000000002 4.5000000000000009 1.3397204417514514 181.12200000000004 3.5000000000000004 0.83872741876698187 0.93721691167687304 79.917500000000018 9.5000000000000018 45.185000000000009 -1.3514999999999999 0.82513213131758756 1.5000000000000002 8.1415000000000024 323.90250000000009 267.77500000000003 6.5000000000000009 7.5000000000000009 128.53500000000003 4.2825000000000015
decision_type=8 2 2 2 2 2 2 2 2 2 2 2 2 10 2 2 2 2 2 2 2 2 2 2 2 2 2 2 2 10
left_child=8 3 4 5 -3 6 9 16 -1 14 11 12 -4 24 15 26 28 18 29 23 -16 -10 -7 -20 25 -8 -2 -28 -5 -11
right_child=1 2 10 7 -6 22 13 -9 21 17 -12 -13 -14 -15 20 -17 -18 -19 19 -21 -22 -23 -24 -25 -26 -27 27 -29 -30 -31
leaf_value=-0.068087938139209339 0.72095734665324962 0.63194595261138087 -0.11011749926091821 0.60745921391770652 -0.13697999151620852 -0.11111758383437113 0.2304647106727411 -0.025362068256048163 -0.039994834719912845 -0.30073847045430352 -0.086388156375752381 -0.23278161867390676 -0.23879320625120534 3.603040693688365 -0.38771582809763183 0.0048229864293784352 0.34626250532070313 0.34873117994722402 -0.11637897538234 -0.6567523214964367 -0.05787333231851953 -0.17134583287815047 -0.11022713399265313 0.36470771028552407 3.6433612719702855 -1.2927213259649948 -0.20490865080896553 0.80235910773136876 1.8698976322287153 -0.08514486886423521
leaf_weight=7385 7826 7091 9477 9992 4184 9162 19580 14860 2427 5563 9682 8417 8327 1881 989 44585 27313 3791 3588 1340 39981 12175 5255 4250 590 1123 2139 1783 1822 3934
leaf_count=7385 7826 7091 9477 9992 4184 9162 19580 14860 2427 5563 9682 8417 8327 1881 989 44585 27313 3791 3588 1340 39981 12175 5255 4250 590 1123 2139 1783 1822 3934
internal_value=-0.00119503 -0.000464984 -0.00493959 0.000533861 0.00468559 -0.00066154 -4.21846e-05 0.00401819 -0.00977896 -0.000900483 -0.00796229 -0.00978796 -0.00717479 0.00439372 -8.97197e-05 0.00133403 0.0057022 -0.004412 -0.00591968 -0.00211157 -0.00204735 -0.012664 -0.00680239 0.000390406 0.0033039 0.00280104 0.00593973 0.000305966 0.00957339 -0.00959987
internal_weight=280512 258525 47178 211347 11275 157360 142943 53987 21987 119769 35903 26221 17804 23174 97303 56333 39127 22466 18675 9178 40970 14602 14417 7838 21293 20703 11748 3922 11814 9497
internal_count=280512 258525 47178 211347 11275 157360 142943 53987 21987 119769 35903 26221 17804 23174 97303 56333 39127 22466 18675 9178 40970 14602 14417 7838 21293 20703 11748 3922 11814 9497
is_linear=0
shrinkage=0.06


Tree=48
num_leaves=31
num_cat=0
split_feature=13 8 3 0 10 7 16 1 2 2 2 13 8 8 13 1 8 2 3 7 15 1 3 3 13 6 7 3 8 16
split_gain=451.441 316.319 333.716 229.998 187.682 172.383 156.857 108.417 99.1543 85.7542 81.1725 77.3504 69.3841 61.9405 70.7746 58.0949 53.4193 52.534 50.0103 48.5671 47.8563 45.4145 44.3341 52.3956 43.1526 43.063 42.2419 42.1553 59.007 41.8745
threshold=2.8610000000000002 1.0995170348194236 2.5000000000000004 1.5000000000000002 0.26428571428571362 1.1576649752631656 113.438 5.5000000000000009 1.5000000000000002 1.0000000180025095e-35 1.0000000180025095e-35 41.82500000000001 0.70220355952234781 0.89276965801459873 252.28250000000003 15.500000000000002 0.76568662028228884 4.5000000000000009 4.5000000000000009 1.5787862940676844 58.723500000000008 6.5000000000000009 10.500000000000002 3.5000000000000004 -0.15899999999999997 0.91953297291559932 1.2744067880826075 11.500000000000002 1.3816498030472648 31.216525000000004
decision_type=8 2 2 2 2 2 2 2 2 2 2 10 2 2 10 2 2 2 2 2 2 2 2 2 10 2 2 2 2 2
left_child=9 3 4 5 25 11 8 -4 20 -1 27 21 -10 -8 -15 17 -11 -14 -12 -20 22 -2 23 -5 -18 -3 -26 28 -9 -13
right_child=1 2 7 6 -6 -7 13 10 12 16 18 29 15 14 -16 -17 24 -19 19 -21 -22 -23 -24 -25 26 -27 -28 -29 -30 -31
leaf_value=-0.059826908557095534 -0.12046470410760929 0.23037780388942933 -0.27157297986925555 0.47657647603076053 -0.10760185742995894 -0.10020817710915954 1.441750753660564 0.24515773063236634 0.29208687989802229 -0.024065749796726432 -0.29188630177197994 0.45529843184473834 -0.0010501360614736655 0.68718196589078684 5.6544152070697802 0.11791505220206482 -0.26465166247539412 -0.19029078825969825 -0.12148756366955547 -0.14784434708702573 0.5585976329797866 -0.020098332639704272 0.75117621097727616 -0.032619906024331798 -0.13321670862567753 0.88068960743389169 -0.13770694002361814 0.30223217341818726 -0.219325091410043 0.055678559466166601
leaf_weight=4078 24038 2679 7468 2655 4969 9702 3359 1825 10257 1611 4098 4847 22453 11094 1050 18576 3331 16167 18136 3407 11502 54908 1466 9961 6413 3796 2037 1019 1200 12410
leaf_count=4078 24038 2679 7468 2655 4969 9702 3359 1825 10257 1611 4098 4847 22453 11094 1050 18576 3331 16167 18136 3407 11502 54908 1466 9961 6413 3796 2037 1019 1200 12410
internal_value=-0.00117642 -0.000556109 -0.00492685 0.000434377 0.00403181 -0.00155488 0.00237535 -0.00768632 0.00144426 -0.0105163 -0.00606064 -0.00078615 0.000237943 0.00796297 0.00596838 -0.000576963 -0.012836 -0.00190316 -0.00730666 -0.00615095 0.00462477 -0.00158159 0.00227951 0.0011319 -0.0142373 0.0107629 -0.0119574 0.00183976 -0.0017157 0.00285276
internal_weight=280512 263042 48597 214445 11444 105905 108540 37153 93037 17470 29685 96203 67453 15503 12144 57196 13392 38620 25641 21543 25584 78946 14082 12616 11781 6475 8450 4044 3025 17257
internal_count=280512 263042 48597 214445 11444 105905 108540 37153 93037 17470 29685 96203 67453 15503 12144 57196 13392 38620 25641 21543 25584 78946 14082 12616 11781 6475 8450 4044 3025 17257
is_linear=0
shrinkage=0.06


Tree=49
num_leaves=31
num_cat=0
split_feature=13 7 0 10 3 3 13 2 7 2 13 1 0 5 1 2 13 14 2 5 7 14 1 13 14 3 7 14 15 13
split_gain=406.768 274.903 196.995 128.781 117.749 143.316 120.568 107.771 97.4265 78.3211 74.9846 69.2684 65.5944 63.5255 64.5949 64.8034 100.017 59.4076 56.4807 57.7198 53.8058 51.6003 50.3385 47.6079 46.8327 46.0401 45.3168 43.6744 50.0576 49.9255
threshold=2.8610000000000002 1.5056241961781456 2.5000000000000004 1.0000000180025095e-35 10.500000000000002 4.5000000000000009 14.281000000000001 4.5000000000000009 0.68668525903260591 1.0000000180025095e-35 181.12200000000004 16.500000000000004 1.5000000000000002 1.0000000180025095e-35 5.5000000000000009 1.0000000180025095e-35 105.87500000000001 15.611500000000001 1.5000000000000002 1.0000000180025095e-35 0.89162548355852211 255.79250000000005 6.5000000000000009 0.83150000000000002 3.6815000000000002 5.5000000000000009 0.92911817199624747 21.115000000000006 75.272500000000022 82.03100000000002
decision_type=8 2 2 2 2 2 10 2 2 2 10 2 2 2 2 2 8 2 2 2 2 2 2 10 2 2 2 2 2 10
left_child=9 2 3 4 5 24 17 13 -5 -1 18 -9 -3 14 -4 -16 -17 25 19 -6 -11 27 -10 -22 -2 26 -7 29 -29 -20
right_child=1 12 7 8 10 6 -8 11 22 20 -12 -13 -14 -15 15 16 -18 -19 21 -21 23 -23 -24 -25 -26 -27 -28 28 -30 -31
leaf_value=-0.056237294043669804 0.37158780495472793 -0.11247103342710875 0.054666996169175378 0.048738574788518674 0.80952971920792083 0.20990062381811553 0.027272040359687891 -0.1646458512977145 -0.18624488400708605 -0.04186021448198813 3.2550458010784658 0.30432809949306278 -0.16759884657430638 -0.33618902724332006 1.1586599921905221 -0.034040655320753219 0.77334916112513774 -0.090656511584817107 0.085329600495344021 -0.35536578983421258 -0.20190091023368303 3.9733622669148563 -0.091269180360011484 -0.088404982137061286 0.044200191786438019 -0.11162837217263867 -0.40246328890313166 0.051597763083088638 -0.64956560282389653 2.8400134027606616
leaf_weight=4078 3944 7194 10765 9796 5796 435 21448 12481 8714 1984 1911 5382 7925 1626 6166 8327 18154 24353 4395 598 6603 920 23324 4805 45568 20207 2850 6533 3758 472
leaf_count=4078 3944 7194 10765 9796 5796 435 21448 12481 8714 1984 1911 5382 7925 1626 6166 8327 18154 24353 4395 598 6603 920 23324 4805 45568 20207 2850 6533 3758 472
internal_value=-0.00112166 -0.000532843 -5.38474e-05 -0.00103998 -0.000184373 -0.000963848 -0.00272538 0.00284685 -0.00396854 -0.00998741 0.00361358 -0.00109668 -0.00838746 0.00441094 0.00484705 0.00617607 0.00488614 -0.00440109 0.00264329 0.0074132 -0.0122043 0.000746361 -0.00556964 -0.0137903 0.00150145 -0.00655372 -0.0131416 -9.1041e-05 -0.0023059 0.00459215
internal_weight=280512 263042 247923 185022 143188 118805 69293 62901 41834 17470 24383 17863 15119 45038 43412 32647 26481 47845 22472 6394 13392 16078 32038 11408 49512 23492 3285 15158 10291 4867
internal_count=280512 263042 247923 185022 143188 118805 69293 62901 41834 17470 24383 17863 15119 45038 43412 32647 26481 47845 22472 6394 13392 16078 32038 11408 49512 23492 3285 15158 10291 4867
is_linear=0
shrinkage=0.06


Tree=50
num_leaves=31
num_cat=0
split_feature=13 8 3 0 10 16 1 10 2 1 5 8 2 2 3 13 14 16 3 8 12 3 13 13 8 3 5 3 13 2
split_gain=369.444 274.499 296.191 191.349 161.995 137.501 101.839 96.2257 82.2488 82.1206 76.5757 79.6016 72.0126 64.2168 63.9948 61.795 58.9419 55.0031 54.3974 54.3904 54.166 53.0516 50.8993 49.7824 48.3081 53.1584 43.9521 42.8222 42.4003 41.4573
threshold=2.8610000000000002 1.0995170348194236 2.5000000000000004 1.5000000000000002 0.12857142857142947 113.438 6.5000000000000009 1.0000000180025095e-35 4.5000000000000009 15.500000000000002 1.0000000180025095e-35 0.95319938780686952 1.0000000180025095e-35 1.0000000180025095e-35 6.5000000000000009 252.28250000000003 6.7010000000000014 4.2616250000000013 9.5000000000000018 0.90011770965004101 0.42875000000000002 9.5000000000000018 -0.45899999999999996 3.2015000000000007 1.6076400949761156 3.5000000000000004 1.0000000180025095e-35 8.5000000000000018 195.04500000000004 2.5000000000000004
decision_type=8 2 2 2 2 2 2 2 2 2 2 2 2 2 2 8 2 2 2 2 2 2 10 10 2 2 2 2 10 2
left_child=12 3 4 7 29 8 -4 17 10 20 11 16 -1 -8 -13 19 27 23 -16 -7 -10 -18 -14 -2 25 -15 -9 -5 -19 -3
right_child=1 2 6 5 -6 15 13 26 9 -11 -12 14 22 24 18 -17 21 28 -20 -21 -22 -23 -24 -25 -26 -27 -28 -29 -30 -31
leaf_value=-0.05286305640104965 -0.15802572821521144 0.11899658126013904 -0.24504402815389648 1.4689255284427871 -0.094399768612706714 1.0781163445212241 0.044368648269917758 -0.086880066388048779 -0.10879454349952566 0.15718046108411748 -0.36571989343407596 0.26010279877004266 -0.23776405076274432 -0.34823300791726225 -0.13249604641259324 1.7513501581099793 0.20603888965059297 -0.0067244740955534604 0.22350047395035755 -0.012107119311319749 -0.42248976194649718 0.83853727016679491 -0.10359972631593803 0.011968031437737387 -0.19275159586614571 -0.10202841505198612 -0.20844635456127081 0.1941338843279693 2.3784556456744848 0.79157990318946414
leaf_weight=4078 5394 2028 8795 1644 5081 1647 3847 19775 16914 8990 2580 22181 3160 1741 11667 8902 13728 75376 8746 4954 1914 3697 10232 3343 4248 18522 816 976 1201 4335
leaf_count=4078 5394 2028 8795 1644 5081 1647 3847 19775 16914 8990 2580 22181 3160 1741 11667 8902 13728 75376 8746 4954 1914 3697 10232 3343 4248 18522 816 976 1201 4335
internal_value=-0.00109172 -0.000530562 -0.00460214 0.000392129 0.00383782 0.00216252 -0.00720184 -0.00142231 0.00129078 -0.00144079 0.00245588 0.00287313 -0.00954093 -0.00545243 0.00140583 0.00739405 0.00599102 -0.000533793 -0.00101847 0.002995 -0.00369344 0.00472941 -0.0116667 -0.00504407 -0.00658357 -0.00536396 -0.00510369 0.0143817 -1.91964e-05 0.0102169
internal_weight=280512 263042 48597 214445 11444 108540 37153 105905 93037 27818 65219 62639 17470 28358 42594 15503 20045 85314 20413 6601 18828 17425 13392 8737 24511 20263 20591 2620 76577 6363
internal_count=280512 263042 48597 214445 11444 108540 37153 105905 93037 27818 65219 62639 17470 28358 42594 15503 20045 85314 20413 6601 18828 17425 13392 8737 24511 20263 20591 2620 76577 6363
is_linear=0
shrinkage=0.06


Tree=51
num_leaves=31
num_cat=0
split_feature=13 8 3 0 10 7 3 1 4 7 13 3 16 13 8 3 4 7 15 13 8 14 1 4 15 3 12 14 15 10
split_gain=331.152 250.929 267.041 176.251 142.704 125.567 103.366 95.7997 81.9634 75.3924 70.8753 65.9188 76.1206 63.4303 60.9077 58.1345 87.3947 55.1116 54.4696 61.5013 53.9404 47.4902 43.6218 43.5781 43.3261 41.5299 50.9211 42.3203 77.7915 40.8016
threshold=2.8610000000000002 1.0995170348194236 2.5000000000000004 2.5000000000000004 0.98571428571428621 1.4495496302649398 10.500000000000002 6.5000000000000009 1.0000000180025095e-35 0.55071454908124451 181.12200000000004 8.5000000000000018 2.5075250000000002 -0.15899999999999997 0.93721691167687304 10.500000000000002 1.0000000180025095e-35 1.2744067880826075 79.917500000000018 209.94500000000002 1.332604416611143 323.90250000000009 16.500000000000004 1.0000000180025095e-35 267.77500000000003 9.5000000000000018 0.051250000000000011 8.1415000000000024 45.185000000000009 3.9928571428571438
decision_type=8 2 2 2 2 2 2 2 2 2 10 2 2 10 2 2 2 2 2 8 2 2 2 2 2 2 2 2 2 2
left_child=13 3 4 5 -3 6 9 -4 14 -2 21 12 -11 -1 -5 16 20 23 19 -13 -9 24 -10 -15 -8 26 -21 -27 -29 -17
right_child=1 2 7 8 -6 -7 10 15 22 11 -12 18 -14 17 -16 29 -18 -19 -20 25 -22 -23 -24 -25 -26 27 -28 28 -30 -31
leaf_value=-0.20161386793339542 0.2638271539847018 0.51692183764331023 -0.23034138646466273 0.6500129447881271 -0.10367337712627545 -0.12857583791692437 0.13810627596400252 -0.0141093744896175 -0.12919670317279383 -0.14522373440752631 3.0020142015575422 -0.035696825835461597 -0.0094745517570461145 -0.026574701291646026 0.27448283448965966 0.053192892399126813 -0.17287582307178898 -0.10696319764876532 0.22434304495539889 -0.31711685754770486 -0.14912786455276142 3.1826705610692119 0.31078755778409878 -0.13095830011889115 -1.2533922358349467 -0.21892445188255766 0.10590235632025564 0.40307476612243259 -1.3294284220302202 -0.21466221696474738
leaf_weight=5031 7530 7135 8795 11906 4309 5930 21128 7181 10489 4754 1898 8598 93758 6539 27495 5935 6770 3051 3787 4724 7104 590 4502 2849 1133 2477 715 2366 665 1368
leaf_count=5031 7530 7135 8795 11906 4309 5930 21128 7181 10489 4754 1898 8598 93758 6539 27495 5935 6770 3051 3787 4724 7104 590 4502 2849 1133 2477 715 2366 665 1368
internal_value=-0.00105044 -0.000519157 -0.004412 0.00036303 0.00360189 -0.000639726 -0.000310077 -0.00688047 0.00331372 -0.000989689 0.00324256 -0.00134976 -0.000670578 -0.0090498 0.00475039 -0.00518372 -0.00678366 -0.00675054 -0.00421738 -0.00549348 -0.00412251 0.00231719 -0.000462277 -0.0044738 0.00187188 -0.00847629 -0.0121953 -0.00480392 -4.94886e-05 -0.000570998
internal_weight=280512 263042 48597 214445 11444 160053 154123 37153 54392 129374 24749 121844 98512 17470 39401 28358 21055 12439 23332 19545 14285 22851 14991 9388 22261 10947 5439 5508 3031 7303
internal_count=280512 263042 48597 214445 11444 160053 154123 37153 54392 129374 24749 121844 98512 17470 39401 28358 21055 12439 23332 19545 14285 22851 14991 9388 22261 10947 5439 5508 3031 7303
is_linear=0
shrinkage=0.06


Tree=52
num_leaves=31
num_cat=0
split_feature=13 7 8 2 14 13 10 1 0 1 7 5 8 15 2 1 2 12 2 8 1 5 7 1 2 15 13 2 7 7
split_gain=299.148 226.493 166.254 181.062 110.523 109.857 88.7497 87.1666 82.9485 75.092 74.4466 69.8652 68.6676 61.1748 60.3219 54.5746 69.0512 58.8147 57.0899 47.782 42.963 59.703 40.5689 40.2992 37.3763 36.9944 34.2589 33.7656 34.0446 37.2495
threshold=2.8610000000000002 1.6416757835865621 1.3397204417514514 1.5000000000000002 146.14900000000003 252.28250000000003 2.514285714285716 5.5000000000000009 1.5000000000000002 4.5000000000000009 0.62935197855491698 1.0000000180025095e-35 0.8171835454896732 132.87750000000003 1.5000000000000002 15.500000000000002 4.5000000000000009 0.55875000000000019 5.5000000000000009 1.6527216394676747 5.5000000000000009 1.0000000180025095e-35 0.57129938017819004 20.500000000000004 1.0000000180025095e-35 220.03500000000003 58.949000000000005 4.5000000000000009 2.3816339317757156 1.9083837083945816
decision_type=8 2 2 2 2 8 2 2 2 2 2 2 2 2 2 2 2 2 2 2 2 2 2 2 2 2 10 2 2 2
left_child=12 2 3 7 6 25 10 26 -9 -4 -5 13 -1 24 -14 16 20 -18 23 22 -12 -22 -11 -17 -10 -6 -2 28 29 -3
right_child=1 27 9 4 5 -7 -8 8 11 19 15 -13 14 -15 -16 18 17 -19 -20 -21 21 -23 -24 -25 -26 -27 -28 -29 -30 -31
leaf_value=0.0053835219905485985 -0.053859778582674413 -0.082125451241680733 -0.2621770284073987 0.18976314306777925 0.048964534508694868 2.2394213412457304 -0.11602207830463958 0.056811945225987585 0.63889078703342006 0.34539590164677164 -0.11836876930441639 -0.61574499899799828 -0.091522119957028733 2.121585618414378 -0.14268985134056486 0.038747923213466463 -0.10439627935310682 -0.21942033433075381 0.18823674893348497 -0.19516789036377524 0.05606189358536838 -0.65412680052109073 -0.083969427401083277 -0.10409682246587465 0.20666348495693615 -1.0804272323317019 0.36879231488036329 -0.15556529786714493 0.39266163736754195 -0.22112875854927719
leaf_weight=2454 14832 4588 3680 13400 2279 5521 12390 24673 9461 1791 19785 807 5186 4384 9830 21874 32483 2425 9158 4819 31028 1144 11609 13402 10446 785 1782 2387 282 1827
leaf_count=2454 14832 4588 3680 13400 2279 5521 12390 24673 9461 1791 19785 807 5186 4384 9830 21874 32483 2425 9158 4819 31028 1144 11609 13402 10446 785 1782 2387 282 1827
internal_value=-0.0010175 -0.000512542 -0.000179557 0.000292038 -0.000768859 0.00586022 -0.00113114 0.00293967 0.00419582 -0.00517695 -0.000713827 0.00662443 -0.00862049 0.00720143 -0.0101412 -0.0011486 -0.00202348 -0.00408732 0.000561732 -0.00359789 -0.000636873 0.000716151 -0.00175522 -0.000534074 0.00578842 -0.00325065 -0.000823402 -0.00982166 -0.00763775 -0.00853468
internal_weight=280512 263042 253958 232059 165674 8585 157089 66385 49771 21899 144699 25098 17470 24291 15016 131299 86865 34908 44434 18219 51957 32172 13400 35276 19907 3064 16614 9084 6697 6415
internal_count=280512 263042 253958 232059 165674 8585 157089 66385 49771 21899 144699 25098 17470 24291 15016 131299 86865 34908 44434 18219 51957 32172 13400 35276 19907 3064 16614 9084 6697 6415
is_linear=0
shrinkage=0.06


Tree=53
num_leaves=31
num_cat=0
split_feature=13 8 3 0 10 7 1 3 2 2 3 5 2 3 13 7 8 3 3 14 2 2 15 2 13 14 8 7 1 15
split_gain=273.019 234.054 214.182 148.213 139.614 108.668 102.387 86.317 71.9194 68.4188 70.1763 77.3242 68.2467 62.5192 59.4538 57.999 55.228 53.9226 97.1163 52.6775 52.4651 51.2037 51.4694 49.3931 48.1025 47.0433 45.2245 43.7464 43.4132 42.8095
threshold=1.4325000000000003 1.0521899627939624 2.5000000000000004 2.5000000000000004 0.98571428571428621 1.5056241961781456 5.5000000000000009 10.500000000000002 1.0000000180025095e-35 4.5000000000000009 8.5000000000000018 1.0000000180025095e-35 4.5000000000000009 2.5000000000000004 107.23350000000001 0.82043757225191538 0.89276965801459873 6.5000000000000009 7.5000000000000009 172.78350000000003 1.0000000180025095e-35 1.5000000000000002 163.66250000000002 2.5000000000000004 32.502500000000005 5.5410000000000013 1.6527216394676747 0.89517760492692877 15.500000000000002 7.4910000000000005
decision_type=8 2 2 2 2 2 2 2 2 2 2 2 2 2 10 2 2 2 2 2 2 2 2 2 8 2 2 2 2 2
left_child=20 3 4 5 23 7 -4 9 -8 10 11 15 16 -13 19 17 -5 -2 -19 21 -1 22 -9 29 -15 -23 -10 -22 -11 -3
right_child=1 2 6 12 -6 -7 8 14 26 28 -12 13 -14 24 -16 -17 -18 18 -20 -21 27 25 -24 -25 -26 -27 -28 -29 -30 -31
leaf_value=-0.050445643421674249 0.60494389201064025 -1.0616699815661113 -0.20633578594081359 0.61741125565238664 -0.095485310181808364 -0.11935271590628226 0.056902048872597186 0.50515924902151632 -0.10024667901689617 -0.11579759192454105 -0.10578975149201397 1.1223025080447313 -0.023955514771289186 0.042034554177436706 1.6744260848067198 0.009186689086942694 0.25160628812478308 -0.20783665053464376 0.81735172818549839 2.070933642385826 -0.018246177352749901 0.30552054050486382 -1.1931931481641178 0.6579387872942517 -0.60115132488499512 -0.12115283654998307 -0.16910593399068358 -0.15505836732472547 -0.0088822499266392185 0.13966597699717426
leaf_weight=3022 8307 214 8814 10962 4745 4604 4834 4942 25591 23986 17945 438 14775 591 3375 59781 27907 2573 2227 2290 1218 2041 393 5140 2023 11703 3814 7672 12318 2267
leaf_count=3022 8307 214 8814 10962 4745 4604 4834 4942 25591 23986 17945 438 14775 591 3375 59781 27907 2573 2227 2290 1218 2041 393 5140 2023 11703 3814 7672 12318 2267
internal_value=-0.000978782 -0.000584587 -0.00405836 0.000318462 0.0029015 -0.000598921 -0.00605742 -0.000328981 -0.00457286 -0.000946393 -9.10689e-05 0.000706347 0.00304675 -0.00865007 0.0029195 0.00109812 0.0043662 0.00471275 -0.00035 0.00175067 -0.00986736 0.000718591 0.00570759 0.00793203 -0.0121653 -0.00121799 -0.00568781 -0.012189 -0.00315833 0.000979444
internal_weight=280512 268600 55419 213181 12366 159537 43053 154933 34239 130189 93885 75940 53644 3052 24744 72888 38869 13107 4800 21369 11912 19079 5335 7621 2614 13744 29405 8890 36304 2481
internal_count=280512 268600 55419 213181 12366 159537 43053 154933 34239 130189 93885 75940 53644 3052 24744 72888 38869 13107 4800 21369 11912 19079 5335 7621 2614 13744 29405 8890 36304 2481
is_linear=0
shrinkage=0.06


Tree=54
num_leaves=31
num_cat=0
split_feature=13 8 15 1 7 2 5 13 7 1 12 13 1 5 1 7 2 16 13 2 14 6 7 13 12 13 16 15 2 16
split_gain=249.462 211.516 139.435 96.0905 93.3765 81.1175 77.0151 76.3878 75.2346 69.3947 63.453 61.898 60.9955 82.1602 91.6331 56.1241 56.0559 49.0865 48.7463 48.0424 46.9239 52.615 40.2203 39.7358 39.3495 38.2589 36.3826 33.9593 33.7199 33.0947
threshold=1.4325000000000003 1.0995170348194236 98.201500000000024 5.5000000000000009 1.5056241961781456 4.5000000000000009 1.0000000180025095e-35 65.295000000000016 0.61119511991542674 15.500000000000002 0.77875000000000016 74.872500000000016 5.5000000000000009 1.0000000180025095e-35 20.500000000000004 1.7809299273259047 1.0000000180025095e-35 24.264750000000003 22.157500000000002 1.0000000180025095e-35 255.79250000000005 0.92447237139632843 0.89517760492692877 63.215000000000011 1.1787500000000002 228.39650000000003 262.72285000000005 -6.044999999999999 1.0000000180025095e-35 0.79002500000000009
decision_type=8 2 2 2 2 2 2 10 2 2 2 8 2 2 2 2 2 2 8 2 2 2 2 8 2 10 2 2 2 2
left_child=19 2 4 -3 5 7 11 12 -5 10 27 -4 18 14 16 24 23 -9 -2 -1 21 -13 -21 -14 -10 26 -23 -7 -19 -24
right_child=1 3 6 8 -6 9 -8 17 15 -11 -12 20 13 -15 -16 -17 -18 28 -20 22 -22 25 29 -25 -26 -27 -28 -29 -30 -31
leaf_value=-0.0474189048163738 0.04598527430372968 -0.172259529735804 -0.054887852295776723 0.24136155416645388 -0.11110446212967294 -0.26904665383880744 -0.55813102758673627 1.167527165402122 -0.051146089921718978 0.030007599807425612 -0.24021016025323963 0.85940157205767576 0.50097389806009884 -0.34199228438735774 -0.097420778236849151 -0.11859266133583653 0.053530712135956379 0.82788522481732851 -0.13426747761282073 -0.017151406711584886 2.8897480285438517 0.33767517935043684 -0.17073628561668622 0.17073246736268372 -0.14970965864834518 3.0715857963397175 -2.5369756561185692 -0.080173570957261436 0.13696013002170843 -0.13909216985135842
leaf_weight=3022 6637 10472 6632 4424 5972 491 1918 2531 29693 17387 2221 6465 4957 2748 13640 2714 48298 1411 25696 1218 3233 14985 1113 7315 2941 734 212 33357 11516 6559
leaf_count=3022 6637 10472 6632 4424 5972 491 1918 2531 29693 17387 2221 6465 4957 2748 13640 2714 48298 1411 25696 1218 3233 14985 1113 7315 2941 734 212 33357 11516 6559
internal_value=-0.000937714 -0.000560908 0.000246753 -0.00407093 -0.000406403 -0.000159086 0.00376635 0.000678883 -0.00272453 -0.00211464 -0.00361557 0.0044608 0.000120504 0.00103927 0.00141652 -0.00364773 0.00241704 0.00462673 -0.00206631 -0.00943418 0.00579773 0.00482229 -0.0116558 0.00603814 -0.00295826 0.00296968 0.00232348 -0.00297093 0.00313066 -0.0132638
internal_weight=280512 268600 218356 50244 184177 178205 34179 124749 39772 53456 36069 32261 109291 76958 74210 35348 60570 15458 32333 11912 25629 22396 8890 12272 32634 15931 15197 33848 12927 7672
internal_count=280512 268600 218356 50244 184177 178205 34179 124749 39772 53456 36069 32261 109291 76958 74210 35348 60570 15458 32333 11912 25629 22396 8890 12272 32634 15931 15197 33848 12927 7672
is_linear=0
shrinkage=0.06


Tree=55
num_leaves=31
num_cat=0
split_feature=16 10 15 3 3 10 3 1 3 3 7 12 2 14 7 5 14 3 3 12 3 15 15 7 14 7 0 14 2 15
split_gain=229.532 187.248 99.8761 90.9156 100.9 90.5424 77.0745 70.457 69.2177 81.9968 64.3505 62.9977 61.1555 63.379 56.9566 55.1135 54.8665 71.7946 80.5239 77.3635 52.0177 70.6299 62.9451 49.7559 60.3689 49.1989 45.5332 71.8982 41.1392 49.0107
threshold=3.6412500000000003 1.0714285714285701 119.02500000000002 1.5000000000000002 10.500000000000002 -1.0000000180025095e-35 8.5000000000000018 6.5000000000000009 7.5000000000000009 2.5000000000000004 1.1049520087657234 1.0000000180025095e-35 1.5000000000000002 2.5990000000000006 1.6688301940887422 1.0000000180025095e-35 3.6815000000000002 4.5000000000000009 5.5000000000000009 0.061250000000000006 9.5000000000000018 38.083500000000008 26.981000000000005 1.0957118245318684 8.1415000000000024 0.79122538588047575 1.5000000000000002 32.651500000000006 4.5000000000000009 0.041500000000000002
decision_type=2 2 2 2 2 2 2 2 2 2 2 2 2 2 2 2 2 2 2 2 2 2 2 2 2 2 2 2 2 2
left_child=8 2 3 5 6 -2 14 -3 9 -1 -11 20 -6 -14 16 -4 17 -5 19 -19 22 23 -8 24 -22 -9 27 -27 -18 -30
right_child=1 7 15 4 12 -7 11 25 -10 10 -12 -13 13 -15 -16 -17 28 18 -20 -21 21 -23 -24 -25 -26 26 -28 -29 29 -31
leaf_value=0.09503103456724539 0.6883714844110107 -0.14973032451895085 0.62808690846090454 0.81155274394851262 0.51732587818002851 0.075765390486663406 -0.22541456415943617 0.075974264425196336 -0.041786789728921289 -0.13041511889868884 -0.13524689660047329 0.033965101088353468 1.4744887959511079 0.02591438146878846 -0.13325130822016609 -0.69254353022936543 0.0038690142465986808 -0.38309066847039752 0.14833693872852052 1.1964428764699822 -0.18156306320329058 -0.54541308857236048 -0.1542785292145423 -0.13014570523867311 0.39024582439929462 -0.032656206575264066 -0.053185990428238551 -0.29756815032456485 -0.46952509021196082 -0.061613863437771456
leaf_weight=1110 5244 11986 22132 2728 7178 11232 6754 8462 12352 8816 2968 6400 722 19328 2292 1340 76792 1726 3934 328 1860 2902 4802 994 5270 8826 10612 3374 1742 26306
leaf_count=1110 5244 11986 22132 2728 7178 11232 6754 8462 12352 8816 2968 6400 722 19328 2292 1340 76792 1726 3934 328 1860 2902 4802 994 5270 8826 10612 3374 1742 26306
internal_value=-0.000895149 -0.000355394 0.000378669 -8.08342e-05 -0.000488556 0.00417698 -0.00111855 -0.00395284 -0.00635269 -0.00942764 -0.0108961 -0.00388586 0.00286249 0.0011611 -0.000426248 0.00406953 -0.00023724 0.00433685 0.000661323 -0.00896787 -0.00537508 -0.00242699 -0.00818795 0.000443131 0.00219635 -0.0024538 -0.00390321 -0.00640328 -0.000617512 -0.00258414
internal_weight=280512 255266 212006 188534 172058 16476 144830 43260 25246 12894 11784 28982 27228 20050 115848 23472 113556 8716 5988 2054 22582 11026 11556 8124 7130 31274 22812 12200 104840 28048
internal_count=280512 255266 212006 188534 172058 16476 144830 43260 25246 12894 11784 28982 27228 20050 115848 23472 113556 8716 5988 2054 22582 11026 11556 8124 7130 31274 22812 12200 104840 28048
is_linear=0
shrinkage=0.06


Tree=56
num_leaves=31
num_cat=0
split_feature=8 15 3 0 7 7 10 3 2 3 16 3 3 3 5 16 3 10 3 1 8 16 5 12 16 5 10 6 1 15
split_gain=218.064 169.41 153.716 129.737 80.2623 78.4484 76.0128 72.3958 71.5082 68.9393 68.7872 67.7402 63.5082 59.11 55.2632 52.3672 48.4289 43.3851 40.7638 40.5889 40.4401 38.9424 38.5916 37.6821 38.2799 37.0563 36.2036 37.4046 36.006 35.4634
threshold=1.3397204417514514 16.931500000000003 2.5000000000000004 2.5000000000000004 0.72852641831424136 1.4495496302649398 1.0000000180025095e-35 1.5000000000000002 1.5000000000000002 10.500000000000002 3.0307500000000007 4.5000000000000009 10.500000000000002 5.5000000000000009 1.0000000180025095e-35 59.973250000000007 6.5000000000000009 -4.2113095238095211 6.5000000000000009 7.5000000000000009 0.79318232378426912 113.438 1.0000000180025095e-35 1.0000000180025095e-35 1.7202500000000003 1.0000000180025095e-35 -1.0857142857142847 0.93448976308990628 5.5000000000000009 0.56100000000000017
decision_type=2 2 2 2 2 2 2 2 2 2 2 2 2 2 2 2 2 2 2 2 2 2 2 2 2 2 2 2 2 2
left_child=1 5 14 4 7 10 9 -3 25 11 17 15 23 -13 26 -6 -7 -1 -15 -11 -10 -9 -8 -4 -25 -5 27 -2 -14 -19
right_child=2 3 12 8 6 16 22 21 20 19 -12 13 28 18 -16 -17 -18 29 -20 -21 -22 -23 -24 24 -26 -27 -28 -29 -30 -31
leaf_value=0.34799879455053018 -0.0044996135554031015 1.001997502129921 -0.19593310210023418 0.60119549115797355 0.12504000410970392 -0.14824652789544837 -0.098142309567557373 0.096948636591057638 0.43911152457159919 -0.041301995555889766 -0.02919336584936515 -0.30777608832813891 -0.14368651801226059 0.12133300482403836 -0.38952513750383083 -0.12481056808199553 -0.036586052178754526 -0.12747181118432632 -0.06609738479618478 0.42203320117231713 0.066498400770259425 1.3640133090961206 -0.30539279985190798 -0.13040485115663508 -0.11469503652253361 -0.35442272734397473 -0.019892910627318679 0.72818517541384742 -0.02211574040947711 -0.058193815471623708
leaf_weight=508 1182 1182 4516 14820 23316 2800 14550 11418 6048 5602 60548 8566 1712 4796 528 12672 3390 6100 24650 12176 28588 1046 842 938 8754 520 3404 1830 5088 8422
leaf_count=508 1182 1182 4516 14820 23316 2800 14550 11418 6048 5602 60548 8566 1712 4796 528 12672 3390 6100 24650 12176 28588 1046 842 938 8754 520 3404 1830 5088 8422
internal_value=-0.000870123 -0.000313589 -0.00589868 0.000761628 -0.000301947 -0.00255944 -0.000853784 0.00403195 0.0033328 -0.000199394 -0.00202757 -0.00100541 -0.00845678 -0.00277176 0.00184044 0.000860287 -0.00905331 -0.00566068 -0.00149562 0.00315559 0.00182238 0.00268614 -0.00475572 -0.010739 -0.0086298 0.00674316 0.00337594 0.00816733 -0.00368824 -0.0062636
internal_weight=280512 252560 27952 170792 120816 81768 107170 13646 49976 91778 75578 74000 21008 38012 6944 35988 6190 15030 29446 17778 34636 12464 15392 14208 9692 15340 6416 3012 6800 14522
internal_count=280512 252560 27952 170792 120816 81768 107170 13646 49976 91778 75578 74000 21008 38012 6944 35988 6190 15030 29446 17778 34636 12464 15392 14208 9692 15340 6416 3012 6800 14522
is_linear=0
shrinkage=0.06


Tree=57
num_leaves=31
num_cat=0
split_feature=13 8 3 2 13 16 1 1 3 13 0 2 0 13 5 15 5 13 1 8 3 15 2 13 3 15 2 13 1 3
split_gain=206.403 195.856 168.134 119.542 85.0586 74.0578 73.2845 67.5158 64.0742 61.2984 55.6451 55.2872 54.2574 81.8411 53.9369 51.4077 51.2929 45.8879 45.4227 43.4281 37.9562 50.237 40.1465 36.5256 47.3906 41.8483 39.6494 33.4232 34.9683 33.3932
threshold=-1.0000000180025095e-35 1.0995170348194236 2.5000000000000004 1.5000000000000002 252.28250000000003 3.8067500000000005 6.5000000000000009 5.5000000000000009 6.5000000000000009 3.2015000000000007 1.5000000000000002 4.5000000000000009 2.5000000000000004 104.47250000000001 1.0000000180025095e-35 123.01250000000002 1.0000000180025095e-35 53.767500000000005 16.500000000000004 0.70626397926786477 10.500000000000002 3.2015000000000007 1.0000000180025095e-35 1.0000000180025095e-35 1.5000000000000002 22.055000000000003 1.5000000000000002 -1.0000000180025095e-35 19.500000000000004 7.5000000000000009
decision_type=8 2 2 2 10 2 2 2 2 10 2 2 2 8 2 2 2 10 2 2 2 2 2 10 2 2 2 10 2 2
left_child=-1 3 16 7 5 9 -4 -2 11 -5 -9 -8 -7 -14 15 20 23 -10 -13 -15 21 -12 27 24 25 26 -3 -23 -29 -6
right_child=1 2 6 4 29 12 8 10 17 -11 14 18 13 19 -16 -17 -18 -19 -20 -21 -22 22 -24 -25 -26 -27 -28 28 -30 -31
leaf_value=-0.14101809712181929 -0.028694958055312438 -0.29089075795859737 -0.15761141887704053 -0.11705204646832612 -3.0647212810663103 -0.037201593901914083 -0.095373746993499958 0.043570853062798759 -0.021464517391131838 0.0058406527119438762 -0.33497635175446744 -0.24579873496982929 -0.11473729035827851 0.73637535956622424 -0.54060012162437832 1.6697381480187965 -0.36486040829851668 -0.69885197516270736 -0.093273741657482742 0.22944345527774529 1.0256233714100105 0.27418558451326375 0.098447966917399155 -0.0032646426616435953 -0.0093826978256372675 1.1198634854281149 0.52001684502844614 1.2234975381896664 0.10728033717641437 3.5426513930651553
leaf_weight=6602 16260 245 9718 9494 78 104857 7123 24019 17472 5076 1225 2027 13432 3720 790 4967 567 2335 1378 19580 2272 3738 7771 5569 2124 1857 1357 2505 798 1556
leaf_count=6602 16260 245 9718 9494 78 104857 7123 24019 17472 5076 1225 2027 13432 3720 790 4967 567 2335 1378 19580 2272 3738 7771 5569 2124 1857 1357 2505 798 1556
internal_value=-0.000831408 -0.00057873 -0.00390211 0.000195824 -0.000692997 -0.000835495 -0.00575163 0.00237548 -0.00429899 -0.00490872 0.00350567 -0.00808131 -0.000416346 0.00156811 0.00554475 0.00606805 0.00241915 -0.00228858 -0.01437 0.00371845 0.00459938 0.00357112 0.00453686 0.0033142 0.00674369 0.0110755 0.00397004 0.00781849 0.0122162 0.0129253
internal_weight=280512 273910 51772 222138 157793 156159 40053 64345 30335 14570 48085 10528 141589 36732 24066 23276 11719 19807 3405 23300 18309 16037 14812 11152 5583 3459 1602 7041 3303 1634
internal_count=280512 273910 51772 222138 157793 156159 40053 64345 30335 14570 48085 10528 141589 36732 24066 23276 11719 19807 3405 23300 18309 16037 14812 11152 5583 3459 1602 7041 3303 1634
is_linear=0
shrinkage=0.06


Tree=58
num_leaves=31
num_cat=0
split_feature=8 13 3 0 7 14 5 3 3 12 8 12 3 10 13 1 15 3 13 7 13 14 5 3 0 3 3 13 13 10
split_gain=190.802 159.909 129.852 127.424 101.986 94.5558 93.9313 120.638 77.8172 110.662 63.847 62.3364 58.6809 54.4104 53.9851 47.3882 46.3867 46.2723 46.2706 50.1751 45.5693 54.7577 45.0317 44.983 42.6343 41.891 40.6757 39.9995 38.2667 36.7029
threshold=1.3397204417514514 -1.0000000180025095e-35 2.5000000000000004 1.5000000000000002 1.0090088923758584 22.801500000000004 1.0000000180025095e-35 10.500000000000002 6.5000000000000009 1.0000000180025095e-35 0.57764052643125474 0.87875000000000003 10.500000000000002 3.1142857142857157 99.721000000000018 16.500000000000004 178.14750000000001 6.5000000000000009 17.112500000000001 0.89875578150459623 41.82500000000001 59.585000000000008 1.0000000180025095e-35 4.5000000000000009 2.5000000000000004 5.5000000000000009 9.5000000000000018 195.04500000000004 319.22000000000008 -0.54999999999999905
decision_type=2 8 2 2 2 2 2 2 2 2 2 2 2 2 8 2 2 2 10 2 10 2 2 2 2 2 2 10 10 2
left_child=1 29 22 4 13 17 7 8 11 10 -10 18 -4 20 -9 -11 -12 25 19 -5 -3 -22 -2 -13 -21 -6 -18 -23 -16 -1
right_child=2 3 12 6 5 -7 -8 14 9 15 16 23 -14 -15 28 -17 26 -19 -20 24 21 27 -24 -25 -26 -27 -28 -29 -30 -31
leaf_value=0.010356440287397826 0.11306505123456795 -0.027635100423239259 -0.13078526244244029 0.66090290826384113 -0.042956517249423114 -0.22868959165520428 -0.32314477844675438 0.066910259077770887 0.42737088215217905 0.072625966631418487 -0.15508809175439892 -0.63056585079501992 -0.065331365319871909 -0.15559002677500755 0.85067225989373596 0.76054616529792185 6.4219884605789659 0.0033373353064692557 0.045585680618687827 0.046508144816993988 0.28473437657174028 -0.20263819729772323 -0.34426200475568997 0.023859611483305405 0.5307498095414539 -0.1194124420730157 -0.60469720855100972 1.9759316991535836 9.2189306547158605 -0.16670598385329
leaf_weight=857 6416 79163 14208 5539 6247 6493 5428 5578 1571 7896 27378 1829 6800 4055 11918 3316 851 8358 23665 12609 10309 6200 528 2661 12025 1205 878 1076 557 4898
leaf_count=857 6416 79163 14208 5539 6247 6493 5428 5578 1571 7896 27378 1829 6800 4055 11918 3316 851 8358 23665 12609 10309 6200 528 2661 12025 1205 878 1076 557 4898
internal_value=-0.000793549 -0.000272965 -0.00549728 -4.24222e-05 -0.00140903 -0.00508048 0.00131763 0.00167184 0.000858528 -0.00111435 -0.00297868 0.00227541 -0.00784844 -0.000596708 0.00618678 0.0039868 -0.00361459 -0.00257685 0.00284186 0.00439963 -0.000311324 0.00245152 0.00161578 -0.0045167 0.00323943 -0.00601449 0.00591671 -0.00153381 0.00838076 -0.0101599
internal_weight=280512 252560 27952 246805 123106 22303 123699 118271 100218 41890 30678 58328 21008 100803 18053 11212 29107 15810 53838 30173 96748 17585 6944 4490 24634 7452 1729 7276 12475 5755
internal_count=280512 252560 27952 246805 123106 22303 123699 118271 100218 41890 30678 58328 21008 100803 18053 11212 29107 15810 53838 30173 96748 17585 6944 4490 24634 7452 1729 7276 12475 5755
is_linear=0
shrinkage=0.06


Tree=59
num_leaves=31
num_cat=0
split_feature=13 7 10 3 3 2 1 10 7 13 5 2 2 13 1 1 5 2 13 1 12 2 3 14 2 13 7 13 13 15
split_gain=166.254 144.138 115.034 103.463 120.134 97.0994 95.0317 91.7037 75.0714 73.1175 63.972 82.1043 67.9463 61.05 60.1612 77.9235 85.3159 52.4099 67.4448 52.1466 51.1361 45.4988 43.8975 43.7991 40.3259 40.3088 40.1395 38.8522 38.1771 37.9607
threshold=1.2410000000000003 1.7486975710883648 2.514285714285716 1.5000000000000002 10.500000000000002 4.5000000000000009 16.500000000000004 -1.0000000180025095e-35 0.51033739048226756 252.28250000000003 1.0000000180025095e-35 1.0000000180025095e-35 5.5000000000000009 72.065000000000012 4.5000000000000009 21.500000000000004 1.0000000180025095e-35 1.0000000180025095e-35 209.94500000000002 17.500000000000004 1.0787500000000001 5.5000000000000009 8.5000000000000018 16.861500000000003 4.5000000000000009 14.281000000000001 0.89875578150459623 1.2410000000000003 33.321000000000005 63.57500000000001
decision_type=8 2 2 2 2 2 2 2 2 10 2 2 2 8 2 2 2 2 8 2 2 2 2 2 2 8 2 10 8 2
left_child=26 2 3 7 5 8 20 27 -5 10 11 -6 23 24 22 16 17 18 -16 -14 -7 -9 -10 -12 -13 -18 -1 -2 -24 -23
right_child=1 -3 -4 4 9 6 -8 21 14 -11 12 13 19 -15 15 -17 25 -19 -20 -21 -22 29 28 -25 -26 -27 -28 -29 -30 -31
leaf_value=0.012629551722750154 1.0758964667755064 -0.1063555347767912 -0.077503685455587445 0.45486784895466847 0.72805809923799703 -0.10778564372063025 0.023543588649705231 0.18673584323052472 -0.058420325259984932 3.2367813722719281 0.0046117362040982357 -0.23772198694819774 0.61697819511600316 0.30397632939386537 0.41568087140502186 -0.14818145802448127 0.13254903937841495 0.018347598574281657 0.034231167329295681 -0.425314450631124 -0.16657514888406139 0.041500209033649038 -0.0078497579937685334 -0.88712476970369203 0.083583449268292892 -0.52804558085829911 -0.10808500901160244 0.26694029225129867 -0.34101489522928252 -0.93807198595125085
leaf_weight=1597 2997 6460 22764 6263 4675 32906 15321 12400 19883 1658 855 5440 428 21635 7252 10303 360 69323 9126 144 2185 1147 1722 1587 2701 2236 9744 2979 3620 801
leaf_count=1597 2997 6460 22764 6263 4675 32906 15321 12400 19883 1658 855 5440 428 21635 7252 10303 360 69323 9126 144 2185 1147 1722 1587 2701 2236 9744 2979 3620 801
internal_value=-0.000742856 -0.000443027 -0.000225305 0.000161411 -0.0002176 -0.000870914 -0.0031064 0.00425704 -4.61226e-06 0.00279656 0.0022509 0.00298424 -0.00613139 0.00182362 -0.00032877 0.000340162 0.000916339 0.00124094 0.00429356 0.0124825 -0.00482773 0.00165598 -0.00294351 -0.0104914 -0.00260533 -0.00979969 -0.0078591 0.010502 -0.00777237 -0.00686858
internal_weight=280512 269171 262711 239947 219623 180500 50412 20324 130088 39123 37465 34451 3014 29776 123825 98600 88297 85701 16378 572 35091 14348 25225 2442 8141 2596 11341 5976 5342 1948
internal_count=280512 269171 262711 239947 219623 180500 50412 20324 130088 39123 37465 34451 3014 29776 123825 98600 88297 85701 16378 572 35091 14348 25225 2442 8141 2596 11341 5976 5342 1948
is_linear=0
shrinkage=0.06


Tree=60
num_leaves=31
num_cat=0
split_feature=8 3 10 2 1 14 3 2 7 3 1 7 15 5 2 15 3 15 7 14 3 0 8 15 2 14 3 15 3 2
split_gain=168.008 134.093 99.3419 98.3489 80.0601 73.2421 67.548 75.0093 67.1775 57.4368 56.3594 53.4602 47.1136 46.9939 44.4507 44.3095 43.1437 63.1482 43.0303 43.0638 40.5169 38.9744 46.7956 38.1682 35.4642 34.8691 33.3739 33.2396 61.5892 83.3623
threshold=1.0616405287065547 2.5000000000000004 0.98571428571428621 1.5000000000000002 5.5000000000000009 255.79250000000005 6.5000000000000009 4.5000000000000009 0.89162548355852211 10.500000000000002 16.500000000000004 0.68668525903260591 13.325000000000001 1.0000000180025095e-35 2.5000000000000004 2.5910000000000006 8.5000000000000018 2.1710000000000007 1.4495496302649398 4.9925000000000006 2.5000000000000004 2.5000000000000004 0.79715233006477815 202.76500000000001 1.0000000180025095e-35 33.511500000000005 10.500000000000002 4.6415000000000006 9.5000000000000018 4.5000000000000009
decision_type=2 2 2 2 2 2 2 2 2 2 2 2 2 2 2 2 2 2 2 2 2 2 2 2 2 2 2 2 2 2
left_child=3 2 14 8 -3 11 7 -6 15 16 -9 26 18 -11 -2 -1 23 -18 19 20 -13 -14 -23 -10 -8 -15 -5 28 29 -21
right_child=1 4 -4 5 6 -7 24 10 9 13 -12 12 21 25 -16 -17 17 -19 -20 27 -22 22 -24 -25 -26 -27 -28 -29 -30 -31
leaf_value=-0.12544605794409108 -0.013751471546730726 -0.13912119932407996 -0.079016990314800403 0.054453497524806022 -0.078184787150073945 2.3717504904666789 0.1041119537353398 -0.22387471946254137 0.029349600467131507 0.67625020205969777 -0.084282402915835816 0.17289820597567948 -0.046604389121562444 0.0048629381975587192 0.52775625459346398 0.44629206706357633 -0.30563026476036825 -0.047649864120946121 -0.12219400271103721 0.10975085674242464 -0.08666058274482849 0.51221778240858684 0.02023999074551824 2.9725008576691936 -0.052839202461086941 -2.0793864987522133 0.75045336290592779 -0.094638996767580821 0.4194676667670964 -0.19795950413291882
leaf_weight=1394 2450 9616 4774 14574 8712 2712 3376 2552 35050 7040 1616 542 71118 420 5112 11126 1332 7956 2474 5290 14538 4230 23240 334 19472 236 1808 9826 3120 4472
leaf_count=1394 2450 9616 4774 14574 8712 2712 3376 2552 35050 7040 1616 542 71118 420 5112 11126 1332 7956 2474 5290 14538 4230 23240 334 19472 236 1808 9826 3120 4472
internal_value=-0.000709916 -0.00359605 0.00195039 3.7158e-05 -0.00510498 -0.00077078 -0.00379702 -0.00727174 0.00200376 0.00105981 -0.0138916 -0.000941558 -0.00132402 0.00584719 0.00622851 0.00595208 0.000235047 -0.00340439 -0.0030535 -0.0025516 -0.00503714 -0.000617722 0.00130178 0.00119037 -0.00183824 -0.0095122 0.00230009 -0.000901004 0.00110387 -0.00124155
internal_weight=280512 57680 12336 222832 45344 157944 35728 12880 64888 52368 4168 155232 138850 7696 7562 12520 44672 9288 40262 37788 15080 98588 27470 35384 22848 656 16382 22708 12882 9762
internal_count=280512 57680 12336 222832 45344 157944 35728 12880 64888 52368 4168 155232 138850 7696 7562 12520 44672 9288 40262 37788 15080 98588 27470 35384 22848 656 16382 22708 12882 9762
is_linear=0
shrinkage=0.06


Tree=61
num_leaves=31
num_cat=0
split_feature=8 13 2 3 10 16 1 0 13 3 8 7 1 0 7 13 7 15 3 3 8 14 10 3 13 6 8 1 7 2
split_gain=155.876 129.768 121.331 93.5661 81.5732 73.9382 63.1644 64.44 55.1711 52.6835 48.327 45.4716 39.4704 43.7306 41.7386 39.4571 41.1486 39.2956 41.5809 38.3772 37.8873 36.3864 35.3332 33.8719 32.1866 32.0674 31.7077 31.5826 29.9826 30.0091
threshold=1.332604416611143 -0.45899999999999996 1.5000000000000002 2.5000000000000004 0.70000000000000018 4.2616250000000013 4.5000000000000009 1.5000000000000002 252.28250000000003 11.500000000000002 1.6527216394676747 0.78302576127124479 15.500000000000002 1.5000000000000002 1.7809299273259047 2.1985000000000006 0.74935388178235141 72.535000000000011 1.5000000000000002 10.500000000000002 0.8770300146298603 4.9925000000000006 -0.73571428571428432 8.5000000000000018 68.747500000000016 0.93448976308990628 1.0661968561820878 19.500000000000004 0.99362685940203177 4.5000000000000009
decision_type=2 8 2 2 2 2 2 2 10 2 2 2 2 2 2 10 2 2 2 2 2 2 2 2 10 2 2 2 2 2
left_child=1 -1 6 22 5 15 -3 27 11 10 -5 -7 14 -14 20 16 -4 18 26 21 -6 -20 25 -17 -11 -2 -9 -8 -10 -30
right_child=3 2 4 9 12 8 7 17 28 24 -12 -13 13 -15 -16 23 -18 -19 19 -21 -22 -23 -24 -25 -26 -27 -28 -29 29 -31
leaf_value=-0.15347537147750576 -0.071641318317189326 -0.042680505499135948 0.081505325771993015 -0.092403502736274581 -0.047089237523960437 0.16567186763614702 0.057284833099798219 1.2740898725659038 -3.3161016904007679 0.016976860402119199 -0.16546013876820229 -0.014645467718574849 -0.056758787917539473 0.213050141358232 -0.20241783195476998 -0.064699879125789075 -0.10953380382026383 0.74181552085981117 0.40474500307309758 0.69819740119092077 -0.11700847931441544 -0.014540361482063132 -0.070133387489326918 0.077363341115292278 -1.3738666621474667 0.52497764514237533 -0.63796598777332503 -0.065292404968766815 5.0699281405624133 0.51552900686805858
leaf_weight=3858 1352 14820 1530 12968 10390 15546 22051 988 77 3363 4880 112836 5656 4673 1137 3435 8002 13109 1546 1578 9915 10796 3636 2345 221 2084 124 6057 978 561
leaf_count=3858 1352 14820 1530 12968 10390 15546 22051 988 77 3363 4880 112836 5656 4673 1137 3435 8002 13109 1546 1578 9915 10796 3636 2345 221 2084 124 6057 978 561
internal_value=-0.000675907 -0.000200232 -3.04654e-05 -0.00488142 -0.000870957 -0.000268805 0.00206377 0.00298192 0.000195695 -0.0068561 -0.00818915 5.70173e-05 -0.003625 -0.000577984 -0.00509281 -0.00421238 -0.00658414 0.00501155 0.00291778 0.00202586 -0.00446639 0.000899368 0.00110294 -0.000301038 -0.000217634 0.00546566 0.0140827 0.000949907 0.0112129 0.0130409
internal_weight=280512 252008 248150 28504 177081 145310 71069 56249 129998 21432 17848 128382 31771 10329 21442 15312 9532 28141 15032 13920 20305 12342 7072 5780 3584 3436 1112 28108 1616 1539
internal_count=280512 252008 248150 28504 177081 145310 71069 56249 129998 21432 17848 128382 31771 10329 21442 15312 9532 28141 15032 13920 20305 12342 7072 5780 3584 3436 1112 28108 1616 1539
is_linear=0
shrinkage=0.06


Tree=62
num_leaves=31
num_cat=0
split_feature=8 13 2 3 1 2 12 10 1 1 14 8 0 3 1 8 15 3 14 13 10 0 13 6 14 3 15 14 3 15
split_gain=137.448 115.427 104.136 83.427 72.775 87.4064 89.9659 60.6382 57.7424 59.8882 52.9156 55.099 50.3218 45.0694 44.3219 42.0245 39.7284 35.7892 68.6621 48.9705 32.8493 32.609 45.6695 31.3069 31.1509 30.9323 39.1077 37.4742 40.1522 37.0307
threshold=1.3397204417514514 -0.45899999999999996 1.5000000000000002 2.5000000000000004 15.500000000000002 4.5000000000000009 0.77875000000000016 0.67142857142857226 5.5000000000000009 20.500000000000004 255.79250000000005 0.84408232759605195 1.5000000000000002 11.500000000000002 21.500000000000004 1.6527216394676747 -1.3514999999999999 4.5000000000000009 30.021500000000003 67.042500000000018 -1.0857142857142847 1.5000000000000002 127.99000000000001 1.1959839734126658 1.5510000000000004 9.5000000000000018 4.9215000000000009 4.9925000000000006 1.5000000000000002 95.083000000000013
decision_type=2 8 2 2 2 2 2 2 2 2 2 2 2 2 2 2 2 2 2 10 2 2 8 2 2 2 2 2 2 2
left_child=1 -1 8 20 5 7 -7 10 -3 12 11 -4 -10 15 21 -5 24 18 -18 -19 23 -6 -23 -2 -13 26 -14 -28 -29 -30
right_child=3 2 4 13 14 6 -8 -9 9 -11 -12 16 25 -15 -16 -17 17 19 -20 -21 -22 22 -24 -25 -26 -27 27 28 29 -31
leaf_value=-0.14438696536141038 0.028159224382191823 -0.031534142962403276 0.22330346140603277 -0.088083660703605265 0.0053019745031315322 -0.073912295107610729 -0.15955478352383159 -0.096006631246715768 0.053582051772081765 -0.04396223639995555 3.3432662390922645 -0.16054209007121215 -0.28243500187382237 -0.0075442505218617437 -0.061532647098912679 -0.15553253044211016 0.50473949753887315 -0.098720330777933504 -0.056248459983166368 0.36753566979280133 -0.063859151410515111 0.0045360098723757503 0.49048144306944252 0.62381606356156838 0.50632672807558587 0.95343418143635617 1.1427526142643742 1.498870041330103 0.049246151076420115 0.83817589268077641
leaf_weight=3871 1864 17870 10038 12568 22080 43122 3785 13070 22107 9100 1392 201 1157 3560 14927 4880 3946 27278 11268 3719 3776 8834 13336 1304 498 5358 1108 1864 8187 4444
leaf_count=3871 1864 17870 10038 12568 22080 43122 3785 13070 22107 9100 1392 201 1157 3560 14927 4880 3946 27278 11268 3719 3776 8834 13336 1304 498 5358 1108 1864 8187 4444
internal_value=-0.000646389 -0.000204545 -4.45134e-05 -0.00463867 -0.000822112 -0.00168133 -0.00369348 -0.000359613 0.00189409 0.00288326 0.000467947 0.000185432 0.00379536 -0.00652323 0.000895787 -0.00777854 -0.000677894 -0.000892645 0.00149073 -0.00206246 0.00106279 0.00184949 0.00347497 0.00556818 0.0135193 0.00581879 0.00455012 0.00533936 0.00452639 0.00331328
internal_weight=280512 252560 248689 27952 177494 118317 46907 71410 71195 53325 58340 56948 44225 21008 59177 17448 46910 46211 15214 30997 6944 44250 22170 3168 699 22118 16760 15603 14495 12631
internal_count=280512 252560 248689 27952 177494 118317 46907 71410 71195 53325 58340 56948 44225 21008 59177 17448 46910 46211 15214 30997 6944 44250 22170 3168 699 22118 16760 15603 14495 12631
is_linear=0
shrinkage=0.06


Tree=63
num_leaves=31
num_cat=0
split_feature=8 13 3 13 10 1 5 2 1 10 3 2 0 13 13 12 3 1 13 7 7 2 1 16 13 14 13 12 7 14
split_gain=123.467 108.373 103.584 81.2855 76.334 69.4656 66.8703 81.1982 77.7832 61.0246 59.7488 65.4379 58.4084 55.628 54.6339 52.2771 49.677 47.5044 47.4866 47.1801 46.5765 40.7837 39.2094 35.319 42.3217 36.5746 41.9425 34.9025 31.7532 31.6583
threshold=1.0616405287065547 -0.45899999999999996 2.5000000000000004 153.00500000000002 0.98571428571428621 5.5000000000000009 1.0000000180025095e-35 1.0000000180025095e-35 5.5000000000000009 -0.21428571428571494 6.5000000000000009 4.5000000000000009 1.5000000000000002 53.767500000000005 76.565000000000012 0.063750000000000015 10.500000000000002 16.500000000000004 27.018500000000003 1.6416757835865621 0.75432218302212306 1.0000000180025095e-35 21.500000000000004 4.5792500000000009 2.1985000000000006 3.5115000000000003 35.301500000000004 0.3362500000000001 0.99362685940203177 255.79250000000005
decision_type=2 8 2 10 2 2 2 2 2 2 2 2 2 10 10 2 2 2 10 2 2 2 2 2 10 2 10 2 2 2
left_child=1 -1 4 6 18 -4 7 8 -3 12 11 -7 20 -12 22 -8 -14 -13 21 23 -9 -2 28 24 -11 26 -25 -22 -10 -27
right_child=2 3 5 -5 -6 10 15 9 14 19 13 17 16 -15 -16 -17 -18 -19 -20 -21 27 -23 -24 25 -26 29 -28 -29 -30 -31
leaf_value=-0.14932427161200088 -0.2126019954039097 -0.073788574110291674 -0.12127082464763204 1.2210569742009267 -0.068920485354576608 -0.066436627160600309 -0.091103945345096096 0.1751762404007951 0.78761011746154785 -0.10559126791449401 -0.0050931410283939016 -0.19951404364695127 0.18989173081514404 -0.63019462558709727 1.4176924223876362 -0.34407190493003781 0.85089087069298919 -0.073379241113990509 0.0018228787537472612 -0.13390505001877867 -0.095856417592151646 0.7529535568812048 -0.10230628308486998 0.044241568613079006 0.0082939517009355639 -0.026651237383509531 0.82734785214651319 0.045731788264291015 0.195461589804409 2.0484789099422391
leaf_weight=3340 558 7630 9616 5780 4774 8712 8179 5975 4217 8459 20205 2552 12443 2643 1438 1664 2597 1616 3245 2047 5526 3759 2316 5970 5420 120799 1327 2292 13434 1979
leaf_count=3340 558 7630 9616 5780 4774 8712 8179 5975 4217 8459 20205 2552 12443 2643 1438 1664 2597 1616 3245 2047 5526 3759 2316 5970 5420 120799 1327 2292 13434 1979
internal_value=-0.000620508 1.99253e-05 -0.00309466 0.00018315 0.00178016 -0.00442087 -6.73804e-06 0.000226469 0.0031648 -0.000261505 -0.00320253 -0.0064705 0.00226095 -0.00136029 0.00501892 -0.00483694 0.00484707 -0.0126536 0.00553028 -0.000759652 -0.000558979 0.00965254 0.00420544 -0.000631035 -0.00350818 -0.000324044 0.00380293 -0.00360706 0.00516855 -0.00056932
internal_weight=280512 222832 57680 219492 12336 45344 213712 203869 29035 174834 35728 12880 28833 22848 21405 9843 15040 4168 7562 146001 13793 4317 19967 143954 13879 130075 7297 7818 17651 122778
internal_count=280512 222832 57680 219492 12336 45344 213712 203869 29035 174834 35728 12880 28833 22848 21405 9843 15040 4168 7562 146001 13793 4317 19967 143954 13879 130075 7297 7818 17651 122778
is_linear=0
shrinkage=0.06


Tree=64
num_leaves=31
num_cat=0
split_feature=8 2 1 1 5 7 0 1 3 1 7 3 1 15 15 8 3 3 15 3 1 5 10 2 14 8 16 2 2 3
split_gain=115.4 91.2793 112.411 100.999 117.859 117.024 80.3477 70.4245 65.6959 60.3307 55.464 52.0693 63.7981 58.4524 46.1527 44.2078 41.7991 41.1536 40.6574 38.8222 38.3224 38.3065 38.1665 35.2521 35.7581 34.7864 34.0784 31.6899 30.8735 30.3451
threshold=1.3397204417514514 4.5000000000000009 16.500000000000004 5.5000000000000009 1.0000000180025095e-35 0.83872741876698187 2.5000000000000004 5.5000000000000009 2.5000000000000004 20.500000000000004 1.6209237739169617 10.500000000000002 9.5000000000000018 0.56100000000000017 0.041500000000000002 0.524256044366468 11.500000000000002 2.5000000000000004 101.43900000000001 1.5000000000000002 8.5000000000000018 1.0000000180025095e-35 -0.049999999999999857 1.0000000180025095e-35 95.336000000000013 0.71085400727221548 168.38117500000001 1.0000000180025095e-35 1.0000000180025095e-35 10.500000000000002
decision_type=2 2 2 2 2 2 2 2 2 2 2 2 2 2 2 2 2 2 2 2 2 2 2 2 2 2 2 2 2 2
left_child=1 3 10 15 5 19 9 -2 21 23 11 12 25 -14 -13 -1 -10 -6 -18 -5 -16 28 -8 29 -25 -3 -26 -24 -9 -7
right_child=7 2 -4 4 17 6 22 8 16 -11 -12 14 13 -15 20 -17 18 -19 -20 -21 -22 -23 27 24 26 -27 -28 -29 -30 -31
leaf_value=0.18224621876018357 -0.12677246709898873 0.076434870258579007 0.048893794659883222 1.6417417305849027 0.56426107919246404 0.079550668463706745 0.73794309716338802 -0.1957800447826977 -0.085080452451900809 -0.095874663959438125 -0.114518899599427 1.0203059013113884 -0.22874388905101564 -0.12129480737920861 -0.10705456348159161 -0.074443102638610273 0.091043531940690245 -0.34289507263531782 -0.8052511140664812 0.33828156673606352 0.19309125261308666 -0.3298696456223626 0.77606410739688514 0.016114181669724059 -0.360921127361364 -0.071390142868114501 0.57056738511853888 0.13004836399627351 0.27367700722952548 0.95318708228780835
leaf_weight=3080 5744 3608 20904 1344 464 11220 4022 504 14192 13182 1592 410 3596 12812 3832 42944 2138 4512 454 22056 3542 400 4304 44504 6676 21392 2436 18292 4520 1836
leaf_count=3080 5744 3608 20904 1344 464 11220 4022 504 14192 13182 1592 410 3596 12812 3832 42944 2138 4512 454 22056 3542 400 4304 44504 6676 21392 2436 18292 4520 1836
internal_value=-0.000594199 -0.000189341 -0.00200117 0.000528772 0.00135708 0.00170429 0.000859944 -0.00425229 -0.00272064 -9.16673e-05 -0.00352552 -0.00316881 -0.00401517 -0.00692223 0.0013335 -0.00189814 -0.00457579 -0.00770498 0.00243056 0.00554615 0.000244101 0.00301991 0.00371478 0.000641649 -3.91674e-05 -0.0021072 -0.00346356 0.00275624 0.00444268 0.0034375
internal_weight=280512 252560 71688 180872 134848 129872 106472 27952 22208 79854 50784 49192 41408 16408 7784 46024 16784 4976 2592 23400 7374 5424 26618 66672 53616 25000 9112 22596 5024 13056
internal_count=280512 252560 71688 180872 134848 129872 106472 27952 22208 79854 50784 49192 41408 16408 7784 46024 16784 4976 2592 23400 7374 5424 26618 66672 53616 25000 9112 22596 5024 13056
is_linear=0
shrinkage=0.06


Tree=65
num_leaves=31
num_cat=0
split_feature=7 8 13 1 2 1 7 12 0 5 2 8 13 15 13 14 13 0 3 14 13 15 3 2 1 13 3 16 3 8
split_gain=109.142 97.1782 86.922 78.1185 106.892 88.639 86.2646 72.3883 58.3226 66.8203 59.3831 57.5455 63.8325 56.2398 49.6379 44.248 38.66 37.1525 34.9449 33.5915 33.5129 31.4876 30.8074 29.8935 44.6584 42.4988 46.7171 39.2164 34.6043 31.5875
threshold=1.7809299273259047 1.6527216394676747 -0.45899999999999996 6.5000000000000009 3.5000000000000004 20.500000000000004 0.64735137188752534 1.1187500000000001 1.5000000000000002 1.0000000180025095e-35 1.0000000180025095e-35 1.1654304572698633 1.2410000000000003 -3.3949999999999996 105.87500000000001 93.181500000000014 -0.078499999999999986 2.5000000000000004 10.500000000000002 21.115000000000006 418.15500000000003 88.65600000000002 11.500000000000002 5.5000000000000009 14.500000000000002 252.28250000000003 1.5000000000000002 23.200500000000002 9.5000000000000018 0.9297530888433283
decision_type=2 2 8 2 2 2 2 2 2 2 2 2 10 2 8 2 10 2 2 2 10 2 2 2 2 8 2 2 2 2
left_child=1 2 -1 11 5 6 -5 13 15 10 16 12 17 -6 -12 21 -10 -4 -2 -14 -16 -8 -3 25 -25 27 -27 -15 -29 -30
right_child=18 22 3 4 7 -7 8 -9 9 -11 14 -13 19 23 20 -17 -18 -19 -20 -21 -22 -23 -24 24 -26 26 -28 28 29 -31
leaf_value=-0.12130601677128902 -0.10780441820487852 -0.14443798486089296 -0.11061330827959792 0.73955046262040647 -0.24893626676315442 -0.065395237004600509 0.042398652745015336 -0.11610197324668532 0.43488500723637191 -0.55824346327337937 -0.024735603256534445 -0.10713383118154977 0.062869392406869617 0.00017356730705060384 0.37831901799486062 -0.3489559272825315 1.0351181078525129 0.041335185954561079 -0.0083307014077579969 -0.02988206644869244 11.039984393325515 -0.15792092633909405 0.080048676269722327 -0.039083326377786325 0.112431155948247 0.76848508415771344 -0.0095695380113902037 -0.13679772772472759 0.1374591096512405 -0.61088665743895387
leaf_weight=4073 4512 6120 27915 8372 1012 18953 30048 4995 4884 1201 10205 8718 13049 9301 18534 5183 4352 9114 1608 18263 199 4100 824 10768 13467 2126 23649 11578 485 2904
leaf_count=4073 4512 6120 27915 8372 1012 18953 30048 4995 4884 1201 10205 8718 13049 9301 18534 5183 4352 9114 1608 18263 199 4100 824 10768 13467 2126 23649 11578 485 2904
internal_value=-0.000565537 -0.000388787 -0.000206844 -7.23303e-05 0.00059222 0.00184276 0.00265211 -0.00105935 0.00203619 0.00366857 0.00410698 -0.0016791 -0.00109349 -0.000595298 0.00277006 0.000401973 0.0082958 -0.00277971 -0.0084902 0.000900613 0.00460417 0.00118601 -0.00739631 -0.000403888 0.00132577 -0.00124153 0.000455092 -0.00304351 -0.00494488 -0.0102774
internal_weight=280512 274392 267448 263375 186316 106031 87078 80285 78706 39375 38174 77059 68341 75290 28938 39331 9236 37029 6120 31312 18733 34148 6944 74278 24235 50043 25775 24268 14967 3389
internal_count=280512 274392 267448 263375 186316 106031 87078 80285 78706 39375 38174 77059 68341 75290 28938 39331 9236 37029 6120 31312 18733 34148 6944 74278 24235 50043 25775 24268 14967 3389
is_linear=0
shrinkage=0.06


Tree=66
num_leaves=31
num_cat=0
split_feature=8 3 15 10 1 7 3 3 14 16 14 12 3 8 3 3 2 3 15 14 10 2 16 2 15 6 0 1 16 2
split_gain=101.41 82.708 68.1068 63.3599 55.532 53.462 48.6133 66.0028 56.5852 55.1567 63.9825 55.0553 50.698 51.995 85.9648 44.253 54.4082 43.7192 48.4166 48.6535 43.7207 43.2431 42.0342 39.5954 66.3174 39.4286 38.9803 38.785 34.7672 34.6671
threshold=1.0521899627939624 2.5000000000000004 125.22750000000001 0.26428571428571362 5.5000000000000009 1.7486975710883648 10.500000000000002 8.5000000000000018 149.88100000000003 2.5075250000000002 3.5115000000000003 0.14875000000000002 4.5000000000000009 0.89668603341607678 5.5000000000000009 6.5000000000000009 4.5000000000000009 9.5000000000000018 38.561000000000007 8.1415000000000024 0.95714285714285763 2.5000000000000004 4.2616250000000013 5.5000000000000009 30.611500000000003 0.91029095032032992 1.5000000000000002 15.500000000000002 127.249075 4.5000000000000009
decision_type=2 2 2 2 2 2 2 2 2 2 2 2 2 2 2 2 2 2 2 2 2 2 2 2 2 2 2 2 2 2
left_child=2 3 5 21 -3 6 7 9 -8 -1 12 17 23 22 -15 16 -6 -9 19 -19 -21 -2 -14 -11 -25 -4 -20 -18 -12 -28
right_child=1 4 25 -5 15 -7 8 11 -10 10 28 -13 13 14 -16 -17 27 18 26 20 -22 -23 -24 24 -26 -27 29 -29 -30 -31
leaf_value=-0.074069185345212937 -0.054883137547104395 -0.10372428997269029 0.89418236458604705 -0.058449177036573922 -0.056800820643439179 -0.11788137366199081 0.051314017342554551 -0.13496470939046021 2.3914636273329468 0.64823668169508364 -0.0097774010985019009 0.12143218015736251 -0.021623309705362619 -0.32768063863783886 0.079730923133170539 -0.02291058341750301 -0.18916984771537154 -0.078090687646417439 -0.56831527348481292 0.3581676054688116 -0.3502221371369128 0.46243952781808301 0.88574880319217653 0.39965214251739084 -1.0405389947697079 0.27723056763189302 0.16569870845222748 -0.071513501061543333 0.58486232473056354 -0.62162344887412102
leaf_weight=7386 2360 9840 3954 5540 8952 2472 24800 14476 2018 3292 118242 3434 900 1880 3616 23272 2288 5556 1362 5206 500 4572 1422 528 376 15702 1414 1960 2820 372
leaf_count=7386 2360 9840 3954 5540 8952 2472 24800 14476 2018 3292 118242 3434 900 1880 3616 23272 2288 5556 1362 5206 500 4572 1422 528 376 15702 1414 1960 2820 372
internal_value=-0.000543292 -0.00275891 4.41081e-05 0.00157793 -0.00392684 -0.000283859 -0.000175251 -0.000544154 0.00220151 1.8368e-05 0.000298476 -0.00298886 0.00447478 0.00161934 -0.00156114 -0.00284766 -0.00562273 -0.00384269 -0.00150312 0.000335642 0.00422713 0.00540104 0.00914729 0.00979504 -0.00132743 0.00341575 -0.00808132 -0.0112147 -0.000115974 -0.00225084
internal_weight=280512 58784 221728 12472 46312 202072 199600 172782 26818 140462 133076 32320 12014 7818 5496 36472 13200 28886 14410 11262 5706 6932 2322 4196 904 19656 3148 4248 121062 1786
internal_count=280512 58784 221728 12472 46312 202072 199600 172782 26818 140462 133076 32320 12014 7818 5496 36472 13200 28886 14410 11262 5706 6932 2322 4196 904 19656 3148 4248 121062 1786
is_linear=0
shrinkage=0.06


Tree=67
num_leaves=31
num_cat=0
split_feature=7 13 1 2 5 1 7 12 0 2 13 13 13 15 14 16 13 15 0 15 7 13 13 1 16 2 13 14 2 1
split_gain=86.199 78.4234 74.2569 86.6265 85.9283 87.0328 83.2631 64.6101 59.9052 56.7832 51.9593 45.6217 43.7382 41.8188 38.5736 36.3069 34.5778 32.4163 33.114 31.5944 31.447 31.224 30.1431 29.253 26.7059 25.5054 40.2575 41.2139 47.1351 37.5093
threshold=1.7809299273259047 -0.79499999999999993 6.5000000000000009 3.5000000000000004 1.0000000180025095e-35 21.500000000000004 0.66996521181519675 1.1787500000000002 1.5000000000000002 1.0000000180025095e-35 1.7645000000000002 282.74500000000006 40.041000000000004 -3.3949999999999996 98.52500000000002 27.502125000000003 418.15500000000003 -2.3784999999999994 2.5000000000000004 90.535000000000011 1.142152666243035 -0.078499999999999986 64.680000000000021 15.500000000000002 235.78075000000004 5.5000000000000009 252.28250000000003 59.585000000000008 4.5000000000000009 14.500000000000002
decision_type=2 8 2 2 2 2 2 2 2 2 10 8 8 2 2 2 10 2 2 2 2 10 10 2 2 2 8 2 2 2
left_child=1 -1 10 4 5 6 -4 13 14 21 17 24 -6 -5 19 22 -13 -3 -19 -8 -16 -10 -12 -2 -11 26 27 28 -15 -27
right_child=23 2 3 7 12 -7 8 -9 9 11 15 16 -14 25 20 -17 -18 18 -20 -21 -22 -23 -24 -25 -26 29 -28 -29 -30 -31
leaf_value=-0.12194753237751385 -0.084357345273552181 0.16428631409182573 0.64391661838556102 -0.21718852886367154 0.038296699578251318 -0.10161840656916743 0.033310691274729354 -0.11210875175981029 0.37511189184735377 0.0091933073651542675 0.01775909359335566 0.35120883162452937 -0.46978210958638766 0.033890867192688627 -0.31258262860195712 -0.083214665088327283 10.36095149566807 -0.10022876973986443 -0.030023775504703712 -0.17310720008423644 -0.58895540151524595 0.86817918182732257 0.70197897972648948 -0.013445403617370689 -1.3735091849891148 -0.036887781589631637 0.013449857792006003 -0.375380413075875 -0.096497255048312552 0.092437126474138265
leaf_weight=3690 4376 521 10075 1037 971 12508 32908 4604 5326 14894 14515 16122 2621 8394 4265 18850 201 32481 10547 3915 526 4737 1875 1744 371 11053 26677 7003 9809 13896
leaf_count=3690 4376 521 10075 1037 971 12508 32908 4604 5326 14894 14515 16122 2621 8394 4265 18850 201 32481 10547 3915 526 4737 1875 1744 371 11053 26677 7003 9809 13896
internal_value=-0.000525967 -0.000368888 -0.00025046 0.000386269 0.00149287 0.00180258 0.0024324 -0.00108217 0.00180904 0.00341769 -0.00180139 0.00216728 -0.00763363 -0.000673824 0.000198971 -8.85358e-05 0.00437236 -0.00318744 -0.00336757 0.000857888 -0.00486537 0.00734274 0.00197682 -0.00756863 -0.000190632 -0.000512287 -0.00127036 -0.00298976 -0.00148492 0.00106417
internal_weight=280512 274392 270702 191913 109440 105848 93340 82473 83265 41651 78789 31588 3592 77869 41614 35240 16323 43549 43028 36823 4791 10063 16390 6120 15265 76832 51883 25206 18203 24949
internal_count=280512 274392 270702 191913 109440 105848 93340 82473 83265 41651 78789 31588 3592 77869 41614 35240 16323 43549 43028 36823 4791 10063 16390 6120 15265 76832 51883 25206 18203 24949
is_linear=0
shrinkage=0.06


Tree=68
num_leaves=31
num_cat=0
split_feature=7 3 13 10 10 3 2 2 1 7 2 1 15 5 2 1 13 16 13 1 1 5 3 12 3 13 15 13 3 13
split_gain=81.4016 72.8779 74.9022 64.3996 60.7674 59.079 58.2267 50.6327 63.1148 49.7061 48.1409 40.6554 41.9285 40.545 59.6704 49.6021 41.7681 48.2775 40.3957 38.8066 49.7824 48.7948 41.6523 43.8715 67.3245 47.387 42.8647 40.2131 38.4663 37.8259
threshold=1.7809299273259047 1.5000000000000002 153.00500000000002 -1.0000000180025095e-35 2.514285714285716 10.500000000000002 4.5000000000000009 4.5000000000000009 16.500000000000004 0.51033739048226756 2.5000000000000004 9.5000000000000018 1.2210000000000003 1.0000000180025095e-35 5.5000000000000009 17.500000000000004 83.02500000000002 99.52062500000001 0.83150000000000002 4.5000000000000009 21.500000000000004 1.0000000180025095e-35 6.5000000000000009 0.0037500000000000003 7.5000000000000009 17.844000000000005 12.223500000000003 0.37500000000000006 9.5000000000000018 14.281000000000001
decision_type=2 2 10 2 2 2 2 2 2 2 2 2 2 2 2 2 8 2 10 2 2 2 2 2 2 10 2 10 2 8
left_child=1 3 4 18 5 7 10 9 11 -3 -5 -9 -13 16 -15 -16 17 -7 -1 27 21 22 -21 25 -25 -24 28 -11 -26 -23
right_child=-2 2 -4 6 -6 13 -8 8 -10 19 -12 12 -14 14 15 -17 -18 -19 -20 20 -22 29 23 24 26 -27 -28 -29 -30 -31
leaf_value=0.87965544722253497 -0.065268194031576174 0.33637472534482349 1.0439929362666014 0.0042474935351795298 -0.064043007626436999 0.025451452738486501 -0.23730651771068251 -0.047822310193289183 0.018162749467074944 -0.13157793050247654 0.50708549066133723 -0.1780935526851665 -0.094209622059674161 -0.34729528103979879 0.59560667058977779 -0.40833107039406152 0.29683882556437541 -0.8841777572883307 0.16269229360711335 0.078329232158301551 -0.11280181298595397 0.093683062509939269 -0.10870942815288266 -0.11311903894265926 0.45845153653383869 0.058898724306741701 0.079835784430898685 -5.6741693705646411e-05 -0.022329444288200669 -0.44979156030657474
leaf_weight=3017 6120 6241 5708 7922 20741 9915 4476 22052 15631 15258 5104 4162 10928 2462 426 144 22222 1449 2993 46240 10783 498 19691 4535 2127 7354 7332 11994 748 2239
leaf_count=3017 6120 6241 5708 7922 20741 9915 4476 22052 15631 15258 5104 4162 10928 2462 426 144 22222 1449 2993 46240 10783 498 19691 4535 2127 7354 7332 11994 748 2239
internal_value=-0.000509069 -0.000356424 -0.000655772 0.0028377 -0.000813959 -0.000526799 0.0009976 -0.000956643 -0.00253255 -0.000340788 0.00302626 -0.00387863 -0.00627833 0.00167786 -0.00496702 0.0125263 0.00227773 -0.000681098 0.00819634 -0.000594182 -5.46545e-05 0.000403244 0.000648551 -0.000724388 0.00190883 -0.00215973 0.00461154 -0.00260458 0.0108209 -0.0074863
internal_weight=280512 274392 250880 23512 245172 224431 17502 187813 52773 135040 13026 37142 15090 36618 3032 570 33586 11364 6010 128799 101547 90764 88027 41787 14742 27045 10207 27252 2875 2737
internal_count=280512 274392 250880 23512 245172 224431 17502 187813 52773 135040 13026 37142 15090 36618 3032 570 33586 11364 6010 128799 101547 90764 88027 41787 14742 27045 10207 27252 2875 2737
is_linear=0
shrinkage=0.06


Tree=69
num_leaves=31
num_cat=0
split_feature=8 3 10 3 15 13 8 13 2 15 14 14 8 15 3 16 13 14 3 10 16 8 3 3 13 1 15 14 3 13
split_gain=89.761 63.8805 73.8711 71.888 64.4146 61.3973 53.0863 60.9222 51.4605 50.9703 49.2271 40.4031 40.1455 38.2618 37.89 51.2933 51.0914 46.1985 41.6095 40.2151 39.1158 38.157 62.554 37.8008 35.8856 35.5783 46.076 59.7228 44.0953 36.1677
threshold=1.5603825856096079 1.5000000000000002 -1.0000000180025095e-35 10.500000000000002 163.66250000000002 252.28250000000003 1.1654304572698633 -0.79499999999999993 5.5000000000000009 267.77500000000003 195.21500000000003 323.90250000000009 1.0719848799814364 0.041500000000000002 8.5000000000000018 2.5075250000000002 78.44850000000001 3.5115000000000003 4.5000000000000009 4.342857142857147 3.3256250000000001 0.89668603341607678 5.5000000000000009 9.5000000000000018 42.901500000000006 7.5000000000000009 13.325000000000001 21.962500000000002 11.500000000000002 68.747500000000016
decision_type=2 2 2 2 2 10 2 8 2 2 2 2 2 2 2 2 8 2 2 2 2 2 2 2 10 2 2 2 2 10
left_child=1 2 -1 4 6 9 7 -3 -4 10 13 -11 -12 -5 15 -9 20 18 -17 -19 -16 -20 -23 -6 -2 29 -27 -28 -29 -15
right_child=24 3 8 5 23 -7 -8 14 -10 11 12 -13 -14 25 16 17 -18 19 21 -21 -22 22 -24 -25 -26 26 27 28 -30 -31
leaf_value=0.60982604358965975 -0.058022469505911806 -0.12811247318035673 0.12771750233537851 0.35427662658501502 1.0917784883618304 2.5922687355023277 -0.058796582913800674 -0.06697582291727279 -0.36135715792365908 -1.339747693057846 2.8662637265164337 0.43559119715048666 -1.2940016199442665 -0.075476933068466728 0.076582222274127018 0.34726333081714722 -0.15332841787546442 -0.0044752625931104356 0.32947466824230121 -0.12418855196114947 -0.027521356180036038 -0.27571234578428794 0.055239689352698663 -0.43018812469268469 -0.75823105817940961 -0.074815214952305628 0.31117233510727021 0.41219799335423318 -0.09005508369532407 0.4552199696496757
leaf_weight=5030 10058 2940 14168 1654 3756 1656 22564 7766 2202 1759 2094 730 136 10612 2381 3699 20343 115274 2315 3171 12322 1943 3960 1174 1710 4832 4064 7615 7057 1527
leaf_count=5030 10058 2940 14168 1654 3756 1656 22564 7766 2202 1759 2094 730 136 10612 2381 3699 20343 115274 2315 3171 12322 1943 3960 1174 1710 4832 4064 7615 7057 1527
internal_value=-0.000484471 -0.000259876 0.00288505 -0.000531972 -0.00100605 0.00167505 -0.00117416 -0.000823103 0.000930971 0.00122909 0.00175267 -0.00709924 0.0104126 0.00123578 -0.0006777 -0.000230656 -0.00243965 5.15488e-05 0.00361249 -0.000306725 0.00025505 0.00123388 -0.00132644 0.00576876 -0.00561353 0.000822528 0.00218177 0.00352904 0.00174618 -0.00181646
internal_weight=280512 268744 21400 247344 203608 43736 198678 176114 16370 42080 39591 2489 2230 37361 173174 138128 35046 130362 11917 118445 14703 8218 5903 4930 11768 35707 23568 18736 14672 12139
internal_count=280512 268744 21400 247344 203608 43736 198678 176114 16370 42080 39591 2489 2230 37361 173174 138128 35046 130362 11917 118445 14703 8218 5903 4930 11768 35707 23568 18736 14672 12139
is_linear=0
shrinkage=0.06


Tree=70
num_leaves=31
num_cat=0
split_feature=10 3 3 12 14 5 2 2 2 1 7 14 14 6 15 2 1 14 3 1 14 15 0 7 3 7 2 1 0 6
split_gain=73.4959 55.9367 62.531 65.4536 60.7602 53.8471 58.6913 48.6051 48.2499 45.695 41.0375 38.1508 36.4887 35.7946 37.2072 35.2867 33.6231 45.0745 50.3114 57.807 32.4248 51.5317 30.8338 31.9636 30.3818 30.3624 30.9121 30.23 29.9586 40.5005
threshold=0.70000000000000018 10.500000000000002 4.5000000000000009 0.61875000000000013 25.005000000000006 1.0000000180025095e-35 5.5000000000000009 4.5000000000000009 1.0000000180025095e-35 17.500000000000004 1.9407156437068414 16.861500000000003 2.0310000000000001 0.96165532914988716 59.384000000000007 4.5000000000000009 16.500000000000004 34.284000000000006 6.5000000000000009 8.5000000000000018 255.79250000000005 267.77500000000003 1.5000000000000002 0.89162548355852211 10.500000000000002 0.43113766468980014 1.5000000000000002 6.5000000000000009 1.5000000000000002 0.90019341435710032
decision_type=2 2 2 2 2 2 2 2 2 2 2 2 2 2 2 2 2 2 2 2 2 2 2 2 2 2 2 2 2 2
left_child=1 2 3 4 13 8 11 25 -3 -8 27 -7 -10 22 -15 -16 17 18 19 -9 21 28 23 -1 -12 26 -4 -2 -14 -30
right_child=10 5 7 -5 -6 6 9 16 12 -11 24 -13 20 14 15 -17 -18 -19 -20 -21 -22 -23 -24 -25 -26 -27 -28 -29 29 -31
leaf_value=0.049235298048471723 -0.06730564771002534 0.66406277210002684 -0.31190685869534718 -0.18139143647603614 0.023606991595842074 0.0073689177113094662 0.55326524472491889 -0.030943024193863654 0.38565892718290873 -0.39722168379629647 -0.1403665604847914 -0.73694748247678943 -0.033610217959252398 0.36649524607081829 0.41499355283242756 -0.77096219363263641 -0.0052797114459414906 -0.56617961115738602 -0.019271256429464399 -0.20455046185629053 1.9091461466194422 -1.6039227790101611 0.6338514417509451 -0.20064796736886747 0.011808725755944041 -0.019780968682804854 0.96071302928414248 -0.027186210260333622 0.77471535955421333 0.13277312798352067
leaf_weight=2812 15588 4256 306 3550 54834 894 432 2630 1410 144 1260 1576 11838 7158 1904 762 9556 3812 13536 2854 2768 900 1242 1014 434 81490 888 38330 2412 9922
leaf_count=2812 15588 4256 306 3550 54834 894 432 2630 1410 144 1260 1576 11838 7158 1904 762 9556 3812 13536 2854 2768 900 1242 1014 434 81490 888 38330 2412 9922
internal_value=-0.000469071 1.38728e-05 -0.000402977 0.000967029 0.00137165 0.00216185 -0.00547603 -0.00127538 0.0028562 0.0117708 -0.00242214 -0.00949798 0.00198769 0.00477035 0.00688314 0.000832708 -0.00324565 -0.00449632 -0.00330284 -0.00815098 0.00151078 0.000830408 0.000674822 -0.00199164 -0.0116175 -0.000503604 0.00899497 -0.00213324 0.00135529 0.00342468
internal_weight=280512 224900 188348 73276 69726 36552 3046 115072 33506 576 55612 2470 29250 14892 9824 2666 32388 22832 19020 5484 27840 25072 5068 3826 1694 82684 1194 53918 24172 12334
internal_count=280512 224900 188348 73276 69726 36552 3046 115072 33506 576 55612 2470 29250 14892 9824 2666 32388 22832 19020 5484 27840 25072 5068 3826 1694 82684 1194 53918 24172 12334
is_linear=0
shrinkage=0.06


Tree=71
num_leaves=31
num_cat=0
split_feature=1 5 2 7 1 0 13 3 3 15 1 2 3 2 2 13 15 13 1 13 13 16 2 13 16 13 3 2 13 2
split_gain=65.6708 80.1722 75.4568 70.3006 60.9016 58.54 52.5425 52.0479 63.4412 39.9248 38.4395 52.8577 50.8339 49.8822 34.9034 36.3273 34.7437 33.7063 33.1896 31.1197 31.0714 33.3175 44.1516 44.874 30.9683 32.3218 30.5766 38.862 30.0661 41.9877
threshold=5.5000000000000009 1.0000000180025095e-35 3.5000000000000004 0.55749641604115496 21.500000000000004 1.5000000000000002 1.5940000000000001 10.500000000000002 1.5000000000000002 90.535000000000011 15.500000000000002 4.5000000000000009 10.500000000000002 5.5000000000000009 1.0000000180025095e-35 -0.79499999999999993 -2.3784999999999994 42.342500000000008 15.500000000000002 70.141000000000005 319.22000000000008 60.621024999999996 1.5000000000000002 53.004000000000012 27.914750000000002 78.44850000000001 11.500000000000002 5.5000000000000009 29.973500000000005 5.5000000000000009
decision_type=2 2 2 2 2 2 10 2 2 2 2 2 2 2 2 10 2 10 2 8 10 2 2 10 2 8 2 2 10 2
left_child=6 2 3 -2 5 9 16 8 -7 -5 11 -4 28 -12 15 -10 -1 18 26 -16 21 -9 -23 -24 25 -8 -3 -28 -13 -30
right_child=1 17 10 4 -6 7 24 20 14 -11 13 12 -14 -15 19 -17 -18 -19 -20 -21 -22 22 23 -25 -26 -27 27 -29 29 -31
leaf_value=0.15130061730085304 0.62553656175820149 -0.24888319999211531 0.023121572487890898 0.015813995438219916 -0.095188530996506593 0.9668082304342025 0.017882919167969327 1.0934343611004718 0.078479842569687361 -0.21846893045609697 -0.027926858529270796 -0.05538765963589079 0.059385506835687024 0.10026012564614083 -0.096629271772831302 0.67143528387498319 -0.088601828613051423 -0.70918742506740906 0.018082843236690068 0.11887552284667002 8.5921791763449402 0.75710599467838391 0.38987494680161128 -1.0087391710892135 -0.085551561742296861 1.0982138326290083 -0.065238943038150629 0.46199727180932498 -0.66490843074327077 -0.12482726165898199
leaf_weight=514 6760 3138 15760 42230 12016 4028 13767 1829 5012 6558 25152 20405 4960 12544 7976 4144 39075 1889 3174 19752 303 3197 1670 877 15719 1053 839 176 3703 2292
leaf_count=514 6760 3138 15760 42230 12016 4028 13767 1829 5012 6558 25152 20405 4960 12544 7976 4144 39075 1889 3174 19752 303 3197 1670 877 15719 1053 839 176 3703 2292
internal_value=-0.000441906 8.81246e-05 0.000338821 0.00133096 0.000964669 0.00146102 -0.002032 0.00293064 0.00207079 -8.60867e-06 -0.00102221 -0.00216469 -0.00358929 0.000405879 0.00128999 0.00450197 -0.00347445 -0.00538411 -0.0035417 0.000229371 0.00739716 0.00664334 0.00439763 -0.00149588 -0.000162088 0.00180567 -0.007072 0.0019803 -0.00463636 -0.00837198
internal_weight=280512 210384 201168 116352 109592 97576 70128 48788 40912 48788 84816 47120 31360 37696 36884 9156 39589 9216 7327 27728 7876 7573 5744 2547 30539 14820 4153 1015 26400 5995
internal_count=280512 210384 201168 116352 109592 97576 70128 48788 40912 48788 84816 47120 31360 37696 36884 9156 39589 9216 7327 27728 7876 7573 5744 2547 30539 14820 4153 1015 26400 5995
is_linear=0
shrinkage=0.06


Tree=72
num_leaves=31
num_cat=0
split_feature=8 7 10 13 13 8 7 7 15 0 13 16 6 14 8 2 13 2 14 15 8 6 2 13 14 0 16 0 14 8
split_gain=76.2244 63.2433 52.2662 62.9963 60.4441 42.9621 37.8421 37.7342 35.7128 30.845 39.2822 30.2925 29.8483 27.8165 27.5512 27.0261 25.9325 30.1866 26.2181 26.1129 24.5989 24.1847 21.4378 20.5926 19.9647 19.8908 19.8426 21.2916 19.1298 21.0038
threshold=1.5603825856096079 1.76543824985649 -0.97142857142857009 252.28250000000003 -0.45899999999999996 1.0995170348194236 0.50481221658224584 1.2432659678368962 43.972500000000004 2.5000000000000004 101.90150000000001 1.2925000000000002 1.3610932786544516 35.082500000000003 0.70626397926786477 1.0000000180025095e-35 11.682500000000003 3.5000000000000004 33.511500000000005 3.9315000000000002 0.90011770965004101 0.99393486158824051 4.5000000000000009 67.965000000000018 12.971500000000002 1.5000000000000002 31.981249999999999 1.5000000000000002 12.185 1.9282879347958051
decision_type=2 2 2 10 8 2 2 2 2 2 8 2 2 2 2 2 8 2 2 2 2 2 2 10 2 2 2 2 2 2
left_child=1 2 8 4 -4 9 -7 28 16 -6 15 -12 26 -9 -13 -11 18 19 -1 -18 -10 -22 -5 -14 -21 -19 -8 -28 -2 -30
right_child=7 -3 3 22 5 6 12 13 20 10 11 14 23 -15 -16 -17 17 25 -20 24 21 -23 -24 -25 -26 -27 27 -29 29 -31
leaf_value=0.057843062940377034 -0.1719981898490888 -0.066245044991988439 -0.11062194531091521 3.458039860365028 -0.018144031190274603 0.38269201466334207 -0.042296688870462625 0.012760947366291398 0.42302101674203568 0.32526934365715077 -0.19302615819889005 0.57716784932207188 0.0076884733112565357 -0.18340286127949573 0.1814528326603928 -0.092183995817089998 -0.106861000839666 -0.084079003324186177 -0.17359676262017312 0.24317999090060116 -0.067129505226231026 0.21104299847571026 0.078789739311395685 -0.63393478486313715 0.04385727397385096 0.0029246262230557423 -0.4443607149886224 -0.30456224388485648 -0.16605573402877627 -0.55404974312625965
leaf_weight=5182 1972 5232 3492 1441 142724 986 7528 3464 7286 2803 661 3463 7242 1912 26304 15283 2923 5636 697 3249 4352 4916 564 906 4955 4318 2100 4501 3994 426
leaf_count=5182 1972 5232 3492 1441 142724 986 7528 3464 7286 2803 661 3463 7242 1912 26304 15283 2923 5636 697 3249 4352 4916 564 906 4955 4318 2100 4501 3994 426
internal_value=-0.00041795 -0.000210981 -8.12866e-05 -0.000457095 -0.000554467 -0.000426991 -0.00286163 -0.00514446 0.00181873 -0.000130832 0.00117616 0.00249244 -0.00337074 -0.00143973 0.00277455 -0.00103837 0.00047181 -0.000510887 0.00399558 0.00163656 0.00401232 0.00196159 0.0101297 -0.000478645 0.00337153 -0.00291139 -0.00503857 -0.00743978 -0.00826033 -0.00606787
internal_weight=280512 268744 263512 219998 217993 214501 23263 11768 43514 191238 48514 30428 22277 5376 29767 18086 26960 21081 5879 11127 16554 9268 2005 8148 8204 9954 14129 6601 6392 4420
internal_count=280512 268744 263512 219998 217993 214501 23263 11768 43514 191238 48514 30428 22277 5376 29767 18086 26960 21081 5879 11127 16554 9268 2005 8148 8204 9954 14129 6601 6392 4420
is_linear=0
shrinkage=0.06


Tree=73
num_leaves=31
num_cat=0
split_feature=8 1 2 1 5 0 12 8 12 13 13 15 13 8 3 0 14 1 15 12 13 15 10 16 3 3 3 14 15 13
split_gain=70.2446 53.304 60.6829 57.3125 57.4619 55.4222 46.0784 42.9852 51.7497 42.5777 41.14 41.0853 40.8181 42.6328 37.4171 41.8507 36.9344 36.032 32.7272 32.7018 31.9861 28.8497 26.9774 26.2894 25.7258 25.5341 28.5695 27.744 26.8092 24.5805
threshold=1.5603825856096079 6.5000000000000009 3.5000000000000004 21.500000000000004 1.0000000180025095e-35 1.5000000000000002 1.1787500000000002 0.99999968811882878 0.35625000000000001 40.041000000000004 319.22000000000008 -2.3784999999999994 0.041500000000000002 1.0219171149106954 6.5000000000000009 2.5000000000000004 5.3210000000000006 16.500000000000004 -3.3949999999999996 1.2762500000000003 42.342500000000008 17.575000000000003 4.1642857142857181 22.471 7.5000000000000009 11.500000000000002 1.5000000000000002 17.191000000000006 0.15250000000000002 2.6015000000000006
decision_type=2 2 2 2 2 2 2 2 2 8 10 2 10 2 2 2 2 2 2 2 10 2 2 2 2 2 2 2 2 10
left_child=1 11 3 4 5 22 18 8 -7 -6 19 -1 14 -14 15 -13 -10 24 -4 21 25 -9 -3 -24 -18 26 27 28 -2 -28
right_child=20 2 6 -5 9 7 -8 10 16 -11 -12 12 13 -15 -16 -17 17 -19 -20 -21 -22 -23 23 -25 -26 -27 29 -29 -30 -31
leaf_value=0.14596981857694599 1.1163240799809582 0.025621445398548652 -0.22264046414824035 -0.081718250558716718 0.075593783505078671 1.0861928183953666 -0.097831778240884112 -0.07712812175711041 0.95516293209601644 -0.4101089212443903 7.6993813132835554 -0.079588732714636484 0.019657519648338079 -0.075721326756059498 -0.10784233375658242 0.29121900436229281 -0.31897540128570612 0.80866534000320045 -0.010348238872301838 -0.28624134551065777 -0.68745651327984114 0.23266864703534396 -0.016818423171178178 -0.30619595713216891 0.35742821959847881 0.045174391069018438 -0.10209708484108181 0.45790615265907175 -0.12814532143376936 -0.018836008424206369
leaf_weight=958 80 44214 1118 12864 754 6282 4748 4244 882 2222 358 15327 29962 6041 21653 5003 2976 1136 75446 1154 1721 28052 1378 732 1240 1571 4747 771 908 1970
leaf_count=958 80 44214 1118 12864 754 6282 4748 4244 882 2222 358 15327 29962 6041 21653 5003 2976 1136 75446 1154 1721 28052 1378 732 1240 1571 4747 771 908 1970
internal_value=-0.000403191 -0.000204507 0.000340464 0.00126926 0.00177508 0.00203868 -0.00089876 0.00350617 0.00651007 -0.00643145 0.00239411 -0.00151474 -0.00166645 -0.000184151 -0.00293762 -0.00108903 0.00263715 0.000762332 -0.000543075 0.00217758 -0.00494052 0.0025322 0.000571194 -0.00605687 -0.00179317 -0.00364586 -0.00494809 0.00185901 -0.00479757 -0.00673068
internal_weight=280512 268744 189800 108488 95624 92648 81312 46324 12516 2976 33808 78944 77986 36003 41983 20330 6234 5352 76564 33450 11768 32296 46324 2110 4216 10047 8476 1759 988 6717
internal_count=280512 268744 189800 108488 95624 92648 81312 46324 12516 2976 33808 78944 77986 36003 41983 20330 6234 5352 76564 33450 11768 32296 46324 2110 4216 10047 8476 1759 988 6717
is_linear=0
shrinkage=0.06


Tree=74
num_leaves=31
num_cat=0
split_feature=8 7 3 10 13 2 13 5 14 2 7 1 7 13 1 8 13 13 6 13 2 13 3 7 3 3 14 14 0 7
split_gain=62.5936 53.897 52.4285 55.5705 53.3032 45.2048 43.3764 42.1741 41.2199 39.3616 45.1616 43.1015 38.4147 37.9416 53.5124 37.9167 38.6495 37.3687 35.2183 33.7537 32.963 33.1526 32.2017 34.4661 31.9934 30.0847 28.5512 25.1801 23.389 29.8978
threshold=1.5603825856096079 1.7809299273259047 1.5000000000000002 -1.0000000180025095e-35 145.80650000000003 5.5000000000000009 -2.4249999999999994 1.0000000180025095e-35 58.207500000000003 1.0000000180025095e-35 0.48646527971675163 4.5000000000000009 1.0284255996311484 -0.79499999999999993 17.500000000000004 1.2210989933635656 23.432500000000001 42.342500000000008 1.2080131269631122 153.00500000000002 1.0000000180025095e-35 418.15500000000003 4.5000000000000009 2.3816339317757156 10.500000000000002 9.5000000000000018 12.185 21.541500000000003 1.5000000000000002 0.79571113420719042
decision_type=2 2 2 2 10 2 8 2 2 2 2 2 2 10 2 2 8 8 2 8 2 10 2 2 2 2 2 2 2 2
left_child=1 2 3 19 6 8 -4 9 -5 11 25 -8 26 24 -15 -12 -17 -9 -18 -1 -6 -22 -3 -24 -13 -11 -2 -14 29 -10
right_child=12 22 4 5 20 -7 7 17 28 10 15 13 27 14 -16 16 18 -19 -20 -21 21 -23 23 -25 -26 -27 -28 -29 -30 -31
leaf_value=0.17076233710555527 -0.24937867821302598 -0.19749664323098926 -0.14798344511832076 0.36661219969521369 2.8251140765329259 -0.33240913651160386 -0.07309537702975745 0.018086378864735977 1.8224927157062143 0.10812476342890458 -0.013871436679382664 -0.017747539630901442 0.011098923225399931 0.39872198153383398 -0.012242053521935361 0.011692231915677642 -0.21196104961474971 -0.24702002392391431 -0.05498237481372225 0.9207993811424573 0.34637433263276418 7.4294028623765804 -0.040574131218634846 0.58096160436177968 0.59659287519831872 0.90089832729418617 -0.21358288831826636 -0.12568028223769426 0.18813130818513868 -0.30539278312368912
leaf_weight=2280 1364 1464 1487 6938 478 2196 6909 3103 142 5386 168769 11432 3710 7976 4007 4652 5411 6672 7047 2742 5543 501 3056 280 2138 1233 2972 3722 4044 2858
leaf_count=2280 1364 1464 1487 6938 478 2196 6909 3103 142 5386 168769 11432 3710 7976 4007 4652 5411 6672 7047 2742 5543 501 3056 280 2138 1233 2972 3722 4044 2858
internal_value=-0.000361696 -0.000174143 -5.95581e-05 0.00280189 -0.000309462 0.00109037 -0.000457197 -0.000392485 0.0023473 -0.00022484 -0.000550759 0.00170784 -0.0046448 0.00284468 0.00530502 -0.000724181 -0.00341555 -0.00425064 -0.00515813 0.00831541 0.0050414 0.00384183 -0.006475 -0.00321942 0.000672071 0.00431938 -0.00913284 -0.00202637 -0.00088586 -0.0049
internal_weight=280512 268744 263944 21200 242744 16178 236222 234735 13982 224960 192498 32462 11768 25553 11983 185879 17110 9775 12458 5022 6522 6044 4800 3336 13570 6619 4336 7432 7044 3000
internal_count=280512 268744 263944 21200 242744 16178 236222 234735 13982 224960 192498 32462 11768 25553 11983 185879 17110 9775 12458 5022 6522 6044 4800 3336 13570 6619 4336 7432 7044 3000
is_linear=0
shrinkage=0.06


Tree=75
num_leaves=31
num_cat=0
split_feature=8 7 7 3 10 13 13 13 3 3 3 3 15 2 3 3 2 13 14 16 1 10 7 16 2 15 14 13 8 8
split_gain=58.3135 55.4788 50.0793 52.1773 48.9112 54.3136 51.0282 44.3951 43.9038 85.1744 38.6635 47.7981 35.0053 39.1682 32.444 30.77 36.4682 30.7676 30.5987 30.5416 32.1563 29.64 28.4324 28.13 27.3075 29.0354 35.464 27.0544 26.1945 26.0076
threshold=1.3742987712346957 1.7486975710883648 1.0284255996311484 2.5000000000000004 -0.6785714285714286 319.22000000000008 -2.4249999999999994 44.735000000000007 7.5000000000000009 5.5000000000000009 1.5000000000000002 4.5000000000000009 20.191000000000006 2.5000000000000004 4.5000000000000009 8.5000000000000018 1.0000000180025095e-35 94.197500000000005 2.2810000000000001 18.763750000000002 3.5000000000000004 -6.924999999999998 2.3816339317757156 6.4280000000000008 1.5000000000000002 31.892500000000002 4.1815000000000007 4.4615000000000009 1.7572667925401098 0.58546571173421025
decision_type=2 2 2 2 2 10 8 8 2 2 2 2 2 2 2 2 2 10 2 2 2 2 2 2 2 2 2 8 2 2
left_child=1 4 3 28 8 6 -6 -5 9 10 12 -12 13 18 -3 29 -17 -14 -1 20 -4 -18 -16 27 25 -8 -27 -11 -2 -10
right_child=2 14 19 7 5 -7 24 -9 15 23 11 -13 17 -15 22 16 21 -19 -20 -21 -22 -23 -24 -25 -26 26 -28 -29 -30 -31
leaf_value=4.6702235711084592 0.11290868328982653 -0.18918310314319683 -0.033353291055173241 -0.050513091346714417 -0.16651410164427674 5.1126805876727426 -0.022262843832295542 -0.40822784007895846 1.3452383955128444 0.00039032485666828264 -0.019975932350543121 0.2319691351711245 1.0867941825187395 0.90059214839963431 -0.042734662397110088 0.4639148796894878 -0.54474602575204489 0.15452119186817553 -0.98086177804301955 -0.090107853371675303 0.027011282387917415 0.071894495399114286 0.65923791810798371 -0.082113324561835052 -0.024122122671183844 0.31584957485210918 0.082662488797148936 -0.16416757220981915 -0.37203459066148559 0.15300598417021885
leaf_weight=62 2800 1480 1086 2653 1279 989 24329 4283 730 549 11874 3554 1476 684 2960 1700 796 754 458 7900 5598 11032 232 5252 147436 1728 31909 1445 400 3084
leaf_count=62 2800 1480 1086 2653 1279 989 24329 4283 730 549 11874 3554 1476 684 2960 1700 796 754 458 7900 5598 11032 232 5252 147436 1728 31909 1445 400 3084
internal_value=-0.00035314 -8.4209e-05 -0.00313592 -0.0063753 3.63173e-05 -0.000346704 -0.000413826 -0.00929931 0.00186697 0.000312548 0.00243665 0.00115504 0.00819453 -4.98339e-05 -0.0065625 0.00420713 0.00286517 0.0126457 -0.0124615 -0.000884531 0.00210054 0.00168414 -0.00315789 -0.00521667 -0.000339432 0.000763896 0.00190594 -0.0112839 -3.75e-05 0.00896696
internal_weight=280512 255792 24720 10136 251120 207670 206681 6936 43450 26108 18862 15428 3434 1204 4672 17342 13528 2230 520 14584 6684 11828 3192 7246 205402 57966 33637 1994 3200 3814
internal_count=280512 255792 24720 10136 251120 207670 206681 6936 43450 26108 18862 15428 3434 1204 4672 17342 13528 2230 520 14584 6684 11828 3192 7246 205402 57966 33637 1994 3200 3814
is_linear=0
shrinkage=0.06


Tree=76
num_leaves=31
num_cat=0
split_feature=8 1 3 13 13 13 10 10 7 3 3 3 8 14 7 2 16 2 8 16 3 13 3 13 16 2 3 13 13 8
split_gain=55.5813 46.5699 43.87 43.3601 40.9289 40.8733 40.6138 36.2719 40.0645 29.0247 84.4674 79.7184 126.806 87.1493 62.6962 62.6464 59.4356 51.8499 41.8975 41.8939 55.0746 67.456 55.5173 38.3198 38.2679 37.1307 35.4326 53.6345 52.0469 43.9992
threshold=1.0521899627939624 6.5000000000000009 1.5000000000000002 149.63000000000002 -2.4249999999999994 23.811000000000003 -0.26428571428571412 -0.6785714285714286 1.76543824985649 6.5000000000000009 5.5000000000000009 4.5000000000000009 0.76977628137160148 60.011500000000005 1.0090088923758584 3.5000000000000004 71.65100000000001 5.5000000000000009 0.92113339406894801 28.315350000000002 2.5000000000000004 80.126500000000007 1.5000000000000002 26.653500000000005 5.1853500000000006 3.5000000000000004 10.500000000000002 71.021500000000017 0.37500000000000006 0.85060414503219917
decision_type=2 2 2 10 8 8 2 2 2 2 2 2 2 2 2 2 2 2 2 2 2 10 2 10 2 2 2 8 10 2
left_child=3 -2 6 4 -1 -4 -3 -6 9 10 11 13 17 18 15 -12 23 -13 -9 25 22 -22 -21 -14 -17 -20 28 -28 29 -11
right_child=1 2 5 -5 7 -7 -8 8 -10 26 14 12 16 -15 -16 24 -18 -19 19 20 21 -23 -24 -25 -26 -27 27 -29 -30 -31
leaf_value=-0.13713714667506532 -0.072431126270184498 0.537567750664808 0.014948920376028836 0.81953392628535682 0.063353119522228954 -0.069448114423678792 -0.032953298653352836 -0.027958613906548687 -0.10809313190353774 0.036859894883818259 0.44680547693882644 0.22937066280383048 -0.30811807622602916 -0.13722111248371022 -0.11096512414852033 -0.097360565301217714 0.094196181109771543 1.5788337727513133 0.64116665191975231 0.3133284926858374 0.28502494910620219 -0.62761718751626316 -0.25351042848724098 -0.046752313884529426 0.17789515635931188 0.14180178878861482 -0.10025846866316236 0.18073580036930309 0.0030212589502446006 -0.12413621422662936
leaf_weight=1315 14992 3072 10360 6196 30107 27752 2608 8572 1579 6288 7669 2015 8941 21147 1533 1700 3057 534 3135 4877 11886 920 5470 2003 4971 3656 7635 18267 28781 29474
leaf_count=1315 14992 3072 10360 6196 30107 27752 2608 8572 1579 6288 7669 2015 8941 21147 1533 1700 3057 534 3135 4877 11886 920 5470 2003 4971 3656 7635 18267 28781 29474
internal_value=-0.000348007 -0.0019883 -0.00100018 8.68632e-05 -5.53978e-05 -0.00173331 0.00391901 9.38301e-06 -0.000306339 -0.000224017 0.000525813 -0.000303492 -0.00398792 0.000718536 0.00450765 0.00574059 -0.00622884 0.00832091 0.0024177 0.00347649 0.00226105 0.00489146 -0.000994491 -0.00829496 0.00148853 0.00762038 -0.000987451 0.00088719 -0.00173977 -0.00326827
internal_weight=280512 58784 43792 221728 215532 38112 5680 214217 184110 182531 92086 76213 16550 59663 15873 14340 14001 2549 38516 29944 23153 12806 10347 10944 6671 6791 90445 25902 64543 35762
internal_count=280512 58784 43792 221728 215532 38112 5680 214217 184110 182531 92086 76213 16550 59663 15873 14340 14001 2549 38516 29944 23153 12806 10347 10944 6671 6791 90445 25902 64543 35762
is_linear=0
shrinkage=0.06


Tree=77
num_leaves=31
num_cat=0
split_feature=1 5 1 4 1 7 8 13 3 13 13 0 14 12 8 7 8 13 12 7 7 15 12 10 1 3 14 15 3 3
split_gain=50.2672 54.7895 53.0997 64.5476 79.2355 77.2622 51.6351 46.9028 43.8125 38.1213 37.9352 36.666 50.6069 34.5845 35.6868 31.4523 31.3936 30.777 31.5851 26.0315 25.9617 24.5906 24.4333 25.6268 24.2982 32.7687 28.4901 23.4142 26.6926 41.0329
threshold=6.5000000000000009 1.0000000180025095e-35 21.500000000000004 1.0000000180025095e-35 15.500000000000002 0.66996521181519675 1.3956824871346798 319.22000000000008 10.500000000000002 42.342500000000008 25.495000000000001 2.5000000000000004 94.347500000000011 1.2387500000000002 0.92528961338226823 1.0694323728596131 1.4137863645939395 31.055000000000003 0.2687500000000001 1.2364342585610979 1.852039673004729 -0.41849999999999993 0.89375000000000016 4.342857142857147 15.500000000000002 11.500000000000002 6.7010000000000014 -2.3784999999999994 8.5000000000000018 10.500000000000002
decision_type=2 2 2 2 2 2 2 10 2 10 8 2 2 2 2 2 2 10 2 2 2 2 2 2 2 2 2 2 2 2
left_child=6 2 3 5 8 22 10 11 17 24 20 12 -7 14 -13 -14 -4 21 -19 -8 -1 -5 23 -2 25 -3 -27 -12 -29 -30
right_child=1 9 16 4 -6 7 19 -9 -10 -11 27 13 15 -15 -16 -17 -18 18 -20 -21 -22 -23 -24 -25 -26 26 -28 28 29 -31
leaf_value=0.020448389519402026 0.65100457874079265 -0.22704119639629139 -0.055409749409912688 -0.13816748459571299 0.048097682641742634 0.023142199171863637 -0.19853959614638927 6.5327998019982942 0.07620337951147825 -0.67448417393635296 0.16046185202637928 0.77171984132174898 -0.16806636924600837 -0.19167304722908798 0.18707387186817243 -0.40256886420996241 -0.16152554573303718 -0.2903805672635178 -0.78695985834670978 -0.014155120329242899 -0.098454530415992336 -0.034366526314086911 -0.00037762898178648639 -0.27265841790256928 0.0271312447422094 0.2112756562421593 -0.038885948490828048 -0.046147099246312551 -0.19422879171467314 -0.050940953090198908
leaf_weight=18503 10090 2841 20848 2195 18816 66996 3488 728 4464 1786 617 3942 11248 2116 20731 2471 1504 4000 1246 2088 245 16319 2034 244 3174 221 682 39662 7853 9360
leaf_count=18503 10090 2841 20848 2195 18816 66996 3488 728 4464 1786 617 3942 11248 2116 20731 2471 1504 4000 1246 2088 245 16319 2034 244 3174 221 682 39662 7853 9360
internal_value=-0.000341162 0.000174236 0.00038749 0.000753758 -0.00113138 0.00148905 -0.00159284 0.000975682 -0.00314201 -0.0044807 -0.0011852 0.000872898 0.000234529 0.0027963 0.00342763 -0.0030855 -0.00235952 -0.00416667 -0.00822341 -0.00716643 0.00115852 -0.00301718 0.00598157 0.0071647 -0.00246314 -0.00573718 0.00421927 -0.00194949 -0.0020756 -0.00404868
internal_weight=280512 198696 189992 167640 47040 120600 81816 108232 28224 8704 76240 107504 80715 26789 24673 13719 22352 23760 5246 5576 18748 18514 12368 10334 6918 3744 903 57492 56875 17213
internal_count=280512 198696 189992 167640 47040 120600 81816 108232 28224 8704 76240 107504 80715 26789 24673 13719 22352 23760 5246 5576 18748 18514 12368 10334 6918 3744 903 57492 56875 17213
is_linear=0
shrinkage=0.06


Tree=78
num_leaves=31
num_cat=0
split_feature=8 7 3 13 13 8 7 7 8 16 0 6 13 13 13 5 8 15 14 3 3 16 16 3 3 14 3 13 2 16
split_gain=49.1359 40.6981 39.5566 41.9741 36.9472 42.9626 35.0451 35.0343 34.7358 62.3 40.5824 40.561 44.8106 41.8725 40.5053 38.6908 39.2561 30.2486 29.8767 31.4302 29.0588 28.1703 28.1287 26.5097 35.2268 37.1618 26.0648 44.5753 48.8469 39.3043
threshold=1.6527216394676747 1.7809299273259047 1.5000000000000002 418.15500000000003 15.074000000000002 0.94866610810610563 0.83872741876698187 1.0284255996311484 0.76568662028228884 139.64352500000004 1.5000000000000002 0.99754240848090603 23.811000000000003 -0.79499999999999993 11.682500000000003 1.0000000180025095e-35 1.2861914839609752 127.76500000000001 13.283500000000002 9.5000000000000018 4.5000000000000009 45.570250000000001 25.321250000000003 9.5000000000000018 8.5000000000000018 22.801500000000004 10.500000000000002 83.02500000000002 5.5000000000000009 99.52062500000001
decision_type=2 2 2 10 10 2 2 2 2 2 2 2 8 8 10 2 2 2 2 2 2 2 2 2 2 2 2 8 2 2
left_child=1 2 4 8 6 -6 -1 -2 9 10 18 12 -10 -13 23 16 17 -14 -4 -20 -3 -21 -7 24 25 -12 -15 28 29 -28
right_child=7 20 3 -5 5 22 -8 -9 11 -11 14 13 15 26 -16 -17 -18 -19 19 21 -22 -23 -24 -25 -26 -27 27 -29 -30 -31
leaf_value=0.59873145293103969 -0.24639819773939634 -0.16914476693288624 0.014235449630413618 6.3213300138238271 0.8232059384158108 0.59673713807111695 0.18310747958948467 -0.023671023877435107 0.018137189080961021 1.8350695190826032 0.7330078072703804 -0.092982467418053147 -0.11712407511921881 -0.01378530081104472 -0.0091485363436488842 -0.49724406432987334 -0.21296239593866748 0.53470996831953865 -0.08593177518860716 -0.15919099473771889 -0.019644953623770511 -2.0328238367693712 -0.16575945490787972 0.70852740263958403 -0.23173209578017404 0.16345626849048073 -0.050252833948713292 0.19619947096389648 0.17170863705335931 -0.7979596395619174
leaf_weight=2275 2608 1480 11716 503 1123 944 10197 5424 8656 977 2010 2909 19923 136077 8195 1137 4036 1955 6678 822 3552 344 7477 2245 1002 5331 6310 21550 1575 1481
leaf_count=2275 2608 1480 11716 503 1123 944 10197 5424 8656 977 2010 2909 19923 136077 8195 1137 4036 1955 6678 822 3552 344 7477 2245 1002 5331 6310 21550 1575 1481
internal_value=-0.000334959 -0.00019862 -9.80377e-05 -0.000316585 0.0023383 -0.0004715 0.00448845 -0.00496016 -0.000352143 0.00128179 0.000900556 -0.000664611 -0.00250287 -0.000278278 0.00289251 -0.00370522 -0.00322991 -0.00222689 -0.00101227 -0.00387812 -0.00554452 -0.0129674 -0.00194157 0.00534379 0.00378641 0.00522681 -0.000153959 0.00141868 -0.00203716 -0.00398537
internal_weight=280512 272480 267448 245432 22016 9544 12472 8032 244929 39320 38343 205609 35707 169902 18783 27051 25914 21878 19560 7844 5032 1166 8421 10588 8343 7341 166993 30916 9366 7791
internal_count=280512 272480 267448 245432 22016 9544 12472 8032 244929 39320 38343 205609 35707 169902 18783 27051 25914 21878 19560 7844 5032 1166 8421 10588 8343 7341 166993 30916 9366 7791
is_linear=0
shrinkage=0.06


Tree=79
num_leaves=31
num_cat=0
split_feature=10 3 13 16 5 15 3 13 12 3 16 0 13 16 3 2 16 6 2 0 6 16 7 13 3 3 7 7 10 13
split_gain=47.5498 33.5991 47.097 52.6848 40.8031 38.0544 37.361 63.6203 46.2806 59.0587 45.0487 41.8246 42.962 37.5867 34.8027 31.6967 30.7343 36.3739 28.1824 27.6946 54.4904 26.8691 42.7814 38.4143 33.9118 60.7515 58.4465 41.437 40.3578 37.3164
threshold=0.70000000000000018 10.500000000000002 80.991500000000016 100.83862500000001 1.0000000180025095e-35 170.34000000000003 6.5000000000000009 -1.0000000180025095e-35 1.0000000180025095e-35 7.5000000000000009 2.32525 2.5000000000000004 29.641000000000002 26.393250000000002 9.5000000000000018 5.5000000000000009 23.566975000000003 0.72326608611405596 4.5000000000000009 1.5000000000000002 1.4583881390427926 28.315350000000002 1.2256242750295854 45.233500000000006 4.5000000000000009 5.5000000000000009 0.89517760492692877 1.0173154496514052 -1.0000000180025095e-35 20.015000000000004
decision_type=2 2 8 2 2 2 2 10 2 2 2 2 10 2 2 2 2 2 2 2 2 2 2 10 2 2 2 2 2 10
left_child=1 5 3 -3 -4 6 10 8 -8 -10 -1 21 -13 -9 -7 -6 -2 -18 -15 20 -19 23 -23 24 -12 26 -26 -28 -27 -30
right_child=16 2 4 -5 15 14 7 13 9 -11 11 12 -14 18 -16 -17 17 19 -20 -21 -22 22 -24 -25 25 28 27 -29 29 -31
leaf_value=-0.049466517983584639 -0.0052119194630407401 0.00059731110119714431 0.37925308035136168 -0.77898795588714798 -0.34714270946021014 1.0295112518830296 -0.10787891974963398 0.031324895640633697 -0.14776961279512937 0.094544191839183583 0.090613497881575425 0.35444119345995401 -0.015079443098401554 -0.027485587044224075 -0.46778748304776019 0.22646281429976162 0.016851854899289122 -0.35942843173312111 -0.30696103043436979 -0.15918188567765831 -6.856236408113503e-05 -0.022018425525506976 -0.23711860412913238 0.39199164093742578 0.80111617853346007 -0.058461749973509759 -0.2739318992453682 0.0099687798352732972 0.24858322271882954 -0.11100793343110681
leaf_weight=5482 27012 9651 23769 1417 1391 3520 31200 20363 2688 6062 10227 15983 10791 11581 1096 324 7366 4332 2370 14732 2170 49092 3006 3068 704 1727 3636 1170 3552 1030
leaf_count=5482 27012 9651 23769 1417 1391 3520 31200 20363 2688 6062 10227 15983 10791 11581 1096 324 7366 4332 2370 14732 2170 49092 3006 3068 704 1727 3636 1170 3552 1030
internal_value=-0.000324692 6.37617e-05 0.0017285 -0.00153957 0.00314786 -0.000259307 -0.000394488 -0.00143327 -0.00306083 0.000795429 0.000310228 0.000589695 0.00263315 0.000461619 0.00512132 -0.00579009 -0.00189563 -0.00326643 -0.0019375 -0.0045267 -0.00778837 -0.000118893 -0.000896004 0.00149319 0.000617799 -0.0015712 -0.00617423 -0.00853933 0.00244888 0.00539502
internal_weight=280512 224900 36552 11068 25484 188348 183732 74264 39950 8750 109468 103986 26774 34314 4616 1715 55612 28600 13951 21234 6502 77212 52098 25114 22046 11819 5510 4806 6309 4582
internal_count=280512 224900 36552 11068 25484 188348 183732 74264 39950 8750 109468 103986 26774 34314 4616 1715 55612 28600 13951 21234 6502 77212 52098 25114 22046 11819 5510 4806 6309 4582
is_linear=0
shrinkage=0.06


Tree=80
num_leaves=31
num_cat=0
split_feature=1 5 2 13 7 13 13 13 2 10 6 13 13 13 14 1 3 3 0 16 14 14 14 7 2 1 13 14 0 1
split_gain=45.3782 47.0662 48.0102 60.7933 39.7454 41.0049 34.9257 33.6245 30.5183 27.5592 27.453 27.2076 26.8326 29.318 34.8166 34.3592 35.4 32.7667 32.1564 31.061 31.1849 27.5022 27.1812 26.0964 25.8007 24.8849 27.5763 25.6688 24.3665 23.7145
threshold=6.5000000000000009 1.0000000180025095e-35 1.0000000180025095e-35 76.565000000000012 0.62510886259936693 418.15500000000003 21.771500000000003 42.342500000000008 4.5000000000000009 1.1000000000000005 0.82635109199009482 119.50500000000001 -1.4549999999999998 31.545000000000005 32.651500000000006 20.500000000000004 1.5000000000000002 10.500000000000002 1.5000000000000002 5.8737500000000002 3.5115000000000003 26.011500000000005 229.94500000000002 0.9813458737513604 5.5000000000000009 20.500000000000004 5.8950000000000005 181.54000000000005 1.5000000000000002 15.500000000000002
decision_type=2 2 2 10 2 10 8 10 2 2 2 8 8 10 2 2 2 2 2 2 2 2 2 2 2 2 10 2 2 2
left_child=6 2 3 25 8 12 -1 10 11 -8 -3 -4 -6 15 19 16 28 22 23 -15 -21 -20 29 -19 -16 26 -2 -28 -14 -18
right_child=1 7 4 -5 5 -7 9 -9 -10 -11 -12 -13 13 14 24 -17 17 18 21 20 -22 -23 -24 -25 -26 -27 27 -29 -30 -31
leaf_value=0.0094333894108675209 0.04360071592959984 -0.24563117278184576 0.034702320106076844 1.213492459148209 -0.11230248701405157 6.0408866068734639 -0.061833725195305077 -0.62656956779043371 -0.041426177685500588 -0.10568785229697096 -0.0087165572782931366 0.70072530668194988 0.062650073757033048 -0.49631092592730058 -0.19994469348728655 -0.052027624338086151 -0.018566182119298249 -0.26493534914935735 0.97331608561650662 0.79327631313143721 0.050156629365259421 0.42473735467378915 -1.5543202732794135 0.045174643764374307 0.11796421359198589 -0.067509548479038145 0.3980064005032522 -1.1820106854083055 0.83140487613714342 0.035274179825979031
leaf_weight=18895 14928 1339 3387 2091 923 490 53268 1786 4104 9653 5579 5869 3410 1616 24801 19211 44781 1324 824 1081 9123 5036 432 5809 3418 4368 5580 233 2828 24325
leaf_count=18895 14928 1339 3387 2091 923 490 53268 1786 4104 9653 5579 5869 3410 1616 24801 19211 44781 1324 824 1081 9123 5036 432 5809 3418 4368 5580 233 2828 24325
internal_value=-0.00032512 0.000164573 0.000362226 0.00269559 -2.76426e-05 -0.000307966 -0.00151437 -0.00414982 0.00310778 -0.0021937 -0.00225499 0.00501729 -0.000364974 -0.00030138 -0.0016881 0.000212817 0.000710721 0.000381311 0.00314708 0.00104569 0.0022697 0.00644027 -0.000135466 0.000441609 -0.0028332 0.00187702 0.00274384 0.00624978 0.00506893 -4.16751e-05
internal_weight=280512 198696 189992 27200 162792 149432 81816 8704 13360 62921 6918 9256 148942 148019 40039 107980 88769 82531 12993 11820 10204 5860 69538 7133 28219 25109 20741 5813 6238 69106
internal_count=280512 198696 189992 27200 162792 149432 81816 8704 13360 62921 6918 9256 148942 148019 40039 107980 88769 82531 12993 11820 10204 5860 69538 7133 28219 25109 20741 5813 6238 69106
is_linear=0
shrinkage=0.06


Tree=81
num_leaves=31
num_cat=0
split_feature=8 10 13 8 13 3 3 6 14 14 6 15 2 6 13 3 3 12 2 15 15 3 13 14 15 14 13 12 2 13
split_gain=43.8989 34.5424 32.2206 30.6012 35.0746 35.8321 61.8734 65.732 63.6589 55.2088 45.9735 43.1329 65.1754 44.8243 41.7821 38.3215 37.4543 119.293 43.8177 45.4703 72.7078 39.8344 57.1368 50.4997 43.561 42.1223 51.3954 40.5514 37.3237 35.9674
threshold=1.5603825856096079 0.90000000000000069 49.214000000000006 0.83246645744522796 252.28250000000003 4.5000000000000009 5.5000000000000009 1.0095795620477201 25.312500000000004 26.822500000000002 0.96789600324889957 34.025000000000013 3.5000000000000004 1.0258029007694829 31.975000000000005 1.5000000000000002 6.5000000000000009 1.0000000180025095e-35 4.5000000000000009 47.854000000000006 29.551500000000004 10.500000000000002 -1.0000000180025095e-35 32.196000000000005 267.77500000000003 166.06500000000003 209.94500000000002 0.0037500000000000003 2.5000000000000004 58.949000000000005
decision_type=2 2 10 2 10 2 2 2 2 2 2 2 2 2 10 2 2 2 2 2 2 2 10 2 2 2 8 2 2 10
left_child=1 3 -2 -1 5 9 7 8 -7 10 -5 13 -13 -12 -11 -14 17 18 19 20 -8 22 27 -24 25 -23 28 -18 -27 -26
right_child=2 -3 -4 4 -6 6 16 -9 -10 14 11 12 15 -15 -16 -17 21 -19 -20 -21 -22 24 23 -25 29 26 -28 -29 -30 -31
leaf_value=0.066041902081196022 -0.032927474484190755 -0.03029900212249206 -0.65845282070718925 -0.062297083146136141 1.7621775499661589 -0.25021720027752509 0.27135382629745686 0.043117707174409908 -0.16371868430288333 0.084698214903747973 0.72081348152288227 0.58667223399333424 0.73766671921368898 0.057212348924804188 -0.094211518014183177 -0.30659961697868693 -0.10938780830449057 -0.091092419236855238 -0.0054608744186628692 1.1513786981525496 -0.15130769086595358 0.047809865187888365 0.034333752697366791 -0.14492345948661481 -0.19303629595272156 0.69822842328429424 3.4973263855218764 0.028992440163160989 -1.4908925390602801 -1.5447667735995902
leaf_weight=32998 10187 46512 1581 2745 1966 5660 4812 2682 7800 29191 2564 3273 628 1774 18859 2154 29730 4198 3666 2502 1450 23875 20039 9369 1645 415 1909 5370 248 710
leaf_count=32998 10187 46512 1581 2745 1966 5660 4812 2682 7800 29191 2564 3273 628 1774 18859 2154 29730 4198 3666 2502 1450 23875 20039 9369 1645 415 1909 5370 248 710
internal_value=-0.000303303 -0.000146236 -0.00389021 0.000164963 -0.000129047 -0.000212743 -0.000790926 -0.0042597 -0.0059688 0.000978623 0.00442533 0.0062494 0.0029777 0.010816 3.62123e-05 -0.00377426 -0.000281613 0.00234183 0.00529525 0.00759927 0.00486745 -0.000749116 -0.00157748 0.000373368 0.00110617 0.00180247 0.00909798 -0.00321197 -0.00529412 -0.00671338
internal_weight=280512 268744 11768 222232 189234 187268 126080 16142 13460 61188 13138 10393 6055 4338 48050 2782 109938 16628 12430 8764 6262 93310 64508 29408 28802 26447 2572 35100 663 2355
internal_count=280512 268744 11768 222232 189234 187268 126080 16142 13460 61188 13138 10393 6055 4338 48050 2782 109938 16628 12430 8764 6262 93310 64508 29408 28802 26447 2572 35100 663 2355
is_linear=0
shrinkage=0.06


Tree=82
num_leaves=31
num_cat=0
split_feature=8 1 15 2 1 7 12 8 7 5 0 3 3 15 14 3 15 3 1 1 14 3 14 16 15 3 8 7 8 15
split_gain=38.9358 36.7351 44.1635 40.7437 51.5706 53.444 37.4364 35.9005 34.2974 33.8437 39.3207 35.6511 41.1553 33.7142 31.7008 32.8905 31.3895 32.5183 31.3326 55.6514 46.1466 33.0362 29.5868 28.7487 27.652 30.1857 25.758 24.7747 24.0909 23.1988
threshold=1.6910216035344157 5.5000000000000009 -2.3784999999999994 3.5000000000000004 20.500000000000004 0.47744009486684497 1.1787500000000002 0.52987373342202848 1.0790232561822652 1.0000000180025095e-35 1.5000000000000002 10.500000000000002 1.5000000000000002 89.634000000000015 88.825000000000003 11.500000000000002 189.82000000000002 5.5000000000000009 16.500000000000004 10.500000000000002 35.913500000000006 7.5000000000000009 25.005000000000006 49.262325000000004 81.406500000000008 11.500000000000002 0.99999968811882878 1.0528024726383929 1.2962098920777381 86.361000000000004
decision_type=2 2 2 2 2 2 2 2 2 2 2 2 2 2 2 2 2 2 2 2 2 2 2 2 2 2 2 2 2 2
left_child=1 2 -1 4 5 24 -5 -4 -2 10 13 12 29 14 -7 -16 17 -11 19 -14 -21 -22 -10 -13 25 -3 -20 -15 -6 -12
right_child=8 3 7 6 28 9 -8 -9 22 16 11 23 18 27 15 -17 -18 -19 26 20 21 -23 -24 -25 -26 -27 -28 -29 -30 -31
leaf_value=0.1436729402896755 -0.25273502080648541 0.65470180585166882 0.12394471562959435 -0.011230282207742057 -0.041668648618787073 0.034636928761065576 -0.077895579069089393 -0.044781115875691523 0.023622878375294983 -0.3436908080443174 1.1366694406439397 1.6342859229744395 0.22286036909047097 -0.15345024441856139 -0.31905992572120084 1.2520498233239392 -1.0778582249505995 0.048611058486370408 0.91364691489039729 0.045551664799292797 -0.43184694805177382 0.070879436183585082 -0.15413377014025856 0.46832981285107378 1.1763013049080551 -1.0775568187321329 0.16440883112796162 -0.31491482117817216 -0.1688329366082898 0.40338238218706962
leaf_weight=930 2360 1336 4106 83096 18064 34886 4856 63852 2332 1526 2064 1056 11524 5708 3892 420 230 1180 2436 6554 5296 2134 1740 6152 1546 158 6932 902 1584 1660
leaf_count=930 2360 1336 4106 83096 18064 34886 4856 63852 2332 1526 2064 1056 11524 5708 3892 420 230 1180 2436 6554 5296 2134 1740 6152 1546 158 6932 902 1584 1660
internal_value=-0.000282983 -0.000174694 -0.00137353 0.000227787 0.000960082 0.00152472 -0.000748363 -0.00155125 -0.00489739 0.00127295 0.00147616 0.00271918 0.00199585 0.000233147 0.000901577 -0.00395176 -0.00506812 -0.00325942 0.00135566 0.000265799 -0.00227832 -0.00551548 -0.00156189 0.00659267 0.00935526 0.00353414 0.00432323 -0.00373071 -0.00184446 0.00799141
internal_weight=280512 274080 68888 205192 117240 97592 87952 67958 6432 94552 91616 45808 38600 45808 39198 4312 2936 2706 34876 25508 13984 7430 4072 7208 3040 1494 9368 6610 19648 3724
internal_count=280512 274080 68888 205192 117240 97592 87952 67958 6432 94552 91616 45808 38600 45808 39198 4312 2936 2706 34876 25508 13984 7430 4072 7208 3040 1494 9368 6610 19648 3724
is_linear=0
shrinkage=0.06


Tree=83
num_leaves=31
num_cat=0
split_feature=8 7 13 7 3 13 13 3 16 1 13 4 1 1 7 3 5 14 13 12 0 14 1 1 14 0 3 14 3 16
split_gain=35.7641 54.6606 34.552 31.6877 29.8291 49.0382 29.7338 28.6682 25.6977 25.0206 40.0713 32.4828 61.1423 47.6285 53.9816 38.2133 33.6826 30.4653 25.2701 38.3193 24.0702 31.9069 24.5592 28.1754 23.6387 22.9171 22.8966 33.1446 28.2354 23.9094
threshold=1.3956824871346798 0.9813458737513604 -2.4249999999999994 1.6970539312540796 2.5000000000000004 38.705000000000005 418.15500000000003 4.5000000000000009 18.763750000000002 6.5000000000000009 25.495000000000001 1.0000000180025095e-35 15.500000000000002 20.500000000000004 0.78687149137802082 10.500000000000002 1.0000000180025095e-35 115.46000000000002 31.055000000000003 0.28875000000000001 2.5000000000000004 99.785000000000011 9.5000000000000018 16.500000000000004 3.9410000000000003 1.5000000000000002 10.500000000000002 159.34500000000003 8.5000000000000018 262.72285000000005
decision_type=2 2 8 2 2 8 10 2 2 2 8 2 2 2 2 2 2 2 10 2 2 2 2 2 2 2 2 2 2 2
left_child=2 4 -1 6 -2 -6 9 -5 -3 10 -4 13 15 14 16 17 -11 18 -13 -20 21 -16 -22 -24 -17 26 28 -28 -23 -29
right_child=1 8 3 7 5 -7 -8 -9 -10 11 -12 12 -14 -15 20 24 -18 -19 19 -21 22 25 23 -25 -26 -27 27 29 -30 -31
leaf_value=-0.10882432418126224 -0.0514204309225633 0.018498901311034509 0.02648882027546531 -0.14534908173813288 -0.019441649181380916 -0.41818361276660343 5.3360219566450811 -0.016788478190419356 -0.065696593242436152 0.40860630206707099 -0.060981163298783884 -0.046202514738019528 0.040555999144705424 -0.049957823486066179 0.026094080040001869 0.67249322368498332 -0.4406233917716128 -1.8188832565774677 -0.23564024467245231 -0.77206176020271178 0.66061575299791309 -0.33728515964369699 -0.017941341989813217 0.51872095545720842 0.035869909048548011 -0.015246561666046432 -0.83825466644711577 3.4865465067653636 -1.3946635767929974 -0.40211883465353476
leaf_weight=1504 2840 6662 17793 1804 2089 3631 512 4003 7834 15528 56452 16782 23965 22736 54905 418 560 290 3739 1123 4572 1912 10712 6285 3781 5376 996 588 494 626
leaf_count=1504 2840 6662 17793 1804 2089 3631 512 4003 7834 15528 56452 16782 23965 22736 54905 418 560 290 3739 1123 4572 1912 10712 6285 3781 5376 996 588 494 626
internal_value=-0.000270791 -0.0025347 -6.80505e-05 -1.47684e-05 -0.00633645 -0.00883217 8.69496e-05 -0.00439642 -0.000289735 5.73242e-05 -0.000865917 0.000448149 -0.000843147 0.000964482 0.0015153 -0.00285042 0.00470661 -0.00385429 -0.00359545 -0.00740436 0.000921518 0.000344392 0.00265798 0.00160793 0.00239343 -0.00277422 -0.00587522 -0.00146606 -0.00992519 0.00518946
internal_weight=280512 23056 257456 255952 8560 5720 250145 5807 14496 249633 74245 175388 50098 125290 102554 26133 16088 21934 21644 4862 86466 64897 21569 16997 4199 9992 4616 2210 2406 1214
internal_count=280512 23056 257456 255952 8560 5720 250145 5807 14496 249633 74245 175388 50098 125290 102554 26133 16088 21934 21644 4862 86466 64897 21569 16997 4199 9992 4616 2210 2406 1214
is_linear=0
shrinkage=0.06


Tree=84
num_leaves=31
num_cat=0
split_feature=10 16 7 0 6 0 10 2 7 13 13 7 13 1 2 3 13 16 2 6 2 2 16 14 5 13 3 13 16 14
split_gain=33.1712 31.6016 37.2534 39.8171 38.7952 33.3973 29.2012 28.1963 27.3533 33.2752 27.3023 24.8656 24.7783 23.6406 23.6286 22.3944 33.6753 39.2623 21.9992 21.5859 21.5153 27.9717 41.2987 38.8027 20.4667 32.2473 27.4472 39.8791 45.6492 25.942
threshold=0.021428571428573132 23.566975000000003 0.89875578150459623 2.5000000000000004 1.4583881390427926 1.5000000000000002 5.3964285714285696 1.5000000000000002 1.0208388039812786 23.027500000000003 252.28250000000003 0.99362685940203177 -2.4249999999999994 14.500000000000002 4.5000000000000009 1.5000000000000002 16.333500000000004 23.566975000000003 5.5000000000000009 1.0008124909445437 5.5000000000000009 2.5000000000000004 9.0132500000000011 46.125000000000007 1.0000000180025095e-35 45.955000000000005 10.500000000000002 72.065000000000012 94.591975000000005 229.94500000000002
decision_type=2 2 2 2 2 2 2 2 2 10 10 2 8 2 2 2 10 2 2 2 2 2 2 2 2 8 2 8 2 2
left_child=10 8 6 4 5 -4 7 -3 -2 -10 12 -12 -1 -9 -13 16 19 -18 -16 20 21 -14 -23 -24 26 -26 29 28 -28 -17
right_child=1 2 3 -5 -6 -7 -8 13 9 -11 11 14 15 -15 18 24 17 -19 -20 -21 -22 22 23 -25 25 -27 27 -29 -30 -31
leaf_value=-0.092089367653908641 -0.038266040079403367 0.26139469902782542 -0.34123377554100542 -0.046486353655737743 -0.024530656664092303 -0.26491633848398927 -0.56301635829556662 -0.2226913927174646 0.018943924704680652 -0.30103125563443894 -3.9108168589366938 3.0274990120166683 0.11940852048929131 0.12277660508343963 -2.0632897231272072 -0.0065567227511131422 1.3291372004573589 -0.11115343793242147 2.2079645834901145 0.66194334191297355 -0.32473969884327203 -0.46799797908843599 1.8250308417765095 0.33672269205620453 0.046521637356847161 -0.21722630449801769 -0.0008801992636673228 0.29551812937149385 -0.86808198762400735 -1.2945564556448148
leaf_weight=1307 16048 4674 3868 7344 4518 5050 514 6476 15453 1761 78 1375 3907 3970 390 150423 756 7411 171 1542 1297 220 902 1898 2605 5507 7134 21852 1181 880
leaf_count=1307 16048 4674 3868 7344 4518 5050 514 6476 15453 1761 78 1375 3907 3970 390 150423 756 7411 171 1542 1297 220 902 1898 2605 5507 7134 21852 1181 880
internal_value=-0.00026694 -0.00140192 -0.00262317 -0.00428778 -0.00622953 -0.00852433 -0.000410643 6.74603e-05 -6.4939e-05 0.00159638 0.000108141 0.00706058 4.10876e-05 -0.00166571 0.00839876 9.29571e-05 0.00211956 -0.000723644 -0.00197861 0.00449724 0.00327578 0.00460372 0.0089404 0.0109071 -9.87436e-05 -0.00304734 3.30633e-05 0.00168562 -0.00185087 -0.000296425
internal_weight=280512 69676 36414 20780 13436 8918 15634 15120 33262 17214 210836 2014 208822 10446 1936 207515 17933 8167 561 9766 8224 6927 3020 2800 189582 8112 181470 30167 8315 151303
internal_count=280512 69676 36414 20780 13436 8918 15634 15120 33262 17214 210836 2014 208822 10446 1936 207515 17933 8167 561 9766 8224 6927 3020 2800 189582 8112 181470 30167 8315 151303
is_linear=0
shrinkage=0.06


Tree=85
num_leaves=31
num_cat=0
split_feature=1 15 1 4 1 7 3 13 14 5 3 15 12 1 15 3 13 12 13 3 16 3 3 1 10 3 15 14 15 12
split_gain=32.9366 40.0025 36.2514 42.9514 63.2633 43.0431 34.8949 35.7272 32.804 50.557 38.7467 36.4983 33.5176 31.0266 28.6142 40.1035 28.2757 35.0216 28.0605 27.968 27.1227 26.8396 38.6594 27.835 25.9065 25.6508 29.7648 28.1558 32.2857 24.5438
threshold=6.5000000000000009 -2.3784999999999994 21.500000000000004 1.0000000180025095e-35 15.500000000000002 0.54598730243468185 1.5000000000000002 418.15500000000003 32.651500000000006 1.0000000180025095e-35 3.5000000000000004 15.275 1.5112500000000002 10.500000000000002 82.393500000000003 11.500000000000002 32.913500000000006 0.42875000000000002 25.495000000000001 8.5000000000000018 38.32950000000001 7.5000000000000009 3.5000000000000004 9.5000000000000018 -8.1821428571428552 10.500000000000002 23.731500000000004 93.181500000000014 202.76500000000001 0.35625000000000001
decision_type=2 2 2 2 2 2 2 10 2 2 2 2 2 2 2 2 10 2 8 2 2 2 2 2 2 2 2 2 2 2
left_child=1 -1 3 5 16 14 -7 8 -8 10 11 -10 20 -13 15 -2 21 -18 -3 -20 -12 22 -5 -24 -22 -21 -27 -28 -29 -16
right_child=2 18 -4 4 -6 6 7 -9 9 -11 12 13 -14 -15 29 -17 17 -19 19 25 24 -23 23 -25 -26 26 27 28 -30 -31
leaf_value=0.13385663802083383 0.31881278679183372 0.0073075154115195317 -0.059578178969050523 0.01219403201529521 0.041300587471452099 0.29215782136695961 0.033043904159019311 5.8653481919848538 -0.5559063580771928 -0.53744673151112587 -0.10337380313433826 0.15431810238525215 -0.44218026588735027 -0.19501053933301132 1.0103612987530821 -1.0426016162119682 -0.26971308807506816 -0.73135470182093631 -0.044185772312887256 -0.15453924267244956 -2.1721912762839466 0.0065101675705103767 -0.020508845048352247 -0.13442317026810788 0.099895924688363572 0.064704827628085118 -0.26561385489209383 0.82885009411180133 -1.1789019226992012 -0.029985905797418864
leaf_weight=978 3192 20183 23376 5116 19968 10096 47197 419 872 2166 4284 3500 1156 8510 2308 226 5488 990 41780 8409 102 10263 2445 5650 40730 4147 4360 1177 782 642
leaf_count=978 3192 20183 23376 5116 19968 10096 47197 419 872 2166 4284 3500 1156 8510 2308 226 5488 990 41780 8409 102 10263 2445 5650 40730 4147 4360 1177 782 642
internal_value=-0.000251112 -0.0012643 0.000166083 0.000462012 -0.00102644 0.00105455 0.000797433 0.000484688 0.00041717 -0.000498043 -0.000168374 -0.00307871 0.000641857 -0.00221815 0.00586055 0.00212405 -0.00277043 -0.00627972 -0.00141023 -0.00205507 0.000900346 -0.00180199 -0.00359019 -0.00617048 0.00137686 -0.00397192 -0.0019893 -0.00458142 0.00139357 0.0101898
internal_weight=280512 81816 198696 175320 49920 125400 119032 108936 108517 61320 59154 12882 46272 12010 6368 3418 29952 6478 80838 60655 45116 23474 13211 8095 40832 18875 10466 6319 1959 2950
internal_count=280512 81816 198696 175320 49920 125400 119032 108936 108517 61320 59154 12882 46272 12010 6368 3418 29952 6478 80838 60655 45116 23474 13211 8095 40832 18875 10466 6319 1959 2950
is_linear=0
shrinkage=0.06


Tree=86
num_leaves=31
num_cat=0
split_feature=8 13 10 13 7 3 13 3 3 3 2 3 3 13 10 16 13 13 8 6 13 7 14 7 15 14 15 2 3 13
split_gain=34.3549 33.919 30.3441 31.5048 30.2631 28.5712 26.3752 26.0777 25.6787 30.5246 33.2975 28.0525 29.9188 26.6567 26.4173 27.7296 25.1266 24.9892 24.5084 33.0793 25.6012 23.4565 34.4502 23.2054 21.8546 21.6458 21.4782 29.925 21.3456 20.5414
threshold=1.5603825856096079 21.771500000000003 -1.7785714285714276 319.22000000000008 1.76543824985649 1.5000000000000002 -2.4249999999999994 10.500000000000002 7.5000000000000009 8.5000000000000018 1.0000000180025095e-35 5.5000000000000009 4.5000000000000009 9.4025000000000016 -5.2142857142857117 4.721750000000001 4.4615000000000009 165.24250000000004 1.2210989933635656 1.334151823421023 53.767500000000005 0.72852641831424136 5.3210000000000006 1.0090088923758584 45.891000000000012 12.185 22.473500000000005 4.5000000000000009 11.500000000000002 2.8610000000000002
decision_type=2 8 2 10 2 2 8 2 2 2 2 2 2 8 2 2 8 8 2 2 10 2 2 2 2 2 2 2 2 10
left_child=2 29 5 4 6 17 -4 -6 11 -10 -11 12 21 -12 15 -15 -13 -1 -8 -20 -21 22 -7 25 -25 -3 27 -19 -9 -2
right_child=1 23 3 -5 7 8 18 28 9 10 13 16 -14 14 -16 -17 -18 26 19 20 -22 -23 -24 24 -26 -27 -28 -29 -30 -31
leaf_value=0.071995923935679107 -0.022517605107803894 -0.34841813001551925 -0.10477100116302834 3.3980051279516332 -0.07527199001563932 0.87863066630860931 -0.0016799450486685429 0.41922060593406602 0.19227201010617689 0.51039981529495893 0.084943713688869701 0.059424362857371675 0.11433111029166143 0.93562460024053784 0.022975152559951226 -0.43528969701391557 -0.099320300214935875 -0.42172830561468427 -0.093851918546664373 0.025048594243873734 -0.47390034401395897 -0.099015104098614803 0.0096140671210306998 -0.0037483718875022595 -0.33537113629405024 -0.27123833839260392 1.05142875845964 1.5522414420840529 -0.023570545612190269 0.046554313217899379
leaf_weight=1667 1241 833 1391 992 3202 718 212837 370 2194 1200 1285 672 2380 108 6035 1370 4238 432 9577 6775 1234 4634 3408 3664 1466 2425 1216 273 536 2139
leaf_count=1667 1241 833 1391 992 3202 718 212837 370 2194 1200 1285 672 2380 108 6035 1370 4238 432 9577 6775 1234 4634 3408 3664 1466 2425 1216 273 536 2139
internal_value=-0.000232717 -0.00340585 -9.37695e-05 -0.000327461 -0.000372326 0.00164562 -0.000281864 -0.00547712 0.00100489 0.00308071 0.00167433 -0.000571963 0.00109336 0.000395544 -0.000970318 -0.00815968 -0.00435031 0.00668896 -0.000232138 -0.00238485 0.000460732 -0.000527397 0.00276297 -0.00545064 -0.00293567 -0.00941068 0.0113535 0.00302128 0.00350993 0.00166864
internal_weight=280512 11768 268744 236914 235922 31830 231814 4108 28242 12192 9998 16050 11140 8798 7513 1478 4910 3588 230423 17586 8009 8760 4126 8388 5130 3258 1921 705 906 3380
internal_count=280512 11768 268744 236914 235922 31830 231814 4108 28242 12192 9998 16050 11140 8798 7513 1478 4910 3588 230423 17586 8009 8760 4126 8388 5130 3258 1921 705 906 3380
is_linear=0
shrinkage=0.06


Tree=87
num_leaves=31
num_cat=0
split_feature=8 10 8 13 6 13 13 13 7 3 13 13 0 12 3 16 7 3 3 3 8 14 5 16 7 15 8 15 14 13
split_gain=31.6735 29.7864 34.3307 29.2373 31.5526 28.6793 28.0947 27.7396 27.2167 26.8706 27.5998 24.3701 23.1459 35.2379 24.5377 22.3315 19.6807 22.0932 62.4604 46.5927 136.789 71.5206 58.893 55.1973 43.5424 55.7087 40.7645 37.7208 37.0279 35.0357
threshold=1.6910216035344157 -1.7785714285714276 1.0352736371687989 67.042500000000018 1.3610932786544516 -2.4249999999999994 49.214000000000006 149.63000000000002 1.0694323728596131 1.5000000000000002 11.682500000000003 158.57500000000002 1.5000000000000002 0.35625000000000001 11.500000000000002 15.494 1.801090521483081 6.5000000000000009 5.5000000000000009 4.5000000000000009 0.80487617975558357 60.011500000000005 1.0000000180025095e-35 71.65100000000001 1.0090088923758584 51.401000000000003 0.74614827694940489 43.972500000000004 78.995000000000019 26.653500000000005
decision_type=2 2 2 10 2 8 10 10 2 2 8 8 2 2 2 2 2 2 2 2 2 2 2 2 2 2 2 2 2 10
left_child=1 9 5 4 -4 -3 8 16 -2 11 -11 -1 14 -14 -12 -16 17 18 19 21 22 26 28 29 25 -20 -7 -28 -21 -22
right_child=6 2 3 -5 -6 7 -8 -9 -10 10 12 -13 13 -15 15 -17 -18 -19 24 20 23 -23 -24 -25 -26 -27 27 -29 -30 -31
leaf_value=0.057988109360191227 -0.18397706140932954 -0.10731643045998344 -0.054930337892412168 -0.43625056130163359 0.0103849065342944 -0.063816380949518137 -0.8833691769051103 0.64008133618338492 -0.00035479626666266027 0.054087210809995546 -0.017959447019158716 0.67208924916719659 0.24396751066923655 -0.10358221580417355 -0.046747302786255177 -0.74149369325203129 -0.067051713425167539 -0.019595108054254178 0.084443340183391336 1.064089891783581 -0.26100789085184517 -0.12311041225195041 -0.82273968684751686 0.13967856176398072 -0.078447737490710823 0.86774465795559641 0.17733216383077433 0.063499457303294468 -0.03697219479004836 -0.01490539233040522
leaf_weight=1887 1941 1242 21762 4345 13205 6517 687 5778 3804 5185 11237 2211 8560 3079 635 584 1529 95562 11333 2425 9024 22143 267 3075 1918 3765 16777 17184 870 1981
leaf_count=1887 1941 1242 21762 4345 13205 6517 687 5778 3804 5185 11237 2211 8560 3079 635 584 1529 95562 11333 2425 9024 22143 267 3075 1918 3765 16777 17184 870 1981
internal_value=-0.00022245 -0.000124781 -0.000357704 -0.00197955 -0.00140275 -4.11143e-05 -0.00438433 1.52887e-05 -0.00301305 0.00155492 0.000918033 0.00610542 6.34987e-05 0.00198728 -0.0017341 -0.00981952 -0.000106498 -5.27377e-05 0.000583785 -0.000116243 -0.00283981 0.00065106 0.00766423 -0.00549716 0.00388575 0.00496755 0.0021508 0.00298489 0.00986039 -0.00748296
internal_weight=280512 274080 240702 39312 34967 201390 6432 200148 5745 33378 29280 4098 24095 11639 12456 1219 194370 192841 97279 80263 17642 62621 3562 14080 17016 15098 40478 33961 3295 11005
internal_count=280512 274080 240702 39312 34967 201390 6432 200148 5745 33378 29280 4098 24095 11639 12456 1219 194370 192841 97279 80263 17642 62621 3562 14080 17016 15098 40478 33961 3295 11005
is_linear=0
shrinkage=0.06


Tree=88
num_leaves=31
num_cat=0
split_feature=1 1 2 5 13 0 12 14 13 1 14 2 2 3 14 8 6 1 13 16 3 13 2 13 0 6 8 6 0 3
split_gain=29.9539 34.5275 34.8587 35.9613 34.2522 32.8591 32.138 31.2438 31.279 30.5572 27.249 26.6666 25.7601 25.7243 26.1817 25.521 24.2413 24.4057 22.6485 23.6332 21.7689 20.9026 43.0692 21.1859 20.1631 30.3665 20.1108 24.9165 25.4489 24.9178
threshold=6.5000000000000009 22.500000000000004 3.5000000000000004 1.0000000180025095e-35 35.301500000000004 2.5000000000000004 1.1487500000000002 22.801500000000004 78.44850000000001 15.500000000000002 10.322500000000002 5.5000000000000009 4.5000000000000009 10.500000000000002 119.69500000000001 0.99999968811882878 0.48439305591135612 19.500000000000004 87.355000000000004 105.16500000000001 6.5000000000000009 31.055000000000003 5.5000000000000009 -0.79499999999999993 1.5000000000000002 1.3240537565917652 0.51416522358931038 0.9715823300492259 1.5000000000000002 7.5000000000000009
decision_type=2 2 2 2 8 2 2 2 10 2 2 2 2 2 2 2 2 2 10 2 2 10 2 8 2 2 2 2 2 2
left_child=7 2 3 5 -5 16 15 8 26 12 -8 -11 -4 14 21 -7 -2 -18 19 -15 -9 23 -23 -14 25 -6 -1 28 -28 -29
right_child=1 -3 9 4 24 6 10 20 -10 11 -12 -13 13 18 -16 -17 17 -19 -20 -21 -22 22 -24 -25 -26 -27 27 29 -30 -31
leaf_value=0.11415566451279829 0.27760232846511512 -0.083218154813504031 0.013384385459355212 0.051073234396350489 -0.18546115682043013 0.65848070052685048 0.24819886754104548 -0.052808380997465675 0.98628173953060794 -0.010085976854783211 -0.43229459118403046 0.083641954456035547 -0.14628852640713974 0.03907627246569545 -1.7473461053610473 0.21782676417375782 0.026364751138299773 -0.046749759818486183 -0.80283789407817174 0.93882611532171234 -0.19521398831902889 -0.52950576632446933 0.012688982966595574 -0.03064984017759367 -0.5614205457308048 0.13196291304996127 -0.082148626317271697 0.042694141651128226 0.05225354470626975 -0.014444386180455926
leaf_weight=2230 5778 11688 15048 861 1006 5434 630 25814 1240 23352 1648 11648 491 3863 270 18144 58426 13364 791 458 17502 3260 2011 18808 1480 237 6510 11805 2769 13946
leaf_count=2230 5778 11688 15048 861 1006 5434 630 25814 1240 23352 1648 11648 491 3863 270 18144 58426 13364 791 458 17502 3260 2011 18808 1480 237 6510 11805 2769 13946
internal_value=-0.000216675 0.000181181 0.000378914 0.00108721 -0.00482143 0.00129196 0.00314434 -0.0011829 6.07792e-05 -0.0005685 -0.00366111 0.000761143 -0.00160267 -0.00262019 -0.00341787 0.00380185 0.000674505 0.00037359 0.00125587 0.00296459 -0.0022883 -0.00321368 -0.00656232 -0.00229908 -0.00811972 -0.00248592 -0.000251208 -0.000602912 -0.00326867 0.000357656
internal_weight=280512 198696 187008 107008 3584 103424 25856 81816 38500 80000 2278 35000 45000 29952 24840 23578 77568 71790 5112 4321 43316 24570 5271 19299 2723 1243 37260 35030 9279 25751
internal_count=280512 198696 187008 107008 3584 103424 25856 81816 38500 80000 2278 35000 45000 29952 24840 23578 77568 71790 5112 4321 43316 24570 5271 19299 2723 1243 37260 35030 9279 25751
is_linear=0
shrinkage=0.06


Tree=89
num_leaves=31
num_cat=0
split_feature=10 13 13 6 13 14 13 16 3 16 5 2 13 3 2 2 13 1 3 3 10 13 1 2 3 6 5 16 5 16
split_gain=27.5802 28.2515 23.1322 21.6638 19.687 17.5043 46.7285 40.7295 40.4165 38.4656 34.5486 33.4734 45.8064 33.1677 39.2048 31.7852 31.0645 30.0144 28.7656 78.373 87.477 40.7218 31.8797 29.4127 31.2337 23.9826 22.4845 23.663 22.0597 22.039
threshold=0.12857142857142947 17.844000000000005 418.15500000000003 0.5812083496705166 -2.4249999999999994 32.196000000000005 51.57500000000001 51.020500000000006 10.500000000000002 34.758250000000004 1.0000000180025095e-35 1.0000000180025095e-35 252.28250000000003 11.500000000000002 2.5000000000000004 5.5000000000000009 84.145000000000024 5.5000000000000009 4.5000000000000009 5.5000000000000009 -1.0000000180025095e-35 22.157500000000002 6.5000000000000009 3.5000000000000004 1.5000000000000002 0.91029095032032992 1.0000000180025095e-35 0.26725000000000004 1.0000000180025095e-35 31.981249999999999
decision_type=2 8 10 2 8 2 10 2 2 2 2 2 8 2 2 2 10 2 2 2 2 8 2 2 2 2 2 2 2 2
left_child=2 -2 4 -3 -1 6 7 18 -8 -7 -10 16 13 -13 -15 -16 -11 -14 22 20 -20 26 -6 28 25 -25 27 -21 -24 -23
right_child=1 3 -4 -5 5 9 8 -9 10 11 -12 12 17 14 15 -17 -18 -19 19 21 -22 29 23 24 -26 -27 -28 -29 -30 -31
leaf_value=-0.075760325170024317 0.0096054906440320841 0.02885741000757349 4.3590911682049782 -0.061798787988692219 -0.035452239509168565 -0.19482429296830767 0.1968765493664896 1.5682301607931775 1.1398120901798074 0.097798075631503278 -0.71088345689739096 -0.071211099225876567 -0.15162478825562031 0.031645722685955488 -0.85832603175841671 -0.013891167071797951 0.82867183481165396 0.1156708052781741 0.030018537980304249 0.078458365650768178 -0.25740145445434987 -0.022049532817841423 0.42579888724137477 -0.12271886041338806 -0.010020471961339438 1.8276559475559115 0.18636878659233042 0.020740478573037072 -0.2047411006041604 0.15192806667809819
leaf_weight=1312 15638 9237 509 42533 6263 5706 8516 822 1735 15126 98 37799 9229 1575 2083 693 1715 36184 2576 1603 5526 41537 4679 246 4643 548 653 18947 290 2491
leaf_count=1312 15638 9237 509 42533 6263 5706 8516 822 1735 15126 98 37799 9229 1575 2083 693 1715 36184 2576 1603 5526 41537 4679 246 4643 548 653 18947 290 2491
internal_value=-0.000202558 -0.00126038 0.000132048 -0.00193548 0.000101461 0.000146959 0.000716693 0.000281423 0.00453667 -0.000376533 0.0126187 -0.000114363 -0.000585521 -0.00200996 -0.00697081 -0.0112608 0.00233537 0.000736573 0.000159996 -0.000351411 -0.00591706 0.000339869 0.00240986 0.00444551 0.00139599 0.0123929 0.00250012 0.00215182 0.00778225 -0.000700463
internal_weight=280512 67408 213104 51770 212595 211283 101173 90824 10349 110110 1833 104404 87563 42150 4351 2776 16841 45413 90002 73333 8102 65231 16669 10406 5437 794 21203 20550 4969 44028
internal_count=280512 67408 213104 51770 212595 211283 101173 90824 10349 110110 1833 104404 87563 42150 4351 2776 16841 45413 90002 73333 8102 65231 16669 10406 5437 794 21203 20550 4969 44028
is_linear=0
shrinkage=0.06


Tree=90
num_leaves=31
num_cat=0
split_feature=8 13 3 13 10 15 13 8 3 14 13 12 3 15 8 2 10 13 8 3 3 8 7 13 13 13 15 7 14 10
split_gain=26.8533 40.9478 27.7264 36.7225 30.799 23.5733 29.9445 23.5298 24.3061 23.4402 41.8809 31.1553 24.4007 43.3324 52.8468 24.3506 23.433 22.24 22.232 36.3572 36.3629 59.4949 37.5716 33.2571 23.7369 23.7222 23.1745 22.1963 22.1026 21.5099
threshold=1.0521899627939624 53.004000000000012 1.5000000000000002 23.811000000000003 0.12857142857142947 125.22750000000001 142.10500000000005 1.7804483559979489 5.5000000000000009 22.801500000000004 80.991500000000016 1.4012500000000003 3.5000000000000004 61.26250000000001 0.99227413995177616 4.5000000000000009 1.3714285714285717 -0.15899999999999997 0.63571817109702244 5.5000000000000009 4.5000000000000009 0.99999968811882878 1.4420697672813856 4.1610000000000005 25.495000000000001 -2.4249999999999994 80.465500000000006 0.7211561998262751 43.685000000000009 3.0000000000000018
decision_type=2 10 2 8 2 2 8 2 2 2 10 2 2 2 2 2 2 8 2 2 2 2 2 8 8 10 2 2 2 2
left_child=5 2 4 -4 -2 9 -7 8 -3 10 12 17 13 14 -1 16 -15 28 29 20 22 -22 -20 -23 25 -21 -25 -27 -11 -14
right_child=1 7 3 -5 -6 6 -8 -9 -10 11 -12 -13 18 15 -16 -17 -18 -19 19 24 21 23 -24 26 -26 27 -28 -29 -30 -31
leaf_value=0.022106623607140621 0.42046071932446122 -0.093062494718885766 0.011977815359991357 -0.044497251612229644 -0.032361109880283019 -0.094277067301393916 0.5708648065868388 -1.0056664210264175 -0.55850896099595704 -0.011807318331170115 0.73944901068336943 -0.4235564987418648 0.086953403710289826 0.26493335414037222 0.58343818170426565 -1.0675000513216975 -0.70551359281900339 -0.020839314436347109 0.055984827601618853 -0.072951574111008347 0.05856925829387221 -0.010173004600963908 -0.16796847017167738 -0.37444510676059523 -0.017996124816083033 -0.10033412867744509 0.32089328985575255 0.034902415002662668 -0.55208976770137219 -0.08239038332360088
leaf_weight=5243 2845 4817 14230 30202 2767 6504 13152 373 3550 540 3261 1594 8585 1210 2950 645 217 115441 3734 567 1664 1201 347 3332 31645 1530 256 16288 591 1231
leaf_count=5243 2845 4817 14230 30202 2767 6504 13152 373 3550 540 3261 1594 8585 1210 2950 645 217 115441 3734 567 1664 1201 347 3332 31645 1530 256 16288 591 1231
internal_value=-0.000191863 -0.001332 -0.00067021 -0.00117213 0.00330364 0.000110406 0.00209402 -0.00512128 -0.00446397 -8.25448e-05 0.000684337 -0.000627084 0.000414781 0.00314759 0.00510802 -0.00460425 -0.000231254 -0.000513159 1.61978e-05 -0.000413117 -0.00361686 -0.00642027 0.000815976 -0.00981625 0.000261443 0.00197607 -0.012709 0.00236053 -0.00888594 0.00266504
internal_weight=280512 58784 50044 44432 5612 221728 19656 8740 8367 202072 83906 118166 80645 10265 8193 2072 1427 116572 70380 60564 10534 6453 4081 4789 50030 18385 3588 17818 1131 9816
internal_count=280512 58784 50044 44432 5612 221728 19656 8740 8367 202072 83906 118166 80645 10265 8193 2072 1427 116572 70380 60564 10534 6453 4081 4789 50030 18385 3588 17818 1131 9816
is_linear=0
shrinkage=0.06


Tree=91
num_leaves=31
num_cat=0
split_feature=8 15 14 12 1 1 2 13 13 13 2 15 3 2 15 7 8 16 15 5 15 8 12 3 3 15 13 2 0 13
split_gain=24.9188 32.7618 23.4449 46.3646 41.9811 40.8919 44.8483 63.1048 45.5537 30.8828 28.2443 35.9563 28.2626 27.4828 26.0726 28.0192 24.6365 24.8272 24.0522 37.5328 33.3648 27.7738 22.5439 22.4156 22.1641 42.8107 34.6238 39.8856 22.9347 22.6258
threshold=1.5603825856096079 18.626000000000001 22.801500000000004 1.1787500000000002 6.5000000000000009 21.500000000000004 1.0000000180025095e-35 153.00500000000002 90.535000000000011 80.991500000000016 5.5000000000000009 -0.028999999999999995 9.5000000000000018 3.5000000000000004 16.931500000000003 0.65116675717781247 0.94866610810610563 23.922174999999999 34.412500000000001 1.0000000180025095e-35 24.851000000000003 1.1219395193905151 0.31625000000000009 10.500000000000002 3.5000000000000004 62.020000000000003 54.642500000000005 3.5000000000000004 1.5000000000000002 25.495000000000001
decision_type=2 2 2 2 2 2 2 8 10 10 2 2 2 2 2 2 2 2 2 2 2 2 2 2 2 2 10 2 2 8
left_child=2 -2 9 4 -4 6 8 10 18 24 12 -12 -8 -14 -9 22 -15 -18 20 -20 21 -6 -16 -11 25 26 27 28 -1 -26
right_child=1 -3 3 -5 5 -7 7 14 -10 23 11 -13 13 16 15 -17 17 -19 19 -21 -22 -23 -24 -25 29 -27 -28 -29 -30 -31
leaf_value=0.10085297189375285 0.0034859277608618178 -0.11759194792731364 -0.095397973224832233 -0.29734172442811629 0.27844861124893322 -0.13055223679592395 -0.050471426442470886 -0.094000944442067941 1.7261159294639654 0.34153704948637481 -0.98637053033364697 0.12139858368432896 -0.16143613027635481 0.041780110081770211 0.87131715407589294 0.11247765184960862 0.29744927530706455 -0.58188880921677089 0.36489493784982685 -0.55993826278379044 -0.36788700788236128 -0.28440871131126244 -0.03576670896368455 1.3778670675779239 0.014551336714514473 -0.26199536159723263 0.5331218130450166 -0.0023634631739598523 1.0191739748118056 -0.01408188348618605
leaf_weight=4157 5628 6140 41986 4210 2349 13230 25410 6510 1294 3230 175 5349 4798 498 2542 37326 94 1983 9845 542 1700 532 1007 1035 32362 2503 806 5656 967 56648
leaf_count=4157 5628 6140 41986 4210 2349 13230 25410 6510 1294 3230 175 5349 4798 498 2542 37326 94 1983 9845 542 1700 532 1007 1035 32362 2503 806 5656 967 56648
internal_value=-0.000188441 -0.00289089 -7.01039e-05 -0.000527203 -0.000360756 0.000231282 0.000638523 9.03235e-05 0.00352724 0.000616967 -0.00172057 0.00224837 -0.00238935 -0.00565984 0.00155429 0.00211596 -0.0106602 -0.0135339 0.00259353 0.00419082 -0.00102816 0.00290524 0.00721048 0.00562016 0.000409994 0.00262119 0.00415847 0.0032616 0.00709602 5.99933e-05
internal_weight=280512 11768 268744 161380 157170 115184 101954 85692 16262 107364 38307 5524 32783 7373 47385 40875 2575 2077 14968 10387 4581 2881 3549 4265 103099 14089 11586 10780 5124 89010
internal_count=280512 11768 268744 161380 157170 115184 101954 85692 16262 107364 38307 5524 32783 7373 47385 40875 2575 2077 14968 10387 4581 2881 3549 4265 103099 14089 11586 10780 5124 89010
is_linear=0
shrinkage=0.06


Tree=92
num_leaves=31
num_cat=0
split_feature=5 10 8 7 14 15 15 16 16 14 10 16 14 15 8 16 7 1 7 7 0 6 12 1 14 8 8 14 15 1
split_gain=24.2373 25.3618 30.1701 36.6561 26.0133 33.4222 24.9314 24.8082 23.1524 23.7873 27.7583 22.7913 37.8532 32.5061 28.773 26.0644 22.4916 22.2012 22.0962 21.7281 21.6304 20.6408 20.4751 20.3559 23.4709 20.0219 18.5205 17.991 17.0123 16.9317
threshold=1.0000000180025095e-35 -2.7357142857142844 1.3956824871346798 1.0480523263384809 9.5310000000000006 6.6510000000000007 125.22750000000001 262.72285000000005 132.84892500000004 25.651000000000003 4.6535714285714302 9.5154750000000003 7.2215000000000007 15.691000000000001 0.97659472042006568 12.638250000000001 0.5404870496926043 20.500000000000004 0.5352267174924189 0.55749641604115496 2.5000000000000004 1.0724824438155636 1.5112500000000002 4.5000000000000009 19.899000000000004 1.5815960022970079 0.99999968811882878 -0.7649999999999999 294.35500000000008 14.500000000000002
decision_type=2 2 2 2 2 2 2 2 2 2 2 2 2 2 2 2 2 2 2 2 2 2 2 2 2 2 2 2 2 2
left_child=1 4 6 16 -1 25 7 8 9 11 22 -3 14 15 -13 -14 -4 23 -8 -2 -20 -7 -11 -5 -25 -6 -17 -16 -21 -15
right_child=19 2 3 17 5 21 18 -9 -10 10 -12 12 13 29 27 26 -18 -19 20 28 -22 -23 -24 24 -26 -27 -28 -29 -30 -31
leaf_value=0.073052644594609265 -0.44426982452875702 -0.0078625552620282431 0.067860890423173073 -0.036638081402762625 -0.19167939664553169 0.014280280697119707 0.93140812528945371 -1.6906954737019342 0.43160707116613423 -0.03312223710582643 -0.23304191508801264 0.64562468147109187 -0.023511671942105253 -0.05852126447657971 0.69413537561904426 0.014708159457774615 -0.18035443006279084 -0.082501454351667489 -0.028017676984507529 -0.042454477008120786 0.53727923884352335 0.18517551495101356 -0.40006022671297975 0.040345109999044899 -0.020512412834836923 0.28044827893758445 0.11618140051233652 0.051131917777068679 -0.74368367472043662 0.031371331003806874
leaf_weight=6764 576 45974 946 1918 2354 8316 1128 332 5226 105744 1718 2372 4088 16000 396 3434 6296 1258 9960 11368 8318 3218 1202 3260 4336 260 8070 6134 336 9210
leaf_count=6764 576 45974 946 1918 2354 8316 1128 332 5226 105744 1718 2372 4088 16000 396 3434 6296 1258 9960 11368 8318 3218 1202 3260 4336 260 8070 6134 336 9210
internal_value=-0.000183308 -6.39745e-05 -0.000233624 -0.00259798 0.00194243 0.00047922 -4.78836e-05 -0.000238113 -0.000212151 -0.000313005 -0.000920452 0.000376889 0.0012675 0.000494093 0.0048124 0.00264751 -0.00589892 -0.00037876 0.00200969 -0.0027899 0.00150673 0.00186752 -0.000798908 0.00061173 0.00200632 -0.00564652 0.00410987 0.00275651 -0.00223001 -0.000837763
internal_weight=280512 268232 247320 18014 20912 14148 229306 209900 209568 204342 108664 95678 49704 40802 8902 15592 7242 10772 19406 12280 18278 11534 106946 9514 7596 2614 11504 6530 11704 25210
internal_count=280512 268232 247320 18014 20912 14148 229306 209900 209568 204342 108664 95678 49704 40802 8902 15592 7242 10772 19406 12280 18278 11534 106946 9514 7596 2614 11504 6530 11704 25210
is_linear=0
shrinkage=0.06


Tree=93
num_leaves=31
num_cat=0
split_feature=1 1 7 15 2 1 5 12 14 12 8 15 2 14 12 3 8 10 3 3 14 3 8 6 7 10 3 2 15 14
split_gain=22.5133 28.2939 28.6408 29.5713 26.5428 41.6519 45.7484 26.3208 27.6564 25.9765 24.8672 23.8293 22.6445 33.2361 30.3666 41.5007 34.1021 24.5284 23.4407 23.1673 28.3056 35.7904 44.9372 40.0772 38.5482 25.4143 22.6739 22.5336 21.6936 24.7706
threshold=22.500000000000004 15.500000000000002 0.64735137188752534 9.1725000000000012 4.5000000000000009 4.5000000000000009 1.0000000180025095e-35 0.2687500000000001 3.6815000000000002 0.53625000000000012 0.51992698124672876 5.9210000000000003 1.0000000180025095e-35 32.196000000000005 0.86875000000000013 5.5000000000000009 0.76568662028228884 -7.4321428571428561 3.5000000000000004 9.5000000000000018 3.6815000000000002 6.5000000000000009 1.0616405287065547 1.2796410650735319 1.1318431553460231 0.26428571428571362 9.5000000000000018 5.5000000000000009 -2.3784999999999994 2.4340000000000006
decision_type=2 2 2 2 2 2 2 2 2 2 2 2 2 2 2 2 2 2 2 2 2 2 2 2 2 2 2 2 2 2
left_child=1 4 3 -3 5 10 12 -6 -9 27 -1 -10 19 18 16 -16 17 -15 -14 20 -7 22 23 -22 -23 -21 -20 -4 29 -12
right_child=-2 2 9 -5 7 6 -8 8 11 -11 28 -13 13 14 15 -17 -18 -19 26 25 21 24 -24 -25 -26 -27 -28 -29 -30 -31
leaf_value=0.14470208897269751 -0.073448591433635996 -0.094068632126641114 -0.0086060802622685631 0.4274500148129074 -0.022061067618939223 0.20772843728413315 -0.19151394272962119 -0.0051199080195824921 -0.036753248938790402 0.084872280214550094 -0.19567658606161434 -0.24666187099325923 0.18994490363689664 -2.0404757531692592 -0.57014189293415518 -0.019948566264941403 -0.04630202668631838 0.38612167415969167 0.0030498265701149837 0.85653658558356183 0.4775206800630325 -0.27314919332034476 -0.20585021154563579 -0.33057281138825961 0.42529708683968415 -0.0044299877128085941 0.099583014866606395 0.083747997788079995 -0.051344479350923962 0.21604474492864659
leaf_weight=2480 11688 1720 57902 5448 44520 1480 3520 3728 2114 6996 184 2886 4894 122 1470 2016 32422 4170 18694 3108 5952 3492 1310 380 586 1292 7052 9750 38730 406
leaf_count=2480 11688 1720 57902 5448 44520 1480 3520 3728 2114 6996 184 2886 4894 122 1470 2016 32422 4170 18694 3108 5952 3492 1310 380 586 1292 7052 9750 38730 406
internal_value=-0.000178816 -6.67351e-05 0.00086389 0.00448661 -0.000473883 -2.28768e-05 0.000690953 -0.00160682 -0.00461962 0.000516022 -0.0015933 -0.007536 0.000957938 0.00047939 -0.000655224 -0.00600688 -0.000147083 0.00487884 0.00196802 0.00288409 0.00162727 0.000639932 0.00306203 0.00515477 -0.00389897 0.00665455 0.00124447 0.000156093 -0.00196083 0.00945763
internal_weight=280512 268824 81816 7168 187008 133760 91960 53248 8728 74648 41800 5000 88440 70840 40200 3486 36714 4292 30640 17600 13200 11720 7642 6332 4078 4400 25746 67652 39320 590
internal_count=280512 268824 81816 7168 187008 133760 91960 53248 8728 74648 41800 5000 88440 70840 40200 3486 36714 4292 30640 17600 13200 11720 7642 6332 4078 4400 25746 67652 39320 590
is_linear=0
shrinkage=0.06


Tree=94
num_leaves=31
num_cat=0
split_feature=8 13 6 0 3 13 13 2 3 13 3 16 15 13 2 15 3 3 7 3 14 15 5 14 3 3 7 15 7 3
split_gain=21.4565 44.5226 30.8305 35.3154 30.144 23.5685 22.6539 21.9392 21.7558 21.6785 25.7404 20.7106 20.6781 20.1309 20.4405 29.4403 34.6081 67.4295 31.4323 31.7271 29.2137 28.9052 33.4174 30.7088 28.954 33.1525 32.74 28.3844 26.8896 47.0014
threshold=1.2962098920777381 47.341500000000011 1.2238293071807054 1.5000000000000002 2.5000000000000004 2.9715000000000003 -2.4249999999999994 5.5000000000000009 10.500000000000002 12.841000000000003 1.5000000000000002 23.922174999999999 16.132500000000004 418.15500000000003 1.5000000000000002 2.4290000000000007 8.5000000000000018 9.5000000000000018 0.99827436264285618 5.5000000000000009 8.5275000000000016 127.76500000000001 1.0000000180025095e-35 36.863500000000009 9.5000000000000018 6.5000000000000009 1.0918676722030483 59.955000000000005 1.0129078669524729 1.5000000000000002
decision_type=2 10 2 2 2 8 8 2 2 8 2 2 2 10 2 2 2 2 2 2 2 2 2 2 2 2 2 2 2 2
left_child=6 2 9 5 -5 -4 -1 -3 -6 11 -11 12 -2 14 15 16 18 -18 -8 -20 -17 24 -23 -24 25 28 27 -27 -22 -30
right_child=1 7 3 4 8 -7 13 -9 -10 10 -12 -13 -14 -15 -16 20 17 -19 19 -21 21 22 23 -25 -26 26 -28 -29 29 -31
leaf_value=-0.083824497150308111 0.049459588884279773 -0.47541308129326237 -0.016196294794364685 0.30284632506595477 -0.084670771447414847 0.048480549196245261 -0.21821824871945986 0.24858630772047099 0.039521229338635104 0.098112031402923419 -0.12852115668210862 -0.1608509993555714 -0.051590397150718052 4.06216752151912 -0.0082244622833322015 0.084697088490305189 -0.33797476277686511 -0.017207265847332578 -0.1264927950838918 0.11239730277076951 0.077932410200459115 0.70200873651051976 0.39192299589689078 -1.6581494422077114 0.17026765892886289 -0.19315889617502988 0.15809252805947943 0.052089893585399803 1.5718722789902744 -0.16785686658750124
leaf_weight=1448 1617 4505 1012 1834 5623 5196 1256 374 2608 1380 6488 655 420 512 175793 10908 910 1532 694 1517 21648 6892 74 292 10032 7109 1288 2527 297 4071
leaf_count=1448 1617 4505 1012 1834 5623 5196 1256 374 2608 1380 6488 655 420 512 175793 10908 910 1532 694 1517 21648 6892 74 292 10032 7109 1288 2527 297 4071
internal_value=-0.000162988 -0.00163282 -0.00067417 0.000964174 -0.001231 0.0045232 2.43569e-05 -0.0069051 -0.00278095 -0.00319886 -0.00478902 0.00144874 0.00443299 6.8162e-05 4.351e-05 0.00090236 -0.00315282 -0.00862408 0.000700894 0.00500678 0.00127023 0.00070035 0.0042243 -0.0134426 0.000155838 -0.000620466 -0.00339436 -0.00459527 0.00054428 -0.00375
internal_weight=280512 31712 26833 16273 10065 6208 248800 4879 8231 10560 7868 2692 2037 247352 246840 71047 5909 2442 3467 2211 65138 54230 7258 366 46972 36940 10924 9636 26016 4368
internal_count=280512 31712 26833 16273 10065 6208 248800 4879 8231 10560 7868 2692 2037 247352 246840 71047 5909 2442 3467 2211 65138 54230 7258 366 46972 36940 10924 9636 26016 4368
is_linear=0
shrinkage=0.06


Tree=95
num_leaves=31
num_cat=0
split_feature=13 14 12 10 1 1 2 13 13 16 2 2 15 13 13 6 0 8 15 7 15 15 16 12 14 15 8 12 15 16
split_gain=20.8751 21.4117 34.6369 29.7357 26.3264 33.799 39.2103 52.8595 33.9958 29.4977 26.7652 34.6144 29.608 28.5426 23.6696 41.902 34.743 45.292 30.6297 29.0693 22.7437 22.6036 20.8854 18.4671 18.4464 17.4859 17.2027 19.1769 17.1056 16.6878
threshold=418.15500000000003 25.651000000000003 1.3812500000000003 4.767857142857145 6.5000000000000009 21.500000000000004 1.0000000180025095e-35 282.74500000000006 123.36500000000002 235.78075000000004 5.5000000000000009 4.5000000000000009 1.0000000180025095e-35 1.2410000000000003 -2.4249999999999994 1.1788083778716205 1.5000000000000002 0.64815172708518076 34.025000000000013 1.0245760236437833 15.691000000000001 -1.0000000180025095e-35 1.2925000000000002 0.85875000000000012 4.8490000000000011 -1.9849999999999997 1.3956824871346798 0.14375000000000002 98.201500000000024 10.610750000000001
decision_type=10 2 2 2 2 2 2 8 10 2 2 2 2 10 10 2 2 2 2 2 2 2 2 2 2 2 2 2 2 2
left_child=1 14 3 4 25 6 8 9 21 10 11 13 -12 -8 15 16 -1 -18 -16 -17 -9 -6 -19 -22 29 -3 -23 -28 -21 -20
right_child=-2 2 -4 -5 5 -7 7 20 -10 -11 12 -13 -14 -15 18 19 17 22 24 28 23 26 -24 -25 -26 -27 27 -29 -30 -31
leaf_value=-0.056853912102623805 3.8184374702279715 0.83232404929806458 -0.32235010463005598 -0.17615911466549342 -0.98920513061652748 -0.12914809318366097 -0.35324543702249456 -0.090373521162090353 2.3877490094755629 -1.0278643002245897 -0.81781869065761859 -0.24856182430188481 0.14524140237178768 -0.039231018638508669 0.025690470272544914 -0.065899079881340084 0.58165097984243996 -0.10092482543359629 -0.026752498766891585 0.036651247287624984 0.15624495226920884 0.21183770956290818 0.023493330197361856 -0.2686343542573934 -0.079395842223412602 -0.090059352927504221 0.069585495818349677 -0.43154452491026474 -0.12732524742888571 0.17029978479070776
leaf_weight=30852 512 190 2510 2530 122 12746 604 5839 544 894 209 5431 5306 28694 44779 2467 1953 1655 2698 9538 35755 14480 15255 1517 9796 39796 650 444 259 2487
leaf_count=30852 512 190 2510 2530 122 12746 604 5839 544 894 209 5431 5306 28694 44779 2467 1953 1655 2698 9538 35755 14480 15255 1517 9796 39796 650 444 259 2487
internal_value=-0.00015101 -0.000173143 -0.000633321 -0.000520639 -0.000414108 5.32521e-05 0.000422434 -9.7924e-05 0.00312192 -0.00163644 -0.00139698 -0.00201359 0.00248595 -0.00119803 0.00042509 -0.000396425 -0.00117128 0.000857234 0.00127711 0.00274462 0.00137018 0.00261086 -0.000141928 0.00191565 -0.00107136 -0.00173761 0.00281238 -0.00444241 0.00421047 0.00182257
internal_weight=280512 280000 158261 155751 153221 113235 100489 84249 16240 41138 40244 34729 5515 29298 121739 61979 49715 18863 59760 12264 43111 15696 16910 37272 14981 39986 15574 1094 9797 5185
internal_count=280512 280000 158261 155751 153221 113235 100489 84249 16240 41138 40244 34729 5515 29298 121739 61979 49715 18863 59760 12264 43111 15696 16910 37272 14981 39986 15574 1094 9797 5185
is_linear=0
shrinkage=0.06


Tree=96
num_leaves=31
num_cat=0
split_feature=13 3 8 13 6 0 8 15 8 2 14 13 15 13 1 7 2 15 13 2 13 8 10 2 13 2 13 7 15 7
split_gain=20.839 19.7625 25.6244 49.0069 39.0563 49.8768 31.1459 29.401 23.3347 48.7372 29.7238 29.7139 26.7518 21.1718 19.0476 18.3977 17.1748 20.8402 16.204 15.8703 26.3259 16.7136 17.0347 31.1761 27.9088 16.7056 22.6271 20.9945 17.7471 15.7571
threshold=418.15500000000003 1.5000000000000002 1.2210989933635656 23.027500000000003 1.1553742842501131 1.5000000000000002 1.637513935814314 98.201500000000024 0.96591969937892885 3.5000000000000004 159.34500000000003 15.074000000000002 29.932500000000001 36.171000000000006 6.5000000000000009 1.7486975710883648 2.5000000000000004 0.15250000000000002 -6.0574999999999992 2.5000000000000004 94.197500000000005 1.8089990989197899 -0.85714285714285732 4.5000000000000009 42.342500000000008 1.5000000000000002 61.673500000000011 0.86951753992389602 91.672500000000014 0.48646527971675163
decision_type=10 2 2 8 2 2 2 2 2 2 2 10 2 10 2 2 2 2 8 2 10 2 2 2 10 2 10 2 2 2
left_child=1 8 15 -4 -5 7 29 -6 9 10 12 14 16 -11 -10 18 17 -1 -3 25 21 22 -21 -24 -25 26 -13 28 -28 -7
right_child=-2 2 3 4 5 6 -8 -9 11 13 -12 19 -14 -15 -16 -17 -18 -19 -20 20 -22 -23 23 24 -26 -27 27 -29 -30 -31
leaf_value=-1.1009206563053733 3.5893312220142923 -0.16476768729961144 0.01490941164719127 -0.15917168434042095 0.041861336189340355 0.34154244453284177 -0.23807115308440149 -0.2686694048097738 -0.047969452071248246 -0.11368933988456463 -0.84288497332781043 -0.37806966154941535 2.281367961976541 0.57523545012476507 0.27194450829158912 -0.049839382643095335 1.8405436889891753 0.32570638102997224 0.00028842915401128266 0.62995379580340116 -0.26016886804418815 -0.71064784073022458 0.43251162273225813 -0.36058985282270839 0.056623726862618538 -0.51826206456595181 -1.0076027967739478 0.47840472505831083 0.61260645079062381 -0.098870724625694559
leaf_weight=64 512 456 9646 8479 4113 445 2312 255 3510 1012 154 1235 802 252 7936 3400 252 824 219177 586 1728 100 1523 415 956 1293 206 878 73 7918
leaf_count=64 512 456 9646 8479 4113 445 2312 255 3510 1012 154 1235 802 252 7936 3400 252 824 219177 586 1728 100 1523 415 956 1293 206 878 73 7918
internal_value=-0.000140529 -0.000162643 -0.000316275 -0.00187229 -0.0033492 -0.00151366 -0.00372365 0.00388736 0.00149124 0.006125 0.0117366 0.000729488 0.0137487 -0.00318038 0.0027573 -8.48753e-05 0.00784211 0.00391892 -1.70739e-05 -0.00185144 0.000248681 0.00318436 0.00387931 0.00199032 -0.0045733 -0.00487653 -0.00190635 0.00412273 -0.0102151 -0.00201961
internal_weight=280512 280000 256201 33168 23522 15043 10675 4368 23799 3360 2096 20439 1942 1264 11446 223033 1140 888 219633 8993 5308 3580 3480 2894 1371 3685 2392 1157 279 8363
internal_count=280512 280000 256201 33168 23522 15043 10675 4368 23799 3360 2096 20439 1942 1264 11446 223033 1140 888 219633 8993 5308 3580 3480 2894 1371 3685 2392 1157 279 8363
is_linear=0
shrinkage=0.06


Tree=97
num_leaves=31
num_cat=0
split_feature=13 14 16 13 2 13 16 2 13 10 15 15 14 3 8 10 3 2 3 3 12 14 13 13 1 16 14 15 8 15
split_gain=20.0217 21.1159 34.1996 36.9146 31.7524 34.9896 23.9276 23.8635 22.6759 22.5824 21.5597 21.2079 19.6295 19.4188 23.8221 21.6868 20.0181 20.7144 19.3327 45.7598 39.1508 32.8755 35.7464 27.2728 26.7357 25.0827 31.3775 23.0501 22.0579 21.6153
threshold=418.15500000000003 32.196000000000005 34.758250000000004 0.37500000000000006 1.0000000180025095e-35 33.321000000000005 56.761250000000004 5.5000000000000009 145.80650000000003 -0.88571428571428734 17.965000000000003 1.5825000000000002 39.835000000000008 2.5000000000000004 1.1462463311784628 -6.924999999999998 7.5000000000000009 4.5000000000000009 6.5000000000000009 5.5000000000000009 0.76375000000000004 159.34500000000003 13.905000000000003 18.431500000000003 6.5000000000000009 262.72285000000005 285.87000000000006 44.653500000000001 1.258641636247954 123.01250000000002
decision_type=10 2 2 8 2 10 2 2 10 2 2 2 2 2 2 2 2 2 2 2 2 2 8 8 2 2 2 2 2 2
left_child=1 6 12 -4 8 9 -1 11 -5 13 -9 -7 -3 -6 15 -15 -17 -18 19 20 23 24 -23 -11 -20 28 -27 -21 -24 -28
right_child=-2 2 3 4 5 7 -8 10 -10 18 -12 -13 -14 14 -16 16 17 -19 21 27 -22 22 25 -25 -26 26 29 -29 -30 -31
leaf_value=0.0051092478152269163 3.3739713486934364 -0.10668463084634983 -0.301160294414755 0.093916263859113294 0.34532665542366431 0.32353240771249153 1.1354025607944001 -0.46179263382102986 1.9234587547071913 0.20668249586859094 0.1622131027747423 -0.15947083780841181 -0.48140087450451807 -1.3785392748894256 -0.15332225692932952 0.035121990171107453 0.67544238252017075 -0.21818616425520332 -0.33646655967866029 0.11005107438000798 -0.52481991206354672 -0.60325249540718906 1.8717184742739807 -0.012811997363474176 -0.069254253385760189 -2.2653707696149783 -2.3620776370216259 1.0450795946810378 -0.78241812365173258 1.9526082477471272
leaf_weight=139687 512 6748 1872 19802 3075 798 986 511 466 2190 4262 34591 1238 217 2199 2717 1808 404 5335 1713 1286 203 2211 26457 15707 271 150 1983 166 947
leaf_count=139687 512 6748 1872 19802 3075 798 986 511 466 2190 4262 34591 1238 217 2199 2717 1808 404 5335 1713 1286 203 2211 26457 15707 271 150 1983 166 947
internal_value=-0.000135395 -0.000157071 -0.000680629 -0.000448832 -0.000327878 -0.000732686 0.000361477 -0.00214083 0.00185317 8.64729e-05 0.00184161 -0.00267795 -0.00449286 0.00266027 0.000984343 0.00321803 0.0040353 0.00827306 -0.00037104 0.00056826 -0.000209468 -0.00163505 0.00338906 0.000250288 -0.0025777 0.00471829 -0.00175439 0.00686688 0.00844342 0.00276208
internal_weight=280512 280000 139327 131341 129469 109201 140673 40162 20268 69039 4773 35389 7986 10420 7345 5146 4929 2212 58619 33629 29933 24990 3948 28647 21042 3745 1368 3696 2377 1097
internal_count=280512 280000 139327 131341 129469 109201 140673 40162 20268 69039 4773 35389 7986 10420 7345 5146 4929 2212 58619 33629 29933 24990 3948 28647 21042 3745 1368 3696 2377 1097
is_linear=0
shrinkage=0.06


Tree=98
num_leaves=31
num_cat=0
split_feature=5 10 7 8 13 6 13 14 15 7 2 14 6 13 14 15 8 0 13 2 8 15 13 7 14 1 1 2 15 2
split_gain=19.9992 22.4665 24.8791 24.0577 39.7511 23.5601 23.3897 22.7184 30.2273 20.5498 19.9759 30.7615 19.2189 18.2109 16.6318 16.0951 16.0447 15.7046 33.2276 22.3653 20.5271 19.2922 33.9394 36.3217 27.4629 20.8887 19.8721 18.6797 15.6119 20.9342
threshold=1.0000000180025095e-35 -2.7357142857142844 0.47744009486684497 1.030951110915062 59.691500000000005 1.3610932786544516 418.15500000000003 9.5310000000000006 6.6510000000000007 0.55071454908124451 4.5000000000000009 44.244000000000007 1.0890380242895905 47.94850000000001 255.79250000000005 152.15250000000003 1.8886463969291711 2.5000000000000004 87.355000000000004 1.0000000180025095e-35 0.76568662028228884 45.185000000000009 12.041500000000001 1.1318431553460231 4.8490000000000011 4.5000000000000009 21.500000000000004 3.5000000000000004 157.14000000000001 3.5000000000000004
decision_type=2 2 2 2 10 2 10 2 2 2 2 2 2 10 2 2 2 2 8 2 2 2 10 2 2 2 2 2 2 2
left_child=1 7 15 6 5 -5 17 16 10 -2 -9 -12 -10 28 -7 -3 -1 21 19 -19 -20 22 -4 -24 -23 -26 27 -27 -11 -30
right_child=9 2 3 4 -6 14 -8 8 12 13 11 -13 -14 -15 -16 -17 -18 18 20 -21 -22 24 23 -25 25 26 -28 -29 29 -31
leaf_value=0.073735424911786737 -0.4536354192917586 0.12701348576184737 -0.0125252230073656 -0.037568415331246517 -0.39495849686791384 0.012769849861175193 3.3689274804482463 -0.31839460321147023 0.014639629593940669 -0.0039883554860151446 -0.090042291103119204 0.57462267665175426 0.17424639298194047 -0.43742162511120397 -1.5591996386172544 1.5272164061408171 -0.13663648566559655 0.246394373787411 0.35871291274261263 -0.090042173799006503 0.11748518996041574 0.15096134365810127 0.067509615823094574 -0.14995183636755105 -0.20371492459128956 0.017513201229320003 -0.22765673372754158 -0.12679563109332911 -0.93487280974241338 -0.086814641273779261
leaf_weight=6654 544 6214 64378 24288 5649 16958 485 1736 8430 9076 580 298 3104 1964 91 388 110 2772 5542 13766 27010 3036 27458 2094 6670 24617 3524 12380 286 410
leaf_count=6654 544 6214 64378 24288 5649 16958 485 1736 8430 9076 580 298 3104 1964 91 388 110 2772 5542 13766 27010 3036 27458 2094 6670 24617 3524 12380 286 410
internal_value=-0.000128978 -2.05792e-05 -0.000180252 -0.000279913 -0.00149789 -0.000852747 1.54853e-05 0.00186783 0.000500424 -0.00249674 -0.00532517 0.00205011 0.0018207 -0.0019683 0.000856942 0.0034535 0.00472797 -1.75423e-05 0.00090935 -0.00128069 0.002022 -0.000333178 0.000174385 0.00185774 -0.00128238 -0.00163824 -0.00112608 -0.000716004 -0.000908719 -0.00956897
internal_weight=280512 268232 247320 240718 46986 41337 193732 20912 14148 12280 2614 878 11534 11736 17049 6602 6764 193247 49090 16538 32552 144157 93930 29552 50227 47191 40521 36997 9772 696
internal_count=280512 268232 247320 240718 46986 41337 193732 20912 14148 12280 2614 878 11534 11736 17049 6602 6764 193247 49090 16538 32552 144157 93930 29552 50227 47191 40521 36997 9772 696
is_linear=0
shrinkage=0.06


Tree=99
num_leaves=31
num_cat=0
split_feature=13 12 10 8 13 6 6 8 15 13 3 3 0 14 10 10 3 15 16 15 13 7 3 7 2 7 16 13 3 7
split_gain=18.4349 18.1433 18.4306 20.1025 41.9555 28.3099 18.7025 24.2894 27.2712 22.7878 21.1294 20.887 27.8435 20.2658 35.228 27.6694 18.9353 18.6456 17.3404 26.5364 16.394 16.1949 15.8479 15.661 15.1686 21.6634 17.3359 14.6158 14.5689 17.9426
threshold=418.15500000000003 1.7262500000000003 -1.7785714285714276 1.2210989933635656 53.767500000000005 1.334151823421023 1.0202306349219212 0.95319938780686952 47.854000000000006 9.4025000000000016 10.500000000000002 2.5000000000000004 1.0000000180025095e-35 12.971500000000002 -4.8821428571428545 -6.924999999999998 1.5000000000000002 75.272500000000022 23.566975000000003 18.626000000000001 52.322500000000012 1.0401746337795137 7.5000000000000009 1.6416757835865621 4.5000000000000009 0.63306472078611642 5.1853500000000006 -2.4249999999999994 6.5000000000000009 0.82043757225191538
decision_type=10 2 2 2 10 2 2 2 2 8 2 2 2 2 2 2 2 2 2 2 10 2 2 2 2 2 2 8 2 2
left_child=1 2 6 23 5 18 7 8 13 -9 -10 12 -8 14 -1 -15 20 -12 19 28 -11 -7 -13 27 26 -26 -14 -4 29 -5
right_child=-2 -3 3 4 -6 21 11 9 10 16 17 22 24 15 -16 -17 -18 -19 -20 -21 -22 -23 -24 -25 25 -27 -28 -29 -30 -31
leaf_value=0.67244651980698023 2.9693974189449364 -0.13450989435850613 -0.083107866595071758 -0.12290164092753857 -0.52573420401831017 -0.061408730322965677 -0.36473155331049967 0.050978016683966412 0.18857048757035522 0.34215538727162254 0.15529008700511199 -0.0025101124028044006 -0.43719554720170861 -1.0448935418256393 0.0034062583508438493 -0.068569323445673111 -0.13671224316225772 3.1943199847392862 -0.20588087419401208 -0.10546395953313456 -0.18002238049165384 0.02332798837224187 0.062299796604966796 -0.041736707025601623 -0.43779390548877301 1.1889624898571232 0.45534286602208451 0.00051400970342026394 0.052612954463010855 0.0054907079476086253
leaf_weight=750 512 2068 1219 515 3438 3295 414 1237 3734 1123 330 5754 74 492 3424 3602 5944 487 5148 1641 700 9782 4377 4156 82 630 1205 210382 2493 1504
leaf_count=750 512 2068 1219 515 3438 3295 414 1237 3734 1123 330 5754 74 492 3424 3602 5944 487 5148 1641 700 9782 4377 4156 82 630 1205 210382 2493 1504
internal_value=-0.000124701 -0.0001455 -0.000103838 -0.000287347 -0.00180544 -0.000930347 0.00119707 0.000136095 0.00181371 -0.00225233 0.00554384 0.00304403 0.00807069 -0.000239478 0.00270244 -0.00323889 -0.00345693 0.014284 -0.00312981 -0.00098001 0.00189248 0.000970406 0.00185076 -9.16309e-05 0.0110146 0.0180337 0.00710711 -1.99905e-05 0.00139628 -0.00239227
internal_weight=280512 280000 277932 243573 27816 24378 34359 21823 12819 9004 4551 12536 2405 8268 4174 4094 7767 817 11301 6153 1823 13077 10131 215757 1991 712 1279 211601 4512 2019
internal_count=280512 280000 277932 243573 27816 24378 34359 21823 12819 9004 4551 12536 2405 8268 4174 4094 7767 817 11301 6153 1823 13077 10131 215757 1991 712 1279 211601 4512 2019
is_linear=0
shrinkage=0.06


Tree=100
num_leaves=31
num_cat=0
split_feature=1 1 13 12 3 1 2 13 14 0 13 14 1 3 15 16 13 3 16 3 16 13 14 13 2 7 3 12 10 7
split_gain=18.324 22.9071 26.5899 39.5339 77.486 35.3164 33.43 27.8076 31.3159 26.1403 29.996 26.7296 25.6181 23.0385 26.7014 24.2467 22.9399 36.5933 22.5989 23.4631 19.5498 21.4769 18.999 20.4175 18.5989 25.9618 18.0115 17.7634 17.3768 20.2707
threshold=22.500000000000004 15.500000000000002 21.771500000000003 0.38125000000000003 4.5000000000000009 6.5000000000000009 4.5000000000000009 0.041500000000000002 43.041000000000004 2.5000000000000004 145.80650000000003 78.995000000000019 11.500000000000002 8.5000000000000018 34.025000000000013 77.21050000000001 85.063500000000019 11.500000000000002 35.939500000000002 2.5000000000000004 -1.0000000180025095e-35 14.695000000000002 79.921000000000006 71.021500000000017 4.5000000000000009 0.69472155094977162 10.500000000000002 0.55875000000000019 1.0000000180025095e-35 0.64735137188752534
decision_type=2 2 8 2 2 2 2 10 2 2 8 2 2 2 2 2 10 2 2 2 2 10 2 10 2 2 2 2 2 2
left_child=1 2 7 5 18 13 12 8 -1 11 -11 27 -7 -4 15 22 17 -8 24 -20 21 -9 23 -15 25 -5 -25 28 29 -3
right_child=-2 9 3 4 -6 6 16 20 -10 10 -12 -13 -14 14 -16 -17 -18 -19 19 -21 -22 -23 -24 26 -26 -27 -28 -29 -30 -31
leaf_value=-0.0048597108650992827 -0.06533528150157604 0.34254945068135811 -0.023416727520596224 0.53410606077948231 -0.020667120077442504 0.13393363053091215 -0.049654845843212066 0.086387113854522399 -0.35685834998461663 0.00026015072705078525 0.44389944409514248 -0.15637300914872565 -0.012737239331420085 -0.040183315871501764 -0.30072555134182211 1.3152778139839758 -0.51927766844652279 0.28309866720743221 -0.26822875051123329 -0.98563703208175812 0.02034742629055426 -0.21025564175219921 -1.0645648494912412 -0.87046198734801361 -0.21527103720917437 -0.15671043610363442 0.84681999815822417 0.074329500926065245 -0.024598182200777367 0.019369676191537462
leaf_weight=5230 11688 2040 42956 484 14083 28427 14140 1124 1070 8672 11782 12266 19057 10024 8103 658 2172 1786 770 1700 31651 186 390 170 957 1345 525 4512 10242 32302
leaf_count=5230 11688 2040 42956 484 14083 28427 14140 1124 1070 8672 11782 12266 19057 10024 8103 658 2172 1786 770 1700 31651 186 390 170 957 1345 525 4512 10242 32302
internal_value=-0.000117856 -1.67396e-05 -0.000383085 -0.000751893 -0.00328093 -0.000371005 0.000602909 0.00100481 -0.00264762 0.000820622 0.0026782 0.000201428 0.00143922 -0.00138764 -0.003077 -0.00125181 -0.00159134 -0.000802461 -0.00949772 -0.0136761 0.00170292 0.0088855 -0.00191466 -0.00144137 -0.00579325 -0.00224713 0.0085036 0.000827359 0.000464292 0.00111118
internal_weight=280512 268824 187008 147747 19339 128408 65582 39261 6300 81816 20454 61362 47484 62826 19870 11767 18098 15926 5256 2470 32961 1310 11109 10719 2786 1829 695 49096 44584 34342
internal_count=280512 268824 187008 147747 19339 128408 65582 39261 6300 81816 20454 61362 47484 62826 19870 11767 18098 15926 5256 2470 32961 1310 11109 10719 2786 1829 695 49096 44584 34342
is_linear=0
shrinkage=0.06


Tree=101
num_leaves=31
num_cat=0
split_feature=5 0 6 3 10 3 7 12 16 14 0 16 13 6 0 13 16 8 7 14 16 14 13 3 2 16 10 16 3 13
split_gain=18.3264 20.8498 21.7902 20.0564 25.8915 27.7268 46.2046 33.1856 34.5272 22.3316 44.8238 32.5408 30.4905 25.2613 29.7834 21.8465 22.971 20.7575 30.6892 20.6502 19.9922 39.4472 22.5752 22.8775 22.4251 23.8866 26.3959 19.9476 19.5495 21.7337
threshold=1.0000000180025095e-35 1.5000000000000002 1.2308515509092923 10.500000000000002 -3.2142857142857122 8.5000000000000018 0.5352267174924189 0.11375000000000002 0.26725000000000004 84.485000000000014 1.5000000000000002 51.528300000000009 59.691500000000005 1.172802589950259 1.5000000000000002 15.494000000000002 111.57967499999999 1.4831829472888427 1.3954492509346659 1.0000000180025095e-35 3.6412500000000003 3.5115000000000003 -0.15899999999999997 7.5000000000000009 4.5000000000000009 27.072725000000002 4.767857142857145 41.062325000000008 9.5000000000000018 14.281000000000001
decision_type=2 2 2 2 2 2 2 2 2 2 2 2 8 2 2 8 2 2 2 2 2 2 8 2 2 2 2 2 2 8
left_child=3 2 -2 4 -1 17 28 8 -8 11 -11 12 -10 -14 19 -12 -17 20 -19 -15 -6 -22 23 27 25 -24 -27 -23 29 -7
right_child=1 -3 -4 -5 5 6 7 -9 9 10 15 -13 13 14 -16 16 -18 18 -20 -21 21 22 24 -25 -26 26 -28 -29 -30 -31
leaf_value=0.049595321981087376 -0.037675939693339142 -0.18579873293900356 0.050345853800972423 0.04431314120564539 -0.02930870324627894 0.49240201005488021 0.061662179315074978 0.034604440219007992 -0.013821844591245211 -1.0295109420794955 -0.77364982797739879 0.25423411319704486 -0.18147881586608916 -0.058701372462722057 -0.098829942628280737 -0.94561704380715883 0.1505401625015152 -0.10880911672075699 0.028575704093076918 0.058827231578640171 0.11519856507378551 0.036268015872132423 0.044334168097461553 -0.15115537622255196 -0.033368688201520731 0.0073971268397120581 -0.27096781634010797 -0.33204913807866843 0.86065242090932148 -0.072060311700905752
leaf_weight=13114 5098 6140 1042 43008 12364 157 1742 6908 11000 920 554 4170 12038 105 708 1435 2549 4460 2046 1103 9806 840 27371 570 35479 72528 1076 478 858 845
leaf_count=13114 5098 6140 1042 43008 12364 157 1742 6908 11000 920 554 4170 12038 105 708 1435 2549 4460 2046 1103 9806 840 27371 570 35479 72528 1076 478 858 845
internal_value=-0.000108017 -0.00237459 9.77199e-05 -4.25005e-06 -0.00023097 -0.000390929 -0.00171117 -0.00210955 -0.00283449 -0.00324967 -0.00677171 -0.00258962 -0.00340947 -0.00527161 0.00112735 -0.00432349 -0.00277108 -3.44873e-05 -0.0033569 0.0068543 0.000100179 0.000293625 3.29618e-05 -0.00648305 0.000123118 0.000579054 1.63035e-05 -0.00213961 0.00754839 0.00185629
internal_weight=280512 12280 6140 268232 225224 212110 45092 43232 36324 34582 5458 29124 24954 13954 1916 4538 3984 167018 6506 1208 160512 148148 138342 1888 136454 100975 73604 1318 1860 1002
internal_count=280512 12280 6140 268232 225224 212110 45092 43232 36324 34582 5458 29124 24954 13954 1916 4538 3984 167018 6506 1208 160512 148148 138342 1888 136454 100975 73604 1318 1860 1002
is_linear=0
shrinkage=0.06


Tree=102
num_leaves=31
num_cat=0
split_feature=12 1 1 15 3 3 14 2 2 14 0 7 15 8 2 0 8 15 15 15 14 8 16 2 8 7 15 8 8 16
split_gain=17.5692 16.4708 18.6527 33.9172 21.8174 27.6581 26.314 43.2476 51.2524 42.1522 31.4601 30.6862 30.5359 30.3842 26.4808 27.5668 34.4529 39.4767 29.1712 26.2907 34.1282 24.3241 24.6342 21.3348 36.3621 42.6593 28.2512 21.4342 22.7812 20.9337
threshold=1.8487500000000001 22.500000000000004 6.5000000000000009 -2.3784999999999994 1.5000000000000002 10.500000000000002 26.011500000000005 1.5000000000000002 5.5000000000000009 255.79250000000005 1.5000000000000002 0.76187907758214302 294.35500000000008 1.0170569394554836 3.5000000000000004 1.5000000000000002 0.99999968811882878 39.571000000000005 14.101000000000001 163.66250000000002 285.87000000000006 1.4328771219481407 38.859500000000004 4.5000000000000009 0.92528961338226823 1.2312260367794339 2.9715000000000003 1.6076400949761156 0.78503663397946088 64.535900000000012
decision_type=2 2 2 2 2 2 2 2 2 2 2 2 2 2 2 2 2 2 2 2 2 2 2 2 2 2 2 2 2 2
left_child=1 2 3 -1 23 19 10 11 9 12 -7 -8 14 -11 15 16 -9 18 -18 20 -6 22 -12 24 25 -4 -25 28 -28 -17
right_child=-2 -3 4 -5 5 6 7 8 -10 13 21 -13 -14 -15 -16 29 17 -19 -20 -21 -22 -23 -24 26 -26 -27 27 -29 -30 -31
leaf_value=0.11330127582185236 -0.24062833515380616 -0.060564299926417528 2.6432585707795835 -0.021350992756444753 -0.0074591149207532412 0.034303235291021889 -0.35646788314696626 -0.88710794867061649 0.29126587743824434 2.3775708848921671 1.0547190650020035 0.47250648543553708 -1.3180017667898638 -2.7985104730925197 -0.38679359137135605 0.67306197247510036 -0.22455333775157735 -0.66689404190411483 2.3507388778070908 0.50480508323430751 -1.6612307339625509 -0.072361827342931173 -0.11920682627392742 0.90176650707641115 0.14633826278254444 -0.15012495020840391 -0.29811738216083827 -0.77895725471616917 -0.013878553187401223 -0.053717244474486843
leaf_weight=978 898 11688 992 80838 134072 6478 1022 324 2918 1508 1910 6024 462 88 4782 1160 312 1048 580 4610 324 222 202 380 10248 280 302 168 3502 2192
leaf_count=978 898 11688 992 80838 134072 6478 1022 324 2918 1508 1910 6024 462 88 4782 1160 312 1048 580 4610 324 222 202 380 10248 280 302 168 3502 2192
internal_value=-0.00010652 -7.96097e-05 1.65717e-05 -0.000738486 0.000348504 0.000150143 0.00176358 0.000671722 -0.00111227 -0.00278902 0.00454153 0.00456429 -0.00412707 0.00631579 -0.00345643 -0.000662393 -0.00577739 -0.00275258 0.00652466 -0.000212365 -0.000365189 0.0105141 0.0125 0.00247606 0.00382812 0.0133962 -0.00110294 -0.00259819 -0.00167192 0.00279236
internal_weight=280512 279614 267926 81816 186110 170238 31232 22420 15374 12456 8812 7046 10860 1596 10398 5616 2264 1940 892 139006 134396 2334 2112 15872 11520 1272 4352 3972 3804 3352
internal_count=280512 279614 267926 81816 186110 170238 31232 22420 15374 12456 8812 7046 10860 1596 10398 5616 2264 1940 892 139006 134396 2334 2112 15872 11520 1272 4352 3972 3804 3352
is_linear=0
shrinkage=0.06


Tree=103
num_leaves=31
num_cat=0
split_feature=13 14 13 2 10 16 13 6 3 10 7 12 3 3 3 7 3 6 2 2 3 1 16 7 13 12 3 15 13 7
split_gain=18.0207 19.0817 28.7675 27.1901 24.9862 21.4973 20.8346 32.9231 42.6404 69.8761 30.4381 27.1201 24.3703 39.1011 23.8617 83.4566 34.3794 45.0313 20.2006 31.9643 25.1333 20.5075 19.2378 19.0619 29.7881 18.474 27.3025 18.4206 26.0899 23.3913
threshold=418.15500000000003 59.585000000000008 145.80650000000003 1.0000000180025095e-35 4.767857142857145 91.499475000000004 -2.4249999999999994 1.2238293071807054 4.5000000000000009 0.078571428571427751 0.55749641604115496 0.90375000000000016 5.5000000000000009 7.5000000000000009 5.5000000000000009 0.89517760492692877 6.5000000000000009 0.99754240848090603 5.5000000000000009 4.5000000000000009 3.5000000000000004 4.5000000000000009 52.038150000000009 0.99827436264285618 36.684000000000005 0.84375000000000011 4.5000000000000009 29.551500000000004 64.680000000000021 1.0173154496514052
decision_type=10 2 8 2 2 2 10 2 2 2 2 2 2 2 2 2 2 2 2 2 2 2 2 2 10 2 2 2 10 2
left_child=1 5 3 23 22 6 7 8 9 11 12 -1 -10 -14 15 -12 17 -16 19 27 -20 -21 -4 24 -3 -24 -27 28 -8 -30
right_child=-2 2 4 -5 -6 -7 18 -9 10 -11 14 -13 13 -15 16 -17 -18 -19 20 21 -22 -23 25 -25 -26 26 -28 -29 29 -31
leaf_value=0.18504256874244135 2.644069630667953 1.1906134679211597 -0.43692292444993341 -0.13392324406120554 -0.41067779334911425 2.0499472650696604 0.020832769722804918 0.022074131686396735 1.929583507013964 -0.13993146576802365 0.97834903403525042 -0.3048861277838672 -0.21716749334217011 0.3451051635661383 -0.10721500523518891 -0.31497722478150381 -0.066827876062407768 0.15993354297576703 0.15141812384433975 0.029039520431607773 0.020672904083853794 -0.061203524805152849 0.06040166464256231 -0.049978940033755206 0.032445996737994275 -1.3702491456094898 -0.14552194276010932 -0.0026213624915537182 0.62592616091173903 -0.18024564291441186
leaf_weight=18586 512 726 729 31198 686 392 31446 15574 395 4783 1026 519 1191 2130 1911 5552 40762 5346 3294 3312 12293 12451 45793 4630 1311 367 1398 28915 2585 699
leaf_count=18586 512 726 729 31198 686 392 31446 15574 395 4783 1026 519 1191 2130 1911 5552 40762 5346 3294 3312 12293 12451 45793 4630 1311 367 1398 28915 2585 699
internal_value=-0.000113364 -0.000133929 -0.000872659 -0.00211462 8.75993e-05 0.000198176 0.000169632 -0.000445206 -0.000924441 0.00121065 -0.00179908 0.00283434 0.00345533 0.00177958 -0.00215671 -0.00554576 -0.00169246 0.00211244 0.000802463 0.00041482 0.00277731 -0.00200406 0.000249135 0.00136343 0.00620029 0.000397409 -0.00562606 0.00101391 0.00194529 0.0070341
internal_weight=280512 280000 86838 37865 48973 193162 192770 97775 82201 23888 58313 19105 3716 3321 54597 6578 48019 7257 94995 79408 15587 15763 48287 6667 2037 47558 1765 63645 34730 3284
internal_count=280512 280000 86838 37865 48973 193162 192770 97775 82201 23888 58313 19105 3716 3321 54597 6578 48019 7257 94995 79408 15587 15763 48287 6667 2037 47558 1765 63645 34730 3284
is_linear=0
shrinkage=0.06


Tree=104
num_leaves=31
num_cat=0
split_feature=5 7 1 1 0 8 8 16 3 2 1 15 1 16 15 12 6 8 16 15 8 15 16 15 16 3 8 15 3 15
split_gain=17.054 18.9345 17.2557 33.1814 37.4561 26.8379 24.5239 22.7937 19.5848 19.1198 39.3943 20.733 26.8909 33.9239 29.6218 23.6365 21.0988 20.5909 19.4957 17.8196 18.0249 17.4674 17.3265 17.1282 16.975 16.532 16.4941 15.9612 17.9975 16.5799
threshold=1.0000000180025095e-35 0.55749641604115496 20.500000000000004 16.500000000000004 1.5000000000000002 0.99999968811882878 1.3884362396087873 66.570250000000001 5.5000000000000009 4.5000000000000009 4.5000000000000009 23.731500000000004 10.500000000000002 43.472225000000002 -1.3514999999999999 0.2687500000000001 0.95218797325396543 0.79715233006477815 -0.49974999999999997 -2.3784999999999994 0.51992698124672876 -1.9849999999999997 32.361475000000006 17.965000000000003 1.5005000000000002 8.5000000000000018 1.2803050910950524 13.727500000000001 9.5000000000000018 3.2015000000000007
decision_type=2 2 2 2 2 2 2 2 2 2 2 2 2 2 2 2 2 2 2 2 2 2 2 2 2 2 2 2 2 2
left_child=2 -2 3 9 7 -6 21 -5 -7 10 19 12 13 16 25 18 23 -12 -13 24 -21 -4 -17 -11 -1 -14 27 28 -16 -30
right_child=1 -3 6 4 5 8 -8 -9 -10 11 17 15 14 -15 26 22 -18 -19 -20 20 -22 -23 -24 -25 -26 -27 -28 -29 29 -31
leaf_value=-0.17734161162509687 -0.40137647512811736 -0.043394368783882822 0.2465031250690819 0.015745939255968993 0.54949191487100668 0.34382815045851678 -0.090895002061033375 -0.24792311067270034 0.030941364046632315 -0.00071175018255234643 0.13043373311415601 -0.32534804606747464 -0.2101299537160462 -0.3478372744487116 -0.07864939306168782 -0.08502270883986067 0.03618298472023989 0.016110205570619259 -0.061330217493771495 0.11873514642211083 -0.045212137366019534 -0.028343228068942437 -0.71772504843193741 -0.20274369217483645 0.1840977705419867 0.061660445701739341 0.025290115123675024 0.070937890001470952 0.24348407764742172 -0.06270100816724157
leaf_weight=150 576 11704 340 18276 5404 6884 2536 4076 10064 4544 15912 120 1516 1950 4690 1120 12210 80568 20524 2302 37312 30652 1014 474 436 220 1994 1620 508 816
leaf_count=150 576 11704 340 18276 5404 6884 2536 4076 10064 4544 15912 120 1516 1950 4690 1120 12210 80568 20524 2302 37312 30652 1014 474 436 220 1994 1620 508 816
internal_value=-0.000109942 -0.00229642 -9.84223e-06 0.000172046 0.00164281 0.00337956 -0.00128311 -9.39513e-05 0.00220557 -0.000174 0.000201932 -0.00113766 -0.000115906 0.00125456 -0.00242872 -0.00250768 0.00210355 0.000859453 -0.00188626 -0.00137612 -0.00152976 -0.000818921 -0.00851921 -0.00117178 0.00901024 -0.00964286 -0.00112796 -0.00239717 -0.00382108 0.0023565
internal_weight=280512 12280 268232 234704 44704 22352 33528 22352 16948 190000 136680 53320 30542 19178 11364 22778 17228 96480 20644 40200 39614 30992 2134 5018 586 1736 9628 7634 6014 1324
internal_count=280512 12280 268232 234704 44704 22352 33528 22352 16948 190000 136680 53320 30542 19178 11364 22778 17228 96480 20644 40200 39614 30992 2134 5018 586 1736 9628 7634 6014 1324
is_linear=0
shrinkage=0.06


Tree=105
num_leaves=31
num_cat=0
split_feature=13 16 15 15 6 16 13 10 6 13 3 15 13 3 4 3 7 12 3 8 13 7 16 3 8 13 13 0 7 3
split_gain=16.8864 18.5822 18.8123 32.4741 23.7172 18.5436 16.5727 16.3411 27.5329 28.3359 15.8344 25.5999 28.2319 21.666 29.0453 19.493 32.981 32.328 50.0548 41.1212 39.6946 28.319 25.542 34.794 50.6923 38.2664 37.8011 24.8003 24.5136 59.9706
threshold=418.15500000000003 262.72285000000005 123.01250000000002 267.77500000000003 1.0412467399229055 296.28725000000003 209.94500000000002 2.514285714285716 1.1616602035052177 65.295000000000016 10.500000000000002 178.14750000000001 209.94500000000002 9.5000000000000018 1.0000000180025095e-35 6.5000000000000009 1.6688301940887422 0.10875000000000001 7.5000000000000009 0.58546571173421025 67.042500000000018 0.71226173474931143 6.2321250000000008 5.5000000000000009 1.0352736371687989 19.083500000000004 44.735000000000007 2.5000000000000004 0.89875578150459623 4.5000000000000009
decision_type=10 2 2 2 2 2 10 2 2 10 2 2 10 2 2 2 2 2 2 2 8 2 2 2 2 10 10 2 2 2
left_child=1 7 -3 4 -4 -5 -7 10 -9 -10 11 12 15 -13 -15 16 22 19 21 -17 27 -19 -1 28 25 -25 -27 -21 29 -24
right_child=-2 2 3 5 -6 6 -8 8 9 -11 -12 13 -14 14 -16 17 -18 18 -20 20 -22 -23 23 24 -26 26 -28 -29 -30 -31
leaf_value=-0.025482975617649829 2.4840139057393587 -1.4928538446737818 2.3308535659108833 -1.9032390046520358 -1.5726060757959484 0.10116524817363369 -1.3890324504202558 -0.072774443169136865 0.011647071188232853 -0.58675621661744892 0.05111295233514291 0.9494119264048444 -2.6229148180707464 0.24365608559631058 -1.1649735311785443 0.12723167746461861 -0.079425354082494362 -0.31377610438830472 0.066406607017887836 0.011009887748556645 -0.093248834647563394 -0.010838715411248713 0.03121069631353535 0.3901427701175354 -0.15563140345442292 -0.14798168831430486 0.20238230275129382 -0.10643175180318948 -0.0076511563838768115 0.68649902863005852
leaf_weight=13826 512 333 840 556 82 874 276 13206 11688 788 38146 2910 456 858 140 3645 3046 1654 13069 21667 35334 4449 14856 8133 2499 1952 3065 5535 72973 3144
leaf_count=13826 512 333 840 556 82 874 276 13206 11688 788 38146 2910 456 858 140 3645 3046 1654 13069 21667 35334 4449 14856 8133 2499 1952 3065 5535 72973 3144
internal_value=-0.000105236 -0.000125143 -0.00485309 -0.00315068 0.00592191 -0.00805393 -0.00370435 -7.46104e-05 -0.00151624 0.00050497 7.26855e-05 -0.000128746 -0.000218583 0.0046827 -0.00294589 -0.000186021 0.000295885 -0.000883273 0.00128625 -0.00151176 -0.00187284 -0.00320007 0.000451813 0.000766446 0.00337977 0.00486844 0.000747459 -0.000149989 0.000316907 0.0023
internal_weight=280512 280000 2961 2628 922 1706 1150 277039 25682 12476 251357 213211 209303 3908 998 208847 123494 85353 19172 66181 62536 6103 120448 106622 15649 13150 5017 27202 90973 18000
internal_count=280512 280000 2961 2628 922 1706 1150 277039 25682 12476 251357 213211 209303 3908 998 208847 123494 85353 19172 66181 62536 6103 120448 106622 15649 13150 5017 27202 90973 18000
is_linear=0
shrinkage=0.06


Tree=106
num_leaves=31
num_cat=0
split_feature=14 10 10 13 13 3 10 5 2 3 3 8 2 8 2 3 8 15 0 13 13 13 16 14 13 2 3 13 13 8
split_gain=18.9813 21.6218 21.2796 19.3103 18.5577 19.5447 38.1694 18.3402 30.9348 35.1586 33.4609 36.8064 24.6543 21.6021 20.8563 36.6702 50.3 30.2921 21.3286 30.5675 20.5504 18.7722 19.3306 25.8209 27.9595 25.1496 18.9967 28.2345 21.4089 21.0477
threshold=22.801500000000004 4.767857142857145 -9.1535714285714267 -0.15899999999999997 78.44850000000001 10.500000000000002 0.72857142857142831 1.0000000180025095e-35 5.5000000000000009 10.500000000000002 2.5000000000000004 1.0044737539161852 4.5000000000000009 0.99999968811882878 1.0000000180025095e-35 10.500000000000002 1.4205077055641995 -1.0000000180025095e-35 2.5000000000000004 40.041000000000004 181.12200000000004 418.15500000000003 262.72285000000005 181.54000000000005 172.16500000000005 2.5000000000000004 6.5000000000000009 18.431500000000003 153.00500000000002 1.0000797180590746
decision_type=2 2 2 8 10 2 2 2 2 2 2 2 2 2 2 2 2 2 2 10 10 10 2 2 8 2 2 10 10 2
left_child=2 3 -1 -2 -4 -6 -7 14 9 12 -10 13 -9 -12 15 16 17 -5 19 -19 -14 22 23 26 25 -25 27 -16 -28 -30
right_child=1 -3 4 7 5 6 -8 8 10 -11 11 -13 20 -15 21 -17 -18 18 -20 -21 -22 -23 -24 24 -26 -27 28 -29 29 -31
leaf_value=0.78619715294906645 -0.17963292112075097 -0.15060795283392403 0.0042960705455609661 -0.7158321486589273 0.2255419320350866 1.6684542406386587 -0.4498565004314391 -0.22262250906978082 -0.75222409725010009 -0.59156838374210285 -0.46419803198843784 -0.57070046078345116 0.7309291805579059 0.39984336756271471 0.05752139110885305 0.46106903157838786 -0.41643195619483109 -0.075749595343885895 0.34658545189361434 0.32368646917041788 -1.8086292944837401 2.4338557938550265 -0.75228163953806715 0.3792162107446353 1.1352783277640974 -0.82443871889735476 -0.074723860913553958 -0.05915685579558129 1.1540618060284868 -1.7797318934228801
leaf_weight=438 1591 2846 107908 335 3523 903 188 3407 192 1576 116 124 583 861 40745 4216 821 10290 5736 2525 49 501 2433 547 2888 507 50807 31947 1690 219
leaf_count=438 1591 2846 107908 335 3523 903 188 3407 192 1576 116 124 583 861 40745 4216 821 10290 5736 2525 49 501 2433 547 2888 507 50807 31947 1690 219
internal_value=-0.000101814 -0.000507066 0.000499292 -0.000417471 0.000447912 0.00417425 0.0111916 -0.000353309 -0.00337869 -0.00530543 0.0049884 0.00901907 -0.00233969 0.0129273 -0.000219516 0.00141078 0.00032425 0.000956264 0.00127918 -8.19352e-05 0.0085443 -0.000514348 -0.000558418 -0.000458755 0.00432268 -0.00404175 -0.000609052 1.98096e-05 -0.00147621 0.00476166
internal_weight=280512 167552 112960 164706 112522 4614 1091 163115 6908 5615 1293 1101 4039 977 156207 23923 19707 18886 18551 12815 632 132284 131783 129350 3942 1054 125408 72692 52716 1909
internal_count=280512 167552 112960 164706 112522 4614 1091 163115 6908 5615 1293 1101 4039 977 156207 23923 19707 18886 18551 12815 632 132284 131783 129350 3942 1054 125408 72692 52716 1909
is_linear=0
shrinkage=0.06


Tree=107
num_leaves=31
num_cat=0
split_feature=16 13 12 6 13 13 10 3 3 2 10 8 13 6 0 1 1 15 2 13 5 3 8 2 2 3 16 15 15 3
split_gain=15.5639 29.8586 28.8269 25.136 27.5914 24.3719 24.0687 25.7137 39.3345 31.8302 23.5532 24.6901 22.1427 20.8161 34.1931 20.4382 28.3846 28.7966 24.899 41.489 30.6654 30.9487 33.9989 29.1422 24.1588 22.5331 22.1951 22.1583 30.1245 24.4648
threshold=24.601250000000004 63.931000000000004 1.3812500000000003 1.1663378043518386 31.545000000000005 0.041500000000000002 0.050000000000001162 2.5000000000000004 10.500000000000002 4.5000000000000009 4.342857142857147 1.8886463969291711 14.281000000000001 1.3937889115850182 1.5000000000000002 6.5000000000000009 21.500000000000004 0.56100000000000017 1.0000000180025095e-35 282.74500000000006 1.0000000180025095e-35 9.5000000000000018 1.3956824871346798 5.5000000000000009 4.5000000000000009 1.5000000000000002 139.64352500000004 37.604000000000006 26.201500000000003 1.5000000000000002
decision_type=2 10 2 2 8 8 2 2 2 2 2 2 8 2 2 2 2 2 2 8 2 2 2 2 2 2 2 2 2 2
left_child=1 3 5 4 -1 -2 7 -3 9 -9 11 15 -13 14 -12 -7 17 -17 20 23 21 22 27 24 -20 -21 -25 28 -19 -30
right_child=2 6 -4 -5 -6 10 -8 8 -10 -11 13 12 -14 -15 -16 16 -18 18 19 25 -22 -23 -24 26 -26 -27 -28 -29 29 -31
leaf_value=0.014148369649219701 -0.18247245185502528 0.76071775095384608 -0.28073242699578299 0.015756648814960278 -0.029489042596109127 -0.064920905920872657 -0.13390174129037902 0.3607245257814925 1.3068789909029288 -0.71592383478369048 -0.50033985058918018 0.12394875884124862 -0.39693628815393478 0.0060225778266206603 -0.099062584734817841 -0.44369182422817355 -0.10374484126621235 0.2210846965843726 -0.040677954601541867 0.48481840635775197 -0.22170522909326165 0.67613704393217378 -0.5311168151821386 0.16194705999071618 -0.217503398947552 0.072033976740915842 -0.81386255626392245 0.3385890203832585 0.93463313264289749 -0.43589830665359913
leaf_weight=32612 2341 649 2620 22765 50110 41637 1472 1582 1077 897 927 136 675 1486 1123 1364 13293 1680 30991 4961 823 4149 551 5246 5607 40222 284 7533 196 1503
leaf_count=32612 2341 649 2620 22765 50110 41637 1472 1582 1077 897 927 136 675 1486 1123 1364 13293 1680 30991 4961 823 4149 551 5246 5607 40222 284 7533 196 1503
internal_value=-0.000103097 0.000448527 -0.000465196 0.000220406 -0.000265467 -0.000367065 0.00468733 0.00699881 0.00499438 0.000835014 -0.000280497 -0.000174012 -0.0106165 -0.00512443 -0.0090439 -0.000121095 0.00028099 0.00061136 0.000725233 0.000321953 0.00286766 0.00346272 0.00185554 -0.00103257 -0.00164599 0.00158489 0.00302712 0.00258981 -0.00144717 -0.00708064
internal_weight=280512 111164 169348 105487 82722 166728 5677 4205 3556 2479 164387 160851 811 3536 2050 160040 118403 105110 103746 87311 16435 15612 11463 42128 36598 45183 5530 10912 3379 1699
internal_count=280512 111164 169348 105487 82722 166728 5677 4205 3556 2479 164387 160851 811 3536 2050 160040 118403 105110 103746 87311 16435 15612 11463 42128 36598 45183 5530 10912 3379 1699
is_linear=0
shrinkage=0.06


Tree=108
num_leaves=31
num_cat=0
split_feature=14 16 13 16 10 8 2 2 15 13 15 15 16 16 13 1 13 10 14 15 7 1 14 8 13 8 15 10 10 7
split_gain=16.5861 31.9265 26.6502 20.5025 19.5818 20.3247 19.7618 24.5165 27.1453 26.2078 20.6543 39.7506 20.483 19.9 18.6941 25.9045 18.2634 17.5148 16.3515 15.505 23.1369 15.0665 18.8787 16.2724 15.0575 30.1506 14.8933 21.9994 14.7775 14.7082
threshold=32.651500000000006 34.758250000000004 0.37500000000000006 58.031000000000006 4.767857142857145 1.8886463969291711 1.0000000180025095e-35 5.5000000000000009 0.56100000000000017 25.185000000000006 50.691500000000005 36.583500000000008 44.557875000000003 94.591975000000005 145.80650000000003 3.5000000000000004 418.15500000000003 -0.70714285714285707 39.835000000000008 5.0810000000000004 0.74935388178235141 20.500000000000004 159.34500000000003 1.2803050910950524 58.254000000000012 1.009049387778477 17.235000000000003 -2.1928571428571413 3.1714285714285726 0.43113766468980014
decision_type=2 2 8 2 2 2 2 2 2 10 2 2 2 2 10 2 10 2 2 2 2 2 2 2 10 2 2 2 2 2
left_child=3 18 -3 24 5 6 14 9 -9 17 11 -10 -12 -13 21 -16 19 26 -2 20 -11 22 -4 -23 -1 28 27 -8 -26 -14
right_child=1 2 4 -5 -6 -7 7 8 10 16 12 13 29 -15 15 -17 -18 -19 -20 -21 -22 23 -24 -25 25 -27 -28 -29 -30 -31
leaf_value=0.0019650868291146749 -0.094463310560173055 -0.23211393781195638 0.16216217174076455 1.0472198746097803 -0.18091055912997558 -0.36070805274719392 -0.423389223178681 -0.76883704947081555 0.066026884379501355 -0.9865439692572755 -0.34274540032366257 0.59523480321282973 -1.2098887420541697 -0.48143920910581728 -0.79008463076570357 2.1521552376674808 2.1734671111521968 -0.025506903167834095 -0.44096828788455794 -0.12171732298393621 0.27987068275690508 -0.064385857750360737 -0.49929795611580224 -0.70907895682677458 0.27904589453481349 -0.29607374395715791 0.21230447853043316 0.18922507118967094 -0.92037379616766613 0.085405267577126825
leaf_weight=129751 6052 1862 15072 940 1923 619 866 446 4109 295 956 2017 74 182 54 412 499 45229 1238 36208 1822 2147 1750 242 8810 2009 7492 971 256 6209
leaf_count=129751 6052 1862 15072 940 1923 619 866 446 4109 295 956 2017 74 182 54 412 499 45229 1238 36208 1822 2147 1750 242 8810 2009 7492 971 256 6209
internal_value=-9.66804e-05 -0.000563043 -0.00034871 0.000359748 -0.000246308 -0.000155791 -0.00010295 -0.000423283 0.00191882 -0.000774239 0.00239832 0.00490805 0.000211355 0.0114188 0.00164507 0.0135193 -0.00196579 7.36831e-05 -0.00442798 -0.00211429 0.00287671 0.00135704 0.00199025 -0.00310172 0.000300797 0.00242438 0.00244078 -0.00240065 0.00389808 0.00145631
internal_weight=280512 138746 131456 141766 129594 127671 127052 107375 13993 93382 13547 6308 7239 2199 19677 466 38824 54558 7290 38325 2117 19211 16822 2389 140826 11075 9329 1837 9066 6283
internal_count=280512 138746 131456 141766 129594 127671 127052 107375 13993 93382 13547 6308 7239 2199 19677 466 38824 54558 7290 38325 2117 19211 16822 2389 140826 11075 9329 1837 9066 6283
is_linear=0
shrinkage=0.06


Tree=109
num_leaves=31
num_cat=0
split_feature=14 13 13 6 3 10 8 7 3 7 3 6 3 3 12 3 3 15 15 2 14 15 15 15 10 2 14 8 7 15
split_gain=16.1991 23.1518 18.8322 26.6169 39.0917 63.5764 31.6603 24.2054 23.1395 69.5788 26.4174 35.0373 22.6454 33.5179 21.5413 24.3898 29.8804 36.3764 35.3136 33.5417 43.2143 26.7422 18.9472 20.8069 18.68 18.5464 25.6997 23.2989 18.3368 17.9956
threshold=59.585000000000008 145.80650000000003 -2.4249999999999994 1.2238293071807054 4.5000000000000009 0.078571428571427751 1.0483554398014092 0.55749641604115496 5.5000000000000009 0.89517760492692877 6.5000000000000009 0.99754240848090603 5.5000000000000009 7.5000000000000009 0.92875000000000008 2.5000000000000004 1.5000000000000002 25.812500000000004 77.055000000000021 4.5000000000000009 24.362500000000001 22.055000000000003 48.455000000000005 29.551500000000004 -1.0000000180025095e-35 3.5000000000000004 31.251500000000004 0.99999968811882878 0.76943552841552421 64.992500000000021
decision_type=2 8 10 2 2 2 2 2 2 2 2 2 2 2 2 2 2 2 2 2 2 2 2 2 2 2 2 2 2 2
left_child=2 -2 3 4 5 6 14 12 9 -9 11 -10 -6 -14 15 16 21 -18 19 20 -19 -1 23 -13 -21 26 27 28 -17 -27
right_child=1 -3 -4 -5 7 -7 -8 8 10 -11 -12 22 13 -15 -16 25 17 18 -20 24 -22 -23 -24 -25 -26 29 -28 -29 -30 -31
leaf_value=-0.33801803392068824 -0.092251195008806366 0.0071727614379631177 0.014553082156029209 0.020201733345003064 1.7879051065216729 -0.12842944256853769 -0.16517172184836715 0.88011083257060518 -0.096768302565076347 -0.29482444595585078 -0.057373586500244822 0.13874830545586853 -0.19514320022163623 0.32693723885459347 -0.3100476014569154 1.3381444917501937 0.47950334596746724 1.2600165376345449 0.54460182658571621 2.9350019839682302 -0.61026513810598504 0.86721697691925681 1.6460978339828445 -0.1503805826932445 -0.58906852027771051 0.1629448983030008 0.30908812082982662 1.0804139654079119 -0.14943064263582706 -0.3666375561479161
leaf_weight=545 37865 49481 95195 15577 395 4783 1724 1026 1911 5552 40827 3931 1191 2130 362 572 718 368 933 29 1062 2542 719 696 752 4787 2567 1325 407 540
leaf_count=545 37865 49481 95195 15577 395 4783 1724 1026 1911 5552 40827 3931 1191 2130 362 572 718 368 933 29 1062 2542 719 696 752 4787 2567 1325 407 540
internal_value=-8.85524e-05 -0.000766606 0.000218051 -0.000365925 -0.000795932 0.00124167 0.00278116 -0.00163418 -0.00195273 -0.00529036 -0.00149613 0.0018396 0.00305167 0.00143631 0.00354503 0.00385082 0.00110951 -0.00240808 -0.00519084 -0.00932157 -0.00386014 0.0055102 0.00433221 0.00292414 -0.0193214 0.00571877 0.00839458 0.0129948 0.00597549 0.00327201
internal_weight=280512 87346 193166 97971 82394 24016 19233 58378 54662 6578 48084 7257 3716 3321 17509 17147 6949 3862 3144 2211 1430 3087 5346 4627 781 10198 4871 2304 979 5327
internal_count=280512 87346 193166 97971 82394 24016 19233 58378 54662 6578 48084 7257 3716 3321 17509 17147 6949 3862 3144 2211 1430 3087 5346 4627 781 10198 4871 2304 979 5327
is_linear=0
shrinkage=0.06


Tree=110
num_leaves=31
num_cat=0
split_feature=5 13 2 8 3 16 7 3 16 8 2 13 8 2 3 2 3 16 2 1 16 15 1 7 3 15 2 3 3 16
split_gain=15.6961 21.1853 20.1672 21.8748 20.0551 18.3089 14.5213 17.2639 27.8232 24.5167 27.7814 28.682 19.1945 18.8013 16.9796 20.0333 16.9067 15.8243 15.6509 32.1619 18.6938 15.4465 14.3712 14.0694 30.8902 26.3148 28.8916 27.4956 62.9611 35.1379
threshold=1.0000000180025095e-35 39.674000000000007 1.5000000000000002 1.15048803704799 4.5000000000000009 72.392150000000015 0.55071454908124451 4.5000000000000009 73.914175 1.2962098920777381 1.0000000180025095e-35 90.535000000000011 1.4074582885748554 1.5000000000000002 5.5000000000000009 1.5000000000000002 2.5000000000000004 40.579500000000003 5.5000000000000009 18.500000000000004 20.281750000000002 241.19500000000002 16.500000000000004 0.55749641604115496 9.5000000000000018 3.7810000000000001 3.5000000000000004 6.5000000000000009 7.5000000000000009 27.072725000000002
decision_type=2 8 2 2 2 2 2 2 2 2 2 10 2 2 2 2 2 2 2 2 2 2 2 2 2 2 2 2 2 2
left_child=23 2 4 5 -2 -4 -3 8 9 10 17 16 14 -11 15 -9 -12 -8 21 20 -20 -16 -7 24 25 -1 27 29 -29 -27
right_child=1 6 3 -5 -6 22 7 12 -10 13 11 -13 -14 -15 18 -17 -18 -19 19 -21 -22 -23 -24 -25 -26 26 -28 28 -30 -31
leaf_value=-0.12976597378365376 -0.027731898039146954 -0.57769997360787995 0.044450207250753812 -0.11419095896248006 0.38482427066519059 -0.58142173622790527 -0.87924290723350051 0.50479062098525862 -0.7246275430139032 0.085096501844882086 2.3098226914651052 -0.88221632354515356 0.15412725745030006 -0.53582049477530513 -0.10439184212099377 -0.51487571697481216 0.30429291900984834 0.030720133605049823 -0.11346575842805594 -0.36392636421426588 0.39084049812419208 -1.0184710132890524 0.80082167864812426 -0.0023748086563386292 0.45302596583798377 1.2272991264401936 -0.089810135538550065 -0.440005126727815 0.56854250789884186 0.19283321974218209
leaf_weight=1764 274 356 2228 449 450 192 137 105 499 192 312 200 180 307 3002 1242 853 309 89 135 340 358 71 252280 2768 1016 4568 932 1494 3410
leaf_count=1764 274 356 2228 449 450 192 137 105 499 192 312 200 180 307 3002 1242 853 309 89 135 340 358 71 252280 2768 1016 4568 932 1494 3410
internal_value=-8.64134e-05 -0.00218404 0.00163755 -0.000571429 0.0106077 0.00162585 -0.00380919 -0.00329782 0.000523318 0.0032987 0.00654335 0.0107912 -0.00526692 -0.00847695 -0.00592487 -0.0117372 0.0143948 -0.0064574 -0.00392966 0.00531915 0.0133566 -0.00548214 -0.013346 9.61854e-06 0.00173771 0.000527913 0.00158144 0.00404553 -0.00108821 0.00685947
internal_weight=280512 12280 3664 2940 724 2491 8616 8260 2809 2310 1811 1365 5451 499 5271 1347 1165 446 3924 564 429 3360 263 268232 15952 13184 11420 6852 2426 4426
internal_count=280512 12280 3664 2940 724 2491 8616 8260 2809 2310 1811 1365 5451 499 5271 1347 1165 446 3924 564 429 3360 263 268232 15952 13184 11420 6852 2426 4426
is_linear=0
shrinkage=0.06


Tree=111
num_leaves=31
num_cat=0
split_feature=5 7 13 2 14 10 15 13 13 12 6 15 2 15 1 1 7 13 15 7 8 15 13 10 2 15 15 14 15 2
split_gain=13.9938 18.6575 17.596 17.8836 14.604 24.122 25.1627 25.3601 18.8366 16.7472 17.1597 15.6721 15.2806 35.3952 26.6144 39.9789 30.2184 26.941 22.1833 22.0192 22.3533 22.026 21.5523 20.1919 19.4245 19.4039 25.3976 25.0511 34.7799 42.2601
threshold=1.0000000180025095e-35 0.55749641604115496 39.674000000000007 1.5000000000000002 3.6815000000000002 -3.5035714285714286 17.575000000000003 13.172500000000001 0.041500000000000002 0.096250000000000016 0.62975365401091887 9.8425000000000029 4.5000000000000009 -1.9849999999999997 20.500000000000004 5.5000000000000009 0.55749641604115496 21.771500000000003 267.77500000000003 0.99827436264285618 1.6910216035344157 -6.044999999999999 319.22000000000008 0.29285714285714287 1.0000000180025095e-35 47.189000000000007 89.634000000000015 21.962500000000002 35.644000000000013 5.5000000000000009
decision_type=2 2 8 2 2 2 2 8 8 2 2 2 2 2 2 2 2 8 2 2 2 2 10 2 2 2 2 2 2 2
left_child=4 -2 3 -3 5 9 7 11 -6 10 -1 -7 13 -10 15 17 -17 24 23 20 -14 -21 -18 -19 -15 27 -27 -23 -29 -30
right_child=1 2 -4 -5 8 6 -8 -9 12 -11 -12 -13 19 14 -16 16 22 18 -20 21 -22 25 -24 -25 -26 26 -28 28 29 -31
leaf_value=0.086486847283593932 -0.36310254690415655 0.16899724646254177 -0.10096970458171889 -0.00051182330159475927 -0.05535188994479924 0.026534040081086976 0.068822462856037686 -0.027426473590266127 0.17650918257314771 0.0045481614067827778 0.45345679881754308 -0.029610742663253881 -0.075101315638228028 -0.05590511364527298 -0.064711337316800871 0.40528781141777426 0.02553196871580014 -0.047713207144813197 -2.053585260590324 -0.56715212902328893 -0.41189800430423767 0.033405699063625532 3.0004391550567231 -0.13871217121677262 0.072058901157722302 -0.15986078459315195 0.159340466473718 -0.07825167991812762 -0.094228252583806335 0.54876604874948975
leaf_weight=654 576 680 8232 2792 4889 7260 12776 15817 1191 1026 978 1317 14313 1588 20408 5971 100002 24417 374 253 274 12470 723 6421 4803 9100 4915 12659 1784 1849
leaf_count=654 576 680 8232 2792 4889 7260 12776 15817 1191 1026 978 1317 14313 1588 20408 5971 100002 24417 374 253 274 12470 723 6421 4803 9100 4915 12659 1784 1849
internal_value=-8.12799e-05 -0.00206189 -0.00154306 0.00203917 9.39485e-06 0.0010696 0.000674738 -0.00045503 -0.000175479 0.00659142 0.0103676 0.00217209 -9.4893e-05 0.000197471 0.000122946 0.000409774 0.00100266 -0.0012725 -0.00199923 -0.000936703 -0.00295126 -0.000253776 0.000756813 -0.00182308 0.00227664 -0.000149379 -0.00198002 0.000742647 -0.000806531 0.00436829
internal_weight=280512 12280 11704 3472 268232 39828 37170 24394 228404 2658 1632 8577 223515 165898 164707 144299 106696 37603 31212 57617 14587 43030 100725 30838 6391 42777 14015 28762 16292 3633
internal_count=280512 12280 11704 3472 268232 39828 37170 24394 228404 2658 1632 8577 223515 165898 164707 144299 106696 37603 31212 57617 14587 43030 100725 30838 6391 42777 14015 28762 16292 3633
is_linear=0
shrinkage=0.06


Tree=112
num_leaves=31
num_cat=0
split_feature=14 16 13 13 3 13 15 3 16 6 3 3 6 15 6 16 3 3 15 15 15 4 15 13 5 0 7 14 13 7
split_gain=14.1936 21.0045 22.5518 24.3937 26.8501 23.0142 18.0816 19.6935 16.6196 16.0732 31.6494 56.9227 72.4359 38.1219 37.458 42.4019 46.5455 45.8846 44.709 36.1269 34.1293 33.6349 31.3626 25.5371 33.8293 28.9161 41.6133 33.4417 25.4553 24.5236
threshold=59.585000000000008 51.528300000000009 32.913500000000006 252.28250000000003 8.5000000000000018 0.041500000000000002 267.77500000000003 9.5000000000000018 117.41550000000001 0.99754240848090603 4.5000000000000009 5.5000000000000009 1.0095795620477201 61.26250000000001 1.0032146904844119 27.914750000000002 2.5000000000000004 1.5000000000000002 21.643500000000003 12.6225 25.812500000000004 1.0000000180025095e-35 74.375000000000014 9.4025000000000016 1.0000000180025095e-35 1.5000000000000002 0.78302576127124479 6.7010000000000014 76.565000000000012 2.0480628709699151
decision_type=2 2 10 10 2 8 2 2 2 2 2 2 2 2 2 2 2 2 2 2 2 2 2 8 2 2 2 2 8 2
left_child=8 -2 5 6 -5 -3 -4 -8 9 23 13 12 22 14 15 18 17 19 -11 -17 -19 -20 -12 -1 25 26 -25 28 -27 -16
right_child=1 2 3 4 -6 -7 7 -9 -10 10 11 -13 -14 -15 29 16 -18 20 21 -21 -22 -23 -24 24 -26 27 -28 -29 -30 -31
leaf_value=0.024998129473553374 -0.25584819145592846 -0.28678981104770768 -0.10732402199610221 -3.6888691955070465 1.0173890603384268 0.023490454306870134 1.0112199968475446 -1.2268290067075309 2.2090121643182679 0.71418920231517624 -0.22940520447380897 0.0077135836803693004 0.034961876999013604 -0.05271590360677756 0.010398091363325186 -0.69573001052112937 0.25887082391745581 0.16929492814285893 0.49823172091151036 0.50456880177133023 -0.38576232201888427 -0.11947929310010778 0.039232628450890629 -0.0046274952764424884 -0.25539757977989358 -0.040104204352056243 -0.11007226522050835 -0.029570600179090273 0.43540838235106816 -0.12595646571238017
leaf_weight=8927 1294 910 29749 87 1873 52386 160 887 136 1306 6754 86606 3616 11432 11218 252 9228 710 1950 2184 2052 988 1574 13681 2165 1477 9824 13660 3094 332
leaf_count=8927 1294 910 29749 87 1873 52386 160 887 136 1306 6754 86606 3616 11432 11218 252 9228 710 1950 2184 2052 988 1574 13681 2165 1477 9824 13660 3094 332
internal_value=-7.76437e-05 -0.000712339 -0.000598243 -0.00183722 0.00465306 0.000163239 -0.00225029 -0.01 0.000209354 0.000194581 0.000530663 -5.54033e-05 -0.00393838 0.00191731 0.00303375 0.00469523 0.00314432 -0.00139669 0.00996701 0.00460591 -0.0066908 0.00586113 -0.00701729 -0.000697357 -0.00129223 -0.000912881 -0.00230377 0.000880369 0.00532269 0.000348052
internal_weight=280512 87346 86052 32756 1960 53296 30796 1047 193166 193030 140202 98550 11944 41652 30220 18670 14426 5198 4244 2436 2762 2938 8328 52828 43901 41736 23505 18231 4571 11550
internal_count=280512 87346 86052 32756 1960 53296 30796 1047 193166 193030 140202 98550 11944 41652 30220 18670 14426 5198 4244 2436 2762 2938 8328 52828 43901 41736 23505 18231 4571 11550
is_linear=0
shrinkage=0.06


Tree=113
num_leaves=31
num_cat=0
split_feature=12 14 16 13 13 13 7 8 2 0 3 3 13 12 16 2 13 2 3 2 14 3 3 3 10 14 8 16 14 16
split_gain=13.459 13.0135 19.2759 19.9091 21.4623 20.4781 24.7469 20.2226 18.2193 16.6656 53.5247 27.8752 26.6838 18.6203 16.6083 16.4646 20.3599 16.2222 14.6607 14.9329 42.0932 14.3618 62.0948 30.2503 28.0845 27.439 40.5816 29.098 40.4825 26.5669
threshold=1.8487500000000001 59.585000000000008 51.528300000000009 32.913500000000006 0.041500000000000002 252.28250000000003 0.99827436264285618 0.93721691167687304 4.5000000000000009 1.5000000000000002 8.5000000000000018 4.5000000000000009 23.027500000000003 0.81375000000000008 117.41550000000001 1.5000000000000002 125.50250000000001 5.5000000000000009 9.5000000000000018 5.5000000000000009 149.88100000000003 6.5000000000000009 10.500000000000002 5.5000000000000009 -0.092857142857144734 166.06500000000003 1.0170569394554836 262.72285000000005 285.87000000000006 139.64352500000004
decision_type=2 2 2 10 8 10 2 2 2 2 2 2 8 2 2 2 10 2 2 2 2 2 2 2 2 2 2 2 2 2
left_child=1 14 -3 4 -4 15 -7 9 -8 10 -6 12 -11 -14 -1 16 -5 -10 -17 -20 -21 23 -23 -9 -25 29 27 -27 -29 -24
right_child=-2 2 3 5 7 6 8 21 17 11 -12 -13 13 -15 -16 18 -18 -19 19 20 -22 22 25 24 -26 26 -28 28 -30 -31
leaf_value=0.0039339796160617491 -0.22120403288156085 -0.24091183233328919 -0.26700894425235078 -0.078101719624771707 0.15937893152496713 -3.4250677771652125 1.694651249326655 0.0025798316039717406 -2.3632125299730493 1.0279577793292316 -0.79719707186116495 0.47635789761267744 -0.064185783553559472 -1.6304349550747463 2.0764714344591715 -0.10117589985826797 0.58417754813495348 1.7771797325789669 -0.58706199131457071 0.63254274663297194 -1.2972413754481618 -0.40921719839336845 0.050946894701371974 -0.32155734490239213 1.0822575234405432 2.8099812189297464 -1.0718559170997231 -1.978164230590304 2.1198442857361881 -0.67725522465861643
leaf_weight=192212 898 1292 901 8189 1903 107 1335 20399 355 272 665 5091 2435 191 136 15959 1745 163 4185 430 267 8616 6870 507 1676 1656 205 275 970 607
leaf_count=192212 898 1292 901 8189 1903 107 1335 20399 355 272 665 5091 2435 191 136 15959 1745 163 4185 430 267 8616 6870 507 1676 1656 205 275 970 607
internal_value=-8.27772e-05 -5.92245e-05 -0.000666926 -0.00055761 0.000158343 -0.00172201 0.00422449 0.000316405 0.00584458 0.00266269 -0.00154206 0.00401427 -0.00068323 -0.00253618 0.000216483 -0.00210073 -9.05979e-05 -0.00370656 -0.00305887 -0.00593609 0.00219512 -0.000276441 -0.00148289 0.000749269 0.00746221 0.00159596 0.00633612 0.00815926 0.00122892 -0.000373144
internal_weight=280512 279614 87266 85974 53239 32735 1960 52338 1853 10557 2568 7989 2898 2626 192348 30775 9934 518 20841 4882 697 41781 19199 22582 2183 10583 3106 2901 1245 7477
internal_count=280512 279614 87266 85974 53239 32735 1960 52338 1853 10557 2568 7989 2898 2626 192348 30775 9934 518 20841 4882 697 41781 19199 22582 2183 10583 3106 2901 1245 7477
is_linear=0
shrinkage=0.06


Tree=114
num_leaves=31
num_cat=0
split_feature=8 7 13 15 2 3 10 2 15 15 7 7 2 8 15 13 5 15 13 1 7 10 8 2 6 15 13 15 2 8
split_gain=13.1559 22.5209 24.9059 17.5492 16.1043 15.0876 21.3221 35.7396 42.1188 33.0518 28.824 28.7837 31.5233 49.3914 37.4909 26.3245 35.1683 25.3016 24.3435 23.5648 18.7246 17.0526 16.73 17.6721 16.7166 21.8607 18.6931 20.0863 16.0211 26.9944
threshold=1.6910216035344157 1.0284255996311484 69.515000000000015 26.201500000000003 4.5000000000000009 1.5000000000000002 -0.049999999999999857 5.5000000000000009 73.416500000000028 28.472500000000004 0.95557887608201197 0.78687149137802082 2.5000000000000004 1.0170569394554836 1.7510000000000001 95.201500000000024 1.0000000180025095e-35 55.061000000000007 12.841000000000003 15.500000000000002 1.3480802059237365 0.50714285714285368 1.2688274919913147 4.5000000000000009 0.4158003584457442 24.487500000000004 100.68150000000001 82.393500000000003 1.5000000000000002 1.0219171149106954
decision_type=2 2 10 2 2 2 2 2 2 2 2 2 2 2 2 10 2 2 8 2 2 2 2 2 2 2 10 2 2 2
left_child=5 4 3 -3 -2 6 24 11 9 -9 -10 -8 18 15 -15 16 -14 19 20 21 -13 -11 -16 -24 25 -1 -26 -28 -20 -30
right_child=1 2 -4 -5 -6 -7 7 8 10 17 -12 12 13 14 22 -17 -18 -19 28 -21 -22 -23 23 -25 26 -27 27 -29 29 -31
leaf_value=-0.67212791698327212 -0.11443019427450705 0.032365670133686977 -1.1736252336332591 -0.045872523642432446 -0.3338470308218634 -0.0037461156826277707 0.64743220961647874 -0.22507371782168539 0.51005443555418606 1.4485766583762361 -1.0813367981283959 0.62690475767503551 0.40066481214741573 0.71989929998202196 -0.35828220784851794 -0.36701213901396129 2.0489657955423386 -0.35226404070261552 -0.06789128112700879 -0.03400684819390009 -0.12030854691149312 -0.75610166707031889 0.036591642238574418 -0.32379352690603885 0.41177600364565681 0.21149050465438121 -0.40506772732069124 0.35755990699977785 -0.53222272512018887 0.62343012480286342
leaf_weight=230 1600 2562 253 1577 440 251600 966 664 98 304 584 384 4455 146 570 641 260 298 4164 262 43 38 562 160 4118 412 502 458 1955 206
leaf_count=230 1600 2562 253 1577 440 251600 966 664 98 304 584 384 4455 146 570 641 260 298 4164 262 43 38 562 160 4118 412 502 458 1955 206
internal_value=-7.89271e-05 -0.00276119 -0.00034153 0.00077555 -0.00797059 -1.59807e-05 0.00147331 0.000393795 -0.00664591 -0.00122605 -0.0190909 0.00148429 0.000770707 0.00365617 -0.00621697 0.00630695 0.0078579 0.00625277 -0.0021327 0.0133113 0.011733 0.0236842 -0.00947368 -0.0034072 0.00463636 -0.00448598 0.00578968 -0.00175 -0.00306877 -0.00726053
internal_weight=280512 6432 4392 4139 2040 274080 22480 16760 2248 1566 682 14512 13546 6794 1438 5356 4715 902 6752 604 427 342 1292 722 5720 642 5078 960 6325 2161
internal_count=280512 6432 4392 4139 2040 274080 22480 16760 2248 1566 682 14512 13546 6794 1438 5356 4715 902 6752 604 427 342 1292 722 5720 642 5078 960 6325 2161
is_linear=0
shrinkage=0.06


Tree=115
num_leaves=31
num_cat=0
split_feature=14 16 13 8 15 10 8 14 8 3 1 14 6 7 10 4 13 15 1 3 1 7 3 8 6 8 8 13 14 15
split_gain=12.375 26.8768 20.0496 17.2361 16.8957 16.8532 16.7837 16.3446 15.8794 15.4879 15.2066 14.0699 16.83 13.7905 13.0809 12.9121 12.5093 25.7139 18.99 16.7147 16.283 28.8495 16.1255 23.1785 22.1159 18.8808 21.1036 25.5998 24.0574 18.9571
threshold=32.196000000000005 34.758250000000004 0.37500000000000006 1.8886463969291711 202.76500000000001 4.767857142857145 1.2321293766605115 37.915000000000006 1.030951110915062 4.5000000000000009 22.500000000000004 39.835000000000008 1.450292558713316 0.68313313766419925 -8.1821428571428552 1.0000000180025095e-35 32.913500000000006 178.14750000000001 16.500000000000004 9.5000000000000018 19.500000000000004 0.51033739048226756 1.5000000000000002 1.1654304572698633 1.3610932786544516 0.94866610810610563 1.1604702845722512 34.534000000000006 54.723500000000008 16.931500000000003
decision_type=2 2 8 2 2 2 2 2 2 2 2 2 2 2 2 2 8 2 2 2 2 2 2 2 2 2 2 10 2 2
left_child=4 11 6 5 14 10 7 -3 -6 -9 16 -2 13 -13 -1 -12 17 -4 22 -19 21 -20 25 -24 -25 -18 28 -28 29 -27
right_child=1 2 3 -5 8 -7 -8 9 -10 -11 15 12 -14 -15 -16 -17 18 19 20 -21 -22 -23 23 24 -26 26 27 -29 -30 -31
leaf_value=0.43349844296233636 -0.085014123773995753 0.31031728609778858 0.081787659978841812 -0.28850608415575157 1.4577845536499778 -0.17400537316567832 0.098506758542777878 -0.046236917858281532 -0.56452820602432563 -0.38966043134274403 -0.25991588380402675 0.26744387455192159 0.087386561113401734 -0.65781737171007049 0.0037848330461163313 0.10555133727790561 0.7771021640371748 0.4221359661007193 1.3614862521262074 -0.57558053466075509 -0.019400717883778711 0.13270819839120021 -0.037597623410947419 -0.38185733981914038 -0.023973008466842565 -0.76087419917933852 0.5621819584391653 -0.014749415686959821 -0.22268382426270761 0.44893632970073438
leaf_weight=806 6748 120 15121 697 622 1849 366 443 64 943 3574 136 172 930 139182 1210 947 149 510 367 15713 17004 57014 4030 3346 82 1087 1026 4755 1499
leaf_count=806 6748 120 15121 697 622 1849 366 443 64 943 3574 136 172 930 139182 1210 947 149 510 367 15713 17004 57014 4030 3346 82 1087 1026 4755 1499
internal_value=-8.21355e-05 -0.000481843 -0.000277129 -0.000188337 0.000315197 -0.000137605 -0.00644231 -0.00924303 0.00970845 -0.0110823 -5.50873e-05 -0.00386176 -0.00974152 -0.0125516 0.000269166 -0.00337375 7.43579e-05 0.00165953 -0.000157271 -0.0115116 0.0010338 0.00229188 -0.000693628 -0.00103246 -0.0041974 0.00162835 0.000727897 0.00592049 -0.00100379 0.00540797
internal_weight=280512 139838 131852 129980 140674 129283 1872 1506 686 1386 127434 7986 1238 1066 139988 4784 122650 15637 107013 516 33227 17514 73786 64390 7376 9396 8449 2113 6336 1581
internal_count=280512 139838 131852 129980 140674 129283 1872 1506 686 1386 127434 7986 1238 1066 139988 4784 122650 15637 107013 516 33227 17514 73786 64390 7376 9396 8449 2113 6336 1581
is_linear=0
shrinkage=0.06


Tree=116
num_leaves=31
num_cat=0
split_feature=7 3 6 0 10 16 13 16 2 8 8 7 2 1 13 3 16 1 13 7 13 3 8 6 8 2 16 3 12 3
split_gain=12.2191 19.8063 12.9106 22.7423 21.7974 18.9829 16.2718 22.9077 17.8242 16.422 15.6063 40.9883 18.34 19.8771 18.1852 20.6958 16.8008 16.3453 14.8051 14.7746 14.2976 19.7975 16.9392 13.3124 12.8459 15.6239 12.7077 15.7073 13.3418 12.4889
threshold=1.9407156437068414 4.5000000000000009 1.8238935004710009 1.0000000180025095e-35 4.2500000000000027 2.8590500000000003 18.124000000000006 19.368125000000003 1.0000000180025095e-35 1.6910216035344157 1.3884362396087873 0.9813458737513604 2.5000000000000004 15.500000000000002 37.185000000000009 2.5000000000000004 14.48775 5.5000000000000009 53.767500000000005 1.2621518576411972 23.027500000000003 5.5000000000000009 0.96195355180418562 1.1616602035052177 1.4922781017828715 4.5000000000000009 84.427250000000015 6.5000000000000009 0.056250000000000008 11.500000000000002
decision_type=2 2 2 2 2 2 8 2 2 2 2 2 2 2 8 2 2 2 10 2 8 2 2 2 2 2 2 2 2 2
left_child=2 -2 4 5 10 -4 7 -5 -9 -8 -1 14 29 16 -12 24 -14 -18 26 -11 -6 23 -23 -22 -16 -26 27 -17 -29 -13
right_child=1 -3 3 6 20 -7 9 8 -10 19 11 12 13 -15 15 18 17 -19 -20 -21 21 22 -24 -25 25 -27 -28 28 -30 -31
leaf_value=0.0034855074072286164 -0.14115593344516353 -0.0051540992890316681 -0.054937461764108873 -0.0046082229214044011 0.0022977449088218724 0.089362463508620205 0.019285918917843217 -0.050109787963709573 0.15099014478758127 -0.38602219774205665 -0.0008612408986768649 -0.044054657717407096 0.082346647839702761 -0.028606740153762366 0.1678755804937829 -0.28666910903824605 -0.14658871884738547 0.12413889049336199 -1.0743500157333132 -0.0075102283488074247 -0.30403717691083237 0.081112279125073183 -0.079173493761594146 -0.07657916154642247 -0.14173496028529994 -0.58764208283864039 -1.3248064147065308 -0.20758530497031297 0.065383401193405702 0.11514942975861096
leaf_weight=244590 880 2136 114 881 2968 1460 2405 182 573 745 1919 3046 1748 2162 858 651 614 1354 439 832 1761 1142 1397 1596 1177 355 326 1057 642 502
leaf_count=244590 880 2136 114 881 2968 1460 2405 182 573 745 1919 3046 1748 2162 858 651 614 1354 439 832 1761 1142 1397 1596 1177 355 326 1057 642 502
internal_value=-8.08522e-05 -0.00387931 -3.95681e-05 0.00246941 -0.000106325 0.00884371 0.000683517 0.00572127 0.0133907 -0.00138624 -7.11444e-06 -0.00177329 0.00085296 0.00290915 -0.00510776 -0.00686104 0.00557051 0.00176829 -0.0100835 -0.00614458 -0.00303249 -0.0047422 -0.000744388 -0.00776586 -0.00266109 -0.005953 -0.00840807 -0.00686809 -0.00383167 -0.00255355
internal_weight=280512 3016 277496 7192 270304 1574 5618 1636 755 3982 261440 16850 9426 5878 7424 5505 3716 1968 3115 1577 8864 5896 2539 3357 2390 1532 2676 2350 1699 3548
internal_count=280512 3016 277496 7192 270304 1574 5618 1636 755 3982 261440 16850 9426 5878 7424 5505 3716 1968 3115 1577 8864 5896 2539 3357 2390 1532 2676 2350 1699 3548
is_linear=0
shrinkage=0.06


Tree=117
num_leaves=31
num_cat=0
split_feature=12 8 14 16 13 13 13 8 16 16 15 2 15 3 3 13 3 0 3 3 15 10 15 8 16 2 14 15 2 3
split_gain=12.2802 12.5504 11.5982 16.8539 16.5846 19.2849 18.8199 18.7229 16.2199 15.0835 14.248 14.081 27.3395 19.1632 15.4988 13.6048 14.7343 28.1567 33.3381 20.5122 15.1979 13.4804 13.3677 12.9759 12.9443 12.9271 14.9246 24.5057 13.1155 21.2699
threshold=1.8487500000000001 0.70626397926786477 59.585000000000008 51.528300000000009 0.041500000000000002 32.913500000000006 319.22000000000008 0.8770300146298603 91.499475000000004 89.346250000000012 -1.9849999999999997 1.5000000000000002 267.77500000000003 5.5000000000000009 9.5000000000000018 31.975000000000005 4.5000000000000009 1.5000000000000002 8.5000000000000018 2.5000000000000004 16.537500000000005 -5.9285714285714253 145.09500000000006 1.2321293766605115 143.58610000000002 5.5000000000000009 172.78350000000003 152.15250000000003 4.5000000000000009 8.5000000000000018
decision_type=2 2 2 2 8 10 10 2 2 2 2 2 2 2 2 8 2 2 2 2 2 2 2 2 2 2 2 2 2 2
left_child=2 -2 8 -4 23 7 10 15 -1 -8 -7 13 25 22 -14 -6 19 18 20 -17 -18 -15 -12 -5 -19 28 27 -27 -13 -30
right_child=1 -3 3 4 5 6 9 -9 -10 -11 11 12 14 21 -16 16 17 24 -20 -21 -22 -23 -24 -25 -26 26 -28 -29 29 -31
leaf_value=0.0035219231895582312 0.20405054902339601 -0.25737363209766001 -0.21989500822332866 -0.29422603031148692 0.4522739514329015 0.73915028947587069 -4.0474817114858066 -0.015991553867835934 1.5941494761232455 1.6742762872696351 -0.20566640412515083 -0.12568609410404988 0.64700923207703853 -2.5463167190284062 -1.428720836841906 0.1925221128265121 0.96730894645664767 0.31188160702218171 -1.3567814729988348 -0.52863755292419257 -0.19520922131977242 0.20692109154360544 0.42898197446150788 0.090421895357454707 1.9650177257152874 0.046134725426899052 -0.9942208770033073 1.4913357607120818 -0.1863193187234907 -1.1691216466263596
leaf_weight=191956 188 710 1292 706 1459 93 59 43080 392 936 4661 15049 80 52 704 1546 256 3583 383 1316 355 4742 720 195 360 2350 243 146 2139 761
leaf_count=191956 188 710 1292 706 1459 93 59 43080 392 936 4661 15049 80 52 704 1546 256 3583 383 1316 355 4742 720 195 360 2350 243 146 2139 761
internal_value=-7.72159e-05 -0.00708241 -5.47183e-05 -0.000628423 -0.000526206 -0.000440445 -0.00158271 0.000273988 0.000205565 0.00654271 -0.00183743 -0.00190634 -0.00277757 -6.78133e-05 -0.0137755 0.00272197 0.00172714 0.00371278 -0.00531187 -0.00169811 0.00338789 0.00269086 -0.00252555 -0.00862375 0.00598783 -0.00236079 0.00147864 0.00286058 -0.00294668 -0.00664138
internal_weight=280512 898 279614 87266 85974 85073 32735 52338 192348 995 31740 31647 21472 10175 784 9258 7799 4937 994 2862 611 4794 5381 901 3943 20688 2739 2496 17949 2900
internal_count=280512 898 279614 87266 85974 85073 32735 52338 192348 995 31740 31647 21472 10175 784 9258 7799 4937 994 2862 611 4794 5381 901 3943 20688 2739 2496 17949 2900
is_linear=0
shrinkage=0.06


Tree=118
num_leaves=31
num_cat=0
split_feature=12 1 1 1 7 15 13 12 3 1 2 13 3 15 1 2 16 3 14 7 0 0 10 15 13 16 13 13 7 14
split_gain=11.597 11.3646 17.6233 20.8239 32.1867 20.0126 18.7836 27.413 65.4305 25.5023 25.9482 21.0322 24.2425 20.6669 20.3701 18.7394 18.6654 24.0865 18.2326 17.4836 17.243 17.081 18.5165 17.0677 16.3775 17.9035 20.9813 15.6986 17.095 19.9233
threshold=1.8487500000000001 22.500000000000004 15.500000000000002 19.500000000000004 0.67586985184254889 30.981000000000005 21.771500000000003 0.34125000000000011 4.5000000000000009 5.5000000000000009 4.5000000000000009 85.063500000000019 11.500000000000002 267.77500000000003 11.500000000000002 5.5000000000000009 37.100000000000009 2.5000000000000004 110.26500000000001 0.76577647438080199 1.5000000000000002 1.5000000000000002 -0.97142857142857009 -2.3784999999999994 1.2410000000000003 1.0000000180025095e-35 14.695000000000002 42.342500000000008 1.1527487844419155 119.69500000000001
decision_type=2 2 2 2 2 2 8 2 2 2 2 10 2 2 2 2 2 2 2 2 2 2 2 2 10 2 10 10 2 2
left_child=1 2 6 4 5 -4 24 9 16 13 14 12 -12 23 21 -15 -9 19 -6 -18 -20 -11 -23 -8 -1 26 -26 28 29 -25
right_child=-2 -3 3 -5 18 -7 7 8 -10 10 11 -13 -14 15 -16 -17 17 -19 20 -21 -22 22 -24 27 25 -27 -28 -29 -30 -31
leaf_value=-0.01176052573085079 -0.19510039754725705 -0.047156093804962822 0.08072036419825071 -0.0091972125364906 0.044112659813393115 0.78547283065298601 0.13131258155824296 -0.11239485718712143 -0.014612213010701839 0.018169283178255974 -0.036830831263375656 -0.47273167557119361 0.21397807699410462 -1.9497610807337098 -0.02062117023772032 1.7524374848170405 -0.56662137148625547 -0.89652474394292547 -0.41735733983789486 0.24053191225607093 -0.0016975797164093364 0.61316669562084691 0.17999148084639982 -0.085279744949536676 0.10243723112732701 0.018178289641743891 -0.18998704116263859 0.034815375791104657 0.013012650383229562 1.2466883037636223
leaf_weight=8915 898 11688 1694 35064 35592 2258 618 2950 14119 16340 15995 2426 1970 409 18805 32 490 1690 1680 421 5518 2454 16021 34249 921 28972 184 11109 6147 883
leaf_count=8915 898 11688 1694 35064 35592 2258 618 2950 14119 16340 15995 2426 1970 409 18805 32 490 1690 1680 421 5518 2454 16021 34249 921 28972 184 11109 6147 883
internal_value=-7.44353e-05 -5.25725e-05 2.7321e-05 0.000761313 0.00159043 0.00677126 -0.000295293 -0.000605595 -0.00269039 -0.000283858 0.000437367 -0.00138443 -0.000676315 -0.00128258 0.00113018 -0.0142177 -0.00820933 -0.0119146 0.00111194 -0.00405049 -0.00164212 0.00198966 0.00323951 -0.00117496 0.000875564 0.00154503 0.00904072 -0.0012919 -0.00183071 -0.00234146
internal_weight=280512 279614 267926 81806 46742 3952 186120 147128 19670 127458 74011 20391 17965 53447 53620 441 5551 2601 42790 911 7198 34815 18475 53006 38992 30077 1105 52388 41279 35132
internal_count=280512 279614 267926 81806 46742 3952 186120 147128 19670 127458 74011 20391 17965 53447 53620 441 5551 2601 42790 911 7198 34815 18475 53006 38992 30077 1105 52388 41279 35132
is_linear=0
shrinkage=0.06


Tree=119
num_leaves=31
num_cat=0
split_feature=5 7 13 16 6 2 1 13 15 10 2 6 15 3 3 2 8 6 2 16 1 13 16 15 1 3 10 2 7 1
split_gain=11.765 17.3227 16.1511 15.4503 16.9467 16.586 18.8317 13.0679 11.7572 23.1855 24.0016 23.0277 25.9356 19.3044 21.04 18.3681 18.8765 18.6476 18.2182 15.9651 15.9139 17.5898 14.5794 13.055 12.7874 12.1575 15.535 12.0238 11.9682 11.6279
threshold=1.0000000180025095e-35 0.55071454908124451 53.004000000000012 84.427250000000015 0.82635109199009482 2.5000000000000004 14.500000000000002 29.285000000000004 14.101000000000001 0.21428571428570911 4.5000000000000009 1.172802589950259 4.8210000000000006 4.5000000000000009 5.5000000000000009 1.5000000000000002 1.1322597426405863 1.7590591924038981 4.5000000000000009 30.137575000000002 5.5000000000000009 39.674000000000007 50.41575000000001 68.34350000000002 15.500000000000002 5.5000000000000009 -2.4232142857142862 4.5000000000000009 1.1732885065568401 5.5000000000000009
decision_type=2 2 10 2 2 2 2 8 2 2 2 2 2 2 2 2 2 2 2 2 2 8 2 2 2 2 2 2 2 2
left_child=29 -2 3 4 -3 -5 7 -7 11 10 20 12 25 -12 -15 -11 17 -17 28 -16 22 -22 23 -10 -14 -6 -27 -26 -13 -1
right_child=1 2 -4 5 8 6 -8 -9 9 15 13 18 24 14 19 16 -18 -19 -20 -21 21 -23 -24 -25 27 26 -28 -29 -30 -31
leaf_value=-0.014341035890756646 -0.36795280094770155 -0.10611206617343887 -0.4166275079337089 -0.87864007276844414 -0.17983520867346495 -0.53023801758391387 0.42151411376369069 -0.16034283296527022 -0.19490345371529572 0.22157794265829667 0.56107023393305622 -0.034795308430377044 -0.5125212301956058 -0.16188690259356278 0.33510716370664351 -0.12429197790164355 -0.44206529362843827 0.057965610396398748 -0.03562128634924553 -0.14475445183553518 0.33055224486686724 -0.13015674495118087 0.4393170379511851 0.47830490985253843 0.25148092387064208 -0.73644472345041601 0.10349019300635705 -0.27915329459135596 0.10863996930712588 0.006819041053303678
leaf_weight=67064 544 1595 1604 379 245 128 387 416 238 152 409 114 499 162 464 491 320 127 310 196 495 1342 201 202 79 61 557 170 393 201168
leaf_count=67064 544 1595 1604 379 245 128 387 416 238 152 409 114 499 162 464 491 320 127 310 196 495 1342 201 202 79 61 557 170 393 201168
internal_value=-6.99435e-05 -0.00188599 -0.00140082 -0.000515199 0.000387667 -0.00659542 -0.00228786 -0.00948529 0.00162308 0.00334445 0.00560528 -0.00177924 -0.00594041 0.0124533 0.00715328 -0.00434862 -0.00748401 -0.00135922 0.00642595 0.0119091 0.00220339 -0.000636908 0.0103432 0.00422727 -0.0141176 0.00114716 0.00563107 -0.00301205 0.013432 1.31975e-05
internal_weight=280512 12280 11736 10132 8822 1310 931 544 7227 4799 3709 2428 1611 1231 822 1090 938 618 817 660 2478 1837 641 440 748 863 618 249 507 268232
internal_count=280512 12280 11736 10132 8822 1310 931 544 7227 4799 3709 2428 1611 1231 822 1090 938 618 817 660 2478 1837 641 440 748 863 618 249 507 268232
is_linear=0
shrinkage=0.06


Tree=120
num_leaves=31
num_cat=0
split_feature=7 14 16 8 1 3 3 2 15 14 2 10 8 13 15 16 7 3 13 1 16 3 1 15 3 7 15 3 14 2
split_gain=11.3647 14.4099 31.7002 25.2258 14.7946 19.9872 20.6787 28.0812 15.9481 14.4601 14 13.9048 21.0657 14.4526 18.6446 14.0316 14.1897 15.17 13.1239 12.7206 12.5525 12.2126 11.9967 26.4298 37.0992 31.802 23.939 22.8935 24.5125 21.3906
threshold=1.6416757835865621 3.5115000000000003 9.5154750000000003 0.71435077137858138 5.5000000000000009 10.500000000000002 4.5000000000000009 5.5000000000000009 30.611500000000003 -0.7649999999999999 3.5000000000000004 -3.5035714285714286 1.637513935814314 14.695000000000002 17.235000000000003 -3.1729999999999996 0.99827436264285618 7.5000000000000009 23.027500000000003 21.500000000000004 12.922000000000001 5.5000000000000009 6.5000000000000009 19.583500000000004 7.5000000000000009 0.99827436264285618 -3.3949999999999996 11.500000000000002 20.789000000000005 3.5000000000000004
decision_type=2 2 2 2 2 2 2 2 2 2 2 2 2 8 2 2 2 2 10 2 2 2 2 2 2 2 2 2 2 2
left_child=1 2 11 -4 9 6 7 19 -9 -5 -7 12 -1 -13 -15 -16 -17 -18 -2 20 -6 -11 23 25 -25 -3 29 28 -27 -24
right_child=18 22 3 4 5 10 -8 8 -10 21 -12 13 -14 14 15 16 17 -19 -20 -21 -22 -23 26 24 -26 27 -28 -29 -30 -31
leaf_value=0.11656271278573509 -0.0086430658411689489 -0.067524417810364598 1.0982684526009554 0.66308737252100425 0.41143043978827964 -0.044079914784477751 0.014954164024306502 1.4130661024854418 -0.7254486322278394 -0.2687419382753452 2.9538338763368146 0.016013440503390805 -0.26923339413298214 -0.029834977522773146 -0.29412711040262501 -0.079697120052905315 0.0044454821259978412 0.16269530477578434 -0.26982846344147993 -0.052314710290239853 1.1926330308459372 0.026763577894686426 0.07276274881955419 -0.020139307586916858 -0.17783956496131409 0.052054538244251804 0.0053063574813064915 0.22258058219807139 -0.032045288214049471 -0.45275741452194207
leaf_weight=2210 8930 7168 810 228 218 72 1838 56 220 710 252 10274 146 14518 119 1511 1875 2265 1790 138 522 584 192 27636 13284 8106 166114 728 7422 576
leaf_count=2210 8930 7168 810 228 218 72 1838 56 220 710 252 10274 146 14518 119 1511 1875 2265 1790 138 522 584 192 27636 13284 8106 166114 728 7422 576
internal_value=-6.54517e-05 1.06749e-05 0.00108437 0.00523725 0.00359653 0.00584439 0.0043115 0.0106066 -0.00608696 -0.00130092 0.02 0.000371833 0.00481324 2.94483e-05 -0.000899054 0.00198614 0.0024155 0.00423188 -0.00198134 0.0158542 0.018973 -0.0037558 -0.000168407 -0.000864416 -0.00178446 0.000742828 9.99509e-05 0.00221088 0.00172334 -0.0104687
internal_weight=280512 269792 38566 5648 4838 3316 2992 1154 276 1522 324 32918 2356 30562 20288 5770 5651 4140 10720 878 740 1294 231226 64344 40920 23424 166882 16256 15528 768
internal_count=280512 269792 38566 5648 4838 3316 2992 1154 276 1522 324 32918 2356 30562 20288 5770 5651 4140 10720 878 740 1294 231226 64344 40920 23424 166882 16256 15528 768
is_linear=0
shrinkage=0.06


Tree=121
num_leaves=31
num_cat=0
split_feature=5 7 13 4 3 14 8 3 6 13 8 8 14 3 4 16 14 8 14 3 14 0 10 8 14 7 13 13 16 10
split_gain=10.8665 17.1694 15.9399 14.4243 13.2629 30.0577 21.7085 19.1262 16.3826 15.3223 15.3019 14.7633 14.3396 14.3109 13.3465 24.3861 12.9881 17.1751 12.1982 11.8449 24.1331 21.1172 38.6747 23.1332 43.9097 37.8496 22.3878 21.2391 20.9992 18.2396
threshold=1.0000000180025095e-35 0.47744009486684497 39.674000000000007 1.0000000180025095e-35 4.5000000000000009 78.042500000000018 1.201342073901374 5.5000000000000009 1.6726334408218644 110.08500000000002 0.73965257554982855 0.52987373342202848 26.411500000000004 3.5000000000000004 1.0000000180025095e-35 73.914175 65.072500000000005 1.0127287037316497 7.2215000000000007 10.500000000000002 229.94500000000002 1.5000000000000002 -1.349999999999999 0.78117326904808315 74.451500000000024 0.63706791619977432 252.28250000000003 15.074000000000002 262.72285000000005 4.4445054945054974
decision_type=2 2 8 2 2 2 2 2 2 10 2 2 2 2 2 2 2 2 2 2 2 2 2 2 2 2 10 10 2 2
left_child=19 -2 3 -3 5 6 9 18 -9 11 -11 -4 -13 -8 -14 -16 17 -5 -6 20 -1 23 -23 24 25 -21 27 -24 -29 -25
right_child=1 2 4 16 7 -7 13 8 -10 10 -12 12 14 -15 15 -17 -18 -19 -20 21 -22 22 26 29 -26 -27 -28 28 -30 -31
leaf_value=-0.0027712386471706197 -0.49935798591137964 0.059777452194879142 -0.25001591100825316 0.040573133789611186 -0.30871024050187962 -0.86199992592649688 -0.36837624883146602 -0.096959639798750455 0.078485081727398501 1.6218280601552033 -1.1183696447568596 0.86140202102333185 0.023705718227722768 0.13778360177320564 0.52049553308772567 -1.6548176216243535 -0.34037406906112738 -0.16717822956326098 -0.40798028297071137 0.81723842148604353 -0.83537766364651567 0.55379881202879699 0.15362530540416222 0.032666279908387538 -1.7764000775704922 -0.10182176405448584 1.2482300729863407 -0.049179663880646415 -0.98086125290571569 -0.053989851187661655
leaf_weight=223968 280 2083 146 1019 307 382 404 3946 213 46 124 411 753 161 380 52 239 226 1108 472 1256 3016 10368 17324 320 1956 934 6792 394 1432
leaf_count=223968 280 2083 146 1019 307 382 404 3946 213 46 124 411 753 161 380 52 239 226 1108 472 1256 3016 10368 17324 320 1956 934 6792 394 1432
internal_value=-6.73768e-05 -0.0018127 -0.00147 0.00189235 -0.00289221 0.00043022 0.00284618 -0.00459634 -0.00254629 0.00589958 -0.0112941 0.0075775 0.00924812 -0.00748673 0.00589873 0.0143056 -0.00262803 -0.000168675 -0.0106219 1.25265e-05 -0.000161706 0.000924944 0.00225446 -0.000404576 -0.00554585 -0.00279242 0.00122674 0.000745129 -0.00176176 0.000348688
internal_weight=280512 12280 12000 3567 8433 2859 2477 5574 4159 1912 170 1742 1596 565 1185 432 1484 1245 1415 268232 225224 43008 21504 21504 2748 2428 18488 17554 7186 18756
internal_count=280512 12280 12000 3567 8433 2859 2477 5574 4159 1912 170 1742 1596 565 1185 432 1484 1245 1415 268232 225224 43008 21504 21504 2748 2428 18488 17554 7186 18756
is_linear=0
shrinkage=0.06


Tree=122
num_leaves=31
num_cat=0
split_feature=1 1 0 14 13 2 1 5 16 13 1 14 3 3 0 3 3 16 12 0 6 12 10 6 15 3 3 1 15 13
split_gain=10.4728 15.5004 20.0069 22.3154 19.1406 16.9493 20.0826 32.4156 19.8174 19.7717 17.3308 22.428 22.0749 23.7116 19.6847 19.3044 22.9475 17.8365 17.3491 17.1249 19.5554 18.115 16.3728 17.9406 21.394 24.3694 23.731 27.6247 22.4624 24.8867
threshold=22.500000000000004 15.500000000000002 2.5000000000000004 103.224 145.80650000000003 4.5000000000000009 4.5000000000000009 1.0000000180025095e-35 13.857275 85.063500000000019 10.500000000000002 33.07500000000001 8.5000000000000018 1.5000000000000002 1.5000000000000002 6.5000000000000009 7.5000000000000009 62.575875000000003 0.8337500000000001 1.5000000000000002 1.0546061806445099 0.43625000000000008 -10.149999999999999 0.95218797325396543 57.242500000000007 4.5000000000000009 6.5000000000000009 12.500000000000002 92.892500000000013 16.793500000000005
decision_type=2 2 2 2 8 2 2 2 2 10 2 2 2 2 2 2 2 2 2 2 2 2 2 2 2 2 2 2 2 8
left_child=1 5 3 -3 -4 6 -1 10 -9 22 15 17 13 -13 18 19 -17 -12 -15 20 -8 -21 -7 -24 25 -25 27 -27 -26 -30
right_child=-2 2 4 -5 -6 9 7 8 -10 -11 11 12 -14 14 -16 16 -18 -19 -20 21 -22 -23 23 24 28 26 -28 -29 29 -31
leaf_value=-0.02351719020579137 -0.045426825983254183 0.013374885144516993 0.0089884901805936182 -0.20115952047045163 0.36608383424003504 0.56875001563909044 0.10723862450290921 0.033685192644305001 -0.27319720540029441 -0.37402476592586992 0.026748967811829623 0.17455813624482203 0.079474859967614289 -0.12831850641972445 -0.3128809608763895 -0.10012853856910515 0.045133476613917818 2.7878221854146776 0.17366792679447524 0.40064525305540483 -0.052866508282423841 -0.08110049162143998 -0.05912593393998284 0.056683906003485447 -0.23917354948325956 -0.023746445771866038 0.0045905353958171306 -0.16461392411412457 -0.47594576472662453 0.27238463808731039
leaf_weight=41800 11688 53512 8672 7850 11782 148 9460 826 2694 3833 19294 2540 7782 3532 6230 4320 20448 86 736 10248 2276 1488 11414 9470 4118 4244 16285 1345 185 2206
leaf_count=41800 11688 53512 8672 7850 11782 148 9460 826 2694 3833 19294 2540 7782 3532 6230 4320 20448 86 736 10248 2276 1488 11414 9470 4118 4244 16285 1345 185 2206
internal_value=-6.41684e-05 1.22757e-05 0.000701085 0.000159382 0.0023262 -0.000289079 7.13218e-05 0.000566986 -0.00507955 -0.00119441 0.000791723 -0.000128358 -0.00149568 -0.00300506 -0.00426367 0.00155846 0.000390019 0.00134056 -0.00112465 0.00279141 0.00117076 0.00441207 -0.000872407 -0.000932267 -0.000303543 0.000346478 -0.00075432 -0.00412775 -0.00343371 0.00119197
internal_weight=280512 268824 81816 61362 20454 187008 133760 91960 3520 53248 88440 40200 20820 13038 10498 48240 24768 19380 4268 23472 11736 11736 49415 49267 37853 31344 21874 5589 6509 2391
internal_count=280512 268824 81816 61362 20454 187008 133760 91960 3520 53248 88440 40200 20820 13038 10498 48240 24768 19380 4268 23472 11736 11736 49415 49267 37853 31344 21874 5589 6509 2391
is_linear=0
shrinkage=0.06


Tree=123
num_leaves=31
num_cat=0
split_feature=8 7 15 10 13 3 14 3 13 15 2 7 12 14 3 8 7 3 7 14 10 3 3 3 2 7 13 0 0 13
split_gain=10.7554 42.3412 19.0638 21.3728 18.7557 30.4278 25.7583 16.659 18.6069 16.5006 20.8927 18.8849 14.1488 13.4088 13.1825 12.6408 11.6621 16.2133 15.0751 13.796 13.0694 28.2032 48.0052 30.7139 29.4292 30.7166 27.4491 23.9613 29.0378 25.6229
threshold=1.3956824871346798 0.9813458737513604 16.537500000000005 -8.1821428571428552 37.185000000000009 2.5000000000000004 85.385000000000005 6.5000000000000009 47.341500000000011 4.8210000000000006 4.5000000000000009 0.58550515382254398 0.30125000000000007 22.801500000000004 6.5000000000000009 1.6527216394676747 1.6416757835865621 7.5000000000000009 2.2270786325196013 1.7310000000000001 -0.82857142857142863 7.5000000000000009 5.5000000000000009 8.5000000000000018 1.0000000180025095e-35 1.2312260367794339 4.6260000000000003 1.5000000000000002 1.0000000180025095e-35 8.3685000000000027
decision_type=2 2 2 2 8 2 2 2 10 2 2 2 2 2 2 2 2 2 2 2 2 2 2 2 2 2 8 2 2 8
left_child=16 4 3 -3 14 9 7 -7 -9 -6 11 12 -11 -13 -2 -15 20 -18 -19 -20 21 22 -1 24 25 -23 -24 28 29 -25
right_child=1 2 -4 -5 5 6 -8 8 -10 10 -12 13 -14 15 -16 -17 17 18 19 -21 -22 23 26 27 -26 -27 -28 -29 -30 -31
leaf_value=0.055606010669629703 -0.050833041170316014 2.3709322378615951 -0.023781374389260805 0.019698595563341578 0.39656955702131141 -0.30474619739832731 -1.1468753695825944 -0.059143665001814581 -0.88945357046791618 0.28567039630312818 -1.0679102443708324 -0.58069196864112993 -0.41163426454076457 -0.42242206721090397 0.046861170111294821 0.44404085295182028 -0.061307967190643672 -0.0071625267084145716 -0.059934747237600304 0.89404866993398546 -0.002106328023228481 -0.57526569023337404 0.036361623759260199 0.13489349670294626 0.33324613605475167 0.49141910108252568 -0.12076671887622943 0.21873770975210405 -0.10064270060119762 0.018773398572717353
leaf_weight=17804 789 140 7528 6828 326 828 703 1841 298 1006 314 233 76 516 1463 167 3928 3048 78 282 209560 328 933 567 2966 138 5773 6104 3260 2687
leaf_count=17804 789 140 7528 6828 326 828 703 1841 298 1006 314 233 76 516 1463 167 3928 3048 78 282 209560 328 933 567 2966 138 5773 6104 3260 2687
internal_value=-5.96766e-05 -0.00130118 0.000674669 0.00293628 -0.0046472 -0.0063253 -0.00985831 -0.00741153 -0.00461431 -0.00141016 -0.00319204 -0.000930931 0.00443623 -0.00727074 5.3286e-05 -0.00303075 5.15039e-05 -0.00230643 0.000721831 0.0123333 0.000120662 0.00110651 -0.000173807 0.00306168 0.00809441 -0.00592275 -0.00450045 0.00169282 -0.000838195 0.00317148
internal_weight=280512 23056 14496 6968 8560 6308 3670 2967 2139 2638 2312 1998 1082 916 2252 683 257456 7336 3408 360 250120 40560 24510 16050 3432 466 6706 12618 6514 3254
internal_count=280512 23056 14496 6968 8560 6308 3670 2967 2139 2638 2312 1998 1082 916 2252 683 257456 7336 3408 360 250120 40560 24510 16050 3432 466 6706 12618 6514 3254
is_linear=0
shrinkage=0.06


Tree=124
num_leaves=31
num_cat=0
split_feature=8 7 8 15 1 10 15 7 2 3 2 16 2 6 1 7 7 3 6 10 3 3 15 7 3 10 15 15 7 3
split_gain=10.6635 38.1282 16.6141 16.0447 14.0549 13.0725 12.5561 18.023 19.7183 21.8146 16.2166 16.1692 13.5478 13.302 11.3218 11.2762 11.1797 13.1121 12.0391 21.2295 13.6365 23.2922 23.0057 25.4247 20.0443 55.2974 32.3872 28.4742 26.7482 50.0212
threshold=1.3956824871346798 0.9813458737513604 1.9728387984973503 10.301500000000003 19.500000000000004 -8.1821428571428552 21.245000000000001 0.56662582172810472 4.5000000000000009 10.500000000000002 2.5000000000000004 26.731250000000003 5.5000000000000009 1.8510537470429602 2.5000000000000004 1.2676521103832747 1.6416757835865621 7.5000000000000009 1.3610932786544516 2.514285714285716 6.5000000000000009 10.500000000000002 1.0010000000000001 1.0208388039812786 5.5000000000000009 -1.0000000180025095e-35 50.061000000000007 29.551500000000004 0.9037474261243561 4.5000000000000009
decision_type=2 2 2 2 2 2 2 2 2 2 2 2 2 2 2 2 2 2 2 2 2 2 2 2 2 2 2 2 2 2
left_child=16 2 6 5 14 -3 -2 8 10 -10 13 -9 -13 -8 15 -5 18 -18 19 20 24 -22 23 -23 28 -26 27 -27 -1 -30
right_child=1 3 -4 4 -6 -7 7 11 9 -11 -12 12 -14 -15 -16 -17 17 -19 -20 -21 21 22 -24 -25 25 26 -28 -29 29 -31
leaf_value=0.097170086744414449 -0.016569167320296292 2.4020656260978419 -0.37563536922491314 -0.23325975440855559 -0.092311541318831625 0.019945250141977185 -0.1939904575610176 -0.31927227201567099 -1.4977899717544243 2.2767689027884428 0.39420113390939648 -0.32730650380905674 0.43178058587309726 0.4839108193309235 0.011231821333679462 -0.0013985855703659046 -0.057629489159205044 0.0048253437130748346 0.02126663011074096 -0.046272194508344681 -0.022920756152644266 0.81390241602437663 0.033088624285753043 -0.11752720024865559 -0.070233283481499625 0.10418306777054315 0.69342053127079029 -0.12202126213877421 0.025415533027468767 -0.10724738622587372
leaf_weight=18738 3316 124 296 306 1426 5770 432 800 152 28 748 2618 130 40 6468 402 3928 3408 14148 14596 77162 1206 33308 430 4148 8864 3796 2010 56534 15180
leaf_count=18738 3316 124 296 306 1426 5770 432 800 152 28 748 2618 130 40 6468 402 3928 3408 14148 14596 77162 1206 33308 430 4148 8864 3796 2010 56534 15180
internal_value=-6.75907e-05 -0.00130378 -0.00447897 0.000571192 -0.00108114 0.00298269 -0.0039787 -0.00589329 -0.000128571 -0.0186667 0.00260656 -0.00816798 -0.00598253 -0.00610169 0 -0.00720339 4.31142e-05 -0.00226554 0.000110827 8.89936e-06 0.00015503 -0.000309885 0.000975275 0.00792176 0.000632012 0.00241365 0.00414315 0.00247747 0.000261354 -0.000266057
internal_weight=280512 23056 8560 14496 8602 5894 8264 4948 1400 180 1220 3548 2748 472 7176 708 257456 7336 250120 235972 221376 112106 34944 1636 109270 18818 14670 10874 90452 71714
internal_count=280512 23056 8560 14496 8602 5894 8264 4948 1400 180 1220 3548 2748 472 7176 708 257456 7336 250120 235972 221376 112106 34944 1636 109270 18818 14670 10874 90452 71714
is_linear=0
shrinkage=0.06


Tree=125
num_leaves=31
num_cat=0
split_feature=14 15 5 13 13 13 16 2 1 6 10 6 3 3 6 15 6 16 15 2 3 3 15 14 15 15 13 2 14 5
split_gain=10.6829 15.0346 21.0293 14.179 16.2814 16.5182 16.4932 15.1716 21.6206 14.0135 13.0236 12.7185 28.1177 41.434 66.4329 30.2563 34.0796 39.6026 41.8872 47.3686 28.8628 32.9838 33.4792 33.3722 28.0232 25.3608 24.6144 24.2535 36.213 28.7796
threshold=59.585000000000008 241.19500000000002 1.0000000180025095e-35 0.041500000000000002 32.913500000000006 145.80650000000003 51.528300000000009 1.0000000180025095e-35 4.5000000000000009 1.6170014559603589 -0.80714285714285661 0.99754240848090603 4.5000000000000009 5.5000000000000009 1.0095795620477201 61.26250000000001 1.0008124909445437 16.118750000000002 28.881500000000003 3.5000000000000004 2.5000000000000004 1.5000000000000002 25.812500000000004 24.362500000000001 80.465500000000006 12.6225 62.456500000000013 3.5000000000000004 41.994000000000007 1.0000000180025095e-35
decision_type=2 2 2 8 10 10 2 2 2 2 2 2 2 2 2 2 2 2 2 2 2 2 2 2 2 2 10 2 2 2
left_child=1 11 -3 9 6 -6 -5 8 -7 -2 -8 -1 15 14 24 16 17 18 -13 -20 21 25 -23 -24 -14 -19 -22 -17 29 -29
right_child=3 2 -4 4 5 7 10 -9 -10 -11 -12 12 13 -15 -16 27 -18 20 19 -21 26 22 23 -25 -26 -27 -28 28 -30 -31
leaf_value=-0.015880751096451259 -0.22620919365128833 1.8099941290191319 -0.45602956807440304 -0.19553883755298798 -0.11669092682637405 -0.95904530417568823 0.12817301699707315 0.055915797211883243 2.0005259505462281 0.13960671966398644 -0.01158166013175844 0.87838281826022924 -0.20181841157265207 0.0058402546463392109 0.035312638092763041 0.066918756406170204 0.0030092722792561498 -0.49877113232207015 0.86082081833183965 -0.3440674032881838 0.2858940672162309 0.25760701622174736 0.11568943435087646 -0.38408569112132418 0.14117628504355564 0.48052598029626609 -0.070471453916782709 -0.45352575061067102 0.16314866752385021 0.97780061806425933
leaf_weight=52686 867 666 92 989 27206 49 9151 5390 369 90 43235 950 7250 86092 3616 7120 11642 390 410 526 8950 870 760 1916 1078 2402 1404 3000 1144 202
leaf_count=52686 867 666 92 989 27206 49 9151 5390 369 90 43235 950 7250 86092 3616 7120 11642 390 410 526 8950 870 760 1916 1078 2402 1404 3000 1144 202
internal_value=-5.45431e-05 0.000194444 0.00862797 -0.000605179 -0.00052472 -0.00157206 0.000123091 0.00133264 0.0123445 -0.00786834 0.000268011 0.00016122 0.000460772 -9.42511e-05 -0.00340589 0.00176606 0.00276175 0.00435677 0.0125981 0.00358974 0.00342559 0.000236668 -0.00360406 -0.00692825 -0.00635447 0.00511461 0.00537763 -0.000858189 -0.00439024 -0.00766396
internal_weight=280512 193166 758 87346 86389 33014 53375 5808 418 957 52386 192408 139722 98036 11944 41686 30220 18578 1886 936 16692 6338 3546 2676 8328 2792 10354 11466 4346 3202
internal_count=280512 193166 758 87346 86389 33014 53375 5808 418 957 52386 192408 139722 98036 11944 41686 30220 18578 1886 936 16692 6338 3546 2676 8328 2792 10354 11466 4346 3202
is_linear=0
shrinkage=0.06


Tree=126
num_leaves=31
num_cat=0
split_feature=13 14 8 15 10 6 13 3 3 3 10 14 2 12 13 0 12 14 8 12 6 7 14 16 14 3 3 3 15 7
split_gain=10.8128 22.9097 20.8206 19.999 18.6674 20.9682 24.5708 20.6966 37.6949 70.3521 40.4502 24.7804 28.2003 19.7952 18.9013 23.4523 22.4587 17.7721 15.442 15.2921 14.8835 14.4973 19.8536 14.37 36.7778 39.6732 39.4961 27.5268 24.9689 20.5864
threshold=22.157500000000002 181.54000000000005 1.571724574804229 98.201500000000024 0.90000000000000069 1.3610932786544516 80.126500000000007 8.5000000000000018 4.5000000000000009 2.5000000000000004 4.2500000000000027 6.7010000000000014 1.5000000000000002 0.4512500000000001 69.515000000000015 1.5000000000000002 0.13375000000000004 101.94900000000001 0.48121828555557261 1.5112500000000002 0.56465276919648966 1.0000317254658451 11.802500000000002 4.2616250000000013 3.5115000000000003 4.5000000000000009 10.500000000000002 11.500000000000002 17.965000000000003 0.78687149137802082
decision_type=8 2 2 2 2 2 10 2 2 2 2 2 2 2 8 2 2 2 2 2 2 2 2 2 2 2 2 2 2 2
left_child=1 -1 4 21 23 7 -7 8 9 10 17 20 13 -13 -10 16 -16 18 -6 -17 -9 22 -4 -2 25 -25 28 -28 29 -27
right_child=2 -3 3 -5 5 6 -8 11 14 -11 -12 12 -14 -15 15 19 -18 -19 -20 -21 -22 -23 -24 24 -26 26 27 -29 -30 -31
leaf_value=0.0096902378194667176 -0.028264145403554462 -0.56457642213949877 -0.24165228191624874 -0.46841761015647726 -0.73350284184369807 0.029816220165670662 -0.57426865336309563 0.85326451139801052 -0.16528259331574957 -0.31917277601875682 -0.20332052742505727 -0.18915512247521604 -0.39895732617041629 0.92250034908504075 -0.18367344255768145 0.39013939751660215 0.041026356817275907 -0.26962059320277093 0.39406567915857493 -0.10407480367602757 -0.018239399771479075 -0.0011804035219101295 -0.091442697104265946 0.58444498439618531 0.0028225919124329835 0.18930462708664575 3.1895039154614602 0.028493380656079523 0.064296551223055901 -0.20481763407682818
leaf_weight=55539 13530 260 734 1032 101 7165 589 294 2055 4058 1404 1823 3370 250 1242 4177 2604 729 2543 776 1373 4475 1725 2699 160267 236 473 345 3422 1222
leaf_count=55539 13530 260 734 1032 101 7165 589 294 2055 4058 1404 1823 3370 250 1242 4177 2604 729 2543 776 1373 4475 1725 2699 160267 236 473 345 3422 1222
internal_value=-5.56126e-05 0.000691948 -0.000241241 -0.00325383 -0.000130521 -0.00140914 0.00133866 -0.00220419 -0.00120219 -0.00411205 0.000822692 -0.0049789 -0.00693919 -0.00143271 0.00116639 0.00237641 -0.00113885 0.00438482 0.00667171 0.005106 0.00142172 -0.00209403 -0.00579504 0.000111969 0.00026289 0.00413362 0.00129519 0.0134963 -0.00075 -0.0073251
internal_weight=280512 55799 224713 7966 216747 34553 7754 26799 19689 8835 4777 7110 5443 2073 10854 8799 3846 3373 2644 4953 1667 6934 2459 182194 168664 8397 5698 818 4880 1458
internal_count=280512 55799 224713 7966 216747 34553 7754 26799 19689 8835 4777 7110 5443 2073 10854 8799 3846 3373 2644 4953 1667 6934 2459 182194 168664 8397 5698 818 4880 1458
is_linear=0
shrinkage=0.06


Tree=127
num_leaves=31
num_cat=0
split_feature=14 13 16 8 1 1 13 2 13 15 6 7 13 13 2 13 8 15 13 14 13 16 14 10 14 2 15 13 16 15
split_gain=10.4897 17.6527 16.5327 16.1697 15.1383 18.428 17.5359 16.4896 27.8429 22.1222 25.1984 26.7179 23.9824 23.9188 22.4621 22.4237 18.1542 17.6391 17.6026 17.5624 20.8898 16.4844 17.9863 20.1092 19.3631 15.9113 18.0723 15.6848 20.91 15.1799
threshold=22.801500000000004 80.991500000000016 52.038150000000009 0.83613446744781761 6.5000000000000009 22.500000000000004 27.018500000000003 1.0000000180025095e-35 94.197500000000005 12.991000000000001 1.4094336120444979 1.186922714343265 50.185000000000009 6.6110000000000015 5.5000000000000009 19.083500000000004 1.4398982778291354 26.981000000000005 1.9310000000000003 195.21500000000003 149.63000000000002 30.520750000000003 32.196000000000005 -0.99285714285714455 35.082500000000003 5.5000000000000009 -0.078499999999999986 1.0000000180025095e-35 48.189550000000004 267.77500000000003
decision_type=2 10 2 2 2 2 8 2 10 2 2 2 10 8 2 8 2 2 8 2 10 2 2 2 2 2 2 10 2 2
left_child=1 2 -1 -3 6 7 27 8 -6 10 11 13 17 -9 16 -12 -14 18 -11 20 -16 -19 -23 -24 -25 -15 -27 28 -2 -8
right_child=4 3 -4 -5 5 -7 29 9 -10 12 15 -13 14 25 19 -17 -18 21 -20 -21 -22 22 23 24 -26 26 -28 -29 -30 -31
leaf_value=0.0030209871373421747 0.027090691524365863 0.94615447105915362 1.6812432885528641 0.13676476691481554 0.06676753227858033 -0.12602926641345841 -0.084026732160028206 -0.27111550223386605 1.1223675898516832 -0.27289656207419966 0.10123287720442541 -0.30267222606866961 -0.092260573967177767 -0.0214900457258188 0.15890710457237403 -0.0069775446421931698 -0.40509741509101438 -0.10234307820474081 0.11029264169294691 -0.84709040868770125 2.3379156320759193 0.17363954724743932 0.21504836048936701 -0.16947787846505025 0.0084897919127647006 -1.0997257719069129 -0.1082370232478555 0.069607710204759671 -0.27750215300802661 -1.5798489626389796
leaf_weight=108235 498 1280 325 3120 17552 6542 35589 706 1288 254 625 1734 21141 7495 2166 1379 1384 2981 8796 236 204 4077 5856 2344 36079 262 1135 6327 345 557
leaf_count=108235 498 1280 325 3120 17552 6542 35589 706 1288 254 625 1734 21141 7495 2166 1379 1384 2981 8796 236 204 4077 5856 2344 36079 262 1135 6327 345 557
internal_value=-5.43292e-05 0.000392528 0.000241525 0.00411818 -0.000355591 -1.88351e-05 -0.00132145 0.000153449 0.00178025 -0.000156595 -0.00242951 -0.0035263 0.000197853 -0.00228798 -0.00135968 0.00377246 -0.00196981 0.000846043 0.0032884 0.00391404 0.00546835 0.00041549 0.000682439 0.000331308 -0.000167868 -0.00144399 -0.00732283 0.00138912 -0.00629893 -0.00185913
internal_weight=280512 112960 108560 4400 167552 124236 43316 117694 18840 98854 13336 11332 85518 9598 25131 2004 22525 60387 9050 2606 2370 51337 48356 44279 38423 8892 1397 7170 843 36146
internal_count=280512 112960 108560 4400 167552 124236 43316 117694 18840 98854 13336 11332 85518 9598 25131 2004 22525 60387 9050 2606 2370 51337 48356 44279 38423 8892 1397 7170 843 36146
is_linear=0
shrinkage=0.06


Tree=128
num_leaves=31
num_cat=0
split_feature=12 8 1 1 0 13 15 8 4 13 1 5 13 1 14 0 3 3 14 15 7 14 15 3 1 15 3 3 10 13
split_gain=10.3269 10.9302 9.92446 27.5651 25.3196 16.5947 16.3668 24.2614 16.2022 19.7105 19.0007 32.7703 21.5476 19.1718 21.2136 19.9705 18.3166 25.2486 18.5064 17.178 17.0383 16.6237 17.723 22.0129 25.6695 32.2253 31.4233 25.299 23.0384 22.5241
threshold=1.8487500000000001 0.70626397926786477 20.500000000000004 16.500000000000004 1.5000000000000002 149.63000000000002 45.185000000000009 1.458881456839406 1.0000000180025095e-35 85.063500000000019 5.5000000000000009 1.0000000180025095e-35 6.6110000000000015 10.500000000000002 33.07500000000001 1.5000000000000002 8.5000000000000018 1.5000000000000002 69.991000000000014 267.77500000000003 0.44000494050618616 153.70500000000001 58.723500000000008 3.5000000000000004 10.500000000000002 -0.078499999999999986 9.5000000000000018 8.5000000000000018 -0.028571428571428022 -1.4549999999999998
decision_type=2 2 2 2 2 8 2 2 2 10 2 2 8 2 2 2 2 2 2 2 2 2 2 2 2 2 2 2 2 10
left_child=2 -2 3 8 -5 -6 -4 -8 10 21 19 13 -13 15 -15 -12 17 18 -16 -1 -19 22 23 29 25 -25 -26 28 -27 -10
right_child=1 -3 6 4 5 -7 7 -9 9 -11 11 12 -14 14 16 -17 -18 20 -20 -21 -22 -23 -24 24 26 27 -28 -29 -30 -31
leaf_value=-0.016595323536366727 0.19897521632952836 -0.22057506980399125 0.0017110281701007036 0.00023196932056907205 0.04541422583940978 0.34553332372144346 -0.094192669135798684 -0.32817683096201022 -0.012698697900381434 -0.36442690202388606 0.012072321440932541 0.078086522348835882 -0.20167869740597125 0.029335369195034308 0.91417584488650983 0.22658769088263453 0.069949778469029694 0.47242755829224564 -0.011260987015145361 -1.348914088338687 -0.18453802977329697 1.1815203755426456 -0.17174330245309669 0.10293770627168891 -0.066652160459638232 -0.041280100422761368 0.032620046113238245 -0.034391686467838044 0.053443399577792525 0.092534225827214531
leaf_weight=49742 188 710 21054 23376 10060 13316 13310 700 4734 4091 20100 452 3038 22546 744 20100 9402 418 2308 418 12182 604 8014 1735 9360 2991 3258 8187 9365 4009
leaf_count=49742 188 710 21054 23376 10060 13316 13310 700 4734 4091 20100 452 3038 22546 744 20100 9402 418 2308 418 12182 604 8014 1735 9360 2991 3258 8187 9365 4009
internal_value=-5.71099e-05 -0.00648107 -3.64789e-05 9.88755e-05 0.00140914 0.00280544 -0.000980493 -0.00256959 -0.000210821 -0.0010712 0.000131919 0.000647387 -0.00505444 0.000874032 5.92437e-05 0.00183881 -0.00114233 -0.00239969 0.00249672 -0.00080622 -0.00358571 -0.000757219 -0.000872941 -0.000396664 -0.00107118 0.000153515 -0.00323348 -0.000509663 0.00120427 0.00229555
internal_weight=280512 898 279614 244550 46752 23376 35064 14010 197798 56348 141450 91290 3490 87800 47600 40200 25054 15652 3052 50160 12600 52257 51653 43639 34896 22278 12618 20543 12356 8743
internal_count=280512 898 279614 244550 46752 23376 35064 14010 197798 56348 141450 91290 3490 87800 47600 40200 25054 15652 3052 50160 12600 52257 51653 43639 34896 22278 12618 20543 12356 8743
is_linear=0
shrinkage=0.06


Tree=129
num_leaves=31
num_cat=0
split_feature=14 12 15 3 6 1 1 3 15 16 3 15 7 6 5 8 3 5 2 15 12 15 8 12 15 3 1 3 6 15
split_gain=10.2688 21.184 17.8861 14.7863 15.2749 14.4281 16.9706 18.0281 22.1952 27.0666 19.9531 20.196 17.6165 18.0574 15.6688 15.551 14.5373 14.3005 17.2166 29.9696 21.4018 18.9287 27.1461 23.3581 19.6603 18.0384 15.9956 19.6019 15.3003 20.8787
threshold=25.651000000000003 1.3812500000000003 -3.3949999999999996 5.5000000000000009 1.1839061703319149 22.500000000000004 6.5000000000000009 6.5000000000000009 42.801500000000004 79.838000000000008 3.5000000000000004 1.7510000000000001 1.0129078669524729 1.4983572501281979 1.0000000180025095e-35 1.0219171149106954 4.5000000000000009 1.0000000180025095e-35 1.0000000180025095e-35 34.412500000000001 0.23375000000000004 26.581000000000003 1.1267567927584132 1.0000000180025095e-35 -1.0000000180025095e-35 2.5000000000000004 14.500000000000002 3.5000000000000004 1.4221629580609856 12.991000000000001
decision_type=2 2 2 2 2 2 2 2 2 2 2 2 2 2 2 2 2 2 2 2 2 2 2 2 2 2 2 2 2 2
left_child=-1 2 -2 4 -3 6 7 10 9 -9 14 -12 -13 16 -4 -11 -14 18 19 21 -21 22 24 -23 -8 -24 -19 -28 29 -20
right_child=1 3 5 -5 -6 -7 17 8 -10 15 11 12 13 -15 -16 -17 -18 26 28 20 -22 23 25 -25 -26 -27 27 -29 -30 -31
leaf_value=0.005731210685084167 -0.74595910404866472 -0.81036041499284417 -0.053556738417102276 -0.10014187023848344 -0.03775723920084452 -0.12773938646932101 -0.84814824219629625 -0.074691274534599908 -0.27663310941989699 1.2528285768772307 0.37254673002267352 0.13602583037693236 -0.42622487015724358 0.069863303097438656 -0.81562369750952335 -1.0752209568266993 -0.14155895835498816 -0.32294883313024569 -0.13688271137182972 0.33043880786076413 -0.081366950179317707 -0.40899899558623393 -1.1852736545626723 0.81901108151748847 0.3100262799330108 -0.10689434346552809 0.32156998530996811 -0.099216093078696374 0.062997248953893178 0.0080849953348619864
leaf_weight=121740 202 666 13054 1470 374 6190 120 7358 7554 928 566 8518 614 410 216 92 1306 2176 9136 10098 2016 1332 168 254 2394 536 434 1962 7056 71572
leaf_count=121740 202 666 13054 1470 374 6190 120 7358 7554 928 566 8518 614 410 216 92 1306 2176 9136 10098 2016 1332 168 254 2394 536 434 1962 7056 71572
internal_value=-4.64151e-05 -0.000364296 -0.000276459 -0.00583267 -0.0113077 -0.000253364 -0.000136118 -0.00118328 -0.00275672 -0.000630222 -0.00016772 0.00167163 0.00109513 -0.0035279 -0.00174981 0.00852941 -0.00596875 0.000253172 0.00039663 0.00214919 0.00373947 -0.00186095 0.000783095 -0.00722573 0.00369928 -0.00963068 -0.0030315 0.000350584 5.8794e-05 -0.000175447
internal_weight=280512 158772 156262 2510 1040 156060 149870 40616 15932 8378 24684 11414 10848 2330 13270 1020 1920 109254 104682 16918 12114 4804 3218 1586 2514 704 4572 2396 87764 80708
internal_count=280512 158772 156262 2510 1040 156060 149870 40616 15932 8378 24684 11414 10848 2330 13270 1020 1920 109254 104682 16918 12114 4804 3218 1586 2514 704 4572 2396 87764 80708
is_linear=0
shrinkage=0.06


Tree=130
num_leaves=31
num_cat=0
split_feature=7 3 14 16 1 3 3 15 3 6 15 0 3 3 10 7 10 6 6 3 3 7 2 2 15 3 15 15 2 0
split_gain=10.1112 14.6789 10.8315 28.3689 16.9412 16.2235 19.8074 18.8068 16.8885 15.0535 30.1406 16.907 15.2741 15.3581 15.0672 14.5168 14.502 14.3767 19.7783 13.8222 26.2939 51.6062 26.0915 25.3146 41.7871 21.9792 70.8098 46.2288 54.1454 39.3144
threshold=1.9407156437068414 4.5000000000000009 3.6815000000000002 9.5154750000000003 5.5000000000000009 10.500000000000002 8.5000000000000018 53.505000000000003 2.5000000000000004 1.8238935004710009 69.091500000000011 1.5000000000000002 2.5000000000000004 10.500000000000002 0.90000000000000069 0.98981418594101689 1.5999999999999985 1.3610932786544516 0.5812083496705166 6.5000000000000009 5.5000000000000009 0.99827436264285618 3.5000000000000004 4.5000000000000009 -1.0000000180025095e-35 9.5000000000000018 0.041500000000000002 241.19500000000002 1.0000000180025095e-35 1.5000000000000002
decision_type=2 2 2 2 2 2 2 2 2 2 2 2 2 2 2 2 2 2 2 2 2 2 2 2 2 2 2 2 2 2
left_child=2 -2 3 -1 -5 6 7 8 -6 14 11 -11 -12 -14 19 -10 -7 18 -16 20 -4 22 -22 -23 -25 27 -27 29 -29 -21
right_child=1 -3 9 4 5 16 -8 -9 15 10 12 -13 13 -15 17 -17 -18 -19 -20 25 21 23 -24 24 -26 26 -28 28 -30 -31
leaf_value=0.0028210383898256064 -0.12842028356357413 -0.0051795043194785197 0.0032552763744832002 0.00088739210549753972 0.76275431059929844 2.442137153644385 -0.27225944708576283 0.69992368862519505 0.52441683797940963 0.062728004701754811 0.22364779696153128 0.01536024470065803 -0.35783053018094557 0.066112785990293188 0.03398417212454969 -0.063706655493491193 -0.077281405351864771 0.011327449599205303 -0.072268406738525665 0.00265762632878082 0.011039835074153296 0.22501565027107906 -0.33899430803189812 -0.37798291846776827 0.060529100954093272 0.48492646028309294 -0.0059682493821926388 -1.0044532753402802 5.9205888603482792 -0.11967808956288215
leaf_weight=35100 880 2136 82334 1904 398 340 580 1298 390 2614 260 2044 612 274 6914 1014 68 8196 23784 22340 1988 8564 1124 282 2548 2186 45190 248 506 24396
leaf_count=35100 880 2136 82334 1904 398 340 580 1298 390 2614 260 2044 612 274 6914 1014 68 8196 23784 22340 1988 8564 1124 282 2548 2186 45190 248 506 24396
internal_value=-4.59873e-05 -0.00350133 -8.43255e-06 0.000890684 0.00470628 0.00688356 0.005625 0.00752903 0.00356271 -0.000164718 0.0028532 0.00499785 -0.00586387 -0.00961625 -0.000240676 0.000470085 0.0182353 -0.00131743 -0.00191348 -2.22215e-05 0.000482032 0.00283745 -0.00401028 0.00470774 -0.000212014 -0.000536968 0.000377406 -0.00144915 0.0132891 -0.00168692
internal_weight=280512 3016 277496 41092 5992 4088 3680 3100 1802 236404 5804 4658 1146 886 230600 1404 408 38894 30698 191706 96840 14506 3112 11394 2830 94866 47376 47490 754 46736
internal_count=280512 3016 277496 41092 5992 4088 3680 3100 1802 236404 5804 4658 1146 886 230600 1404 408 38894 30698 191706 96840 14506 3112 11394 2830 94866 47376 47490 754 46736
is_linear=0
shrinkage=0.06


Tree=131
num_leaves=31
num_cat=0
split_feature=13 14 8 0 6 3 10 7 14 7 6 8 6 14 5 6 15 15 1 10 3 13 15 3 15 6 14 14 10 15
split_gain=10.116 22.2692 19.7475 20.338 15.4549 15.3087 19.5539 28.3589 20.2007 19.0876 25.2212 18.2585 25.9331 17.725 16.8648 18.8408 16.1569 23.2158 22.7071 21.0471 15.651 26.362 25.8495 22.5422 22.5876 24.7666 38.3309 24.5002 21.1592 22.9706
threshold=22.157500000000002 181.54000000000005 1.6910216035344157 1.5000000000000002 1.334151823421023 1.5000000000000002 -0.073214285714285218 0.78687149137802082 53.895000000000003 0.74935388178235141 0.81677851821719294 1.2210989933635656 1.2735414786356589 9.5310000000000006 1.0000000180025095e-35 0.9830476771683625 19.932500000000001 55.061000000000007 5.5000000000000009 3.5500000000000016 10.500000000000002 72.065000000000012 163.66250000000002 8.5000000000000018 -1.9849999999999997 1.0448900130956857 15.611500000000001 23.971500000000002 1.0000000180025095e-35 267.77500000000003
decision_type=8 2 2 2 2 2 2 2 2 2 2 2 2 2 2 2 2 2 2 2 2 8 2 2 2 2 2 2 2 2
left_child=1 -1 5 4 -4 6 9 -8 16 -2 -11 14 13 -13 20 -16 -9 18 -18 -20 22 -22 23 -7 27 26 -26 -25 29 -23
right_child=2 -3 3 -5 -6 11 7 8 -10 10 -12 12 -14 -15 15 -17 17 -19 19 -21 21 28 -24 24 25 -27 -28 -29 -30 -31
leaf_value=0.0092466086174627544 0.017955225411672729 -0.5347991492123082 -0.066715611791138024 -0.19973012623230227 0.041135439684249868 -0.0010091026477572695 0.50862470186855313 -0.085383248325737696 -0.15470253119928001 -0.11243103230854522 0.72093723953740574 -0.0031206384117408613 0.0003155410348112708 -0.20737726095885931 -0.27247596220320275 -0.024235697045544499 -0.015259446546026893 0.0011634991950733565 1.0472334756517563 -0.57050293899460791 -0.11388249710688902 0.38328518320281507 0.63767984248366483 0.25190959562940313 -0.15139842642044984 0.045251458630527437 -0.052666905117873523 -0.39327699889190981 -0.06139839981368455 -0.37075853682858551
leaf_weight=55539 2284 260 1180 2449 792 111172 933 1793 7649 788 2217 2912 10692 6694 2032 5621 744 2540 1403 80 5558 19438 4162 684 9629 3049 12485 80 3403 2250
leaf_count=55539 2284 260 1180 2449 792 111172 933 1793 7649 788 2217 2912 10692 6694 2032 5621 744 2540 1403 80 5558 19438 4162 684 9629 3049 12485 80 3403 2250
internal_value=-5.04791e-05 0.000672593 -0.000230027 -0.00420041 0.000334686 -0.000150346 0.00141403 0.000316999 -0.000348371 0.00455474 0.00769717 -0.000310266 -0.00201596 -0.00427858 -0.000117452 -0.00287338 0.00209451 0.0039207 0.00839246 0.0126837 5.2353e-06 0.0012343 -0.000261431 -0.000402848 -0.00199599 -0.00230457 -0.00300353 0.00816754 0.00206249 0.00275267
internal_weight=280512 55799 224713 4421 1972 220292 20431 15142 14209 5289 3005 199861 20298 9606 179563 7653 6560 4767 2227 1483 171910 30649 141261 137099 25927 25163 22114 764 25091 21688
internal_count=280512 55799 224713 4421 1972 220292 20431 15142 14209 5289 3005 199861 20298 9606 179563 7653 6560 4767 2227 1483 171910 30649 141261 137099 25927 25163 22114 764 25091 21688
is_linear=0
shrinkage=0.06


Tree=132
num_leaves=31
num_cat=0
split_feature=7 8 13 15 1 1 0 7 14 12 16 2 13 15 14 8 0 7 14 6 10 7 16 2 1 2 16 14 2 8
split_gain=9.67486 14.3465 10.7399 16.1076 14.7438 27.3276 19.2956 20.5674 20.8325 17.6484 31.6411 33.0391 26.0701 17.3575 16.0849 15.386 21.6613 22.6403 22.628 20.7199 27.0503 14.9338 14.8015 14.5615 14.4523 14.4189 14.101 16.1134 17.015 13.59
threshold=1.852039673004729 0.76568662028228884 32.913500000000006 178.14750000000001 21.500000000000004 16.500000000000004 2.5000000000000004 0.68668525903260591 77.061000000000021 0.2737500000000001 58.031000000000006 4.5000000000000009 130.39250000000001 6.3715000000000011 7.2215000000000007 0.70626397926786477 1.5000000000000002 0.61119511991542674 19.214000000000002 0.76170109714639234 -6.924999999999998 0.5619001528594979 7.8289000000000017 5.5000000000000009 5.5000000000000009 3.5000000000000004 2.6785750000000008 20.121000000000006 1.5000000000000002 1.6910216035344157
decision_type=2 2 8 2 2 2 2 2 2 2 2 2 8 2 2 2 2 2 2 2 2 2 2 2 2 2 2 2 2 2
left_child=2 -2 3 -1 5 9 7 13 22 15 11 26 -13 -7 -14 16 17 -4 -18 24 -21 -16 -9 -10 -17 -5 -11 -28 -29 -8
right_child=1 -3 4 25 -6 6 29 8 23 10 -12 12 14 -15 21 19 18 -19 -20 20 -22 -23 -24 -25 -26 -27 27 28 -30 -31
leaf_value=0.010276347749447225 -0.23195597510965879 -0.013653561759148071 0.34201767942814265 -0.081729441440530612 -0.064632119103991276 -0.12948224573024231 0.29554697501374361 -0.041407476065540447 -0.29263371780278652 -0.070564676812130245 -0.33833769366540334 -0.56476726327758409 0.0062730962315866281 0.44570047209834041 0.18908959971091632 -0.17951325089906869 0.57363148504208761 -0.093471137530115572 0.13118956990739028 0.87315806123419548 -0.0089863800958749698 -0.15924949697146726 0.05354722751551641 0.30355843489257678 -0.03461432322847429 -0.46479621123820303 0.10930366076480337 -0.29280124836303273 0.077855670288726628 -0.34973566159803998
leaf_weight=68845 424 4160 1412 485 17022 708 12680 3168 6477 862 5755 1056 2529 3094 213 4496 1484 3583 5246 517 100258 1559 18410 743 4587 259 5595 1573 3054 258
leaf_count=68845 424 4160 1412 485 17022 708 12680 3168 6477 862 5755 1056 2529 3094 213 4496 1484 3583 5246 517 100258 1559 18410 743 4587 259 5595 1573 3054 258
internal_value=-5.41153e-05 -0.00278796 -8.69792e-06 0.000635876 -0.000226084 -7.40029e-05 0.0012069 0.000428834 -0.000118758 -0.000479695 -0.0020355 -0.000695213 -0.00456412 0.00457654 -0.00249012 -0.000195669 0.00187036 -0.00112312 0.00409212 -0.000416174 -0.000168792 -0.00687359 0.000814719 -0.00290859 -0.00316085 -0.00814516 0.00117467 0.00179613 -0.000823428 0.00316741
internal_weight=280512 4584 275928 69589 206339 189317 45538 32600 28798 143779 22196 16441 5357 3802 4301 121583 11725 4995 6730 109858 100775 1772 21578 7220 9083 744 11084 10222 4627 12938
internal_count=280512 4584 275928 69589 206339 189317 45538 32600 28798 143779 22196 16441 5357 3802 4301 121583 11725 4995 6730 109858 100775 1772 21578 7220 9083 744 11084 10222 4627 12938
is_linear=0
shrinkage=0.06


Tree=133
num_leaves=31
num_cat=0
split_feature=14 14 12 6 3 15 15 7 2 2 13 13 8 3 1 1 1 7 15 15 2 15 3 14 15 2 13 10 3 15
split_gain=9.63918 12.8541 12.5413 11.8367 16.4327 11.9564 16.6628 29.8959 11.697 10.6455 10.521 16.3287 10.1124 9.88237 9.82169 9.17057 20.7473 20.4132 16.6807 13.8818 13.869 18.676 32.691 21.6691 20.0607 19.8851 24.5323 24.3209 43.5896 29.1935
threshold=-0.7649999999999999 -6.044999999999999 1.8487500000000001 0.93042470737202432 4.5000000000000009 41.074000000000005 18.275000000000002 1.0401746337795137 1.5000000000000002 2.5000000000000004 11.682500000000003 4.6260000000000003 0.65717552503754051 9.5000000000000018 10.500000000000002 20.500000000000004 16.500000000000004 0.71698740361791835 -1.9849999999999997 6.9315000000000007 4.5000000000000009 -3.3949999999999996 8.5000000000000018 0.35150000000000003 4.8210000000000006 5.5000000000000009 145.80650000000003 -1.0000000180025095e-35 2.5000000000000004 61.26250000000001
decision_type=2 2 2 2 2 2 2 2 2 2 8 10 2 2 2 2 2 2 2 2 2 2 2 2 2 2 10 2 2 2
left_child=1 9 15 -3 -5 6 10 14 -7 -1 11 -6 -11 -13 -8 16 20 19 -17 -18 -2 22 23 -22 -23 26 -26 28 -27 -29
right_child=2 3 -4 4 5 8 7 -9 -10 12 -12 13 -14 -15 -16 18 17 -19 -20 -21 21 24 -24 -25 25 27 -28 29 -30 -31
leaf_value=0.15895853960571329 0.0024319541769196942 -0.03085098662459301 -0.19060678429965558 0.19215183014472212 0.014595315134414828 0.87794686759251106 0.32693391200633165 -0.14948338777083062 -0.15916609373834079 1.7169968937241042 -0.0039577749340047692 0.03702813094813813 -0.064611403683702259 0.33290896116073859 0.18396140619550908 0.24512124428200346 -0.064550293691352859 0.021360088278375346 -0.029904804532913765 0.39840422870024117 0.023571182246447202 0.013367522637017482 0.085806863914347081 -0.41307300445014716 -0.060012015458831197 0.25750222491852726 -1.5296579887537283 0.054652260941220714 -0.12283176969721114 -0.18841332462042834
leaf_weight=108 138436 1174 760 700 974 92 402 130 424 42 2145 135 946 248 242 338 984 40930 33958 4468 174 13296 222 638 19518 944 624 10988 3032 3440
leaf_count=108 138436 1174 760 700 974 92 402 130 424 42 2145 135 946 248 242 338 984 40930 33958 4468 174 13296 222 638 19518 944 624 10988 3032 3440
internal_value=-5.96766e-05 0.00202525 -0.00011901 0.0030153 0.00418427 0.00292988 0.003971 0.011938 -0.00569767 -0.00399635 0.00221017 0.00634488 -0.00595142 0.0168407 0.017236 -9.75036e-05 3.48347e-05 0.0011733 -0.0010147 0.00462216 -0.000241177 -0.00106778 -0.00905222 -0.0146305 -0.00090853 -0.00160172 -0.00290438 -0.000176049 -0.00433099 0.000968949
internal_weight=280512 7762 272750 6666 5492 4792 4276 774 516 1096 3502 1357 988 383 644 271990 237694 46382 34296 5452 191312 52876 1034 812 51842 38546 20142 18404 3976 14428
internal_count=280512 7762 272750 6666 5492 4792 4276 774 516 1096 3502 1357 988 383 644 271990 237694 46382 34296 5452 191312 52876 1034 812 51842 38546 20142 18404 3976 14428
is_linear=0
shrinkage=0.06


Tree=134
num_leaves=31
num_cat=0
split_feature=13 16 6 15 15 16 2 13 2 1 13 13 8 15 10 6 7 16 15 7 8 12 13 1 15 13 8 7 13 15
split_gain=9.4464 13.6504 13.7909 16.9119 30.2938 16.1121 12.2872 12.1601 12.7321 10.9081 8.99286 9.79718 16.755 15.1989 15.1135 18.6252 14.8411 14.7256 14.4093 13.8864 14.3587 11.8166 12.7261 11.7305 15.85 20.7674 14.8049 15.6698 16.7278 18.6905
threshold=418.15500000000003 262.72285000000005 1.0095795620477201 267.77500000000003 123.01250000000002 296.28725000000003 2.5000000000000004 319.22000000000008 2.5000000000000004 4.5000000000000009 -6.0574999999999992 22.157500000000002 1.571724574804229 98.201500000000024 0.90000000000000069 1.7590591924038981 0.64735137188752534 10.029000000000002 141.69250000000002 1.0000317254658451 1.9728387984973503 0.54375000000000007 1.9310000000000003 6.5000000000000009 202.76500000000001 252.28250000000003 0.524256044366468 0.64735137188752534 60.052500000000002 44.653500000000001
decision_type=10 2 2 2 2 2 2 8 2 2 8 8 2 2 2 2 2 2 2 2 2 2 10 2 2 10 2 2 10 2
left_child=1 10 3 4 6 -5 -3 8 -7 -6 -1 21 14 19 23 16 18 -17 -16 20 -14 -12 -23 26 -25 -26 -13 -28 -29 -30
right_child=-2 2 -4 5 9 7 -8 -9 -10 -11 11 12 13 -15 15 17 -18 -19 -20 -21 -22 22 -24 24 25 -27 27 28 29 -31
leaf_value=-0.10045324785148688 1.6092024376290754 -1.7717086993648981 -1.5034826526399983 -1.508003146926864 -1.9460018867132898 -0.42959172756272207 0.00057102681406178129 0.35061226628784592 -1.3279269063619261 2.6223188263151158 0.0041275119474015829 0.20625267321438712 -0.1172686411493527 -0.4172810910055198 0.012122318460243519 -0.015777323507590677 -0.055665577939302921 0.092046500594747144 1.0632328444899066 0.00067018299146893057 -0.39409576659071394 -0.0047417776024839819 0.051593485234763675 0.01249480873724341 0.29733014074537634 2.2992884227612991 -0.17219268507018981 -0.033747482634474364 0.24127723392507702 -0.029209146592495756
leaf_weight=542 512 176 124 556 74 240 119 748 158 766 47078 2706 2236 994 5497 778 26490 1356 402 4469 223 2203 5913 124337 3180 324 4391 37328 3007 3585
leaf_count=542 512 176 124 556 74 240 119 748 158 766 47078 2706 2236 994 5497 778 26490 1356 402 4469 223 2203 5913 124337 3180 324 4391 37328 3007 3585
internal_value=-5.64682e-05 -7.13571e-05 -0.00412361 -0.00326754 0.00240529 -0.00705053 -0.0141356 -0.00298429 -0.0114573 0.00821429 -2.80466e-05 -1.29115e-05 -0.000191276 -0.00290078 -9.06829e-05 -0.00124004 -0.00159776 0.00418932 0.00112392 -0.00190531 -0.00552664 0.00070225 0.00281666 0.000131166 0.000438122 0.00441781 -0.000638023 -0.000879924 -0.000538251 0.00224818
internal_weight=280512 280000 2961 2837 1135 1702 295 1146 398 840 277039 276497 221303 7922 213381 34523 32389 2134 5899 6928 2459 55194 8116 178858 127841 3504 51017 48311 43920 6592
internal_count=280512 280000 2961 2837 1135 1702 295 1146 398 840 277039 276497 221303 7922 213381 34523 32389 2134 5899 6928 2459 55194 8116 178858 127841 3504 51017 48311 43920 6592
is_linear=0
shrinkage=0.06


Tree=135
num_leaves=31
num_cat=0
split_feature=14 16 13 13 3 15 16 12 3 8 15 7 15 8 3 2 14 16 14 6 7 2 5 16 3 14 6 1 16 15
split_gain=9.42131 24.0202 14.414 17.7658 27.5512 25.496 19.1666 18.9611 25.1175 17.5053 17.3233 28.1413 19.7384 16.6364 18.045 14.6162 13.82 13.7571 13.5144 14.9601 13.2267 12.3208 15.3843 21.472 19.7106 18.9787 25.5234 16.8518 14.8995 14.4912
threshold=32.196000000000005 34.758250000000004 0.16150000000000003 29.285000000000004 7.5000000000000009 178.14750000000001 76.384000000000015 1.1787500000000002 5.5000000000000009 1.8886463969291711 16.132500000000004 0.99827436264285618 59.384000000000007 1.2321293766605115 7.5000000000000009 4.5000000000000009 39.355000000000011 58.725250000000003 39.835000000000008 1.4299765917540848 0.59033775535746658 1.0000000180025095e-35 1.0000000180025095e-35 85.40215000000002 9.5000000000000018 77.061000000000021 0.98739851026681891 9.5000000000000018 43.945025000000008 0.56100000000000017
decision_type=2 2 8 8 2 2 2 2 2 2 2 2 2 2 2 2 2 2 2 2 2 2 2 2 2 2 2 2 2 2
left_child=17 18 13 4 6 10 -4 9 -9 21 16 -12 15 14 -3 -13 -6 -1 -2 -20 -10 22 24 27 29 26 -26 -24 -28 -5
right_child=1 2 3 7 5 -7 -8 8 20 -11 11 12 -14 -15 -16 -17 -18 -19 19 -21 -22 -23 23 -25 25 -27 28 -29 -30 -31
leaf_value=0.0040678691554101023 -0.0662039234819565 -0.12665251974675179 0.061795835530188831 -0.95897423019159955 1.3298458696876161 -0.47019103401967077 0.44054919647267071 -0.66942631218767312 -0.75754759775189029 -0.32598639616846548 0.57901409473755272 -0.010456456721749987 -0.22729813476787811 0.087073423780060596 -0.38083282494369997 0.38806016943727351 -0.24387150020850326 0.61609727878810738 -0.52102115598705523 0.069992526326109417 0.060677104268032377 -0.027174615673435838 0.22037727883435082 -0.9871967147698546 -0.17542962763549219 0.17149531661186729 0.084016386462442583 -0.22912644678318528 1.2716473344111641 0.035581410710039875
leaf_weight=139810 6748 970 6395 125 60 385 2487 818 123 509 1024 1317 1288 341 425 481 1309 864 1060 178 1264 95884 192 344 392 2701 290 356 1025 11347
leaf_count=139810 6748 970 6395 125 60 385 2487 818 123 509 1024 1317 1288 341 425 481 1309 864 1060 178 1264 95884 192 344 392 2701 290 356 1025 11347
internal_value=-4.72707e-05 -0.00039603 -0.0002025 -0.000130038 0.00183101 -0.00136085 0.0039383 -0.000380688 -0.00589116 -0.000273318 -0.000312101 0.00163504 -0.00122489 -0.00563364 -0.00853763 0.00283648 -0.00615778 0.000299416 -0.00359128 -0.0093538 -0.000973324 -0.000223157 0.00127713 -0.00639013 0.00170781 0.00511797 0.0100703 0.000985401 0.014076 0.00039749
internal_weight=280512 139838 131852 130116 14746 5864 8882 115370 2205 113165 5479 4110 3086 1736 1395 1798 1369 140674 7986 1238 1387 112656 16772 892 15880 4408 1707 548 1315 11472
internal_count=280512 139838 131852 130116 14746 5864 8882 115370 2205 113165 5479 4110 3086 1736 1395 1798 1369 140674 7986 1238 1387 112656 16772 892 15880 4408 1707 548 1315 11472
is_linear=0
shrinkage=0.06


Tree=136
num_leaves=31
num_cat=0
split_feature=14 10 8 16 16 10 8 2 3 3 8 15 5 15 2 7 8 3 15 15 15 7 10 2 1 3 15 15 7 15
split_gain=9.60066 14.2766 13.7992 21.2387 15.9205 15.1015 34.7808 18.0542 14.1782 22.1723 13.9241 12.9036 17.1735 12.8617 13.8965 19.3685 16.9528 20.1575 32.9748 24.1299 23.4792 23.2977 14.834 14.5946 25.655 20.2372 31.957 25.6323 26.2151 21.1287
threshold=59.585000000000008 4.767857142857145 0.92528961338226823 139.64352500000004 51.528300000000009 -6.1821428571428561 0.71085400727221548 4.5000000000000009 4.5000000000000009 1.5000000000000002 0.76568662028228884 241.19500000000002 1.0000000180025095e-35 -1.9849999999999997 5.5000000000000009 0.44000494050618616 1.2413805778006395 1.5000000000000002 53.505000000000003 38.083500000000008 12.6225 0.88147388169503094 -1.0000000180025095e-35 4.5000000000000009 19.500000000000004 5.5000000000000009 163.66250000000002 78.00500000000001 0.57129938017819004 37.604000000000006
decision_type=2 2 2 2 2 2 2 2 2 2 2 2 2 2 2 2 2 2 2 2 2 2 2 2 2 2 2 2 2 2
left_child=11 2 3 5 -4 6 7 -2 9 -7 -5 -1 -13 -6 23 -16 17 18 19 22 -19 -20 -17 24 -15 27 -27 29 -29 -25
right_child=1 -3 4 10 13 8 -8 -9 -10 -11 -12 12 -14 14 15 16 -18 20 21 -21 -22 -23 -24 25 -26 26 -28 28 -30 -31
leaf_value=0.0030051688675415055 -1.2636034710451332 -0.18993364635214102 -0.28213436495179328 1.3026924253019783 0.54420365746080013 0.45843744535449882 0.51920908688645362 0.1527929443809124 0.11127297365810833 -0.1995734767742425 -0.0061766398100638747 1.6346673532170362 -0.36148975725336679 -0.011826907612214653 -1.4398567623198075 1.1868797424716429 0.33131789600411143 -0.78644549022228183 0.035785633650640844 1.3799638175416078 0.21537910881489322 -0.67265130553190011 -0.9036735837669454 0.068112777599723548 -0.22683725533801763 -0.79948896255387403 0.25647832492621969 -1.3063567910878524 0.55644236277437553 -0.54044615674735141
leaf_weight=192408 420 1338 966 998 276 866 276 122 9662 4354 524 666 92 45882 68 28 976 242 182 172 4200 428 120 1222 8548 2448 820 116 942 1150
leaf_count=192408 420 1338 966 998 276 866 276 122 9662 4354 524 666 92 45882 68 28 976 242 182 172 4200 428 120 1222 8548 2448 820 116 942 1150
internal_value=-5.43292e-05 -0.000576329 -0.000480653 0.00103821 -0.000860931 0.000382166 -0.00755501 -0.0163838 0.000818438 -0.00170115 0.00780552 0.000181709 0.00799472 -0.000751991 -0.000804809 0.00185162 0.00219282 0.000871184 -0.00716129 0.0084375 0.0025529 -0.0153443 -0.00932432 -0.00108363 -0.000758405 -0.00372649 -0.00710526 -0.000507289 0.00725898 -0.00397133
internal_weight=280512 87346 86008 17222 68786 15700 818 542 14882 5220 1522 193166 758 67820 67544 6416 6348 5372 930 320 4442 610 148 61128 54430 6698 3268 3430 1058 2372
internal_count=280512 87346 86008 17222 68786 15700 818 542 14882 5220 1522 193166 758 67820 67544 6416 6348 5372 930 320 4442 610 148 61128 54430 6698 3268 3430 1058 2372
is_linear=0
shrinkage=0.06


Tree=137
num_leaves=31
num_cat=0
split_feature=14 10 13 8 0 3 13 3 12 3 3 14 3 3 15 14 8 3 3 15 2 15 13 2 13 10 8 8 2 0
split_gain=8.27077 13.2476 13.1496 15.206 16.4661 42.4209 19.3636 17.4435 18.1785 17.1206 17.6388 16.3063 15.7919 66.916 37.758 53.6887 31.2408 30.9686 29.2956 28.6395 46.638 23.8368 23.7198 21.2791 18.833 18.8087 18.2803 17.0892 16.1692 21.523
threshold=59.585000000000008 4.767857142857145 32.913500000000006 0.99999968811882878 1.5000000000000002 8.5000000000000018 0.57150000000000001 4.5000000000000009 0.79625000000000012 7.5000000000000009 2.5000000000000004 159.34500000000003 10.500000000000002 6.5000000000000009 86.361000000000004 113.62650000000001 1.0044737539161852 11.500000000000002 5.5000000000000009 5.9210000000000003 2.5000000000000004 0.56100000000000017 28.165000000000003 5.5000000000000009 -6.0574999999999992 -0.028571428571428022 1.0219171149106954 1.0044737539161852 3.5000000000000004 2.5000000000000004
decision_type=2 2 10 2 2 2 10 2 2 2 2 2 2 2 2 2 2 2 2 2 2 2 8 2 10 2 2 2 2 2
left_child=-1 2 3 4 5 9 7 8 -6 10 11 -2 13 18 16 26 17 19 22 -14 -21 -15 -5 -22 -18 -24 -16 28 -20 -30
right_child=1 -3 -4 12 6 -7 -8 -9 -10 -11 -12 -13 14 21 15 -17 24 -19 27 20 23 -23 25 -25 -26 -27 -28 -29 29 -31
leaf_value=0.0033374871026286713 0.72084737292431644 -0.17853762757101269 -0.078194553963477631 0.17093741879196533 -0.0082461925628518878 -0.57582424095458407 0.93882734760493336 0.28518542356961174 -1.2620663260505733 1.209604543140653 -0.10281837988353405 -2.0971569576896911 8.3029342058694144 -1.2576111662026419 -0.98408051547835307 0.31412362071218125 -0.24119867620889548 1.6758199670411424 1.2153725505353334 1.4593889240359597 -0.85878869994412443 -0.32101768095282734 0.17221347614580765 0.89067290054095283 0.20033237552858388 -0.12201954266737097 0.33774721033125993 0.032580616229313866 -1.07384548082169 0.9689656199181631
leaf_weight=193166 674 1338 32697 2746 2546 817 1153 4961 224 185 1365 71 182 291 1533 3662 1095 917 960 1079 782 8590 3222 205 601 13912 298 816 72 352
leaf_count=193166 674 1338 32697 2746 2546 817 1153 4961 224 185 1365 71 182 291 1533 3662 1095 917 960 1079 782 8590 3222 205 601 13912 298 816 72 352
internal_value=-4.85541e-05 -0.000533052 -0.000440889 0.000140121 0.00202067 -0.00173522 0.00333633 0.00225456 -0.00155957 0.00244444 0.000909953 0.00833557 -0.000405906 -0.00108427 0.00162256 -0.00178591 0.00547418 0.00899526 0.000684783 0.00520463 0.00319458 -0.00548249 -4.22535e-05 -0.006231 -0.0010967 -0.000871951 -0.0101748 0.00725455 0.011315 0.0015566
internal_weight=280512 87346 86008 53311 11996 3112 8884 7731 2770 2295 2110 745 41315 30961 10354 5493 4861 3165 22080 2248 2066 8881 19880 987 1696 17134 1831 2200 1384 424
internal_count=280512 87346 86008 53311 11996 3112 8884 7731 2770 2295 2110 745 41315 30961 10354 5493 4861 3165 22080 2248 2066 8881 19880 987 1696 17134 1831 2200 1384 424
is_linear=0
shrinkage=0.06


Tree=138
num_leaves=31
num_cat=0
split_feature=7 6 16 2 13 10 16 0 16 14 16 13 13 6 10 3 3 3 2 3 10 3 13 2 16 14 13 16 3 1
split_gain=8.3229 15.1179 24.0726 25.0985 21.5229 12.5857 16.5465 11.6423 15.772 10.0075 22.2821 15.1284 13.3788 12.801 19.1559 15.0747 13.1378 25.9398 14.4456 14.2366 23.2585 20.7186 25.0897 19.2773 23.0475 21.4314 18.2931 17.5318 13.16 17.7012
threshold=1.6416757835865621 1.3814312874136827 10.927250000000001 1.0000000180025095e-35 20.977500000000003 1.9785714285714306 84.427250000000015 2.5000000000000004 24.264750000000003 3.5115000000000003 5.1853500000000006 79.413500000000013 19.741000000000003 0.85302114781382543 -2.3285714285714261 7.5000000000000009 10.500000000000002 11.500000000000002 2.5000000000000004 4.5000000000000009 1.1642857142857146 5.5000000000000009 1.4325000000000003 5.5000000000000009 12.922000000000001 0.35150000000000003 28.165000000000003 23.566975000000003 8.5000000000000018 4.5000000000000009
decision_type=2 2 2 2 8 2 2 2 2 2 2 10 8 2 2 2 2 2 2 2 2 2 8 2 2 2 8 2 2 2
left_child=9 7 -3 -4 -5 -6 -7 8 -2 10 12 13 -1 15 -15 -12 19 18 -18 23 21 22 -21 25 -25 26 -16 -27 -23 -30
right_child=1 2 3 4 5 6 -8 -9 -10 -11 11 -13 -14 14 16 -17 17 -19 -20 20 -22 28 -24 24 -26 27 -28 -29 29 -31
leaf_value=0.01453061936149035 -0.017601761976959875 -0.021827389821004538 -0.068183452817703868 0.077658734499565521 -0.023348369483116155 0.10105708436673366 -0.25962989904665584 -0.073141930280718581 -0.39861791020923198 -0.0042358460856733162 0.54923755682580477 0.79259940832125775 -0.015694374688672266 0.66355069965804137 -0.34187139742103023 0.018558958818357372 -0.16004797932225312 -0.0073664648358249592 3.2405690292385172 0.13692175394594655 0.20868485399717315 0.057414282911323437 -0.23075375726608743 0.17904545778763334 -1.5647420474554139 -0.0043681376308833918 0.72284028779677678 1.6328145567832935 0.12561659807803915 -0.14273317698721727
leaf_weight=10123 884 2810 838 987 1328 792 121 1874 1086 231226 1292 749 16607 418 92 852 37 397 246 222 430 2070 1337 340 203 1110 666 74 260 1041
leaf_count=10123 884 2810 838 987 1328 792 121 1874 1086 231226 1292 749 16607 418 92 852 37 397 246 222 430 2070 1337 340 203 1110 666 74 260 1041
internal_value=-4.51318e-05 -0.0016847 0 0.0029513 0.00535316 0.00210174 0.00752464 -0.00469823 -0.00791878 2.00154e-05 0.000914795 0.00308212 -4.48934e-05 0.00252458 0.00152633 0.00668843 0.000911437 0.00891176 0.0227915 0.000217973 -0.00152239 -0.00268966 -0.00840924 0.00397183 -0.0060221 0.00676622 0.0146438 0.00172297 -4.44972e-05 -0.00477325
internal_weight=280512 10720 6876 4066 3228 2241 913 3844 1970 269792 38566 11836 26730 11087 8943 2144 8525 680 283 7845 5360 4930 1559 2485 543 1942 758 1184 3371 1301
internal_count=280512 10720 6876 4066 3228 2241 913 3844 1970 269792 38566 11836 26730 11087 8943 2144 8525 680 283 7845 5360 4930 1559 2485 543 1942 758 1184 3371 1301
is_linear=0
shrinkage=0.06


Tree=139
num_leaves=31
num_cat=0
split_feature=14 14 12 7 15 13 15 13 15 3 1 3 13 3 2 13 15 13 2 13 13 2 3 10 6 13 2 2 15 7
split_gain=7.96254 11.8805 11.0386 10.5308 22.3687 19.1283 17.8285 15.1969 14.2391 13.5809 11.4338 10.9704 10.5481 9.86691 9.31078 11.4931 11.7288 9.0244 8.69487 8.01513 7.91822 9.45875 8.16034 19.1665 15.4864 13.8898 26.216 15.3557 42.8224 31.5622
threshold=-0.7649999999999999 -6.044999999999999 1.7412500000000002 1.0876218444182257 15.691000000000001 14.695000000000002 15.691000000000001 2.9715000000000003 47.189000000000007 6.5000000000000009 8.5000000000000018 9.5000000000000018 1.7645000000000002 4.5000000000000009 4.5000000000000009 -1.0174999999999998 -0.028999999999999995 45.955000000000005 2.5000000000000004 0.83150000000000002 418.15500000000003 2.5000000000000004 1.5000000000000002 -9.1535714285714267 0.50870095613873001 100.68150000000001 1.5000000000000002 5.5000000000000009 62.813500000000012 0.99362685940203177
decision_type=2 2 2 2 2 8 2 10 2 2 2 2 10 2 2 10 2 8 2 10 10 2 2 2 2 10 2 2 2 2
left_child=1 18 20 4 5 7 12 14 10 -10 -6 -9 -5 -4 19 -16 -17 -7 -1 -3 22 -22 23 24 -2 27 -27 -25 -29 -30
right_child=2 3 13 6 8 17 -8 11 9 -11 -12 -13 -14 -15 15 16 -18 -19 -20 -21 21 -23 -24 25 -26 26 -28 28 29 -31
leaf_value=0.14840500289056913 -0.44256957477249298 0.098697745039437346 -0.89995227209023809 0.047462417695253618 0.35062878541916603 -0.2781624160545777 -0.10960821176382983 0.040676132421730377 0.57582142390533375 -0.15707338590866829 0.17336677073785653 0.25551688456578114 -0.055381115663352305 -0.080391296997154513 -0.1018915512711094 0.073442341706838471 -0.040117160425334447 -0.008714575120483143 -0.055400126260977248 -0.016058224300044433 4.541564180708761 0.28531564103941376 -0.0046760183364590487 0.087976843232938792 1.2501978446387365 0.62101498107800801 -0.34318200955615935 0.078357983117344501 0.10140430706070133 -0.82442030526568522
leaf_weight=108 86 223 110 604 572 259 402 355 260 320 484 303 314 1532 156 92 204 1975 988 143 166 346 246847 17731 336 623 1991 1832 353 797
leaf_count=108 86 223 110 604 572 259 402 355 260 320 484 303 314 1532 156 92 204 1975 988 143 166 346 246847 17731 336 623 1991 1832 353 797
internal_value=-4.74846e-05 0.00184746 -0.000101412 0.00279928 0.00398429 0.00140701 -0.002 0.00670732 0.00982885 0.00227586 0.0139773 0.0134954 0.00261438 -0.00500609 0.00124694 -0.00451327 0.00243243 -0.0020949 -0.00394161 0.00836066 -7.17057e-05 0.00738281 -8.58106e-05 0.000976462 0.0136493 0.000747203 -0.00337414 0.00126732 -0.0027163 -0.0117913
internal_weight=280512 7762 272750 6666 5346 3710 1320 1476 1636 580 1056 658 918 1642 818 452 296 2234 1096 366 271108 512 270596 23749 422 23327 2614 20713 2982 1150
internal_count=280512 7762 272750 6666 5346 3710 1320 1476 1636 580 1056 658 918 1642 818 452 296 2234 1096 366 271108 512 270596 23749 422 23327 2614 20713 2982 1150
is_linear=0
shrinkage=0.06


Tree=140
num_leaves=31
num_cat=0
split_feature=14 14 6 3 12 5 8 1 1 0 8 14 3 15 14 7 5 8 16 7 6 4 15 3 14 15 12 14 16 15
split_gain=7.96459 10.6005 10.524 10.6556 10.1739 8.02934 10.3798 7.79596 18.4232 21.8525 15.3561 17.4064 16.0774 15.1408 13.7456 16.6021 13.341 12.613 16.3371 12.2685 22.328 12.0713 19.9027 29.0273 19.7785 16.9693 19.1456 34.5867 17.3942 20.6403
threshold=-0.7649999999999999 -6.044999999999999 0.93042470737202432 2.5000000000000004 1.8487500000000001 1.0000000180025095e-35 0.65717552503754051 20.500000000000004 16.500000000000004 1.5000000000000002 0.99999968811882878 8.1415000000000024 6.5000000000000009 -1.9849999999999997 103.224 0.5404870496926043 1.0000000180025095e-35 1.4398982778291354 81.619500000000002 1.186922714343265 1.2308515509092923 1.0000000180025095e-35 -3.3949999999999996 8.5000000000000018 0.35150000000000003 4.8210000000000006 0.24875000000000003 4.8490000000000011 81.619500000000002 220.03500000000003
decision_type=2 2 2 2 2 2 2 2 2 2 2 2 2 2 2 2 2 2 2 2 2 2 2 2 2 2 2 2 2 2
left_child=1 5 -3 -4 7 6 -1 8 21 14 11 -11 -12 -9 19 -16 -13 -15 -19 -10 -21 -2 23 24 -23 -24 28 -28 29 -27
right_child=4 2 3 -5 -6 -7 -8 13 9 10 12 16 -14 17 15 -17 -18 18 -20 20 -22 22 25 -25 -26 26 27 -29 -30 -31
leaf_value=1.6493211777965282 0.0023593945777234866 -0.033823038245618962 0.76282417524919821 0.037022662645383515 -0.1631708394577106 -0.58468035373848748 -0.03102072461925871 0.2298253803623368 0.02532585572325062 1.197129929027789 0.23263644145145654 0.37664159769436023 -0.009781523416481832 -0.020543290760875053 0.86678108518350927 -0.3679172232785487 -0.31989361555885015 -0.032702606593680267 -0.57733762929473953 -0.10781516912950022 0.0014596104467152493 0.02407745109893402 0.012216175660036686 0.080413618674830031 -0.38750041276561287 -0.011539264238269498 0.019396951447115663 -0.17026478004766546 -0.25143868361779326 1.6425300362317665
leaf_weight=34 138436 1174 182 5310 760 40 1022 338 17676 290 8722 5122 8870 31786 192 2028 274 1750 422 954 2254 174 13296 222 638 29428 1708 3332 3998 80
leaf_count=34 138436 1174 182 5310 760 40 1022 338 17676 290 8722 5122 8870 31786 192 2028 274 1750 422 954 2254 174 13296 222 638 29428 1708 3332 3998 80
internal_value=-3.99983e-05 0.00185519 0.00275428 0.00385652 -9.39322e-05 -0.00361314 -0.00261364 -7.45616e-05 4.7456e-05 0.00112026 0.00241773 0.00512839 0.00154161 -0.000920224 -0.000186981 -0.00467568 0.00435878 -0.001046 -0.00546961 0.000290174 -0.00312344 -0.000212637 -0.000983811 -0.00922631 -0.0144828 -0.000819413 -0.00145696 -0.00490476 -0.000938339 -0.000435136
internal_weight=280512 7762 6666 5492 272750 1096 1056 271990 237694 46382 23278 5686 17592 34296 23104 2220 5396 33958 2172 20884 3208 191312 52876 1034 812 51842 38546 5040 33506 29508
internal_count=280512 7762 6666 5492 272750 1096 1056 271990 237694 46382 23278 5686 17592 34296 23104 2220 5396 33958 2172 20884 3208 191312 52876 1034 812 51842 38546 5040 33506 29508
is_linear=0
shrinkage=0.06


Tree=141
num_leaves=31
num_cat=0
split_feature=14 16 10 16 15 7 16 14 16 6 2 3 15 7 15 10 15 14 16 6 10 3 15 3 3 15 10 10 2 0
split_gain=7.61338 12.8437 10.5249 10.2209 10.8269 10.1833 10.036 21.7184 18.3615 14.7212 14.2601 12.7676 45.0188 22.5506 19.1578 16.3262 11.9448 23.4131 21.1079 24.6219 22.7765 19.5736 45.27 25.6751 28.8596 28.5621 29.3669 27.7032 20.8105 21.7278
threshold=59.585000000000008 91.499475000000004 4.767857142857145 51.528300000000009 -1.9849999999999997 1.9083837083945816 44.557875000000003 42.522500000000008 37.100000000000009 1.1376493452268197 1.5000000000000002 11.500000000000002 72.535000000000011 0.69031554602879497 241.19500000000002 -0.092857142857144734 20.867500000000003 5.5410000000000013 12.35525 1.6631750156810412 -8.1821428571428552 4.5000000000000009 59.384000000000007 10.500000000000002 7.5000000000000009 86.361000000000004 2.514285714285716 -1.6714285714285713 3.5000000000000004 1.5000000000000002
decision_type=2 2 2 2 2 2 2 2 2 2 2 2 2 2 2 2 2 2 2 2 2 2 2 2 2 2 2 2 2 2
left_child=1 6 3 -2 -5 -6 7 16 9 -9 -8 14 -13 -14 -12 -15 18 -18 20 -20 -1 22 -19 24 -23 -25 27 -27 29 -24
right_child=2 -3 -4 4 5 -7 10 8 -10 -11 11 12 13 15 -16 -17 17 21 19 -21 -22 23 28 25 -26 26 -28 -29 -30 -31
leaf_value=0.98706435515848234 -0.1719227492171902 1.282806176663696 -0.16301874081800263 0.49424098785288123 -0.017465017176470459 -0.37533865172536768 0.18440830663863969 -0.56110981722510722 -0.081847026498971617 0.018509787783058559 0.027188732527561186 0.24889486370591055 1.0139267490498463 0.68175559200549996 2.3378639087771518 -0.63621506005942452 0.032682772211363488 0.10853999644981689 0.033185280855649139 0.068794552472058637 -0.0027930961284671051 -0.03038152127637531 -0.23295293714001175 -0.021159351240968037 -0.11432158382322836 -0.70027401419521107 -0.27797311636746752 0.75693846422373279 -0.30824670926392589 0.29344631459361542
leaf_weight=340 1250 392 1338 298 83856 604 8544 980 5662 288 17276 640 132 68 218 762 17394 11616 30200 2062 54760 15276 2162 7056 11084 148 210 1268 2870 1758
leaf_count=340 1250 392 1338 298 83856 604 8544 980 5662 288 17276 640 132 68 218 762 17394 11616 30200 2062 54760 15276 2162 7056 11084 148 210 1268 2870 1758
internal_value=-3.93566e-05 0.000170838 -0.000504202 -0.000422054 -0.000342623 -0.000382903 0.000148775 -2.83406e-05 -0.00331602 -0.00984227 0.00120695 0.00029535 -0.00483146 -0.0130353 0.000764834 -0.0166988 0.000115673 -0.000463284 0.000585151 0.00180398 -0.000128494 -0.00108554 0.00049875 -0.0019177 -0.00284977 0.000912232 0.00808118 0.0111864 -0.00339323 -0.00055102
internal_weight=280512 193166 87346 86008 84758 84460 192774 165134 6930 1268 27640 19096 1602 962 17494 830 158204 70842 87362 32262 55100 53448 18406 35042 26360 8682 1626 1416 6790 3920
internal_count=280512 193166 87346 86008 84758 84460 192774 165134 6930 1268 27640 19096 1602 962 17494 830 158204 70842 87362 32262 55100 53448 18406 35042 26360 8682 1626 1416 6790 3920
is_linear=0
shrinkage=0.06


Tree=142
num_leaves=31
num_cat=0
split_feature=13 15 2 2 3 3 8 3 16 14 16 3 13 15 10 15 14 12 7 2 15 14 3 8 15 7 14 16 10 16
split_gain=7.86819 14.0597 13.0782 12.3538 25.3509 28.9337 38.7135 23.0312 20.0887 16.0848 13.224 28.895 18.2905 17.4991 18.1307 13.7508 17.9259 16.0102 13.9277 13.7006 11.9448 14.8439 11.9892 11.9434 32.8019 20.1012 15.9885 14.9071 14.0973 13.1157
threshold=31.545000000000005 178.14750000000001 4.5000000000000009 5.5000000000000009 3.5000000000000004 7.5000000000000009 0.80487617975558357 1.5000000000000002 31.981249999999999 0.14150000000000004 58.725250000000003 6.5000000000000009 1.0000000180025095e-35 2.4290000000000007 -1.0285714285714276 11.421000000000001 33.07500000000001 0.50875000000000015 1.1367305791287396 3.5000000000000004 83.335000000000022 33.932500000000012 9.5000000000000018 1.458881456839406 96.055000000000021 0.9813458737513604 11.802500000000002 81.619500000000002 -7.4321428571428561 132.84892500000004
decision_type=8 2 2 2 2 2 2 2 2 2 2 2 10 2 2 2 2 2 2 2 2 2 2 2 2 2 2 2 2 2
left_child=1 3 -3 10 7 6 -6 -5 -9 -7 15 -12 -13 -14 -15 16 18 -18 -1 -16 21 -11 -23 -2 25 26 -25 -28 -27 -29
right_child=23 2 -4 4 5 9 -8 8 -10 20 11 12 13 14 19 -17 17 -19 -20 -21 -22 22 -24 24 -26 28 27 29 -30 -31
leaf_value=0.032196839124345449 -0.0041391333501738532 -0.13883915181735373 -0.37793910827579935 -0.020387154341917259 0.12721111740426391 0.065963060168956381 -0.064726891349424609 0.056603079903321134 0.62262327795778627 0.015088922942374676 0.21505166111301321 -0.34372479041513693 -0.6452898443386742 0.65262131727038764 0.08183958254410624 -0.017345857646546649 -0.14843786040860432 0.11980123053546275 -0.0071582526755415536 -0.25811490509563595 -0.39446754467703282 -0.079715607787445159 0.37004423705194761 -0.17504918997790056 -0.46170939192857685 1.708040867557854 0.021875526288506249 -0.48022236551588954 0.010713518855126575 0.73922906929908561
leaf_weight=14123 198683 585 135 505 758 844 3521 830 702 3929 4253 338 162 448 2320 27125 1647 436 5207 773 224 182 628 1042 1884 146 2053 588 6381 60
leaf_count=14123 198683 585 135 505 758 844 3521 830 702 3929 4253 338 162 448 2320 27125 1647 436 5207 773 224 182 628 1042 1884 146 2053 588 6381 60
internal_value=-4.51318e-05 0.000507643 -0.00783333 0.000594736 0.00233358 0.00110054 -0.00264314 0.00843888 0.0121018 0.00385914 0.000223818 0.00243791 -0.00119525 2.43046e-05 0.000906524 -0.000154518 0.000982114 -0.00430629 0.00155199 -0.000727449 0.00255692 0.00319688 0.0105926 -0.000227806 -0.00205364 -0.000718598 -0.00422388 -0.00178823 0.00129156 -0.00972222
internal_weight=280512 69675 720 68955 12123 10086 4279 2037 1532 5807 56832 8294 4041 3703 3541 48538 21413 2083 19330 3093 4963 4739 810 210837 12154 10270 3743 2701 6527 648
internal_count=280512 69675 720 68955 12123 10086 4279 2037 1532 5807 56832 8294 4041 3703 3541 48538 21413 2083 19330 3093 4963 4739 810 210837 12154 10270 3743 2701 6527 648
is_linear=0
shrinkage=0.06


Tree=143
num_leaves=31
num_cat=0
split_feature=5 7 13 2 3 1 16 15 15 3 2 7 3 3 2 10 15 2 2 2 3 16 12 2 15 3 15 7 15 15
split_gain=7.87124 17.3199 13.2498 13.1343 19.2388 13.0744 16.8658 10.0938 10.0148 9.78935 16.6782 9.41168 22.5262 42.3775 29.022 31.0736 18.7039 16.3884 24.0234 16.1478 15.6186 16.1494 15.5939 15.3495 14.8644 14.2156 14.0001 12.4713 12.3297 12.0704
threshold=1.0000000180025095e-35 0.47744009486684497 39.674000000000007 1.5000000000000002 4.5000000000000009 16.500000000000004 72.392150000000015 438.46500000000009 34.025000000000013 11.500000000000002 3.5000000000000004 0.48646527971675163 7.5000000000000009 6.5000000000000009 3.5000000000000004 -7.4321428571428561 3.6510000000000002 1.5000000000000002 3.5000000000000004 2.5000000000000004 4.5000000000000009 115.38075000000001 0.43625000000000008 5.5000000000000009 67.516000000000005 11.500000000000002 11.051500000000003 0.43113766468980014 -0.41849999999999993 2.1710000000000007
decision_type=2 2 8 2 2 2 2 2 2 2 2 2 2 2 2 2 2 2 2 2 2 2 2 2 2 2 2 2 2 2
left_child=11 -2 3 4 8 6 9 -4 -3 -5 -11 12 13 14 15 -1 19 25 -19 28 21 -16 24 -15 -22 29 -20 -23 -17 -14
right_child=1 2 7 5 -6 -7 -8 -9 -10 10 -12 -13 17 23 20 16 -18 18 26 -21 22 27 -24 -25 -26 -27 -28 -29 -30 -31
leaf_value=-0.48401344997850243 -0.4083047428723886 0.055646609178169437 -0.056703271653888741 -0.045656981994357207 0.36764720788520333 0.065444287275809282 -0.32279617534836025 -1.9165816536695408 -0.30109247163500774 -0.02334281950611437 0.35977374835996101 -0.0011846491619798671 -0.33791818964947268 -0.37671266325467012 -0.34989749856907426 0.16749404859825887 0.45972576943950227 1.0505912146712753 0.21505675260653548 3.5639350418529721 1.1731288592127289 2.0756499365444068 -0.43291165156364558 0.16164338279073195 -0.61378312434657178 -0.65707201344953059 -0.19725407079523891 -1.1079063925608943 -0.64004862616452629 0.33131941327323799
leaf_weight=278 280 135 8358 1547 432 737 197 75 135 231 153 259104 56 936 1164 50 2478 1120 728 36 308 90 132 152 72 128 520 58 182 640
leaf_count=278 280 135 8358 1547 432 737 197 75 135 231 153 259104 56 936 1164 50 2478 1120 728 36 308 90 132 152 72 128 520 58 182 640
internal_value=-4.8768e-05 -0.0015342 -0.00119 0.00187553 0.00923077 7.32984e-05 -0.00231203 -0.00248666 -0.00333333 -0.000605904 0.00796875 1.92371e-05 0.0019128 -0.000272911 0.00212871 0.00573413 0.00766934 0.00597744 0.00851351 -0.00738806 -0.00384868 -0.00731707 0.00503906 -0.0109743 0.0112105 -0.00131068 0.00278846 0.0113514 -0.0131897 0.00206897
internal_weight=280512 12280 12000 3567 702 2865 2128 8433 270 1931 384 268232 9128 5936 4848 3024 2746 3192 2368 268 1824 1312 512 1088 380 824 1248 148 232 696
internal_count=280512 12280 12000 3567 702 2865 2128 8433 270 1931 384 268232 9128 5936 4848 3024 2746 3192 2368 268 1824 1312 512 1088 380 824 1248 148 232 696
is_linear=0
shrinkage=0.06


Tree=144
num_leaves=31
num_cat=0
split_feature=3 7 10 6 10 0 7 16 8 2 15 2 15 16 2 2 8 15 2 6 15 15 15 16 14 10 14 15 8 2
split_gain=7.26334 15.6961 14.61 15.5383 13.5473 12.9265 22.6689 20.2821 19.333 17.6042 15.204 20.5567 12.8637 21.8308 12.2569 20.6884 28.665 19.3457 23.2153 22.8581 19.4874 18.5407 18.3023 16.9762 13.6041 12.9131 12.7865 12.3656 12.1173 20.9226
threshold=1.5000000000000002 1.7809299273259047 -9.1535714285714267 0.63677073931782946 3.9142857142857155 1.5000000000000002 0.83872741876698187 22.471 1.6910216035344157 4.5000000000000009 21.643500000000003 1.5000000000000002 132.87750000000003 136.00190000000001 4.5000000000000009 2.5000000000000004 1.0761676044003416 17.575000000000003 1.5000000000000002 1.0008124909445437 88.65600000000002 28.881500000000003 178.14750000000001 83.535499999999999 211.17400000000001 -0.39285714285714141 82.44250000000001 70.601000000000013 0.92113339406894801 1.5000000000000002
decision_type=2 2 2 2 2 2 2 2 2 2 2 2 2 2 2 2 2 2 2 2 2 2 2 2 2 2 2 2 2 2
left_child=1 2 3 -1 -3 6 9 8 -7 28 11 -10 -8 -14 15 17 -17 -9 22 20 27 -18 24 26 -19 -25 -16 -20 -4 -30
right_child=-2 4 5 -5 -6 7 12 14 10 -11 -12 -13 13 -15 23 16 21 18 19 -21 -22 -23 -24 25 -26 -27 -28 -29 29 -31
leaf_value=-0.29962988631537801 -0.0034237488305726058 -0.71504741153712925 1.6284180290704182 1.4037361053472794 0.012669342174096966 1.0910647300521183 -0.083103669223851401 -0.48984380141659351 -0.90220011399481392 -0.13177070042066524 -0.52469754524550993 0.99725220798623004 0.88655428875153952 -0.7004426110466202 -0.064850132411751596 0.83946213439144324 0.68773617046633018 0.30466400012823125 -0.57151322011499595 0.43141603465986533 -2.0377652215225392 -0.22023474780802985 1.8296084502653245 -0.0048699929296451214 -1.1504590059750393 -0.71210376776699724 0.50912458177473663 0.45784466864286172 -0.29617506876577199 0.59168920668992309
leaf_weight=122 256704 162 348 302 134 1076 8972 358 40 448 86 92 354 72 1676 1800 292 2480 526 366 302 950 176 312 164 452 336 246 330 834
leaf_count=122 256704 162 348 302 134 1076 8972 358 40 448 86 92 354 72 1676 1800 292 2480 526 366 302 950 176 312 164 452 336 246 330 834
internal_value=-4.23511e-05 0.000960181 0.00113304 0.0121698 -0.0127703 0.000930353 -0.000512414 0.00232737 0.00941267 0.00535714 -0.00688073 0.00590909 -0.00173654 0.0084507 0.00144883 0.00268668 0.0065286 0.000155912 0.00128169 -0.00491667 -0.00932961 -0.000483092 0.00444681 -0.00196686 0.0031997 -0.00958115 0.000924453 -0.00427461 0.00845238 0.00551546
internal_weight=280512 23808 23512 424 296 23088 11358 11730 1294 1960 218 132 9398 426 10436 7660 3042 4618 4260 1440 1074 1242 2820 2776 2644 764 2012 772 1512 1164
internal_count=280512 23808 23512 424 296 23088 11358 11730 1294 1960 218 132 9398 426 10436 7660 3042 4618 4260 1440 1074 1242 2820 2776 2644 764 2012 772 1512 1164
is_linear=0
shrinkage=0.06


Tree=145
num_leaves=31
num_cat=0
split_feature=13 16 15 15 6 16 2 13 2 1 2 13 16 15 15 6 13 10 8 10 2 13 13 0 12 3 16 0 3 16
split_gain=7.59791 11.0623 11.3726 24.659 15.9874 13.2249 12.435 11.6693 12.3616 10.1782 9.07036 8.31675 7.70271 7.55807 12.3941 7.40617 23.4105 26.7933 19.368 18.8492 17.4607 21.9347 16.4612 15.7683 13.6717 33.0976 19.5444 19.3875 23.5075 21.5613
threshold=418.15500000000003 262.72285000000005 123.01250000000002 267.77500000000003 1.0412467399229055 296.28725000000003 3.5000000000000004 319.22000000000008 2.5000000000000004 9.5000000000000018 2.5000000000000004 228.39650000000003 192.96337500000001 220.03500000000003 148.89100000000005 1.2399983562362524 67.042500000000018 -1.0857142857142847 1.2962098920777381 2.514285714285716 2.5000000000000004 3.6525000000000003 8.3685000000000027 1.0000000180025095e-35 0.72375000000000012 5.5000000000000009 8.7778250000000018 1.5000000000000002 8.5000000000000018 28.315350000000002
decision_type=10 2 2 2 2 2 2 8 2 2 2 10 2 2 2 2 10 2 2 2 2 8 8 2 2 2 2 2 2 2
left_child=1 15 6 4 9 -5 -3 8 11 -4 13 -7 -12 14 -2 18 20 -18 19 -1 21 -17 -20 -22 27 26 -26 29 -29 -21
right_child=10 2 3 5 -6 7 -8 -9 -10 -11 12 -13 -14 -15 -16 16 17 -19 22 24 23 -23 -24 -25 25 -27 -28 28 -30 -31
leaf_value=0.0039576322560043488 4.3920280394624616 -1.618531150111959 -0.4051915093194759 -1.3882423851156969 -1.1782851189677324 0.4523860351154394 0.051349776011737375 0.29701971051738607 -1.2332096505424943 2.8193532110083122 -5.169279118842522 -1.4419141087112621 0.63657581415009645 6.3020005070569276 -4.0928156933301176 -0.035253044626178447 0.21447006464563201 -0.48244572411413883 0.012251819826920814 -0.053700012227726385 0.035345953648891433 0.0095178739083122861 -0.072713553194855757 0.016541986980393799 0.15187328252561125 0.10896149977023596 -0.40759444232557457 0.15736963897738909 -0.22148108133963668 -0.44058724817145301
leaf_weight=211112 37 224 272 556 82 197 109 750 158 568 41 45 305 94 35 2416 1275 2542 2311 4426 5748 12918 10439 15594 268 2288 824 2756 996 1126
leaf_count=211112 37 224 272 556 82 197 109 750 158 568 41 45 305 94 35 2416 1275 2542 2311 4426 5748 12918 10439 15594 268 2288 824 2756 996 1126
internal_value=-3.67899e-05 -5.01429e-05 -0.00369807 -0.00237443 0.00553145 -0.00664713 -0.0141441 -0.00297391 -0.01125 0.008 0.00726562 -0.00272727 0.0017341 0.0187952 0.00416667 -1.11537e-05 0.000738646 -0.0037333 -0.000139508 -9.91975e-06 0.00120406 -0.00034042 -0.00241412 0.00231375 -0.00225639 0.00101183 -0.00758242 -0.00344368 -0.00011194 -0.00569524
internal_weight=280512 280000 2961 2628 922 1706 333 1150 400 840 512 242 346 166 72 277039 40493 3817 236546 223796 36676 15334 12750 21342 12684 3380 1092 9304 3752 5552
internal_count=280512 280000 2961 2628 922 1706 333 1150 400 840 512 242 346 166 72 277039 40493 3817 236546 223796 36676 15334 12750 21342 12684 3380 1092 9304 3752 5552
is_linear=0
shrinkage=0.06


Tree=146
num_leaves=31
num_cat=0
split_feature=13 8 0 6 1 15 5 7 10 5 1 2 13 15 15 6 7 2 8 15 13 14 10 14 15 8 13 15 12 8
split_gain=7.91865 14.3679 16.569 14.0854 12.6851 15.8099 18.4464 15.8686 15.7916 14.9401 15.0589 14.9378 20.3757 16.691 17.9129 14.2593 14.1488 27.7886 18.3819 17.7747 15.3153 14.1199 21.0606 13.744 13.6867 13.4557 13.4393 13.0362 14.7842 12.4053
threshold=22.157500000000002 1.6910216035344157 1.5000000000000002 1.1959839734126658 6.5000000000000009 19.583500000000004 1.0000000180025095e-35 0.99827436264285618 4.6535714285714302 1.0000000180025095e-35 21.500000000000004 4.5000000000000009 45.955000000000005 17.235000000000003 4.1725000000000003 1.2988455984364415 0.66996521181519675 4.5000000000000009 1.2803050910950524 120.81350000000002 252.28250000000003 -0.7649999999999999 0.078571428571427751 21.541500000000003 45.891000000000012 0.72268954168505672 195.04500000000004 74.375000000000014 1.0000000180025095e-35 1.4012693704974746
decision_type=8 2 2 2 2 2 2 2 2 2 2 2 10 2 2 2 2 2 2 2 10 2 2 2 2 2 10 2 2 2
left_child=-1 4 3 -3 5 6 7 -2 9 10 16 12 15 14 23 -11 17 18 20 -20 -6 22 24 -13 -7 -16 27 28 -15 -12
right_child=1 2 -4 -5 8 21 -8 -9 -10 11 29 13 -14 26 25 -17 -18 -19 19 -21 -22 -23 -24 -25 -26 -27 -28 -29 -30 -31
leaf_value=0.0068699482419823706 -0.045805578356465086 -0.069925343209614313 -0.16634502391988515 0.036620570524293024 0.48398440617190003 0.4330599935948462 -0.22500332896864539 0.032710196503646857 -0.07744736955358085 -0.10904962089987179 -0.030068326591601888 -0.084725361310623012 -0.62401764320856212 0.37434176876017622 1.2113994174420231 0.12721784547279835 0.014017223615364713 -0.0770300329608926 0.14692048799744539 -0.39912281318128967 -3.5721829397082345 -0.07461181108190168 -0.21994728976037287 0.19214999945799732 -0.021352436408101597 -0.43344334742991386 -1.0107702837877872 -0.013505229174758354 -0.17221524073315161 -0.16135827224798188
leaf_weight=55799 6871 1019 2449 953 8311 317 759 15629 3706 2619 16355 243 1030 660 38 301 117375 3520 1314 682 57 38034 77 115 178 358 69 728 159 787
leaf_count=55799 6871 1019 2449 953 8311 317 759 15629 3706 2619 16355 243 1030 660 38 301 117375 3520 1314 682 57 38034 77 115 178 358 69 728 159 787
internal_value=-3.05869e-05 -0.000189442 -0.00357611 0.000517241 -0.000121475 -0.000850077 0.000385657 0.000696 0.00016304 0.000255751 0.000377423 -0.00260127 -0.00486076 0.00116456 -0.0062069 -0.00230137 0.000595845 0.00240709 0.00397144 -0.0012024 0.00520554 -0.00159457 0.00776224 0.00351955 0.012303 -0.015 0.00460396 0.00575953 0.0109524 -0.00129506
internal_weight=280512 224713 4421 1972 220292 61865 23259 22500 158427 154721 148401 6320 3950 2370 754 2920 131259 13884 10364 1996 8368 38606 572 358 495 396 1616 1547 819 17142
internal_count=280512 224713 4421 1972 220292 61865 23259 22500 158427 154721 148401 6320 3950 2370 754 2920 131259 13884 10364 1996 8368 38606 572 358 495 396 1616 1547 819 17142
is_linear=0
shrinkage=0.06


Tree=147
num_leaves=31
num_cat=0
split_feature=13 16 14 3 14 15 15 14 8 13 2 1 2 13 8 0 16 3 13 2 10 15 2 8 2 14 14 15 15 16
split_gain=7.11026 9.77618 19.3398 13.6864 12.6251 14.8423 15.3959 14.2605 13.8599 13.6267 12.1669 10.0262 9.44288 9.10701 8.14234 7.74711 7.48544 7.46922 16.23 24.4388 14.1867 13.6121 12.7148 37.2529 31.1564 32.4303 29.7881 29.637 29.1465 24.0676
threshold=418.15500000000003 262.72285000000005 285.87000000000006 10.500000000000002 255.79250000000005 123.01250000000002 267.77500000000003 323.90250000000009 1.4469613047101566 209.94500000000002 3.5000000000000004 9.5000000000000018 2.5000000000000004 58.254000000000012 1.0949809965926092 1.5000000000000002 192.96337500000001 1.5000000000000002 100.68150000000001 1.5000000000000002 -9.1535714285714267 27.701500000000003 2.5000000000000004 0.96591969937892885 4.5000000000000009 4.1815000000000007 95.336000000000013 24.487500000000004 20.191000000000006 94.591975000000005
decision_type=10 2 2 2 2 2 2 2 2 10 2 2 2 8 2 2 2 2 10 2 2 2 2 2 2 2 2 2 2 2
left_child=1 2 17 -4 13 10 8 15 11 -9 -6 -7 -2 -3 -5 -8 -14 18 20 21 -1 -20 23 27 25 28 -27 -22 -24 -25
right_child=12 4 3 14 5 6 7 9 -10 -11 -12 -13 16 -15 -16 -17 -18 -19 19 -21 22 -23 24 29 -26 26 -28 -29 -30 -31
leaf_value=0.88741212434563921 3.9349104865574285 0.27903541643116453 -0.76445731914591786 2.7919420129724681 -1.5218314779997608 -0.42794189153969725 -3.1205076527369551 0.88522210241170229 -1.1514776344169997 -0.98410283179420499 0.047856592556514206 2.5706103086761005 -4.7984761546847032 -1.8135688890892068 -0.80561795646416556 -0.47899880423425401 0.59754023188416794 -0.0029103688561208331 -1.8882176991546424 -0.32040704892436023 0.020047370188045682 0.73715042093557026 -0.3138356712274637 -0.15493698993496913 -0.01747679176706015 0.64454787897796884 -0.035381072112548678 1.7103465482934945 0.20832223454219018 0.42219473036262684
leaf_weight=363 166 62 64 305 224 268 198 700 76 248 109 578 41 254 28 244 305 252897 46 2013 742 605 453 5942 5777 4082 1155 670 289 1608
leaf_count=363 166 62 64 305 224 268 198 700 76 248 109 578 41 254 28 244 305 252897 46 2013 742 605 453 5942 5777 4082 1155 670 289 1608
internal_value=-3.29398e-05 -4.58571e-05 -9.20448e-06 0.0132242 -0.00347518 -0.00212098 -0.000415225 -0.00440288 0.00559653 -0.000253165 -0.013964 0.00780142 0.00703125 -0.0148101 0.0181081 -0.0133032 0.00138728 -2.81953e-05 0.000989261 -0.00342342 0.00154689 0.00668203 0.00134086 -0.000361526 0.00263865 0.00567486 0.00733817 0.00858357 -0.00606469 -0.00203444
internal_weight=280512 280000 277039 397 2961 2645 2312 1390 922 948 333 846 512 316 333 442 346 276642 23745 2664 21081 651 20718 8962 11756 5979 5237 1412 742 7550
internal_count=280512 280000 277039 397 2961 2645 2312 1390 922 948 333 846 512 316 333 442 346 276642 23745 2664 21081 651 20718 8962 11756 5979 5237 1412 742 7550
is_linear=0
shrinkage=0.06


Tree=148
num_leaves=31
num_cat=0
split_feature=13 1 1 12 0 1 14 15 8 8 14 10 2 15 2 6 16 10 15 0 14 2 8 8 15 2 14 8 16 14
split_gain=7.53931 12.1343 15.2204 17.9542 23.8557 24.1143 28.8362 14.5223 14.475 14.1048 13.9303 16.8663 13.7977 13.6104 13.5389 13.3586 12.7579 12.7232 12.708 12.6788 17.7215 12.515 12.4447 11.9528 12.1006 16.7664 11.9245 11.8555 11.5145 39.117
threshold=22.157500000000002 6.5000000000000009 20.500000000000004 0.86875000000000013 1.5000000000000002 15.500000000000002 27.171000000000003 19.583500000000004 1.458881456839406 1.5213191559542423 -0.7649999999999999 0.078571428571427751 4.5000000000000009 25.435000000000006 4.5000000000000009 0.98739851026681891 4.1259250000000005 -1.142857142857143 45.891000000000012 1.5000000000000002 14.431500000000002 1.0000000180025095e-35 1.1035440681000188 1.3956824871346798 267.77500000000003 5.5000000000000009 181.54000000000005 0.63571817109702244 9.0132500000000011 5.7615000000000007
decision_type=8 2 2 2 2 2 2 2 2 2 2 2 2 2 2 2 2 2 2 2 2 2 2 2 2 2 2 2 2 2
left_child=26 7 3 28 16 6 14 15 -4 -7 11 18 -8 -10 17 19 -5 -6 -9 -2 -21 -22 -16 24 -12 -26 -1 -23 -3 -30
right_child=1 2 8 4 5 9 12 10 13 -11 23 -13 -14 -15 22 -17 -18 -19 -20 20 21 27 -24 -25 25 -27 -28 -29 29 -31
leaf_value=0.0074690583373344267 -0.086135781222079794 -0.017708414949315143 -0.027809956226730177 -0.026036203692689781 -0.15743739849415048 0.1569595483694104 -0.48209082763227595 0.40725101611052272 -0.010696316259364768 -0.31346780423556703 -0.057594703391410672 -0.19930605041822502 -0.87497017295203738 -0.27910574446963432 -0.23327602849356033 0.023663970539829701 0.061301069608021314 0.1475783258068574 -0.019896668092247865 0.26966090095804374 -0.67716026692600828 0.46328402860906714 0.0093959870589682779 -0.20549317690570718 -1.5757638109513812 1.7622218785951371 -0.38142254162907313 -0.21300644947134018 0.36059103114559737 0.02450107805555202
leaf_weight=55539 4804 14593 26793 1382 430 1987 2631 317 672 142 35826 82 245 814 802 16058 4391 1562 178 1060 232 602 551 2041 541 38 260 963 3642 101334
leaf_count=55539 4804 14593 26793 1382 430 1987 2631 317 672 142 35826 82 245 814 802 16058 4391 1562 178 1060 232 602 551 2041 541 38 260 963 3642 101334
internal_value=-3.55065e-05 -0.00019051 8.39039e-05 0.000351405 -0.00167174 -0.00372216 -0.00560842 -0.000898919 -0.00118073 0.00178957 -0.00161059 0.00764298 -0.0100139 -0.00694482 -0.00182063 0.000271934 0.00129395 0.0013253 0.0118182 -0.00178958 0.00137557 -0.00225376 -0.00645233 -0.00174947 -0.00149897 -0.0101036 0.00058872 -0.000325879 0.00059037 0.000809899
internal_weight=280512 224713 161971 133692 14123 8350 6221 62742 28279 2129 39023 577 2876 1486 3345 23719 5773 1992 495 7661 2857 1797 1353 38446 36405 579 55799 1565 119569 104976
internal_count=280512 224713 161971 133692 14123 8350 6221 62742 28279 2129 39023 577 2876 1486 3345 23719 5773 1992 495 7661 2857 1797 1353 38446 36405 579 55799 1565 119569 104976
is_linear=0
shrinkage=0.06


Tree=149
num_leaves=31
num_cat=0
split_feature=13 13 16 13 3 16 16 2 12 15 7 13 7 14 3 13 8 7 15 8 14 14 15 15 3 14 14 8 13 7
split_gain=7.49976 7.79701 11.637 15.9608 11.3433 26.1898 17.3371 14.2359 20.1334 18.1495 16.7233 24.3006 24.9784 25.9538 15.0348 14.8387 14.1764 12.9678 13.9979 15.4339 12.7542 12.4738 12.3995 12.1308 11.9684 11.9022 10.9996 10.9816 14.7798 12.8142
threshold=-6.0574999999999992 22.157500000000002 0.26725000000000004 1.2410000000000003 7.5000000000000009 58.725250000000003 121.9969 5.5000000000000009 0.4512500000000001 85.3215 0.92174524167900884 12.462500000000002 1.0129078669524729 20.789000000000005 8.5000000000000018 2.2910000000000004 0.88026926094159641 0.76943552841552421 15.691000000000001 1.3216108548220948 -1.0089999999999997 0.14150000000000004 -1.3514999999999999 -1.0000000180025095e-35 10.500000000000002 54.723500000000008 2.5990000000000006 1.571724574804229 113.59000000000002 1.0000317254658451
decision_type=8 8 2 10 2 2 2 2 2 2 2 10 2 2 2 10 2 2 2 2 2 2 2 2 2 2 2 2 10 2
left_child=-1 2 3 -2 5 -4 7 8 10 17 14 12 13 -12 16 24 26 23 21 -20 -14 -19 -13 -9 -16 -21 -6 -3 29 -29
right_child=1 27 4 -5 6 -7 -8 9 -10 -11 11 22 20 -15 15 -17 -18 18 19 25 -22 -23 -24 -25 -26 -27 -28 28 -30 -31
leaf_value=-0.091288548310162185 -0.0066737232082047931 -0.0035268764216039015 0.0072396622267894024 0.062365411970808887 -0.41577725280199651 0.24677800350944321 -0.43597149660218254 1.1270473653224442 0.066051364671713603 -0.25822903044389417 -0.044457105652414196 0.10197780778959505 -0.13784228422894859 -0.35590943409845027 0.33504368277846419 0.034682195015713367 -0.40365537086031555 0.065331279569958031 0.16080385682576145 -0.067707479671964887 0.00078026642136418242 0.0031648759653968425 0.0095648490395583256 -0.12510878923117671 0.010505769345319407 1.1337199305294292 0.1795559648536546 -0.13326177403176512 -1.0066835127422948 0.0019878527275937565
leaf_weight=542 988 216747 22494 1646 60 3530 569 45 1966 199 4815 150 90 2021 360 2555 160 227 1292 234 4406 2087 4327 491 210 42 293 2836 364 4766
leaf_count=542 988 216747 22494 1646 60 3530 569 45 1966 199 4815 150 90 2021 360 2555 160 227 1292 234 4406 2087 4327 491 210 42 293 2836 364 4766
internal_value=-3.37953e-05 -2.0145e-05 0.000618383 0.00451025 0.000423579 0.00131417 -0.000447761 -0.000221283 -0.000872834 0.00280052 -0.00145781 -0.00230185 -0.00378044 -0.00606495 0.00221001 0.0037728 -0.00730994 0.00359891 0.0048068 0.00918367 -0.00030694 0.00184097 0.0014407 -0.00514925 0.0125263 -0.00369565 -0.000594901 -0.000177159 -0.00236505 -0.00179953
internal_weight=280512 279970 55257 2634 52623 26024 26599 26030 21413 4617 19447 15809 11332 6836 3638 3125 513 4418 3882 1568 4496 2314 4477 536 570 276 353 224713 7966 7602
internal_count=280512 279970 55257 2634 52623 26024 26599 26030 21413 4617 19447 15809 11332 6836 3638 3125 513 4418 3882 1568 4496 2314 4477 536 570 276 353 224713 7966 7602
is_linear=0
shrinkage=0.06


Tree=150
num_leaves=31
num_cat=0
split_feature=7 3 15 6 15 16 0 13 3 3 13 10 16 3 6 13 7 5 15 8 1 16 13 3 3 15 16 7 10 3
split_gain=7.3629 13.3554 10.8844 10.8275 15.5931 18.1328 18.2907 17.8449 13.7686 17.1756 12.0415 11.2423 11.7807 14.3141 22.6957 12.8623 11.9813 10.595 10.5911 10.5731 11.2539 9.51046 9.45414 9.43234 9.6872 12.8329 10.1195 9.21814 12.4458 10.8694
threshold=1.9407156437068414 4.5000000000000009 114.91900000000003 1.8238935004710009 69.091500000000011 10.610750000000001 1.5000000000000002 22.157500000000002 2.5000000000000004 10.500000000000002 15.494000000000002 4.2500000000000027 18.114250000000002 5.5000000000000009 1.3740228498512919 17.844000000000005 1.3353687777785301 1.0000000180025095e-35 15.275 0.98491328184363613 12.500000000000002 25.674000000000003 1.4325000000000003 1.5000000000000002 4.5000000000000009 18.962500000000002 25.321250000000003 0.8250264073643564 5.771428571428574 3.5000000000000004
decision_type=2 2 2 2 2 2 2 8 2 2 10 2 2 2 2 10 2 2 2 2 2 2 10 2 2 2 2 2 2 2
left_child=3 -2 22 11 5 -5 10 -8 -6 -10 -7 -1 15 14 18 27 -16 23 -14 20 -15 -12 -3 -9 -25 26 -26 28 -13 -29
right_child=1 2 -4 4 8 6 7 17 9 -11 21 12 13 19 16 -17 -18 -19 -20 -21 -22 -23 -24 24 25 -27 -28 29 -30 -31
leaf_value=0.00015290296296342374 -0.11300351721213378 0.010214327198636948 2.0021750776456435 -0.0038338215817754892 0.26612834572555144 0.098716127603557802 0.12319189385141684 0.58131091783797206 -0.25154381816816351 0.079547947407487732 0.25622718120055055 -0.1520911954194237 -0.41855447673266327 -0.12478114577836975 -0.14585414486657117 -0.19666893722214987 0.10019642921430354 -0.26822706739847257 -0.26071793471572896 -0.069979004920941126 0.61340568058846556 -0.1524154334019025 -0.044018446289622981 -0.22779505347199339 0.06213441757454588 0.15596205880841099 -0.25412660784696961 0.042776367171438699 0.05281750377565167 -0.0068587460641962921
leaf_weight=261440 880 1245 90 2260 260 1508 468 367 664 284 114 527 492 222 334 570 292 149 1154 1068 284 158 801 235 82 439 204 1702 383 1836
leaf_count=261440 880 1245 90 2260 260 1508 468 367 664 284 114 527 492 222 334 570 292 149 1154 1068 284 158 801 235 82 439 204 1702 383 1836
internal_value=-3.55065e-05 -0.00298408 -0.000421348 -3.45951e-06 0.00229422 0.00354947 0.00612245 0.00209877 -0.00392384 -0.00727848 0.0105169 -6.45939e-05 -0.00216606 -0.00466459 -0.00771127 -0.000251096 0.00201278 -0.00113821 -0.0114095 -0.000266836 0.00687747 -0.00110294 -0.00131965 0.000565185 -0.0025625 0.000868966 -0.00902098 0.000836331 -0.00454945 0.00222159
internal_weight=280512 3016 2136 277496 7192 5984 3724 1944 1208 948 1780 270304 8864 3846 2272 5018 626 1476 1646 1574 506 272 2046 1327 960 725 286 4448 910 3538
internal_count=280512 3016 2136 277496 7192 5984 3724 1944 1208 948 1780 270304 8864 3846 2272 5018 626 1476 1646 1574 506 272 2046 1327 960 725 286 4448 910 3538
is_linear=0
shrinkage=0.06


Tree=151
num_leaves=31
num_cat=0
split_feature=7 8 0 14 13 3 14 10 2 3 13 2 2 8 2 8 16 10 14 7 16 7 7 8 14 7 7 5 13 14
split_gain=7.53185 11.9126 9.96462 8.9283 8.64985 13.5313 11.1561 7.46204 8.53831 7.34277 13.9803 26.9377 13.3622 38.7444 23.9986 39.7997 26.6421 26.5484 33.4479 24.6353 21.6024 19.524 18.3855 17.8853 16.2712 15.8723 18.8735 15.7258 15.2087 14.6467
threshold=1.852039673004729 0.76568662028228884 1.5000000000000002 5.3210000000000006 1.2410000000000003 1.5000000000000002 1.0000000180025095e-35 4.6535714285714302 5.5000000000000009 1.5000000000000002 95.201500000000024 1.5000000000000002 2.5000000000000004 0.96591969937892885 5.5000000000000009 1.030951110915062 7.8289000000000017 2.1785714285714297 42.522500000000008 1.51518789024022 94.591975000000005 1.0000317254658451 1.0129078669524729 0.58546571173421025 60.011500000000005 0.85483079114444072 1.4030279110967188 1.0000000180025095e-35 15.901000000000002 5.7615000000000007
decision_type=2 2 2 2 10 2 2 2 2 2 10 2 2 2 2 2 2 2 2 2 2 2 2 2 2 2 2 2 8 2
left_child=9 2 3 -2 5 -3 -6 8 -7 10 12 -12 13 27 16 -16 19 18 22 23 28 24 -18 -14 -22 -19 -27 -1 -15 -17
right_child=1 4 -4 -5 6 7 -8 -9 -10 -11 11 -13 14 20 15 29 17 25 -20 -21 21 -23 -24 -25 -26 26 -28 -29 -30 -31
leaf_value=0.45373510650040372 -0.17733542771684135 -0.13415255196164472 -0.73813012568405889 0.030687843464854449 -0.16383456452082701 -0.0096212962284088193 -0.025176010891455571 0.065957651087127034 0.033690760803617013 -0.002291482052156226 0.4848617971814323 -0.27416157819261228 6.3287158726742891 0.1022604641914045 -0.19937314583789684 2.240089421327363 1.2166282153744206 1.9602463968009229 0.19538864855178367 0.67212761370698226 2.1663676443444961 2.1742668331772226 0.29117506245595881 -0.19696383020146624 0.099324274737255677 -0.22567462146266318 0.10734965391822608 2.7409268118846786 -0.23259385751339265 0.10362643819365089
leaf_weight=1371 72 108 212 140 116 1756 1556 260 364 252312 753 2344 44 554 2327 226 1539 99 4236 144 93 108 539 946 1400 703 323 120 5303 444
leaf_count=1371 72 108 212 140 116 1756 1556 260 364 252312 753 2344 44 554 2327 226 1539 99 4236 144 93 108 539 946 1400 703 323 120 5303 444
internal_value=-3.55065e-05 -0.00244764 -0.0120283 -0.00283019 -0.00147115 0.000771704 -0.00480861 0.00171429 0.000537736 4.56641e-06 0.00101626 -0.00274136 0.00158341 -0.00015756 0.00292999 -0.00169169 0.00454567 0.00585159 0.00736459 -0.00402116 -0.00192277 0.00425359 0.0135996 -0.00739394 0.00247153 -0.00264 -0.0048538 0.00867203 -0.00361106 0.011194
internal_weight=280512 4584 424 212 4160 2488 1672 2380 2120 275928 23616 3097 20519 8949 11570 2997 8573 7439 6314 1134 7458 1601 2078 990 1493 1125 1026 1491 5857 670
internal_count=280512 4584 424 212 4160 2488 1672 2380 2120 275928 23616 3097 20519 8949 11570 2997 8573 7439 6314 1134 7458 1601 2078 990 1493 1125 1026 1491 5857 670
is_linear=0
shrinkage=0.06


Tree=152
num_leaves=31
num_cat=0
split_feature=13 16 14 14 15 15 6 3 14 13 2 1 2 13 7 0 16 6 13 3 8 8 3 2 2 13 1 7 15 14
split_gain=6.87208 9.67435 18.4602 12.2501 13.0908 13.647 13.7292 11.4416 11.3602 12.3966 11.1235 9.38223 9.05482 8.94003 7.76772 7.52704 7.48544 7.259 17.9264 23.221 16.6941 16.3176 16.159 14.7645 14.6143 22.5702 14.4973 14.1516 14.1125 28.7029
threshold=418.15500000000003 262.72285000000005 285.87000000000006 255.79250000000005 123.01250000000002 267.77500000000003 1.0412467399229055 10.500000000000002 323.90250000000009 209.94500000000002 3.5000000000000004 4.5000000000000009 2.5000000000000004 58.254000000000012 1.0360042597932013 1.5000000000000002 192.96337500000001 1.2399983562362524 53.767500000000005 2.5000000000000004 1.8485084372152574 1.2962098920777381 4.5000000000000009 4.5000000000000009 2.5000000000000004 4.1610000000000005 8.5000000000000018 1.76543824985649 19.271500000000003 43.685000000000009
decision_type=10 2 2 2 2 2 2 2 2 10 2 2 2 8 2 2 2 2 10 2 2 2 2 2 2 8 2 2 2 2
left_child=1 2 17 13 10 6 11 -4 15 -10 -5 -6 -2 -3 -9 -7 -14 21 24 20 23 27 -21 -20 25 -19 -25 -1 29 -23
right_child=12 3 7 4 5 8 -8 14 9 -11 -12 -13 16 -15 -16 -17 -18 18 19 22 -22 28 -24 26 -26 -27 -28 -29 -30 -31
leaf_value=0.00012898185970936283 3.6976857200112994 0.26116315409260921 -0.67751458097565831 -1.3813496322805483 -1.7847251141506202 -2.9344073309254219 -1.0534844936593861 2.6232953548414355 0.83097863891431645 -0.91759596258897425 0.094157154042350255 2.188740055359446 -4.4953855169878798 -1.7058848930965396 -1.0070684051055929 -0.3950889386145664 0.56055768061843425 -0.033205080662684641 0.036385866831119815 -1.1368357563541744 -0.75036794686134456 0.012062963149242311 -0.25644932221067462 -0.091321577172074758 0.020747218357661124 0.012175535073764133 0.87720238387626293 -0.23608518901113767 -0.11279385053725356 -0.28490111682886515
leaf_weight=222037 166 62 64 224 74 198 82 305 700 248 109 766 41 254 28 244 305 2713 1166 495 102 5812 2528 121 20820 12247 271 1398 5980 952
leaf_count=222037 166 62 64 224 74 198 82 305 700 248 109 766 41 254 28 244 305 2713 1166 495 102 5812 2528 121 20820 12247 271 1398 5980 952
internal_value=-3.08008e-05 -4.35e-05 -7.03872e-06 -0.00345491 -0.00212098 -0.000519031 0.005141 0.0129219 -0.00427338 -0.00056962 -0.0132432 0.00742857 0.00691406 -0.0146203 0.0173874 -0.0122172 0.00138728 -2.55926e-05 0.000716951 -0.00277386 0.00292771 -0.000152808 -0.00590473 0.00446727 0.00117384 -0.000256684 0.0145408 -3.37011e-05 -0.00224105 -0.00036369
internal_weight=280512 280000 277039 2961 2645 2312 922 397 1390 948 333 840 512 316 333 442 346 276642 40463 4683 1660 236179 3023 1558 35780 14960 392 223435 12744 6764
internal_count=280512 280000 277039 2961 2645 2312 922 397 1390 948 333 840 512 316 333 442 346 276642 40463 4683 1660 236179 3023 1558 35780 14960 392 223435 12744 6764
is_linear=0
shrinkage=0.06


Tree=153
num_leaves=31
num_cat=0
split_feature=7 2 6 15 16 7 13 3 3 10 16 3 6 13 15 7 3 14 7 7 16 2 13 3 7 15 15 3 2 15
split_gain=6.8869 11.4007 9.22612 14.9699 16.8936 16.4086 16.1262 10.4693 16.1355 10.3148 10.3658 11.5919 20.2504 10.6589 9.81276 15.0607 12.1842 15.497 12.3161 14.2934 17.3997 11.6274 11.4146 14.2427 9.7161 9.57424 9.41865 9.11294 38.9423 9.69953
threshold=1.9407156437068414 5.5000000000000009 1.8238935004710009 69.091500000000011 10.610750000000001 0.80855283839870118 80.991500000000016 2.5000000000000004 10.500000000000002 4.2500000000000027 18.114250000000002 5.5000000000000009 1.3937889115850182 22.157500000000002 6.9315000000000007 1.0918676722030483 9.5000000000000018 12.592500000000003 1.3802056294949607 1.0648462495764444 13.222225000000002 4.5000000000000009 9.0850000000000026 2.5000000000000004 1.3353687777785301 15.275 29.195000000000004 10.500000000000002 4.5000000000000009 5.4910000000000005
decision_type=2 2 2 2 2 2 10 2 2 2 2 2 2 10 2 2 2 2 2 2 2 2 8 2 2 2 2 2 2 2
left_child=2 27 9 4 -4 -6 -7 -5 -9 -1 13 12 25 14 16 26 18 -18 19 21 -21 -11 -23 -24 -14 -12 -16 -2 29 -29
right_child=1 -3 3 7 5 6 -8 8 -10 10 11 -13 24 -15 15 -17 17 -19 -20 20 -22 22 23 -25 -26 -27 -28 28 -30 -31
leaf_value=0.00026908828895052747 -0.057965437820029581 0.026540274510297741 -0.0039483750302948574 0.25065074796022913 -0.20587673675121357 0.084619322693516325 -1.0549081825658897 -0.23322302346936682 0.07850313415070212 0.17781482789626082 -0.36426544308614001 -0.0083967013374905992 -0.10787528024342981 -0.27149085211844154 -0.027556056596809906 0.012703943560114101 -0.067299803376362696 0.12364391406414191 -0.052425085428544918 0.17495792395979554 -0.083014099775813269 0.042962848107511706 -0.23178538519263897 0.0079295245317066148 0.095860084416437827 -0.23468935145147962 -0.25424130883354729 -0.029206001401808689 -0.078540779553961895 0.4881418525503658
leaf_weight=261440 1928 368 2260 260 224 3318 182 664 284 518 514 1574 300 441 619 1158 343 93 259 530 83 257 153 211 270 1188 353 148 200 372
leaf_count=261440 1928 368 2260 260 224 3318 182 664 284 518 514 1574 300 441 619 1158 343 93 259 530 83 257 153 211 270 1188 353 148 200 372
internal_value=-3.29398e-05 -0.00288462 -1.94597e-06 0.00211902 0.00334893 0.00583244 0.00684 -0.00397351 -0.00689873 -5.83787e-05 -0.0020713 -0.00441498 -0.00715669 -0.00027501 0.000583352 -0.00239437 0.00317532 -0.00591743 0.00514669 0.00695205 0.0143393 0.00297629 -0.00256039 -0.0093956 0.00263158 -0.0104348 -0.00790123 -0.00425982 0.0015 0.0101538
internal_weight=280512 3016 277496 7192 5984 3724 3500 1208 948 270304 8864 3846 2272 5018 4577 2130 2447 436 2011 1752 613 1139 621 364 570 1702 972 2648 720 520
internal_count=280512 3016 277496 7192 5984 3724 3500 1208 948 270304 8864 3846 2272 5018 4577 2130 2447 436 2011 1752 613 1139 621 364 570 1702 972 2648 720 520
is_linear=0
shrinkage=0.06


Tree=154
num_leaves=31
num_cat=0
split_feature=7 6 14 2 13 0 13 0 14 13 12 3 1 8 6 14 8 10 3 3 2 8 10 1 13 7 3 5 3 14
split_gain=7.19388 11.2185 11.5845 21.2887 18.5866 13.8392 11.0838 9.93448 12.0621 9.83257 8.35817 11.7681 8.09851 7.86905 7.49643 14.0037 13.1977 15.4267 15.9323 26.473 41.6889 31.4324 29.8093 25.2601 23.2807 20.7412 40.6419 33.5978 32.9088 39.1126
threshold=1.6416757835865621 1.3814312874136827 11.411000000000003 1.0000000180025095e-35 20.977500000000003 1.5000000000000002 12.462500000000002 2.5000000000000004 21.115000000000006 3.4990000000000006 1.4662500000000003 5.5000000000000009 5.5000000000000009 1.3080734813761559 1.202684213444422 211.17400000000001 1.2962098920777381 2.514285714285716 6.5000000000000009 5.5000000000000009 3.5000000000000004 1.0352736371687989 -0.24285714285714219 17.500000000000004 2.9715000000000003 0.74935388178235141 4.5000000000000009 1.0000000180025095e-35 4.5000000000000009 61.513500000000008
decision_type=2 2 2 2 10 2 8 2 2 8 2 2 2 2 2 2 2 2 2 2 2 2 2 2 8 2 2 2 2 2
left_child=14 7 -3 9 5 -5 13 8 12 -4 -9 -12 -2 -7 16 -16 17 18 19 25 21 24 -22 -24 -21 26 -1 -28 29 -27
right_child=1 2 3 4 -6 6 -8 10 -10 -11 11 -13 -14 -15 15 -17 -18 -19 -20 20 22 -23 23 -25 -26 28 27 -29 -30 -31
leaf_value=0.03227545372104746 0.10860150832198549 -0.013152686174957913 -0.12234016327986795 0.075628513546009801 -0.086695996884782411 -0.080097499757130472 -0.031630434107852434 0.02128201766937262 -0.34460224507547593 -0.012891254501933899 -0.52236665822355988 0.031844914612593596 -0.033951289840432587 0.1447836973586375 0.01269451139666063 -0.68521102396848776 -0.032108638155867147 -0.047124741276956372 -0.011695358049629475 0.38505785024041206 -0.1457164219800241 -0.11178956935043045 -0.031458498129462185 0.22136501095201544 0.25627943539364606 0.069922144974322073 0.74273562367746437 -0.32683346237908883 -0.085845053106527583 -0.083744299366917199
leaf_weight=9454 174 3128 260 1393 595 59 747 1622 1080 532 178 74 716 162 35530 318 11612 11886 106624 591 1094 1012 4860 1588 8517 36950 2318 214 15700 21524
leaf_count=9454 174 3128 260 1393 595 59 747 1622 1080 532 178 74 716 162 35530 318 11612 11886 106624 591 1094 1012 4860 1588 8517 36950 2318 214 15700 21524
internal_value=-3.16564e-05 -0.00155597 -0.000104712 0.00214514 0.00448579 0.00687421 0.00136364 -0.00415193 -0.0071269 -0.00659091 -0.00102455 -0.0111905 -0.00195506 0.0131674 2.89112e-05 0.000836867 -9.48945e-05 8.096e-06 0.000126873 0.00065593 0.00277205 0.00528854 -0.000604614 0.000949132 0.00640316 0.000222145 0.00253796 0.0092891 -0.000152075 0.000502788
internal_weight=280512 10720 6876 3748 2956 2361 968 3844 1970 792 1874 252 890 221 269792 35848 233944 222332 210446 103822 17662 10120 7542 6448 9108 86160 11986 2532 74174 58474
internal_count=280512 10720 6876 3748 2956 2361 968 3844 1970 792 1874 252 890 221 269792 35848 233944 222332 210446 103822 17662 10120 7542 6448 9108 86160 11986 2532 74174 58474
is_linear=0
shrinkage=0.06


Tree=155
num_leaves=31
num_cat=0
split_feature=13 15 4 5 0 6 15 12 13 3 3 16 13 16 7 10 3 3 15 15 12 14 16 15 16 8 14 14 6 16
split_gain=7.08772 10.5942 13.3821 9.45469 15.4214 26.965 18.947 18.1755 16.9281 12.3482 19.6675 15.3356 13.7438 15.4119 11.8514 11.5353 11.1934 19.9044 18.9017 21.2728 28.0802 18.8632 30.2835 20.425 18.469 29.4384 17.604 31.6127 17.2985 22.734
threshold=31.545000000000005 178.14750000000001 1.0000000180025095e-35 1.0000000180025095e-35 1.5000000000000002 1.202684213444422 16.931500000000003 0.27875000000000011 31.545000000000005 4.5000000000000009 10.500000000000002 73.914175 90.535000000000011 8.2980500000000017 1.0918676722030483 4.1642857142857181 10.500000000000002 8.5000000000000018 -1.9849999999999997 94.071000000000012 0.12125000000000001 78.995000000000019 67.945250000000001 65.749000000000009 26.731250000000003 1.2743376518656993 1.5510000000000004 10.651000000000002 1.1106041179599329 8.7778250000000018
decision_type=8 2 2 2 2 2 2 2 10 2 2 2 10 2 2 2 2 2 2 2 2 2 2 2 2 2 2 2 2 2
left_child=1 -1 -3 16 5 6 7 -5 14 11 -11 12 13 -8 -7 -6 17 -2 26 20 21 22 28 -24 -21 -26 -19 -28 -20 -30
right_child=3 2 -4 4 15 8 9 -9 -10 10 -12 -13 -14 -15 -16 -17 -18 18 19 24 -22 -23 23 -25 25 -27 27 -29 29 -31
leaf_value=0.0070939900159705076 -0.0004510068019263258 -0.10672056846904589 -0.33313624428224636 -0.20764868320651678 -0.13183603987453252 -0.056560436651317457 -0.21342410544903515 0.093274286403208784 -0.52995843809439402 -0.41436153624109778 0.11711342415769785 -0.64536060118895167 -0.75910711818489618 0.42600647624935234 0.11738628057967908 -0.4861112119015889 0.045048459156193273 -0.03021355301458219 -0.11714413715553908 -0.41541093899082654 0.035896421451664266 -0.84817059003118256 1.6915015581133976 -0.39269595456008582 0.47704918236001387 -0.66039775090776343 0.58065642041798426 -0.20747370170551704 0.050448675362702561 -0.049210719351881073
leaf_weight=68955 135765 585 135 909 4698 75 89 208 92 707 761 122 114 672 461 224 34594 197 14383 662 4456 2624 432 260 4899 421 373 159 1110 1370
leaf_count=68955 135765 585 135 909 4698 75 89 208 92 707 761 122 114 672 461 224 34594 197 14383 662 4456 2624 432 260 4899 421 373 159 1110 1370
internal_value=-3.42231e-05 0.00049042 -0.00675 -0.000207601 -0.00209593 0.000570071 -0.00144054 -0.00792301 0.0120382 0.00149696 -0.00200272 0.00664995 0.00942857 0.012339 0.0161194 -0.00437627 -0.000122109 -0.000325472 -0.00168825 -0.0019156 -0.00269495 -0.00364686 -0.00293762 0.00936416 0.00129388 0.00246992 0.00786008 0.0135338 -0.00344245 0.00118548
internal_weight=280512 69675 720 210837 9132 4210 3582 1117 628 2465 1468 997 875 761 536 4922 201705 167111 31346 30617 24635 20179 17555 692 5982 5320 729 532 16863 2480
internal_count=280512 69675 720 210837 9132 4210 3582 1117 628 2465 1468 997 875 761 536 4922 201705 167111 31346 30617 24635 20179 17555 692 5982 5320 729 532 16863 2480
is_linear=0
shrinkage=0.06


Tree=156
num_leaves=31
num_cat=0
split_feature=7 8 2 3 3 15 10 3 6 0 14 10 15 14 13 2 7 14 15 10 8 13 3 2 2 3 15 1 15 2
split_gain=7.18346 11.2025 8.48492 8.12567 23.1469 25.1427 11.4076 7.69683 7.61861 13.4182 17.9564 9.11771 9.70786 9.3193 21.0656 12.9619 8.97429 10.3339 15.4054 17.0519 17.0529 15.6795 12.529 50.1315 17.0763 21.669 22.851 14.4166 13.4087 15.131
threshold=1.9407156437068414 0.76568662028228884 5.5000000000000009 11.500000000000002 10.500000000000002 5.4910000000000005 2.1785714285714297 3.5000000000000004 1.8238935004710009 1.0000000180025095e-35 3.2215000000000003 -5.6571428571428548 111.43850000000002 17.191000000000006 13.172500000000001 1.0000000180025095e-35 1.5556117355991737 3.5115000000000003 16.931500000000003 -3.7499999999999982 1.637513935814314 12.841000000000003 10.500000000000002 3.5000000000000004 1.5000000000000002 9.5000000000000018 26.981000000000005 18.500000000000004 23.341500000000003 4.5000000000000009
decision_type=2 2 2 2 2 2 2 2 2 2 2 2 2 2 8 2 2 2 2 2 2 8 2 2 2 2 2 2 2 2
left_child=8 7 3 4 -3 -6 -5 -2 16 10 -10 -11 13 -13 15 -15 17 18 19 20 -1 -21 24 -24 25 27 -27 -20 29 -26
right_child=1 2 -4 6 5 -7 -8 -9 9 11 -12 12 -14 14 -16 -17 -18 -19 22 21 -22 -23 23 -25 28 26 -28 -29 -30 -31
leaf_value=0.16176536245152168 -0.028599725112494208 -0.041509172966866126 0.024956759620840378 -0.14937943233127296 -0.029947104562346269 1.5653141405489828 -0.0015696698550120407 -0.3029779275516728 -0.05255076008744812 -0.075740483492633154 0.081506346736673646 -0.0088639182320951557 -0.25129389095736115 -0.047165543777506314 0.016112846113528825 0.11800870363733075 -0.024609896081874028 -0.0046218520765237423 0.27089508829983205 0.012817830924333293 -0.34009256655898695 -0.022121397946633561 -0.14339204203566688 0.87084520891314776 -0.049691099544725753 -0.18264070388490206 0.058922126770279734 -0.035747010418057348 -0.018984163912928231 0.13343978024766812
leaf_weight=1370 104 1672 368 164 164 220 156 168 178 100 1396 2168 416 142 2296 496 8678 224480 2346 7907 76 14617 540 1064 628 118 220 476 6728 1056
leaf_count=1370 104 1672 368 164 164 220 156 168 178 100 1396 2168 416 142 2296 496 8678 224480 2346 7907 76 14617 540 1064 628 118 220 476 6728 1056
internal_value=-3.18703e-05 -0.0029443 -0.001793 -0.00310606 -0.00172179 0.0115625 -0.012 -0.0145588 -2.16219e-07 0.00192714 0.00682338 0.000555358 0.000880754 0.00159937 0.00380368 0.0134483 -5.14976e-05 1.14668e-05 0.000938459 3.25407e-05 0.00634855 -0.000372936 0.00258652 0.00755611 0.00189768 0.00565823 -0.00869822 0.00737775 0.000485021 0.00527316
internal_weight=280512 3016 2744 2376 2056 384 320 272 277496 7192 1574 5618 5518 5102 2934 638 270304 261626 37146 23970 1446 22524 13176 1604 11572 3160 338 2822 8412 1684
internal_count=280512 3016 2744 2376 2056 384 320 272 277496 7192 1574 5618 5518 5102 2934 638 270304 261626 37146 23970 1446 22524 13176 1604 11572 3160 338 2822 8412 1684
is_linear=0
shrinkage=0.06


Tree=157
num_leaves=31
num_cat=0
split_feature=3 13 10 6 8 16 15 15 14 14 1 14 10 13 15 4 15 7 16 1 14 16 8 14 15 13 15 15 15 14
split_gain=6.55891 12.6485 13.0958 20.3852 10.9857 14.6464 11.7715 11.6941 14.5833 11.3752 10.3876 9.3819 12.0234 9.99976 9.23768 17.7585 17.7299 17.318 13.7721 12.1526 17.5078 17.592 14.0876 17.8243 16.6045 13.5708 13.5471 13.9972 26.7177 19.0957
threshold=1.5000000000000002 95.201500000000024 -8.1821428571428552 0.63677073931782946 1.9728387984973503 25.674000000000003 97.075000000000003 76.187500000000014 28.721500000000002 66.855000000000004 19.500000000000004 181.54000000000005 -0.88571428571428734 30.715000000000003 135.80500000000004 1.0000000180025095e-35 86.361000000000004 0.54598730243468185 132.84892500000004 7.5000000000000009 70.801000000000016 77.21050000000001 0.95730150079851872 58.207500000000003 1.0000000180025095e-35 72.065000000000012 1.0010000000000001 10.301500000000003 5.4910000000000005 54.723500000000008
decision_type=2 10 2 2 2 2 2 2 2 2 2 2 2 8 2 2 2 2 2 2 2 2 2 2 2 10 2 2 2 2
left_child=1 2 3 -1 5 6 -3 9 -9 -7 -10 14 -13 -14 16 -16 19 -18 -19 20 22 25 24 -24 -4 -22 -21 28 -28 -29
right_child=-2 4 11 -5 -6 7 -8 8 10 -11 -12 12 13 -15 15 -17 17 18 -20 26 21 -23 23 -25 -26 -27 27 29 -30 -31
leaf_value=-0.31886634238135314 -0.0029222038414103489 1.7256943942184353 -0.93621594898426952 1.3458019194259745 -0.88400253458264111 0.043330392539599527 -0.75538661680594721 -0.95881921237390122 0.27448947367505611 -0.47660960259425988 -0.35991675407266965 2.2796169080395416 2.0306424069305726 -1.0634079985876548 0.8393819561186483 -0.73743766769890429 0.39707207122592764 -0.35357732402275588 1.4742499849816599 0.6253440407242381 0.49731125305107976 -0.034389917283796333 -0.063910817478017121 -0.57579729573933069 0.22770085683090094 -0.18417757525137091 0.067409085741703303 0.50451093255307278 -0.18306585940122172 0.059574949550745479
leaf_weight=147 256704 196 66 343 52 451 35 106 1144 955 170 55 33 302 1112 120 277 2117 103 240 699 680 3744 597 783 79 1428 3487 684 3603
leaf_count=147 256704 196 66 343 52 451 35 106 1144 955 170 55 33 302 1112 120 277 2117 103 240 699 680 3744 597 783 79 1428 3487 684 3603
internal_value=-3.78593e-05 0.000914819 0.00145079 0.0111429 -0.00265359 -0.00218842 0.0123377 -0.0033758 0.000464789 -0.00725462 0.00219178 0.00121579 -0.008 -0.0122687 0.00139714 0.00642857 0.00106365 -0.00364037 -0.00540541 0.00179366 -0.00017148 0.00563786 -0.00180347 -0.0031859 0.00526502 0.0117995 0.00317729 0.00281026 -0.00147727 0.00408745
internal_weight=280512 23808 20699 490 3109 3057 231 2826 1420 1406 1314 20209 390 335 19819 1232 18587 2497 2220 16090 6648 1458 5190 4341 849 778 9442 9202 2112 7090
internal_count=280512 23808 20699 490 3109 3057 231 2826 1420 1406 1314 20209 390 335 19819 1232 18587 2497 2220 16090 6648 1458 5190 4341 849 778 9442 9202 2112 7090
is_linear=0
shrinkage=0.06


Tree=158
num_leaves=31
num_cat=0
split_feature=1 1 7 2 15 2 12 15 14 14 6 2 1 1 5 15 1 10 14 16 3 3 14 15 7 16 7 8 6 3
split_gain=6.64122 25.4657 19.1419 16.3 14.3627 15.3652 11.6235 11.1159 10.7926 11.583 10.7379 10.6061 15.451 15.3494 21.3928 18.8134 18.1897 17.0726 15.8535 20.4701 19.0796 19.0278 17.4424 17.6851 16.4446 17.3334 16.1738 16.6982 15.9521 16.334
threshold=19.500000000000004 16.500000000000004 0.49156499105414403 4.5000000000000009 -0.75749999999999995 5.5000000000000009 0.2737500000000001 220.03500000000003 110.26500000000001 16.431500000000003 0.53035309665663932 4.5000000000000009 1.5000000000000002 5.5000000000000009 1.0000000180025095e-35 26.981000000000005 10.500000000000002 -5.4392857142857141 33.07500000000001 63.250475000000002 7.5000000000000009 1.5000000000000002 35.466500000000011 21.643500000000003 0.44000494050618616 105.16500000000001 1.3954492509346659 0.96591969937892885 0.99393486158824051 4.5000000000000009
decision_type=2 2 2 2 2 2 2 2 2 2 2 2 2 2 2 2 2 2 2 2 2 2 2 2 2 2 2 2 2 2
left_child=1 11 3 -3 -2 -6 8 10 9 -4 -7 13 -13 -1 16 17 -15 -16 19 26 21 -20 23 -22 25 -23 27 -18 29 -26
right_child=4 2 6 -5 5 7 -8 -9 -10 -11 -12 12 -14 14 15 -17 18 -19 20 -21 22 24 -24 -25 28 -27 -28 -29 -30 -31
leaf_value=-0.016866517084283824 0.14857624814566098 1.2362560101649778 -0.013421645918788062 -0.53104730751683971 -0.03253263773344521 -0.10288861760009321 0.093324656850687526 -2.0490125284360792 -0.12688206582998546 0.096222658041960438 0.070594631468665375 0.028538466794953934 -0.021003318628254747 0.06596517974152831 -0.75211669323737484 -0.23303014018032292 0.16555365227606586 0.052956730478030206 0.14502557724128906 2.592705856902624 0.76288516885001345 -0.76519178636045082 0.10583237135097505 -0.40981733477981291 -0.74208741828372737 0.78636328746711526 -0.027137575582792842 0.012614747860613526 -0.1236310595422833 -0.15554031603247295
leaf_weight=50160 896 608 6164 120 39308 562 7078 100 5486 15608 5886 6656 49920 40200 72 2406 5438 1042 3052 96 82 126 9762 412 1344 294 3078 14368 9238 950
leaf_count=50160 896 608 6164 120 39308 562 7078 100 5486 15608 5886 6656 49920 40200 72 2406 5438 1042 3052 96 82 126 9762 412 1344 294 3078 14368 9238 950
internal_value=-4.02122e-05 9.03491e-05 0.00158111 0.0112088 -0.000693018 -0.000840021 0.00137698 0.00185095 0.00081444 0.00141374 0.00215881 -0.000172726 -0.000867506 0.000103856 0.000564376 -0.00402273 0.000746947 0.0024237 -3.85572e-05 0.00110183 -0.00107601 -0.00243935 0.000918487 -0.010081 -0.00351908 0.00814286 0.000985842 0.00161466 -0.00394381 -0.00842197
internal_weight=280512 233760 35064 728 46752 45856 34336 6548 27258 21772 6448 198696 56576 142120 91960 3520 88440 1114 48240 22980 25260 15004 10256 494 11952 420 22884 19806 11532 2294
internal_count=280512 233760 35064 728 46752 45856 34336 6548 27258 21772 6448 198696 56576 142120 91960 3520 88440 1114 48240 22980 25260 15004 10256 494 11952 420 22884 19806 11532 2294
is_linear=0
shrinkage=0.06


Tree=159
num_leaves=31
num_cat=0
split_feature=14 14 6 3 12 5 8 0 8 3 3 12 10 8 3 4 1 14 7 16 7 7 4 1 6 12 15 10 8 7
split_gain=6.4409 9.66081 9.19622 9.66022 8.62481 8.06269 10.3436 7.19902 18.9609 22.3205 40.6763 21.3672 21.0592 22.5112 21.6175 26.9759 20.3148 19.4484 18.0204 17.5934 17.2689 16.5807 14.6806 13.7198 12.1941 12.1937 12.1459 45.741 15.9639 12.4318
threshold=-0.7649999999999999 -6.044999999999999 0.93042470737202432 2.5000000000000004 1.8487500000000001 1.0000000180025095e-35 0.65717552503754051 2.5000000000000004 0.99999968811882878 6.5000000000000009 7.5000000000000009 0.3887500000000001 -3.5035714285714286 1.4831829472888427 5.5000000000000009 1.0000000180025095e-35 15.500000000000002 33.07500000000001 1.0000317254658451 84.427250000000015 0.81400098072225713 1.0245760236437833 1.0000000180025095e-35 17.500000000000004 0.99754240848090603 0.0062500000000000012 19.583500000000004 -1.8428571428571445 1.0398223041144161 0.79122538588047575
decision_type=2 2 2 2 2 2 2 2 2 2 2 2 2 2 2 2 2 2 2 2 2 2 2 2 2 2 2 2 2 2
left_child=1 5 -3 -4 7 6 -1 19 11 12 17 20 -10 14 -14 -16 24 -11 -19 -2 -9 26 -15 -17 -13 -12 27 29 -29 -21
right_child=4 2 3 -5 -6 -7 -8 8 9 10 25 16 13 22 15 23 -18 18 -20 21 -22 -23 -24 -25 -26 -27 -28 28 -30 -31
leaf_value=1.5558219452165296 -0.00051275741475651393 -0.033114887903363838 0.66674446259499343 0.035680905871838378 -0.14363221593778749 -0.54414865681746338 -0.030119466299134971 0.058803558522834719 0.54313113342334718 -0.068977007323092324 -0.043585904866929662 -0.25678424674585815 0.032526690441581962 -0.10888157644973893 0.715075218442213 -0.27304268483109001 0.26314344064128176 -0.69201895624591103 0.23006412584929103 -1.8501201088571824 0.34991689763825523 -0.26130075336595543 -0.43694975859843016 0.76109239760538183 0.38212070546285515 0.086797832101694061 -0.087067151611330468 1.0261484700435526 -0.29463985315458568 -0.096380602645557659
leaf_weight=34 176310 1174 182 5310 760 40 1022 5752 508 1670 17976 3080 18910 1362 2698 728 1410 1894 320 190 7358 3970 322 314 312 3288 21980 1310 204 124
leaf_count=34 176310 1174 182 5310 760 40 1022 5752 508 1670 17976 3080 18910 1362 2698 728 1410 1894 320 190 7358 3970 322 314 312 3288 21980 1310 204 124
internal_value=-4.23511e-05 0.00166194 0.00252025 0.00355062 -9.08524e-05 -0.00355839 -0.00255682 -7.30174e-05 0.000462137 -0.000138028 -0.00139812 0.00213711 0.00113759 0.000885181 0.00138278 0.0055508 -0.00128696 -0.00704428 -0.0107317 -0.000251068 0.0033913 -0.00165455 -0.0058076 -0.00264875 -0.00380307 -0.000366817 -0.00105595 0.00364333 0.00796565 -0.0171975
internal_weight=280512 7762 6666 5492 272750 1096 1056 271990 67902 49990 25148 17912 24842 24334 22650 3740 4802 3884 2214 204088 13110 27778 1684 1042 3392 21264 23808 1828 1514 314
internal_count=280512 7762 6666 5492 272750 1096 1056 271990 67902 49990 25148 17912 24842 24334 22650 3740 4802 3884 2214 204088 13110 27778 1684 1042 3392 21264 23808 1828 1514 314
is_linear=0
shrinkage=0.06


end of trees

feature_importances:
month=688
price_lag_24h=681
price_lag_336h=433
wind_north=406
wind_south=406
dow=405
shrunk_level=334
price_lag_168h=312
hour=242
temp_anomaly=235
zone_idx=224
wind_local=200
is_holiday_se=107
solar_local=103
is_weekend=24

parameters:
[boosting: gbdt]
[objective: quantile]
[metric: quantile]
[tree_learner: serial]
[device_type: cpu]
[data_sample_strategy: bagging]
[data: ]
[valid: ]
[num_iterations: 160]
[learning_rate: 0.06]
[num_leaves: 31]
[num_threads: 0]
[seed: 42]
[deterministic: 0]
[force_col_wise: 0]
[force_row_wise: 0]
[histogram_pool_size: -1]
[max_depth: -1]
[min_data_in_leaf: 25]
[min_sum_hessian_in_leaf: 0.001]
[bagging_fraction: 0.85]
[pos_bagging_fraction: 1]
[neg_bagging_fraction: 1]
[bagging_freq: 0]
[bagging_seed: 400]
[bagging_by_query: 0]
[feature_fraction: 0.85]
[feature_fraction_bynode: 1]
[feature_fraction_seed: 30056]
[extra_trees: 0]
[extra_seed: 12879]
[early_stopping_round: 0]
[early_stopping_min_delta: 0]
[first_metric_only: 0]
[max_delta_step: 0]
[lambda_l1: 0]
[lambda_l2: 0]
[linear_lambda: 0]
[min_gain_to_split: 0]
[drop_rate: 0.1]
[max_drop: 50]
[skip_drop: 0.5]
[xgboost_dart_mode: 0]
[uniform_drop: 0]
[drop_seed: 17869]
[top_rate: 0.2]
[other_rate: 0.1]
[min_data_per_group: 100]
[max_cat_threshold: 32]
[cat_l2: 10]
[cat_smooth: 10]
[max_cat_to_onehot: 4]
[top_k: 20]
[monotone_constraints: ]
[monotone_constraints_method: basic]
[monotone_penalty: 0]
[feature_contri: ]
[forcedsplits_filename: ]
[refit_decay_rate: 0.9]
[cegb_tradeoff: 1]
[cegb_penalty_split: 0]
[cegb_penalty_feature_lazy: ]
[cegb_penalty_feature_coupled: ]
[path_smooth: 0]
[interaction_constraints: ]
[verbosity: -1]
[saved_feature_importance_type: 0]
[use_quantized_grad: 0]
[num_grad_quant_bins: 4]
[quant_train_renew_leaf: 0]
[stochastic_rounding: 1]
[linear_tree: 0]
[max_bin: 255]
[max_bin_by_feature: ]
[min_data_in_bin: 3]
[bin_construct_sample_cnt: 200000]
[data_random_seed: 175]
[is_enable_sparse: 1]
[enable_bundle: 1]
[use_missing: 1]
[zero_as_missing: 0]
[feature_pre_filter: 1]
[pre_partition: 0]
[two_round: 0]
[header: 0]
[label_column: ]
[weight_column: ]
[group_column: ]
[ignore_column: ]
[categorical_feature: ]
[forcedbins_filename: ]
[precise_float_parser: 0]
[parser_config_file: ]
[objective_seed: 16083]
[num_class: 1]
[is_unbalance: 0]
[scale_pos_weight: 1]
[sigmoid: 1]
[boost_from_average: 1]
[reg_sqrt: 0]
[alpha: 0.5]
[fair_c: 1]
[poisson_max_delta_step: 0.7]
[tweedie_variance_power: 1.5]
[lambdarank_truncation_level: 30]
[lambdarank_norm: 1]
[label_gain: ]
[lambdarank_position_bias_regularization: 0]
[eval_at: ]
[multi_error_top_k: 1]
[auc_mu_weights: ]
[num_machines: 1]
[local_listen_port: 12400]
[time_out: 120]
[machine_list_filename: ]
[machines: ]
[gpu_platform_id: -1]
[gpu_device_id: -1]
[gpu_device_id_list: ]
[gpu_use_dp: 0]
[num_gpu: 1]

end of parameters

pandas_categorical:[]
