tree
version=v4
num_class=1
num_tree_per_iteration=1
label_index=0
max_feature_idx=32
objective=quantile
feature_names=zone hour dow month is_weekend is_holiday lead p_last p_lag168 p_lag336 shrunk day_mean day_min day_max week_mean spread_se4_se3 spread_se3_se2 temp hdd wind solar wind_north wind_south wind_de solar_de wind_dk temp_ref wind_ref wind_south_ref wind_de_ref solar_ref ttf eua
feature_infos=-1:3:2:0:1 [0:23] [0:6] [1:12] [0:1] [0:1] [1:7] [-74.109999999999999:737.803] [-74.109999999999999:737.803] [-74.109999999999999:737.803] [-50.379999999999995:574.62729999999999] [-7.6940416666666671:309.97166666666664] [-74.109999999999999:127.72199999999999] [-0.51000000000000001:737.803] [-0.0036904761904761963:147.40857142857141] [-10.728749999999994:125.30024999999998] [-4.3090416666666655:204.96916666666667] [-29.299999237060547:34.799999237060547] [0:44.299999237060547] [0:59] [-1:955] [0.34999999403953552:50.899999618530273] [0.90000000099341071:44.800000508626304] [0:46.299999237060547] [0:887] [0:56.200000762939453] [-29.100000381469727:35] [0.40000000596046448:55.400001525878906] [3.0999999841054282:40.56666692097982] [0:36.200000762939453] [0:860] [22.934000000000001:82.566000000000003] [49.664999999999999:86.629999999999995]
tree_sizes=6631 6767 6811 6765 6813 6717 6770 6815 6805 6869 6807 6852 6782 6813 6801 6832 6876 6874 6848 6844 6811 6841 6837 6860 6889 6872 6888 6875 6885 6865 6883 6895 6869 6873 6871 6870 6894 6889 6922 6879 6879 6844 6927 6924 6871 6888 6914 6933 6899 6842 6875 6905 6871 6896 6912 6892 6900 6910 6916 6914 6892 6928 6949 6938 6894 6923 6945 6915 6921 6950 6924 6911 6891 6972 6921 6903 6935 6978 6920 6933 6958

Tree=0
num_leaves=63
num_cat=1
split_feature=22 32 31 3 31 31 4 8 32 0 8 7 31 8 14 4 22 9 17 14 4 4 11 9 8 8 7 32 20 4 23 32 11 31 15 31 4 8 12 9 9 3 8 15 12 31 31 3 31 31 26 9 8 31 31 17 13 20 24 1 12 31
split_gain=423.273 529.436 245.336 158.701 125.736 148.498 148.529 116.419 153.943 109.173 209.786 98.3268 92.5041 90.9238 128.476 74.4182 72.6814 71.871 71.0469 66.4636 66.3831 63.5391 58.5391 53.6135 51.9018 51.4969 98.2648 48.5524 43.749 48.0046 43.2684 37.8042 37.7903 35.8238 35.1265 33.3232 33.1703 33.5984 46.1852 31.0207 30.8722 28.8582 28.2645 27.7872 27.5763 27.2348 45.369 57.9136 26.5486 42.6978 31.911 26.3026 26.2277 25.9596 31.3851 24.3434 23.1167 22.833 22.5983 21.9147 21.6675 21.4332
threshold=12.733333309491476 77.547500000000014 75.473500000000016 1.5000000000000002 61.875000000000007 27.737000000000005 1.0000000180025095e-35 47.761500000000005 79.885000000000005 0 38.749000000000002 97.825000000000003 31.807000000000002 56.043500000000002 13.668601190476192 1.0000000180025095e-35 16.899999698003139 1.7725000000000002 12.150000095367433 39.912717261904767 1.0000000180025095e-35 1.0000000180025095e-35 74.804583333333355 113.45150000000002 72.747500000000016 38.749000000000002 35.51850000000001 77.637500000000017 53.500000000000007 1.0000000180025095e-35 4.6499998569488534 78.407500000000013 124.15895833333333 75.473500000000016 2.0410208333333348 28.128000000000004 1.0000000180025095e-35 56.845000000000006 7.4590000000000005 152.66000000000003 134.67250000000004 8.5000000000000018 10.388500000000002 -1.0000000180025095e-35 2.9100000000000006 49.764000000000003 45.110500000000009 3.5000000000000004 28.167500000000004 31.729000000000003 12.34999990463257 66.074000000000012 25.445000000000004 42.791500000000006 48.39950000000001 6.3500001430511483 212.29650000000001 1.0000000180025095e-35 548.50000000000011 16.500000000000004 2.5445000000000007 43.532500000000006
decision_type=2 2 2 2 2 2 2 2 2 1 2 2 2 2 2 2 2 2 2 2 2 2 2 2 2 2 2 2 10 2 2 2 2 2 2 2 2 2 2 2 2 2 2 2 2 2 2 2 2 2 2 2 2 2 2 2 2 10 2 2 2 2
left_child=1 9 4 7 5 -3 13 8 -2 10 11 21 15 14 44 60 27 -17 20 28 25 42 -6 57 32 26 41 61 -4 -30 -16 36 -24 56 -32 -8 37 38 -29 -27 -12 45 55 -41 -7 46 -11 -48 51 -50 -51 -36 -49 -28 -55 -1 -33 -15 -52 -44 -10 -5
right_child=3 2 19 16 22 6 35 -9 12 18 40 -13 -14 23 30 17 -18 -19 -20 -21 -22 -23 24 -25 -26 39 53 31 29 -31 34 33 -34 -35 48 -37 -38 -39 -40 43 -42 -43 59 -45 -46 -47 47 52 49 50 58 -53 -54 54 -56 -57 -58 -59 -60 -61 -62 -63
leaf_value=55.612131118774414 53.283001327514647 51.450653648376466 54.592561340332033 51.388226127624513 51.429371070861819 55.1231388092041 53.965261077880861 52.179468727111818 50.880341148376466 53.28007621765137 52.101076126098633 55.321388626098631 54.52830352783203 52.393233680725096 55.483176040649411 53.562943649291995 50.805076122283936 54.128041076660153 51.416176223754881 56.625640869140625 51.476951217651369 52.974726104736327 54.621178817749026 56.634533691406247 52.519206237792972 51.881501197814941 53.74675102233887 55.224288558959962 56.645761108398439 51.594598579406735 56.900123596191406 51.624511146545409 56.469228363037111 54.180621337890628 53.723168563842776 52.301276206970215 51.852576065063474 52.928673553466794 56.861133575439453 58.119888305664062 54.29240608215332 51.89260120391846 53.361751174926759 53.949176025390628 50.868196201324466 51.970088577270509 54.872001266479494 55.072381210327151 56.570185852050784 53.937711334228517 56.177680969238281 58.187390899658205 52.557721138000488 55.360000991821288 53.891376113891603 54.236601257324217 54.628363800048831 54.465901184082028 53.312411117553708 55.225601196289062 54.476766204833986 52.20511608123779
leaf_weight=298.53934440016747 2975.2693450003862 1582.4532070755959 629.57597941160202 29529.877458363771 3567.8468637466431 768.26045945286751 136.88322180509567 6515.2861151248217 401.37781995534897 5885.9233825653791 11224.887408107519 839.19083847105503 364.86289823055267 1242.4093684852123 875.72197210788727 201.64929383993149 66701.883015722036 363.83740025758743 23801.858764991164 1359.4276460409164 10006.399390250444 2414.2678264081478 889.37420171499252 681.04752197861671 1171.3505987524986 9083.6393943279982 1656.9935247898102 832.90963581204414 305.82027089595795 114.1049776673317 611.40713584423065 8680.3393167555332 315.86007970571518 1533.8040036559105 255.69219130277634 2090.1399315595627 1032.011647105217 940.03557094931602 543.72902604937553 71.42977374792099 1740.6309011131525 4150.3033085167408 1701.8518991172314 451.90498965978622 515.22466173768044 2293.3222383260727 901.57156822085381 619.28675490617752 754.07827305793762 411.51510882377625 785.67189878225327 80.701741456985474 120.13213497400284 953.1058743596077 480.98450380563736 1459.9784517884254 499.97162747383118 717.44961860775948 126.03712725639343 405.01089845597744 1031.4719558954239 15880.479779779911
leaf_count=891 9953 2733 648 84610 3807 1107 233 12259 679 15789 25617 1851 593 2022 1430 339 148460 613 54222 1398 24519 6472 931 1175 1226 22043 5314 1205 314 118 923 11851 325 1580 436 3731 1370 1395 808 123 3212 11900 4600 848 820 3692 2690 813 1352 946 889 139 159 1618 823 4170 570 1057 140 1228 1720 25235
internal_value=52.345 52.3475 52.3547 52.3432 52.3527 52.3557 52.358 52.3487 52.3542 52.3457 52.3489 52.3557 52.3637 52.3612 52.365 52.3595 52.3427 52.3748 52.3446 52.3697 52.346 52.3536 52.3468 52.3536 52.3529 52.3473 52.3489 52.344 52.3602 52.3727 52.3696 52.3465 52.3601 52.3451 52.3724 52.3466 52.3512 52.3545 52.3594 52.3444 52.3451 52.3471 52.3576 52.3562 52.3513 52.3486 52.3501 52.3574 52.3697 52.3718 52.3663 52.3566 52.3678 52.357 52.3619 52.3623 52.3439 52.3494 52.3716 52.3537 52.3534 52.3432
internal_weight=238578 100549 19988.1 138029 17579.1 11634.7 10052.2 11853.8 5338.47 80561.2 20084.4 7118.84 2363.2 7825.22 5184.31 1998.34 126175 565.487 60476.9 2408.93 36675 6279.65 5944.43 2640.91 2376.58 26668.6 17061.6 59473.2 1049.5 419.925 3900.83 14062.8 1205.23 10714.1 3025.1 2227.02 3348.69 2316.67 1376.64 9606.97 12965.5 13970.5 3865.38 523.335 1283.49 9820.24 7526.91 1640.99 2413.7 2077.3 1323.22 336.394 739.419 3091.08 1434.09 1758.52 9180.31 1959.86 911.709 2106.86 1432.85 45410.4
internal_count=523734 220494 27900 303240 25422 19133 16400 26156 13897 192594 48041 19212 3944 12436 8182 3351 277084 952 144553 2478 90331 17361 6289 4254 2482 65812 42798 128624 1080 432 6255 18779 1256 14001 4825 3964 4778 3408 2013 23014 28829 35043 10889 971 1927 23143 19451 3662 3902 3327 1975 575 972 7755 2441 5061 12421 3079 1029 5828 2399 109845
cat_boundaries=0 1
cat_threshold=8
is_linear=0
shrinkage=1


Tree=1
num_leaves=63
num_cat=0
split_feature=32 25 31 17 21 8 17 8 7 8 2 3 9 32 2 21 2 8 32 31 2 11 8 32 13 31 3 13 8 7 2 3 2 1 3 31 3 3 8 9 21 25 9 2 7 8 9 9 8 1 11 23 24 16 9 10 15 3 17 2 6 31
split_gain=356.727 339.165 236.133 147.821 139.328 124.252 146.486 105.473 198.719 101.993 92.3354 99.6764 78.5098 74.8845 72.543 72.2127 69.0216 67.6357 67.0921 65.7559 63.2201 61.7319 63.0271 58.7137 54.9426 53.5455 47.2278 46.2475 56.3292 48.3006 45.4853 44.672 42.2073 42.0318 41.8447 51.1799 41.2561 40.8799 43.2081 46.1068 39.6257 39.0899 35.0073 37.2022 34.7105 35.3157 30.8095 30.2102 29.64 29.5565 29.3197 28.862 28.5973 28.2858 27.5386 26.9873 26.7058 26.2052 25.6704 25.289 25.2094 28.9782
threshold=77.485000000000014 13.449999809265138 75.473500000000016 1.0000000180025095e-35 10.749999880790712 35.324000000000005 -0.25000000745058054 47.761500000000005 57.251500000000007 4.8685000000000009 3.5000000000000004 6.5000000000000009 27.317500000000006 72.64500000000001 4.5000000000000009 14.199999928474428 4.5000000000000009 13.054000000000002 84.490000000000023 31.729000000000003 3.5000000000000004 74.184958333333341 56.845000000000006 79.020000000000024 164.25000000000003 27.685500000000005 5.5000000000000009 123.82650000000002 59.144000000000005 102.80250000000002 4.5000000000000009 11.500000000000002 2.5000000000000004 4.5000000000000009 7.5000000000000009 63.610500000000009 7.5000000000000009 11.500000000000002 67.25500000000001 134.67250000000004 6.9499998539686212 16.550000190734867 46.366000000000007 1.0000000180025095e-35 101.361 9.9310000000000027 81.609000000000023 152.66000000000003 13.761000000000001 6.5000000000000009 124.15895833333333 3.7500000000000004 35.500000000000007 -0.16458333333333838 90.946500000000015 4.0441250000000011 30.839562500000003 7.5000000000000009 12.250000000000002 1.0000000180025095e-35 4.5000000000000009 57.45000000000001
decision_type=2 2 2 2 2 2 2 2 2 2 2 2 2 2 2 2 2 2 2 2 2 2 2 2 2 2 2 2 2 2 2 2 2 2 2 2 2 2 2 2 2 2 2 2 2 2 2 2 2 2 2 2 2 2 2 2 2 2 2 2 2 2
left_child=4 2 3 9 7 6 18 8 10 19 11 13 -11 26 44 20 24 32 25 31 52 23 50 30 57 -3 33 -6 29 -29 34 -2 42 -1 -5 48 -13 38 -14 -40 -27 56 43 -15 45 -10 -22 -9 55 -42 -23 -16 54 -12 -4 -36 59 -8 -26 -35 -57 -62
right_child=1 5 15 21 27 -7 16 47 14 12 53 36 37 17 51 -17 -18 -19 -20 -21 46 22 -24 -25 58 40 -28 28 -30 -31 -32 -33 -34 41 35 -37 -38 -39 39 -41 49 -43 -44 -45 -46 -47 -48 -49 -50 -51 -52 -53 -54 -55 -56 60 -58 -59 -60 -61 61 -63
leaf_value=0.035513658523559498 4.417521286010742 -0.40601833343505866 3.0876319122314455 -1.1622762680053711 -1.3537363338470461 -0.5318635272979737 -2.1505720663070682 -0.76238386154174798 2.3843623924255373 0.73439107894897482 1.693603458404541 -1.4678088378906251 4.3722779464721686 -1.0880750465393068 2.1723886203765868 0.15932292938232423 -1.0123080921173095 0.73758927345275893 2.6948223876953126 -0.37656194686889644 1.898180389404297 2.6896911048889161 0.83152116775512686 -0.87625309944152829 1.1935119915008545 4.0017441082000733 -0.80820386409759526 0.11573122024536141 -1.0965500354766846 1.5928713798522951 -1.1036755275726318 3.6424608612060547 0.99282056808471675 0.71594614028930659 -0.12789690017700189 -0.56852856636047377 0.44446618080139155 0.34338077545166001 1.0849731731414796 4.9330361938476566 1.1062154388427736 0.33932116031646731 2.1900998878479006 4.1443920230865485 3.2180999279022218 1.0621200561523438 4.2643051147460938 2.037091293334961 2.3628136253356935 2.2766717147827147 3.7185483169555669 0.4375749778747558 4.2161026000976562 -0.79502885341644292 4.8069976806640629 3.19686393737793 0.058758754730224544 1.9839992618560793 4.3018011093139652 2.5847451019287111 3.786755599975586 0.91750066757202164
leaf_weight=2424.5709906220436 638.06744128465652 665.89734959602356 578.3456546664238 648.91161292791367 73886.919290751219 24596.122033625841 1233.9804485142231 28048.203134089708 880.27350358664989 1682.5993924736977 451.73628163337708 4878.2938184887171 690.03035959601402 160.85455425083637 317.49113687872887 325.34411466121674 5535.7423069775105 599.60326045751572 186.48356550931931 153.0348564684391 622.98526906967163 1400.2443296015263 2000.8735306859016 4788.9843003451824 196.05517530441284 437.49693283438683 1769.0311962813139 7935.8476659208536 11138.978605031967 2277.9960088282824 1415.7697999477386 187.35406404733658 195.72626881301403 805.01964648067951 104.4347437620163 646.03323215246201 7754.1694102138281 295.75586265325546 505.1852211356163 238.66693967580795 886.45288226008415 1795.644460812211 422.54986968636513 301.59058181941509 1090.3931414783001 1959.7958827018738 117.21724021434784 1687.0000999420881 1521.6975863575935 1594.8703638017178 397.87885102629662 3159.0093373060226 677.34286123514175 20529.494746908545 317.31154197454453 364.28878706693649 541.30995887517929 3976.5533493757248 527.90011686086655 2913.5623213201761 302.56215757131577 197.47980952262878
leaf_count=6991 1100 1151 595 822 186606 35153 1679 62191 2118 3425 800 12420 1479 382 610 336 6656 1329 304 424 641 1773 2487 6371 255 804 6144 19069 21669 5374 1818 326 484 2354 146 693 21840 511 918 445 1711 5545 561 563 2328 4784 120 3130 1992 3031 429 7375 695 55103 327 423 1283 4948 560 7574 379 220
internal_value=-3.82047e-05 0.00327309 0.00844496 0.00641553 -0.00116706 0.000570215 0.00411735 0.00033458 0.00167279 0.0144045 0.000437434 0.00251817 0.0103183 0.00579566 0.00926756 0.0224202 0.00130628 0.0155765 0.0126647 0.0286296 0.0255211 0.00387084 0.00929509 0.00180742 0.00505192 0.011136 0.00419075 -0.00247075 -0.000421158 0.00226059 0.00548505 0.0342046 0.0230429 0.00574087 0.00834398 0.0107345 -0.000577143 0.0177956 0.0212844 0.0128979 0.014054 0.00796797 0.0276851 0.0181164 0.0139205 0.0110022 0.013445 -0.00204838 0.0139864 0.011599 0.0160861 0.00400449 0.0311915 -0.00199841 0.0252719 0.0208221 0.0105757 0.00325687 0.0179492 0.0120857 0.02372 0.0163776
internal_weight=238581 60656 20818.4 18179.9 177925 39837.6 15241.4 82685.3 52950.1 4390.69 45543.2 24561.9 3412.24 11929.5 7406.96 2638.55 11470.2 1680.32 3771.2 978.456 2313.2 13789.2 3799 9990.16 5934.49 3584.72 10249.1 95239.7 21352.8 10213.8 5201.18 825.422 1080.72 8480.11 3785.41 3136.5 12632.5 1729.64 1433.88 743.852 2918.82 6055.54 884.995 462.445 3930.46 2840.07 740.203 29735.2 2490.46 2481.32 1798.12 3476.5 1573 20981.2 895.657 968.765 4259.89 5210.53 723.955 3718.58 864.331 500.042
internal_count=523774 85147 28895 26181 438627 56252 21099 205909 140588 8628 123373 67470 6778 33210 17215 2714 14098 3319 7001 1850 2378 17553 4689 12864 7442 6697 29891 232718 46112 24443 6493 1426 1990 23747 4675 3853 34260 3353 2842 1363 5546 16756 1506 945 9230 6902 761 65321 3160 4742 2202 7985 1617 55903 922 1168 11211 6627 815 9928 1022 599
is_linear=0
shrinkage=0.05


Tree=2
num_leaves=63
num_cat=4
split_feature=22 32 31 3 21 0 8 4 8 7 8 32 31 4 9 31 16 14 1 17 21 4 8 4 11 22 31 10 31 3 8 0 31 8 8 4 20 7 32 7 8 1 8 20 31 31 0 31 4 20 1 8 9 8 4 7 18 0 8 9 32 17
split_gain=374.862 471.741 250.772 138.911 115.453 104.264 189.699 100.959 132.193 95.1463 94.6975 127.462 80.8091 75.49 75.0626 72.2572 68.4479 63.3583 61.4196 57.656 82.3837 56.0324 61.5543 55.8322 51.3366 50.9612 49.6791 45.1412 41.7193 40.0244 46.4215 88.1029 62.6609 39.4326 39.0061 38.9223 52.3672 36.7271 36.6884 32.4416 57.9582 31.7596 34.778 28.6862 26.8714 30.373 26.4743 25.8547 25.3903 26.9901 25.0674 23.7934 23.4643 22.9154 45.8671 55.7371 23.9038 30.8761 26.5418 22.2196 30.1524 21.2683
threshold=13.400000333786013 77.485000000000014 75.473500000000016 1.5000000000000002 8.20000007748604 0 33.096000000000011 1.0000000180025095e-35 13.761000000000001 82.565000000000012 47.761500000000005 79.885000000000005 31.729000000000003 1.0000000180025095e-35 2.1225000000000005 30.113500000000005 0.50093750000000814 39.912717261904767 5.5000000000000009 12.150000095367433 10.250000089406969 1.0000000180025095e-35 38.749000000000002 1.0000000180025095e-35 35.287500000000009 17.266666491826381 61.875000000000007 13.465775000000002 27.737000000000005 9.5000000000000018 74.715000000000018 1 44.130500000000005 68.19250000000001 79.921000000000006 1.0000000180025095e-35 53.500000000000007 59.417500000000011 76.045000000000002 21.631500000000003 56.043500000000002 15.500000000000002 72.747500000000016 6.5000000000000009 39.895500000000006 48.39950000000001 2 38.177000000000007 1.0000000180025095e-35 157.50000000000003 6.5000000000000009 10.082500000000001 137.61500000000004 57.682500000000012 1.0000000180025095e-35 81.445000000000007 21.350000143051151 3 10.082500000000001 152.66000000000003 70.445000000000007 4.1499998569488534
decision_type=2 2 2 2 2 1 2 2 2 2 2 2 2 2 2 2 2 2 2 2 2 2 2 2 2 2 2 2 2 2 2 1 2 2 2 2 10 2 2 2 2 2 2 8 2 2 1 2 2 8 2 2 2 2 2 2 2 1 2 2 2 2
left_child=1 5 4 10 7 6 9 8 12 23 11 -2 -3 15 50 -13 33 35 -10 20 21 22 24 51 43 38 28 -14 -20 30 31 37 -33 -6 -19 36 -4 -18 -5 -30 -41 61 47 -7 -26 -46 -22 -43 -11 -50 -15 -1 -42 54 55 56 57 58 -40 -24 -61 -8
right_child=3 2 17 25 16 19 41 -9 18 48 -12 13 27 14 -16 -17 29 34 26 -21 46 -23 59 -25 44 -27 -28 -29 39 -31 -32 32 -34 -35 -36 -37 -38 -39 53 40 52 42 -44 -45 45 -47 -48 -49 49 -51 -52 -53 -54 -55 -56 -57 -58 -59 -60 60 -62 -63
leaf_value=2.0295833883285526 0.70133771514892596 4.3230298042297362 2.2278952445983888 -0.83230993390083341 3.4609205818176272 0.64197076416015619 0.72681033277511597 0.19979668331146244 -0.095346072673797633 3.1746120882034301 -0.16435028409957902 1.3502706089019776 1.2987348937988283 -0.72048054504394554 1.4734968128204349 2.1371736297607424 2.4945768609046937 3.8152861404418945 -0.27488511228561413 -0.8734185256958007 0.27759388446807842 -0.46607110142707847 -0.13235586071014396 0.37286518931388851 1.0415942010879515 -1.4944681248664857 1.1434411840438841 3.4517079811096196 1.9845469255447392 -0.46176770257949828 -0.15745856618881221 3.6993956184387211 0.056724777221679901 0.76870211458206195 4.4285679626464844 -1.1396970748901367 3.5765120697021491 3.7262083950042726 3.830148047924042 3.3564732713699343 2.2798721661567689 0.52036034679412857 0.14744863748550402 1.8512803263664246 3.0469353637695313 0.67129888772964463 -1.2419157109260561 2.2621612215042113 2.5540262713432313 0.80209431552886989 1.3155841579437255 1.3491010389328004 4.3493863983154304 -0.69601294660568236 -0.78303019666671758 2.7403014817237854 2.6876671352386476 -0.22586125278472907 1.3117130458354951 0.76043617486953718 5.3842881660461437 -0.55968459033966056
leaf_weight=1885.1328223347664 2797.1770446449518 725.81492030620575 526.39616972208023 35558.365513876081 267.32524180412292 4018.4522141218185 2021.4257153123617 1641.7864292562008 1049.6725194752216 526.42180159687996 6187.006524309516 1333.8962264060974 660.56817144155502 149.53304266929626 479.21797263622284 253.99307948350906 1528.669704914093 1046.4249801039696 275.64462870359421 25879.105345964432 6322.3604786992073 5315.2394259721041 4964.7140483111143 2270.5891126096249 908.92298352718353 62297.435576349497 1032.3315169811249 272.90293961763382 415.95339700579643 3827.6055040359497 2693.5568594634533 344.51472193002701 3192.2188811898232 155.5075169801712 461.50364375114441 265.01896369457245 326.91265046596527 785.6835932135582 416.18864250183105 531.81036725640297 768.61210584640503 1002.8909069299698 3856.2399387359619 2613.8410158902407 1027.3056025505066 281.75823253393173 14450.224996343255 711.5250236839056 404.38752092421055 228.39365689456463 61.031500041484833 1739.5547422170639 300.17546620965004 6355.4294368624687 4526.5097019970417 890.09191581606865 281.27415090799332 4141.4822854697704 1487.5455878078938 228.87595164775848 117.21159666776657 7423.588892057538
leaf_count=5402 9354 1289 542 91198 399 10311 5058 2110 1434 1287 11618 2234 911 251 799 414 2114 1075 479 59243 15841 13036 12119 6122 3158 138989 1098 326 580 6158 3660 574 4455 248 476 273 336 1252 536 868 1215 2951 8202 6657 1818 502 35296 1536 936 472 103 4911 483 8672 6110 1118 595 5744 2192 411 210 15946
internal_value=-8.07792e-05 0.00203848 0.00839952 -0.00193481 0.0065327 0.000372622 0.00334745 0.0113806 0.0143716 0.0101113 0.00336656 0.00842832 0.0263852 0.0172069 0.0310094 0.0111954 0.00362396 0.0229425 0.00980937 -0.000620671 0.000563087 0.00289919 0.00454215 0.00753392 0.00709551 -0.00244972 0.0131377 0.0166272 0.0172382 0.00294686 0.00485007 0.00735021 0.00235329 0.0233823 0.0296311 0.0139053 0.0190985 0.0149075 -0.00132023 0.019731 0.0229632 0.000171488 0.00316538 0.00489202 0.0136793 0.0182641 -0.00162727 0.0090882 0.0232013 0.0164082 0.00608733 0.0113843 0.0162262 0.000512369 0.00182118 0.00429578 0.0026463 0.00198187 0.00723056 0.000286513 0.0125171 -0.00159445
internal_weight=238511 111295 23096.6 127216 20470.4 88198.2 22070.2 7675.27 6033.49 7054.48 11261.9 5074.85 1659.29 2277.67 689.783 1587.89 12795.1 2626.26 4374.2 66128 40248.9 19476.3 14161.1 5895.28 8850.28 115954 3324.53 933.471 2292.2 12372.2 8544.64 5851.09 3536.73 422.833 1507.93 1118.33 853.309 2314.35 53656.9 2016.55 1600.6 15015.7 5570.66 6632.29 2217.99 1309.06 20772.6 1714.42 1159.2 632.781 210.565 3624.69 1068.79 18098.5 11743.1 7216.58 6326.49 6045.22 1903.73 5310.8 346.088 9445.01
internal_count=523707 243780 32355 279927 29653 211425 52823 10793 8683 19130 24773 13155 2526 3801 1153 2648 18860 2702 6157 158602 99359 48222 35186 16435 22446 255154 4723 1237 3625 18213 12055 8395 5029 647 1551 1151 878 3366 116165 3146 2566 33693 12689 16968 5478 2320 51137 4487 2695 1408 354 10313 1698 24967 16295 10185 9067 8472 2728 12740 621 21004
cat_boundaries=0 1 2 3 4
cat_threshold=8 12 4 12
is_linear=0
shrinkage=0.05


Tree=3
num_leaves=63
num_cat=4
split_feature=22 32 31 3 31 31 2 21 0 8 8 32 2 8 31 31 31 11 20 21 18 2 8 22 2 0 21 8 1 2 30 2 11 32 3 8 1 31 1 26 31 11 8 15 13 3 3 3 1 13 16 13 0 31 2 8 11 18 0 31 2 13
split_gain=344.029 430.86 227.099 129.633 103.973 130.944 129.361 99.2601 94.5489 170.073 85.2151 113.085 83.4478 77.7902 95.1049 60.5419 59.7757 55.6722 55.3085 54.1698 77.8989 53.15 52.1327 51.0431 50.284 64.0947 55.6187 47.3861 44.0973 43.5178 42.6717 38.8625 37.9874 34.877 33.6629 38.9576 35.3852 31.7711 30.0776 27.7951 26.9994 26.8791 26.4212 25.9643 25.4401 25.3626 27.6338 24.9384 23.8122 23.1957 22.4302 22.402 22.2786 22.2488 22.1427 43.3828 29.2651 25.1507 22.8963 22.4318 21.7048 20.776
threshold=13.333333412806196 77.547500000000014 75.473500000000016 1.5000000000000002 61.875000000000007 27.737000000000005 4.5000000000000009 8.8000002801418322 0 49.081500000000005 49.081500000000005 79.885000000000005 4.5000000000000009 47.048500000000004 31.729000000000003 30.113500000000005 38.177000000000007 74.804583333333355 397.50000000000006 10.450000107288362 3.5500001907348637 4.5000000000000009 38.749000000000002 16.600000103314724 3.5000000000000004 1 14.000000119209291 72.747500000000016 7.5000000000000009 1.5000000000000002 1.5000000000000002 5.5000000000000009 124.15895833333333 76.142500000000013 10.500000000000002 4.613500000000001 5.5000000000000009 28.128000000000004 6.5000000000000009 13.050000190734865 33.148500000000006 35.287500000000009 72.747500000000016 2.4417291666666725 69.637500000000003 11.500000000000002 10.500000000000002 11.500000000000002 16.500000000000004 183.46500000000003 22.149375000000003 26.490000000000006 2 60.909500000000008 4.5000000000000009 9.6510000000000016 85.436083333333343 17.850000023841861 3 31.521000000000004 4.5000000000000009 30.385000000000002
decision_type=2 2 2 2 2 2 2 2 1 2 2 2 2 2 2 2 2 2 10 2 2 2 2 2 2 1 2 2 2 2 2 2 2 2 2 2 2 2 2 2 2 2 2 2 2 2 2 2 2 2 2 2 1 2 2 2 2 2 1 2 2 2
left_child=1 8 4 10 5 -3 7 13 9 16 11 -2 15 14 -7 29 -1 -6 45 20 50 22 30 33 26 -26 39 32 31 -13 -22 40 -19 -5 35 51 -37 -8 -15 -4 -14 43 -41 -16 -32 46 60 48 -11 54 -10 -9 -21 -39 55 56 57 58 -35 -59 -18 -38
right_child=3 2 24 23 17 6 37 34 19 47 -12 12 28 38 41 -17 18 27 -20 52 21 -23 -24 -25 25 -27 -28 -29 -30 -31 44 -33 -34 49 -36 36 61 53 -40 42 -42 -43 -44 -45 -46 -47 -48 -49 -50 -51 -52 -53 -54 -55 -56 -57 -58 59 -60 -61 -62 -63
leaf_value=0.69652110934257516 0.70271974248886127 -0.84110197639465345 3.0638023147583007 -0.73045797628164311 -0.87974829816818279 3.8713041505813601 1.2061181518316269 0.89558200263977028 -1.1682864437580107 -0.51079791789054885 -0.15584418327808403 4.1525668013572696 -0.53844997854232801 -0.030891347241401947 3.0427827383041386 2.030314948272705 2.8704982971668245 1.9696145319938658 0.64653912491798415 -0.064701045322418341 0.949199442577362 -0.45895502346754108 0.16541183466911313 -1.34435395796299 3.6186418590545659 -1.0165275421142579 -0.31011411094665536 0.072553965258598294 1.551217006969452 0.38271175866127011 1.7601700306177137 1.1592873976707458 3.6549454300880431 3.513509840035439 0.4101325450181964 -0.11566473324298841 1.7246818978071214 -0.68743235287666316 3.2288645576477055 3.8090065059661868 0.553700417327881 3.1443184741020205 5.1288894424438478 1.694434838294983 2.8945885955810549 -0.17889808659553524 4.3250513391017922 9.4947259401082995 0.40764295184612287 1.6025141255140305 0.10950602073669416 3.6032750768661503 -1.3225744092941285 1.8220962729454042 -0.96637413780689274 -0.059071502518653674 3.355288325953484 4.5311284789562221 0.2340474738597873 0.52219361429214473 2.1367572808742525 3.1561291742324831
leaf_weight=4612.4093581736088 2810.6560804545879 1849.0057135224342 673.43495047092438 31314.03832295537 4115.1922113895416 1228.2508825063705 170.94927310943604 170.52193877100945 8865.40213316679 8144.4332878738642 6190.4374476373196 87.024220407009125 166.25178408622742 434.33719980716705 274.00747567415237 270.0064868927002 1440.8381253033876 950.49749559164047 1321.5966618806124 10409.989806964993 5172.4186291992664 5161.768493399024 5263.2629399001598 70086.241848811507 398.65539216995239 395.57006323337555 172.61235922574997 1258.8239144086838 385.01868289709091 1302.1659882068634 2574.8370827287436 89.597656428813934 347.43837857246399 329.74787527322769 1095.8972389101982 734.74144685268402 603.35486906766891 2188.8864237070084 1294.3328915536404 636.23037832975388 67.793701767921448 372.40525352954865 300.24320816993713 749.99270984530449 947.12562344968319 225.54316061735153 236.40600872039795 174.76501920819283 4611.1197877377272 1800.4758942127228 6788.21047963202 347.64436754584312 20774.481235742569 168.69183886051178 4031.6318912506104 7624.5640495717525 164.53476172685623 117.39244049787521 1202.4737133681774 93.152342915534973 1233.4994085878134 1350.9502367675304
leaf_count=14818 9404 3196 693 79618 4394 2179 291 252 24886 17387 11634 146 279 655 303 440 3295 996 1992 24778 13490 12624 12783 155933 410 407 178 1319 644 2181 6447 151 358 424 1953 1228 910 3940 2039 654 110 514 309 1122 2078 784 885 602 10171 2273 11123 467 49476 184 5622 10498 214 210 1820 281 2657 2203
internal_value=-9.30607e-05 0.00195478 0.00816504 -0.00185494 0.00633905 0.00893737 0.0109749 0.0138807 0.00038144 0.00321895 0.00324159 0.00797381 0.0160214 0.0192037 0.024628 0.00987657 0.00846885 0.00126253 0.0125972 -0.000565469 0.00079139 0.00293266 0.00453573 -0.0023512 0.0221216 0.0116364 0.0267842 0.00705554 0.030374 0.00565483 0.00691305 0.0166932 0.0137552 -0.00107018 0.00849241 0.0110768 0.0086517 0.00102507 0.0109585 0.0296745 0.0059029 0.0156839 0.0352602 0.0114811 0.0111575 0.0162117 0.0174629 -0.000461606 -0.000719302 0.000880978 -0.00182399 0.0236211 -0.00207863 -0.000488058 0.000172961 0.00148681 0.00822901 0.00631656 0.00408239 0.0224794 0.016003 0.012167
internal_weight=238374 110241 22282.7 128133 19705.9 13034 11185 8656.44 87958.1 22000.6 11369 5178.51 2367.86 4353.33 2624.66 1659.2 9070.29 6671.95 4457.88 65957.5 34773 19119.4 13957.6 116764 2576.75 794.225 1782.52 2556.76 708.662 1389.19 8694.38 323.643 1297.94 46678 4303.11 3207.21 2689.05 2528.53 1728.67 1609.91 234.045 1396.41 936.474 1024 3521.96 3136.29 2910.74 12930.3 12755.6 15364 15653.6 518.166 31184.5 2357.58 13563.5 9531.87 1907.3 1742.77 1532.22 210.545 2674.34 1954.31
internal_count=523312 241430 31154 281882 28503 21436 18240 13825 210276 52591 24989 13355 3951 6812 4118 2767 24431 7067 9613 157685 83431 47422 34798 256893 2651 817 1834 2673 1184 2327 22015 540 1354 100960 7013 5060 4341 4415 2694 1656 389 1939 963 1425 8525 7621 6837 28160 27558 21342 36009 719 74254 4124 19069 13447 2949 2735 2244 491 5952 3113
cat_boundaries=0 1 2 3 4
cat_threshold=8 12 4 12
is_linear=0
shrinkage=0.05


Tree=4
num_leaves=63
num_cat=0
split_feature=22 32 21 3 2 8 8 32 2 1 13 8 7 3 2 9 22 8 9 14 9 8 9 14 7 8 9 8 10 2 8 7 21 2 1 2 32 9 21 23 13 14 17 10 13 8 7 3 9 17 21 2 32 1 8 10 21 12 15 18 8 1
split_gain=314.219 393.93 135.507 121.531 98.7407 123.944 82.986 110.359 88.2729 81.3247 79.949 191.672 80.5945 69.5261 68.3156 65.743 61.1041 57.8716 83.7978 57.3298 55.9274 48.5355 46.5853 45.4924 42.5354 69.4261 41.7317 40.4863 39.7327 39.7033 53.4875 48.953 35.2263 34.3359 34.0863 33.2579 31.9543 30.7306 30.3588 30.2619 30.0695 28.9104 28.643 42.6212 26.4627 26.1015 50.9539 24.836 24.5948 24.5652 23.9585 25.1159 23.8624 23.5667 23.5446 23.472 22.9976 22.9925 22.9616 22.2741 21.6308 20.8617
threshold=12.733333309491476 77.015000000000015 9.1499997079372424 1.5000000000000002 4.5000000000000009 13.761000000000001 40.723500000000008 79.885000000000005 4.5000000000000009 6.5000000000000009 69.637500000000003 32.651500000000006 106.91750000000002 9.5000000000000018 4.5000000000000009 2.1225000000000005 17.266666491826381 72.747500000000016 27.317500000000006 13.406764880952386 152.66000000000003 79.921000000000006 6.4425000000000017 50.470144151138719 117.40350000000002 69.835000000000022 45.676500000000004 9.9310000000000027 17.878350000000001 4.5000000000000009 59.144000000000005 76.361500000000021 11.450000345706941 4.5000000000000009 5.5000000000000009 2.5000000000000004 70.850000000000009 85.00500000000001 9.9000001549720782 19.650000572204593 28.920000000000005 19.295416666666672 2.5499999523162846 9.2086000000000023 160.74250000000004 67.25500000000001 105.45150000000002 9.5000000000000018 82.697500000000005 10.750000000000002 10.900000154972078 3.5000000000000004 64.205000000000013 5.5000000000000009 8.7525000000000031 15.181050000000001 13.074999928474428 44.188500000000005 8.9091666666666658 18.250000000000004 22.372500000000006 6.5000000000000009
decision_type=2 2 2 2 2 2 2 2 2 2 2 2 2 2 2 2 2 2 2 2 2 2 2 2 2 2 2 2 2 2 2 2 2 2 2 2 2 2 2 2 2 2 2 2 2 2 2 2 2 2 2 2 2 2 2 2 2 2 2 2 2 2
left_child=1 10 4 6 5 19 7 -2 22 -7 26 12 14 17 38 61 24 18 41 -3 45 23 -9 40 29 33 49 28 -28 30 31 32 34 -26 -5 58 -36 -23 52 56 -11 -4 -21 -44 -6 46 -13 -47 -49 50 51 53 -12 -1 -38 -14 -24 -37 -20 -22 -54 -10
right_child=3 2 13 16 44 9 -8 8 15 21 11 20 55 -15 -16 -17 -18 -19 35 42 59 37 39 -25 25 -27 27 -29 -30 -31 -32 -33 -34 -35 36 57 54 -39 -40 -41 -42 -43 43 -45 -46 47 -48 48 -50 -51 -52 -53 60 -55 -56 -57 -58 -59 -60 -61 -62 -63
leaf_value=-0.27240694335460669 0.89571838509082835 1.4479976119518285 -0.49064974048972165 -0.68316606048643613 -0.29729432917356496 0.19212313177108734 -0.078058985385894897 0.073149078414439836 -0.57954634796619409 1.3753405434608461 0.48182208987712838 -0.050982851586341839 2.4176741494321821 -0.83914191451191877 0.15188245649039731 1.3240382748460773 -1.3502412138307098 0.047388402175903371 3.4563491808414462 3.9133131064891815 2.1393267408394814 0.66972872786998749 2.7013290100550651 3.1721654250478744 2.7816969859212635 -0.26195797205805749 0.73075305124759682 -0.04843859908700026 1.8458584046590325 -1.1258414447695022 -1.2065954029947523 1.5421999894773961 -0.73523061017096047 1.1098352236664291 0.20956381579339478 1.7344901523756981 1.6830060834908487 4.3638941484022142 1.0399532733082772 -2.4097588331246378 2.8724248120784761 1.6822402617931365 0.6457654987192154 3.2188857125949859 1.5994739443635937 -0.87093439817190133 1.4444392861509323 -0.24803554122209556 5.542592053809166 -1.2630473843669894 -1.0038577545976641 -0.5092822225427629 2.1018936923289302 1.807361266635656 1.0411899915254119 2.6147063170814513 3.318732006595134 3.1514187396383289 2.8658858925819404 3.8826742902779579 1.0153588286185262 1.2148615160799026
leaf_weight=1626.2515614181757 2833.5981560498476 521.50663721561432 1573.0196048021317 3879.3798647671938 1658.196677416563 1690.3825203180313 6821.519875317812 741.68268668651581 124.29442751407623 520.89138424396515 519.07657517492771 8040.8648104518652 441.88944512605667 3170.3310495615005 4391.1886208057404 459.46451658010483 62270.925408557057 2468.7351226806641 536.07399424910545 706.01152005791664 1035.2011370956898 1021.4827137589455 372.16907620429993 1039.668812841177 827.47276601195335 3905.2115537077188 1723.2390918135643 6314.3147845119238 513.12871934473515 17338.229135394096 13119.6942101717 1679.1843841075897 12906.058747559786 1045.8418810963631 5041.5862634330988 1011.6349496841431 1408.415065318346 904.53663584589958 3780.1744788140059 121.20891326665878 1012.0126707553864 1925.0921846628189 254.0958811044693 851.20847398042679 479.28525802493095 13461.140914991498 958.64981545507908 598.99995091557503 339.56248199939728 15796.306069552898 8159.619196087122 3866.5048509985209 2180.571894839406 2737.7502407580614 2879.4099884182215 754.35616566240788 309.31804758310318 159.33054319024086 782.17651039361954 202.48999038338661 582.1608715057373 64.587566196918488
leaf_count=4333 9456 756 2449 9542 2194 2319 13018 1246 209 674 2038 18206 1065 5146 9875 768 138877 3326 737 1325 1860 1392 614 1553 1324 6173 4102 16706 1132 38100 24992 3248 30657 1645 16199 1357 2415 1249 8728 204 1291 2659 302 975 552 24936 2024 1532 843 44412 21222 10315 4636 7292 4266 1463 514 326 1063 335 1265 109
internal_value=-0.000137004 0.00199301 0.0078557 -0.00168359 0.0119274 0.0143373 0.00315821 0.00803245 0.0164519 0.0106322 0.000318379 0.00199131 0.00699406 0.00412198 0.00570313 0.0319233 -0.0021378 0.00648927 0.00914496 0.0241581 -0.000577454 0.014145 0.00994041 0.0186386 -0.00105323 0.00303808 -0.00121285 0.00189187 0.0076714 -0.00145913 -0.000609332 0.000632753 0.000100505 0.0109483 0.00191564 0.0161555 0.00355341 0.00813633 0.00874784 0.0182799 0.0131485 0.00415317 0.0283632 0.0232958 0.00231732 -0.00112551 0.00098679 -0.00244563 0.00541447 -0.00203768 -0.000681552 0.00122178 0.0122662 0.00382123 0.0067259 0.0193387 0.0223693 0.01001 0.0216026 0.00977639 0.0141138 0.00704178
internal_weight=238458 100309 22285.7 138149 10659.3 8521.8 11847.8 5026.32 2192.73 6188.97 78023.4 37286.3 12649.4 11626.4 11453.2 648.347 126301 8456.06 5987.33 2332.82 24636.9 4498.59 1544.38 2572.57 64030.5 5778.53 40737.1 8550.68 2236.37 58252 40913.7 27794 26114.8 1873.31 13208.8 2489.22 9329.41 1926.02 7061.98 802.696 1532.9 3498.11 1811.32 1105.3 2137.48 23399.2 8999.51 14399.7 938.562 32186.4 16390.1 8230.51 3281.81 4364 4287.83 1196.25 681.487 1170.97 1318.25 1237.69 2762.73 188.882
internal_count=523541 219965 31645 303576 14582 11836 26138 13120 3664 8478 188320 78806 29070 17063 26542 1086 277438 11917 8591 3358 49736 6159 2578 3518 138561 9142 109514 21940 5234 129419 91319 66327 63079 2969 32422 3483 22880 2641 16667 1332 1965 5108 2602 1277 2746 47541 20230 27311 2375 87574 43162 21940 7939 11625 6681 2528 1128 1683 1800 2195 5901 318
is_linear=0
shrinkage=0.05


Tree=5
num_leaves=63
num_cat=7
split_feature=32 25 21 2 8 21 8 17 8 7 2 3 32 3 32 0 25 8 2 0 1 6 3 32 8 23 18 0 8 32 32 12 8 7 3 2 15 32 1 0 18 8 2 3 8 0 17 3 2 3 0 21 11 32 11 2 0 10 20 3 3 12
split_gain=274.407 257.176 128.037 129.282 133.882 118.042 95.3397 110.768 92.6906 174.085 80.4109 81.6799 76.2461 64.9998 59.2535 58.747 56.5538 56.2332 55.2957 65.0109 48.5005 46.3271 46.3074 46.1276 46.3902 49.7195 44.6237 43.8941 80.836 44.5782 42.5154 39.3354 39.2786 47.9151 39.1072 38.8933 38.4427 36.8059 36.6343 34.1086 30.9634 46.0504 29.3143 27.1904 28.5112 26.7295 39.19 26.6373 25.956 24.442 24.0295 23.3586 23.0762 22.9949 22.9614 22.3604 21.9857 21.8699 21.3426 30.5178 20.8142 23.4699
threshold=77.637500000000017 13.449999809265138 10.04999975860119 4.5000000000000009 33.532500000000006 10.799999773502352 33.532500000000006 -0.35000000894069666 48.395000000000003 71.095000000000013 3.5000000000000004 6.5000000000000009 72.64500000000001 9.5000000000000018 81.042500000000004 0 14.150000095367433 13.054000000000002 4.5000000000000009 1 6.5000000000000009 2.5000000000000004 7.5000000000000009 84.490000000000023 6.9810000000000008 16.150000572204593 17.549999952316288 2 72.747500000000016 81.855000000000018 78.407500000000013 7.4590000000000005 32.182500000000012 69.302500000000023 5.5000000000000009 2.5000000000000004 12.351000000000003 76.320000000000007 5.5000000000000009 3 23.550000190734867 4.613500000000001 4.5000000000000009 9.5000000000000018 124.53500000000001 4 5.6499998569488534 11.500000000000002 4.5000000000000009 5.5000000000000009 5 10.300000280141832 134.81770833333334 82.90000000000002 92.887541666666678 4.5000000000000009 6 8.9967500000000005 6.5000000000000009 6.5000000000000009 4.5000000000000009 27.425000000000001
decision_type=2 2 2 2 2 2 2 2 2 2 2 2 2 2 2 1 2 2 2 1 2 2 2 2 2 2 2 1 2 2 2 2 2 2 2 2 2 2 2 1 2 2 2 2 2 1 2 2 2 2 1 2 2 2 2 2 1 2 10 2 2 2
left_child=5 2 3 4 14 8 7 23 9 10 11 12 34 27 26 16 32 35 19 30 -6 42 -13 24 25 57 39 28 29 -4 31 -9 33 48 38 37 -28 49 -1 -2 -29 -42 54 44 -22 46 -40 51 -7 -14 -12 -26 -5 -31 -11 -35 -16 -3 59 -58 -47 -62
right_child=1 6 13 52 20 15 -8 18 -10 21 50 22 17 -15 56 -17 -18 -19 -20 -21 43 -23 -24 -25 47 -27 36 40 -30 53 -32 -33 -34 55 -36 -37 -38 -39 45 -41 41 -43 -44 -45 -46 60 -48 -49 -50 -51 -52 -53 -54 -55 -56 -57 58 -59 -60 -61 61 -63
leaf_value=0.079523704784333307 2.7884404248585706 1.9772709262542127 2.4369491083025929 0.090237489492416154 -0.2595021441552639 0.91920036919012638 -0.41868773680663129 2.864264113844186 -0.56781321696147313 1.9446561572997572 0.59642581512254444 -1.2940703290505411 4.8965785909546025 -1.0878294950382412 3.2201416496768007 -1.6159638325996999 -1.0887388627358081 0.93548106064564007 -0.84402035292550937 0.45924551413610609 2.8844996020815374 1.1598928039778766 0.4541511137656567 2.2166403889061215 2.7508705795840624 -1.5350071910427812 4.564833441498279 0.061238668885231107 0.43030373353004453 3.355782509338856 1.5063117771322725 4.705612835078985 -0.26639826128587141 2.4716452948157781 -0.65256543586927696 0.76353257289159304 1.457302886154652 -0.76298914442372312 3.2590127003205418 1.9478189162245982 3.1145907199072838 0.67408278925937393 1.2199573342709547 1.2465051970131391 2.8427060826921471 0.6413207953668234 0.89574082299041757 -0.48024135707098276 -0.64387279512390494 2.4237699106781485 -0.75824885465693481 0.52614407505524141 2.1432364678556914 0.91659745351314548 3.0948630975084304 1.0508889559285641 4.8130531823658949 4.0986592724494342 4.4507262007856374 2.109961143256665 2.1970999142514471 3.6124828001247646
leaf_weight=3024.6346171796322 737.49475693702698 971.3388529419899 1370.7356948256493 2334.3533520996571 975.35274758934975 4734.7284369170666 23950.138151317835 240.71015971899033 30536.489642813802 705.12578296661377 3361.9325649291277 5176.8175624608994 153.17622151970863 2898.9343798756599 410.73247987031937 47718.2205760777 24431.55121268332 671.41411134600639 5239.9265963435173 3598.8517743349075 1567.6786912083626 3309.9030473679304 8232.788378611207 174.25583416223526 385.01752090454102 277.37236654758453 316.04969295859337 2939.2330265939236 1519.8860276341438 396.08256179094315 1358.9273310601711 321.64667317271233 14551.941486626863 589.73951883614063 1830.3846693336964 238.99013584852219 112.85898306965828 123.29189226031303 677.42368799448013 1252.0869260430336 173.96068400144577 251.28965052962303 736.04512250423431 851.39913159608841 666.88587373495102 3270.4818816930056 1217.3422365188599 804.39511674642563 2714.6310425400734 719.11312359571457 19511.022682338953 634.34979754686356 170.63924360275269 84.188734233379364 588.12885810434818 722.91795766353607 177.91529822349548 268.34104892611504 261.4199343919754 414.27773439884186 931.87817278504372 103.16941553354263
leaf_count=8790 1046 1938 1988 2983 1268 13136 33974 275 66312 1790 9555 12900 537 4654 501 116041 60327 1459 6282 4495 2007 7086 22868 284 715 479 585 3762 1994 536 1792 388 32528 1430 6342 575 314 238 2425 1626 310 548 1578 1376 800 8548 3272 1392 7163 902 51048 1174 173 134 1119 1561 297 480 294 472 2880 143
internal_value=-0.000180724 0.00280784 0.00741973 0.0113096 0.0145031 -0.0011424 0.000408764 0.00364304 0.000211394 0.0014455 0.000515618 0.00239727 0.00522752 0.0032809 0.0214062 -0.0023495 -0.00110864 0.014461 0.00112529 0.00461707 0.00823956 0.0100201 -0.000338536 0.0113477 0.0100324 0.01649 0.016808 0.00597498 0.00999609 0.017039 0.0120115 0.0236257 0.000652696 0.00329734 0.00363446 0.0207904 0.031428 0.0251348 0.00495905 0.0136421 0.00190907 0.0145085 0.0159673 0.0113105 0.0142067 0.00715946 0.0121067 0.00465467 0.00174448 0.0287452 -0.00165381 0.0100186 0.00143513 0.0301397 0.0205001 0.0121018 0.0301814 0.0207686 0.0243993 0.0193737 0.00494039 0.0111283
internal_weight=238692 58108.7 19883.5 10249.1 7744.15 180583 38225.3 14275.1 85119.6 54583.1 49243.9 26370.9 12961.3 9634.31 3682.84 95463.7 47745.5 1905.99 10760.1 5520.14 4061.32 5339.2 13409.6 3515.07 3340.81 1517.05 2418.49 6735.38 3370.89 1851.01 1921.28 562.357 23314 8762.02 11055.3 1234.57 428.909 995.581 9224.93 1989.58 3364.48 425.25 2029.3 3085.96 2234.56 6200.3 1894.77 1823.76 7449.36 872.289 22873 1019.37 2504.99 480.271 1293.25 1312.66 1264.35 1239.68 853.613 592.193 4305.53 1035.05
internal_count=523889 81336 27668 13742 10586 442553 53668 19694 210367 144055 132482 71879 36111 13926 5135 232186 116145 3711 13232 6950 5451 11573 35768 6462 6178 2897 3571 9272 4652 2658 2455 663 55818 23290 32400 2252 899 1677 26058 2672 4620 858 4487 4183 2807 17268 5697 3281 20299 1439 60603 1889 3156 670 2909 2991 1564 2418 1063 769 11571 3023
cat_boundaries=0 1 2 3 4 5 6 7
cat_threshold=12 12 12 12 12 8 12
is_linear=0
shrinkage=0.05


Tree=6
num_leaves=63
num_cat=4
split_feature=32 25 31 3 8 21 8 13 8 17 32 2 8 21 14 17 9 31 2 2 2 0 2 1 13 25 21 2 0 32 0 14 8 2 31 31 2 9 9 11 20 1 3 9 21 16 0 8 8 8 31 8 31 9 23 9 1 31 31 3 31 11
split_gain=251.222 236.803 171.551 111.53 161.511 106.75 85.0678 133.8 84.5132 94.7434 83.6059 68.541 71.2479 59.746 59.9627 57.51 57.0977 51.9803 51.4234 51.0271 59.3197 50.0211 48.5472 47.3005 47.2638 46.3456 45.9817 41.2725 48.0127 44.9663 40.3706 38.2025 37.5231 49.9071 52.6739 45.0935 45.4802 51.5587 37.2261 34.4267 34.0455 32.5329 30.6297 28.4874 27.1362 30.305 26.8645 26.5361 26.3172 25.903 33.5199 25.771 25.8789 25.3982 25.2363 24.4948 23.4062 22.914 43.3374 32.8165 26.2587 22.6814
threshold=77.485000000000014 13.449999809265138 75.473500000000016 1.5000000000000002 51.677500000000002 11.625000000000002 59.885000000000012 69.637500000000003 33.532500000000006 0.25000000745058065 78.492500000000021 4.5000000000000009 20.482500000000005 14.199999928474428 39.912717261904767 11.449999809265138 152.66000000000003 27.685500000000005 3.5000000000000004 1.5000000000000002 4.5000000000000009 0 3.5000000000000004 5.5000000000000009 162.81500000000003 14.750000000000002 7.4000001400709161 4.5000000000000009 1 78.407500000000013 2 13.406764880952386 55.297500000000007 4.5000000000000009 31.729000000000003 58.494000000000007 1.0000000180025095e-35 3.9715000000000003 137.61500000000004 92.887541666666678 18.500000000000004 15.500000000000002 8.5000000000000018 152.66000000000003 8.0249999761581439 60.763270833333344 3 68.19250000000001 94.848500000000016 12.401000000000002 60.909500000000008 32.182500000000012 43.216500000000003 21.432500000000001 11.750000000000002 49.559000000000005 8.5000000000000018 48.39950000000001 45.748500000000007 7.5000000000000009 46.088000000000001 134.81770833333334
decision_type=2 2 2 2 2 2 2 2 2 2 2 2 2 2 2 2 2 2 2 2 2 1 2 2 2 2 2 2 1 2 1 2 2 2 2 2 2 2 2 2 10 2 2 2 2 2 1 2 2 2 2 2 2 2 2 2 2 2 2 2 2 2
left_child=5 2 3 4 19 6 7 15 9 17 31 12 39 14 22 18 27 -3 23 -2 -21 25 40 -1 44 51 -19 28 29 -11 -25 -5 33 34 -33 -36 -37 -38 -6 42 -4 -14 54 -8 45 -12 56 -16 61 -35 -51 52 -7 -34 57 -17 -28 58 59 -9 -60 -26
right_child=1 8 13 10 38 21 43 11 -10 16 24 -13 41 -15 47 55 -18 26 -20 20 -22 -23 -24 30 48 -27 46 -29 -30 -31 -32 32 53 49 35 36 37 -39 -40 -41 -42 -43 -44 -45 -46 -47 -48 -49 -50 50 -52 -53 -54 -55 -56 -57 -58 -59 60 -61 -62 -63
leaf_value=-0.29135650600954011 4.5908279448174234 -0.41822786076053087 2.0227254137648822 -0.33052389320607783 -0.14252614912067649 0.11497642636709636 -0.8260032431055383 1.1719358708966643 -0.42223280237890537 3.5590505096958966 0.91455010640590262 0.13081849783473487 0.15490438427560776 -0.5326156430474519 3.3008560823792226 -1.1260469046148895 3.8943496656955703 3.0822203846770915 -0.48396510083707622 1.3910639089828729 1.4510600308338646 -1.6356831523375128 -1.0336738997657295 2.3336324950075125 2.4051031518465402 -1.1606018730597112 0.82700006040797547 -0.82145930415130408 0.03909654050483518 0.93759496290698052 0.8568837079148377 3.5437562696598768 -0.39577292613436016 -1.4672121180327595 1.1928498843303708 0.26555115249542532 -0.39862151381684507 2.930050685748947 4.9816617984911327 2.3389482869303584 3.4325643035666946 1.3953028498208491 0.20628152233111088 1.6369112700693531 -0.86501761535522914 4.0375579912327524 1.0574756605552229 3.926810485606671 0.35080166234660126 0.71779000510888558 1.8764684915095573 -0.29206895882678802 1.4992472256343885 2.0204039475870972 0.80613781761364012 0.57450724212012572 3.8894095825021058 0.66213111337249697 3.2092499172377047 2.1824795174168865 1.8112460851961734 3.1506849996680439
leaf_weight=4418.8845106214285 445.36736911535263 716.60699766874313 352.57394170761108 939.44186970591545 964.43880635499954 5099.2355833947659 26072.651121675968 1580.4190652668476 25015.45689484477 581.56359341740608 2228.2528493404388 8859.4846994429827 5817.8795819878578 327.99316382408142 889.21881991624832 18873.011879041791 254.91710191965103 623.8424411714077 10274.23184902966 267.35419571399689 245.68337959051132 41189.043622389436 353.01026529073715 1573.0829526484013 624.22879675030708 20154.776762783527 265.13238915801048 5276.7506077587605 3545.4193508923054 1205.0094711780548 6839.661475032568 513.89825129508972 755.34452152252197 451.21925923228264 786.15460535883904 222.41385412216187 127.6380415558815 599.97852247953415 120.65305149555206 862.6375307738781 284.5061469078064 2297.4188566654921 1072.2290676981211 1783.7182580381632 6301.1786333620548 90.031538337469101 2092.1051549315453 421.34899026155472 755.93152624368668 388.27236774563789 125.0708931684494 13301.602553471923 2742.4414659440517 1003.1069326996803 1149.5831128805876 2258.1512202173471 198.58123403787613 580.49853354692459 309.02792078256607 380.15217813849449 326.22763839364052 305.81544309854507
leaf_count=12436 747 1239 363 1613 1592 15765 54952 4641 35684 676 2956 20543 13660 339 913 53547 325 1127 29482 451 414 100536 363 5234 824 50047 498 6294 4327 1589 18977 942 946 658 1221 243 139 658 197 1665 292 5480 2919 3281 8772 191 3993 434 865 701 136 29759 5104 1719 2700 4842 357 881 405 1052 541 311
internal_value=-0.000222101 0.00255622 0.0068666 0.0051469 0.0161522 -0.00116999 -3.03929e-05 0.000929314 0.000292283 0.00329262 0.0037593 0.00400143 0.00613314 0.018807 0.021652 -0.000684374 0.000893256 0.00998062 0.00103966 0.0310978 0.0202852 -0.00248699 0.0123463 0.00315023 0.00103983 -0.00125623 0.0127216 0.000330249 0.0034324 0.0100857 0.00535016 0.00849831 0.0102448 0.0134565 0.0175342 0.0133585 0.0206834 0.0267245 0.00293501 0.0101403 0.0205775 0.00304085 0.00865514 -0.00235491 -0.000458057 0.00416605 0.009744 0.0286674 0.00869343 0.00393601 0.0116078 0.000378821 0.00265215 0.00436913 0.0105299 -0.00256947 0.0205652 0.012827 0.0148349 0.0111474 0.0261799 0.0143208
internal_weight=238482 60665.5 20890.1 18261.5 2043.5 177816 95329 67472.6 39775.4 14759.9 16218 23235.6 14376.1 2628.65 2300.66 44237 10863.7 3896.27 23105.9 958.405 513.038 82487.1 990.09 12831.6 10305.4 41298.1 3179.66 10608.7 5331.99 1786.57 8412.74 5912.54 4973.1 3214.65 2250.08 1736.19 950.03 727.617 1085.09 6260.78 637.08 8115.3 5398.14 27856.4 8619.46 2318.28 2555.82 1310.57 1685.98 964.563 513.343 21143.3 7841.68 1758.45 4325.91 21131.2 463.714 3176.33 2595.83 1960.57 635.256 930.044
internal_count=523558 85109 29000 26296 3401 438449 237238 179005 56109 20425 22895 54487 33944 2704 2365 124518 13211 7214 66129 1612 865 201211 1018 36647 13919 100675 5975 12886 6592 2265 24211 8976 7363 4698 3203 2261 1040 797 1789 14804 655 19140 13139 58233 11919 3147 4848 1347 2000 1495 837 50628 20869 2665 10220 58389 855 7520 6639 5693 946 1135
cat_boundaries=0 1 2 3 4
cat_threshold=12 12 12 12
is_linear=0
shrinkage=0.05


Tree=7
num_leaves=63
num_cat=0
split_feature=22 31 32 3 21 17 10 9 10 14 16 9 21 10 32 2 2 31 3 9 10 12 3 20 25 2 31 10 11 10 2 1 32 3 31 10 31 31 20 18 6 5 21 10 10 11 9 12 31 22 1 14 1 2 3 32 31 2 2 31 31 12
split_gain=259.848 329.625 169.604 102.228 78.3957 63.7676 59.9867 59.4991 98.4468 49.9966 49.3985 49.2478 48.3701 47.8056 67.7682 90.6008 47.3941 42.3397 40.5995 38.7473 38.5743 42.6173 35.8802 34.9825 34.4863 33.9412 33.5682 33.1519 32.826 69.7194 37.8475 32.247 33.1221 32.2357 35.4421 41.6361 31.1547 50.5662 30.9956 30.9924 30.989 29.8647 31.5462 26.7959 25.0851 42.1758 27.2474 27.2152 24.9239 24.3356 23.5474 23.4919 23.2788 35.8707 23.0708 54.551 26.7413 34.0934 24.3584 22.694 40.3873 30.8227
threshold=13.333333412806196 75.473500000000016 77.015000000000015 1.5000000000000002 8.20000007748604 1.1500000357627871 18.5566 45.676500000000004 36.24710000000001 39.912717261904767 0.50093750000000814 131.81600000000003 10.799999773502352 41.054300000000005 79.885000000000005 5.5000000000000009 3.5000000000000004 30.113500000000005 1.5000000000000002 137.61500000000004 59.151875000000011 74.285000000000011 9.5000000000000018 53.500000000000007 22.150000572204593 4.5000000000000009 31.521000000000004 68.904400000000024 35.287500000000009 25.456550000000004 4.5000000000000009 6.5000000000000009 68.915000000000006 9.5000000000000018 28.357500000000005 51.486674999999998 45.548500000000011 48.39950000000001 170.50000000000003 26.050000190734867 2.5000000000000004 1.0000000180025095e-35 11.625000000000002 7.1971250000000007 60.466024999999995 66.150416666666686 2.2110000000000007 3.4200000000000004 61.875000000000007 20.533332904179897 5.5000000000000009 12.278065476190477 8.5000000000000018 4.5000000000000009 6.5000000000000009 71.782500000000013 43.69700000000001 1.5000000000000002 5.5000000000000009 61.590500000000006 60.410000000000004 86.143500000000003
decision_type=2 2 2 2 2 2 2 2 2 2 2 2 2 2 2 2 2 2 2 2 2 2 2 10 2 2 2 2 2 2 2 2 2 2 2 2 2 2 8 2 2 2 2 2 2 2 2 2 2 2 2 2 2 2 2 2 2 2 2 2 2 2
left_child=1 2 7 13 5 6 26 18 41 16 -6 22 20 14 -2 17 23 24 -1 -8 21 25 -10 -3 52 31 50 -11 -20 30 36 -5 -33 34 35 -12 -30 -38 -32 49 -23 42 54 -7 45 47 -47 48 -45 51 -4 -34 -16 -54 55 -9 -57 -58 -59 60 -36 -61
right_child=3 9 4 12 10 43 19 8 11 27 33 -13 -14 -15 15 -17 -18 -19 28 -21 -22 40 -24 -25 -26 -27 -28 -29 29 -31 38 32 39 -35 59 -37 37 -39 -40 -41 -42 -43 -44 44 -46 46 -48 -49 -50 -51 -52 -53 53 -55 -56 56 57 58 -60 61 -62 -63
leaf_value=3.4034819965392362 0.6717829847332194 2.0013801086313521 0.61663230045002071 -0.66105010501211803 2.2311691335708064 -0.72865380801628499 1.5854073878512438 1.2771503335208658 -0.3551213867793685 2.9642408366067707 3.680080614005691 1.3618003795295643 -1.2626762532111302 -0.028666187016629509 0.68679618979178481 1.4480669196417197 -0.99312302195366586 1.7993355156922111 -0.66879051296275949 4.1117297772540153 -0.89422265504157683 2.7993189420275431 1.7218945387325708 3.4487076580983564 -0.011510329822777977 -0.88102392428103937 1.419696644885061 3.5321043905412917 0.90950432203221121 -0.43764104294878337 0.95605421567657101 -0.12687907380369801 -0.13342096715597834 -0.48368312641362188 0.94761796273402732 0.0083358236328550106 2.6667749237689118 0.15900385611518753 -0.78290914497467812 4.9021073782005375 0.50526654177158326 -1.7783924158060167 0.89729634117252566 2.5473142865769205 0.62517221652251398 -0.51288263980928128 2.4203548761921887 0.52775526011975527 0.33175052726942023 -0.45850977306870144 3.9221609283129029 1.2756788771737817 2.8155541784115892 1.0561840648419369 1.072648361730975 1.3078317457367756 1.6859899464952095 1.343873764958081 1.1849344272100886 -0.60424058863212593 2.3332986539548783 2.881038434300498
leaf_weight=1188.8480507284403 2698.7798850387335 438.82102090120316 215.3816345334053 6190.5753951072693 499.5754462480545 782.60806104540825 1360.4638873040676 2242.4366442114115 18119.141144141555 943.39099025726318 303.0303538441658 3769.6084770411253 68945.757718607783 6443.6954926252365 313.08003431558609 217.27798944711685 401.13073807954788 313.71654659509659 35528.367145687342 220.4535670876503 17419.737053588033 366.24285967648029 1198.9332037568092 289.77781391143799 897.11051440238953 10094.091213136911 191.69339722394943 550.94239449501038 2405.792449042201 10629.628490939736 1891.7465207576752 5587.0213395804167 1260.0166339576244 4112.3063545227051 4076.8057672381401 229.68636763095856 576.35539880394936 384.69094061851501 1881.1281053125858 84.275150775909424 767.03274020552635 514.85419146716595 2880.0330334603786 659.90989142656326 1822.2305624186993 143.47965371608734 859.90210658311844 1250.0106229484081 320.4531751871109 1614.4010296314955 503.44684940576553 4594.4559857845306 308.53840392827988 148.20971775054932 1436.6727214604616 134.36059306561947 318.38392969965935 218.05819565057755 181.22778391838074 3465.2612416744232 906.66810518503189 289.9037429690361
leaf_count=3912 8979 452 380 15459 727 940 2416 6244 37512 969 509 6948 151561 12331 525 366 413 511 94661 374 31424 541 2850 298 1504 24315 465 568 6762 25391 4411 19772 2659 6680 7477 382 883 631 3781 167 1052 1070 6583 859 2299 165 1064 1597 344 2799 897 7425 515 250 3480 186 442 360 245 3723 994 299
internal_value=-0.00025031 0.00152872 0.00110208 -0.00178069 0.00499448 0.00882894 0.0155249 9.07675e-05 0.00183901 0.0190345 0.00269331 0.00018836 -0.00222031 0.00275166 0.00647512 0.0129909 0.0110821 0.00961612 -0.000904344 0.00962698 -0.00100117 6.92678e-05 -0.000831805 0.0186725 0.006436 -0.000297324 0.0257434 0.0250352 -0.00110825 0.000646321 0.00446745 0.000929791 0.00233144 0.00211636 0.0037505 0.0162595 0.00832029 0.0159264 0.00102796 0.00449023 0.00957949 0.00664654 0.00745551 0.00596949 0.00730197 0.00994521 0.0184546 0.00611054 0.0123427 0.00414743 0.0306965 0.00564596 0.0141922 0.021379 0.010056 0.0124868 0.0232514 0.0270794 0.0172791 0.00298616 0.00519765 5.07072e-05
internal_weight=238602 110338 107714 128264 22213.3 8330.03 2491.44 85500.3 31013.7 2624.06 13883.2 23087.7 116924 11340.4 4896.71 2197.93 1129.73 1980.66 54486.6 1580.92 47977.8 30558.1 19318.1 728.599 1666.94 29424.8 910.522 1494.33 53297.7 17769.3 7139.71 19330.7 13140.2 13383.7 9271.36 532.717 3366.84 961.046 3772.87 7553.15 1133.28 7926.03 7411.17 5838.59 5055.99 3233.76 1003.38 2230.37 980.363 7468.87 718.828 5854.47 769.828 456.748 4531.14 3094.47 852.031 717.67 399.286 8738.64 4983.47 3755.16
internal_count=523798 241643 238943 282155 32591 11800 4532 206352 65920 2700 20791 47310 257174 24981 12650 3671 1163 3305 140432 2790 105613 74189 40362 750 2794 72596 1742 1537 136520 41859 16468 48281 32822 20064 13384 891 8276 1514 8192 13050 1593 18610 17540 7268 6328 4029 1229 2800 1203 12883 1277 10084 1290 765 10957 7477 1233 1047 605 12493 8471 4022
is_linear=0
shrinkage=0.05


Tree=8
num_leaves=63
num_cat=3
split_feature=22 32 31 3 21 22 0 10 7 10 1 7 10 32 2 17 10 9 2 31 31 2 10 13 9 2 13 10 3 31 9 10 2 32 31 3 10 31 0 17 10 10 3 9 0 9 31 2 6 26 10 32 2 3 31 3 24 9 13 2 3 7
split_gain=247.003 268.675 143.029 96.7327 75.0332 69.2654 62.2822 56.6273 125.384 50.4454 67.9888 47.6331 55.4862 47.3253 58.0373 44.9638 46.2235 43.8381 42.8081 42.3605 38.5645 38.1882 36.8471 50.5615 35.5734 31.2205 30.475 43.6147 30.4329 31.5497 36.5871 37.7365 29.3159 28.9925 27.4257 27.3409 27.3392 27.034 26.7284 25.8764 27.156 24.9282 24.3758 31.3301 24.002 33.2979 23.9973 25.5487 31.1689 23.6222 32.6559 22.6321 35.177 23.7052 24.2735 22.2668 30.1051 22.2248 21.7554 21.7156 21.4079 21.0073
threshold=11.966666579246523 77.015000000000015 75.473500000000016 1.5000000000000002 8.8000002801418322 16.400000333786014 0 59.838500000000003 95.579000000000022 61.260925 6.5000000000000009 117.40350000000002 93.04887500000001 79.885000000000005 4.5000000000000009 0.25000000745058065 18.870750000000005 76.466500000000011 3.5000000000000004 31.521000000000004 31.807000000000002 4.5000000000000009 47.828275000000005 62.346500000000006 137.61500000000004 1.5000000000000002 46.636500000000005 37.615750000000006 9.5000000000000018 61.590500000000006 27.741000000000003 51.486674999999998 4.5000000000000009 77.015000000000015 31.807000000000002 11.500000000000002 19.786800000000003 43.532500000000006 1 8.3499999046325701 24.285950000000003 5.3042500000000006 11.500000000000002 121.78900000000002 2 36.312500000000007 48.39950000000001 4.5000000000000009 5.5000000000000009 13.650000095367433 68.043650000000014 79.020000000000024 1.5000000000000002 7.5000000000000009 65.46050000000001 7.5000000000000009 4.5000000000000009 111.93650000000001 225.62650000000005 4.5000000000000009 6.5000000000000009 73.249000000000009
decision_type=2 2 2 2 2 2 1 2 2 2 2 2 2 2 2 2 2 2 2 2 2 2 2 2 2 2 2 2 2 2 2 2 2 2 2 2 2 2 1 2 2 2 2 2 1 2 2 2 2 2 2 2 2 2 2 2 2 2 2 2 2 2
left_child=1 6 4 9 15 11 7 8 17 10 -2 21 59 44 20 16 19 39 49 42 25 22 23 33 -18 -15 60 37 29 30 -6 34 -10 -5 -32 57 -16 -28 -20 40 -1 -17 -3 -44 45 -12 47 48 -39 -4 -51 52 -43 -54 -55 -35 -57 -9 -31 -13 -8 -25
right_child=3 2 18 5 28 -7 26 35 32 -11 13 12 -14 14 36 41 24 -19 38 -21 -22 -23 -24 61 -26 -27 27 -29 -30 58 31 -33 -34 55 -36 -37 -38 46 -40 -41 -42 51 43 -45 -46 -47 -48 -49 -50 50 -52 -53 53 54 -56 56 -58 -59 -60 -61 -62 -63
leaf_value=1.4660496990117331 -0.097922414229799776 3.6594036096725939 2.5193546052768632 -0.56323287082899931 0.64930746895215963 -1.1085887544738675 -0.23995075357840251 -0.47186155275202779 2.41198846569544 -0.21733680456905946 3.3833389207648796 2.4851801160676747 -0.16959838956387188 3.386635685309793 1.1912040674136541 -0.8322777289565878 1.4062780439597775 1.3004328797921165 3.0465232593484317 1.1115750100410289 1.7539143916493822 -0.93897607048035825 -0.72003592907581049 0.62183337716022713 4.3139322027693279 0.55216909140604786 0.30228844240118885 -0.90580415653086677 -0.67879070927644847 -0.50109987528460176 3.8865252030735764 1.2990248405683325 1.5942125421930158 -1.9400125373975454 2.8332748525721763 8.9770995220447585 1.0711942440747817 2.119414558535476 -0.8392450987952067 0.0014206679243521593 0.46456550347107606 0.92101739878667499 0.11829738184724761 3.2368117666802139 -0.2503891649335433 0.1827326699256421 -0.090570580217389465 0.36594740766613615 -0.44767454424160785 3.160815023978035 4.1391692149595398 0.99864935162918589 -0.18885149143094113 2.0613371701499519 -0.72353069870070286 0.23443624374711441 2.4237900652729367 0.59289290659326388 2.8554850379116772 1.0796792433833311 -1.3708749417191317 1.5435580711739452
leaf_weight=1961.8856905996799 2468.9632706493139 388.89210885763168 775.97213906049728 14403.625406116247 2365.0106907486916 72761.858987912536 11420.823992371559 10635.723813354969 794.68862518668175 5713.6859215497971 535.30339953303337 1209.4528914988041 3405.2827614396811 102.3004704117775 311.41095525026321 442.51362681388855 1069.6094070971012 2433.7399264127016 303.17622667551041 192.60989689826965 257.52672463655472 17484.559712484479 16293.379033863544 6625.6556321680546 187.59140732884407 1060.0105634331703 3653.6986800581217 4783.8763720989227 2818.3279904127121 2367.7663037180901 195.35016268491745 819.32846850156784 882.09700980782509 841.05287817120552 579.33801817893982 237.71721175312996 265.44798076152802 967.71633383631706 325.47301614284515 10363.687391161919 3049.2525646239519 957.98465156555176 121.82850676774979 78.472715675830841 1252.6923160403967 451.41790834069252 694.73738873004913 699.76847144961357 259.28207662701607 431.05998516082764 300.45909237861633 1740.7896389663219 230.70145162940025 1749.8081900477409 157.02576470375061 1583.8877431154251 1305.8804804682732 3920.0972266346216 159.04319322109222 1199.6240297704935 11808.222516849637 1396.6271478384733
leaf_count=5931 6076 691 798 40226 3923 161534 28034 22213 1931 10574 1780 2036 5270 171 525 550 1919 5968 312 479 419 38624 32019 14214 318 1773 9503 10324 4582 2541 328 1511 1885 1369 1032 837 438 1500 335 27986 9053 1251 213 140 4211 1520 1146 984 399 443 309 2184 348 2180 168 2256 1619 6685 162 1895 30630 2776
internal_value=-0.00028775 0.00182873 0.00713101 -0.00151231 0.00556512 -0.00189134 0.000378088 0.00188488 0.00365609 0.00271492 0.00565629 -0.00071509 0.00360537 0.00949936 0.0150946 0.00935275 0.0156583 0.00242488 0.0193074 0.0252003 0.0096492 -0.00113428 -0.000324257 0.000838381 0.00970924 0.00575865 -0.00112853 0.00103143 0.00258542 0.00447023 0.00725563 0.0131082 0.0167231 -0.000623777 0.0210136 -0.000446883 0.0284577 0.00377277 0.00832878 0.00143761 0.00438711 0.00691464 0.0318456 0.0175452 0.00450601 0.0102818 0.00764613 0.0105174 0.0148629 0.0238772 0.0303342 0.00795393 0.0105185 0.0140854 0.015916 0.00330387 0.00538741 -0.000722098 0.000104888 0.00941082 -0.00215735 0.00414327
internal_weight=238255 87325.1 18758.1 150930 16622 138511 68567 34278.9 19485.4 12418.8 6705.07 65749 5814.36 4236.11 1996.7 7317.83 2039 17808.6 2136.14 781.803 1419.84 59934.7 42450.1 26156.7 1257.2 1162.31 34288.1 11059.1 9304.16 6485.84 3959.03 1594.02 1676.79 18134.4 774.688 14793.5 576.859 6275.2 628.649 15374.8 5011.14 5278.82 589.193 200.301 2239.41 986.721 2621.5 1926.77 1227 1507.49 731.519 4836.31 3095.52 2137.54 1906.83 3730.82 2889.77 14555.8 2526.81 2409.08 23229 8022.28
internal_count=523051 191726 26717 331325 24520 303838 165009 82489 52754 27487 16913 142304 9201 10837 3326 10441 3760 48938 2197 1523 2363 133103 94479 62460 2237 1944 82520 23856 14079 9497 6794 2871 3816 45470 1360 29735 963 13532 647 42970 14984 6681 1044 353 7511 3300 4029 2883 1899 1550 752 6131 3947 2696 2348 5244 3875 28898 2703 3931 58664 16990
cat_boundaries=0 1 2 3
cat_threshold=12 12 12
is_linear=0
shrinkage=0.05


Tree=9
num_leaves=63
num_cat=2
split_feature=22 32 31 3 22 21 8 32 4 7 8 0 8 7 4 8 13 8 31 1 25 17 1 32 14 8 8 24 3 3 8 31 0 31 3 21 8 4 8 7 4 15 3 31 14 7 8 4 13 1 22 7 3 32 1 31 24 7 24 24 21 12
split_gain=227.025 245.808 113.687 88.3295 68.4454 63.7747 58.0592 68.3447 69.6222 54.4574 76.2167 52.3363 87.9105 95.7092 43.559 59.2705 53.7207 45.3231 38.4884 37.7267 36.3201 36.0365 38.6257 35.831 34.7585 33.9259 32.9821 31.3551 30.8222 30.7268 42.2745 55.8816 55.1106 29.4481 27.2997 34.2835 34.6836 40.9423 26.7058 42.959 26.4838 26.349 25.5798 93.2022 34.1355 25.3368 34.0326 24.0969 23.0446 21.7211 21.6125 20.3503 19.1402 26.3686 18.3049 18.2923 18.1925 18.0966 17.9188 17.6722 17.5355 17.4703
threshold=11.633333563804628 77.015000000000015 75.473500000000016 1.5000000000000002 17.566666364669803 8.0999999642372149 40.723500000000008 79.885000000000005 1.0000000180025095e-35 117.40350000000002 94.848500000000016 0 23.612500000000001 78.401500000000013 1.0000000180025095e-35 59.144000000000005 69.637500000000003 7.4315000000000007 38.177000000000007 5.5000000000000009 24.050000190734867 0.25000000745058065 5.5000000000000009 77.015000000000015 39.912717261904767 8.4460000000000015 68.19250000000001 425.50000000000006 9.5000000000000018 9.5000000000000018 74.715000000000018 30.113500000000005 1 30.113500000000005 6.5000000000000009 10.150000154972078 27.083500000000004 1.0000000180025095e-35 72.747500000000016 117.40350000000002 1.0000000180025095e-35 0.23254166666666978 4.5000000000000009 45.748500000000007 38.685227380952384 48.063500000000005 56.845000000000006 1.0000000180025095e-35 56.855000000000011 5.5000000000000009 19.266666491826381 103.99150000000002 8.5000000000000018 69.325000000000017 6.5000000000000009 31.521000000000004 216.50000000000003 13.689000000000002 450.50000000000006 57.500000000000007 9.8750000000000018 3.5125000000000006
decision_type=2 2 2 2 2 2 2 2 2 2 2 1 2 2 2 2 2 2 2 2 2 2 2 2 2 2 2 2 2 2 2 2 1 2 2 2 2 2 2 2 2 2 2 2 2 2 2 2 2 2 2 2 2 2 2 2 2 2 2 2 2 2
left_child=1 11 5 6 9 21 7 -2 33 14 47 12 13 18 15 16 23 -18 -1 -14 -10 22 -3 -5 -4 55 -26 -20 38 30 31 -7 51 50 35 36 37 42 39 56 -15 57 -13 -44 -45 61 -47 -11 -36 -19 -9 -33 53 -50 -35 -24 -21 -25 -51 -42 -43 -23
right_child=3 2 24 4 -6 29 -8 8 20 10 -12 34 19 40 -16 -17 17 49 27 28 -22 45 25 41 26 -27 -28 -29 -30 -31 -32 32 -34 54 48 -37 -38 -39 -40 -41 59 60 43 44 -46 46 -48 -49 52 58 -52 -53 -54 -55 -56 -57 -58 -59 -60 -61 -62 -63
leaf_value=0.1758036740576106 0.8764802307520988 0.15345461264407911 1.6400298701497817 -0.54934695271029665 -1.1701299176449425 2.7862871439906329 -0.068858177353002509 2.1824298374918492 0.99648388647588859 2.3819283593348017 -0.33750021129248253 0.91571944513723302 -0.54958718769563608 2.4751544718433589 -0.91470431571240496 -0.94202457986215937 1.467505894401262 -0.49582746826062873 1.9241265999408055 0.80401694985177563 0.16097808934760921 1.5832150172879231 3.785122522447268 2.0590466306380479 2.89419709638101 2.8721977989562486 3.1485407102662499 0.041365581137061375 2.0316054202244849 -0.37270604241365074 -0.28256508231378136 2.0266059533212393 0.30012851072868046 -0.019683930780452386 -1.3039293801977143 -0.68825763498276804 -0.58735919804666392 -0.30780802213557978 -0.38666088059159237 1.8663179592231991 1.9675237183132799 1.6671463542210021 1.2786703554861203 2.8882862044722502 0.71165753424876432 2.1056589537812047 1.0477288106348248 0.89844373164832625 1.7827395874884655 0.94036018548533284 -0.032593993197276565 3.0265325061815398 -0.67139563374929601 -1.292513755984831 1.8752720910659748 1.1688912086814427 -0.21835031161614182 3.6019899670762374 -0.21790915567266894 0.85718306648670861 -0.35780248201098819 -0.0071834411541175317
leaf_weight=4348.2776903659105 3100.6260169148445 373.44767087697983 892.38825750350952 20101.092616021633 58589.193568706512 506.12786042690277 7241.9429630041122 590.58248394727707 498.20437061786652 1603.4919483065605 4510.6132685095072 2574.2586549520493 6500.5807967633009 502.60604611039162 22831.845081999898 17290.97525203228 2783.3341654241085 2755.1175134927034 2487.3689728081226 4111.0705804973841 160.88800042867661 1203.3137682080269 331.77176493406296 292.18527442216873 825.93576055765152 862.45630076527596 356.2393411397934 960.04109381139278 1822.1877187490463 2965.5386667847633 2041.1111592650414 1346.1673434376717 2581.4519880115986 61.929282367229462 11700.371451184154 9177.856405287981 3716.3960172384977 1967.1954745054245 7467.7609152346849 546.67938679456711 356.54954959452152 2149.5971423983574 1137.2808314412832 500.38017362356186 132.03229707479477 870.6429249048233 854.87931486964226 1580.8451807200909 383.47643610835075 4588.5068378150463 847.98143267631531 277.36467361450195 881.23867398500443 265.01094570755959 174.75239354372025 71.145344763994217 2902.285124823451 151.54299882054329 1623.241277679801 272.40017373859882 2704.7848265469074 1296.8915080726147
leaf_count=14553 10332 680 918 56646 130908 849 13869 988 838 2639 7053 6425 14065 1218 50150 33173 6006 5554 6459 10974 266 1518 589 343 848 1580 367 1457 4887 4812 2774 2053 3753 101 30154 20965 8625 4449 14857 1194 813 3115 3076 650 169 1109 1093 2537 827 9784 1422 441 2163 393 285 164 6526 167 3005 589 3875 1636
internal_value=-0.000307576 0.00181649 0.00704536 -0.00142744 -0.00178073 0.0055807 0.00257316 0.00647861 0.0129387 -0.000874121 0.00313689 0.000389713 0.00181475 0.00603516 -0.00127358 -0.00050477 0.000620781 0.00341608 0.00406139 0.000201812 0.0266942 0.00969794 0.0159911 -0.000672467 0.0180387 0.0201583 0.0236616 0.00800625 0.00145012 0.00309525 0.0049583 0.00756194 0.00566945 0.00751416 -0.00102865 0.000175003 0.00219594 0.00445221 0.000705238 0.00279994 0.0196176 0.00298513 0.0071618 0.0117881 0.0271594 0.00725413 0.0119132 0.00905803 -0.00277658 0.00168554 0.0048166 0.0128488 0.00299314 0.00950598 0.0238208 0.0321317 0.00174648 0.014634 0.00332429 0.0127471 0.00191754 0.00403517
internal_weight=238603 82370.2 17656.9 156233 143556 15582.3 12676.9 5434.96 2334.34 84967.2 7694.95 64713.3 32277.8 8927.24 77272.2 54440.4 37149.4 11750.2 7795.69 23350.6 659.092 5864.55 1638.82 25399.2 2074.56 1265.37 1182.18 3447.41 16850 9717.76 6752.22 4711.11 4204.98 1675.25 32435.5 19205.4 10027.5 6311.15 15027.8 7560.04 1131.56 5298.11 4343.95 1769.69 632.412 4225.73 1725.52 3184.34 13230.1 8966.87 1438.56 1623.53 1529.73 648.487 236.682 402.917 7013.36 443.728 6211.75 628.95 4854.38 2500.21
internal_count=523728 180672 25184 343056 314955 23051 28101 14232 3900 184047 12229 155488 77592 25089 171818 121668 88495 24349 22469 52503 1104 8369 3013 64146 2133 2333 1215 7916 38438 14682 9870 7096 6247 2796 77896 44359 23394 14769 33551 18694 2620 7500 10320 3895 819 5356 2202 5176 33537 18343 2410 2494 3383 1220 386 753 17500 510 12789 1402 6990 3154
cat_boundaries=0 1 2
cat_threshold=12 12
is_linear=0
shrinkage=0.05


Tree=10
num_leaves=63
num_cat=6
split_feature=21 10 7 4 31 4 17 1 0 10 7 31 31 7 9 31 31 0 10 17 17 23 16 17 10 10 16 0 10 31 4 31 14 31 9 10 28 14 0 16 19 31 15 31 15 31 0 10 4 23 1 1 1 24 0 11 20 20 9 10 31 10
split_gain=198.693 114.026 248.201 128.605 113.752 97.4295 87.1336 83.5633 83.1887 61.3119 54.5727 52.5145 57.3267 52.1599 51.5376 48.643 64.5669 44.6423 44.3328 40.6893 37.3872 36.8964 34.7955 33.0368 32.4803 31.9385 31.438 31.0484 29.7236 39.4189 29.7102 30.8461 28.7916 28.3272 29.1943 36.0808 24.994 24.6701 24.537 33.0609 24.1618 24.897 23.2804 23.0542 31.5254 22.9079 22.6186 48.1356 35.5992 22.48 22.0091 21.6597 20.8048 20.7198 19.8857 41.3841 26.8343 19.8461 19.6587 33.1981 25.0727 19.6353
threshold=10.799999773502352 59.838500000000003 80.383500000000012 1.0000000180025095e-35 75.473500000000016 1.0000000180025095e-35 6.2500000000000009 5.5000000000000009 0 42.622750000000003 117.40350000000002 45.110500000000009 48.699500000000008 105.45150000000002 117.52100000000002 27.737000000000005 31.261000000000003 1 20.687000000000005 -6.0499999523162833 0.25000000745058065 7.6499998569488534 40.337375000000002 2.9500000476837163 28.517475000000001 50.905150000000006 29.2393125 2 93.04887500000001 70.809500000000014 1.0000000180025095e-35 59.45900000000001 11.887767857142858 31.817500000000003 2.1225000000000005 18.870750000000005 20.733333746592205 61.309017857142862 3 20.038958333333333 15.050000190734865 43.532500000000006 1.4619791666666659 33.573500000000003 21.150833333333335 32.525500000000008 4 40.063000000000009 1.0000000180025095e-35 16.650000572204593 8.5000000000000018 21.500000000000004 20.500000000000004 462.50000000000006 5 12.289583333333335 411.50000000000006 286.50000000000006 126.37750000000001 103.81610000000002 71.881000000000014 19.786800000000003
decision_type=2 2 2 2 2 2 2 2 1 2 2 2 2 2 2 2 2 1 2 2 2 2 2 2 2 2 2 1 2 2 2 2 2 2 2 2 2 2 1 2 2 2 2 2 2 2 1 2 2 2 2 2 2 2 1 2 10 10 2 2 2 2
left_child=1 2 3 4 6 10 7 61 9 13 24 38 22 23 -3 -9 18 51 20 25 -17 -6 26 50 45 33 42 52 29 -16 31 -25 -24 34 -10 49 -23 -19 -8 -40 41 -21 -13 44 -41 -4 47 48 -43 -36 -2 -18 -20 -33 55 56 -14 -7 -11 60 -60 -1
right_child=8 14 5 -5 21 57 11 15 19 58 -12 12 54 -15 28 16 17 37 27 40 -22 36 32 30 -26 -27 -28 -29 -30 -31 -32 53 -34 -35 35 -37 -38 -39 39 43 -42 46 -44 -45 -46 -47 -48 -49 -50 -51 -52 -53 -54 -55 -56 -57 -58 -59 59 -61 -62 -63
leaf_value=0.43573711238541651 0.67633481890026281 -0.58737360434897568 2.9456236703380152 -0.60190284375611047 2.475202136160767 0.93901630996032281 0.50664282771485003 -0.20414236228730262 -0.74373707393837307 -0.59469067067424353 3.1047586065309498 2.4025748994784704 3.0162154256468918 2.6971995060560112 1.0024085594728818 3.7767304740962047 3.1440327109284731 1.1082461953436138 2.1662217932422627 -1.0151421475376556 1.8788025083962507 0.75478603798491406 2.2688798232513121 0.69331375911703752 1.1156696642501658 -0.56192178220156286 1.8550475252443066 0.42507793842096864 0.19363406671824779 2.901739878809428 -0.46418138068851289 4.0287980839225161 -0.39823572085295428 0.32425133428718989 1.9669814214581471 0.52660489322776383 2.0572335819827003 1.3795089153741131 -1.0178070612669998 0.10193409753586913 -1.5237127529945498 1.5846091157372442 0.47889646639925587 -0.53275974469677578 2.1035855763083475 1.7086905636144332 -0.83788850702846929 -0.57576410786014454 0.073131880409642497 0.51509812429784674 2.9820283609112295 0.8155096777220131 0.14244421499027241 -0.2718256115391931 -0.057080267747895166 0.70694616842552238 -0.099014854656267914 -0.71966703599637794 1.3110706516482808 -0.4720566308185305 3.8241471100578259 -0.38735230593328185
leaf_weight=3429.3251137435436 555.12596669793129 29393.233447030187 314.37056715786457 21642.186480730772 883.81543433666229 3334.8483022600412 3653.5951905250549 1370.5780473053455 255.47358132898808 15377.887928694487 1461.3255736380816 155.28714117407799 210.72312319278717 1035.1690024137497 2256.2719425112009 793.61719086766243 915.01560759544373 5548.8616521060467 368.36877897381783 26742.549373373389 284.29222829639912 523.60488951206207 91.420576632022858 5022.3124921917915 1689.6116538643837 1925.9162900745869 685.74416092038155 674.68848091363907 7519.4267557561398 204.62925815582275 4016.6369817405939 237.20937275886536 610.96672576665878 1304.0624664276838 458.6034042686224 345.18988195061684 212.22515547275543 256.88963568210602 10169.291677966714 1628.8569738864899 38911.175881579518 1711.5991559028625 566.30923640727997 3318.258404687047 1015.4866578280926 844.23482635617256 12756.3814637959 5237.8146968483925 1407.1713435053825 129.43857765197754 280.51375749707222 326.68159174919128 126.60519082844257 108.48702889680862 5026.2652630209923 1555.4546200037003 86.635084271430969 753.63362167775631 1174.5058817565441 2527.627027541399 74.225174069404602 2990.7227662950754
leaf_count=8700 1492 55085 648 52361 909 6098 10956 5676 522 33029 2467 222 236 1986 3910 1637 2563 13840 1018 72874 730 541 116 13874 3272 3600 883 2379 11564 212 9520 258 749 4239 863 949 217 395 33942 3704 85980 2926 800 6322 2193 1628 19568 8106 2168 244 697 856 348 123 5651 1809 101 1178 2386 3978 76 8456
internal_value=-0.000344371 0.00112757 0.0022405 0.00125427 0.00271034 0.0103568 0.00225023 0.00507846 -0.00175939 0.000505437 0.0156017 0.000570754 0.00373959 0.00343422 -0.00106361 0.00779119 0.00908769 0.00673263 0.0164659 -0.00251447 0.023779 0.0157291 0.0109478 0.00235024 0.0115645 0.00216521 0.0154815 0.00971189 0.00204067 0.00680919 0.00150132 0.00393456 0.00185458 0.00590065 0.0114799 0.0155761 0.0074436 0.00486093 -0.000869004 -0.00170666 -0.0027531 -0.00200066 0.00817933 0.00124821 0.00473008 0.0180105 -0.000717089 0.00130429 0.00622264 0.0230985 0.0118708 0.0153108 0.0190531 0.0183598 0.00152766 0.00593761 0.0230277 0.00482583 -0.00121541 0.00201662 0.00868292 0.000571312
internal_weight=238488 116893 77519.8 69121.8 47479.6 8398.02 45859.9 17085.6 121595 30409.7 4309.54 28774.3 8988.81 11255.5 39373.6 10665.6 9295.02 7047.45 2247.57 91185.4 1077.91 1619.65 2109.73 10220.3 2848.22 4418.68 1407.34 1169.66 9980.33 2460.9 9384.65 5368.01 702.387 2492.77 1188.71 933.232 735.83 5805.75 19785.5 16131.9 86766.7 47855.5 721.596 5962.6 2644.34 1158.61 21113 8356.59 3118.77 588.042 835.64 1241.7 494.974 345.696 6879.08 1852.81 297.358 4088.48 19154.2 3776.36 1248.73 6420.05
internal_count=523830 254372 183601 168310 115949 15291 114282 46598 269458 67419 8015 67684 10567 27950 70771 29442 23766 17654 6112 202039 2367 1667 2770 25964 5548 10417 1905 3745 15686 4122 23775 14255 865 6817 2578 2056 758 14235 57117 46161 191622 105642 1022 12219 5897 2276 32768 13200 5094 1107 2189 3419 1366 381 7797 2146 337 7276 39469 6440 2462 17156
cat_boundaries=0 1 2 3 4 5 6
cat_threshold=8 12 12 8 4 12
is_linear=0
shrinkage=0.05


Tree=11
num_leaves=63
num_cat=1
split_feature=22 32 31 3 0 10 31 2 31 1 10 14 13 21 17 21 1 2 10 30 31 21 2 2 9 1 31 1 10 32 2 9 9 27 10 13 31 21 10 18 31 30 1 10 32 26 14 2 12 9 18 3 3 31 31 2 11 32 9 32 3 31
split_gain=194.169 212.336 110.451 75.9261 63.0951 76.9599 61.9689 95.3835 81.7514 81.7067 59.7315 92.0533 47.1954 46.3681 45.6767 56.8666 41.8496 40.9494 37.5382 38.4037 37.1446 35.3171 49.4738 34.7127 47.5138 31.9853 47.3855 31.9575 34.0262 36.6548 45.7639 30.3918 30.2639 30.1539 28.2381 27.804 26.9552 26.9475 29.9473 41.3779 25.5204 25.0928 24.9426 24.8483 24.5512 23.2269 30.593 31.4191 21.8006 21.2811 19.5768 19.492 28.3344 35.9242 18.873 18.7907 19.1175 18.5013 18.3504 25.7083 17.9735 25.9812
threshold=15.166666746139528 77.015000000000015 75.473500000000016 1.5000000000000002 0 40.063000000000009 61.875000000000007 4.5000000000000009 27.737000000000005 5.5000000000000009 60.466024999999995 13.668601190476192 212.29650000000001 8.9499998688697833 12.250000000000002 11.625000000000002 16.500000000000004 4.5000000000000009 36.706675000000004 15.500000000000002 60.909500000000008 13.500000119209291 3.5000000000000004 1.5000000000000002 22.141500000000004 20.500000000000004 31.464000000000002 6.5000000000000009 61.260925 79.885000000000005 4.5000000000000009 96.766000000000005 117.52100000000002 19.250000000000004 95.503500000000017 72.15000000000002 38.177000000000007 12.199999898672106 58.507625000000004 21.750000000000004 30.113500000000005 116.50000000000001 9.5000000000000018 31.540375000000001 76.610000000000014 14.050000190734865 13.911559523809528 1.0000000180025095e-35 66.045000000000016 2.1225000000000005 28.150000095367435 8.5000000000000018 4.5000000000000009 45.748500000000007 30.113500000000005 3.5000000000000004 81.95116666666668 68.540000000000006 152.66000000000003 73.395000000000024 6.5000000000000009 28.357500000000005
decision_type=2 2 2 2 1 2 2 2 2 2 2 2 2 2 2 2 2 2 2 2 2 2 2 2 2 2 2 2 2 2 2 2 2 2 2 2 2 2 2 2 2 2 2 2 2 2 2 2 2 2 2 2 2 2 2 2 2 2 2 2 2 2
left_child=1 4 6 27 5 16 7 8 -3 43 11 35 -8 25 15 17 36 18 19 48 60 22 -4 24 -15 26 -13 -2 29 -29 40 -12 -7 -24 -34 -11 -1 38 39 55 -31 -38 -22 45 -41 -10 -47 -48 -6 -32 -30 52 -21 -54 -46 56 -5 -16 -20 -60 61 -9
right_child=3 2 21 37 14 32 12 20 9 10 31 13 -14 23 57 -17 -18 -19 58 51 42 -23 33 -25 -26 -27 -28 28 50 30 49 -33 34 -35 -36 -37 41 -39 -40 44 -42 -43 -44 -45 54 46 47 -49 -50 -51 -52 -53 53 -55 -56 -57 -58 -59 59 -61 -62 -63
leaf_value=0.22852128651568826 -0.34095418644349285 -0.8612261810225359 2.6873196543735043 -0.068062809604878191 0.54458229769497923 -0.25576661537816642 -0.51769013443469591 0.71218486957514182 0.16397863231197649 0.12621960008595359 0.51314404381336309 3.140992983465543 1.7271216093545592 0.81745882297069772 -1.1581376149040825 -0.7579269881040489 2.2805017028493104 -0.42514083529495822 -0.1915292905851903 1.1906624346474055 1.7110405477747148 0.52735001462586417 0.28652162447860546 1.9962499111049135 3.3603456256649373 1.4458429349032749 2.4269629169944036 0.94347189789275498 -0.183212348584323 1.0031631044777496 0.54711913343601071 2.5965385812456407 1.375206858555891 3.2114055291449102 0.1258585889219411 2.4581362630862915 2.0787197420138561 -1.3172659006006631 -0.95742742379129708 0.3354931966286806 1.4651015725421894 0.48908405212511924 -0.84134430558832252 -0.458766328280516 -0.088916999555574708 -1.1623814535448376 -2.5706798384327372 2.6309489139846258 1.6689581847319914 1.1679301048922497 1.3055152209957552 -0.074570602492016747 1.6819309440856516 2.6962564919982621 3.96735512037572 -0.76559763985331175 1.1514348427974495 -0.48121945009928879 0.19217620480035791 3.8498622857614802 -1.0931034818425951 -0.21551774382352917
leaf_weight=4010.1950331777334 2829.5028050243855 1863.7611289620399 1784.2165043354034 12057.761288926005 8035.2409610003233 13475.436109125614 8227.9107123613358 276.68736451864243 1426.251028418541 1309.0247721076012 2277.266474455595 762.9493043422699 959.64524674415588 314.93434002995491 10665.148366585374 20646.989978283644 1352.6461487561464 8054.1536660790443 7397.715068295598 2115.5243515968323 175.05460506677628 617.16982567310333 736.74891167879105 1468.3893844485283 637.41859954595566 480.58766168355942 889.37309885025024 1718.507219478488 3257.2611789703369 964.24854648113251 148.74935746192932 1439.6886690855026 1407.3341053724289 221.71705251932144 2733.1166471838951 167.78758823871613 1861.4422567933798 45758.840724021196 16421.299413844943 697.59212526679039 275.69456303119659 1738.4184730798006 107.38070994615555 1555.5611024200916 82.844757914543152 161.79334127902985 106.45440351963043 336.88907474279404 119.38097384572029 344.28691452741623 408.11239287257195 563.64960658550262 873.00565460324287 567.86489522457123 280.7428612112999 13357.464747801423 991.08343832194805 20040.643637090921 382.40704098343849 176.76096454262733 3331.2940952181816 1235.5408926904202
leaf_count=12892 6171 3222 1836 30899 21204 31786 8767 464 2554 1947 3750 1357 977 500 35485 50818 4313 19897 18548 5133 191 637 758 2324 936 784 1224 5779 6227 1614 249 2476 2926 227 4695 239 4915 100659 29745 2959 449 2957 117 2485 144 183 117 373 194 573 675 1661 2289 732 546 31564 1728 35988 694 312 5035 2918
internal_value=-0.000409616 0.00079714 0.00430882 -0.00209491 -0.000289667 0.00181933 0.00333063 0.00487104 0.0068602 0.00823111 0.0106052 0.013678 -7.71246e-05 0.0171954 -0.000993642 -4.51934e-05 0.00559171 0.00141106 0.00261137 0.0043453 -0.00102688 0.0128974 0.0153284 0.0124505 0.0198822 0.0225722 0.0258752 0.00204957 0.00383646 0.00739848 0.0125275 0.00561749 -9.91789e-05 0.0061573 0.00363906 0.00282803 0.00415016 -0.00255476 -0.00166954 -0.000659618 0.00739302 0.00729033 0.0165666 0.00177847 0.00901634 0.00541901 0.0136185 0.0203979 0.00235686 0.0253992 0.000481202 0.00827939 0.00964817 0.0150547 0.0195324 -0.00104879 0.000300685 -0.00250536 -6.36713e-05 0.00866174 -0.00205599 0.00246357
internal_weight=238683 139089 32871.5 99594 106217 26578.6 29511.6 20324.1 15198.1 13334.4 9747.42 6030.46 9187.56 4553.65 79638.5 48932.7 8962.7 28285.7 20231.5 12274.7 5125.96 3359.85 2742.68 2420.74 952.353 2132.91 1652.32 9946.36 7116.86 3451.49 1732.98 3716.96 17615.9 958.466 4140.45 1476.81 7610.06 89647.6 43888.8 27467.5 1239.94 3599.86 282.435 3586.95 1061.18 2031.39 605.137 443.343 8154.62 493.036 3665.37 4120.04 3556.39 1440.87 363.588 26406.3 13048.8 30705.8 7956.88 559.168 4843.52 1512.23
internal_count=523818 303837 46398 219981 257439 64484 42940 33196 24471 21249 15537 9311 9744 7125 192955 121482 25077 70664 50767 31213 8725 3458 2821 3760 1436 3365 2581 21737 15566 8664 2885 6226 39407 985 7621 2186 20764 198244 97585 67840 2063 7872 308 5712 3649 3227 673 490 21398 822 6902 9815 8154 3021 690 64191 32627 71473 19554 1006 8417 3382
cat_boundaries=0 1
cat_threshold=8
is_linear=0
shrinkage=0.05


Tree=12
num_leaves=63
num_cat=4
split_feature=22 32 31 3 7 8 8 7 2 8 22 8 32 2 31 31 8 3 3 32 2 2 2 15 14 31 8 0 31 2 2 8 12 2 2 16 14 1 0 2 31 8 24 17 1 2 1 15 0 3 8 2 7 17 13 0 1 14 6 31 1 6
split_gain=187.425 189.393 82.0136 65.0815 53.2969 111.141 45.8498 108.021 48.8414 48.2125 45.7579 36.5632 43.9038 76.3566 35.1499 49.4532 45.157 48.7728 85.2502 48.4797 59.7895 46.8607 47.2609 37.6306 34.6901 34.6235 47.652 76.8184 40.0746 51.5658 38.3604 38.1746 35.7814 32.9449 30.123 29.7668 29.3398 27.3688 27.2434 26.3876 27.9461 24.986 24.2306 23.5402 23.4346 23.4198 21.0739 20.7302 20.5516 31.3161 23.4172 27.2091 20.5198 19.0539 18.6117 18.6032 18.1991 18.1424 18.0259 35.8151 17.6756 17.4413
threshold=12.866666555404665 77.015000000000015 75.473500000000016 1.5000000000000002 106.91750000000002 71.69250000000001 72.747500000000016 64.822500000000005 4.5000000000000009 13.761000000000001 19.700000206629436 40.723500000000008 79.885000000000005 5.5000000000000009 43.216500000000003 48.75950000000001 64.57350000000001 6.5000000000000009 4.5000000000000009 70.167500000000018 1.5000000000000002 4.5000000000000009 2.5000000000000004 14.470833333333342 16.093889880952386 43.532500000000006 73.720000000000013 0 48.699500000000008 2.5000000000000004 4.5000000000000009 10.082500000000001 27.425000000000001 3.5000000000000004 1.5000000000000002 0.7274583333333392 67.065556547619067 6.5000000000000009 1 4.5000000000000009 30.113500000000005 31.215000000000003 532.50000000000011 -7.8500001430511466 16.500000000000004 4.5000000000000009 16.500000000000004 -1.0000000180025095e-35 2 9.5000000000000018 17.142500000000002 3.5000000000000004 106.91750000000002 4.9500000476837167 91.470000000000013 3 4.5000000000000009 63.110863095238102 3.5000000000000004 48.669000000000004 13.500000000000002 2.5000000000000004
decision_type=2 2 2 2 2 2 2 2 2 2 2 2 2 2 2 2 2 2 2 2 2 2 2 2 2 2 2 1 2 2 2 2 2 2 2 2 2 2 1 2 2 2 2 2 2 2 2 2 1 2 2 2 2 2 2 1 2 2 2 2 2 2
left_child=1 4 6 11 14 45 7 8 9 24 25 12 -2 34 48 16 17 18 -16 21 23 22 60 -21 54 -5 27 30 29 32 31 42 36 41 -14 -26 58 -36 -35 40 -39 55 56 -9 -33 -6 -32 -7 49 50 51 53 -45 -1 -3 -4 -27 -19 -29 -60 -20 -54
right_child=3 2 33 10 5 47 -8 43 -10 -11 -12 -13 13 -15 15 -17 -18 57 19 20 -22 -23 -24 -25 35 26 -28 28 -30 -31 46 44 -34 38 37 -37 -38 39 -40 -41 -42 -43 -44 52 -46 -47 -48 -49 -50 -51 -52 -53 61 -55 -56 -57 -58 -59 59 -61 -62 -63
leaf_value=1.644191165084167 0.52177669731704879 0.83334609410077265 1.6266864631694717 -0.63040405451875836 2.2288572788526806 4.3931253799231866 0.17627711362750703 3.6151559737150265 -0.47290538773667451 0.73789605053955798 -1.28748850575725 -0.10364505852498632 2.9237254758416658 0.99204415708998717 0.37117238057186913 -0.60234679930128265 -0.52217270713611474 -0.98143176408751354 0.24547677942952398 0.25426960892918621 0.51682733183293339 0.88396261200356963 2.8479423459439972 1.3132984580300295 2.5727899422522742 2.1990464081308772 -0.91498383123668681 -0.31353344254031978 -0.97918415168403605 -0.60716254206374076 -0.38103033655572638 0.67506538608742694 1.6320968661699702 2.7242305471534367 -0.16226555749306792 2.1298701284321382 1.1183917270539083 0.6250579294715749 -0.069166551638283377 0.63887368755667073 1.4802154134721044 2.3511219503384759 0.40437805617260808 1.3502392054463628 2.1285180658578535 1.2257375235687924 1.2439524604529497 -0.20347887138049645 -0.73946031572266302 0.98086683465982538 -0.42365350533783896 -0.29465129053789241 2.8591912372607071 0.71866740250792494 2.4106944434127047 2.3280952092848497 3.0518233812734064 1.5794810626583926 1.5272082283235786 2.7809695122724074 2.8868254021612958 2.2073597353336445
leaf_weight=251.34975196421146 2811.4921414405107 1389.1833403706551 318.03559392690659 48675.662317499518 1235.4845882058144 290.6533013433218 6033.4960314333439 194.61487433314323 3542.5916147232056 4539.2883438169956 37787.382784336805 6722.0321058183908 101.21258908510208 220.24780839681625 4454.117771089077 10017.871381163597 3615.60364985466 2672.7276473939419 188.66546821594238 210.88104718923569 2625.269858956337 384.02510660886765 436.85282355546951 538.52765393257141 228.50456213951111 277.29617801308632 11300.343885421753 702.01137718558311 11486.996632397175 2826.0650165081024 3279.8584380447865 3790.2756370604038 375.72946691513062 190.42133170366287 602.77944451570511 1616.272124171257 72.06033730506897 840.85819554328918 569.26746785640717 226.89742654561996 166.20701551437378 784.49365466833115 277.25690919160843 1625.5773029029369 971.17615175247192 1134.2311771810055 1133.4553538262844 5039.4093123376369 24245.704943567514 2919.5183701664209 13903.28581596911 2977.1713045537472 477.1076312661171 2115.1750733405352 71.170547723770142 578.62533235549927 660.62153697013855 384.23173156380653 710.08604174852371 85.837623536586761 76.409741044044495 660.70872735977173
leaf_count=1060 9388 2186 327 133849 2725 551 8596 348 5385 6369 84796 12826 170 371 9759 15074 6011 5744 252 278 3371 512 582 687 282 479 15261 1377 14820 5463 4758 5647 552 196 1006 2610 95 1408 586 380 271 807 336 2496 1650 2275 1695 8713 69921 7843 39697 9436 647 6897 114 595 914 858 1506 109 102 868
internal_value=-0.000440551 0.00117383 0.00519012 -0.00165678 2.40998e-05 0.00397771 0.00415229 0.00569031 0.00347825 0.00567862 -0.00199195 0.00190971 0.00516116 0.0105233 -0.000398652 0.00108851 0.00285003 0.00432892 0.00619758 0.0110827 0.00812152 0.0202688 0.0279436 0.0205687 0.0102715 -0.0013586 -0.000226481 0.00092729 -0.00121905 0.00263127 0.00428286 0.00689736 0.0088932 0.0138497 0.00734206 0.0148277 0.00556851 0.00586837 0.00519933 0.0101316 0.00664696 0.0177533 0.0148045 0.0142017 0.00487669 0.0129844 0.000751173 -2.8311e-05 -0.00121911 -0.00011812 -0.000850189 0.00196272 0.0130087 0.00596333 0.00450972 0.0234557 0.0186397 -0.00112075 0.00405658 0.009203 0.0112296 0.0181599
internal_weight=238640 102537 22819.4 136104 79717.2 7699.78 20378.5 14345 11387 7844.42 124412 11691.7 4969.69 2158.2 72017.4 25605.2 15587.3 11971.7 8914.75 4460.63 3374.68 1085.95 701.928 749.409 3305.13 86624.7 37949.1 26648.7 16258.8 4771.79 10389.9 5976.63 1945.72 2440.84 1937.95 1844.78 1570 1836.74 759.689 1233.96 1007.07 1681.15 1215.17 2958.01 4761.45 2369.72 4413.31 5330.06 46412.2 22166.5 19247 5343.7 2763.39 2366.52 1460.35 896.661 937.918 3056.96 1497.94 795.924 265.075 1137.82
internal_count=523887 224760 32412 299127 192348 14264 29901 21305 16946 11561 273307 25820 12994 3606 178084 43230 28156 22145 15543 5784 4336 1448 936 965 5192 188511 54662 39401 23922 9102 15479 9026 3639 2511 3235 2892 3087 3065 782 2059 1679 1729 1729 4359 7297 5000 6453 9264 134854 64933 57090 17393 4011 7957 2300 922 1393 6602 2992 1615 354 1515
cat_boundaries=0 1 2 3 4
cat_threshold=12 8 12 1
is_linear=0
shrinkage=0.05


Tree=13
num_leaves=63
num_cat=5
split_feature=21 8 7 4 32 0 8 4 9 7 17 1 17 7 8 24 0 8 20 32 17 31 8 9 19 23 25 16 31 17 4 17 10 16 31 8 32 16 20 8 0 3 1 23 31 6 9 17 31 19 3 3 32 8 20 9 0 0 16 31 3 3
split_gain=165.812 111.783 204.173 99.9361 90.1182 74.7541 74.3031 68.4141 66.4395 59.5973 56.8159 47.3432 40.9866 39.7562 38.4616 49.6968 34.1835 34.0215 31.8555 29.2425 28.9168 28.5423 27.9567 30.4323 26.6601 26.6049 26.5497 26.4991 25.9381 25.2913 24.9746 24.0135 31.2573 32.17 23.4717 23.2643 21.8331 36.6186 21.6416 21.471 44.9572 21.2234 20.3015 19.7138 21.3946 19.685 19.6172 29.6687 31.5676 19.2258 18.5107 32.148 29.9489 42.9077 23.0154 18.4223 18.377 18.3352 18.1977 17.1299 17.1039 35.3923
threshold=10.450000107288362 47.761500000000005 65.592500000000015 1.0000000180025095e-35 77.547500000000014 0 52.368500000000004 1.0000000180025095e-35 126.37750000000001 105.45150000000002 9.6500000953674334 5.5000000000000009 -6.0499999523162833 119.44100000000002 14.115 3.5000000000000004 1 52.368500000000004 1.0000000180025095e-35 76.810000000000016 3.0499999523162846 39.895500000000006 6.9810000000000008 5.7310000000000008 15.050000190734865 10.750000000000002 18.150000572204593 22.882708333333337 75.473500000000016 -6.0499999523162833 1.0000000180025095e-35 -4.3500001430511466 9.6217500000000005 3.7354583333333324 43.532500000000006 36.797500000000007 78.407500000000013 19.27364583333334 151.50000000000003 65.341500000000011 2 1.5000000000000002 15.500000000000002 13.050000190734865 45.748500000000007 2.5000000000000004 100.31500000000001 4.1499998569488534 75.473500000000016 23.849999427795414 6.5000000000000009 7.5000000000000009 72.64500000000001 9.3510000000000009 33.500000000000007 44.291500000000006 3 4 12.01283333333334 48.699500000000008 6.5000000000000009 4.5000000000000009
decision_type=2 2 2 2 2 1 2 2 2 2 2 2 2 2 2 2 1 2 10 2 2 2 2 2 2 2 2 2 2 2 2 2 2 2 2 2 2 2 10 2 1 2 2 2 2 2 2 2 2 2 2 2 2 2 10 2 1 1 2 2 2 2
left_child=1 2 3 4 10 6 9 13 14 20 18 -3 17 29 31 -16 -12 21 -1 -13 -2 22 23 25 34 -7 46 -18 36 -4 43 -6 -33 -34 -14 -30 37 -17 -9 40 42 56 -36 44 -22 -15 -21 -48 -49 -11 52 -52 -29 54 -54 -5 -28 -23 -35 60 61 -42
right_child=5 11 7 55 8 12 -8 38 -10 49 16 19 24 45 15 28 27 -19 -20 26 30 57 -24 -25 -26 -27 41 50 35 -31 -32 32 33 58 39 -37 -38 -39 -40 -41 59 -43 -44 -45 -46 -47 47 48 -50 -51 51 -53 53 -55 -56 -57 -58 -59 -60 -61 -62 -63
leaf_value=0.39478142157330148 1.4086682153461159 -0.86918831128736618 3.2320335109935669 -0.76903746230560377 2.5280346649264738 0.67399122150505164 -0.53760869898543084 0.95367236810598621 2.9380711892567115 2.2712788047182286 0.86113429103049632 -0.33975822383819687 -0.88659925789922767 3.2746034019284993 -0.14611123771027865 1.2536246028714233 -0.87297494054190394 -0.64367895361654248 1.2812175966907295 0.50132134324486799 0.60416701828503183 2.3200551965647911 0.51129465758017822 2.858725030176112 -1.3699337734783825 0.0012689144476233595 1.062154972409618 -0.27545940899052113 2.9366642878032501 1.2842616408020349 -0.4103777426209565 0.29806307555072209 2.0847845797808793 -0.82419701639597776 0.45028616871306615 0.21229403238904965 0.39934015654679417 2.6504747664575627 -0.11630466657151217 -1.0268020035691963 -1.3280848019002267 -0.74655029630864123 1.462810714126993 -0.18281569669247164 2.5101169704221129 2.2296421237951436 3.2243064264887895 0.090041214180943296 3.7166054721699648 0.29038448770735176 -1.2794918971702238 1.4200004015451051 0.36665489248599603 0.20451746973617269 2.4702821409639988 0.26056335184101725 -0.056489450457861426 -0.57583639654818808 1.5235260100511667 -1.062731878136276 -1.369405898998501 1.209422121286682
leaf_weight=8544.4334264695644 1170.0427316725254 9954.2300745844841 342.19589072465897 15704.67705309391 642.3144648373127 173.55141873657703 17549.592861026525 2969.5485637485981 446.18664461374283 1269.0221738666296 2480.4720733314753 20922.511046141386 28775.37415894866 620.95704187452793 2860.4506535828114 295.33105945587158 9224.8321200013161 2089.12345084548 5260.618323802948 4352.0707249343395 3427.3373140394688 106.7098328769207 670.22741784155369 254.56654943525791 39567.855968892574 270.45254464447498 1098.4951998591423 908.22748163342476 307.6954517364502 3319.9954478591681 4624.7600435763597 1118.8284400105476 330.86876904964447 217.12051701545715 3862.3832262456417 136.8260954618454 894.76183721423149 171.6572647690773 1429.5765740275383 5695.4566439092159 1066.5637326836586 4268.955383181572 1333.8675999343395 2235.372473821044 1480.1490942239761 539.42267571389675 881.7248263657093 1390.7013102471828 257.68537622690201 296.31729017198086 2025.5579404234886 1244.1114231944084 124.42757397890091 481.63665866851807 384.18342924118042 2281.5600894838572 1442.299447208643 1230.9173572361469 626.31626617908478 7959.7910822331905 1299.5575586855412 1593.9343582391739
leaf_count=24711 3097 18178 741 38065 1298 319 35327 5661 666 2410 7121 47476 78614 1069 3989 343 28775 3998 13609 6098 10515 351 1550 525 87478 464 1791 1918 316 6464 10911 1594 375 275 6098 141 1164 254 2491 8172 2557 5847 2338 5942 2129 884 1546 1663 265 667 3115 2645 153 592 480 5056 2354 4056 828 10828 3143 2063
internal_value=-0.000458575 0.000960315 0.00226776 0.00114573 0.00257609 -0.00168348 0.000407299 0.00916732 0.00728481 0.00305549 0.00134059 -0.000973919 -0.00238171 0.0132801 0.00618213 0.00336033 -0.000605696 0.00212315 0.00371934 -9.99871e-05 0.00194012 0.00582232 0.0108955 0.0178878 -0.00261899 0.00994832 0.00169642 -0.00154035 0.00985098 0.0107195 0.00119435 0.0106655 0.00826568 0.0139602 -0.00187005 0.0203266 0.00641897 0.0151702 0.00465662 -0.000672143 0.000212776 -0.000517013 0.00408885 0.00304764 0.00482017 0.0213455 0.00388632 0.00738659 0.00342281 0.012267 0.00132472 -0.000955548 0.00525037 0.0112601 0.0213733 -0.00193402 0.00310041 0.000626696 0.00875842 -0.00147932 0.00120651 0.0035027
internal_weight=238506 110503 65934.8 56713.1 38726.9 128003 32052.6 9221.7 8048.36 14503 30678.5 44568.7 95950.3 4822.57 7602.17 4666.72 16873.4 4795.55 13805.1 34614.4 12937.7 2706.43 1368.8 698.571 91154.8 444.004 13691.9 14393 1806.27 3662.19 11767.6 2935.45 2293.13 1174.31 51586.9 444.522 1361.75 466.988 4399.13 22811.6 17116.1 6809.75 5196.25 7142.86 4907.49 1160.38 6882.18 2530.11 1648.39 1565.34 5168.14 3269.67 1898.48 990.248 508.611 17986.2 2540.79 1337.63 843.437 11919.8 3960.06 2660.5
internal_count=523563 240011 154793 137483 94362 283552 70998 17310 11243 35671 83119 85218 212554 9158 10577 6207 44799 11263 38320 67040 32594 7265 2858 1308 201291 783 19564 37678 2218 7205 29497 4370 3072 1478 113813 457 1761 597 8152 35199 27027 9992 8436 18586 12644 1953 9572 3474 1928 3077 8903 5760 3143 1225 633 43121 4145 4407 1103 18591 7763 4620
cat_boundaries=0 1 2 3 4 5
cat_threshold=8 8 4 3 4
is_linear=0
shrinkage=0.05


Tree=14
num_leaves=63
num_cat=2
split_feature=21 8 9 32 2 1 18 32 0 8 31 18 32 3 32 32 2 31 31 3 2 0 31 8 14 31 8 32 25 3 18 3 11 8 31 1 8 31 2 26 18 9 8 8 2 31 1 9 9 23 1 8 14 2 32 31 9 13 32 25 12 16
split_gain=150.408 105.81 133.669 90.0136 81.8886 85.2508 91.0344 72.0097 67.678 72.553 68.145 59.6769 47.8769 47.1309 42.0842 40.1866 47.1611 41.8495 42.6886 42.4435 39.7289 38.0388 43.6424 34.6934 57.0517 34.4127 35.4844 32.5854 32.0605 31.9845 31.531 31.2725 31.2884 30.5783 29.8363 29.4294 29.3708 28.3306 27.0847 36.8674 25.0352 23.8542 31.7708 22.6022 30.9486 32.5773 21.8043 21.7967 21.6828 21.2991 20.3102 20.1563 23.7763 28.7506 33.8948 41.4477 21.9838 20.1351 19.6645 20.662 25.6096 19.5577
threshold=10.799999773502352 71.69250000000001 124.03850000000001 69.287500000000009 4.5000000000000009 5.5000000000000009 19.750000000000004 79.100000000000009 0 41.356500000000004 45.748500000000007 15.650000005960466 69.822500000000005 11.500000000000002 69.790000000000006 77.547500000000014 2.5000000000000004 48.699500000000008 44.895500000000006 6.5000000000000009 4.5000000000000009 1 38.177000000000007 35.777500000000011 16.506726190476197 35.877500000000005 21.971500000000002 70.77500000000002 20.150000572204593 8.5000000000000018 23.349999904632572 5.5000000000000009 118.51370833333335 19.191000000000006 28.167500000000004 5.5000000000000009 11.361500000000001 71.881000000000014 1.5000000000000002 13.150000095367433 11.549999952316286 44.291500000000006 12.401000000000002 11.054000000000002 5.5000000000000009 30.923000000000005 16.500000000000004 63.681500000000007 159.57500000000002 6.1499998569488534 8.5000000000000018 20.482500000000005 16.093889880952386 1.5000000000000002 69.822500000000005 60.909500000000008 23.022500000000004 72.15000000000002 83.50500000000001 14.449999809265138 81.82350000000001 9.4395625000000081
decision_type=2 2 2 2 2 2 2 2 1 2 2 2 2 2 2 2 2 2 2 2 2 1 2 2 2 2 2 2 2 2 2 2 2 2 2 2 2 2 2 2 2 2 2 2 2 2 2 2 2 2 2 2 2 2 2 2 2 2 2 2 2 2
left_child=1 2 3 21 5 51 12 -4 9 10 11 -2 14 25 -7 16 17 18 -14 27 28 22 -1 24 57 26 -8 -20 36 -25 -10 41 -33 40 -9 -3 38 -22 39 -12 -24 -6 -43 44 -32 -46 -38 -40 -37 -34 -13 52 -5 -54 -55 56 -56 -17 59 60 -50 -62
right_child=8 35 7 4 31 6 13 34 30 -11 20 50 15 -15 -16 23 -18 -19 19 -21 37 -23 33 29 -26 -27 -28 -29 -30 -31 43 32 49 -35 -36 48 46 -39 47 -41 -42 42 -44 -45 45 -47 -48 -49 58 -51 -52 -53 53 54 55 -57 -58 -59 -60 -61 61 -63
leaf_value=-0.12211812478587412 -0.23132893236009444 -1.1152520318209522 1.2041728870592505 -0.32493309203230791 0.14896705677794983 1.5820631997407866 4.6254611804478705 -1.3410788737025763 -1.1470575371381273 -0.65768627943485825 1.1684302505928343 0.54785039095599941 0.72744761384874368 -0.2415330019612906 2.5036874001169829 -0.11075804498910635 -0.21291537797974769 -1.0978470791846888 -2.287369391869253 -1.1068711729137224 -0.17900072452898785 -0.55495454314070192 1.4544715426201109 1.724027131071268 2.0351662908520773 2.5461108481692003 1.5788030641106099 2.6180213571507909 0.10991000265160303 -0.054336701272313451 0.93007052948474189 -0.67150398695574198 1.4823244926920651 0.34929688063948494 2.9208526777261241 -0.3460711994898798 1.0355328654526641 1.944568199843079 0.88334660513754848 3.1441706284799587 1.9242733001756491 1.1449807266656133 0.29639438287890485 -0.235620810841494 1.5424151384532772 -1.6435730452075075 3.1338061888034385 3.6660440992995209 1.9438098862981801 0.1799577919551652 2.7987957545435749 -0.29436297489486096 -0.064312947891425415 1.5252492842081524 1.2791742310478726 1.5331662567046926 -0.32795069988792491 2.0917177796032038 2.5672308150077656 -0.29788558586905084 4.3929700092257979 1.0418098047098325
leaf_weight=10405.82885619998 17168.781605035067 6866.4463296532631 2356.3618950396776 2082.9082121700048 2232.3683315366507 817.42204196751118 476.94640824198723 76.291510879993439 58271.468997344375 34205.256796061993 165.46421951055527 418.38358744978905 3827.3688846826553 241.74089694023132 385.51700975000858 1113.2753816843033 4656.0716960579157 1057.0692176818848 116.81149813532829 197.51212793588638 3231.770232886076 19386.574485078454 1777.2328282743692 748.35191562771797 2747.2164651751518 600.79609644412994 330.05223619937897 722.11440148949623 1087.6520785093307 1954.646537065506 902.59283123910427 10322.83726797998 370.04634839296341 2651.261986836791 725.55365645885468 24320.955288469791 2073.5103279948235 559.9564448595047 504.92964321374893 484.62022733688354 767.09898975491524 357.82727424800396 949.22443205118179 1569.2677254080772 115.30690199136734 53.088655054569244 428.07727488875389 192.1132347881794 772.0585713237524 677.45679280161858 317.61671887338161 4531.7184901386499 1220.470985814929 167.45295260846615 693.33586227893829 257.61310541629791 795.79875095188618 121.96613276004791 148.19810169935226 1440.3057287931442 132.85402864217758 84.575740873813629
leaf_count=37993 50225 11163 4550 4296 4380 1843 849 133 128972 68749 440 1011 7681 416 592 1473 8266 1484 320 231 5141 62857 5341 1043 3659 1685 571 1145 2096 2520 2320 16071 412 6245 1003 43940 3342 579 776 542 2014 514 1690 3261 214 169 868 268 1286 878 676 7115 2054 301 1298 266 1318 145 236 2200 208 118
internal_value=-0.00051453 0.000768229 0.00172902 0.00132947 0.00281427 0.0043251 0.00618485 0.0118161 -0.00174393 -0.000563946 0.00139273 -0.000373161 0.00517888 0.017436 0.01482 0.00450622 0.00258784 0.00554819 0.00750762 0.016505 0.00501491 -0.000570632 0.00126685 0.00754042 0.0105074 0.020936 0.02768 0.0214096 0.00797097 0.00316676 -0.00292188 -0.000212015 -0.00148964 0.0050097 0.0247505 -0.00159123 0.0101126 0.0011654 0.0160637 0.0234012 0.00892419 0.0038916 0.00925324 0.00242125 0.00801755 0.0276305 0.00690271 0.00919674 -0.000845351 0.00674009 0.0135589 0.000487805 0.00260635 0.00535706 0.00917901 0.00710869 0.00389707 0.00158071 0.00351402 0.00243107 0.00799002 0.0231069
internal_weight=238435 116686 82920.1 79761.9 44773.9 29864.2 20114.9 3158.21 121750 60838.1 26632.9 17904.8 18465.3 1649.54 1202.94 17262.4 10576.9 5920.88 4863.81 1036.44 8728.09 34988 15601.4 6685.46 3982.46 1407.79 806.999 838.926 4936.37 2703 60911.7 14909.8 11370.3 5195.59 801.845 33765.4 3848.71 3791.73 1347.13 650.084 2544.33 3539.42 1307.05 2640.26 1070.99 168.396 2501.59 697.043 26898.9 1047.5 736 9749.3 5217.58 3134.67 1914.2 1746.75 1489.13 1235.24 2577.99 2429.79 989.488 217.43
internal_count=523452 253803 194652 188966 74516 50571 33923 5686 269649 134713 65964 51912 30402 3521 2435 27967 19127 10861 9377 1696 14052 114450 51593 8840 5277 3105 1420 1465 8332 3563 134936 23945 17361 13600 1136 59151 6236 5720 2026 982 7355 6584 2204 5964 2703 383 4210 1044 47988 1290 1687 16648 9533 5237 3183 2882 2616 1618 4048 3812 1612 326
cat_boundaries=0 1 2
cat_threshold=12 12
is_linear=0
shrinkage=0.05


Tree=15
num_leaves=63
num_cat=0
split_feature=22 32 31 21 1 9 31 7 8 8 7 2 32 8 7 17 32 32 8 9 8 10 2 17 14 2 32 9 32 8 1 17 21 2 17 9 2 6 2 31 24 15 9 31 21 31 31 1 23 32 8 10 24 7 23 31 6 22 14 8 17 8
split_gain=166.54 131.559 68.893 52.8598 48.6083 44.2543 54.0022 43.352 84.3048 37.8272 55.1134 47.7249 36.8302 29.9066 66.2808 33.3585 29.1359 28.8329 26.7328 47.5865 45.1702 49.701 26.9448 26.3872 25.0784 24.219 23.7982 23.5323 23.5247 43.0412 23.3266 29.3723 25.4501 21.7559 21.4605 25.3622 21.8933 20.7777 20.736 20.1332 23.265 18.6469 18.7006 18.6163 18.4628 18.0065 18.1356 17.6677 28.4047 19.0247 17.954 17.4631 17.377 16.4558 16.3243 16.1456 16.0633 15.8016 15.4641 15.2785 15.1077 15.0328
threshold=11.966666579246523 77.015000000000015 75.473500000000016 11.800000280141832 6.5000000000000009 124.03850000000001 57.45000000000001 105.45150000000002 71.69250000000001 73.720000000000013 102.80250000000002 4.5000000000000009 77.750000000000014 72.747500000000016 83.761500000000026 -13.949999809265135 77.985000000000014 79.020000000000024 67.25500000000001 42.531000000000006 10.082500000000001 18.240875000000003 3.5000000000000004 13.550000190734865 13.668601190476192 3.5000000000000004 62.742500000000007 30.647500000000004 81.855000000000018 27.485500000000005 5.5000000000000009 15.34999990463257 12.050000309944155 1.5000000000000002 0.55000001192092907 5.9010000000000007 4.5000000000000009 2.5000000000000004 4.5000000000000009 51.771000000000008 470.50000000000006 -1.0000000180025095e-35 131.81600000000003 65.46050000000001 15.625000000000002 45.110500000000009 47.012000000000008 19.500000000000004 7.1499998569488534 82.52000000000001 6.0010000000000003 56.526550000000007 462.50000000000006 130.69850000000002 4.6499998569488534 41.223500000000008 1.5000000000000002 17.266666491826381 67.730818452380973 68.19250000000001 -6.0499999523162833 5.2115000000000009
decision_type=2 2 2 2 2 2 2 2 2 2 2 2 2 2 2 2 2 2 2 2 2 2 2 2 2 2 2 2 2 2 2 2 2 2 2 2 2 2 2 2 2 2 2 2 2 2 2 2 2 2 2 2 2 2 2 2 2 2 2 2 2 2
left_child=1 7 5 4 -2 13 51 18 38 10 11 12 23 14 15 27 52 24 19 22 21 -21 30 26 -17 59 -6 -3 45 34 -1 32 -32 -19 35 36 -30 -16 53 -26 43 42 -10 54 -38 -5 -47 48 -18 -50 -49 -7 -14 -9 -41 -23 -12 -48 -27 -4 -13 -37
right_child=3 2 25 28 9 6 -8 8 41 -11 56 60 16 -15 37 17 47 33 -20 20 -22 55 -24 -25 39 58 -28 -29 29 -31 31 -33 -34 -35 -36 61 44 -39 -40 40 -42 -43 -44 -45 -46 46 57 50 49 -51 -52 -53 -54 -55 -56 -57 -58 -59 -60 -61 -62 -63
leaf_value=-0.52816715980857232 -0.63950621803697816 1.0862395949008985 2.0064032116545252 -1.0899137906997101 -0.56644677631187401 3.182415597636775 0.92391531323782239 1.3085437863714517 2.7137984999928952 -0.45511833363632131 2.0772889009767552 0.5306132221889438 3.0415827129357638 -0.20230258347885519 2.0145570802181574 -0.26044361075760064 2.3366916084872131 0.9081314422881317 -0.70114140139787795 0.59579488275413939 0.19858457235112362 0.87777696158654805 -0.5314234799363412 -0.32333949527857553 0.56702268264421396 0.047904514660050523 0.68758100316067761 4.8620688780658519 -0.34619011442630776 -0.9236742595319708 1.6122215546563039 -0.3434502254790836 0.040895521504790727 -0.70098704012229374 -0.45465750534889476 1.6317593375948924 0.56816583407427712 1.3725807032324504 1.0225725902237481 0.85228447522209194 -0.15932891806606619 -0.13864130263255101 4.1733215087645084 0.11087538164953657 0.38205375216593113 0.39497414967331929 -0.39959605466769016 1.177575972875718 0.69112763171075864 1.5358780595964021 -0.49751671845570944 2.9737793269817381 -0.315038808834607 3.5272432455199962 1.8864762888733084 1.6924264190055014 0.95737386165915128 -1.2892031722098782 2.608566051551501 2.6071484304314581 -0.66428339009753656 1.4214065725411129
leaf_weight=6610.4178989380598 22006.91005769372 170.30229198932648 1166.5874331593513 41816.718640372157 1967.1322665959597 259.98376259207726 728.97639846801758 740.01409947872162 186.0634979903698 18397.920744925737 525.86494590342045 571.56033831834793 266.62314164638519 3903.9389885663986 639.4280112683773 1530.356382638216 580.29706144332886 785.14649224281311 11174.5146060884 2567.467563226819 10231.098298296332 313.0211184322834 17850.543998867273 7710.0380564182997 1453.4577992558479 462.5152775645256 8191.0940464735031 109.06944590806961 506.09974235296249 3509.2473884820938 4902.9650584608316 4148.7719550579786 3227.8821291327477 3307.5909017920494 743.66428792476654 272.35228872299194 81.856533288955688 869.48088899254799 1070.8176711201668 363.80260795354843 405.23393815755844 4600.3969148397446 93.298684597015381 314.35831946134567 207.38592183589935 3456.3190433681011 11494.420310169458 168.14140382409096 2098.5608378946781 332.43241143226624 1123.1963774561882 550.86738866567612 78.476337671279907 393.3118581622839 1276.1198639273643 649.54021656513214 2632.7863395661116 11512.148326426744 163.93808537721634 387.97655481100082 10539.162416934967 342.68852406740189
leaf_count=17791 47953 331 1199 111203 9495 509 838 1589 372 32304 958 1744 383 5526 897 2294 881 1225 23249 6041 24401 1010 46206 20085 2899 476 19899 185 851 5265 12726 11505 8372 4814 998 460 138 1188 2126 476 449 7926 154 335 350 8428 17291 306 2922 468 1591 988 87 912 1637 975 4592 17603 169 399 25086 577
internal_value=-0.00052464 0.00120983 0.00491036 -0.00153009 -0.000614864 0.00381642 0.0118893 0.000195356 0.00389956 0.000177501 0.00110329 0.000510031 0.00183321 0.00299399 0.00430498 0.00279002 0.00579774 0.00228476 -0.000230152 0.000259521 0.00276728 0.00764331 -0.000679806 0.000801724 0.00470333 0.0132651 0.00247558 0.0197866 -0.00248548 0.00061109 0.00063645 0.00192554 0.00367217 -0.00087321 0.00617312 0.00979496 0.0038905 0.0140511 0.0120131 0.00687295 0.00972368 0.00023304 0.012752 0.0119835 0.0148385 -0.00274232 -0.00172152 0.00467382 0.00677138 0.00439502 -0.000218962 0.0207593 0.0197566 0.0167262 0.0141189 0.017327 0.00741691 -0.00222886 0.00495473 0.0166087 -0.00217133 0.0174116
internal_weight=238742 87609.3 18849.1 151133 77190.2 16668.1 1539.83 68760.1 7083.9 55183.3 36785.4 33626.7 22516 15128.3 11224.3 9715.44 4647.73 9436.07 61676.2 50501.7 13761.1 3530.03 36740.6 17868.3 5343.33 2181.02 10158.2 279.372 73942.9 5663.29 18890 12279.6 8130.85 4092.74 2154.05 1410.38 795.342 1508.91 2204.14 3812.97 2359.51 4879.76 279.362 1954.28 289.242 68279.6 26462.9 4302.63 3011.29 2430.99 1291.34 810.851 345.099 1133.33 1639.92 962.561 3158.65 23006.6 626.453 1554.56 11110.7 615.041
internal_count=524107 192189 26834 331918 168754 24591 2335 165355 13079 120801 88497 82947 56117 22256 16730 14645 6638 14129 152276 129027 32427 8026 96600 49479 8090 2243 29394 516 163164 8639 50394 32603 21098 6039 3374 2376 1339 2085 4627 5796 2897 8452 526 2448 488 154525 43322 6168 4271 3390 1897 1497 470 2501 2113 1985 5550 34894 645 1598 26830 1037
is_linear=0
shrinkage=0.05


Tree=16
num_leaves=63
num_cat=2
split_feature=22 31 9 8 13 3 18 1 32 4 0 3 24 31 8 0 8 1 21 18 32 10 21 21 3 3 8 8 18 11 8 23 9 12 4 14 9 21 1 1 1 9 14 8 22 18 9 32 18 9 18 32 20 3 3 26 31 32 31 32 14 9
split_gain=150.465 132.025 96.8962 68.0128 144.226 109.094 57.9203 57.0473 53.6969 53.0245 47.312 46.5571 43.9102 46.8215 40.3876 35.4739 38.6502 35.4324 35.8561 46.1699 31.6477 27.665 26.9324 26.5978 25.6451 25.6435 25.3594 25.1214 45.6424 32.4588 25.0969 23.5036 23.4167 23.0393 22.1128 22.018 21.8623 21.4624 21.2949 20.631 20.9058 20.0866 23.2215 19.9711 25.1917 23.6726 19.7828 19.0998 18.2859 17.3512 25.2472 17.3104 17.2829 28.0658 33.9333 16.8305 16.7871 24.7019 36.9154 16.8207 16.6476 16.1736
threshold=15.166666746139528 75.473500000000016 126.37750000000001 67.25500000000001 117.12600000000002 1.5000000000000002 12.149999976158144 6.5000000000000009 71.537500000000009 1.0000000180025095e-35 0 1.5000000000000002 425.50000000000006 36.604000000000006 85.378500000000017 1 23.219000000000005 5.5000000000000009 11.950000345706941 0.25000000000000006 81.855000000000018 14.606375000000002 13.500000119209291 7.9500000774860391 7.5000000000000009 7.5000000000000009 29.695000000000004 62.205000000000005 22.149999856948856 67.48937500000001 5.5210000000000008 7.2500000000000009 50.086000000000006 99.190000000000012 1.0000000180025095e-35 123.09940773809525 5.1015000000000006 10.375000000000002 21.500000000000004 6.5000000000000009 19.500000000000004 45.676500000000004 13.668601190476192 77.745000000000019 21.233333190282192 27.849999904632572 176.01000000000002 68.540000000000006 12.649999976158144 94.521000000000015 10.850000143051149 64.325000000000017 540.50000000000011 8.5000000000000018 7.5000000000000009 12.84999990463257 28.753500000000006 77.637500000000017 31.729000000000003 77.985000000000014 32.148065476190489 2.8725000000000005
decision_type=2 2 2 2 2 2 2 2 2 2 1 2 2 2 2 1 2 2 2 2 2 2 2 2 2 2 2 2 2 2 2 2 2 2 2 2 2 2 2 2 2 2 2 2 2 2 2 2 2 2 2 2 8 2 2 2 2 2 2 2 2 2
left_child=1 2 3 4 5 7 14 -1 -8 10 26 39 13 51 -4 16 21 -12 19 25 34 -15 32 -17 -5 -19 52 28 29 37 -10 -30 -3 48 -9 -18 -22 -13 56 -2 43 -11 -43 44 -41 -45 -32 -27 -31 -26 -51 -6 53 54 -7 -34 -21 -58 -59 -60 -38 -23
right_child=11 22 6 24 12 9 8 20 30 41 17 27 -14 15 -16 23 35 18 -20 38 36 61 -24 -25 49 47 -28 -29 31 33 46 -33 55 -35 -36 -37 60 -39 -40 40 -42 42 -44 45 -46 -47 -48 -49 -50 50 -52 -53 -54 -55 -56 -57 57 58 59 -61 -62 -63
leaf_value=-0.0074931456172350865 -0.33230424420565541 1.1444043681595322 1.0724558019604566 -0.89135379523048153 -0.86157811094851666 0.96608895174720544 1.1304069244633586 4.4320974674838283 2.6579754634154575 -0.85275444703994729 -0.61611980427056356 -0.27415696806839768 -0.11653270600170096 1.594800115238644 -0.20161433715856492 1.1757627167132696 0.881583354938547 -0.78541454967830804 -0.48993257974418508 -0.14021681026962618 0.20501595594761213 0.40302175782335325 0.35052325301864401 -0.23545459909915467 -0.24682614346511472 -0.90483073772343914 0.16545035931291424 -1.1206608513702592 2.6011440357825601 -0.1853655707353582 2.7175986924739401 0.39245489035128894 0.99802549781528782 1.2759571836517982 0.38391399796241327 1.5518078549993355 3.6145237643663308 -1.057774101136381 -0.12554896354635511 1.7876761502307361 -0.31355150873795029 1.4544469963201678 -0.04021164273926843 -0.1259855290496546 0.32882374524333785 1.2625282413230849 3.8760131600921621 1.463120317057609 0.90476162593137388 0.56500558781531929 6.7962398410215457 0.50040209371249245 0.065158891430423083 0.95612452008687332 2.707246472576974 2.6637623812800637 0.99767380970648645 3.0749952643595968 2.3129728993385363 0.96442432164400105 2.8290140249480595 1.9683947589444182
leaf_weight=865.92201472818851 2753.6806504279375 1441.7634171843529 2724.3646346330643 19669.748584508896 1112.2742786109447 827.72877308726311 1067.0591472238302 559.60572271049023 151.2253320813179 20641.669545933604 14437.89423020184 15836.116643562913 3396.4616508185863 1557.8864965438843 3527.5377386659384 1003.2495837956667 3530.8875039368868 5327.0254736840725 13123.329890310764 1069.4282273352146 113.01429462432861 143.70952259004116 619.15188211202621 1734.7761068642139 8027.9493519216776 951.61108413338661 2487.5691076666117 28738.701878145337 338.71114157140255 8044.8864758163691 900.24039193987846 1112.8217158466578 351.73670572042465 308.2550858259201 366.31430223584175 71.904431074857712 267.70416224002838 34141.493652999401 2315.6412007510662 1349.8748783171177 1618.8034147471189 209.0304761826992 3327.5369644314051 2453.6043662428856 1341.0689275711775 315.50083689391613 257.29763528704643 1539.6858925968409 1166.3654308468103 1242.2187129706144 232.67649593949318 4500.0170743018389 576.99223458766937 878.60288527607918 500.25813055038452 899.48812037706375 8002.1720055937767 319.72049987316132 125.18513709306717 727.5177837908268 211.63236325979233 1449.5245817601681
leaf_count=2253 6055 1483 4936 37509 4160 2401 2092 1865 279 49240 34431 40152 6321 3584 5419 1358 6726 12458 30997 4195 190 228 639 2968 14323 3159 6887 52473 983 13979 1744 3628 362 345 1233 86 450 83733 5432 3357 3586 378 7557 4718 3294 517 524 2681 3115 2209 569 10850 1581 2639 1029 925 19331 584 138 1226 352 2361
internal_value=-0.00054527 0.00051501 0.000274893 -7.22786e-05 0.000557044 -0.000365416 0.00540262 0.0101667 0.0120467 -0.000690019 0.000192225 -0.00203027 0.00453439 0.00568943 0.00287625 0.00782989 0.00977292 -0.000302594 0.000589721 0.00190237 0.0160045 0.0138317 0.0103768 0.00298859 -0.00219222 -0.00111403 0.00468331 -0.00238834 -0.00181368 -0.00202744 0.0188304 0.00694345 0.0125379 0.000648401 0.0102128 0.00624726 0.0250252 -0.00253712 0.00378001 0.00123582 0.0026642 -0.00263155 0.000849957 0.00414355 0.00721028 0.00116186 0.016301 0.00307245 0.000197694 -5.93613e-05 0.00492334 0.00206857 0.0079698 0.00998364 0.0145678 0.0175428 0.00475878 0.00544977 0.0122256 0.00677742 0.0296818 0.0184649
internal_weight=238906 139386 136074 127446 98273.5 79772.8 8627.72 2384.19 2375.82 77388.6 53210.4 99519.9 18500.7 15104.2 6251.9 9491.94 6753.91 47939.2 33501.3 20378 1518.27 3151.12 3312.14 2738.03 29172.6 7818.32 5271.15 89687.4 60948.7 59497.1 1308.76 1451.53 2692.99 9519.51 925.92 3602.79 592.351 49977.6 12559.7 9832.53 7078.85 24178.2 3536.57 5460.05 2690.94 2769.11 1157.54 2491.3 9211.25 9502.84 1474.9 5612.29 2783.58 2206.59 1327.99 1251.22 10244 9174.6 1172.42 852.703 479.337 1593.23
internal_count=524277 304342 300933 285939 231329 192687 14994 6343 4639 186344 129169 219935 38642 32321 10355 17311 12985 114632 80201 49204 4090 6173 3409 4326 54610 18298 14537 198408 145935 141324 2547 4611 2770 17439 3098 6812 992 123885 30906 21527 15472 57175 7935 11886 6651 5235 2268 5840 17094 17101 2778 15010 7650 6069 3430 1287 25474 21279 1948 1364 802 2589
cat_boundaries=0 1 2
cat_threshold=8 12
is_linear=0
shrinkage=0.05


Tree=17
num_leaves=63
num_cat=2
split_feature=22 9 32 8 3 8 31 1 0 0 8 7 3 17 1 4 4 24 13 17 8 32 8 7 4 1 20 31 8 24 21 17 10 13 4 15 11 24 31 3 4 3 32 21 1 1 10 19 4 7 10 19 9 9 32 9 8 24 12 3 21 3
split_gain=136.564 113.554 74.7455 59.6722 58.8362 55.9157 58.1742 73.8928 57.8934 47.4558 74.1239 52.7062 45.457 39.996 38.0811 43.1871 37.274 44.9739 41.9997 34.5237 32.646 32.2932 26.5373 53.3343 28.6631 26.0459 32.4652 25.874 24.652 24.0193 23.8797 25.3145 29.6994 35.9961 22.1606 21.7887 34.4336 21.5581 21.2253 30.7189 21.1423 21.4625 20.8717 20.7351 19.4722 19.8951 19.6928 19.2287 19.0067 18.8695 18.5309 18.0891 18.0226 17.7811 21.0856 17.7563 30.2733 17.5895 17.5682 17.4313 17.1742 17.1514
threshold=14.400000333786013 126.37750000000001 77.547500000000014 17.462500000000002 11.500000000000002 56.845000000000006 31.729000000000003 6.5000000000000009 0 1 23.612500000000001 79.471000000000018 1.5000000000000002 6.0499999523162851 20.500000000000004 1.0000000180025095e-35 1.0000000180025095e-35 2.5000000000000004 25.795000000000005 1.2500000000000002 71.69250000000001 72.290000000000006 69.835000000000022 70.091500000000011 1.0000000180025095e-35 5.5000000000000009 202.50000000000003 71.981000000000009 72.747500000000016 107.50000000000001 13.250000119209291 15.750000000000002 38.569975000000007 46.636500000000005 1.0000000180025095e-35 0.037124999999988979 118.51370833333335 477.50000000000006 43.532500000000006 4.5000000000000009 1.0000000180025095e-35 1.5000000000000002 79.100000000000009 6.5000000447034845 6.5000000000000009 19.500000000000004 123.89195000000001 13.449999809265138 1.0000000180025095e-35 110.04250000000002 38.090050000000005 12.550000190734865 159.57500000000002 18.426000000000005 74.335000000000022 45.676500000000004 5.3515000000000006 2.5000000000000004 6.7885000000000009 9.5000000000000018 6.2999999821186075 5.5000000000000009
decision_type=2 2 2 2 2 2 2 2 1 1 2 2 2 2 2 2 2 2 2 2 2 2 2 2 2 2 8 2 2 2 2 2 2 2 2 2 2 2 2 2 2 2 2 2 2 2 2 2 2 2 2 2 2 2 2 2 2 2 2 2 2 2
left_child=1 2 9 51 5 6 7 -4 27 10 11 13 44 -1 15 -9 17 -10 -19 21 42 -5 23 24 43 -12 28 -8 40 -29 31 32 33 48 35 36 -25 50 -35 -40 41 -27 -21 -14 -2 46 47 -46 57 -43 -20 -3 -23 60 -55 -50 -57 -11 -13 -30 61 -41
right_child=12 3 4 19 -6 -7 8 14 16 30 25 58 22 -15 -16 -17 -18 18 37 20 -22 52 -24 34 -26 26 -28 29 59 -31 -32 -33 -34 38 -36 -37 -38 -39 39 53 -42 49 -44 -45 45 -47 -48 -49 55 -51 -52 -53 -54 54 -56 56 -58 -59 -60 -61 -62 -63
leaf_value=1.3964563682249171 -0.30229610685093888 2.7109070804478592 0.028560248463507066 0.89795929893464865 -0.6607464187717732 -0.046962394842054778 1.9008882563579335 3.3813800700455752 0.15722491617045264 -0.36987093066358273 -0.59300269244921544 2.0243532330772958 0.35701595154063281 0.25533714936273849 0.28479582459944125 0.58180339062750408 -0.50633476956256052 0.70345597516781955 2.1219461694357209 0.97358558754792957 0.15680521365008709 2.6353521433619047 -1.0575720034500922 0.19861685827086648 -0.9851468473688979 6.6985172734040788 -0.46874259908127486 2.6840766119709794 -0.31264398932635484 1.1981621646896767 -1.1580678303448544 -0.89740269688691188 -0.95076869503031036 0.28609289607198035 -0.07951112168438855 0.74051533790882118 2.499009374279956 0.36741249946916033 0.03891409424878596 2.2911686583189286 0.102904799339073 0.71559314567226551 2.321483798733921 -0.6032989858072153 1.0575645184659153 -0.28445649860866989 -1.0650134246072447 0.36451512973429634 -1.0531947387737046 2.0836327214663761 1.3812718214391808 1.7128646536958556 3.4796402680259817 -0.86331708915287886 1.0350542278066186 0.8527811133774954 -1.0546054767530515 0.83540359720701218 1.1534499240874287 1.624922936565993 1.4806340060932919 0.79244762917071232
leaf_weight=2194.9733897149563 2980.0488161742687 533.84558072686195 693.25684475898743 624.9114496409893 3532.8876526355743 6588.6610502302647 1424.4076421558857 676.902115046978 3529.2667770981789 6599.7383926957846 9431.687400713563 315.37710024416447 4106.1877469420433 10269.481440007687 267.11825251579285 263.64924883842468 3478.3024317920208 1305.3586831688881 984.33451643586159 1616.8222629725933 4084.0501264482737 471.67050525546074 28461.308146134019 204.50224921107292 21133.021727800369 161.93822288513184 8560.9114347845316 298.19713187217712 5949.5037386566401 230.90129458904266 13415.612378999591 7794.0322336256504 5905.4194454550743 3395.4399456828833 4980.7679297626019 4035.3680929988623 194.00807404518127 285.16290020942688 1005.4302155375481 189.22938561439514 2524.07591830194 3706.8322460949421 382.47054260969162 37628.895768091083 2315.4008102864027 1716.9288441240788 623.8998039662838 2838.2929536998272 4708.3304413259029 329.65246367454529 488.69746562838554 199.7229487746954 367.75924128293991 343.36876586079597 409.22857356071472 132.63479396700859 202.84544575214386 4644.7293476611376 1305.0250698029995 1203.1272329092026 656.18180733919144 113.92910647392273
leaf_count=6903 6593 988 1213 1166 6146 8931 1858 1186 4617 17147 20528 984 10544 28454 470 466 4420 1627 1181 3150 6324 875 50298 847 50189 539 19856 305 12432 236 31739 18531 13991 9146 9181 7628 345 311 1746 251 6030 9814 514 93115 4844 3840 1184 6546 12356 843 550 396 709 489 519 197 477 11557 2726 3090 963 144
internal_value=-0.000590077 0.000524864 0.000132515 0.00618658 0.00262389 0.00365024 0.0054457 0.0135717 0.00416006 -0.000495043 0.000662132 0.00368274 -0.00187121 0.0025794 0.0210357 0.0257633 0.00262085 0.00483265 0.00926406 0.00486182 0.00320164 0.0117518 -0.00219715 -0.0016879 -0.00221348 -0.00067278 0.000254042 0.012015 0.00174799 0.0215121 -0.00156875 -0.000899657 -0.000204853 0.000626734 0.00182165 0.00439231 0.0155318 0.0143064 0.00389815 0.00719077 0.00392168 0.00609541 0.00843497 -0.00145371 0.00126359 0.00262291 0.0040271 0.00504277 -0.000601157 0.00537571 0.0167409 0.0197918 0.0181527 0.0112629 0.00549912 -0.00315104 0.00794717 0.000542796 0.012163 -0.000295245 0.0157742 0.0256096
internal_weight=239016 127797 119516 8281.25 24047.1 20514.2 13925.6 1900.93 12024.6 95468.7 45952.6 14084.9 111219 12464.5 1207.67 940.551 10071.1 6592.82 3063.55 7547.68 6083.34 1464.34 100744 72282.8 62868.1 31867.7 22436 1953.51 13875.1 529.098 49516.2 36100.5 28306.5 22401.1 9414.65 4433.88 398.51 1758.19 6112.81 2717.37 6722.5 4198.42 1999.29 41735.1 10474.6 7494.52 5777.59 5153.69 16288.3 4036.48 1473.03 733.569 839.43 1711.94 752.597 5043.81 335.48 11244.5 1620.4 7152.63 959.34 303.158
internal_count=524245 279091 264969 14122 33517 27371 18440 3335 15105 231452 112199 39067 245154 35357 2122 1652 12706 8286 3669 12738 9988 2750 222147 171849 153848 73132 52604 2399 32748 541 119253 87514 68983 54992 18001 8820 1192 2042 13258 4112 17226 11196 3664 103659 23007 16414 12574 11390 41734 10657 1731 1384 1584 2366 1008 13030 674 28704 3710 15522 1358 395
cat_boundaries=0 1 2
cat_threshold=8 12
is_linear=0
shrinkage=0.05


Tree=18
num_leaves=63
num_cat=4
split_feature=22 9 31 0 10 31 24 17 32 31 17 4 1 3 10 17 19 10 13 10 22 0 31 10 9 32 10 10 26 22 1 9 9 21 3 1 17 9 14 0 0 23 4 1 1 17 3 3 10 13 22 1 4 10 32 26 14 32 10 31 3 3
split_gain=127.715 106.141 68.1226 52.4043 61.334 57.3258 72.6175 45.6782 49.9373 44.0508 43.2423 43.053 53.9127 63.8133 42.1537 36.4823 38.8388 39.8771 40.5499 35.5406 33.1398 33.7829 35.6122 33.2353 32.8013 28.8747 32.1709 26.9362 26.1304 24.9128 24.401 23.7372 22.595 22.0772 20.303 19.2766 18.098 17.6083 16.669 16.5187 16.5033 16.4095 16.1887 14.2013 13.9302 15.1543 13.6733 25.9137 13.6659 16.5958 17.3185 13.6609 13.6341 13.4567 19.8586 18.1449 13.2917 13.119 12.6834 12.3243 15.065 24.2822
threshold=13.666666731238367 126.37750000000001 75.473500000000016 0 58.507625000000004 38.177000000000007 210.50000000000003 2.2500000000000004 70.697500000000005 75.473500000000016 -5.6499998569488517 1.0000000180025095e-35 5.5000000000000009 1.5000000000000002 59.151875000000011 17.250000000000004 12.449999809265138 42.622750000000003 69.637500000000003 64.30510000000001 20.400000413258876 1 69.062500000000014 42.622750000000003 29.932500000000001 76.780000000000015 3.2985000000000002 71.35945000000001 9.4499998092651385 8.0333333412806223 16.500000000000004 191.60500000000005 1.921 10.300000280141832 4.5000000000000009 20.500000000000004 2.8500000238418584 159.57500000000002 12.754285714285716 2 3 2.8500000238418584 1.0000000180025095e-35 4.5000000000000009 20.500000000000004 -4.0499999523162833 11.500000000000002 10.500000000000002 19.424525000000006 45.935000000000009 5.9333332578341169 6.5000000000000009 1.0000000180025095e-35 42.622750000000003 70.877500000000012 15.34999990463257 36.396383928571439 65.145000000000024 79.733750000000001 39.07800000000001 4.5000000000000009 5.5000000000000009
decision_type=2 2 2 1 2 2 2 2 2 2 2 2 2 2 2 2 2 2 2 2 2 1 2 2 2 2 2 2 2 2 2 2 2 2 2 2 2 2 2 1 1 2 2 2 2 2 2 2 2 2 2 2 2 2 2 2 2 2 2 2 2 2
left_child=1 2 3 4 5 56 28 8 -3 27 19 12 48 14 24 16 17 18 44 25 21 22 23 30 38 -2 -27 40 43 -30 36 58 -28 51 -20 -36 -12 -10 -14 -19 -9 -4 -38 -7 45 46 47 -15 49 -5 -51 -23 53 54 -53 -56 57 -1 -24 -13 -61 -62
right_child=10 7 41 11 -6 6 -8 9 37 -11 20 59 13 15 -16 -17 -18 39 34 -21 -22 33 31 -25 -26 26 32 -29 29 -31 -32 -33 -34 -35 35 -37 42 -39 -40 -41 -42 -43 -44 -45 -46 -47 -48 -49 -50 50 -52 52 -54 -55 55 -57 -58 -59 -60 60 61 -63
leaf_value=-0.51362536998442787 0.14607782261182295 1.1148708233523046 1.5391802018669225 -0.59375152388640484 -0.13528116891990435 0.57345519700422187 0.1889114427458253 1.6020730984022145 2.440389572688284 3.6712888224259324 1.6078526574398992 -0.9158310736348334 4.2076225317714133 1.2516235002540186 -0.16593798806479576 -0.56754883448228099 -0.34908744594406332 0.44798350337524689 0.78572981795988506 -0.26823044640348181 -1.0595847104987417 -0.68603454581499657 1.9899251176120416 -0.53597135294932918 3.9333309065094655 2.1372069448700053 -0.6493096410374446 0.17281643899165397 2.5343643866456826 2.0926271156419598 2.0976999985630216 3.7817101409515774 1.0231654870300773 -0.8779286607865977 1.7724883716217879 1.1231392236681514 0.68290657809387056 3.233506941593796 1.6833004563577654 -0.76737281390517931 -0.10516074497205352 1.1397548001304287 -0.56041605120375237 1.8753471020266366 -0.13966498093096788 0.81282727613125305 -0.22396457199669373 3.1776678074896587 -0.82084053319160832 1.1513853207976836 0.21236230834760406 -0.028919191815944958 -0.48887905601213683 -0.2515350059993029 1.3376704009798204 0.18618812990316941 0.0032035668549383447 0.96480396349760589 0.33211289651311732 -1.3396339240581885 0.38653731683440573 -0.37009444307358169
leaf_weight=473.4202004224062 2324.8776614964008 781.97248122096062 201.00778353214264 6401.0351436138153 11465.540749117732 861.49879366159439 2395.2618044018745 1113.4326154589653 597.1221082508564 381.54224699735641 348.9762174487114 10659.140408888459 163.31638810038567 276.41303987801075 473.73096862435341 8539.4103689789772 9885.6482927650213 4445.4427496194839 1016.8910986483097 5309.0565447956324 32766.798882737756 6329.1504215747118 725.43995904922485 12938.309240713716 372.42618149518967 122.12236908078194 373.05578702688217 3702.4990365952253 451.15357093513012 1426.4002836942673 1178.2440221905708 116.42898213863373 1830.3450014591217 36544.19111520052 1693.4418190121651 592.58093382418156 2863.6854426264763 446.1966806948185 383.41016757488251 3673.5332719832659 410.353614538908 2118.8131201267242 2634.8522570580244 988.05994069576263 2469.0693252533674 6812.7866508215666 154.71195223927498 159.59802436828613 8547.4759565889835 311.94891181588173 2138.1032922416925 3218.4738283455372 4769.3505032062531 5052.7701389044523 1716.6119720190763 1174.4331926554441 5073.4081171005964 1042.1805733591318 822.21949434280396 4404.3306536078453 1785.1043852567673 6259.9187717586756
leaf_count=2059 8758 1537 206 15868 23826 2194 3583 2282 1130 392 960 29868 532 993 969 18271 22527 9334 2608 8669 73986 13819 750 27436 760 228 628 5906 927 2610 3211 119 3267 79596 3079 1065 7699 878 1042 7792 632 2181 6060 2741 6134 16382 403 356 17445 618 4779 10300 10185 9953 2993 1645 14159 3476 846 9566 2337 9754
internal_value=-0.000572788 0.000621218 0.000223846 3.79568e-05 0.00208204 0.00447454 0.0079575 0.00640026 0.0132687 0.0041627 -0.00169301 -0.000567734 0.00015388 0.00114122 0.0116566 0.000772182 0.0015652 0.00276751 0.00446591 0.00146548 -0.00197091 -0.00142484 0.000265108 -0.000320682 0.0178955 0.00465638 0.00859447 0.00296327 0.0123219 0.0164776 0.00244756 0.00729038 0.0072009 -0.00204609 0.00926086 0.0118747 0.0011242 0.0204235 0.0100703 1.11432e-05 0.00855627 0.00869773 0.000422405 0.00809676 0.00286097 0.00394547 0.0116218 0.0161442 -0.00217911 -0.000801905 0.0026969 -0.000805095 -2.4352e-05 0.000931752 0.00251036 0.00551732 0.00123752 0.00534458 0.00564186 -0.00239505 -0.00132643 -3.93941e-05
internal_weight=238709 115549 108116 105796 24176.9 12711.4 6122.37 7433.12 1825.29 5607.83 123159 81619.5 58511 41112.4 1392.88 39719.5 31180.1 21294.5 13175.5 9959.46 113200 80433.1 21628.2 19964.1 919.153 4650.4 2325.52 5226.29 3727.11 1877.55 7025.76 1664.09 2203.4 58805 3302.91 2286.02 5847.51 1043.32 546.727 8118.98 1523.79 2319.82 5498.54 1849.56 9872.58 7403.51 590.723 436.011 17398.6 8851.09 2450.05 22260.8 15931.6 11162.3 6109.52 2891.05 6589.01 1515.6 1547.66 23108.5 12449.4 8045.02
internal_count=524309 253201 240444 238057 55575 31749 12055 12757 3545 9212 271108 182482 130957 92247 3303 88944 70673 48146 31020 21550 249558 175572 47081 45366 2334 12881 4123 8820 8472 3537 17930 1715 3895 128491 6752 4144 14719 2008 1574 17126 2914 2387 13759 4935 24268 18134 1752 1349 38710 21265 5397 48895 35076 24891 14938 4638 19694 5535 1596 51525 21657 12091
cat_boundaries=0 1 2 3 4
cat_threshold=8 8 4 12
is_linear=0
shrinkage=0.05


Tree=19
num_leaves=63
num_cat=0
split_feature=22 9 31 10 7 2 10 16 13 32 18 1 2 3 10 10 21 6 10 31 21 32 3 14 10 3 14 9 32 18 14 3 18 9 14 31 9 10 23 32 32 9 22 12 14 3 31 18 22 3 1 9 32 9 14 24 16 1 1 3 9 2
split_gain=118.708 102.062 71.1288 63.7085 85.8748 50.0883 48.4391 46.5039 58.2127 39.7493 38.4355 37.4373 45.6504 39.8359 40.0762 32.2589 30.4568 29.9459 29.7015 66.4852 27.9151 26.4633 26.303 33.083 38.0757 24.4249 27.548 23.9589 23.9087 22.9289 43.5873 22.4955 22.2516 21.3394 22.4207 21.2883 21.1619 20.5626 20.0843 19.0695 24.5059 20.4623 18.6679 18.6032 18.5801 18.2494 18.0952 18.0543 17.8192 17.4943 17.2086 16.9172 16.9119 22.208 16.6041 25.9189 17.6325 16.2352 15.8515 15.7615 16.7024 15.2478
threshold=15.833332777023317 126.37750000000001 43.216500000000003 65.06310000000002 84.955000000000013 4.5000000000000009 80.786650000000023 4.0918125000000023 45.935000000000009 79.100000000000009 15.650000005960466 5.5000000000000009 3.5000000000000004 1.5000000000000002 68.904400000000024 31.923674999999999 14.750000119209291 5.5000000000000009 28.145150000000005 38.727000000000011 9.0500002875924128 78.19250000000001 7.5000000000000009 12.94484880952381 16.041725000000003 4.5000000000000009 29.359434523809522 19.375000000000004 77.547500000000014 5.2500000000000009 27.826723214285717 11.500000000000002 13.750000000000002 44.971500000000006 15.909136904761908 72.805000000000021 2.7615000000000003 9.6217500000000005 11.84999990463257 66.367500000000021 63.672500000000007 30.261000000000006 20.73333366711935 -1.2459999999999998 97.354354166666695 7.5000000000000009 61.590500000000006 18.049999952316288 8.1999999880790728 1.5000000000000002 21.500000000000004 18.751500000000004 73.395000000000024 176.01000000000002 39.912717261904767 195.50000000000003 3.3376249999999996 4.5000000000000009 6.5000000000000009 1.5000000000000002 82.697500000000005 2.5000000000000004
decision_type=2 2 2 2 2 2 2 2 2 2 2 2 2 2 2 2 2 2 2 2 2 2 2 2 2 2 2 2 2 2 2 2 2 2 2 2 2 2 2 2 2 2 2 2 2 2 2 2 2 2 2 2 2 2 2 2 2 2 2 2 2 2
left_child=1 2 11 4 5 7 9 17 49 -3 42 -1 13 14 27 25 22 28 19 21 -11 -12 29 -24 47 -10 48 -13 43 -15 39 44 35 54 -35 -8 -6 -38 -23 40 -31 -42 -2 -4 -26 -5 -47 -25 -27 58 -29 -30 -34 -54 -7 56 -56 -17 -9 60 -20 -50
right_child=10 6 3 45 36 33 32 8 15 20 18 12 -14 16 -16 57 -18 -19 59 -21 -22 38 23 24 31 26 -28 50 51 30 -32 -33 52 34 -36 -37 37 -39 -40 -41 41 -43 -44 -45 -46 46 -48 -49 61 -51 -52 -53 53 -55 55 -57 -58 -59 -60 -61 -62 -63
leaf_value=-0.5994888595239054 -0.56394615279560945 1.3003687049004675 2.3559383589465472 -0.64909998057107077 -0.25914998082914736 -1.0220148590768066 0.035463413747430651 -0.99363392356397895 0.63943923430862748 2.5305670427864984 2.4705867829862229 0.24458926915596921 -0.46975806679929843 -0.43310395700496329 0.18614896565973318 -0.56359987680861967 -0.83381586124249241 2.1109984946754055 -0.11149717872851533 -0.69394381522864357 1.2034891493147832 0.90591746137695639 -0.22826176310960167 1.694201053141394 0.88636709919507128 1.8477344274093435 0.80149332339018076 3.1733227097069974 0.82944212181365562 1.6059489160088056 -0.17593181853254514 -0.69538751831688617 0.17378809593145023 1.4664087567356465 0.31485446710233628 2.8544971162038029 0.30769681698674844 1.2889824757240427 0.08600735569068832 -0.21895813896324229 2.310933107979682 2.8013426888568276 -1.1822130845660084 -0.7742750363748826 6.3566871367078406 0.89156523843702118 -0.19976311534111169 2.6635520790582485 1.9699821799437551 -0.40012603100993049 -0.05598780907922532 1.9399122493702501 1.9070572251289999 3.2413101904377282 2.613005780080897 -0.76825405726584117 0.61289517242316904 0.56908621461133679 3.576076383193449 -0.52594532354999479 0.7514965892161215 1.1256788369768742
leaf_weight=22780.82358802855 47066.035088643432 2560.2993091791868 316.53420931100845 10757.434775710106 599.17121449112892 7209.5090481936932 4586.8232333064079 255.45245081186295 2076.14700704813 513.10866045951843 621.57854770123959 182.657579600811 23846.512339651585 8016.9078984856606 713.30103802680969 1532.2737027704716 6436.5083576738834 912.02601170539856 2702.3608415424824 2985.6974849402905 268.62130561470985 853.99957716464996 3298.0014843195677 1401.154261380434 4542.1275410950184 338.23474407196045 2438.5502814352512 483.4388635456562 617.04592245817184 846.99974298477173 3711.4416928291321 1219.5256941616535 470.77902090549469 163.09348887205124 2121.7332537770271 387.40859615802765 651.53459519147873 3657.1435941457748 852.30668669939041 444.83070163428783 487.90756276249886 227.29454964399338 26432.260149389505 1073.0489853024483 135.09410527348518 1149.3039662539959 3418.0802766680717 263.48893973231316 716.25264132022858 10844.8578158319 68.739355951547623 713.82829189300537 693.52750426530838 211.4657584130764 122.80187973380089 1550.2267061173916 1901.1195093691349 3817.7258172631264 458.20281833410263 7277.9475470632315 1252.4604531228542 430.62717235088348
leaf_count=62206 102300 5261 568 15966 828 12109 7337 835 3972 768 2149 304 64991 22828 1181 2336 16717 1241 4789 9507 358 1448 9924 3652 10649 496 3059 852 676 2822 13783 2223 797 227 3383 397 868 5177 1442 1634 1400 717 59590 1686 274 2264 3573 486 1007 17627 120 754 1212 375 211 1918 2960 5450 1499 15835 2071 667
internal_value=-0.000614228 0.000253649 -9.23972e-05 0.00120827 0.00216545 0.00139233 0.0052142 0.00263995 0.00180635 0.0100858 -0.00204686 -0.00107632 -0.000384552 0.000835122 0.00893805 0.00434973 0.000456707 0.00789517 0.00013032 0.00321002 0.0199488 0.00954217 0.00125805 0.00309688 0.0049193 0.00686659 0.00918682 0.0171247 0.0052631 -0.000195868 0.00222274 0.00303309 0.0026491 -0.00114148 0.00324697 0.00109183 0.00840344 0.00962753 0.00631801 0.0081569 0.0107562 0.0175656 -0.00253699 0.000674456 0.00460985 -0.00157222 0.00107561 0.0115951 0.0145542 -0.000691268 0.0223092 0.0100501 0.00827467 0.0122694 -0.00207151 0.000714879 0.00444036 0.00152641 0.00688611 -0.00132667 0.00121391 0.011562
internal_weight=238685 148641 138949 59842 44517.1 39609.3 9692.03 26540.8 22908.3 3342.03 90044.6 79106.8 56325.9 32479.4 1448.14 11349.8 31031.3 3632.48 16546.4 5313.58 781.73 2327.88 24594.8 10859.4 7561.39 5999.81 3923.66 734.836 2720.46 13735.4 5718.47 5896.75 6350 13068.5 2284.83 4974.23 4907.85 4308.68 1706.31 2007.03 1562.2 715.202 73498.3 1389.58 4677.22 15324.8 4567.38 1664.64 1485.11 11558.5 552.178 1330.87 1375.77 904.993 10783.7 3574.15 2023.92 5350 713.655 11232.8 3954.82 1146.88
internal_count=523756 324625 308120 91357 69554 62681 16505 41873 36948 6387 199131 216763 154557 89566 2457 16987 87109 4925 37241 14546 1126 5039 70392 27208 17284 9201 5229 1276 3684 43184 20356 13146 10118 20808 3610 7734 6873 6045 2890 6573 4939 2117 161890 2254 10923 21803 5837 4138 2170 19961 972 1430 2384 1587 17198 5089 3171 7786 2334 22695 6860 1674
is_linear=0
shrinkage=0.05


Tree=20
num_leaves=63
num_cat=6
split_feature=19 2 1 8 32 0 8 7 7 8 17 8 11 0 31 31 2 14 17 8 17 0 0 8 31 2 31 20 1 1 14 32 16 32 17 14 2 31 31 31 0 3 24 31 32 31 2 31 1 8 24 1 11 3 32 2 2 0 7 17 2 7
split_gain=98.9213 68.8973 88.2593 68.8968 103.844 63.6712 62.6387 52.533 44.5761 68.5746 37.8208 36.96 38.8323 34.4503 40.5313 31.3355 31.4331 29.3866 26.2637 25.8139 30.9129 26.3871 23.5459 60.3579 23.4533 23.3069 23.2266 22.7671 21.1789 21.038 21.0026 29.6755 23.8324 19.2901 19.0871 18.2363 17.8079 17.7498 21.322 17.3664 17.0063 20.1915 16.7087 18.5936 26.8147 26.7685 26.8346 16.3212 16.1624 16.1261 16.1123 15.9951 15.9561 17.5237 28.6654 15.9095 15.4467 15.0935 14.9798 14.7596 14.4673 13.9514
threshold=12.84999990463257 4.5000000000000009 5.5000000000000009 17.861500000000003 77.547500000000014 0 52.368500000000004 37.022500000000008 106.91750000000002 105.93500000000002 2.8500000238418584 22.372500000000006 35.287500000000009 1 71.981000000000009 59.45900000000001 1.5000000000000002 13.406764880952386 -0.55000001192092884 72.747500000000016 17.650000572204593 2 3 53.105000000000011 61.875000000000007 1.0000000180025095e-35 69.062500000000014 298.50000000000006 16.500000000000004 21.500000000000004 10.927644280538306 68.540000000000006 -0.35095833333333343 68.132500000000007 10.650000095367433 90.888095238095261 3.5000000000000004 45.748500000000007 45.876500000000007 44.895500000000006 4 10.500000000000002 3.5000000000000004 59.45900000000001 72.100000000000009 61.875000000000007 1.5000000000000002 75.473500000000016 8.5000000000000018 9.0315000000000012 579.50000000000011 8.5000000000000018 67.48937500000001 7.5000000000000009 80.617500000000021 1.0000000180025095e-35 2.5000000000000004 5 142.72750000000005 5.8500001430511483 1.5000000000000002 42.89350000000001
decision_type=2 2 2 2 2 1 2 2 2 2 2 2 2 1 2 2 2 2 2 2 2 1 1 2 2 2 2 8 2 2 2 2 2 2 2 2 2 2 2 2 1 2 2 2 2 2 2 2 2 2 2 2 2 2 2 2 2 1 2 2 2 2
left_child=1 2 11 4 7 6 10 30 19 58 51 12 57 14 -3 28 49 -6 22 20 21 27 23 48 29 -14 -8 39 -12 50 34 40 -33 -23 -4 36 55 -27 -39 -5 41 59 -35 44 -44 -45 -47 -26 -7 -17 52 -2 53 60 56 -28 -55 -1 -10 -32 -19 -15
right_child=5 13 3 8 17 18 26 -9 9 -11 15 -13 25 61 -16 16 -18 24 -20 -21 -22 33 -24 -25 47 37 35 -29 -30 -31 31 32 -34 42 -36 -37 -38 38 -40 -41 -42 -43 43 45 -46 46 -48 -49 -50 -51 -52 -53 -54 54 -56 -57 -58 -59 -60 -61 -62 -63
leaf_value=0.9826202272117549 0.53780881084159093 0.23362830026867593 0.80801984384158354 0.68667654592906402 0.91646257900021844 0.70392173282310866 -0.61063985224402062 1.4329425057399945 1.1155730319742432 0.27370590650101434 -0.07660606855928194 -0.65691861519495276 -0.4298305101163642 -0.72224113648407673 2.1365763896595036 3.2339226026424335 0.94566577917378825 2.782642744355873 -0.99025379525993884 -0.42382066979813582 -0.61154887055199225 -0.69770576516825578 -0.38637261104999665 -0.24844453959913582 -0.44064653059862313 0.43969505279839965 3.8361913924066955 -0.062796090109591071 1.1281252549209158 0.5451631363469297 2.2329776268921409 3.2407845941935949 1.0347309710839412 -0.28771593196219597 -0.76700739367191917 -0.064947864236767933 2.3865885113135796 1.5172442533578925 1.2089052513582048 1.6734604198802232 -0.36310031806063386 3.2178170709781115 1.1523218647183087 2.1188104832961892 -0.52940553932446555 2.9368499655189746 -0.08830521366293631 1.8596432518987243 2.6661993651905518 2.8246862019007186 -0.24032234237391137 2.696831767362764 2.4139233424516036 2.1012465911081555 0.15196395260828696 0.038695421154524116 2.9453032423747807 -0.36677727773978397 2.046571688891389 0.15021357017963624 -0.13674770109383802 -0.12238640406151582
leaf_weight=415.19273947179317 619.65930740535259 5303.5348223000765 3634.8357563763857 4328.9091849476099 807.58551526069641 358.46432974934578 20955.549911528826 2640.6809032261372 2222.7523012459278 5935.1106511801481 10634.886487305164 13828.996079981327 656.80893969535828 20341.817380279303 309.25478941202164 153.80860680341721 1710.2755202054977 123.05449718236923 57332.549168154597 14134.236056178808 5081.7187791466713 3330.9784433245659 7206.8412252515554 1448.4499903619289 346.08179748058319 1252.4376848787069 142.97480463981628 2018.1688224673271 2570.6726365089417 304.25433495640755 181.58242698013783 148.95609149336815 4235.2018572539091 2396.9196795374155 3968.7057769596577 1107.0976641774178 140.34330374002457 71.259227752685547 913.82890009880066 1589.9856325089931 2987.5522551685572 97.298412889242172 1371.0732039213181 238.15306395292282 2495.8819677084684 519.26347106695175 799.96906292438507 251.06140011548996 397.65252317488194 314.58599555492401 87.356119990348816 449.40321296453476 362.48843067884445 458.71105176210403 180.38381063938141 394.33944445848465 389.68471574783325 8699.9331064969301 966.80087737739086 1025.8792166262865 213.96672669053078 11090.739663884044
leaf_count=1185 1710 12008 9924 11516 1331 1001 43481 6018 3880 9556 28082 27548 1328 47762 314 166 1823 248 123649 26388 11847 13173 18825 2793 371 3492 149 5182 7305 519 607 203 8360 3730 11341 1130 147 95 1298 3240 8354 361 3051 262 3875 548 836 258 1140 337 97 1346 545 692 309 412 616 21819 1693 3276 446 20833
internal_value=-0.000622448 0.000286805 0.000995432 0.00191871 0.00420094 -0.0017619 -0.000161869 0.00273273 0.00083862 0.00397904 0.00218795 -0.00150137 0.000527875 -0.00154405 0.00206218 0.00155563 0.00710982 0.0120795 -0.00270103 9.04604e-05 0.00108301 0.00200557 -0.00025338 0.00425597 0.0145679 0.00557241 -0.00186212 0.00420662 0.000638819 0.0170331 0.00167137 0.00335241 0.00624525 0.000434691 -0.000247071 0.00361199 0.0100655 0.00800254 0.0130212 0.00577538 0.000396888 0.00513413 0.00179211 0.00332816 0.00146954 0.00793915 0.00514459 0.00580253 0.0157159 0.0185722 0.0190715 0.0112773 0.0201299 0.0176296 0.0208707 0.00589881 0.0247152 -0.00107436 0.00989059 0.00339641 0.00770375 -0.002188
internal_weight=238697 132759 95713.7 69875.2 22445.3 105938 39193.6 18920.7 47429.9 9124.66 16453.3 25838.5 12009.5 37045.3 5612.79 15384.2 2178.67 3524.63 66744 38305.3 24171 19089.3 9411.41 2204.57 2717.04 2894.33 22740.3 7937.06 13205.6 2119.9 16280 8676.47 4384.16 11152.2 7603.54 1784.76 677.658 2237.53 985.088 5918.89 4292.31 1304.76 7821.26 5424.34 3866.96 1557.39 1319.23 597.143 756.117 468.395 1815.65 1069.06 1728.29 1365.8 1028.78 537.314 848.396 9115.13 3189.55 1207.46 337.021 31432.6
internal_count=523831 290335 209418 152653 53876 233496 86088 48444 98777 15129 40769 56765 29217 80917 12322 37713 2326 5432 147408 83648 57260 45413 23759 4934 4101 6213 45319 19938 35387 3472 42426 21161 8563 25475 21265 1838 708 4885 1393 14756 12598 4244 12302 8572 6926 1646 1384 629 2141 503 2953 3056 2856 2311 1617 561 1308 23004 5573 3883 694 68595
cat_boundaries=0 1 2 3 4 5 6
cat_threshold=8 8 12 4 12 8
is_linear=0
shrinkage=0.05


Tree=21
num_leaves=63
num_cat=3
split_feature=22 9 8 8 7 2 1 3 32 3 3 3 0 7 13 8 3 18 8 18 0 22 6 32 24 7 30 24 9 32 12 9 10 3 24 24 0 8 9 7 2 16 15 14 24 2 32 18 14 1 1 8 22 2 14 8 1 9 8 32 1 1
split_gain=108.31 86.8347 60.926 58.3832 144.032 58.2646 50.3378 55.2437 43.4215 37.7456 34.0331 40.9174 30.0565 26.9606 24.5779 30.1369 24.0804 21.7335 21.5177 26.1213 25.5561 20.9242 20.8029 20.1721 19.9496 27.3128 18.9996 18.8056 17.9181 17.361 17.1257 16.8892 22.7785 17.5522 16.7496 16.5752 15.648 15.4875 32.2361 21.6055 16.3354 13.9988 14.8239 13.8978 18.3673 13.8701 13.7518 13.636 13.6275 13.3833 18.765 16.5674 18.6922 32.2956 31.459 21.9735 16.2867 13.5853 14.3146 29.9805 12.8626 16.4066
threshold=15.166666746139528 126.37750000000001 6.5810000000000004 67.25500000000001 84.955000000000013 3.5000000000000004 4.5000000000000009 1.5000000000000002 77.547500000000014 1.5000000000000002 11.500000000000002 7.5000000000000009 0 139.15750000000003 46.636500000000005 10.082500000000001 7.5000000000000009 23.150000095367435 71.69250000000001 13.750000000000002 1 20.400000413258876 1.5000000000000002 70.352500000000006 1.5000000000000002 21.992500000000003 2.5000000000000004 292.50000000000006 159.57500000000002 79.885000000000005 38.235000000000007 17.781000000000002 47.828275000000005 9.5000000000000018 414.50000000000006 311.50000000000006 2 62.205000000000005 111.93650000000001 55.605000000000011 4.5000000000000009 -0.16458333333333838 -0.19322916666666703 13.406764880952386 282.50000000000006 1.5000000000000002 61.920000000000009 1.0000000180025095e-35 53.292261904761908 6.5000000000000009 19.500000000000004 122.49900000000001 22.59999982515971 3.5000000000000004 103.74714583333335 77.745000000000019 15.500000000000002 7.2710000000000008 27.083500000000004 74.877500000000012 21.500000000000004 6.5000000000000009
decision_type=2 2 2 2 2 2 2 2 2 2 2 2 1 2 2 2 2 2 2 2 1 2 2 2 2 2 2 2 2 2 2 2 2 2 2 2 1 2 2 2 2 2 2 2 2 2 2 2 2 2 2 2 2 2 2 2 2 2 2 2 2 2
left_child=1 3 -3 4 5 6 -1 60 14 49 11 -10 27 22 36 -16 -5 41 20 -20 29 37 -6 -21 -13 43 -18 -7 -25 -4 -24 -27 33 -33 46 -28 -9 38 39 40 -11 42 -14 -26 -45 -30 -17 -38 -40 -2 51 52 53 54 57 56 -55 -51 59 -59 61 -8
right_child=9 2 18 16 13 12 7 8 10 21 -12 24 17 -15 15 34 26 -19 19 23 -22 -23 30 28 25 31 35 -29 45 -31 -32 32 -34 -35 -36 -37 47 -39 48 -41 -42 -43 -44 44 -46 -47 -48 -49 -50 50 -52 -53 -54 55 -56 -57 -58 58 -60 -61 -62 -63
leaf_value=-0.29256949618223232 -0.22617107585924112 2.4682583386993957 1.3658074074419471 -0.77622793759433728 1.0555085236369082 0.62188720422467625 0.18766675035776004 0.71952033677773464 -1.8982736469926302 -0.29619978511685441 -0.32046851895407757 0.92459078688696084 -0.92062943814803555 1.9540763950794116 1.0074232461811163 -0.77956796397759731 -0.59569028440145011 0.90002346616255269 0.15718457997577603 -0.33341740337642634 0.061300569801220207 -1.0129962361808684 1.0199103852786464 1.8278627486014019 0.48334899346345639 0.71666519745228641 0.80435241217217601 -0.6019828417763794 3.0857002878733413 1.7818042108752161 0.24837133057411478 2.3084323610017181 1.6907856014526694 0.78013266861543618 -0.41194586571262415 -0.95497890956604581 -0.8269099646787027 -0.74269208318742574 0.22289616532327586 0.22650696388817942 -0.78704866352757108 -0.58004481109190742 1.6863958771110434 2.135158321484746 0.88366228477500075 -0.057886506226402901 0.63538595980040857 0.057272389580414189 1.506633486966992 -0.17249365660401567 -0.32044337871273182 -0.65680845179302028 0.12014132254451226 0.28003226803688008 1.2599036722059602 -0.81946342293150387 1.416351023092981 1.2376416334958713 1.374375365382045 3.7017966845468582 -0.12154943396000704 3.913531880429868
leaf_weight=13691.132687479258 2806.8767528235912 421.01439020037651 1736.1520195305347 19776.401471942663 1376.9241616278887 4843.7820022255182 192.89387387037277 3016.8403249233961 703.84715810418129 20262.422297418118 1160.7136427760124 1405.0379864573479 244.43516463041306 1359.9736485332251 3170.5623269528151 932.79015392065048 4865.3065628558397 718.8398842215538 4519.4405339211226 385.17230628430843 865.06163020431995 32099.682187274098 2783.8292764872313 499.30934223532677 470.14607918262482 185.31964862346649 4051.1411051005125 2076.5947183668613 295.59546589851379 292.06395196914673 2760.7504907101393 533.4939661026001 186.52641367912292 92.083420634269714 2342.9038851857185 1070.6723344326019 4894.6479799896479 17663.79445143044 869.13899637758732 6598.9959670752287 11105.473193570971 33631.481943547726 252.28060853481293 446.47432482242584 625.12682831287384 62.557512104511261 5313.1703286319971 10004.20996581018 961.32847595214844 274.22628739476204 1620.3251369297504 1002.6364066302776 1644.6904812902212 597.8618548810482 237.86257886886597 674.47658041119576 235.52230030298233 165.89868748188019 493.1175501793623 183.55119401216507 138.66216625273228 724.93651670217514
leaf_count=32703 6161 858 3653 37625 2601 12706 471 10057 1307 50970 2011 1797 349 2322 7509 4904 8914 2101 6985 665 1386 72469 5543 880 568 216 7066 4521 515 369 4974 570 213 164 4731 1544 12719 32312 1843 13360 25744 77479 352 533 673 122 11720 25131 1568 681 3612 2069 3725 1437 383 1209 588 555 1026 357 358 1883
internal_value=-0.000625793 0.000275083 0.00500316 -5.49474e-05 0.000522225 -4.6338e-05 0.00110104 0.00206989 0.00173422 -0.00188541 0.00568716 0.00759935 -0.00142623 0.00683763 0.00096029 0.0027363 -0.00199953 -0.00202363 0.00409813 0.00233086 0.0076157 -0.0022098 0.00557156 0.00874794 0.00958075 0.0122257 1.79104e-06 0.00158244 0.0130134 0.0106581 0.00420417 0.0186715 0.021777 0.0263447 0.00119807 0.00212711 -0.000205525 -0.00163853 -0.00109161 -0.00140412 -0.00195118 -0.0022055 0.0061192 0.00804622 0.0111882 0.0215352 0.00255031 -0.000870788 0.00538752 0.00103816 0.00218937 0.00358024 0.0048732 0.00731321 0.0129135 0.0022767 0.00770262 0.00938061 0.0125234 0.0202549 0.0133315 0.0154737
internal_weight=238618 139120 9076.37 130044 100280 91998.9 50231.5 36540.4 35483.9 99497.9 5808.77 4648.06 41767.4 8281.48 29675.1 11759.4 29763.5 34847 8655.35 5762.08 2893.28 89560.8 6921.5 1242.63 3944.21 2539.17 9987.12 6920.38 857.462 2028.22 5544.58 997.423 812.104 625.577 8588.86 5121.81 17915.7 57461.2 39797.4 37966.9 31367.9 34128.2 496.716 1541.75 1071.6 358.153 6245.96 14898.9 1830.47 9937.05 7130.17 5509.84 4507.21 2862.52 1354.66 1507.86 833.384 1116.79 842.567 349.45 1056.49 917.83
internal_count=523837 303768 15433 288335 233186 217746 120238 87535 84823 220069 8052 6041 97508 15440 76771 28864 55149 80281 14575 9167 5408 198266 13118 2182 4734 2937 17524 17227 1517 4022 10517 1163 947 734 21355 8610 47907 125797 93485 90074 76714 78180 701 1774 1206 637 16624 37850 3411 21803 15642 12030 9961 6236 3002 3234 2025 2619 1938 912 2712 2354
cat_boundaries=0 1 2 3
cat_threshold=8 12 12
is_linear=0
shrinkage=0.05


Tree=22
num_leaves=63
num_cat=3
split_feature=22 32 21 9 1 2 8 7 8 0 8 20 17 3 8 0 3 0 8 32 2 32 2 9 17 21 9 9 1 8 1 18 2 8 7 17 24 1 22 8 2 32 32 8 9 9 18 7 8 14 1 32 2 16 17 1 1 8 14 18 32 32
split_gain=99.017 62.2188 44.5535 41.2895 38.9645 35.5953 47.4567 41.5755 29.8733 29.4058 43.7707 39.1291 30.1862 28.2706 29.9734 34.6341 25.2907 25.2472 30.6685 41.6511 41.3107 40.3565 25.2294 26.7081 25.1316 24.433 20.3355 19.9926 19.8496 18.4899 26.5134 18.7718 17.7433 20.4443 24.4982 17.388 31.2021 16.2106 15.9853 15.8515 15.7382 15.6265 14.9931 29.2319 16.7042 19.5999 14.6437 14.3644 14.1674 14.1233 14.013 14.2159 13.8327 13.5967 13.4539 13.3023 12.7937 12.7357 16.3233 19.5506 12.7268 16.7888
threshold=11.633333563804628 77.015000000000015 12.949999928474428 126.37750000000001 5.5000000000000009 4.5000000000000009 32.651500000000006 38.025000000000013 6.1925000000000017 0 30.012500000000006 283.50000000000006 15.150000095367433 11.500000000000002 79.921000000000006 1 1.5000000000000002 2 34.022500000000008 77.637500000000017 1.5000000000000002 78.492500000000021 3.5000000000000004 18.082500000000003 12.34999990463257 9.8750000000000018 49.559000000000005 23.891500000000004 15.500000000000002 141.01750000000001 19.500000000000004 25.750000000000004 4.5000000000000009 25.802500000000006 25.885000000000002 9.2500000000000018 169.50000000000003 16.500000000000004 5.9333332578341169 12.401000000000002 2.5000000000000004 79.812500000000014 78.407500000000013 11.711500000000003 8.2015000000000011 2.0010000000000003 19.450000047683719 82.565000000000012 72.747500000000016 57.494282738095244 20.500000000000004 70.77500000000002 1.5000000000000002 53.440250000000006 2.9500000476837163 7.5000000000000009 9.5000000000000018 4.0710000000000006 13.406764880952386 18.649999976158146 76.810000000000016 78.19250000000001
decision_type=2 2 2 2 2 2 2 2 2 1 2 8 2 2 2 1 2 1 2 2 2 2 2 2 2 2 2 2 2 2 2 2 2 2 2 2 2 2 2 2 2 2 2 2 2 2 2 2 2 2 2 2 2 2 2 2 2 2 2 2 2 2
left_child=1 9 4 13 57 6 7 24 -5 10 11 47 25 14 15 35 29 18 19 54 21 27 23 39 50 32 -26 -21 -12 30 31 -8 33 34 -11 -3 -37 -7 40 52 -36 -22 43 -24 45 -45 -44 -1 -30 -43 51 -6 -17 -28 -4 -51 -47 58 -2 -60 -9 -62
right_child=2 3 17 8 5 37 16 60 -10 12 28 -13 -14 -15 -16 22 -18 -19 -20 20 41 -23 42 -25 26 -27 53 -29 48 -31 -32 -33 -34 -35 38 36 -38 -39 -40 -41 -42 49 46 44 -46 56 -48 -49 -50 55 -52 -53 -54 -55 -56 -57 -58 -59 59 -61 61 -63
leaf_value=1.2043025015151578 -1.0401485130017314 0.75545782853968513 1.519826018641403 2.4205599416005015 0.60082764127058264 -0.57243960361106139 0.7805318307780823 0.93857533451500863 1.8621458295495685 0.70516417527866515 -0.21724538836015059 -0.012923353011554894 -0.6414714659590498 -0.68952584483559398 -0.2090712267301445 -0.4180929570470383 -0.2879371962962356 -1.024188209194461 -0.84132282699909133 2.4749156427923014 -0.40426163679443761 0.83646651949271345 -0.84475943704833623 1.2268285694019214 -0.40166425080651857 -0.32169576150451179 0.75365821048636628 3.5598282519784394 0.88054194041708633 -1.4149907886599644 -0.39282878248578118 1.2697014250032757 -0.18667960064565819 0.060703041170364361 0.66536323146263576 2.0008806444910405 0.72847914135381098 -0.041430068864650775 1.2032224517727834 -0.49763469087651163 1.4182865749764106 0.19532744752440509 -0.72111528230634614 -1.8173167985797551 0.82986055405114456 1.4797458002158934 1.1014780628042871 1.3518031597512028 0.21626510571817478 0.19208767647081509 -0.12889199507179896 1.2834937745127108 1.1230848409300471 4.5083973766083778 -0.33291383213905912 3.1218347874860046 2.0060031204857665 -0.68247787199954324 0.21387360621456539 0.87923586365190654 3.2665471287326122 1.1582767490517072
leaf_weight=2367.3675852417946 2051.1935952007771 625.72557565569878 732.27528341114521 154.1004364490509 3818.3385066390038 12237.728452563286 1629.5815008878708 2500.6787389665842 1530.3600695431232 5188.778758764267 7255.0850998908281 1730.5745910108089 12319.339944303036 1802.1293172240257 3286.4026379585266 297.50699573755264 27259.14593064785 31603.783347383142 19612.007900610566 89.381602466106415 883.16853377223015 322.02869573235512 687.48436197638512 3205.7464628219604 6934.4439429342747 18939.566118329763 1045.3950822949409 194.17236158251762 1337.6773410737514 685.22916066646576 598.94073283672333 300.1074997484684 4726.0158011168242 5729.8027922213078 99.054802119731903 738.42362660169601 498.41961854696274 8198.2422246932983 1271.8078459948301 1067.9048036038876 167.37691855430603 612.33639544248581 2344.0224349200726 78.527413129806519 393.88206562399864 153.20011949539185 148.84236153960228 628.01896733045578 2802.8875127583742 139.44099307060242 1710.3714259564877 2357.6895781755447 499.97795116901398 78.034167498350143 8690.7257605195045 229.87888354063034 191.17596542835236 18204.617946445942 2059.7122545689344 254.1813193410635 320.80075764656067 800.22248408198357
leaf_count=7179 5998 1317 2511 238 11168 27490 3196 6219 2147 13278 16119 4397 28633 3128 4479 521 55255 69380 40042 98 1119 378 1272 4249 18112 46089 2121 217 3538 1308 1099 501 11335 13530 204 806 545 17628 3136 1400 327 1017 2821 105 690 175 327 1540 6019 181 4393 4967 733 103 23263 294 277 37439 5125 739 499 1151
internal_value=-0.000661908 0.000741919 -0.00140149 0.00336772 -0.000705919 -0.000126873 0.000591241 0.00251281 0.010812 2.18605e-05 0.00187081 0.00591701 -0.000593767 0.00258432 0.00333216 0.00459088 -0.000642596 -0.00242698 -0.00142374 0.00057902 0.00635647 0.0176914 0.0033016 0.00564632 0.00141411 0.000135031 -0.000549733 0.0314133 0.000194056 0.00355176 0.0055256 0.00837697 0.00150022 0.00248982 0.00435905 0.0107873 0.0142796 -0.00188517 0.00989891 0.000888704 0.0210186 0.00266807 0.000334455 0.00427497 0.010664 0.0175532 -0.00204413 0.00937421 0.00295593 0.0070063 0.00342047 0.00452945 0.00621824 0.00568776 -0.000936155 0.0147149 0.0226811 -0.00251393 -8.83307e-05 0.00278989 0.00734804 0.0117743
internal_weight=238421 82267.2 156154 17703.8 93044.7 70475 50039 19566 1684.46 64563.4 16121.6 4725.96 48441.7 16019.4 14217.2 10930.8 30473 63109.2 31505.4 11893.4 2470.41 605.583 9068.27 5071.14 15944.3 36122.4 8057.87 283.554 11395.6 3213.86 2528.63 1929.69 17182.8 12456.8 6727.02 1862.57 1236.84 20436 1538.24 1865.39 266.432 1864.82 3997.13 1504.27 816.786 422.903 2492.86 2995.39 4140.56 981.656 7886.4 6176.03 797.485 1123.43 9423 369.32 344.376 22569.7 4365.09 2313.89 3621.7 1121.02
internal_count=523565 180554 343011 25230 204511 155210 110092 48733 2385 155324 38792 13116 116532 22845 19717 15238 61359 138500 69120 29078 3304 693 12570 6903 40864 87899 20336 315 25676 6104 4796 3697 41810 30475 16945 2668 1351 45118 3667 2654 531 2611 5667 2519 1247 557 3148 8719 9557 1492 20528 16135 1254 2224 25774 475 452 49301 11862 5864 7869 1650
cat_boundaries=0 1 2 3
cat_threshold=8 8 12
is_linear=0
shrinkage=0.05


Tree=23
num_leaves=63
num_cat=2
split_feature=21 8 7 2 0 27 8 31 2 8 10 31 2 7 17 1 3 8 22 18 8 31 8 21 31 1 20 3 7 31 2 8 1 18 20 3 2 17 3 22 31 1 15 8 1 17 8 2 31 2 8 23 31 8 20 0 10 10 31 3 22 8
split_gain=90.1633 63.0605 117.477 55.3811 52.1154 45.3065 40.753 35.9565 33.2416 30.6928 45.0086 28.3847 27.8171 27.0734 26.9729 26.5905 25.4658 35.2152 24.8302 23.7545 23.7161 20.9304 20.6298 19.4897 18.7506 18.5883 19.1573 18.3984 18.3309 17.5285 17.3101 20.6161 19.949 26.203 16.9533 16.5747 23.8488 18.7393 16.5098 16.4415 16.0699 20.6061 15.7045 15.3673 19.4927 15.3186 15.1161 25.0915 26.4532 14.9654 17.9535 14.7185 14.6999 20.304 17.6694 25.8869 14.5546 14.4621 14.4105 14.3995 16.425 13.9473
threshold=12.199999898672106 73.720000000000013 83.761500000000026 4.5000000000000009 0 13.150000095367433 30.401000000000003 45.748500000000007 4.5000000000000009 13.761000000000001 11.281750000000001 33.085000000000008 4.5000000000000009 139.15750000000003 4.7500000000000009 5.5000000000000009 2.5000000000000004 0.041500000000000002 17.566666364669803 14.849999997764828 18.881500000000003 71.881000000000014 6.7910000000000013 6.6500001400709161 39.07800000000001 5.5000000000000009 437.50000000000006 7.5000000000000009 94.438500000000019 43.488500000000009 4.5000000000000009 122.49900000000001 20.500000000000004 26.650000095367435 223.50000000000003 10.500000000000002 2.5000000000000004 4.0499999523162851 6.5000000000000009 18.400000413258876 50.073 16.500000000000004 1.4619791666666659 14.867500000000001 5.5000000000000009 -6.8500001430511466 6.7910000000000013 5.5000000000000009 31.132500000000004 5.5000000000000009 7.4315000000000007 6.4500000476837167 44.408000000000008 85.378500000000017 262.50000000000006 1 10.071050000000001 10.825725 35.877500000000005 7.5000000000000009 13.333333412806196 7.9315000000000007
decision_type=2 2 2 2 1 2 2 2 2 2 2 2 2 2 2 2 2 2 2 2 2 2 2 2 2 2 8 2 2 2 2 2 2 2 8 2 2 2 2 2 2 2 2 2 2 2 2 2 2 2 2 2 2 2 10 1 2 2 2 2 2 2
left_child=1 2 3 5 6 14 7 19 13 10 11 -7 18 35 20 -3 17 -5 27 -2 23 -14 -12 -1 -18 -11 -27 -9 -17 -16 31 32 33 34 -30 -4 -37 -38 42 52 41 -26 -31 44 -29 46 47 57 -49 -43 56 -10 -8 54 55 -54 -51 -6 -33 -40 -61 -44
right_child=4 15 8 16 45 9 39 12 51 25 22 -13 21 -15 29 28 24 -19 -20 -21 -22 -23 -24 -25 40 26 -28 43 30 38 -32 58 -34 -35 -36 36 37 -39 59 -41 -42 49 61 -45 -46 -47 -48 48 -50 50 -52 -53 53 -55 -56 -57 -58 -59 -60 60 -62 -63
leaf_value=1.1092262575617462 -0.19754539084423348 -0.88849097939081334 0.7463961965419138 0.82322160238375985 -0.011032357532265991 0.85779050978437899 -0.47990733763183613 1.1845594289332078 0.831791529865896 -0.36605593738429509 1.4337075368859744 0.13365032369445037 -0.22422516109950089 2.3203371403740669 -0.55305364775614518 -0.58714625150154021 -0.75254928137212862 0.2645325117580356 0.29541951020739748 0.77514348031021929 -0.10089890550598711 1.8493080661646168 0.88972276743062295 0.57100649404126824 -0.10650410789118503 0.62869133089645579 -0.33967808527446625 1.5862832170057304 1.0420477438157005 2.1025851755278895 -0.78818934152875364 1.2040290097429371 -0.37830312021224838 1.2453222637076857 -0.41578629061264433 0.71359454051076554 2.7875622010127081 0.37530758827864336 -1.1875057244040306 -1.1917350470035686 -0.71711567940939958 0.27040422791848151 0.85438323857144249 1.5889521757485054 3.014600343170271 -0.96027567359873689 -0.49508955971580182 0.78573079249799072 -1.3623067593036853 1.3125298231141977 0.42175037688235339 0.11486118499395702 1.5620130310158886 -0.4653217672675094 -0.4679635014420665 0.34762512659829703 1.9224599013886996 2.7448126464762264 -0.6270134144391375 0.83164532989376738 -0.95218265669232383 0.082656414043348655
leaf_weight=1710.0036855638027 10412.530365586281 7757.3310807645321 4595.2799700051546 104.1724601238966 740.09375222027302 2351.0204568654299 12540.249756500125 1131.3436083495617 1553.7614703625441 3992.8890149891376 1797.3023416399956 6435.1271983087063 2083.8407893180847 1043.3735408782959 15154.498179644346 15150.059845209122 12594.436130538583 1663.4052483737469 978.78394600749016 637.47199708223343 5299.8437640964985 340.44804269075394 2093.5518791377544 3960.8539770245552 5749.8194589912891 9561.1814820319414 2860.3941518217325 194.67148298025131 3317.7888755500317 152.94793677330017 3019.448156490922 1976.6402729302645 1304.7067177444696 428.8195511251688 1020.8591947704554 306.11833098530769 177.44897907972336 70.908237755298615 1754.6310881972313 10002.91122725606 6281.7974994778633 1066.581575974822 610.0137405693531 508.44602352380753 348.05750349164009 45760.418516203761 1531.8430005013943 97.436755746603012 53.451826840639114 257.67631721496582 431.36116653680801 3564.2368602305651 1286.8930220901966 4445.0574688315392 1321.4863498806953 1893.6685894727707 150.64480683207512 81.419860556721687 5056.3829824030399 2186.1742938756943 1876.1576978266239 1681.0945061445236
leaf_count=4027 30721 12452 8462 546 1833 5457 30079 1854 2550 9223 3833 17123 3208 1783 44906 29173 38873 5115 1940 1375 16087 353 4348 10415 11924 21555 7532 290 5856 211 4877 3690 2187 692 1726 611 361 169 2036 20603 7241 2366 840 750 402 100754 3420 169 169 685 844 6469 2753 6878 1706 3445 223 175 7346 2365 2064 2318
internal_value=-0.000668259 0.000132349 0.000780423 0.000187848 -0.00184869 0.00100794 -0.000683805 0.00131784 0.00558809 0.00246018 0.00430813 0.00232505 0.00458699 0.00805195 -0.000220721 -0.00157928 -0.00165162 0.00415788 0.00767618 -0.000334922 0.00182504 0.00055715 0.00878447 0.00407215 -0.00203879 0.00103282 0.00198676 0.0106426 -0.000929255 -0.00117924 0.0002441 0.00103049 0.00316452 0.00466356 0.00349605 0.00656157 0.0147226 0.0262044 0.000673576 -0.00174146 -0.000775183 0.000762656 0.00412108 0.0154038 0.0212534 -0.00300941 0.000797453 0.00567001 0.0243402 0.00526626 0.0102551 0.00260565 -0.000961862 0.00058638 0.00295281 0.00497144 0.0177569 0.0022154 -0.000812181 -0.000775389 0.000859677 0.00308089
internal_weight=238511 142121 103089 91777.6 96390.5 63477.7 48125.9 16635.6 11311.1 29091.5 12677 8786.15 5585.59 6193.13 34386.2 39032 28299.9 1767.58 3161.3 11050 10970.7 2424.29 3890.85 5670.86 26532.3 16414.5 12421.6 2182.52 31274.7 23415.5 16124.6 13105.2 6072.17 4767.47 4338.65 5149.76 554.476 248.357 8261.02 31490.3 13937.9 7656.08 2444.06 1051.18 542.729 48264.7 2504.25 972.402 150.889 1906.26 839.682 5118 21487.4 8947.11 4502.05 3180.56 408.321 821.514 7033.02 5816.96 4062.33 2291.11
internal_count=523438 310561 242562 222157 212877 154340 106357 40893 20405 69071 30761 22580 8797 11386 85269 67999 67817 5661 5236 32096 30529 3561 8181 14442 62156 38310 29087 3296 55547 54740 26374 21497 10461 8274 7582 9603 1141 530 9834 65464 23283 16042 3369 1442 692 106520 5766 2346 338 4118 1752 9019 44861 14782 7904 6198 908 2008 11036 6465 4429 3158
cat_boundaries=0 1 2
cat_threshold=12 8
is_linear=0
shrinkage=0.05


Tree=24
num_leaves=63
num_cat=2
split_feature=22 7 8 21 31 1 2 8 31 17 10 27 0 31 14 2 8 7 24 19 8 12 8 13 8 15 13 30 2 1 20 31 17 1 31 31 18 21 14 31 8 31 18 10 31 8 20 8 14 10 6 31 0 7 2 1 18 31 28 2 24 18
split_gain=90.2005 51.11 65.8647 36.8531 36.7949 35.4549 30.6624 38.3653 31.6446 30.6585 29.0785 27.0404 25.176 26.3744 28.3174 24.7658 18.8249 45.4305 18.4546 19.0002 21.2211 17.5684 17.5782 17.1472 40.8656 16.7928 15.3148 15.0891 15.394 15.0382 21.6449 16.1342 21.538 14.0672 13.4812 23.6904 14.6907 13.8113 13.4305 13.3111 13.2646 18.418 24.9286 13.5033 13.0861 28.1022 12.9521 12.6295 12.5057 17.3513 11.7311 11.7278 11.6141 11.4042 11.2994 12.7032 11.2659 14.4981 11.1364 10.9057 10.7721 10.7039
threshold=11.633333563804628 106.91750000000002 78.903500000000022 12.949999928474428 75.473500000000016 6.5000000000000009 4.5000000000000009 17.861500000000003 31.770000000000003 0.94999998807907116 17.26145 14.59999990463257 0 59.45900000000001 67.065556547619067 2.5000000000000004 129.59150000000002 119.44100000000002 417.50000000000006 10.750000000000002 37.305000000000007 2.5445000000000007 7.9315000000000007 47.20000000000001 25.802500000000006 -1.0000000180025095e-35 69.637500000000003 1.5000000000000002 4.5000000000000009 20.500000000000004 386.50000000000006 27.737000000000005 3.5499999523162846 16.500000000000004 44.670000000000009 45.876500000000007 25.050000190734867 7.0749999880790719 76.676773809523823 31.590500000000002 4.0710000000000006 32.185000000000009 18.649999976158146 8.0627500000000012 70.809500000000014 33.532500000000006 117.50000000000001 52.368500000000004 46.175901785714295 48.320975000000004 4.5000000000000009 28.167500000000004 1 169.72500000000005 3.5000000000000004 4.5000000000000009 20.350000143051151 28.128000000000004 13.933333476384481 1.5000000000000002 119.50000000000001 22.149999856948856
decision_type=2 2 2 2 2 2 2 2 2 2 2 2 1 2 2 2 2 2 2 2 2 2 2 2 2 2 2 2 2 2 8 2 2 2 2 2 2 2 2 2 2 2 2 2 2 2 10 2 2 2 2 2 1 2 2 2 2 2 2 2 2 2
left_child=1 4 27 5 11 40 7 8 9 15 -10 23 13 47 -15 -7 17 29 19 20 26 22 -12 52 34 59 54 -3 -29 30 31 -9 48 -8 36 37 -25 -36 -6 -11 41 42 -2 -43 -34 -46 -40 -5 -33 -50 -14 -17 -1 -27 55 -13 -52 -58 -19 -4 -51 -54
right_child=3 2 25 12 38 6 33 16 10 39 21 18 50 14 -16 51 -18 58 -20 -21 -22 -23 -24 24 -26 53 -28 28 -30 -31 -32 32 44 -35 35 -37 -38 -39 46 -41 -42 43 -44 -45 45 -47 -48 -49 49 60 56 -53 61 -55 -56 -57 57 -59 -60 -61 -62 -63
leaf_value=0.86485742109430042 0.18392458061758887 1.5340269975308354 3.0709475335957692 0.079044378173743726 0.84815076826318647 0.81605188556601582 -0.53312475555919903 -0.90508071902652854 0.16788490696469369 0.18028883215464725 2.3896663306850594 0.0074685271765325472 -1.0311876335039951 3.3605549128963625 0.88707937529219305 1.8104154795727476 -0.90997502366439209 0.81723676283438573 -0.30533813377579194 0.024147142847305503 0.16786269357511757 0.68041712765084272 1.0037307908530271 0.2273443400207924 -0.27247685390263537 -0.14006736596141742 1.1272903069460696 1.5865358321085432 0.36153313312731616 -0.67584927845913667 -0.60930522444411472 0.34764718682589724 -0.065445447340359661 -0.053243530030060528 1.7021354132467452 0.58537335600798457 2.4389991381303249 1.506211362164114 2.1048391591194018 1.6289646385703584 -0.61345572868486797 -0.57396356587254116 0.9150385477983406 1.1360301892344322 4.0613674255581129 0.45980653787949566 0.57723043304989974 -0.75046489801793437 2.5044978186078817 0.99637968862259962 -0.61960087863173108 3.751214078769932 -0.63652006502672265 1.7881629394779985 0.19979863828077138 1.4509287419549475 0.80175633649976497 -0.17013694078136865 1.2546596524791802 1.317488340695556 -0.12444053083163703 1.3305417088658389
leaf_weight=490.86132988333702 764.93451018631458 1360.2379883825779 153.5626722574234 6344.9896909296513 1319.5742504000664 337.63788464665413 11213.830135494471 1371.4094676077366 9430.99025849998 801.64875783026218 329.47570279240608 844.61925521492958 28094.787317886949 180.36754351854324 1556.8113994598389 76.508765488862991 6715.1012131869793 1847.0935779511929 4480.3032699972391 8690.2128244638443 5750.6320096999407 1183.4779707044363 340.69324022531509 5797.1420959681273 16200.696021050215 4805.0429521501064 1970.9865905791521 1030.4694644808769 902.12885583937168 4676.1299464404583 5494.1712133139372 1448.0575936883688 8329.8364244550467 8236.845420897007 85.962187707424164 2545.1831237077713 143.3729996830225 195.35521870851517 225.82256579399109 145.42583149671555 21437.667992502451 3296.0276957452297 204.31031434237957 604.33103820681572 132.99602258205414 1112.2897157669067 152.81303143501282 7708.1077323257923 305.57371389865875 1438.6997115463018 18171.497515827417 264.31863455474377 18783.614013522863 873.18499562144279 2525.6110828965902 2321.2598380744457 302.76216751337051 781.55232627689838 1158.1422742754221 129.14413776993752 477.64258880913258 534.78987634181976
leaf_count=1276 2107 2392 256 16435 1357 683 25135 4543 24296 2606 620 2059 62168 197 1655 207 11008 3159 8878 20251 12467 1943 824 15154 33910 7642 4307 1957 1636 10045 14068 3647 17931 17681 116 3866 339 280 232 332 44341 9311 553 1212 137 1152 157 16278 697 2753 39476 616 47044 1391 6252 5696 589 1726 1958 252 1081 1518
internal_value=-0.000678112 0.000661504 0.00416209 -0.00138352 0.000218062 -0.000751521 -0.000139743 0.000546004 0.00287109 0.00939125 0.00193111 4.49126e-05 -0.00231613 -0.000585591 0.00522432 0.0174963 -0.000323938 0.000250135 0.00130807 0.00190118 0.00308108 0.00765437 0.0141176 -0.000705024 0.000166514 0.0010264 0.00480382 0.00983651 0.00699086 -0.000453855 0.000140055 0.00114574 0.00168035 -0.00181142 0.00291612 0.00575803 0.0015632 0.019502 0.00748967 0.0035726 -0.00230648 4.92333e-05 0.00621407 -0.00148394 0.000431921 0.0052104 0.0157804 -0.00130452 0.00493655 0.00729201 -0.00289246 0.0269882 -0.00180347 0.000433171 0.00348732 0.00547671 -0.00194228 0.00300672 0.00605477 0.012898 0.00552163 -0.00199676
internal_weight=238629 82312.6 9253.77 156316 73058.8 93175.3 66868 47417.3 12910.2 1625.54 11284.6 71360.6 63140.9 15790.3 1737.18 678.465 34507.1 27792 26583.6 22103.3 13413.1 1853.65 670.169 44777 24967.7 5960.93 7662.48 3292.84 1932.6 24786.8 20110.7 14616.5 13245.1 19450.7 8767.02 2826.5 5940.52 281.317 1698.21 947.075 26307.3 4869.6 969.245 3900.36 9575.12 1245.29 378.636 14053.1 3669.97 2221.92 47350.6 340.827 19809.3 5678.23 5691.49 3165.88 19255.8 1084.31 3005.24 282.707 1916.34 19318.4
internal_count=523855 180685 15526 343170 165159 204646 147122 104306 32127 4444 27683 163413 138524 34565 1852 1506 72179 61171 59910 51032 30781 3387 1444 103503 53665 9541 18314 5985 3593 56054 46009 31941 27398 42816 19755 4262 15493 396 1746 2938 57524 13183 2660 10523 19220 1289 389 32713 8178 4531 103959 823 49838 9033 14007 7755 41791 2315 5117 508 3834 48562
cat_boundaries=0 1 2
cat_threshold=8 8
is_linear=0
shrinkage=0.05


Tree=25
num_leaves=63
num_cat=1
split_feature=22 9 0 10 24 2 1 10 3 7 18 32 10 3 3 14 10 10 1 3 17 32 2 32 3 9 10 32 9 9 3 15 1 17 32 23 13 3 6 2 12 9 6 7 10 12 9 32 17 1 2 12 17 32 9 9 16 13 18 10 10 32
split_gain=83.4966 75.1389 49.0946 58.1612 54.2996 39.8911 49.2769 32.9903 32.5189 32.4519 30.7613 29.7723 27.0636 24.7979 33.2159 31.3194 47.048 30.804 23.6919 23.3932 31.4294 38.1053 31.8027 24.1568 21.6119 22.4329 21.2298 19.6401 22.9022 19.0111 18.7591 21.4929 18.6699 18.3298 17.7707 17.5232 16.9873 28.8121 18.641 16.8306 20.905 16.4994 16.4212 22.2275 30.5111 19.2693 18.5604 27.8335 18.1487 15.9214 15.7002 16.4548 14.5811 14.989 18.3196 14.2217 13.2727 14.0998 15.311 14.6529 16.7774 12.6784
threshold=15.833332777023317 126.37750000000001 0 38.569975000000007 304.50000000000006 3.5000000000000004 5.5000000000000009 81.790950000000009 1.5000000000000002 111.92100000000001 21.750000000000004 79.100000000000009 62.812249999999999 7.5000000000000009 6.5000000000000009 18.368244047619054 38.090050000000005 36.24710000000001 21.500000000000004 4.5000000000000009 11.250000000000002 72.64500000000001 1.5000000000000002 72.64500000000001 5.5000000000000009 43.647500000000008 66.573075000000003 76.610000000000014 2.1225000000000005 1.3035000000000003 11.500000000000002 22.08720833333334 20.500000000000004 -2.0499999523162837 76.19250000000001 8.3499999046325701 71.209000000000017 8.5000000000000018 5.5000000000000009 4.5000000000000009 3.5915000000000004 14.871 5.5000000000000009 75.326500000000024 56.526550000000007 4.0150000000000006 44.291500000000006 79.100000000000009 2.1499999761581425 16.500000000000004 2.5000000000000004 103.47300000000003 2.1499999761581425 73.395000000000024 176.01000000000002 8.8015000000000025 -0.16458333333333838 118.45000000000002 23.150000095367435 42.622750000000003 9.6217500000000005 64.205000000000013
decision_type=2 2 1 2 2 2 2 2 2 2 2 2 2 2 2 2 2 2 2 2 2 2 2 2 2 2 2 2 2 2 2 2 2 2 2 2 2 2 2 2 2 2 2 2 2 2 2 2 2 2 2 2 2 2 2 2 2 2 2 2 2 2
left_child=1 2 3 4 9 6 -4 11 12 39 42 -3 32 14 17 36 18 19 30 -10 22 -22 23 -21 25 29 27 -12 -29 -24 31 33 55 -17 -5 -30 -15 38 -38 40 61 -33 43 -2 48 46 -44 -48 -45 -6 51 -50 53 -9 -55 -8 -7 58 -58 60 -59 -1
right_child=10 7 5 34 49 56 8 52 13 -11 26 -13 -14 15 -16 16 -18 -19 -20 20 21 -23 24 -25 -26 -27 -28 28 35 -31 -32 41 -34 -35 -36 -37 37 -39 -40 -41 -42 -43 45 44 -46 -47 47 -49 50 -51 -52 -53 -54 54 -56 -57 57 59 -60 -61 -62 -63
leaf_value=1.4332923843007617 -0.86401781999197247 1.0104507243300744 -0.46027821191297602 -0.19994643438762269 -0.23289102585382082 1.1084714842661605 1.9987263444456993 -0.1395579541697444 0.1167167657810424 1.7413956551686596 0.062915817199895238 1.7550325352542828 -0.10165097452356556 -0.28657536815837548 -0.84642493172741462 2.2761848257260726 0.28785236796536079 -0.37254597086570596 -0.095786768597269756 -0.016915297377063609 -0.41398688296253994 1.0361052389010055 0.87142219221315687 2.1435027893688647 0.48961694746213169 0.98769250521157381 -0.21680829500861379 -0.40442804341841027 1.8472124596318027 3.1292938417639142 -0.0049339620838562588 1.7222210291117788 -0.081015674868086057 1.3134489801554539 0.48161387715202153 0.52758361184305824 1.0356104226208878 -0.50915583154344546 2.070658484152295 0.58639098549850321 0.66982879781059668 2.2306249056666974 -0.11591217617228047 0.93396788237480244 -0.63035726717759877 -0.55621794952500103 0.55490462121545259 2.8289236760388636 0.99792064362442234 1.1341835971728813 -0.23207188959168087 1.4598630903197607 0.21162524444763983 1.653055158440089 2.7035973534654651 3.7791440084783035 -0.61005079711402121 -0.37015519149513526 0.57541217833558989 -0.57138608663108847 0.55362251535622176 1.6467306017689063
leaf_weight=489.12208876013756 45433.807285889983 2623.3740680217743 17670.411390006542 14572.892268493772 3556.2802479118109 605.9873973429203 294.00641003251076 533.0478051006794 5562.1950147897005 865.53175829350948 1539.7081525027752 801.94869238138199 664.82934813201427 6460.7904326021671 5798.001913279295 220.83720949292183 5874.3171574026346 9006.9038401842117 631.0959911942482 648.50109712779522 1803.2484717965126 992.73878152668476 82.043476745486259 140.31630265712738 156.54656563699245 159.78992302715778 3704.8928925842047 359.08296489715576 370.03748163580894 384.55304904282093 426.92455717921257 276.63750307261944 203.67104050517082 1834.4393276870251 5390.5883816182613 865.73492100834846 142.92074877023697 342.65155044198036 140.14109471440315 2992.9557009488344 2012.6034884601831 594.44537279009819 6203.8391545265913 1365.8700261861086 9651.5050158202648 14251.44864076376 1911.0785195827484 289.02013996243477 831.8135801255703 277.67582815885544 3212.6001713871956 58.719698667526245 4815.3733438849449 748.82758459448814 215.17630282044411 575.22027173638344 36743.900287255645 1835.2596561610699 910.27231329679489 3317.3689447790384 2872.3781124204397 1460.6078439801931
leaf_count=1924 107869 5347 38721 34651 7707 957 849 935 13267 1531 5871 1145 1324 17245 12032 509 9671 21288 1210 1435 5806 1455 146 178 326 553 5979 606 668 771 914 554 497 3278 8353 1478 242 917 220 7724 5399 798 16829 3055 16320 27898 4629 379 1698 666 5734 75 7383 1322 388 1298 83287 3688 2429 5546 5200 3892
internal_value=-0.000698735 2.8793e-05 -0.000268687 0.00146271 0.00426963 -0.000778605 6.02119e-05 0.00427445 0.000966158 0.00665892 -0.00190034 0.00822455 0.00766576 0.00068666 -0.000322789 0.00216008 0.0039824 0.000691094 0.0081757 0.00261156 0.00534977 0.00216819 0.0110045 0.00391086 0.0181373 0.0222844 0.00132286 0.00435073 0.00823767 0.0278131 0.00984788 0.0112758 0.0125739 0.00847908 -0.00017538 0.0114654 -0.000375324 0.00748427 0.0192592 0.00552114 0.00765856 0.0178574 -0.00216529 -0.00259492 -0.000934301 -0.00101688 0.000881971 0.00482662 0.00204919 -0.000604696 0.000386809 0.00625737 0.00213005 0.00643817 0.0101553 0.0157634 -0.00188584 -0.0019834 -0.00238893 -8.0553e-05 0.00171283 0.0113476
internal_weight=238779 148729 138992 31618.3 11654.8 107373 61088.2 9737.75 43417.8 7820.82 90049.2 3425.32 1737.73 41680 24734.8 16945.2 9858.7 18936.8 3984.38 9929.93 4367.74 2795.99 1571.75 788.817 782.933 626.386 6839.46 3134.56 1594.86 466.597 3353.28 2926.36 1072.9 2055.28 19963.5 1235.77 7086.5 625.713 283.062 6955.29 3962.33 871.083 83209.7 60554.3 15120.5 22655.4 8403.94 2200.1 5469 3833.96 4103.13 890.533 6312.43 1497.05 964.004 869.227 46285.2 45679.2 37654.2 8025.01 4707.64 1949.73
internal_count=524066 324978 308458 71847 28843 236611 135504 16520 96783 20470 199088 6492 3968 92815 57257 35558 16934 45225 7263 23937 10670 7261 3409 1613 1796 1470 14602 8623 2752 917 6053 5139 2644 3787 43004 2146 18624 1379 462 18939 11215 1352 184486 134751 26882 49735 21837 5008 10562 8373 7507 1773 10028 2645 1710 2147 101107 100150 85716 14434 8888 5816
cat_boundaries=0 1
cat_threshold=8
is_linear=0
shrinkage=0.05


Tree=26
num_leaves=63
num_cat=0
split_feature=22 31 8 13 1 15 18 8 2 24 10 15 13 8 18 8 31 1 23 8 14 21 18 15 31 2 1 12 31 2 21 8 6 13 8 6 13 27 16 31 30 18 13 31 6 12 24 2 1 13 6 31 31 8 31 31 2 31 8 18 13 22
split_gain=78.345 57.2001 58.964 75.1468 45.4544 44.167 43.4224 63.6995 36.6264 31.4172 28.6248 26.6256 31.8342 26.0995 24.7693 26.6238 41.7548 23.0606 21.8261 25.0361 21.2978 20.597 20.3174 19.8725 20.4394 19.0482 21.4147 18.799 18.5795 18.3291 17.5475 16.6745 15.5203 14.9405 16.1835 14.8925 16.0158 14.8513 14.4758 17.4507 15.4434 14.1917 13.9774 15.184 13.9991 13.8884 13.0755 13.0389 12.4496 14.2056 12.3078 12.2991 16.5083 14.5865 12.009 21.1165 12.2083 11.8888 11.7499 16.4203 13.8377 11.6182
threshold=16.133333265781406 43.488500000000009 76.711500000000015 117.12600000000002 5.5000000000000009 29.678895833333332 14.050000011920931 15.192500000000001 4.5000000000000009 411.50000000000006 9.6217500000000005 2.2036041666666644 45.935000000000009 17.861500000000003 17.149999976158146 27.941500000000005 38.727000000000011 20.500000000000004 12.650000095367433 5.0610000000000008 39.912717261904767 15.850000262260439 17.649999976158146 21.844437500000009 46.237000000000002 4.5000000000000009 19.500000000000004 -1.2459999999999998 30.113500000000005 3.5000000000000004 15.699999928474428 154.23000000000005 5.5000000000000009 105.57150000000001 53.105000000000011 4.5000000000000009 16.291500000000003 17.099999427795414 4.0918125000000023 33.785500000000006 1.0000000180025095e-35 1.3499999046325686 31.453500000000002 45.748500000000007 6.5000000000000009 -1.2459999999999998 150.50000000000003 2.5000000000000004 17.500000000000004 68.91500000000002 5.5000000000000009 60.410000000000004 61.875000000000007 12.401000000000002 48.955500000000008 48.669000000000004 5.5000000000000009 61.590500000000006 5.2115000000000009 14.649999991059305 142.19100000000003 10.066666404406233
decision_type=2 2 2 2 2 2 2 2 2 2 2 2 2 2 2 2 2 2 2 2 2 2 2 2 2 2 2 2 2 2 2 2 2 2 2 2 2 2 2 2 2 2 2 2 2 2 2 2 2 2 2 2 2 2 2 2 2 2 2 2 2 2
left_child=1 4 3 5 58 8 29 17 11 10 -5 27 -13 61 32 16 18 22 19 21 54 -16 -8 57 -25 26 28 35 -9 30 38 46 33 -2 -35 -3 -37 -34 -6 40 -40 -15 44 -44 -29 -22 -30 50 -42 -50 -26 -7 53 -53 55 -10 -57 -14 59 60 -1 -12
right_child=14 2 -4 9 6 51 7 25 20 -11 13 12 23 41 15 -17 -18 -19 -20 -21 45 -23 -24 24 47 -27 -28 42 31 -31 -32 -33 37 34 -36 36 -38 -39 39 -41 48 -43 43 -45 -46 -47 -48 -49 49 -51 -52 52 -54 -55 -56 56 -58 -59 -60 -61 -62 -63
leaf_value=-0.63866292613550546 -0.90485360002653303 1.298408874085341 -0.34463831838018139 0.028344466383179778 -0.3840302411059508 -0.94003096788204277 0.95495973313713878 -0.095244065773295014 -0.21231912140683315 0.025129933890212189 1.3877582743837622 -0.041005831740491772 0.70352893168914121 1.2532260385349347 1.7770365431083093 -0.18871057603322897 -0.46655574268034389 0.23250720139425135 0.28420451610760084 0.99271197702207703 0.9173727867989343 0.85316976779407838 2.1283538998583751 1.5490116119072639 1.6840268581406002 -0.71035053625089162 -0.62858709768342824 0.36024270929824098 1.8141966579564164 -0.40422991375696427 -0.79148700570786845 -1.1969104449863106 -0.51807559541927051 0.0048156617314177204 -0.75992632716355291 0.26342038604019818 2.7665426823697383 0.27733439552759409 -0.088985590917391735 -0.10279109402190018 0.45676772814188882 0.59484796444138588 -1.3707712365328133 1.6238112307215524 2.4581670007215077 0.28174723872603913 0.011401285751650649 0.055375096974873375 0.68511820286456138 2.9968013152149009 -0.012091886861345102 0.2968082939711586 -0.33281138620707335 1.7306867226441893 -0.94659791299914398 -0.41964057943091859 0.72875275164798126 -0.55982313574126441 -0.69896949094412764 0.38856008784822188 0.74745248977345047 1.2982490142730201
leaf_weight=6271.4344511181116 34910.933406308293 337.78763067722321 17012.571438640356 1480.0306295454502 6421.9070684462786 6912.5186784267426 1135.1800132095814 1996.493654102087 2299.6338838338852 2454.3831849694252 834.83649864792824 7889.7906906306744 4243.8066323697567 2001.378774523735 299.66483117640018 8835.5679698288441 2151.1237695813179 710.91553083062172 824.81535112857819 597.41348825395107 339.79738312959671 135.17424800992012 1053.3432294875383 290.39075458049774 483.32622709870338 2202.7940914779902 1604.4815867841244 2106.4622970223427 2198.5605009049177 21401.459227785468 5498.0606103390455 498.41763578355312 14564.176687598228 8615.7715911716223 9331.2582085579634 80.547458410263062 217.6233517229557 5147.0370524972677 2814.5561605244875 7908.3403661996126 5594.854948207736 4543.1425704061985 222.66825819015503 1251.9089854061604 242.1015447974205 2703.8659432828426 513.85523819923401 504.59127008914948 800.30770030617714 692.08963699638844 165.89957001805305 222.14129424095154 1671.1342660188675 154.842913210392 3448.6617584228516 57.893878847360611 121.44992735981941 772.76208329200745 15793.485929712653 1187.6412347555161 418.0066482424736 1412.2333531081676
leaf_count=18005 84298 556 24098 2318 25887 10351 2853 6323 5083 3034 1155 14234 6323 2260 774 17084 7053 1818 1853 1302 481 233 2466 400 681 5007 3999 3439 4080 59229 13647 827 31718 17202 16002 94 316 11671 5934 19094 13218 8160 684 1824 427 4263 1058 685 1927 1746 229 244 1740 169 4844 116 230 845 41957 3191 1265 1946
internal_value=-0.000688681 -1.21757e-05 0.00109125 0.0019645 -0.000858113 0.000817527 -0.000156669 0.00256161 0.00180206 0.00527564 0.00648993 0.00305582 0.00200694 0.0075728 -0.00190204 0.000121876 0.00350126 0.00900674 0.00899161 0.0138337 -0.000826668 0.0229497 0.0115472 0.00460904 0.0097756 0.000487842 0.00179486 0.00643019 0.00335091 -0.000790086 1.31177e-05 0.0057054 -0.00226025 -0.00270677 -0.00153422 0.0143852 0.0225146 -0.00106276 0.000591752 0.00132557 0.00272417 0.00597486 0.00510351 0.00891752 0.00270605 0.00257259 0.00724957 0.00678018 0.0039684 0.00802482 0.0114605 -0.00223473 0.00116796 0.0106045 -0.00257222 8.23386e-05 0.016558 0.00312 -0.0027263 -0.00114871 -0.00211068 0.012222
internal_weight=238609 153196 66480.2 49467.6 86716.2 36741.6 63045.6 11914 27781 12726 10271.6 18809.7 14350.6 8791.59 85412.9 12843.8 4008.19 2899.44 1857.07 1032.25 8971.3 434.839 2188.52 6460.78 1444.21 9014.6 6811.81 4459.1 5207.33 51131.6 29730.1 3210.83 72569.2 52858 17947 635.958 298.171 19711.2 24232.1 17810.1 9901.81 6544.52 3823.14 1474.58 2348.56 3043.66 2712.42 1153.82 7087.25 1492.4 649.226 8960.64 2048.12 376.984 5927.64 2478.98 179.344 5016.57 23670.6 7877.08 6689.44 2247.07
internal_count=523950 334760 101229 77131 233531 58258 169113 28431 45754 18873 15839 30737 23397 13521 189190 28299 11215 7137 4162 2309 15017 1007 5319 9163 1995 21294 16287 7340 12288 140682 81453 5965 160891 117502 33204 966 410 43389 67806 41919 22825 10420 6374 2508 3866 4744 5138 1595 16891 3673 910 12504 2153 413 10273 5429 346 7168 64418 22461 19270 3101
is_linear=0
shrinkage=0.05


Tree=27
num_leaves=63
num_cat=3
split_feature=21 0 8 7 4 1 17 14 13 8 24 9 20 13 1 4 8 7 3 21 6 23 31 23 31 18 3 7 8 7 31 14 24 9 3 24 9 3 3 0 17 9 31 24 1 9 9 17 27 22 9 1 1 1 1 10 1 1 24 17 12 0
split_gain=74.7395 51.7622 50.6022 81.6255 47.9241 38.6191 37.0334 49.6428 35.5768 31.2849 29.3282 26.1624 25.6716 23.0055 22.76 24.3746 29.7821 38.1082 23.6696 22.2446 21.6034 19.9094 19.7841 19.2487 18.1095 17.9975 17.5974 17.0868 20.8923 17.022 14.7112 14.6553 14.6144 13.7788 17.1752 13.7675 13.6669 13.4564 22.0942 28.8922 28.9457 14.8461 14.0313 13.2545 16.3736 16.4229 13.1866 13.0753 13.0019 12.9766 12.6625 12.6411 12.4419 12.4185 12.1808 12.1378 11.9544 11.5837 16.3005 11.1081 15.222 11.0195
threshold=11.450000345706941 0 33.532500000000006 43.431500000000007 1.0000000180025095e-35 5.5000000000000009 6.2500000000000009 21.90881547619048 21.115000000000006 59.885000000000012 337.50000000000006 104.05000000000003 358.50000000000006 59.755000000000003 21.500000000000004 1.0000000180025095e-35 122.49900000000001 123.59950000000002 1.5000000000000002 6.7499998956918725 4.5000000000000009 8.3499999046325701 28.753500000000006 12.34999990463257 59.45900000000001 21.549999952316288 7.5000000000000009 51.88150000000001 63.087500000000013 4.6210000000000013 47.012000000000008 26.445297619047619 308.50000000000006 108.39900000000002 11.500000000000002 1.5000000000000002 40.155000000000008 7.5000000000000009 8.5000000000000018 1 4.9500000476837167 64.381000000000014 70.809500000000014 103.50000000000001 19.500000000000004 78.675000000000026 176.01000000000002 9.7500000000000018 11.34999990463257 10.800000270207724 44.291500000000006 16.500000000000004 15.500000000000002 16.500000000000004 15.500000000000002 107.03362500000001 13.500000000000002 16.500000000000004 1.0000000180025095e-35 -2.4500000476837154 2.0565000000000002 2
decision_type=2 1 2 2 2 2 2 2 2 2 2 2 8 2 2 2 2 2 2 2 2 2 2 2 2 2 2 2 2 2 2 2 2 2 2 2 2 2 2 1 2 2 2 2 2 2 2 2 2 2 2 2 2 2 2 2 2 2 2 2 2 1
left_child=2 9 3 4 6 -4 19 13 29 11 21 23 14 36 15 16 17 18 43 30 27 25 -20 24 54 48 -10 -3 -29 -9 31 33 -26 34 -1 -21 -8 47 41 40 -40 53 -42 44 45 -7 -11 57 -5 -28 -6 -12 -17 -39 -2 -48 -23 -24 -59 60 -22 -37
right_child=1 20 5 10 50 12 7 8 26 46 51 -13 -14 -15 -16 52 -18 -19 22 35 59 56 37 -25 32 -27 49 28 -30 -31 -32 -33 -34 -35 -36 61 -38 38 39 -41 42 -43 -44 -45 -46 -47 55 -49 -50 -51 -52 -53 -54 -55 -56 -57 -58 58 -60 -61 -62 -63
leaf_value=1.3827120707188811 0.13054786022766793 -0.90309343559070321 -0.56789751699919899 0.70271012680438938 -0.51305346498619042 0.88595219323167784 -0.6468335828188132 0.99926578125389121 -0.066355256692423842 -0.43891349318470924 -0.40042372319795949 1.7122398232794656 -0.74215413643194816 0.86518302762184518 -0.54728773890885207 -0.65742025218670297 -0.31508775245456566 1.2748845838348488 -1.0862837805216026 0.10953580897438259 0.68314662802805914 0.2042659606354903 0.082357050646510291 -0.28584438817641705 2.321349090952058 2.5207785471417234 0.92159526876805709 0.10913819078977163 -1.238866595067277 2.2767534927219013 0.1251583556588102 0.39354181352348655 -0.2474077706376363 1.5476132208464812 -0.47175752265240123 2.3931718980976577 0.52736240330974693 0.82654079458581764 2.0314599941062674 -0.72479916869907657 0.098717205959246365 0.26857581357738208 1.5349366898982468 -0.18685576238681884 -0.12438436551406121 2.1326443845685743 3.37688215523184 -0.41889013717332307 1.2294103532288163 0.51636341277578024 0.29221041738818448 1.0500029215204401 0.023977388421271686 2.4250391590208737 1.1272248622321315 0.56876054643622742 0.9579471342771857 -0.0094250765064707309 1.3981482300297168 -0.45819233028373019 -0.081854833649475725 0.87797826124137268
leaf_weight=1848.0995184779167 5610.0008641034365 36745.875921979547 14815.992861196399 3241.0021551847458 15741.138694941998 452.67830337584019 12869.613517954946 745.45108498632908 3759.6553594321012 13031.59564872086 1662.82134757936 1402.8316612690687 6867.5478744506836 979.03938566148281 5852.8515954911709 3615.8309664577246 9007.1380306631327 2482.8649355173111 1815.9096692502499 5702.9936927706003 942.25890183448792 2929.4972893297672 2913.253933429718 4278.8298932313919 557.17496579885483 286.086360886693 1270.119231030345 5977.6110937595367 4747.9508412331343 454.93791881203651 839.90727791190147 866.56171484291553 227.97639316320419 166.97558888792992 226.83034446835518 267.09712290763855 1248.0079449862242 435.14399710297585 623.00917759537697 2165.5456142127514 1777.4790444225073 407.42912004888058 505.29528701305389 309.24526369571686 229.0785013884306 467.69903109967709 96.557352811098099 3763.8121042698622 1924.1371885091066 1997.8508883714676 1706.5787253528833 310.75956970453262 3785.462019905448 339.84111578762531 1634.5797597020864 508.42748369276524 2236.5467131584883 570.23557671904564 694.88824521005154 30872.25531578064 2633.7439732402563 2486.565153747797
leaf_count=4662 14252 85907 28306 6347 38365 979 34705 1352 9277 26128 3137 3025 16908 2342 11012 7158 15137 4235 6430 14727 2435 6230 5986 10666 598 813 2069 12127 8175 739 1745 2179 250 365 584 835 2704 732 1479 3263 3869 656 524 578 426 839 183 7601 3937 3397 3496 565 7422 572 4601 822 4831 1049 1709 66505 6211 6265
internal_value=-0.000709319 -0.00167264 0.000102461 0.00107604 0.000218899 -0.000899616 0.0012678 9.38317e-05 0.00321813 0.000211151 0.00469589 0.00189766 -0.000224243 -0.00160908 0.000236995 0.000702797 0.00135723 0.00243447 0.00161048 0.00347498 -0.00230126 0.00573622 0.00105474 0.00115998 0.00260325 0.00784397 0.00185853 -0.00299322 -0.00123726 0.0111697 0.00657323 0.00815924 0.00981125 0.0102931 0.00917224 0.00202781 -0.0021232 0.00168339 0.00341801 0.00198204 0.00522877 0.00956996 0.0026368 0.00770574 0.010176 0.0131504 -0.00148447 0.000317286 0.00716494 0.00454158 -0.00192901 -0.000900837 -0.00185777 0.0136281 0.00182081 0.00572591 0.00351104 0.0022425 0.00623543 -0.00134832 0.00128951 0.00493045
internal_weight=238934 109268 129667 65768.3 53177.4 63898.2 35729.7 23324.7 8228.01 27348 12590.9 13711.4 49082.2 15096.7 42214.7 36361.8 28960.5 19953.4 17470.5 12405 81919.7 10617.3 16011.8 12308.6 8029.73 5451.23 7027.63 47471.4 10725.6 1200.39 3948.37 3108.47 785.151 2241.91 2074.93 8456.66 14117.6 14195.9 6253.74 5071.33 2905.78 1182.41 2282.77 1458.7 1149.46 920.377 13636.6 7942.19 5165.14 3267.97 17447.7 1973.58 7401.29 774.985 7244.58 604.985 5166.04 4178.38 1265.12 34448.3 3576 2753.66
internal_count=524423 241885 282538 155668 129808 126870 87947 56585 16834 60525 25860 33392 98564 39751 81656 70644 56064 40927 36692 31362 181360 22158 33870 30367 19701 11097 14743 106209 20302 2091 9535 7790 848 5611 5246 21827 37409 27440 11095 9135 5872 1960 4393 2822 2244 1818 27133 16345 10284 5466 41861 3702 14580 1304 18853 1005 11061 8744 2758 75151 8646 7100
cat_boundaries=0 1 2 3
cat_threshold=8 12 12
is_linear=0
shrinkage=0.05


Tree=28
num_leaves=63
num_cat=0
split_feature=21 8 7 2 32 24 17 17 2 8 14 10 13 6 7 7 8 32 32 21 17 14 25 31 2 7 31 31 17 31 18 32 14 32 15 13 8 23 31 16 24 15 18 32 32 2 22 10 31 23 25 21 8 2 15 16 14 27 24 31 31 12
split_gain=68.6952 57.2221 97.3402 46.2976 39.5882 32.0076 38.8102 23.2107 22.8507 23.2484 22.1144 32.0232 21.6777 23.8014 21.6322 19.6455 17.8353 17.5895 17.0755 20.1203 17.0476 19.423 19.9233 18.0619 21.6669 16.6199 16.1577 15.5354 15.084 14.6892 14.5664 14.5582 14.395 13.5729 13.4682 13.6159 13.2865 12.8967 12.6175 22.8265 12.575 15.0072 12.0594 11.7082 11.7052 14.4044 12.5664 20.9797 11.5612 23.3304 15.4202 11.0578 11.0315 15.3116 11.0212 15.1621 10.8961 10.8869 10.8711 11.4006 10.8674 10.9185
threshold=13.449999928474428 73.720000000000013 73.249000000000009 4.5000000000000009 68.540000000000006 1.5000000000000002 15.34999990463257 11.150000095367433 4.5000000000000009 8.1710000000000012 10.927644280538306 42.622750000000003 113.93450000000001 6.5000000000000009 142.72750000000005 119.44100000000002 68.19250000000001 62.562500000000007 65.717500000000015 6.8500001728534707 4.6499998569488534 76.676773809523823 12.150000095367433 28.753500000000006 1.5000000000000002 102.80250000000002 47.032000000000004 33.785500000000006 -15.550000190734862 31.132500000000004 20.350000143051151 65.635000000000005 40.812985119047632 70.037500000000009 3.0643125000000038 110.89400000000002 13.761000000000001 6.4500000476837167 39.20600000000001 1.631750000000004 1.0000000180025095e-35 0.26864583333333264 18.350000023841861 84.490000000000023 73.395000000000024 4.5000000000000009 14.133332928021749 110.41940000000001 45.748500000000007 8.4499998092651385 16.349999427795414 7.3499999493360528 129.59150000000002 4.5000000000000009 3.0643125000000038 26.940416666666671 23.878020833333338 22.500000000000004 127.50000000000001 38.815000000000005 34.489500000000007 27.425000000000001
decision_type=2 2 2 2 2 2 2 2 2 2 2 2 2 2 2 2 2 2 2 2 2 2 2 2 2 2 2 2 2 2 2 2 2 2 2 2 2 2 2 2 2 2 2 2 2 2 2 2 2 2 2 2 2 2 2 2 2 2 2 2 2 2
left_child=1 2 3 4 7 20 10 17 9 42 30 33 13 -2 40 -11 25 -1 19 -19 23 -22 -23 -6 43 -14 48 -8 29 36 -7 -21 -30 54 -29 -36 -5 58 -34 -40 -3 44 -4 -25 -42 46 -46 -48 50 -50 -26 -52 53 -16 -12 -56 -37 -15 59 -10 -57 -62
right_child=12 14 8 28 5 6 27 -9 37 15 11 -13 16 57 52 -17 -18 18 -20 31 21 22 -24 24 26 -27 -28 34 32 -31 -32 -33 38 -35 35 56 -38 -39 39 -41 41 -43 -44 -45 45 -47 47 -49 49 -51 51 -53 -54 -55 55 60 -58 -59 -60 -61 61 -63
leaf_value=-0.44637938420182266 -0.79377115857323643 -0.66585950472007704 1.1258379336342139 1.3080118800427656 -0.26109129565084788 -0.061823201315501924 0.64185431943544102 -0.57509252308419079 0.042221247861748169 0.39738070196425501 2.5526242656587081 0.30558493651576379 -0.048219955122342388 -0.13855288838727287 1.2040558649809641 1.3084402005885545 -0.57935209956126421 1.4311928703109673 -0.03741110947803037 0.23769792560079425 -0.31302133407132332 1.7059070980559072 0.43183942703263939 -0.17786517688198061 0.45622583421347368 0.84712653693130024 0.44858416910028187 0.889664951015957 -0.53554550464047357 -0.32064981326664255 2.9212933270677564 1.7576342148917696 -0.43066773961308158 1.1103178141960341 -0.64698629203001445 1.4978570756135128 -0.24531757726865139 0.049617831367174507 1.9732878442490773 0.069885112795920176 -0.4782195494994575 -0.44502948768067441 2.7383097592569139 0.89845715084358169 2.2196490109256799 -0.88952570292023125 0.99940021008920044 -0.19425464797206582 2.8109590030735419 -0.42819481913413288 1.2893133459905011 0.759047858470693 -0.18024793897127012 -0.24175234426822101 0.32738481768448974 3.4952912178309812 0.27322753558357465 0.89517328645130556 -0.27549478287533519 0.91714741473671002 -0.59943085172647226 1.570866500081312
leaf_weight=5156.6295973956585 47659.20521338284 17324.816731482744 1178.7540493756533 73.047479867935181 1884.3786572217941 2321.177496060729 1367.0309410989285 11362.535820662975 487.54510425031185 5737.5057447552681 331.38233226537704 2906.2184845209122 8636.4337823688984 6269.7248630821705 1364.8812274485826 2169.5268433243036 10096.240420937538 1336.1112969368696 7612.7657831311226 3669.1471455097198 12836.770863592625 209.95528396964073 400.26996177434921 2009.8537077307701 1067.4370192438364 2609.0324874222279 1129.1183004081249 1123.1576359719038 21111.28708396852 103.72424486279488 164.70636224746704 246.29814636707306 4204.0520871579647 5041.9548583030701 5359.7429299652576 79.20587146282196 34.457862168550491 5111.8655574321747 389.96898140013218 5737.0900928080082 1132.1129825264215 17657.029697611928 282.28734368085861 69.748718023300171 316.90329432487488 328.78868448734283 409.62879234552383 627.14889854192734 232.61854642629623 108.47139796614647 279.94814729690552 301.21140436828136 3667.3186296373606 857.92308385670185 359.91862951219082 88.27570715546608 1393.6079839766026 857.24996972084045 453.18185232579708 1175.7822720259428 83.259952694177628 138.08860790729523
leaf_count=24432 110567 30069 2396 216 3241 5269 3555 38533 1221 11172 594 4803 18111 14043 2221 3716 17767 4154 18485 10922 22080 256 562 4544 2021 5174 3282 1716 53280 327 482 693 12658 8510 8753 128 108 9676 640 8860 3662 30782 590 114 494 529 661 994 507 317 500 570 5488 1363 1164 190 1845 2080 706 1703 169 184
internal_value=-0.000710536 -0.000130202 0.000438294 -0.000137828 0.00057396 0.00157228 0.00295671 -0.000828805 0.00399014 0.00561975 0.00490871 0.00606748 -0.0019501 -0.0024767 -0.0016777 0.00454798 -0.000598225 0.000287074 0.00127606 0.00346903 0.00017239 -0.000873282 0.00783503 0.00215749 0.0036775 0.00077133 0.00631272 0.000562191 -0.00172696 0.0115587 0.000736392 0.00166016 -0.00181658 0.00814145 -0.000284114 -0.00111838 0.0244205 0.00187766 -0.000287204 0.00116015 -0.00211692 -0.00127783 0.011413 -0.000275718 0.00211238 0.00475626 0.00703547 0.00436383 0.00902277 0.0173953 0.00728103 0.0138282 0.00114059 0.00391913 0.0134607 0.00974494 0.00313813 0.000218264 0.00515889 0.00702843 0.017839 0.0118307
internal_weight=238736 162608 118921 102325 70671 41287.5 20757.7 29383.5 16596.4 9368.07 11435 8949.1 76127.9 54786.2 43686.6 7907.03 21341.7 18021 12864.3 5251.56 20529.8 13447 610.225 7082.79 5198.41 11245.5 3118.8 9322.75 31653.6 211.23 2485.88 3915.45 31442.4 6042.88 7955.71 6832.56 107.505 7228.37 10331.1 6127.06 37796.4 20471.6 1461.04 2079.6 2814.58 1682.47 1353.68 1036.78 1989.69 341.09 1648.6 581.16 5890.12 2222.8 1000.93 669.543 1472.81 7126.97 2116.51 1663.33 309.624 221.349
internal_count=523849 356107 279844 248664 172575 75356 37362 97219 31180 17874 21365 15614 167742 126690 76263 14888 41052 58686 34254 15769 37994 22898 818 15096 11855 23285 7197 15997 76089 651 5751 11615 75438 10811 12442 10726 324 13306 22158 9500 67191 37122 2986 4658 6340 2678 2149 1655 3915 824 3091 1070 9072 3584 2301 1707 1973 16123 3630 2924 543 353
is_linear=0
shrinkage=0.05


Tree=29
num_leaves=63
num_cat=3
split_feature=22 0 8 24 19 1 2 8 7 1 7 17 17 8 8 1 18 1 1 8 9 1 8 2 8 3 32 18 8 14 32 3 32 2 3 2 32 0 9 7 24 32 0 22 24 32 8 3 9 12 2 32 2 22 23 3 9 11 24 23 3 14
split_gain=68.5005 64.3387 67.4678 60.1607 48.1332 38.9465 48.9465 31.451 29.7047 27.8934 24.5012 20.4303 20.0065 21.2687 19.7568 19.5172 19.3879 18.6211 15.7273 16.0849 15.6263 15.4045 20.3975 14.5293 16.4499 18.2439 15.3529 13.9725 23.4044 13.6791 17.8722 15.4958 17.5746 13.393 14.9719 17.426 13.0354 16.9661 15.2298 12.6287 12.3042 11.9779 12.0393 11.9501 11.8586 13.1405 15.3111 11.8467 11.6988 11.5968 11.5752 11.4727 11.3216 11.2475 11.145 10.4095 10.352 9.99151 9.95712 11.9288 10.9855 9.92593
threshold=17.866666515668239 0 37.305000000000007 333.50000000000006 13.34999990463257 5.5000000000000009 3.5000000000000004 17.142500000000002 30.911500000000004 14.500000000000002 155.80500000000004 17.650000572204593 -0.65000000596046437 0.041500000000000002 124.53500000000001 16.500000000000004 18.049999952316288 20.500000000000004 15.500000000000002 70.69250000000001 167.17950000000005 15.500000000000002 122.49900000000001 4.5000000000000009 9.9310000000000027 9.5000000000000018 77.015000000000015 18.350000023841861 61.366000000000007 10.927644280538306 68.540000000000006 5.5000000000000009 66.925000000000026 1.0000000180025095e-35 4.5000000000000009 1.5000000000000002 76.780000000000015 1 36.792500000000011 133.41650000000001 225.50000000000003 85.917500000000004 2 5.9333332578341169 43.500000000000007 68.397500000000022 85.378500000000017 11.500000000000002 134.67250000000004 1.0150000000000003 1.0000000180025095e-35 81.855000000000018 4.5000000000000009 22.466666618982952 10.449999809265138 8.5000000000000018 2.4225000000000003 11.394395833333334 1.0000000180025095e-35 13.84999990463257 1.5000000000000002 58.32497023809524
decision_type=2 1 2 2 2 2 2 2 2 2 2 2 2 2 2 2 2 2 2 2 2 2 2 2 2 2 2 2 2 2 2 2 2 2 2 2 2 1 2 2 2 2 1 2 2 2 2 2 2 2 2 2 2 2 2 2 2 2 2 2 2 2
left_child=1 2 3 9 5 43 7 8 16 23 18 17 13 56 -12 -5 29 21 -4 -20 27 40 41 24 25 26 -1 -8 36 31 -31 32 33 -7 35 49 37 -29 51 -11 -9 42 -23 -3 -44 -46 -47 -22 -21 -35 -10 -38 -40 -14 -41 -16 -2 -26 -15 60 -60 -25
right_child=12 4 10 15 -6 6 20 11 50 39 14 -13 53 58 55 -17 -18 -19 19 48 47 22 -24 61 57 -27 -28 28 -30 30 -32 -33 -34 34 -36 -37 38 -39 52 54 -42 -43 44 -45 45 46 -48 -49 -50 -51 -52 -53 -54 -55 -56 -57 -58 -59 59 -61 -62 -63
leaf_value=1.1558764591589579 -0.64550723338595339 0.19096387953907057 -0.25704029990217592 -0.2652044626823038 -0.6057106739275675 -0.070896668222833276 -0.31461043238577668 0.42832950123078606 0.40478069316330761 1.6912900186155455 1.9006633780637241 -0.65244878371916826 -0.52107830711722591 -0.23536884349172668 -0.35770139057687733 1.2149594959160259 1.7249009362279282 -0.44370945593328703 0.65108497624613904 -0.28033759064130809 -0.069154766522495956 1.8107768467279806 -0.78193750646605409 -0.017082880031751204 1.9449346500699598 0.40398108940143446 2.0787828541251345 1.7345861286826185 -0.51748619277399188 -0.024294572551122329 1.0291042776620827 -0.41710515537717363 -0.52452773606245418 -0.49361330838774403 2.3997602550348982 -0.73674144269407549 0.63116897121617588 -0.3082459960411143 4.2334879679536064 2.7975932376876935 -0.3368877475610319 3.6552958585055082 -0.34506073275763499 -0.41218416359248383 -0.44868215968226083 1.8560638806892784 -0.35938031940928128 1.56833723757494 0.97052864181253151 4.6230771965677091 1.3015751108940763 1.2751083098314517 0.72154028873687004 -0.94529269279656247 1.0879615420949287 2.5029427394857451 0.81711483848867705 0.45798229151133329 0.6675689767821823 -0.31386348642120226 0.098597845992555486 0.78222671920376718
leaf_weight=1169.8600469976664 98.478735238313675 2351.7393531650305 16827.986311107874 4064.6139125972986 37286.064612075686 206.36086419224739 26191.96120351553 8207.6386497765779 629.85945981740952 2414.351135879755 793.35834529995918 4411.4012026190758 33270.862358391285 7633.1303278356791 1068.0711556077003 382.27342396974564 1193.0597082823515 4062.5873689651489 2612.8106252253056 5155.040313705802 57.077327400445938 1817.6255130916834 1105.2690806537867 1965.0696098655462 269.90196320414543 493.71575281023979 372.11269438266754 96.307785794138908 1152.6373512297869 2074.1407178938389 3315.8413188457489 3592.3655157983303 705.32172100245953 42.257681965827942 118.96741506457329 177.46199932694435 358.38404622673988 678.56084944307804 93.707413226366043 254.00709193944931 3201.8918777257204 58.776868760585785 955.72342924773693 23994.968355551362 464.38216143846512 924.07487192749977 242.80825343728065 68.083752989768982 1695.4694557338953 112.51316374540329 1842.5158998072147 78.166999459266663 149.68609893321991 16674.255670800805 106.46743115782738 653.37952329218388 281.84917792677879 2173.0894101709127 1036.688539519906 2147.1374817639589 1539.3805726766586 1587.7947424948215
leaf_count=3517 293 4711 34967 8686 81717 546 56020 17637 1087 6654 1455 9210 72633 16554 1648 827 3272 8326 6593 11176 95 4288 1884 5442 671 1402 450 341 2046 5634 5581 9607 1944 120 317 487 891 2329 182 455 6478 96 2243 52907 1700 1314 308 130 2789 283 3973 132 273 38684 175 909 975 5523 1970 4871 3727 2806
internal_value=-0.000716382 -0.000211076 0.00144316 0.00413218 -0.000763205 -0.000164303 0.000464953 0.00161014 0.00351256 0.00614637 1.96917e-05 0.000562816 -0.00213581 -0.000366877 0.00473361 -0.000762776 0.00244641 0.00121147 -0.000431365 0.0011993 -0.00109747 0.00193906 0.00409462 0.00465222 0.00654614 0.0098651 0.012542 -0.00117434 0.00231557 0.00174994 0.00349297 -0.000146345 0.0043912 0.0102651 0.0150819 0.00957929 0.00653016 0.00209188 0.0115775 0.0104678 0.000886729 0.00560023 0.00529718 -0.0017976 0.00306318 0.00566496 0.00849396 0.0164613 -7.39301e-05 0.0217835 0.00848513 0.00596641 0.0215761 -0.0025869 0.0191954 0.00172263 0.0112635 0.00377762 -0.000725742 0.00107848 0.00337194 0.0022636
internal_weight=238761 176080 44059.4 15253.3 132020 94734.1 68387.4 39462.8 14010.7 10806.4 28806.1 25452.2 62681.8 12736.7 2514.81 4446.89 11538.3 21040.8 26291.3 9463.32 28924.6 16978.2 5568.66 8031.54 4478.68 2035.69 1541.97 28799.4 2607.45 10345.2 5389.98 4955.25 1362.88 657.561 451.2 332.233 1454.81 774.869 679.945 2774.83 11409.5 4463.39 4404.61 26346.7 2586.99 1631.27 1166.88 125.161 6850.51 154.771 2472.38 436.551 243.394 49945.1 360.475 1721.45 380.328 2442.99 12356.3 4723.21 2576.07 3552.86
internal_count=523961 384254 96145 36608 288109 206392 148774 86335 32851 27095 59537 53484 139707 28390 4012 9513 27791 44274 55525 20558 62439 35948 11833 19811 11563 5369 3967 62214 6194 24519 11215 13304 3697 1753 1207 890 4148 2670 1478 7284 24115 9949 9853 57618 5565 3322 1622 225 13965 403 5060 1023 455 111317 630 2557 1268 6194 27122 10568 5697 8248
cat_boundaries=0 1 2 3
cat_threshold=8 4 4
is_linear=0
shrinkage=0.05


Tree=30
num_leaves=63
num_cat=0
split_feature=22 9 1 2 8 14 32 32 19 3 17 3 9 31 9 32 8 31 17 10 3 32 17 21 10 1 18 14 21 22 31 2 17 31 23 2 22 2 31 32 14 2 3 31 17 9 8 11 2 14 8 32 12 13 2 8 9 1 22 3 8 14
split_gain=65.4328 48.1709 33.9178 37.7935 47.2801 45.7095 34.6926 35.4712 26.7944 29.3783 31.8373 35.3361 30.7047 27.4004 25.1658 23.4792 23.4354 26.1285 22.1939 23.6973 22.1597 20.4127 19.6808 19.238 18.1733 21.6858 17.9483 20.5617 17.2479 16.4441 16.2001 16.0949 14.8038 13.6437 13.8493 13.5358 13.3447 16.9085 12.9253 12.8848 14.4498 14.1149 12.855 13.7404 23.2829 22.2976 12.7826 18.3829 13.0864 12.6803 12.63 17.008 12.1198 16.5314 12.0012 12.5932 13.3712 11.7568 11.7325 14.8122 11.7022 15.7563
threshold=11.533333182334902 152.66000000000003 5.5000000000000009 3.5000000000000004 17.861500000000003 12.278065476190477 77.637500000000017 77.985000000000014 15.050000190734865 7.5000000000000009 9.9499998092651385 4.5000000000000009 106.9585 39.07800000000001 191.60500000000005 73.395000000000024 75.766000000000005 45.748500000000007 -2.2499999999999996 71.35945000000001 1.5000000000000002 70.850000000000009 2.8500000238418584 14.699999928474428 123.89195000000001 19.500000000000004 24.349999904632572 90.888095238095261 6.5999999493360528 20.09999982515971 39.189000000000007 4.5000000000000009 3.8500000238418584 61.875000000000007 14.84999990463257 1.0000000180025095e-35 17.099999984105434 1.5000000000000002 49.764000000000003 65.717500000000015 49.026800595238107 1.5000000000000002 7.5000000000000009 30.113500000000005 4.1499998569488534 85.00500000000001 116.11400000000002 66.881875000000022 3.5000000000000004 23.62735416666667 54.662500000000001 76.390000000000015 3.0350000000000006 72.15000000000002 4.5000000000000009 52.368500000000004 24.243500000000004 16.500000000000004 20.30000003178915 7.5000000000000009 4.0710000000000006 13.406764880952386
decision_type=2 2 2 2 2 2 2 2 2 2 2 2 2 2 2 2 2 2 2 2 2 2 2 2 2 2 2 2 2 2 2 2 2 2 2 2 2 2 2 2 2 2 2 2 2 2 2 2 2 2 2 2 2 2 2 2 2 2 2 2 2 2
left_child=1 8 60 4 5 -4 23 -8 9 10 11 54 13 31 18 -3 17 39 19 -5 24 28 -17 38 25 26 36 -28 -19 42 -15 -11 -14 34 -9 -24 37 -6 -7 41 -41 -13 57 -44 45 50 47 48 52 -20 51 -45 53 -32 55 56 -1 -22 59 -51 61 -2
right_child=2 15 3 14 20 6 7 33 -10 12 -12 16 32 30 -16 22 -18 21 49 -21 29 -23 35 -25 -26 -27 27 -29 -30 -31 46 -33 -34 -35 -36 -37 -38 -39 -40 40 -42 -43 43 44 -46 -47 -48 -49 -50 58 -52 -53 -54 -55 -56 -57 -58 -59 -60 -61 -62 -63
leaf_value=-0.00038529863791012534 -0.82558302328590549 0.49609272237900659 -0.22992895780167633 0.39885140446177769 3.7884974098244832 0.78095501295748027 2.6118280020897617 1.7662509712012153 -0.65590260673510559 0.19529547415544074 -0.29425322749445398 -0.27001214345932073 4.540619145609031 2.0750174665513614 2.6783956024788997 2.5224300951304244 -0.35138413473354185 1.4222128557617901 -0.78994580669184633 -0.45712475424601529 -0.57279599444986606 0.58584085955523479 5.8762528339906002 -0.14369370515264582 -1.008239675829482 -0.35106878277532411 0.43764892734995975 1.2103937757553638 1.4320780802258817 -0.90740344007294071 1.1641196928576065 -0.53374968627160302 1.4812329695993243 -0.13013374305804604 -0.78696721769760813 1.5091564390448113 0.226320111647766 0.90699260134812931 -0.078132503825122157 -0.44070316304363683 0.72731675141736085 1.3894918840849781 -0.97910589026283645 0.82905748179550864 0.091484203616794713 5.2292179084474242 -0.50235238362498869 0.88051041264376839 0.012503849429086956 -0.48876878078831149 -0.3384869409713776 2.2132024030835913 0.35395347702206054 1.4539335347927853 -0.59153186856146434 -0.22041090348014764 0.77275045219698912 -0.0084510697334426507 -0.82417225823028206 0.027184152416418431 -0.67854508635266098 0.19197189394072769
leaf_weight=3679.3300511389971 3364.8717884719372 975.06425119936466 8388.1231787800789 3635.8228590339422 313.00201442837715 4978.2492558807135 381.54267698526382 1039.1852928102016 8835.4188392013311 9964.616572022438 20329.808666333556 191.03436566889286 295.27380260825157 246.67129081487656 89.646952033042908 363.71350878477097 1031.1899967491627 186.14282816648483 14381.049280837178 2523.4476180076599 11630.979227393866 553.53919088840485 150.59749880433083 2904.9791923910379 791.77162978053093 738.57057426869869 155.72655329108238 206.9964234828949 462.03559881448746 11694.955590814352 1638.3609347343445 3755.1688021719456 1282.4155640155077 493.37638336420059 202.59049892425537 659.78678894042969 1239.0212034732103 397.76639612019062 1177.0443706214428 1194.8089395016432 421.69383800029755 640.44606913626194 1846.106557071209 308.36928972601891 10989.364661470056 325.47127854824066 1013.2293984442949 2170.2290716320276 3112.1071037501097 14169.194118455052 562.04326328635216 144.58527487516403 1995.828818500042 250.44478251039982 5514.5186437964439 5414.9282665997744 4092.6057155281305 7921.9966626018286 7795.0670513361692 10648.058967888355 28673.274551048875 4078.8815372288227
leaf_count=9254 9668 2024 23180 9888 704 13440 469 1753 19535 23625 42386 575 721 927 145 747 1629 248 37288 4104 27120 704 191 6959 1524 1509 282 333 616 24321 3519 9144 2113 513 345 869 2786 935 1777 3414 776 1883 3214 1051 18701 939 1411 3008 5658 31581 1271 263 3483 466 12924 13484 11036 17771 16109 18133 59442 9904
internal_value=-0.000702244 0.000459007 -0.0012926 -0.000894353 -0.000120597 0.0019588 0.0040523 0.00981419 0.000256186 0.000586191 -0.000202786 0.00105543 0.00192682 0.00148506 -0.00189465 0.00784217 0.00494008 0.00682021 -0.0019395 0.000882518 -0.000946403 0.0128557 0.0126018 0.00270526 0.00269891 0.0044503 0.00683183 0.0170312 0.0188726 -0.00125485 0.00341697 1.66926e-05 0.00868264 0.00677108 0.00956386 0.00824765 0.00492667 0.0103831 0.00428785 0.00385336 0.00124987 0.00890727 -0.000694622 0.000451758 0.00105417 0.00727271 0.00310924 0.00369826 0.0024506 -0.00230938 0.00361278 0.00981599 0.00438568 0.00725553 8.28981e-05 0.000901978 0.00219159 -0.00152573 -0.00176388 -0.00123229 -0.00263859 -0.000872043
internal_weight=238612 80421 158191 122074 68831.8 19565.1 11177 2116.69 78271.8 69436.4 43712.1 23382.3 25724.3 24146.7 53242.3 2149.16 4680.89 3649.7 53152.6 6159.27 49266.7 1201.72 1174.1 9060.27 3842.85 3051.08 2312.51 362.723 648.178 45423.9 10426.9 13719.8 1577.69 1735.15 1241.78 810.384 1949.79 710.768 6155.29 2447.98 1616.5 831.48 33728.9 14175.9 12329.8 1340.47 10180.2 9166.97 6996.74 46993.4 1015 452.955 3884.63 1888.81 18701.4 13186.9 7771.94 19553 32612.3 24817.3 36117 7443.75
internal_count=523792 176370 347422 268408 151160 48436 25256 3080 172539 153004 98929 56543 54075 51241 117248 3831 9845 8216 117103 13992 102724 1568 1807 22176 8073 6549 5040 615 864 94651 18472 32769 2834 2611 2098 1060 4425 1639 15217 6648 4190 2458 70330 25439 22225 3524 17545 16134 13126 103111 2585 1314 7468 3985 46698 33774 20290 44891 65823 49714 79014 19572
is_linear=0
shrinkage=0.05


Tree=31
num_leaves=63
num_cat=3
split_feature=22 0 8 31 24 21 3 3 9 18 0 9 9 3 26 10 13 24 32 17 22 10 32 9 8 10 32 2 24 8 7 2 0 17 14 8 2 17 24 15 21 32 2 24 8 10 31 32 9 9 10 8 31 32 32 16 31 14 31 17 31 14
split_gain=59.4005 51.729 49.4262 78.0208 69.6125 28.7859 26.9423 37.2604 30.252 26.0666 25.9507 25.2672 24.6608 27.4775 24.9179 22.8329 35.2629 22.269 21.9806 20.9626 18.3269 17.79 19.646 21.2813 17.2624 16.3706 15.377 17.7605 21.7346 14.7625 30.3211 16.8194 16.5366 30.3735 17.2417 13.8508 13.4249 13.0082 18.9248 12.8767 11.8786 11.6258 11.5738 14.2259 11.5154 13.1593 11.4631 12.4275 13.056 11.3945 11.2243 15.8497 13.4479 10.8525 10.8367 10.5503 10.2242 16.3644 10.1151 11.9034 10.1019 10.5907
threshold=15.03333353996277 0 41.356500000000004 38.177000000000007 292.50000000000006 13.899999737739565 11.500000000000002 10.500000000000002 3.1110000000000002 21.750000000000004 1 159.57500000000002 100.31500000000001 8.5000000000000018 4.6499998569488534 59.151875000000011 46.636500000000005 1.0000000180025095e-35 73.395000000000024 -6.8500001430511466 22.466666618982952 65.806900000000013 76.610000000000014 1.921 93.801500000000019 2.9331499999999999 64.887500000000017 3.5000000000000004 1.0000000180025095e-35 69.835000000000022 89.663500000000013 3.5000000000000004 2 -1.0000000180025095e-35 63.893470238095247 3.2310000000000003 3.5000000000000004 17.050000190734867 2.5000000000000004 15.505625000000004 10.375000000000002 80.15000000000002 4.5000000000000009 575.50000000000011 17.142500000000002 11.281750000000001 71.881000000000014 70.935000000000016 64.381000000000014 117.52100000000002 10.071050000000001 21.631500000000003 52.610000000000007 77.985000000000014 72.590000000000018 -0.60831250000000014 44.408000000000008 51.988791666666678 43.216500000000003 0.55000001192092907 59.45900000000001 19.852321428571429
decision_type=2 1 2 2 2 2 2 2 2 2 1 2 2 2 2 2 2 2 2 2 2 2 2 2 2 2 2 2 2 2 2 2 1 2 2 2 2 2 2 2 2 2 2 2 2 2 2 2 2 2 2 2 2 2 2 2 2 2 2 2 2 2
left_child=1 2 3 -1 6 11 7 8 -5 20 41 15 56 24 -15 16 19 -9 -13 -3 29 22 -11 -24 54 -25 -18 28 44 30 32 46 33 35 40 -2 37 38 -21 -30 -34 -10 43 -6 45 -28 47 -32 -49 55 -12 52 58 -27 -14 -35 -4 -58 59 -52 -40 -62
right_child=9 5 12 4 42 -7 -8 17 10 21 50 18 13 14 -16 -17 26 -19 -20 36 -22 -23 23 25 -26 53 27 -29 39 -31 31 -33 34 49 -36 -37 -38 -39 60 -41 -42 -43 -44 -45 -46 -47 -48 48 -50 -51 51 -53 -54 -55 -56 -57 57 -59 -60 -61 61 -63
leaf_value=-0.02630387779141934 0.78281537323547568 1.007270160759163 -0.38758172941655894 -0.39466118925079957 0.6525538230117669 -0.81688626958231192 -0.94628312238623169 1.8153816477878379 1.5016043237079686 0.004790266510385166 0.056715622896245682 -0.006610170658866466 0.19411170436480882 5.9695462405598496 1.3867486792162376 -0.80736903196519849 -0.52716930211634083 2.8279249938010391 2.2031873257902581 -0.37347343572409353 -0.77855414462429806 -0.1493799175125762 -0.49383798313207561 1.5173170389532531 -0.29044458543319429 1.7540839912834174 0.21253141834221836 0.094067168005276619 0.75989310095023799 -0.65993070795780473 0.62583143791610996 0.087850042902737624 -0.20191931961862758 1.8336892677573364 0.46110435924930898 1.2517560794062417 -0.56608878655690464 -0.62105779851303533 0.41214301482794158 1.3799969961806937 -0.70670235839962159 1.8790164049199973 -0.59549333382849068 -0.43903725751527323 -0.31884403074437206 1.015485540967255 -0.26861052926037915 2.1385093225463927 1.2026023016139409 1.1691389636538447 1.9187786037559058 0.52847438920989231 0.5742626532752787 0.56518161238979203 0.7152288523451944 -0.22542791458076136 0.51765520132655141 -0.19696971868822219 1.3093444888736583 0.3639421561468883 -1.7865776679570815 1.7017971962772145
leaf_weight=14568.135050937533 165.78022080659866 1423.7918916940689 16389.505205839872 869.22388616204262 1742.6667079925537 15345.060411050916 575.92926385998726 400.3138176202774 3273.3152982741594 1727.1876812428236 821.93116545677185 255.97206935286522 2079.7747488468885 281.77229216694832 2440.3957049399614 6701.1019304543734 1469.3711265623569 176.85022121667862 261.32340887188911 7567.6853747218847 19743.322372898459 4050.1869547814131 339.12772613763809 72.256606101989746 5699.8560177534819 226.46482241153717 1333.4445593059063 5809.9701773226261 1609.5845200419426 20812.513727024198 517.94758185744286 2961.0001443773508 9269.2690401375294 110.0358362197876 1325.848021492362 732.54495365917683 13793.876726001501 3220.2811456918716 5417.9995922893286 1524.0504309386015 18410.304760247469 423.52143555879593 1918.5280148684978 1155.9991244077682 1605.8272434473038 560.81415590643883 370.06203442811966 516.98679435253143 342.58346726000309 891.19756753742695 51.586291670799255 1817.9214276224375 885.18284869194031 1123.5079272687435 1254.7717907875776 17634.272844493389 2140.1921173632145 8596.0727382898331 719.92864063382149 290.10273104906082 132.56020122766495 368.36332190036774
leaf_count=43899 431 4049 40485 2131 2639 33805 2004 1496 6364 6558 1970 423 4116 758 3933 11501 6980 663 429 17727 45731 6555 573 127 9066 403 2545 9436 3106 37345 1404 5236 21846 212 2110 2128 31968 7919 13299 2260 42676 435 2777 1565 2570 869 379 842 579 1847 153 3649 1013 1969 2003 45174 3247 13259 1296 883 153 386
internal_value=-0.000713516 -3.45242e-05 0.000935848 0.0024721 0.00498759 -0.00100733 0.00730667 0.00792863 0.00715002 -0.00163123 0.0080811 -0.000455828 -0.000237047 0.00167557 0.0060782 -0.000564192 -0.000165621 0.0202423 0.0105299 -0.00108113 -0.00185856 0.00119728 0.00381388 0.00752792 0.000348479 0.0102103 0.00193502 0.00250623 0.00427383 -0.00149768 -0.00105631 0.00277413 -0.00142794 -0.000302509 -0.00218496 0.00867216 -0.00135801 -0.000404802 0.000277016 0.00729788 -0.00245254 0.0112055 2.57136e-05 0.00201933 0.00156507 0.00420469 0.00666244 0.00876002 0.0124435 -0.000735737 0.00552446 0.00669194 0.00982619 0.00895327 0.00320544 -0.00101291 -0.00106602 0.000133337 0.0136196 0.00650868 0.00239465 0.00918107
internal_weight=238317 136975 68573.5 29691.1 15123 68401.1 10305.8 9729.88 9152.71 101342 8283.49 53056 38882.3 11756.6 2722.17 52538.7 45837.6 577.164 517.295 31924.6 93803.7 7538.73 3488.54 1761.36 9034.4 1422.23 13913.1 12443.7 6633.72 74060.3 53247.8 4708.58 48539.3 19533.8 29005.4 898.325 30500.8 16706.9 13486.6 3133.63 27679.6 3696.84 4817.19 2898.67 3500.09 1894.26 1747.58 1377.52 859.57 18635.5 4586.65 3764.72 1946.8 1349.97 3334.55 17744.3 27125.8 10736.3 1061.62 341.689 5918.92 500.924
internal_count=523354 299229 149804 72937 29038 149425 22057 20053 17894 224125 15763 115620 76867 19876 4691 114768 103267 2159 852 75501 207940 16185 9630 3072 15185 2499 27766 20786 11350 162209 124864 8440 116424 49792 66632 2559 71452 39484 31565 5366 64522 6799 6981 4204 5984 3414 3204 2825 1421 47233 8964 6994 3345 2372 6119 45386 56991 16506 2332 1036 13838 539
cat_boundaries=0 1 2 3
cat_threshold=12 8 12
is_linear=0
shrinkage=0.05


Tree=32
num_leaves=63
num_cat=3
split_feature=21 0 1 2 23 17 1 32 8 8 24 31 31 1 8 11 8 10 31 8 31 17 2 22 8 32 6 8 0 23 23 1 17 2 16 2 31 8 12 27 1 1 2 31 1 32 21 0 8 16 10 17 24 18 31 26 16 11 32 32 22 31
split_gain=53.8597 43.2007 40.4318 40.6992 37.8736 36.8017 36.3916 33.7089 39.6547 30.7746 26.4755 27.4681 25.6738 25.1964 22.2584 23.2765 17.6181 29.3926 20.9353 17.3768 17.1676 17.0706 16.964 18.5007 16.6949 15.5633 15.5632 14.722 30.3008 14.6718 14.5001 14.35 14.0161 13.8871 12.9123 13.218 12.7756 12.7311 12.4326 11.9916 11.4219 11.2725 11.0794 25.2249 10.949 11.0772 10.8412 9.77682 17.5413 10.189 10.9313 11.2635 10.0009 9.61036 9.5737 9.49795 9.49404 9.44491 9.41019 9.20764 11.7287 9.1782
threshold=12.199999898672106 0 5.5000000000000009 4.5000000000000009 10.150000095367433 4.2500000000000009 19.500000000000004 70.042500000000018 122.49900000000001 30.401000000000003 374.50000000000006 45.748500000000007 75.473500000000016 15.500000000000002 74.715000000000018 35.846000000000011 12.031000000000001 12.199125 29.381500000000003 38.749000000000002 27.737000000000005 1.0000000180025095e-35 4.5000000000000009 17.499999761581424 34.022500000000008 79.812500000000014 5.5000000000000009 50.964000000000006 1 6.9500000476837167 6.4500000476837167 15.500000000000002 15.550000190734865 1.5000000000000002 -0.35095833333333343 2.5000000000000004 46.237000000000002 10.082500000000001 103.47300000000003 17.099999427795414 5.5000000000000009 15.500000000000002 2.5000000000000004 31.428000000000001 21.500000000000004 69.287500000000009 14.750000119209291 2 12.031000000000001 1.0000000180025095e-35 65.06310000000002 17.750000000000004 1.5000000000000002 22.750000000000004 43.958500000000008 5.8500001430511483 49.17891666666668 21.139375000000005 78.670000000000002 81.77500000000002 11.633333563804628 28.167500000000004
decision_type=2 1 2 2 2 2 2 2 2 2 2 2 2 2 2 2 2 2 2 2 2 2 2 2 2 2 2 2 1 2 2 2 2 2 2 2 2 2 2 2 2 2 2 2 2 2 2 1 2 2 2 2 2 2 2 2 2 2 2 2 2 2
left_child=2 9 14 4 5 6 7 27 20 10 11 21 34 -5 15 -1 17 18 -15 32 -9 -2 23 37 30 36 38 28 -4 40 39 42 44 41 35 -7 -24 -13 46 -17 -11 -14 -22 59 45 -6 -3 48 -36 -49 51 52 -51 -21 -41 -8 -42 -39 -10 60 -44 -47
right_child=1 26 3 13 19 12 55 8 58 29 -12 22 33 16 -16 24 -18 -19 -20 53 31 -23 25 -25 -26 -27 -28 -29 -30 -31 -32 -33 -34 -35 47 -37 -38 57 -40 54 56 -43 43 -45 -46 61 -48 49 -50 50 -52 -53 -54 -55 -56 -57 -58 -59 -60 -61 -62 -63
leaf_value=-0.45537179559210395 0.83009882739390761 -0.50451249536182063 2.4717930089087297 -0.43228972500956114 0.16837191132791851 0.013869920876500075 -0.24338175155967434 -0.2446023584390396 1.9056978264757178 -0.62657070736440412 -0.35465216182037163 2.1363308584875269 0.68010027267124051 1.2633953850268975 -0.68527013082520516 0.4411426883300486 -0.16952293826653886 1.2803354270419345 0.077735947284272744 -0.33257673728887094 1.447049283702925 0.015715783298706754 1.363356900912265 0.62958814706503752 -0.14159856155336001 1.7033921026141756 -0.34488777255669717 -0.14148794569591097 0.76826572741542343 -0.54210317173863343 0.050177501287778627 3.1830579658156033 -0.18576500725789008 0.68226026607628398 0.80953153733363914 2.8314204884685994 -0.17573138624730725 2.1794608653615799 1.3334593250757685 0.37785618581990943 0.13081042624816988 4.0361598487912245 0.82885445602033281 1.1245186983199162 -0.48634840712252086 -0.21313649474657412 -0.86283704443947506 -0.99869896705984085 0.14194049105055662 -0.54848348166398642 -1.2075890901633013 -0.6495608867084155 0.65114735920069222 0.3792315439066265 1.3460392996651678 1.1855282232391484 1.166814108402193 0.89633146339014336 -0.94628800693759063 1.7364546656142155 2.3514826081442055 0.78298445498954417
leaf_weight=17722.396409749985 612.12327982485294 13697.57594768703 338.18389569222927 15877.937503129244 4537.0729969292879 113.88241851329803 2894.463548257947 254.09504359960556 737.90668025612831 2685.7561709880829 4956.3468269109726 572.24425852298737 320.32116812467575 85.466385081410408 7590.5473274588585 2567.7656639367342 9053.0636235326529 672.84738691151142 3425.0856287628412 17936.203964143991 1488.0106658488512 7220.5073964446783 58.348199337720871 697.0520267188549 5773.7881899476051 279.60966837406158 13322.764009311795 1881.1531025469303 1675.0265673547983 22692.154168337584 3944.9840074032545 961.59489497542381 5809.5469508469105 815.73606765270233 1783.8245208114386 109.72695004940033 1345.1698457300663 210.02816012501717 71.747067928314209 216.9992615878582 5173.5061372667551 283.08703362941742 135.14126199483871 549.49895158410072 1206.1119848489761 501.20273423194885 21074.765552073717 1269.1130069196224 12138.0190628618 1832.3444108217955 1541.4683912694454 1528.9554240107536 4832.7609789520502 1747.5409877151251 276.00788223743439 457.24382871389389 959.22205805778503 608.16320288181305 607.09274846315384 57.679240822792053 216.70953559875488 4394.1080468893051
leaf_count=43760 1326 30744 1210 35254 13870 173 7133 443 1416 5281 10973 881 331 203 12168 5231 18758 1362 8728 36080 2948 21838 82 1607 12673 292 28828 5348 4988 47419 8442 2008 14097 837 4831 156 2329 314 96 584 10783 292 245 1283 2851 858 46742 5333 25037 3281 2067 2836 9006 3238 377 1214 2127 1131 995 96 395 8363
internal_value=-0.000737253 -0.00165067 -0.000118906 0.000391246 0.00100749 0.00209174 0.00435843 0.00603022 0.00874318 -0.000589721 0.00115526 0.00246184 0.00104621 -0.00119525 -0.00151262 -0.000909623 0.000415741 0.00309881 0.00126246 -0.000157544 0.0114388 0.000773687 0.00596749 0.00897799 0.000716901 0.00223062 -0.00270876 0.0025403 0.00551088 -0.00150694 0.00235737 0.0123731 0.00104194 0.00758688 0.000676857 0.0126116 8.13671e-05 0.012309 -0.00326507 0.00493924 0.000223754 0.0133319 0.0103315 0.0145236 0.00212046 0.00269405 -0.00330818 0.000569292 0.00144903 -0.000544512 4.49405e-06 0.000731291 0.0016192 -0.00115985 0.0120748 -8.22764e-05 0.00141454 0.00829127 0.00139939 0.0239046 0.0269339 0.0043434
internal_weight=238399 96237.1 142162 104069 74954.8 38823 12253.8 8902.09 5007.73 48070.2 16559.6 11603.2 26569.2 29114.4 38092.5 30501.9 13236.5 4183.4 3510.55 36131.8 3662.73 7832.63 3770.62 2087.49 12779.5 1683.13 48166.9 3894.36 2013.21 31510.6 7005.76 3408.63 16448 1419.14 25150.1 223.609 1403.52 1390.44 34844.1 3060.77 8818.48 603.408 2447.04 959.029 10638.5 9432.38 34772.3 24926.5 13921.8 11004.6 9735.53 8194.06 6665.11 19683.7 493.007 3351.71 6132.73 818.191 1345 409.53 351.851 4895.31
internal_count=523592 212793 310799 227564 163259 83902 29722 21375 9829 106383 40773 29800 54180 64305 83235 71067 29051 10293 8931 79357 7418 23164 6636 3933 27307 2703 106410 11546 6198 65610 14634 6975 40039 1460 52720 329 2411 2326 77582 6192 18191 623 4967 2019 25942 23091 77486 52391 29868 22523 17190 15123 12287 39318 961 8347 12910 1445 2411 736 640 9221
cat_boundaries=0 1 2 3
cat_threshold=12 12 12
is_linear=0
shrinkage=0.05


Tree=33
num_leaves=63
num_cat=0
split_feature=22 9 8 7 31 31 3 3 3 32 4 8 3 9 4 16 26 8 11 3 14 31 14 31 27 32 3 23 4 7 6 32 12 1 3 31 31 4 3 16 31 32 6 32 26 6 9 7 10 3 14 14 1 13 15 23 32 10 1 12 14 26
split_gain=53.6073 50.6652 48.1529 77.0611 38.6579 39.5077 60.8425 62.0001 43.9236 39.3349 31.9681 30.1801 27.6796 27.3074 27.055 23.8431 23.3815 22.9919 40.2422 19.9371 19.6707 25.7425 22.6993 18.8387 18.8074 18.2633 17.3974 17.0919 16.9037 15.7032 15.3012 15.0561 14.762 14.3225 13.5547 13.3996 25.0053 16.2761 15.8017 14.2291 18.9811 16.1505 14.265 14.0693 13.4726 12.8184 12.5963 12.5652 12.2466 12.0902 15.0793 12.0786 12.0408 12.2589 12.0109 12.534 11.9328 12.432 14.0083 11.793 11.4555 11.2205
threshold=18.09999982515971 117.52100000000002 74.715000000000018 88.423500000000018 43.216500000000003 48.955500000000008 6.5000000000000009 4.5000000000000009 7.5000000000000009 70.167500000000018 1.0000000180025095e-35 94.848500000000016 1.5000000000000002 17.076000000000004 1.0000000180025095e-35 17.120270833333336 13.050000190734865 10.082500000000001 6.085416666666668 7.5000000000000009 17.036696428571435 61.590500000000006 44.872901785714291 44.408000000000008 11.34999990463257 75.887500000000017 1.5000000000000002 7.3500001430511483 1.0000000180025095e-35 146.90250000000003 4.5000000000000009 77.015000000000015 21.934000000000001 14.500000000000002 9.5000000000000018 33.785500000000006 28.907500000000002 1.0000000180025095e-35 10.500000000000002 19.27364583333334 33.528500000000008 76.640000000000015 3.5000000000000004 71.537500000000009 8.3499999046325701 5.5000000000000009 159.57500000000002 110.04250000000002 13.746 4.5000000000000009 40.812985119047632 26.728181547619055 16.500000000000004 164.25000000000003 15.505625000000004 6.0499999523162851 76.045000000000002 14.606375000000002 15.500000000000002 -0.12649999999999997 10.020059523809527 19.349999427795414
decision_type=2 2 2 2 2 2 2 2 2 2 2 2 2 2 2 2 2 2 2 2 2 2 2 2 2 2 2 2 2 2 2 2 2 2 2 2 2 2 2 2 2 2 2 2 2 2 2 2 2 2 2 2 2 2 2 2 2 2 2 2 2 2
left_child=1 2 3 4 12 6 7 -6 49 10 13 25 32 27 16 -11 -10 18 -17 -4 60 22 31 -19 -14 59 -2 -9 29 -5 -28 -22 -1 -29 46 36 -26 39 56 -38 41 43 -43 -41 -40 -42 -13 -21 -20 50 -7 -16 53 61 -30 -56 -37 58 -58 -3 -18 -33
right_child=26 11 19 28 5 8 -8 9 14 15 -12 34 24 -15 51 17 20 23 48 47 21 -23 -24 -25 35 -27 30 33 54 -31 -32 52 -34 -35 -36 38 37 -39 44 40 45 42 -44 -45 -46 -47 -48 -49 -50 -51 -52 -53 -54 -55 55 -57 57 -59 -60 -61 -62 -63
leaf_value=0.72570716013520675 0.035630086668827943 1.482068914738655 -0.70054469105152395 0.70908134007586343 0.15250719154077075 -0.69017247344618837 -0.51264169613616239 2.8710171541099574 -0.17220897417840675 -0.1762956543364286 0.69240532594882043 -0.38500843921827443 -0.47231525482736797 0.60120432488626108 -0.66989501093665427 1.6558072403101756 1.5483174550238368 1.1391889680244831 0.32196039875944715 -0.40475957215155756 -0.56051994401553107 0.46692902272418668 2.0111781021888979 0.33219807482396857 -0.44027292107482058 1.1217446149852468 -0.7189527646589613 1.1400982557061283 -0.021675467931009253 1.9844078843481172 -0.32119025968332182 1.1145384035469861 -0.045520987061460974 2.3128681849684809 2.9279898862093909 -0.59585699452831276 0.065145142439523698 -0.22722486509028636 0.17530729581901136 0.79952687386514265 1.6384765084352979 -0.17758162806289449 1.4262907926789774 -0.23530552515074099 2.4133665336813288 -0.9388437055311063 1.0935428088308849 0.49454919057702967 1.0413411326067086 -1.0240492878789851 0.50526093612017398 0.021594340748361775 2.1558459034629855 1.6543223162415808 0.8500313364780312 0.26287307166153301 0.33745633602790837 -0.10525944366984277 1.4119209620403774 0.31118015746641919 -0.56717931102235331 -0.36375543090454027
leaf_weight=1019.6938742101192 7088.1311431974173 543.97112216055393 21229.23626793921 4578.2909040302038 6601.364833086729 6994.6769427359104 5354.124105244875 195.95151436328888 2882.1487742066383 1166.454444527626 516.97721004486084 5303.7337318658829 31951.28336289525 349.35302895307541 1653.014731824398 409.64817935228348 179.75334137678146 389.90064340829849 1022.3345049619675 8034.2216282039881 361.67369800806046 2342.9832475781441 289.73509436845779 2076.2590199708939 4492.327973023057 2966.4127767384052 30289.859606355429 305.45157659053802 2828.471817240119 564.95986315608025 22274.306451141834 1003.7390453219414 725.04843267798424 204.02118021249771 561.55605378746986 15760.815608471632 5559.072120949626 4989.7711616903543 874.65690824389458 2418.5663584023714 286.95150348544121 215.57395148277283 516.18708992004395 1904.6859375536442 256.22415661811829 71.232653647661209 2256.4690558314323 2830.070718690753 579.52764528989792 5172.9451661705971 2908.4696847498417 3507.6995833516121 434.56285852193832 143.46403408050537 899.51479774713516 1608.3417672067881 285.02589273452759 730.19512993097305 89.285003066062927 3903.6901856958866 1085.1104422211647 394.91337889432907
leaf_count=1824 15442 1353 40005 8727 15057 13157 12297 261 3030 1483 689 7878 94209 467 1838 521 198 516 1329 14294 405 2460 318 2643 16079 4310 68286 407 5318 1034 49525 1107 1289 272 1334 48308 17289 12998 3181 5972 630 401 952 3783 955 160 3348 4503 739 6100 5594 3713 480 158 1429 2631 345 902 108 7809 1213 440
internal_value=-0.000721019 -0.000287952 -0.00054762 -0.000122817 -0.000479992 0.000611199 0.00237651 0.00412982 -0.000541748 0.00733301 0.0143269 0.00244041 -0.00121393 0.0193156 0.00144557 0.0053832 0.00308283 0.00704156 0.0110078 -0.00228355 0.00480392 0.0062202 0.00961668 0.00380336 -0.00136813 0.00474672 -0.00201892 0.0249731 0.00398972 0.00603498 -0.00233247 0.00797415 0.00500544 0.0200753 0.000334739 -0.000623144 0.00025237 0.00117982 -0.00161821 0.00225646 0.00408089 0.00329099 0.0101555 0.00212702 0.00410103 0.0151884 -0.000222392 -0.000541435 0.00742233 -0.00242393 -0.00140034 -0.00144723 0.00968957 0.00760922 0.0020177 0.00453615 -0.00200192 0.00302011 0.010416 0.00271908 -0.000762757 0.00617166
internal_weight=238434 178782 163246 131152 120673 48526.3 19171.4 13817.2 29354.9 7215.88 1571.75 15535.8 72146.6 1054.78 14278.8 5644.12 9118.08 4477.67 2011.51 32093.5 6235.94 4971.07 2628.09 2466.16 70401.9 7414.07 59652.3 705.424 10479.6 5143.25 52564.2 2338.35 1744.74 509.473 8121.76 38450.6 20454.4 15962 17996.2 10972.3 5413.2 5055.01 731.761 4323.25 1130.88 358.184 7560.2 10864.3 1601.86 15076.1 9903.15 5160.71 1976.68 1542.12 5336.33 2507.86 16865.3 1104.51 374.311 4447.66 1264.86 1398.65
internal_count=523503 390250 364218 305416 286277 76892 36681 24384 40211 9327 2096 26032 209385 1407 15360 7231 9809 5748 2589 58802 6779 5368 2908 3159 206272 13472 133253 940 19139 9761 117811 2590 3113 679 12560 112063 58264 42185 53799 29187 11898 11108 1353 9755 4136 790 11226 18797 2068 24851 18751 5551 2185 1705 9378 4060 49663 1355 453 9162 1411 1547
is_linear=0
shrinkage=0.05


Tree=34
num_leaves=63
num_cat=2
split_feature=22 0 31 8 1 19 1 2 24 1 24 8 3 2 31 32 32 26 2 2 31 22 24 9 10 3 9 32 23 1 1 3 6 19 8 31 20 31 31 31 8 31 12 23 31 3 8 3 15 9 2 2 2 2 0 10 32 8 31 2 32 10
split_gain=50.6709 58.6151 62.6743 56.0483 42.4488 41.4211 38.2716 41.3719 31.2704 27.3145 35.6414 26.9209 35.9985 26.3282 22.0735 29.0762 34.6332 22.0313 21.8048 21.2067 19.7078 19.5804 19.3207 14.9825 13.9019 13.7879 22.342 18.6925 16.5948 13.6456 15.1873 13.4664 13.1765 12.7799 12.7692 25.3921 15.3348 12.4632 26.6973 17.3225 22.2661 11.9559 11.8676 11.6628 11.6103 11.5181 15.3881 22.7166 20.0417 12.9516 13.735 11.3589 12.3392 11.2193 11.0678 10.8351 12.08 10.708 13.749 10.4764 10.3205 10.0793
threshold=19.700000206629436 0 69.062500000000014 44.345000000000006 16.500000000000004 14.949999809265138 6.5000000000000009 3.5000000000000004 249.50000000000003 21.500000000000004 282.50000000000006 114.12600000000002 1.5000000000000002 1.0000000180025095e-35 28.167500000000004 77.637500000000017 77.985000000000014 16.550000190734867 1.0000000180025095e-35 3.5000000000000004 38.177000000000007 8.1999999880790728 1.0000000180025095e-35 3.1110000000000002 136.91460000000004 10.500000000000002 134.67250000000004 63.960000000000001 6.4500000476837167 15.500000000000002 21.500000000000004 1.5000000000000002 4.5000000000000009 17.44999980926514 92.566000000000017 43.958500000000008 304.50000000000006 43.532500000000006 48.699500000000008 48.669000000000004 10.082500000000001 60.909500000000008 72.326000000000008 11.34999990463257 38.177000000000007 3.5000000000000004 75.766000000000005 6.5000000000000009 10.489375000000001 25.679000000000006 5.5000000000000009 2.5000000000000004 1.0000000180025095e-35 4.5000000000000009 1 56.526550000000007 68.540000000000006 -6.4449999999999994 46.237000000000002 2.5000000000000004 69.822500000000005 3.2985000000000002
decision_type=2 1 2 2 2 2 2 2 2 2 2 2 2 2 2 2 2 2 2 2 2 2 2 2 2 2 2 2 2 2 2 2 2 2 2 2 10 2 2 2 2 2 2 2 2 2 2 2 2 2 2 2 2 2 1 2 2 2 2 2 2 2
left_child=1 2 3 4 8 6 37 9 20 10 11 12 61 33 -14 17 18 54 -17 -15 -1 -22 44 -21 43 57 27 28 -27 -5 34 -2 -33 -4 35 -31 -37 -3 39 45 -41 -20 -29 -25 -6 -39 47 48 -47 50 -50 52 -51 -10 -16 56 -12 58 -9 -34 -58 -8
right_child=31 5 13 29 22 -7 7 25 53 -11 55 -13 14 19 15 16 -18 -19 41 23 21 -23 -24 24 -26 26 -28 42 -30 30 -32 32 59 -35 -36 36 -38 38 -40 40 -42 -43 -44 -45 -46 46 -48 -49 49 51 -52 -53 -54 -55 -56 -57 60 -59 -60 -61 -62 -63
leaf_value=0.15989385984125556 0.0032039031577731692 -0.42811807916422356 4.5968797641118657 -0.2951500849928696 0.046225780744811831 -0.60084593065319325 4.2238252134444663 0.2251931766722832 0.065864702589406229 -0.4548204831111356 -0.32910547710701155 -0.25874418559816803 -0.46868104213604272 0.1898608162190982 1.0507898628534549 0.0037591288879134767 0.85406416683934694 -0.23681016148531528 1.4038006409655104 -0.23035247085628685 1.2990952895746817 0.93547749842683459 1.8304789930109964 1.9244128581677622 -0.51272293592390172 1.7274012227317799 1.7001710189193817 -0.16312715395382471 0.35311574407814528 0.24456588240935453 -0.43839548106388548 -0.7562744873935775 -0.033432993462109199 1.9670511488026599 0.055332787146747719 1.6851014019778496 0.12445542152643796 -1.1561636896529255 -0.48103127899833337 1.8193997707558056 0.56813784150921554 1.8441476739995779 1.870548181736841 1.3253055251674988 1.4526991674145564 0.27564901016027293 -0.67102098418260248 -0.41177006640393865 1.2105576348944951 -0.057363538064402066 0.10442146177032684 0.066234076437322292 1.0628306647872046 -0.84565670197058296 0.54291830021252563 -0.67611756420709668 0.76032125790819594 -0.30713244541342244 0.46095738338427811 -0.56902459085093537 0.18029401279108725 1.9121047655541332
leaf_weight=4606.8957062065601 5466.9677421599627 20406.358180388808 208.02025002241135 16993.107721611857 905.66908358037472 31912.217792987823 71.459448099136353 197.090880215168 3277.2030077576637 5880.1265085637569 3990.3948931097984 4304.889780625701 1802.0425826013088 1383.7939987182617 3463.8765454739332 143.5984006524086 3100.4033221006393 3414.1838960796595 332.60475528240204 231.79969871044159 689.50734838843346 3640.2987459152937 1483.1598919332027 791.34334474802017 141.78277534246445 107.27059334516525 149.95086920261383 2670.6164825856686 159.55021923780441 2239.7043803185225 2807.152007907629 21702.206427752972 7149.1172947585583 197.86375916004181 5245.3782746195793 591.07474890351295 283.5531157553196 824.29904127120972 10140.009887248278 90.330048143863678 161.87704867124557 186.40942358970642 143.52170884609222 185.05574780702591 930.46540619432926 1340.4567673802376 805.97453877329826 1088.5671587884426 344.12974613904953 88.134384870529175 98.652921378612518 347.30660772323608 168.78179788589478 2195.1097357720137 8376.972347125411 3043.4155437201262 850.13921754062176 30078.429490208626 43.174232959747314 8837.3569411635399 4718.8102539330721 1367.2287572920322
leaf_count=13380 12003 55572 215 35656 2475 69800 233 743 7513 12952 12437 7362 6415 1426 8404 201 4526 8476 513 237 1566 8322 3802 812 144 401 306 5999 580 6070 5762 49124 15436 203 10419 1191 356 2444 13531 115 207 204 268 192 2581 1793 1114 2448 453 113 129 445 217 4748 20090 4940 2188 64133 55 20037 7007 3041
internal_value=-0.000743136 -0.000400735 0.00109549 0.000628016 0.00283027 -0.000901777 -0.000457848 0.000160001 0.0016557 0.00114999 0.00162705 0.00266594 0.00336592 0.00792899 0.00283701 0.00333816 0.00727404 0.00236687 0.0176423 0.0061601 0.00347826 0.00589987 0.00792699 0.0106164 0.0130127 -0.00116924 0.00193538 0.00101486 0.0136372 -0.000758478 0.000599243 -0.00229374 -0.00263012 0.0197987 0.00166774 0.00420326 0.0114228 -0.00181029 -0.000741302 0.00211311 0.0148787 0.0224051 -0.000186343 0.0151352 0.00449472 0.00147982 0.00252177 0.00396496 0.00669344 0.0118737 0.0183646 0.00709466 0.0150436 -0.00132077 0.00338712 -0.000562707 0.000264587 -0.00150013 0.00899195 -0.00154069 0.00176902 0.0110127
internal_weight=238597 195441 49027.9 45888.3 17728.3 146413 114501 78596.2 14409 45046.6 39166.4 26563.7 22258.8 3139.66 20820.1 19018 3763.02 15255 662.613 2733.78 8936.7 4329.81 3319.29 1349.98 1118.18 33549.6 3230.91 3080.96 266.821 28160 11166.9 43155.6 37688.7 405.884 8359.71 3114.33 874.628 35904.9 15498.5 5358.51 252.207 519.014 2814.14 976.399 1836.13 5106.3 4282 3476.03 2387.46 1047.01 442.783 604.223 256.916 5472.31 11840.8 12602.8 9559.34 30318.7 240.265 15986.5 5568.95 1438.69
internal_count=523525 426925 107070 103841 44387 319855 250055 171474 35529 98989 86037 59465 52103 3229 48829 42414 5444 36970 918 2811 23268 9888 8858 1385 1148 72485 7554 7248 981 59454 23798 96600 84597 418 18036 7617 1547 78581 23009 9478 322 717 6267 1004 5056 9156 6712 5598 3150 1357 582 775 330 12261 28494 26572 21632 64931 798 35473 9195 3274
cat_boundaries=0 1 2
cat_threshold=8 4
is_linear=0
shrinkage=0.05


Tree=35
num_leaves=63
num_cat=4
split_feature=21 8 7 27 7 2 0 7 32 8 13 10 32 14 17 12 32 17 28 24 0 3 23 2 2 2 14 22 16 0 8 17 32 3 14 16 2 8 24 13 12 2 15 14 12 23 27 0 22 12 12 24 8 7 2 8 8 24 17 21 2 17
split_gain=53.6 50.6679 84.7957 42.1771 26.3254 24.5746 23.2657 21.6956 21.1595 20.2818 21.966 19.6008 18.3875 15.6835 14.5424 13.9886 13.7793 13.5251 12.5732 11.9736 11.8781 13.5217 11.8523 11.8445 11.4699 15.3584 12.0479 11.1819 11.1341 11.1094 14.3724 17.2068 11.055 10.4221 10.6086 10.4202 10.1028 12.2371 9.81307 9.80467 10.231 9.75393 14.7296 9.68298 12.9629 9.33694 9.21601 9.0221 8.38731 8.29004 11.2823 8.21761 11.2435 10.9445 8.91472 8.19842 8.17261 8.03702 7.8257 7.61164 9.69797 10.626
threshold=16.399999737739567 76.711500000000015 57.982500000000009 16.400000572204593 123.59950000000002 3.5000000000000004 0 106.91750000000002 69.287500000000009 14.478500000000002 35.795000000000009 31.191225000000003 69.397500000000022 12.278065476190477 -6.8500001430511466 2.5445000000000007 63.39500000000001 3.8500000238418584 11.766666809717817 570.50000000000011 1 6.5000000000000009 11.150000095367433 4.5000000000000009 3.5000000000000004 1.0000000180025095e-35 40.248208333333345 19.083333333333339 3.7354583333333324 2 12.401000000000002 3.4500000476837163 67.652500000000018 9.5000000000000018 30.785419642857146 0.55608333333333626 3.5000000000000004 105.93500000000002 301.50000000000006 94.021500000000017 24.112500000000001 1.0000000180025095e-35 -0.030729166666666027 18.687726190476194 1.9035000000000002 9.5500001907348651 12.400000095367433 3 9.6000001033147182 1.7600000000000002 2.3635000000000006 414.50000000000006 27.083500000000004 142.72750000000005 4.5000000000000009 0.041500000000000002 19.511000000000006 1.5000000000000002 9.8499999046325701 6.7999999821186075 1.5000000000000002 4.5499999523162851
decision_type=2 2 2 2 2 2 1 2 2 2 2 2 2 2 2 2 2 2 2 2 1 2 2 2 2 2 2 2 2 1 2 2 2 2 2 2 2 2 2 2 2 2 2 2 2 2 2 1 2 2 2 2 2 2 2 2 2 2 2 2 2 2
left_child=1 2 3 5 11 9 27 -3 29 10 13 17 -10 58 55 32 -13 39 -18 20 21 49 28 35 25 -19 46 51 33 30 31 -5 -15 34 -22 -6 37 -9 -36 40 -4 -34 -43 -44 -45 -37 -27 -41 -16 -14 -51 52 53 54 -2 -7 -42 59 -1 60 -12 -62
right_child=6 7 4 8 23 14 -8 36 12 -11 57 16 19 15 48 -17 18 24 -20 -21 22 -23 -24 -25 -26 26 -28 -29 -30 -31 -32 -33 41 -35 38 45 -38 -39 -40 47 56 42 43 44 -46 -47 -48 -49 -50 50 -52 -53 -54 -55 -56 -57 -58 -59 -60 -61 61 -63
leaf_value=-0.052129113054066423 1.1276788279410421 -0.58224170131001185 0.64539652266234604 1.1937722901931938 2.9417912906658219 0.81977927040430565 -0.76632335587712852 0.56079626160030005 1.2196601264834683 -0.34020249306860678 0.16290872599750444 -0.71629097062908453 -0.06542984454011265 -0.21940262510568012 -0.22840752559260161 -0.20494950083796601 -0.074247494923301002 -0.13633531804987628 0.30336290738431448 -0.37224389073674885 0.6987782837352996 -0.23359823114170269 0.13263092365835583 0.42353774499554292 0.13603495828622486 1.0601231226448229 0.48202449436329292 -0.74346867578996623 0.48831039078961069 -0.39909433785655646 -0.18684193653460995 0.33286850769956833 -0.14494973390255944 -0.28848939378468191 1.7745433514175717 1.7724457472657535 -0.41158161111851221 -0.076624789758556855 0.42617960034590258 1.0677282465252647 1.652296750198331 3.7851983711797033 0.37437212854381557 1.2577978758558346 2.4343545565883176 0.5877407785855312 2.0295160805254682 0.17058870642046531 -0.53331578563072424 1.3363707411485475 0.5274890639417279 -0.72094356511774116 -0.188882068067527 1.9074964530997165 -0.11986839650965281 0.28826422061164542 0.36265298558461156 0.63136259245604587 -0.67328733531741991 0.0044178158630060697 0.9906261726398029 0.22801359687608633
leaf_weight=3880.8094739615917 1581.018208771944 31844.800582408905 377.46628111600876 480.32018427550793 145.48587840795517 43.762885376811028 20209.31903372705 2059.2220962941647 471.38202413916588 23250.089635238051 641.52116371691227 1802.8046374619007 849.51817524433136 743.2077824473381 9055.0005574971437 2588.9264110177755 6330.3435961008072 717.30320882797241 7845.7811868935823 2121.5155513137579 535.59522607922554 4339.330947637558 4426.6131903976202 2508.4290144592524 4646.826510950923 594.01586340367794 787.73398464918137 7028.9144225865602 6065.7174522727728 7851.3186424076557 5214.0083150714636 2981.3422048538923 375.66244578361511 243.58582836389542 506.85437981784344 1283.3528534621 6004.9096592962742 9465.1742449104786 141.74573020637035 766.79475705325603 263.14754831790924 59.061627477407455 746.11925660073757 532.91222204267979 122.9257749915123 1135.8477204740047 208.80729420483112 1266.1536227911711 26343.497054740787 258.61707136034966 1107.679057136178 2421.5111059099436 7777.9718910604715 79.473907545208931 1209.3132548630238 1067.7284734845161 96.054232195019722 3309.3910979479551 4240.9302525520325 2974.7803762555122 270.17050218582153 318.43781132996082
leaf_count=10593 3907 58019 804 1637 335 166 43958 3475 918 57360 1304 9621 1944 2582 21178 5595 11351 1214 14365 3099 945 6624 7812 4197 8296 1170 1619 15729 10632 24627 17234 9762 727 449 744 2196 9490 15190 194 2076 838 135 1640 994 180 2055 445 2885 63459 359 2145 4836 16362 153 2831 3242 275 7461 11911 7102 648 735
internal_value=-0.000735693 -0.000397839 6.2328e-05 -0.000546553 0.00239995 -0.00119185 -0.00239786 -0.0017859 0.000836298 -0.000396871 0.000737224 0.00175015 0.00188687 -0.000484415 -0.00215109 0.00166842 0.000672936 0.00351997 0.0011966 0.00166309 0.00207161 0.000358722 0.00301063 0.00569124 0.00234264 0.00522312 0.00796084 -0.00119112 0.00422482 -0.000502976 0.000730258 0.00322825 0.00427337 0.00819646 0.0101325 0.00808029 -0.000373191 0.000493285 0.0144298 0.00647441 0.0114144 0.00635446 0.00820098 0.00715638 0.0115845 0.00729238 0.0122682 0.0046796 -0.00232794 0.00353627 0.0059464 -0.000326745 0.000271234 0.00294551 0.0024203 0.0034782 0.017446 0.00289771 -0.00185455 0.0014465 0.0047529 0.00938187
internal_weight=238618 198311 148936 118160 30776.3 80564.9 40307.5 49374.1 37595.1 44054.9 20804.9 25703.2 21068.2 13290.6 36510 5168.82 15978.9 9724.3 14176.1 20596.8 18475.3 6555.15 11920.1 5073.12 6954.69 2307.86 1590.56 20098.2 7493.5 16527 8675.67 3461.66 2579.89 1427.78 1184.2 2564.69 17529.3 11524.4 648.6 2769.62 736.668 1836.68 1461.02 1401.96 655.838 2419.2 802.823 2032.95 35398.5 2215.81 1366.3 13069.3 10647.8 2869.81 2790.33 1111.49 359.202 7514.3 8121.74 4204.91 1230.13 588.608
internal_count=523829 436053 349879 286137 63742 197012 87776 86174 89125 108967 51607 54959 35865 34357 88045 11853 35337 19622 25716 34947 31848 11072 20776 8783 12744 4448 3234 43818 12964 53260 28633 11399 6258 2332 1883 4586 28155 18665 938 6878 1917 3676 2949 2814 1174 4251 1615 4961 84637 4448 2504 28089 23253 6891 6738 3408 1113 17250 22504 9789 2687 1383
cat_boundaries=0 1 2 3 4
cat_threshold=12 1 12 12
is_linear=0
shrinkage=0.05


Tree=36
num_leaves=63
num_cat=3
split_feature=21 1 1 0 17 8 8 3 0 2 31 2 0 31 23 23 6 3 9 17 31 8 20 3 3 31 31 8 15 1 22 20 23 8 2 12 31 8 9 20 2 8 20 31 31 2 31 17 17 1 2 24 8 8 23 3 9 9 31 3 17 8
split_gain=47.6593 41.5445 67.8339 36.0344 31.582 30.8111 28.9161 43.6561 25.0459 26.4674 23.7086 23.5611 20.952 26.8017 20.3781 20.1225 18.1088 18.0351 24.1899 17.6152 17.4365 18.9398 17.2818 17.2419 17.5476 18.0949 29.7003 31.862 26.7097 18.6506 16.8148 16.4136 15.2631 14.8002 15.0453 13.2385 20.9522 13.0171 15.5612 12.8335 12.8096 14.2079 12.6021 20.3328 21.5214 17.1561 34.5813 12.9464 12.5347 12.3269 15.9734 18.0078 20.9146 12.0949 11.9651 13.5551 14.8606 11.8484 11.6933 11.5293 21.1241 15.5797
threshold=13.449999928474428 15.500000000000002 20.500000000000004 0 3.7500000000000004 19.511000000000006 78.903500000000022 1.5000000000000002 1 4.5000000000000009 30.113500000000005 1.0000000180025095e-35 2 38.177000000000007 7.6499998569488534 11.150000095367433 5.5000000000000009 4.5000000000000009 83.875000000000014 17.550000190734867 46.237000000000002 94.848500000000016 -1.0000000180025095e-35 7.5000000000000009 6.5000000000000009 43.532500000000006 48.699500000000008 85.378500000000017 10.489375000000001 9.5000000000000018 14.366666714350385 301.50000000000006 10.84999990463257 36.308500000000009 2.5000000000000004 24.112500000000001 31.214000000000002 92.566000000000017 144.52650000000003 1.0000000180025095e-35 1.5000000000000002 -3.2384999999999997 47.500000000000007 43.216500000000003 48.699500000000008 2.5000000000000004 59.163000000000004 -4.9500000476837149 0.35000000894069677 5.5000000000000009 4.5000000000000009 107.50000000000001 154.23000000000005 42.527500000000011 7.8500001430511483 7.5000000000000009 105.56100000000002 28.653500000000005 75.473500000000016 4.5000000000000009 11.550000190734865 12.031000000000001
decision_type=2 2 2 1 2 2 2 2 1 2 2 2 1 2 2 2 2 2 2 2 2 2 10 2 2 2 2 2 2 2 2 10 2 2 2 2 2 2 2 8 2 2 10 2 2 2 2 2 2 2 2 2 2 2 2 2 2 2 2 2 2 2
left_child=1 4 6 14 5 8 7 -3 39 11 -7 -10 13 -9 20 48 -5 49 53 42 -2 31 -11 24 25 -6 27 28 -27 33 58 -22 -20 34 -30 -13 -37 38 -4 -1 -31 -42 47 -44 59 46 -46 -14 -15 -12 51 52 -51 -19 55 -8 -57 -48 -25 -45 -61 -62
right_child=3 2 37 16 23 10 54 12 9 22 17 35 19 15 -16 -17 -18 18 32 -21 21 -23 -24 30 -26 26 -28 -29 29 40 -32 -33 -34 -35 -36 36 -38 -39 -40 -41 41 -43 43 44 45 -47 57 -49 -50 50 -52 -53 -54 -55 -56 56 -58 -59 -60 60 61 -63
leaf_value=0.61281440213743188 0.1120191904535659 2.5243225484247489 -0.17693086614019793 -0.64935471971125747 -0.4802910429367675 -0.65072335305871398 0.031504258115445792 0.360787240383241 -0.34721732003185013 0.62972916875533225 -0.23144114620731956 0.73329928112432796 1.1539827685473634 3.4769420381654892 -0.23062910008316495 0.57771543966322125 -0.23968264426730601 0.7307003362374811 6.068331809184671 -0.35507589329382105 1.7829739896741146 0.017532099520548884 -0.5170671423205685 -0.00067454797676802514 -0.66371137132641378 -0.029829297200677729 -0.77710256033998137 -0.57330120073171542 1.5733905312626355 0.60987773845676652 -0.39951085827967497 -0.20737265980238107 0.81597094794721103 0.31695173363813611 0.68792567914399783 0.028078056859079582 1.5825179841628909 -0.80453960105666056 1.560661568454679 1.328681137385926 0.32578667373723252 -0.26408560640408751 0.2878977802807054 0.53737912920169073 -0.005852393930464217 -0.031758573617258534 1.3030786164205219 -0.10987043988705203 1.5659645584638406 0.72751031839432878 -0.37829628686991301 -0.40798735244661377 -1.3739405813099586 -0.19171175097798035 -0.18782804843247478 0.63797649596008954 4.7238847043754992 3.2911630814925434 0.63175335499524765 2.1453986642038338 1.6507024620227211 0.011258161602756901
leaf_weight=1202.833894059062 4024.8315966278315 990.66204307973385 16927.984813168645 41328.055229857564 14453.857053086162 5422.4314513653517 1686.6210686713457 4217.2849771231413 1390.9857685267925 56.574931263923645 5273.9543249756098 4793.4223682880402 786.21986953914165 94.065302729606628 12765.778683364391 1790.456501558423 15714.398814663291 1071.6536278873682 212.26627193391323 2576.5754236131907 1083.7433222234249 853.95619121193886 3011.2369842678308 19031.836634427309 12561.083188429475 3094.9303418397903 4390.2536175847054 2257.8875097930431 366.22384151816368 388.74209389090538 14192.754331797361 298.01901659369469 127.19850441813469 958.75825887918472 803.41084980964661 191.22468921542168 245.96169537305832 4426.7618753761053 258.15534597635269 492.63587313890457 93.575491786003113 1180.9283677637577 2811.6225914508104 350.46097093820572 371.48108431696892 1138.0940602421761 104.78040874004364 4013.5544619709253 1969.9819885790348 3289.0813568085432 1970.6331125199795 1887.8495600819588 721.44351886212826 1387.410042822361 7855.8384816348553 719.12437483668327 457.79762478172779 177.34863710403442 1575.2236414551735 342.23781633377075 181.77580499649048 245.68911528587341
leaf_count=3189 10210 2509 39658 91909 45418 18481 3158 13235 3439 354 9697 12191 2279 293 28188 3084 33898 2884 567 6026 1938 1259 7661 38400 26214 4487 6253 3094 499 542 26794 366 340 1278 1075 664 496 7213 343 1740 120 1726 8552 554 481 1338 118 9515 3636 6366 3542 3787 1346 2978 13839 1253 763 187 1620 451 231 311
internal_value=-0.00074895 -0.00026566 0.000859994 -0.00178194 -0.000833128 0.000463214 0.00229017 0.00332132 0.00256398 0.00157551 -0.000656357 0.0033557 0.0028409 0.00484356 0.000102899 0.00786277 -0.00241021 0.000315129 0.00395895 0.00160172 0.00243937 0.00597876 -0.0022616 -0.00139655 -0.00209722 -0.00140033 -8.65156e-05 0.00153637 0.00322625 0.00603897 -0.00058008 0.00959448 0.0164503 0.00913793 0.0129114 0.00489357 0.0132146 -0.00131586 -0.000692995 0.0081514 0.00207024 -0.00035524 0.00251017 0.00409448 0.00702215 0.00361998 0.0100694 0.000620494 0.0112268 -0.00046099 0.00079259 0.00209466 0.00398981 0.00222857 0.000158145 0.00292442 0.00704012 0.023233 0.000332047 0.0124559 0.0158764 0.00843408
internal_weight=238662 162593 54494.6 76068.8 108098 32748.8 32881.7 22162.3 11384.9 9689.41 21363.9 6621.59 21171.6 8071.79 19026.3 3854.5 57042.5 15941.5 2798.53 13099.8 6260.55 2235.72 3067.81 75349.5 40549.7 27988.6 13534.7 9144.46 6886.57 3791.64 34799.8 1381.76 339.465 2128.39 1169.63 5230.61 437.186 21612.9 17186.1 1695.47 1663.25 1274.5 10523.3 5723.49 2911.87 1791.7 653.61 4799.77 2064.05 13143 7869.01 5898.37 4010.52 2459.06 10719.4 2863.54 1176.92 282.129 20607.1 1120.16 769.703 427.465
internal_count=524037 356269 119027 167768 237242 79722 71813 52800 29734 24805 49988 16790 50291 20248 41961 7013 125807 31507 6769 30043 13773 3563 8015 157520 90706 64492 19074 12821 9727 5240 66814 2304 907 2852 1574 13351 1160 47214 40001 4929 2388 1846 24017 12223 3671 2124 786 11794 3929 24738 15041 11499 7712 5862 19013 5174 2016 305 40020 1547 993 542
cat_boundaries=0 1 2 3
cat_threshold=8 12 12
is_linear=0
shrinkage=0.05


Tree=37
num_leaves=63
num_cat=4
split_feature=1 2 10 7 9 24 22 17 21 1 18 10 0 10 13 10 9 14 3 1 21 20 10 0 17 22 13 7 0 9 17 1 25 32 21 32 14 6 3 32 14 32 22 21 3 0 7 10 28 1 18 21 3 10 22 6 7 12 32 32 32 9
split_gain=45.5866 52.6664 33.1587 61.2718 27.1141 26.8571 27.9913 22.1806 29.7057 20.8507 18.4903 27.6597 19.1684 15.9754 27.2026 17.7088 15.0292 13.6752 14.4901 19.2848 13.6356 13.3808 22.142 13.1215 21.4334 12.8211 12.3261 12.3146 14.7651 12.0252 11.9645 15.2185 13.079 11.8949 11.8214 11.6697 11.6681 11.4105 11.3491 11.2854 12.2545 12.0011 10.9501 10.8122 10.7916 10.7313 10.4438 17.538 15.3324 15.5194 15.7549 10.4278 9.78006 11.5643 9.66308 9.42825 9.34303 9.22602 12.5162 17.0046 20.4808 9.21334
threshold=5.5000000000000009 3.5000000000000004 42.622750000000003 38.025000000000013 191.60500000000005 311.50000000000006 11.533333182334902 15.34999990463257 15.400000214576723 21.500000000000004 20.549999952316288 66.573075000000003 0 76.830224999999999 69.637500000000003 31.923674999999999 96.766000000000005 21.90881547619048 7.5000000000000009 16.500000000000004 6.5000000447034845 331.50000000000006 80.786650000000023 1 4.1499998569488534 10.066666404406233 124.75500000000001 142.72750000000005 2 88.576500000000024 2.5499999523162846 18.500000000000004 10.84999990463257 78.407500000000013 28.800000667572025 72.64500000000001 61.635000000000005 4.5000000000000009 7.5000000000000009 68.852500000000006 11.887767857142858 69.325000000000017 22.466666618982952 16.399999737739567 1.5000000000000002 3 77.416000000000011 116.70800000000001 13.799999952316286 20.500000000000004 23.94999980926514 16.750000119209293 11.500000000000002 6.4082500000000007 18.333333412806194 6.5000000000000009 179.25000000000003 2.9810000000000003 68.540000000000006 69.885000000000005 69.790000000000006 119.80900000000001
decision_type=2 2 2 2 2 2 2 2 2 2 2 2 1 2 2 2 2 2 2 2 2 10 2 1 2 2 2 2 1 2 2 2 2 2 2 2 2 2 2 2 2 2 2 2 2 1 2 2 2 2 2 2 2 2 2 2 2 2 2 2 2 2
left_child=13 2 3 7 10 6 16 8 9 20 12 52 21 14 37 25 45 26 -19 -20 -2 22 54 24 -22 36 -9 51 -29 -17 31 32 -18 -6 42 -31 -16 -1 -32 -25 44 -42 46 -14 -41 -4 -8 48 -48 50 -50 57 53 -12 56 -10 -3 -5 -59 60 -60 -55
right_child=1 4 5 27 33 -7 34 17 55 -11 11 -13 43 -15 15 29 30 18 19 -21 23 -23 -24 39 -26 -27 -28 28 -30 35 38 -33 -34 -35 -36 -37 -38 -39 -40 40 41 -43 -44 -45 -46 -47 47 -49 49 -51 -52 -53 -54 61 -56 -57 -58 58 59 -61 -62 -63
leaf_value=-0.67686865738814894 0.9988747939896101 0.43813738005946024 0.33540963786270911 1.7165275199819796 0.3003844443318322 -0.6532107759341681 -0.42608666887034413 -0.48250129428556526 -0.49279178586192707 -0.34063557229451541 0.0085683057782496522 -0.32025185551307944 -0.31789240244148936 -0.70062344707258617 0.26458636038043082 -0.37088895742235906 1.7134132245372351 -0.17447715966057376 0.51711862745094628 2.3101037700418714 2.5317113157989306 -0.50472074211229412 -0.44241172094785136 -0.018708121873497064 0.6081853337244234 0.0068066654461098608 2.3338473135137527 3.502136916905223 1.1102903063299159 -0.33576598536916968 0.12383071073295859 -0.34385612092549778 2.9081857040478596 2.8262895667012415 2.0026114339691325 0.39222510622259821 0.94918997432338159 -0.28856087104634048 1.6568286148421671 3.4028517248765908 3.7669673132057997 0.89520591249723724 -1.0239897963257323 -0.67310850203444272 -0.096261915196961922 -0.62065482643485415 0.059890736911066438 -0.38175303904964863 0.79036165745146902 -0.19727383121761477 0.9089724688384937 0.23222720159322918 -0.88223326725558793 0.78884225783898432 -0.14039579421521395 0.73308074598979545 1.2614345414166828 0.25858884649765629 0.98928675318988513 0.78603017881087611 1.777840780619907 0.64021164656134921
leaf_weight=16331.974441453815 2634.6122725456953 6464.8115962147713 5049.5133684277534 774.85890540480614 71.832153052091599 9761.5167906135321 13215.248790875077 8705.5346093773842 6245.9842648804188 3206.0221025943756 611.82808257639408 2108.0139253735542 43691.42601980269 8753.3049354404211 2646.2984746545553 9648.9947329163551 750.36226245760918 2875.5785416811705 1570.3662466555834 257.70593522489071 400.79943096637726 5095.875956043601 4958.665894806385 4913.4445542097092 2087.7617996186018 7256.1451369225979 77.436435103416443 168.09520740807056 204.16736622154713 941.02407617866993 2536.9626455157995 313.02005906403065 420.58030717074871 103.80305695533752 83.68604239821434 1036.4051958620548 529.63285203278065 12362.540240287781 1485.6363486647606 153.40892285108566 104.65935164690018 3674.3035410493612 4240.605328977108 9215.6910796165466 2343.1258351653814 2399.5237195044756 3877.7839884757996 5746.9059961587191 1676.6671862304211 559.82428951561451 356.66072157025337 1421.1429365575314 223.87669396400452 1649.0833183526993 2234.2303199917078 1171.7272164076567 254.29007698595524 2099.3864131420851 329.81239049136639 3981.9226051270962 214.64500868320465 61.304799526929855
leaf_count=41067 6326 15870 11680 2185 188 17252 29210 23860 14860 7841 1751 3403 95268 13015 6048 20492 1528 6894 2735 480 1246 10746 8946 14674 5781 15398 190 377 377 1556 4609 573 715 146 256 1340 937 30756 2476 459 219 6641 9020 20564 5070 5408 7511 9115 3162 972 590 3024 698 4447 5744 2716 452 6836 815 6257 286 100
internal_value=-0.000750184 -0.000351299 0.000392644 0.00131933 -0.00134093 -0.000483574 5.72062e-05 0.000481305 0.00131005 0.00233365 -0.00138606 0.00166795 -0.00158372 -0.00194894 -0.00160865 -0.000288376 0.00199698 -0.00117387 0.00100164 0.00448099 0.00305812 -0.000221078 0.000581721 0.00242332 0.00570131 0.00120716 -0.00233893 0.00500331 0.013902 -0.00163027 0.00397743 0.00781344 0.0104295 0.0182265 -0.000787359 0.0019211 0.00385612 -0.00262354 0.00256071 0.00168721 0.00309363 0.00488913 -0.000840569 -0.00207283 0.00037495 0.000532629 -0.000448311 0.000605422 0.00239049 0.00536594 0.00739478 0.00462627 0.00517437 0.00613661 0.00206612 -0.00138326 0.00301321 0.0053795 0.00477441 0.00625418 0.0145361 0.00824585
internal_weight=238342 178836 102091 49616.5 76744.7 52474.5 42713 40422.5 26935.8 19518.1 76569.1 4654.11 71915 59506.3 50753 22058.5 12955.6 13486.6 4703.65 1828.07 16312.1 19007.9 13912 13677.5 2488.56 10432.1 8782.97 9194.03 372.263 11626.4 5506.56 1483.96 1170.94 175.635 29757.4 1977.43 3175.93 28694.5 4022.6 11188.9 6275.5 3778.96 29673.7 52907.1 2496.53 7449.04 25433.1 12217.8 6470.94 2593.15 2033.33 8821.77 2546.09 2322.22 8953.33 7417.71 6719.1 7400.63 6625.77 4526.38 544.457 1710.39
internal_count=523158 392549 224226 120149 168323 104077 86825 99992 65833 48257 167989 10399 157590 130609 117594 45771 26989 34159 10109 3215 40416 41758 31012 34090 7027 22383 24050 20157 754 23388 9901 2816 2243 334 59836 2896 6985 71823 7085 27063 12389 6860 59580 115832 5529 17088 50560 21350 12235 4724 3752 19403 6996 6298 22066 17576 16322 16379 14194 7358 1101 4547
cat_boundaries=0 1 2 3 4
cat_threshold=8 12 12 12
is_linear=0
shrinkage=0.05


Tree=38
num_leaves=63
num_cat=2
split_feature=21 8 7 27 1 0 7 6 28 17 14 13 2 8 14 21 31 1 23 8 31 31 23 23 17 9 31 3 23 13 8 17 9 29 8 17 32 14 13 3 17 31 17 2 31 8 9 20 6 17 13 31 8 1 32 2 6 31 31 31 31 0
split_gain=42.6633 40.8852 77.5286 33.8713 29.8415 23.4586 23.367 20.6587 17.8633 16.4804 17.5112 19.5931 16.3834 17.7885 22.3698 15.8063 14.6528 14.2994 14.9474 14.0066 13.934 27.3114 15.547 13.5344 13.425 12.5597 12.4297 12.4043 15.1483 12.0365 11.6205 11.2997 20.1743 11.1414 10.8617 10.7936 10.3509 9.97946 10.5746 11.043 9.74766 9.62885 9.31417 9.13017 9.2906 9.49536 15.4377 9.07823 8.98887 10.1879 8.62803 8.59462 8.49314 8.39983 8.36446 8.25345 8.12771 7.96368 12.5522 7.88308 7.86077 7.82521
threshold=16.399999737739567 67.25500000000001 57.982500000000009 13.150000095367433 15.500000000000002 0 108.38900000000002 5.5000000000000009 21.366666952768963 4.7500000000000009 21.90881547619048 19.895000000000003 3.5000000000000004 13.761000000000001 11.141071428571431 7.6500001400709161 28.061000000000003 21.500000000000004 11.449999809265138 95.961500000000015 45.748500000000007 47.012000000000008 8.8499999046325701 6.7500000000000009 1.3499999642372134 105.56100000000002 28.167500000000004 8.5000000000000018 8.7500000000000018 47.20000000000001 63.821500000000007 3.4500000476837163 31.517500000000002 16.94999980926514 92.566000000000017 -11.550000190734862 83.50500000000001 18.687726190476194 18.522500000000004 5.5000000000000009 3.8500000238418584 39.07800000000001 -3.7499999999999996 4.5000000000000009 42.513000000000005 161.00500000000002 191.60500000000005 1.0000000180025095e-35 4.5000000000000009 -5.6499998569488517 33.086000000000006 70.809500000000014 30.401000000000003 5.5000000000000009 68.132500000000007 4.5000000000000009 1.5000000000000002 70.809500000000014 71.981000000000009 46.088000000000001 30.923000000000005 1
decision_type=2 2 2 2 2 1 2 2 2 2 2 2 2 2 2 2 2 2 2 2 2 2 2 2 2 2 2 2 2 2 2 2 2 2 2 2 2 2 2 2 2 2 2 2 2 2 2 10 2 2 2 2 2 2 2 2 2 2 2 2 2 1
left_child=1 2 3 9 23 20 25 12 57 15 29 -12 13 14 -5 26 -6 18 24 41 -2 40 30 -4 -18 -3 -1 43 31 -11 -23 32 -29 37 36 -14 51 -10 39 -39 53 -8 -17 44 45 46 -21 -33 -7 -50 -37 -27 -13 -22 -16 60 -26 -9 -59 -28 -25 -49
right_child=5 6 4 7 16 48 19 8 33 10 11 52 35 -15 54 42 17 -19 -20 27 21 22 -24 55 56 34 59 28 -30 -31 -32 47 -34 -35 -36 50 -38 38 -40 -41 -42 -43 -44 -45 -46 -47 -48 61 49 -51 -52 -53 -54 -55 -56 -57 -58 58 -60 -61 -62 -63
leaf_value=-0.48272266611168035 -0.41056046295302945 -0.5545956039468164 0.360638381229758 -0.16946696140563633 -0.32633086836665903 -0.72252690000208419 -0.028816998271888397 0.13616877087664978 0.21520607510576825 -0.61788442574448676 0.86877378938248739 -0.04005354563163728 0.60513670243343798 -0.15864235818163977 0.23319332636843626 0.32930611958553302 2.2054437787442924 0.21791612942959804 0.51742677536136772 0.1992668245271336 0.30985592164460629 1.2181989830807354 -0.74678754397909586 -0.28531566722075541 1.5140866384504805 0.10172891936810587 0.57948184428019833 -1.7386892789710828 -0.23986639491678902 0.02499382602447291 -0.29920824287794279 -0.34725559832244529 4.6209214953850237 0.14049834455149188 -0.45363429193231752 -0.56862999685223137 1.476062811720648 0.43927072972817316 0.97622139324972901 2.333649446175079 0.71241349921021424 0.63653287964554617 -0.39283069541297322 -0.80647564339716138 -0.409780206154084 -1.5965033853092185 2.1482882587553251 2.9779165586097758 0.59972936838759594 -0.59246665271834231 -0.080799236244546796 1.140505746131067 -0.64744332249184355 3.4740281791435992 0.69094259534912372 -0.16151997133527232 0.90768374367138738 2.7464652350090963 0.40856305165722928 0.12248258078258623 0.2838703610840746 -0.077600394113660806
leaf_weight=797.95706543326378 13192.422219917178 30452.963833928108 5796.2099558115005 3768.4695622771978 656.15545645356178 12052.057283014059 1341.1545026898384 13937.054460152984 725.65483792126179 18716.718511089683 1308.185914888978 10293.739554613829 213.33518314361572 11299.412205740809 1721.301943898201 2475.0235120803118 723.17575445771217 1918.621828570962 2679.5451605916023 3386.1443303823471 73.951272875070572 1314.5528520941734 3608.5615572929382 1354.0123672783375 496.57175047695637 2285.0030562132597 2854.855519220233 80.448837429285049 2001.4686328321695 2813.2797544300556 1301.9668985307217 539.58588524162769 141.12499630451202 1189.981862232089 6290.6119568049908 8105.5447108596563 148.17515999078751 136.57445494830608 1228.9130586981773 280.84162014722824 509.07277020812035 1741.5701693892479 10475.381084814668 2164.4055255055428 4569.3478892743587 982.36970522999763 164.09005025029182 452.94204649329185 427.1629029661417 7746.4231451749802 8428.6976115703583 106.35617393255234 8123.6104376614094 224.29835343360901 3509.4526290744543 4835.7584527730942 2583.3671724796295 153.32805150747299 627.15327775478363 1504.9691629111767 5322.8136645704508 228.82713480293751
leaf_count=3040 32847 59318 11176 10275 2718 26633 2571 33212 1969 51814 2101 20716 609 27142 5099 7685 1802 3743 5150 6084 260 2001 5440 4539 966 3913 6984 158 3186 7278 1852 750 300 2978 10343 20026 241 301 2835 573 926 2679 27577 3442 6453 1709 273 728 908 16532 18947 111 16516 795 6878 10072 4923 160 641 3177 9525 312
internal_value=-0.000731861 -0.000429747 2.71426e-05 -0.000534903 0.00247189 -0.00221161 -0.00155886 0.000355159 0.00173057 -0.00136441 -0.00191634 -0.000840072 -0.000323531 0.000631546 0.00228999 -0.000106934 0.00479708 0.00535909 0.00648119 -5.56563e-05 -0.00100562 0.000791343 -0.000331343 0.00125494 0.00849641 -0.00223972 0.00223357 -0.000697879 0.00192762 -0.00290232 0.00260254 0.00583098 0.0161951 0.00490725 -0.00057934 -0.00148108 0.00218007 0.00688725 0.00903946 0.0159107 0.00943783 0.00300826 -0.00103919 -0.00150066 -0.000806334 0.000797501 0.00200134 0.00393904 -0.00341525 -0.00213657 -0.00162551 0.00138235 -0.00126014 0.0166033 0.00440559 0.000262794 0.00705275 0.000961463 0.0058731 0.00328365 0.00140203 0.0077697
internal_weight=238583 198132 141056 114689 26366.2 40450.5 57076.6 55325.7 18279.5 59363.7 41255.5 19725.5 37046.2 20298.6 8999.22 18108.2 9057.44 8401.28 6482.66 17793.5 20224.8 7032.4 6225.08 17308.8 3803.11 39283.1 5157.78 14710.8 3444.4 21530 2616.52 1442.93 221.574 3561.97 8830.15 16747.6 2539.53 2371.98 1646.33 417.416 807.322 3082.72 12950.4 11266.4 9101.95 4532.6 3550.23 1221.36 20225.6 8173.59 16534.2 2391.36 18417.3 298.25 5230.75 11512.6 3079.94 14717.5 780.481 4359.82 6676.83 681.769
internal_count=523912 435718 333147 278533 54614 88194 102571 131645 42669 146888 98425 39333 88976 49394 22252 48463 19302 16584 12841 28645 44121 11274 9293 35312 7691 73926 13201 23395 5434 59092 3853 2248 458 8656 14608 39582 4265 5678 3709 874 1981 5250 35262 17961 14519 8066 6357 1790 44073 17440 38973 4024 37232 1055 11977 24136 5889 34013 801 10161 14064 1040
cat_boundaries=0 1 2
cat_threshold=12 8
is_linear=0
shrinkage=0.05


Tree=39
num_leaves=63
num_cat=4
split_feature=21 1 24 1 23 0 8 17 18 8 0 21 31 1 8 8 13 8 31 31 31 1 17 10 10 9 31 0 8 17 31 1 8 16 8 8 0 1 8 8 31 31 31 30 25 31 17 9 31 8 1 31 10 28 6 18 8 24 24 31 9 6
split_gain=41.996 40.0764 35.4349 42.9983 40.7964 33.5745 43.0089 50.2241 29.0237 23.9882 22.0723 21.3959 20.4214 19.8556 17.8742 17.7245 28.7197 20.2788 16.6117 16.5273 15.4174 14.3882 14.3596 15.4816 13.516 13.0685 12.3766 15.2406 16.4079 11.3368 14.1756 13.9791 14.6158 12.7715 11.3019 10.7284 10.6792 10.506 12.8 10.3292 11.4729 10.028 9.79212 9.47927 9.14621 10.4926 11.2877 10.9449 9.00079 8.75428 8.71313 8.59258 11.1621 8.49865 8.48335 9.6908 8.39352 12.2871 8.29688 11.1909 8.55023 8.18346
threshold=16.399999737739567 5.5000000000000009 357.50000000000006 21.500000000000004 12.34999990463257 0 49.081500000000005 3.0499999523162846 20.750000000000004 17.142500000000002 1 8.2500001490116137 38.177000000000007 15.500000000000002 32.651500000000006 74.715000000000018 69.637500000000003 1.4810000000000001 30.113500000000005 39.189000000000007 28.167500000000004 16.500000000000004 15.650000095367433 42.622750000000003 1.8047500000000001 176.01000000000002 70.809500000000014 2 194.36250000000004 3.2500000000000004 31.807000000000002 16.500000000000004 129.59150000000002 5.2947916666666712 70.69250000000001 12.031000000000001 3 13.500000000000002 15.606000000000002 -6.4449999999999994 46.237000000000002 30.568500000000004 71.981000000000009 1.0000000180025095e-35 21.550000190734867 43.488500000000009 3.7500000000000004 62.901500000000006 46.563500000000012 63.087500000000013 19.500000000000004 32.405000000000008 17.540750000000003 20.933333237965908 4.5000000000000009 20.750000000000004 60.507500000000007 258.50000000000006 169.50000000000003 70.809500000000014 1.0000000180025095e-35 5.5000000000000009
decision_type=2 2 2 2 2 1 2 2 2 2 1 2 2 2 2 2 2 2 2 2 2 2 2 2 2 2 2 1 2 2 2 2 2 2 2 2 1 2 2 2 2 2 2 2 2 2 2 2 2 2 2 2 2 2 2 2 2 2 2 2 2 2
left_child=1 15 3 4 5 6 7 20 11 19 25 22 -9 58 51 16 61 24 -8 -10 -3 39 23 -7 -18 44 29 28 -28 30 33 -31 43 -20 -32 -23 42 38 -22 40 -4 -19 -15 -33 45 -2 47 -47 -49 -13 -39 52 -6 -43 -12 -56 57 -48 59 60 -14 -1
right_child=10 2 21 -5 14 8 18 12 9 -11 54 49 13 36 -16 -17 17 41 26 -21 37 35 -24 -25 -26 -27 27 -29 -30 31 34 32 -34 -35 -36 -37 -38 50 -40 -41 -42 53 -44 -45 -46 46 56 48 -50 -51 -52 -53 -54 -55 55 -57 -58 -59 -60 -61 -62 -63
leaf_value=-0.54164678351233175 -0.34474878333675463 0.49844207135545632 0.16375911746558655 -0.38000049435721484 0.73001715157464142 0.63616887254123355 -0.54052936925636208 0.21729413641787368 1.8717226416555961 0.25286776569764097 -0.69098563448816552 -0.17526290144614765 1.8290072042676593 2.2766757567407412 -0.36827978179527893 -0.55972120451301055 -0.0093799280034005516 -0.44617223373733844 4.5333883797884473 1.3982970718829919 2.2277878850770434 0.70138059612553583 -0.41279457507669015 -0.1874246834388032 0.85340949660081655 1.6093714635365892 2.0517274653982263 0.21391858807532105 -0.65218441048388665 -0.19293306683121791 1.5518240240156418 -0.035234558888350524 -0.35478014514955269 1.3920387637639846 0.24207810959518278 -0.055872158160390484 1.0586255701091454 3.0490881494605655 1.042419222190599 -0.3709961796646834 0.40150959986554757 -0.0030489219289911774 1.7749902223520289 1.029719968308118 -0.79212961313362351 0.33677610186776907 1.0531496448121112 4.6754020978366961 1.2848819868138741 -1.2259461443777895 1.4019289014906435 0.0024060054800161268 -0.026970627284612192 0.30316943102663496 -0.57108494369812601 0.54870715410370752 -0.5582029410504038 -0.41707995654827812 0.075609987972890744 1.5340896600603253 0.61068522721774987 -0.19117739072850259
leaf_weight=16683.945882707834 8818.6416900604963 394.61197055876255 261.56819711625576 17188.673908963799 1558.4246841967106 5792.9727035164833 2543.0862168669701 5585.0541557073593 645.62446117401123 3290.5500267595053 11953.608629480004 16303.485639631748 85.246148183941841 728.10529312491417 18365.033511519432 9778.2211280912161 541.03835928440094 1913.2860632687807 164.4239416718483 845.21924629807472 267.45995779335499 1314.7754374593496 1748.3102252185345 2188.3190286755562 835.01864501833916 379.69249865412712 698.99403691291809 860.59730339050293 219.585109770298 6614.919600456953 563.27174137532711 896.75389124453068 1912.5614875108004 578.03002977371216 3404.8002491295338 3519.2001505494118 896.27576315402985 372.50446316599846 581.45600941777229 25381.886164933443 56.519676804542542 13317.205279499292 97.957014799118042 2722.5861400663853 4611.4514343291521 621.96980828046799 1436.4607917368412 135.82229462265968 261.26542800664902 3089.1053827404976 249.4323962777853 10090.041747570038 1396.8268707245588 988.44584511220455 7742.2655543982983 418.01312032341957 2493.7886308729649 1416.9433333575726 1345.0310804098845 256.91254782676697 1859.4655340015888 7177.6072186529636
leaf_count=42411 22055 1147 1001 37643 3550 12515 7589 16824 1441 6680 26405 37862 286 1778 38439 15631 1512 6191 328 2733 769 2940 4167 4280 2259 730 719 884 224 12776 1441 1891 3327 1047 6833 7032 2038 1161 1536 53023 72 24654 100 5305 10342 1880 2513 466 663 5467 742 24700 3902 1753 16555 877 3516 1805 2272 264 4061 18039
internal_value=-0.000734606 -0.000435412 -1.55403e-05 0.000382142 0.000782139 0.00147223 0.0025846 0.0048834 0.000359093 0.00396919 -0.00220618 -0.00023362 0.00358018 0.0058128 -0.000707495 -0.00163954 -0.00118782 0.000344734 0.00120509 0.0092285 0.0124601 -0.00153155 0.00167962 0.00257861 0.00617005 -0.00103577 0.00172238 0.00568746 0.0101138 0.00130358 0.00338547 0.000496007 0.00235062 0.00972201 0.00219771 0.000970919 0.0102162 0.0148135 0.0111731 -0.00200227 0.00693848 -0.000149851 0.0143282 0.00421848 -0.00121269 -0.000620336 0.000926489 0.00574649 0.0122206 -0.00119356 0.0197566 0.000707668 0.0030783 0.000304909 -0.00337789 -0.00213635 7.00083e-06 0.00185864 0.00367212 0.00556166 0.00426115 -0.00231787
internal_weight=238460 198170 146936 116402 99213 67802.7 33899.1 12719.5 33903.6 4781.39 40289.9 29122.2 10854 5268.99 31410.3 51234.8 41456.5 17595 21179.6 1490.84 1865.46 30533.9 9729.6 7981.29 1376.06 20176 18636.5 1779.18 918.579 16857.3 4710.53 12146.8 5531.9 742.454 3968.07 4833.98 1722.34 1470.85 848.916 25700 318.088 16218.9 826.062 3619.34 19796.3 15184.9 6366.25 1019.06 397.088 19392.6 621.937 13045.3 2955.25 14305.7 20113.9 8160.28 5347.19 2853.4 3546.66 2201.62 1944.71 23861.6
internal_count=523046 435239 322789 258721 221078 150487 75342 32978 75145 10854 87807 64291 27623 10799 70591 112450 96819 36369 42364 4174 5355 64068 20962 16795 3771 43970 34775 1827 943 32948 9649 23299 10523 1375 8274 9972 3916 4208 2305 54096 1073 32598 1878 7196 43240 32898 10843 3009 1129 43329 1903 32152 7452 26407 43837 17432 7834 4318 6883 4611 4347 60450
cat_boundaries=0 1 2 3 4
cat_threshold=12 12 8 8
is_linear=0
shrinkage=0.05


Tree=40
num_leaves=63
num_cat=2
split_feature=22 0 8 20 19 1 17 2 1 8 1 32 1 17 32 32 3 7 17 6 32 8 17 17 32 1 9 1 2 17 8 13 8 3 1 8 9 22 15 1 2 7 2 1 17 32 23 17 8 1 2 9 17 17 9 8 8 0 17 8 9 11
split_gain=41.2936 46.3818 43.8341 40.1927 34.9447 33.2388 34.5731 32.1651 35.3706 26.2148 22.54 19.3405 17.0838 16.4534 16.8465 14.949 14.4844 15.351 18.0188 14.2748 13.6315 14.2235 13.9691 13.3585 13.2394 12.627 12.5053 14.9814 12.2022 11.7656 13.9389 11.7135 11.5904 12.6504 10.8957 11.4871 12.6324 10.5858 10.3891 9.84416 10.7401 9.33745 9.25143 11.4708 13.1182 14.0837 11.4484 10.6929 10.178 9.19871 9.37998 8.91 8.90342 8.88423 9.47557 9.31728 8.84522 8.72584 17.1086 8.63791 11.7233 8.25844
threshold=20.199999570846561 0 67.25500000000001 319.50000000000006 15.150000095367433 6.5000000000000009 17.150000572204593 4.5000000000000009 20.500000000000004 37.305000000000007 14.500000000000002 69.287500000000009 21.500000000000004 -6.8500001430511466 79.100000000000009 69.822500000000005 8.5000000000000018 110.04250000000002 3.7500000000000004 4.5000000000000009 64.205000000000013 154.23000000000005 -2.2499999999999996 3.8500000238418584 82.33250000000001 16.500000000000004 79.709000000000017 10.500000000000002 1.0000000180025095e-35 9.8499999046325701 20.812500000000004 33.815000000000005 34.981500000000004 11.500000000000002 16.500000000000004 92.566000000000017 134.67250000000004 5.7833333412806196 30.15783333333334 19.500000000000004 3.5000000000000004 133.41650000000001 4.5000000000000009 5.5000000000000009 13.84999990463257 77.015000000000015 10.650000095367433 17.050000190734867 0.62600000000000011 16.500000000000004 4.5000000000000009 144.52650000000003 -2.4500000476837154 3.6499999761581425 48.988500000000009 16.811000000000003 -6.4449999999999994 1 2.5499999523162846 67.25500000000001 111.93650000000001 59.015000000000008
decision_type=2 1 2 8 2 2 2 2 2 2 2 2 2 2 2 2 2 2 2 2 2 2 2 2 2 2 2 2 2 2 2 2 2 2 2 2 2 2 2 2 2 2 2 2 2 2 2 2 2 2 2 2 2 2 2 2 2 1 2 2 2 2
left_child=1 2 3 10 5 29 7 8 9 11 32 57 23 14 28 38 34 -18 -19 61 -11 22 26 39 -25 -24 -22 -28 -13 30 37 -17 33 42 -4 36 41 -3 -15 40 -12 -36 43 44 -1 48 53 -47 -46 50 -5 -14 -6 -45 55 -55 -8 58 -7 60 -9 -2
right_child=19 4 16 49 52 6 56 59 -10 20 12 13 51 15 -16 31 17 18 -20 -21 21 -23 25 24 -26 -27 27 -29 -30 -31 -32 -33 -34 -35 35 -37 -38 -39 -40 -41 -42 -43 -44 46 45 47 -48 -49 -50 -51 -52 -53 -54 54 -56 -57 -58 -59 -60 -61 -62 -63
leaf_value=0.14171975996064959 -0.60992656750781615 0.56432838644153704 -0.38725950522205538 0.0089890677759271401 0.087253704710233582 1.9838509066274419 0.38878138342887092 -0.1452229877527543 -0.32238445078553757 -0.98384513113593608 4.4896980568962261 -0.71685379060652399 0.26967098537698392 1.2199024079891736 0.77414269594519569 0.45365677222408252 -0.12740558248737807 5.2380093204014457 0.72332510789750093 -0.23022201608142689 0.18233526365084565 -1.3775982243042961 -0.032888414633628217 1.2445533734515686 1.6862407112344273 0.66398225406504352 2.5990990476578206 0.73190565048115741 2.8554552443398458 -0.51677427170850199 -0.32473624763127362 0.83371920925718546 0.066991712715448418 -0.45537196463140256 0.086370490520660329 -0.20745504425657019 1.2322270629919203 -0.030050339340328237 -0.7090944547434952 1.1247548106749121 1.4285818235592906 1.4425138442726824 0.35525763938781058 3.0658069385635933 0.98544142619910535 1.6589333147067962 0.53408840089988419 0.42156293036037484 0.16042455267234176 0.5482806321368251 -0.79270459193492027 2.7969305026616516 -0.56203101941793054 2.1396917426880657 0.92341196161935424 0.84494683808147786 -0.35330263958000147 0.14468946146639078 0.43813820588932129 -0.68655139950421629 0.41138186229569595 -0.31370554922921312
leaf_weight=1529.9267734885216 14566.620389938354 905.83003903925419 10832.615013793111 4629.8867332041264 2302.834015622735 232.11036781966686 138.644082441926 15553.104645162821 10001.421538233757 1772.7396114915609 147.05170801281929 70.113426610827446 1837.7422156333923 611.95300126075745 355.52565482258797 4694.9631234407425 3841.2017037272453 173.25946334004402 1966.2604594677687 16245.114540845156 1092.2889606654644 1453.2763589471579 8401.278493180871 2750.0434718132019 96.941218793392181 3508.9919445961714 429.9700123667717 1085.2839324474335 401.95672473311424 15010.358401343226 10868.56359629333 3976.4124248176813 5002.2327469736338 644.93193700909615 1255.9937282651663 5385.057656288147 274.30558647215366 10125.567344874144 105.83396649360657 205.66395480930805 137.400485008955 127.55139473080635 3243.1035421639681 113.49666818976402 137.57279592752457 303.19897931814194 445.10583613812923 99.348232209682465 641.01452304422855 861.85604973137379 2466.1762397140265 62.294195830821991 29283.749117493629 203.51101073622704 433.18990133702755 92.424562945961952 16643.714301973581 6475.972817465663 1507.4550622701645 2645.967282563448 227.9941186606884 7875.3177784383297
leaf_count=4153 35521 1894 20787 10923 5920 885 484 35191 21863 8532 413 218 4736 1067 612 8935 7468 394 3125 35945 2216 2469 14458 7105 101 6079 741 1794 1050 30859 23538 6407 11981 1619 3306 10032 451 24488 338 575 378 242 7325 272 478 324 1165 111 1890 2324 5531 67 63104 567 1037 299 35877 19038 4606 4481 404 15450
internal_value=-0.000732354 -0.000442871 0.000876718 0.00229351 -0.000882552 -0.000488101 7.63225e-05 0.000601565 0.00130632 0.00203392 0.00359392 0.00335445 0.00635977 0.00480674 0.0115622 0.00421012 -0.000672046 0.00145775 0.00485088 -0.00222753 0.000662032 0.0011238 0.00159595 0.00851423 0.00719697 0.000870053 0.00490997 0.00784834 0.0177436 -0.00173262 -0.000993492 0.00363522 0.00246969 0.00366367 -0.00138467 0.000146284 0.00378432 0.000258597 0.0111406 0.0161357 0.0221517 0.00183654 0.00426127 0.00587054 0.00402242 0.0079785 0.00975526 0.0155608 0.00404334 -0.000668604 -0.00126119 0.00257332 -0.00236006 0.013179 0.0111248 0.0180106 -0.00194554 0.00154803 0.0046803 -0.0011645 -0.000721109 -0.00304467
internal_weight=238511 199824 49940.4 26084.1 149884 118297 81387 64604.6 46177.5 36176.1 18126.2 18432.3 5237.14 10216.8 827.596 9389.16 23856.2 5980.72 2139.52 38687.1 17743.8 15971.1 14517.8 3337.1 2846.98 11910.3 2607.54 1515.25 472.07 36910.3 21900 8671.38 12889.1 7886.82 17875.5 7042.91 1657.85 11031.4 717.787 490.116 284.452 1383.55 7241.89 3998.79 2711.06 1181.13 1287.73 402.547 778.587 7957.92 7096.06 1900.04 31586.6 842.622 729.125 295.936 16782.4 8215.54 1739.57 18427.1 15781.1 22441.9
internal_count=523643 436727 109179 63374 327548 258524 177745 141384 101308 79445 44596 43156 13375 18627 1880 16747 45805 10987 3519 86916 36289 27757 25288 8572 7206 20537 4751 2535 1268 80779 49920 15342 31221 19240 34818 14031 3999 26382 1405 1366 791 3548 17621 10296 6956 2803 3340 435 2368 18778 16454 4803 69024 2175 1903 866 36361 24529 5491 40076 35595 50971
cat_boundaries=0 1 2
cat_threshold=8 4
is_linear=0
shrinkage=0.05


Tree=41
num_leaves=63
num_cat=0
split_feature=22 9 8 7 27 8 1 6 2 8 32 1 6 14 28 9 19 8 2 1 22 17 7 21 25 18 6 30 10 10 7 2 2 32 9 16 32 14 2 26 29 8 7 2 32 25 32 32 29 9 19 15 8 29 14 26 2 11 21 18 32 2
split_gain=39.6066 37.3521 41.7924 53.3633 32.1459 26.9418 22.1877 21.6474 16.613 15.5059 14.7643 14.26 13.8457 13.8031 12.3408 12.3259 12.3068 11.9412 12.8085 11.8827 12.1528 14.0561 11.2401 10.3459 10.2852 10.2008 9.97211 9.967 11.9172 11.2619 9.72809 9.53855 9.30267 10.9634 15.4257 13.0259 9.23004 9.17761 9.47086 8.93913 8.85409 8.81703 15.8399 8.7087 8.50467 8.27326 8.0765 13.4426 7.98356 7.86805 7.80331 11.7125 7.71366 7.38361 7.38329 8.97267 7.32364 7.10914 7.07816 7.0779 7.06506 7.05572
threshold=20.199999570846561 111.93650000000001 67.25500000000001 44.666500000000006 16.400000572204593 94.848500000000016 15.500000000000002 5.5000000000000009 3.5000000000000004 16.811000000000003 79.812500000000014 21.500000000000004 4.5000000000000009 10.927644280538306 22.56666664282481 176.01000000000002 11.150000095367433 17.861500000000003 3.5000000000000004 6.5000000000000009 11.533333182334902 2.1499999761581425 125.73850000000002 9.1499997079372424 10.84999990463257 18.049999952316288 3.5000000000000004 154.50000000000003 30.461925000000001 9.6217500000000005 155.80500000000004 4.5000000000000009 1.0000000180025095e-35 68.117500000000021 17.391000000000002 -0.35095833333333343 82.702500000000015 22.965565476190477 2.5000000000000004 14.84999990463257 13.050000190734865 1.2965000000000002 48.671000000000006 1.5000000000000002 62.110000000000007 18.94999980926514 69.287500000000009 69.397500000000022 15.84999990463257 87.398500000000027 7.6499998569488534 9.5289583333333301 112.444 10.34999990463257 18.687726190476194 7.2500000000000009 4.5000000000000009 8.6115208333333353 8.8000002801418322 26.650000095367435 67.447500000000005 1.5000000000000002
decision_type=2 2 2 2 2 2 2 2 2 2 2 2 2 2 2 2 2 2 2 2 2 2 2 2 2 2 2 2 2 2 2 2 2 2 2 2 2 2 2 2 2 2 2 2 2 2 2 2 2 2 2 2 2 2 2 2 2 2 2 2 2 2
left_child=1 2 3 4 8 10 27 16 9 13 30 17 41 25 36 23 46 -8 -19 -7 21 24 -4 43 -21 60 -26 28 29 -5 -3 -29 -15 -34 35 -35 -9 45 -39 -17 -28 42 -2 -12 -44 -37 -6 -48 54 -30 51 -31 56 -40 -16 -56 58 -57 -24 -43 -1 -53
right_child=12 5 22 6 7 19 11 14 -10 -11 15 -13 -14 32 48 39 -18 18 -20 20 -22 -23 52 -25 26 -27 40 31 49 50 -32 -33 33 34 -36 37 -38 38 53 -41 -42 59 44 -45 -46 -47 47 -49 -50 -51 -52 61 -54 -55 55 57 -58 -59 -60 -61 -62 -63
leaf_value=0.14496044081634701 -0.24596621516394884 0.31858235402856255 -0.49562697891154389 0.029166268445661104 -0.1386334023259071 -0.68743589578624553 1.0588806413628895 0.21065994052232251 -0.39987713171812977 -0.47107739630753048 2.987861562054249 0.044486950595404556 -0.2194605173268685 -0.19279889020901919 0.22312327818523559 1.1324968941429674 -0.2880748781906412 0.92611464852476366 0.18045001361542745 1.2414981069281616 -0.17109264057803061 0.51112681632227497 1.1707447374757642 0.31226600160851847 7.4987079407349713 1.1633081587094134 0.098891559142236934 0.12015485674797688 -0.1087855124858411 0.2444332738337984 1.688935940437601 -0.5798729463339285 -0.039157887392860857 3.4094929834327541 0.20965439490064314 0.3498901188973822 0.85754148131053443 1.1349486288392705 1.1733527695132104 3.2583767257553222 1.5233902711689566 -0.62211440633314441 0.64302553827316522 0.41580397287134901 0.4454907375604904 0.75985649041903158 1.2462889278601672 0.22853088144385936 0.37562523740581821 0.27424889900995242 0.39701414702565502 0.15607862057941091 -0.3084592811271904 0.61672162230880712 0.85933146984110564 2.1658155416309004 -0.098666927359236392 1.246176217350685 0.37661829098743632 0.071124730013521292 -0.5559731798925921 0.9675369519074799
leaf_weight=2359.0692934542894 1298.7725114971399 8029.5999538302422 34881.903673321009 2800.3942424207926 4218.670476526022 1582.1791578531265 2231.0916924476624 8825.1107568591833 32351.837529867887 17222.893027082086 259.72214740514755 2835.7999522984028 16329.10694539547 3050.4665933549404 371.55109463632107 158.08357262611389 13344.132932052016 2390.2956747859716 3236.184270337224 404.34039530158043 6195.8062707185745 2121.6959680169821 417.52926199138165 698.05957502126694 117.78577935695648 552.40452963113785 125.2669418156147 3647.7515596300364 7124.0311110168695 609.68167254328728 342.93327759206295 2741.931902974844 3499.5070512294769 56.702461093664169 3532.9666596204042 1565.4297398626804 291.37239211797714 426.99041965603828 161.9971527159214 88.33489191532135 83.817975491285324 19792.636669352651 61.902917638421059 435.33065801858902 231.81146773695946 182.49648140370846 138.07537767291069 5363.1090697646141 867.63967227935791 1521.4935582131147 3307.9673245549202 152.87200772762299 3645.0233601480722 153.1919035166502 357.11331424117088 189.81233870983124 977.66004224121571 268.05605489015579 566.51620845496655 1086.4645032584667 6222.4217656552792 635.7543078660965
leaf_count=7491 3769 15448 66969 5736 13463 2024 4689 20062 77401 42381 350 6418 36059 6569 1021 207 31789 5933 7126 762 9809 3461 669 832 194 1725 206 7393 17682 1361 717 5009 10562 82 5948 3386 454 997 270 90 134 44194 361 606 490 499 273 8980 2125 2615 7054 258 5983 266 886 503 1603 538 1068 2255 15750 1030
internal_value=-0.000721188 -0.000437482 -0.000669371 -0.000257086 -0.000807142 0.00157656 0.00149016 0.00045231 -0.00141154 -0.000716446 0.00343774 0.00336575 -0.00218308 0.000170612 0.00225883 0.00777552 -0.000422707 0.00446253 0.00323413 -0.000176443 0.000522689 0.00322244 -0.00208278 0.00594375 0.00919574 -0.00130999 0.0157785 0.000600306 0.00126156 0.00271894 0.00258747 -0.00107118 0.00124141 0.00200712 0.00329027 0.00625583 0.00146961 0.00570904 0.0103647 0.0180655 0.00915109 -0.00298821 0.000597636 0.0102575 0.011063 0.00372741 0.000930524 0.00219251 0.00575899 -4.00765e-06 0.00421258 0.00734328 -4.83046e-06 0.0169282 0.00842303 0.0110839 0.00252243 0.015712 0.00556524 -0.00326172 -0.00173411 0.0113632
internal_weight=238741 199940 179297 138808 105573 20643 33235.2 34234.6 71338.4 38986.5 10012.1 10693.4 38800.7 21763.6 11170.7 1639.53 23064 7857.57 5626.48 10630.9 9048.71 2852.91 40488.6 1393.11 731.211 9133.9 326.871 22541.9 16152.2 7506.67 8372.53 6389.68 12629.7 9579.28 6079.77 2546.81 9116.48 2490.11 742.179 246.418 209.085 22471.6 1592.49 695.053 293.714 1747.93 9719.85 5501.18 2054.17 8645.52 4706.28 1398.31 5606.73 315.189 1186.53 814.982 1961.71 457.868 984.045 20879.1 8581.49 788.626
internal_count=523985 436857 402017 325725 253421 34840 72304 80094 173327 95926 18250 24166 87128 53545 25589 2085 54505 17748 13059 16590 14566 4757 76292 1788 1296 24966 534 48138 35736 15439 16165 12402 28579 22010 11448 5500 20516 5418 1533 297 340 51069 4620 956 851 3885 22716 9253 5073 20297 9703 2649 9323 536 2948 1927 3340 1041 1737 46449 23241 1288
is_linear=0
shrinkage=0.05


Tree=42
num_leaves=63
num_cat=3
split_feature=22 1 32 8 18 4 0 20 8 31 1 21 14 16 10 17 1 16 14 1 8 30 9 3 8 13 0 17 8 3 31 31 9 9 8 9 14 11 8 14 18 1 3 3 1 9 17 21 4 31 32 8 30 14 31 20 9 18 8 9 32 0
split_gain=37.9744 28.2547 25.8272 25.3055 27.474 28.7403 24.4394 26.3651 23.4811 43.2309 23.604 19.8526 18.1518 24.7048 15.4812 15.1504 19.9679 13.8875 13.4114 12.9574 18.7213 19.9695 14.3615 17.3571 12.8782 15.1869 12.4296 25.0804 36.8655 14.3721 12.2666 12.1049 11.953 11.4528 10.8024 11.7034 10.6063 10.5678 10.4846 16.9817 11.2123 10.4816 10.4273 14.282 19.4277 13.6299 10.3753 11.5453 10.2148 10.1028 10.0054 11.2576 9.97611 9.5335 9.49893 9.09893 9.04378 11.8474 9.81167 13.449 9.03278 8.33971
threshold=10.633333245913191 6.5000000000000009 68.540000000000006 76.711500000000015 20.149999856948856 1.0000000180025095e-35 0 265.50000000000006 31.215000000000003 38.177000000000007 5.5000000000000009 17.750000119209293 15.399679606625261 0.55608333333333626 39.569475000000004 17.650000572204593 19.500000000000004 -0.037187499999998146 18.687726190476194 16.500000000000004 17.462500000000002 15.500000000000002 21.432500000000001 5.5000000000000009 17.142500000000002 43.535000000000004 1 4.1499998569488534 19.511000000000006 4.5000000000000009 32.439000000000007 59.45900000000001 73.416500000000028 56.775000000000013 13.054000000000002 11.095000000000001 22.183630952380955 122.06458333333335 4.4935000000000009 15.399679606625261 18.850000023841861 21.500000000000004 11.500000000000002 10.500000000000002 6.5000000000000009 2.8725000000000005 5.9500000476837167 6.7999999821186075 1.0000000180025095e-35 36.159500000000008 85.050000000000011 56.845000000000006 160.50000000000003 31.696151656314701 28.357500000000005 418.50000000000006 115.34400000000001 26.650000095367435 129.59150000000002 176.01000000000002 69.287500000000009 2
decision_type=2 2 2 2 2 2 1 8 2 2 2 2 2 2 2 2 2 2 2 2 2 2 2 2 2 2 1 2 2 2 2 2 2 2 2 2 2 2 2 2 2 2 2 2 2 2 2 2 2 2 2 2 2 2 2 10 2 2 2 2 2 1
left_child=6 38 26 4 5 11 7 8 9 -1 -10 12 17 31 15 16 33 -4 -7 -20 21 -21 -23 -24 25 36 27 28 -3 53 -19 -14 -31 -15 35 -29 46 -13 39 -2 -41 48 43 45 -45 -11 47 -8 52 -42 -40 -52 -12 -30 -16 -56 57 -5 59 -58 -38 -6
right_child=1 2 3 56 61 18 24 -9 10 42 41 37 13 14 54 -17 -18 30 19 20 -22 22 23 -25 -26 -27 -28 34 29 32 -32 -33 -34 -35 -36 -37 60 -39 50 40 49 -43 -44 44 -46 -47 -48 -49 -50 -51 51 -53 -54 -55 55 -57 58 -59 -60 -61 -62 -63
leaf_value=0.087025752627017283 -0.47558004336665616 1.3813470561346026 2.6223798438957773 -0.48908165491564015 0.9971613598905833 -0.53610307933185131 0.87332290861596396 -0.21844713526600901 -0.21470244317951137 -0.91716787000792199 0.92967571884793976 -0.51713523895798863 1.294636346144477 1.1192403070591503 -0.98528549102690133 -0.011171572219251759 0.052273955195834179 0.46291312347697589 -0.2436139418541993 0.093579462507843658 -0.12622681302306554 1.2552452389119126 1.2537728995515796 0.030778944247863649 -0.5048527598283975 0.40138998425594186 -0.46658366378445282 -0.44785294606860937 1.4986474891511534 0.098562011960044771 -0.41936224139080025 1.7090438671552146 1.9135134650595838 0.41460416165027286 -0.64983406918671616 0.44626204563695104 -0.40768884286780821 1.619401076857222 -0.5105866593269649 0.092629587119525431 0.69019563747600476 -0.12005238627539008 -1.0319897156177085 0.19573251446236101 3.3563203732405658 0.9513341595427498 -0.38047814035548982 -0.14119754864964379 -0.026688392892276626 -0.11338064782561474 0.31002800148352955 -0.15557324030150854 -0.01452015309223178 -0.4882073861432048 0.32142800866128385 -0.47944945418756257 0.098715779794791569 0.34520924890057753 -0.54267757352347401 1.5935742371306141 0.84593609325984864 0.37855345459637174
leaf_weight=4010.8315538167953 5098.721622094512 635.27704183757305 160.69196161627769 18555.214436158538 1053.9232022762299 4655.6594252735376 1065.0642845481634 7271.5945984721184 5807.8914442509413 234.82963798940182 6358.3111892491579 5717.2327727079391 907.08529986441135 4087.7604018896818 1035.0315836071968 2663.1073613315821 2219.0502980351448 1660.6865774840117 9798.4658146500587 935.97560392320156 3583.4606749266386 252.75765389204025 113.35374714434147 304.20137080550194 13816.56858818233 4502.1503965854645 20561.083192974329 2009.6718743294477 198.46792420744896 477.40494486689568 5811.2499943673611 138.84296357631683 415.09364567697048 1778.7178810536861 11903.965087741613 2301.1958803236485 443.03360053896904 146.49167332053185 36075.687511846423 4656.2597244530916 240.91670741140842 2199.2507656663656 162.24191844463348 124.40278691053391 211.63696548342705 2994.2907271385193 7535.894618794322 4007.592400431633 2062.4510254263878 135.90946501493454 195.83460330963135 318.7906511425972 1280.7491449713707 2555.8442244231701 6783.5140580236912 1727.5397495627403 3524.6405004411936 1205.862303674221 4429.1274708211422 443.14085288345814 1292.3208183050156 1802.5542482733727
leaf_count=11939 14171 2301 251 29752 2184 9729 2535 16327 11073 575 13446 10118 2091 7370 1800 3994 3916 3317 15038 1578 5456 380 162 417 28603 9367 66027 6465 816 1693 13649 152 1484 2906 37829 7515 1209 215 75584 10798 637 4300 565 466 794 5830 17818 10235 4211 459 319 520 2431 7678 10802 2362 5297 1948 6347 698 2227 3784
internal_value=-0.00073108 -0.0011185 -0.000730546 -0.000235545 0.000367277 0.000116619 0.000295683 0.00126131 0.00202041 0.00431788 0.00101628 0.000978966 0.00151593 0.00226435 0.00187787 0.0031792 0.00425641 -0.000576673 -0.00141266 -0.000684424 0.00133545 0.00581908 0.0123999 0.00667926 -0.000671784 0.000178103 -0.00176126 -0.000888359 0.00251428 0.000576498 -0.000890279 0.00975454 0.00608688 0.00578437 -0.00178759 0.000356911 -0.000617114 -0.00167403 -0.0021693 -0.000745812 0.00131437 0.00229146 0.0081938 0.00875799 0.0185603 0.00773247 -0.00112157 0.000626551 0.0029979 0.00959825 -0.00256343 0.0043533 0.00384083 -0.00121063 0.00041243 0.000962586 -0.00146302 -0.00204711 -8.83611e-05 0.0017172 0.00304664 0.00514629
internal_weight=238657 173275 126553 85495.3 57337.4 54480.9 65381.1 32718.5 25446.9 7738.23 17708.7 34837 28973.3 21340.6 20294.7 10748.6 8085.53 7632.63 19643.9 14988.2 5189.75 1606.29 670.313 417.555 32662.6 18846.1 41058 20496.9 4282.09 3646.81 7471.94 1045.93 892.499 5866.48 16214.8 4310.87 14343.9 5863.72 46722.1 10131.8 5033.09 11900.8 3727.4 3565.16 336.04 3229.12 12608.6 5072.66 9701.51 376.826 36590.3 514.625 7639.06 2754.31 9546.09 8511.05 28158 19761.1 8396.91 3967.78 1735.35 2856.48
internal_count=523960 380009 277521 145713 101671 95703 143951 71957 55630 20169 35461 62943 52610 35393 33150 18186 14192 17217 32760 23031 7993 2537 959 579 71994 43391 131808 65781 13972 11671 16966 2243 3177 10276 51809 13980 34024 10333 102488 26065 11894 24388 8230 7665 1260 6405 30588 12770 20088 1096 76423 839 15877 8494 14964 13164 44042 31700 12342 5995 3436 5968
cat_boundaries=0 1 2 3
cat_threshold=12 12 6
is_linear=0
shrinkage=0.05


Tree=43
num_leaves=63
num_cat=1
split_feature=0 23 31 21 1 4 17 1 14 17 31 17 31 6 15 31 22 24 26 17 24 21 32 1 22 1 4 1 1 6 13 1 31 31 30 32 9 15 26 24 32 1 22 12 28 32 15 31 31 32 31 9 31 30 1 26 9 13 9 23 32 16
split_gain=38.507 45.4937 44.1883 42.1514 27.566 26.3165 26.9404 27.2848 20.5833 28.4185 18.4639 18.2488 17.5006 17.3155 15.7936 15.65 14.485 13.848 17.098 12.6173 12.5252 12.257 11.6948 11.6101 11.1219 10.6291 12.6464 10.4198 10.2961 10.1618 11.0835 9.54024 9.54424 22.1665 9.50657 9.33083 27.0768 17.0147 13.566 9.12062 11.1496 9.00225 8.56197 8.52861 8.29864 15.3505 8.23142 10.3106 12.5648 8.12549 8.03717 7.84905 7.65852 7.53879 11.6751 7.27254 7.21868 7.21466 7.13019 7.10495 6.90893 9.67909
threshold=0 10.150000095367433 70.809500000000014 14.899999737739565 6.5000000000000009 1.0000000180025095e-35 17.250000000000004 20.500000000000004 92.35045238095239 3.7500000000000004 27.737000000000005 1.0500000119209292 28.167500000000004 4.5000000000000009 48.06506250000001 36.604000000000006 14.366666714350385 439.50000000000006 9.4499998092651385 9.8499999046325701 69.500000000000014 6.7499998956918725 79.020000000000024 19.500000000000004 19.350000063578289 4.5000000000000009 1.0000000180025095e-35 19.500000000000004 15.500000000000002 5.5000000000000009 42.400000000000006 15.500000000000002 48.699500000000008 48.669000000000004 1.0000000180025095e-35 76.045000000000002 13.118500000000003 20.208791666666674 1.8499999642372134 125.50000000000001 70.685000000000016 9.5000000000000018 18.566667000452679 -0.62249999999999994 18.100000460942592 75.100000000000009 9.9416458333333342 48.699500000000008 30.923000000000005 70.037500000000009 43.216500000000003 16.311000000000003 79.51900000000002 1.0000000180025095e-35 16.500000000000004 12.650000095367433 6.8715000000000011 197.69100000000003 191.60500000000005 14.150000095367433 67.802500000000023 -0.35095833333333343
decision_type=1 2 2 2 2 2 2 2 2 2 2 2 2 2 2 2 2 2 2 2 2 2 2 2 2 2 2 2 2 2 2 2 2 2 2 2 2 2 2 2 2 2 2 2 2 2 2 2 2 2 2 2 2 2 2 2 2 2 2 2 2 2
left_child=1 2 8 4 19 6 7 10 9 12 -6 20 -1 -5 -4 53 28 18 -17 21 23 46 44 24 43 -14 27 39 41 59 -31 -7 33 35 -30 50 37 38 42 40 -27 -13 56 -12 57 -46 -2 48 -48 -45 -33 60 -36 -11 -55 -43 -37 -20 -51 -3 -18 -62
right_child=3 29 14 13 5 31 -8 -9 -10 15 11 16 25 -15 -16 17 51 -19 22 -21 -22 -23 -24 -25 -26 26 -28 -29 34 30 -32 32 -34 -35 52 36 -38 -39 -40 -41 -42 55 -44 49 45 -47 47 -49 -50 58 -52 -53 -54 54 -56 -57 -58 -59 -60 -61 61 -63
leaf_value=-0.13532132659762439 -0.074528807107478556 -0.18185906120398948 1.5409641506038902 -0.56437601894707368 -0.50112822806791968 -0.32532568283460628 -0.3028244774890041 -0.3211796584741386 -0.21645499342929642 -0.26493839442315698 2.7852626217715706 0.49046393738139005 0.49084088183674912 -0.27303234687643502 0.019239558139084068 0.035475011952242855 -0.41558234365417168 -0.44187030896477392 0.56466733307651307 -0.50139704567118792 0.22178101154612515 -0.26261156759110271 -2.1346713608921228 -0.18131278127267692 0.274370427246307 2.0037818523415205 0.51853214722105467 0.55029756352054737 -0.14492021053106968 0.92244601830907846 -0.059687278912932844 -0.31840864341349917 -0.46258589718613141 0.95991170795474234 0.88539912644516117 0.043026035204229096 -0.11657893155964452 1.49906745000396 -0.40003846352861622 0.4385970033337131 3.8139656884704212 -0.27070208213696317 0.81544679200111148 0.8546276509512083 1.0274326695921345 1.4060227187295746 -0.35771715245340485 -0.21263611759938641 0.64297008177247061 1.313318558873116 0.41934921626095556 -0.22041410125766206 3.020871515245048 -0.039401394145615859 0.96399252530560775 0.24521016228675097 1.0203787032351741 1.1018604845802884 1.8682788333928118 -0.73324142911752477 3.846913242440209 0.39897207249481392
leaf_weight=786.17390103638172 3494.2798481285572 10344.603196397424 1772.1005923748016 24971.673878073692 2536.9106775075197 13911.2385699898 12514.788291931152 11514.154596462846 6605.6655631065369 5294.6541871577501 280.69787020981312 4794.0551198124886 832.36745736002922 17336.257298469543 502.80582457780838 3130.7300226539373 1097.2866153568029 1337.1150914728642 3594.6066360920668 16493.197221800685 3828.4408925026655 18906.32091987133 357.8924348950386 858.57159085571766 1991.1166636943817 475.94913430511951 569.39001500606537 315.85854479670525 1053.7347231060266 781.33020615577698 7813.5253268033266 5612.7600700557232 3756.0772293508053 105.89623379707336 4492.3814861029387 140.43553048372269 1335.5720763802528 106.43231976032257 226.61978787183762 116.99059504270554 336.81378471851349 3622.447929173708 110.59552955627441 1446.4097837805748 674.85820154845715 432.95056480169296 350.56912931799889 866.24178341031075 1472.3657022863626 2811.0525997132063 1598.3805916309357 9137.4106017500162 72.748938202857971 3648.2965040355921 1365.22554461658 2382.88789100945 109.20493376255035 822.40777707099915 116.84152817726135 7689.0592478662729 49.304043650627136 3231.6340329051018
leaf_count=2291 7898 22576 1825 55510 9525 30839 27295 25034 10172 14744 745 9436 2081 37445 509 6992 3567 2104 6664 33593 8851 44369 407 1951 4276 1277 1514 826 2410 2310 16771 17045 4999 135 8807 243 2129 135 387 318 853 7957 188 4037 1985 493 959 1105 3197 5773 3249 17654 75 10505 4319 4181 194 1980 216 17346 77 6701
internal_value=-0.0007346 0.000365992 0.00160744 -0.00110156 -0.000674023 -0.000203417 0.00032217 0.00079612 0.00110902 0.00178694 0.00136544 0.00161997 0.00599851 -0.00248044 0.00832975 0.00108671 0.000972953 0.00245998 0.00316436 -0.00174739 0.0033287 -0.00104117 0.00475279 0.00451581 0.00522257 0.00794313 0.0100881 0.0129087 0.00197084 -0.00117109 0.000243721 -0.00152318 -0.000554891 0.000300677 0.00370655 3.87762e-05 0.00303342 0.0110429 0.0076785 0.0155729 0.0174499 0.0010675 0.0136949 0.00656014 0.00532026 0.00918935 0.000891146 0.00297013 0.00510345 0.00601526 -0.000804074 -0.000239298 0.00469445 -0.000292301 0.00109715 -0.000222355 0.00850543 0.00434801 0.00752979 -0.00184537 0.00150119 0.00264965
internal_weight=238338 59601.4 32972.9 178737 136429 94846.1 67832.9 55318.1 30697.9 24092.3 43803.9 41267 3433.54 42307.9 2274.91 20658.7 29933.9 10350.6 9013.45 41583 11333.1 25089.8 5882.72 7504.69 6646.12 2647.37 1815 1245.61 16418.3 26628.5 8594.86 27013.2 13102 9345.9 5618.87 9240 2028.86 693.288 586.856 929.754 812.763 10799.4 360.236 4655 5524.82 1107.81 6183.46 2689.18 1822.93 4374.3 7211.14 13515.6 4565.13 10308.2 5013.52 6005.34 249.64 4417.01 2927.89 18033.7 4378.22 3280.94
internal_count=523049 130862 71859 392187 299232 208111 148568 121273 69525 59353 96239 86714 9160 92955 2334 50193 60865 20625 18521 91121 25849 57528 11529 16998 15047 6869 4788 3274 32866 59003 19081 59543 28704 23705 11292 23570 3276 1147 1012 2448 2130 21574 625 10771 11122 2478 13159 5261 4156 10026 20294 27999 8882 29568 14824 12138 437 8644 5989 39922 10345 6778
cat_boundaries=0 1
cat_threshold=8
is_linear=0
shrinkage=0.05


Tree=44
num_leaves=63
num_cat=2
split_feature=0 8 21 24 1 2 8 23 31 31 1 13 6 13 8 8 18 10 31 1 23 31 0 31 8 31 10 31 18 24 22 2 2 21 22 18 1 24 32 2 18 8 21 31 32 10 9 18 31 8 31 31 15 2 32 18 1 15 18 32 9 7
split_gain=34.8219 41.524 36.5481 31.865 25.3613 31.3194 30.5447 22.9647 22.5908 21.0061 19.6074 17.0271 16.3123 14.8749 17.0044 14.5138 13.2201 15.5363 13.1323 12.679 12.3765 11.2483 10.7957 14.0886 17.639 13.3998 11.0489 10.7123 10.2456 10.0498 10.0052 13.6357 13.4444 11.5361 9.78684 9.76261 10.4193 15.1886 9.65102 9.28141 9.2112 10.8926 9.50032 8.97463 8.81682 9.48543 10.4159 8.45924 12.2554 14.4647 8.0542 15.0888 9.58611 16.3764 14.338 8.2152 9.57544 8.04806 8.02915 7.95772 9.10877 7.94056
threshold=0 49.081500000000005 14.899999737739565 450.50000000000006 4.5000000000000009 3.5000000000000004 17.861500000000003 11.250000000000002 38.177000000000007 69.062500000000014 15.500000000000002 34.419000000000004 4.5000000000000009 117.12600000000002 105.93500000000002 -6.4449999999999994 17.350000023841861 74.911025000000009 32.160500000000006 21.500000000000004 10.949999809265138 46.237000000000002 1 40.541000000000004 4.3515000000000006 39.895500000000006 5.1779000000000002 32.682000000000009 27.250000000000004 1.5000000000000002 21.000000079472866 1.0000000180025095e-35 2.5000000000000004 10.375000000000002 9.233333309491476 11.450000047683718 15.500000000000002 3.5000000000000004 80.71250000000002 2.5000000000000004 3.2500000000000004 84.20650000000002 6.7999999821186075 59.45900000000001 77.637500000000017 32.358750000000008 20.015000000000004 1.0000000180025095e-35 30.113500000000005 85.378500000000017 40.522500000000008 40.541000000000004 3.0643125000000038 2.5000000000000004 68.58250000000001 3.1500000953674321 15.500000000000002 17.61375 10.350000143051149 76.780000000000015 108.39900000000002 24.088500000000003
decision_type=1 2 2 2 2 2 2 2 2 2 2 2 2 2 2 2 2 2 2 2 2 2 1 2 2 2 2 2 2 2 2 2 2 2 2 2 2 2 2 2 2 2 2 2 2 2 2 2 2 2 2 2 2 2 2 2 2 2 2 2 2 2
left_child=1 3 4 7 40 6 11 8 -1 20 34 18 -4 47 27 21 -17 22 57 -12 35 -7 25 24 26 -18 -24 -15 -29 -30 31 33 -33 -11 -10 36 -3 -38 -34 44 -2 42 -42 -21 -36 46 -46 -8 -49 61 -20 -52 53 -53 -55 56 -56 -6 -13 -26 -61 -50
right_child=2 9 12 -5 5 15 13 -9 10 30 19 58 -14 14 -16 16 17 -19 50 43 -22 -23 23 -25 59 -27 -28 28 29 -31 -32 32 38 -35 39 -37 37 -39 -40 -41 41 -43 -44 -45 45 -47 -48 48 49 -51 51 52 -54 54 55 -57 -58 -59 -60 60 -62 -63
leaf_value=0.23045352279630224 -0.55236844447510325 -0.29619797613903071 -0.53532586447957675 -0.32336999536638444 0.4030225267114716 0.29395215843919209 -0.56866926735764556 0.062000255809336484 0.92195946498415049 12.417236968827661 2.1056201745675858 0.4157356210944862 -0.25610922164830824 -0.18036482418388147 -0.27086156086255148 -0.28598435304395764 0.096505459620003897 -0.37588626418989257 -0.19322957045628153 0.2943892150363645 -0.5023666125065781 0.48831349522392742 0.15906191485827836 -0.67515019208255289 -0.30820434504657152 1.8507058418878946 1.1918264220932417 0.45753708332486132 0.36973819069584302 1.2672327892562862 -1.7867212181201333 -0.40030978916192944 1.6394254314010319 1.9843172532268119 0.89820849924916113 0.34281094031783721 -0.37474588846460793 0.54331177140533105 0.44479067053152943 0.28483787829962603 0.092877037880111868 -0.6594617337492199 -0.27183007995916741 2.2533026461658019 0.7853330461305128 0.60174684313017868 2.1940130466041943 -0.65731976531189251 -0.079340990536558922 -0.60930272773138872 1.5567367647516441 0.22774191533251165 0.046162952586492882 -0.59314976831821797 0.76010924605505115 3.2435317194483364 2.9425659390074275 1.9358361455714439 0.90818387396431532 0.24416473696071286 0.44505871490514581 0.45223630490941996
leaf_weight=5992.1522645652294 8772.7720579653978 9751.9324252009392 25006.862025439739 4675.7451767772436 1278.7868826240301 246.63097931444645 8381.2239684760571 6521.2452183812857 1254.1505556404591 96.006053686141968 1069.5550277382135 4955.9774390459061 17328.134932681918 1560.5231976509094 4950.731940060854 39704.421007916331 337.15601621568203 2153.2866621762514 5925.5862917900085 478.91364023089409 13028.907722562551 48.668805599212646 133.24151162803173 1455.0716480314732 651.2158440053463 268.10632053017616 216.67962144315243 4697.3401456922293 215.94108790159225 96.912349790334702 424.78086823225021 790.76806211471558 248.01628094911575 212.08075302839279 908.53321056067944 4221.8978239148855 2530.2422941476107 3507.9689162671566 682.3858277797699 2719.0974951535463 4548.5964732170105 2151.1494508385658 14276.842884778976 150.95653820037842 90.933083832263947 184.66892421245575 176.39197638630867 4032.522724121809 4815.5798944234848 4502.198818564415 74.939936459064484 934.24768000841141 4758.3452278673649 129.79961284995079 157.93712276220322 119.25450244545937 101.54214760661125 685.43750888109207 2259.0664898306131 1127.1343004107475 92.84299635887146 5747.7408596426249
leaf_count=17808 18433 19873 55481 10165 2979 929 17862 16824 2559 100 2540 10050 37464 3622 7864 85018 777 3482 18313 1242 27347 62 270 4583 2670 886 601 7748 347 155 437 815 260 218 2341 8942 5438 7412 693 5377 9940 3350 33586 161 98 220 201 14722 10288 7742 91 2278 9598 438 187 251 116 1559 5570 1905 149 11532
internal_value=-0.00073181 0.000313652 -0.00108074 0.00190971 -0.000682893 -0.000323296 0.000427505 0.00279665 0.00400923 -0.000775456 0.00593108 0.00194629 -0.00236435 -0.000405147 0.00110282 -0.0012996 -0.00137041 0.000731853 0.000939172 0.0106073 -0.00110698 0.00973143 0.00247403 0.00143572 0.00394423 0.00860209 0.0142315 0.00276999 0.00389652 0.0126448 0.00368681 0.00514715 0.00340842 0.0148183 0.00443944 -0.000326125 -0.000897173 0.000735011 0.00747914 0.00325051 -0.00197398 -0.0014049 -0.0010196 0.00496849 0.00662055 0.0123206 0.0183245 -0.00103742 -0.000456214 0.000199131 0.000328202 0.00157631 0.00130481 0.00487342 0.0120841 0.0169882 0.0119184 0.00473239 0.00392323 0.0020139 0.00439492 0.00121056
internal_weight=238618 59717.3 178900 24222.3 136565 106816 60381.6 19546.6 13025.4 35495 7033.2 21380.9 42335 39000.7 11521.4 46434.5 46139.2 6434.73 14165.9 1699.43 33040.9 295.3 4281.45 3676.19 2221.11 605.262 349.921 6570.72 5010.19 312.853 2454.04 2029.26 1721.17 308.087 5333.78 20012 15790.1 6038.21 930.402 4079.62 29749.4 20976.6 18825.4 629.87 1360.53 451.994 267.325 27479.3 19098 15065.5 12201.7 6276.07 6201.13 1442.78 508.533 378.734 259.479 1964.22 7215.04 1871.19 1219.98 10563.3
internal_count=523969 131071 392898 59536 299953 234644 133312 49371 32547 71535 14739 51430 92945 81882 19736 101332 100341 15323 35810 3943 69012 991 11841 10178 5595 1663 871 11872 8250 502 2523 2086 1768 318 10796 41665 32723 12850 953 8237 65309 46876 43526 1403 2860 519 299 62146 44284 29562 31272 12959 12868 3270 992 554 303 4538 15620 4724 2054 21820
cat_boundaries=0 1 2
cat_threshold=8 4
is_linear=0
shrinkage=0.05


Tree=45
num_leaves=63
num_cat=4
split_feature=8 14 7 8 6 20 4 1 3 31 12 7 26 22 31 1 31 1 14 24 14 11 4 0 0 31 12 15 8 8 31 31 18 21 31 21 0 1 8 18 24 24 0 31 11 3 31 1 8 31 3 3 1 3 23 22 8 17 31 19 22 3
split_gain=34.3792 56.2674 31.2965 33.5789 29.6857 28.4381 27.0877 26.9634 25.8973 23.1415 19.728 18.4931 18.223 16.945 16.3633 16.3346 16.326 15.0894 14.4031 14.2738 19.5473 14.1728 14.0062 13.2508 12.8744 12.7813 16.5774 12.7741 12.7311 12.5127 12.2465 12.1395 11.6683 11.3987 13.025 11.2487 10.8486 10.7302 12.4723 19.3385 12.4836 10.4079 15.9679 13.0105 10.1092 10.0656 9.99649 9.79255 9.40636 13.8715 28.2902 9.09548 10.1354 16.264 10.281 8.85556 8.82195 8.69778 12.1416 10.6386 8.61969 8.59302
threshold=17.142500000000002 11.141071428571431 64.822500000000005 78.903500000000022 5.5000000000000009 -1.0000000180025095e-35 1.0000000180025095e-35 16.500000000000004 6.5000000000000009 43.532500000000006 2.9100000000000006 142.72750000000005 11.750000000000002 18.933333158493046 48.39950000000001 4.5000000000000009 32.360500000000009 5.5000000000000009 35.566278467908909 267.50000000000006 27.171636904761908 22.007500000000004 1.0000000180025095e-35 0 1 43.216500000000003 0.032500000000000008 -1.0000000180025095e-35 7.9315000000000007 -6.4449999999999994 40.392000000000003 46.89350000000001 6.3499999046325692 8.20000007748604 75.473500000000016 8.3500001728534716 2 20.500000000000004 154.23000000000005 28.750000000000004 186.50000000000003 557.50000000000011 3 48.75950000000001 22.007500000000004 1.5000000000000002 27.737000000000005 19.500000000000004 10.696000000000002 59.45900000000001 8.5000000000000018 4.5000000000000009 17.500000000000004 5.5000000000000009 8.5500001907348651 17.866666515668239 -6.4449999999999994 2.2500000000000004 31.214000000000002 27.44999980926514 12.399999976158144 1.5000000000000002
decision_type=2 2 2 2 2 10 2 2 2 2 2 2 2 2 2 2 2 2 2 2 2 2 2 1 1 2 2 2 2 2 2 2 2 2 2 2 1 2 2 2 2 2 1 2 2 2 2 2 2 2 2 2 2 2 2 2 2 2 2 2 2 2
left_child=1 21 4 9 13 46 11 19 12 57 25 15 16 33 51 -7 -9 -5 -10 20 61 32 37 -16 -18 -6 27 -27 41 31 -14 -21 56 34 -2 -34 -35 38 39 40 55 42 -17 47 -28 -41 -3 -44 -22 -50 -51 -11 -53 54 -54 -19 -1 58 -4 -60 -46 -8
right_child=2 5 3 17 10 6 7 8 18 14 -12 -13 30 -15 23 28 24 22 -20 29 48 -23 -24 -25 -26 26 44 -29 -30 -31 -32 -33 35 36 -36 -37 -38 -39 -40 45 -42 -43 43 -45 60 -47 -48 -49 49 50 -52 52 53 -55 -56 -57 -58 -59 59 -61 -62 -63
leaf_value=0.42223099132297115 -0.18128213846345959 0.22606332816274205 -0.17748022039514988 -0.44693768676913842 0.09234385407930451 -0.014984390893264888 0.33587471046767092 1.0877038639761822 -0.32018412936507751 0.22633074234992884 -0.24952695357057808 2.2782281680342815 0.22366251487906688 -0.93903893730605081 0.61803792664013923 1.0757210376429975 1.581830329363755 0.49774175878090149 0.34378064056504914 0.13937098303021964 0.064989233041713848 0.36886195512440667 -0.56030168981355433 0.010039744421571585 -0.35180851848381622 3.4187942078765219 -0.30508093164558336 1.6458953385938351 0.18399912695148385 -0.46301510173468757 1.3708541296063648 0.42842165262594883 0.31913781143781716 -0.31943375637254584 1.4229644710995915 -0.330111453061876 -0.87313432208667019 -0.46126343255987728 -0.84307664166968999 0.7701347672279667 -0.30656105287101137 0.02213147108980671 0.69339080735548986 -0.013288773063454329 1.5332438896436174 0.53693285319508 0.70151012290611381 0.21244452493195995 0.26054752937805858 2.0601400486596866 0.28150272954697936 0.4664783629428243 0.74315200847448437 0.62497584165855224 1.658802215758076 -0.077185921264599611 -0.52283072603179981 -0.18584081126744253 0.24269636859492608 1.0228643673143349 1.1453630561089676 -0.39810147199304319
leaf_weight=222.60129217803478 13227.724999204278 196.23844601213932 2249.3889885395765 6697.360124617815 3793.5449348539114 9724.8934938013554 316.86837303638458 179.96011227369308 2013.2739171683788 863.19921323657036 17665.403448879719 323.04430834949017 148.95288197696209 14042.066969081759 2140.8578588068485 2204.1455050259829 207.90180289745331 7197.9602843821049 932.65745531022549 263.40991850197315 6143.6570074856281 1884.7827963083982 5470.6564196646214 4594.3696048855782 767.29837834835052 81.69625923037529 859.3614556491375 564.34872558712959 9915.9681690484285 7232.0410049557686 477.6066360771656 53.379042625427246 2654.2313136011362 19778.87992683053 451.14098745584488 9061.0978699177504 17483.409372210503 4396.4941617846489 4673.556082457304 250.82419466972351 5079.9590862691402 2293.1277927309275 5762.6728283762932 2681.454634308815 209.88241189718246 489.13427962362766 232.23178596794605 2021.0638872981071 1004.2806059271097 146.78239446878433 190.42743021249771 1944.094350874424 113.95297878980637 370.21735459566116 169.6472470164299 3677.8650033921003 14359.686438411474 8284.7241657078266 2213.6801448315382 65.172095119953156 425.35785567760468 5496.6192083954811
leaf_count=756 30764 1181 6505 10261 11475 22299 751 495 4794 1918 39062 596 582 32727 3202 5713 480 13552 1622 980 11684 4236 9205 6115 1715 124 1258 1214 21391 14192 621 68 7361 46461 465 24721 37223 7118 7758 406 8208 5040 13954 4232 325 778 1457 5138 2111 161 197 3198 150 725 224 6632 39913 19998 3942 111 600 13790
internal_value=-0.000722998 5.43892e-05 -0.00118629 -0.000314173 -0.00178628 0.00090887 0.000817847 -0.000418495 0.00299031 0.00119276 -0.000267408 0.00172315 0.00774694 -0.00233787 0.00297016 0.00161177 0.00401679 -0.00122823 0.000111824 -0.00119163 -0.00020586 -0.00179295 -0.000766417 0.00153389 0.00145579 0.00222661 0.0053147 0.0120009 0.00229094 -0.00292798 0.0146067 0.0067842 -0.00209315 -0.00191389 -0.000679382 -0.000917996 -0.00236705 -0.000278506 0.000184349 0.000823459 0.000456736 0.00321169 0.00377268 0.00294786 0.00241848 0.00871984 0.0137298 0.00398531 0.00148344 0.00527496 0.0140338 0.00576386 0.00724089 0.0126241 0.0216151 0.00141253 -0.00303713 -0.000221792 0.00154007 0.00411155 0.00719606 -0.0023808
internal_weight=238638 89112.4 149526 60943.1 88582.8 60930 60501.5 25575.1 4727.65 23009.3 23599.6 34926.4 1781.72 64983.2 10196.3 34603.3 1155.16 37933.8 2945.93 20847.5 13298.6 28182.4 31236.4 6735.23 975.2 5934.19 2140.65 646.045 24878.4 7548.83 626.56 316.789 26297.6 50941.2 13678.9 11715.3 37262.3 25765.8 21369.3 16695.7 15955.8 14962.5 12669.3 10465.2 1494.6 739.958 428.47 7783.74 7485.15 1341.49 337.21 3461.11 2597.91 653.818 283.6 10875.8 14582.3 12813 4528.24 2278.85 635.24 5813.49
internal_count=523935 212231 311704 110006 201698 135244 132606 54243 10309 46088 54058 78363 3893 147640 15532 77767 2690 63918 6416 43934 28694 76987 53657 9317 2195 14996 3521 1338 55468 15240 1203 1048 72751 114913 31229 32082 83684 44452 37334 29576 28392 34077 29037 23324 2183 1184 2638 19092 14153 2469 358 6215 4297 1099 374 20184 40669 30556 10558 4053 925 14541
cat_boundaries=0 1 2 3 4
cat_threshold=8 12 12 8
is_linear=0
shrinkage=0.05


Tree=46
num_leaves=63
num_cat=1
split_feature=0 23 8 1 24 32 31 1 19 1 28 8 10 20 31 12 14 31 1 31 24 1 2 14 10 8 14 32 9 8 14 30 31 31 32 32 31 26 2 32 31 31 31 2 32 9 2 11 9 24 11 15 16 31 31 9 28 14 8 8 14 11
split_gain=34.8503 47.6751 30.8192 27.5486 25.7834 25.5313 24.7395 23.2248 20.184 18.5886 16.9205 15.1948 14.776 25.8993 15.7005 14.8521 17.1613 14.1523 13.9904 13.1806 14.7675 18.608 19.2598 12.5998 12.4668 12.458 15.2411 11.7769 16.2229 11.6269 16.2264 13.8483 17.685 35.4582 13.1117 14.1312 12.5595 22.2512 11.7259 11.5597 28.4527 19.3611 14.4328 13.8853 12.7951 12.0147 11.0456 10.9442 10.7179 10.3094 10.2187 22.1017 9.70021 9.7002 9.362 8.94466 8.83781 8.80183 12.5111 11.3224 9.93538 9.70765
threshold=0 10.750000000000002 44.345000000000006 15.500000000000002 279.50000000000006 68.132500000000007 43.216500000000003 20.500000000000004 9.6500000953674334 5.5000000000000009 19.416666507720951 30.822500000000002 17.26145 -1.0000000180025095e-35 33.085000000000008 39.009000000000007 6.4075297619047653 59.45900000000001 12.500000000000002 30.113500000000005 311.50000000000006 20.500000000000004 4.5000000000000009 44.872901785714291 116.70800000000001 81.864000000000019 16.093889880952386 76.045000000000002 191.60500000000005 17.142500000000002 64.384791666666686 2.5000000000000004 58.494000000000007 61.590500000000006 69.885000000000005 69.287500000000009 47.644000000000013 0.84999999403953563 5.5000000000000009 69.822500000000005 45.748500000000007 47.205500000000008 34.332500000000003 4.5000000000000009 68.215000000000018 12.811000000000002 1.0000000180025095e-35 25.641666666666669 4.769000000000001 146.50000000000003 3.8787500000000006 21.429187500000005 -0.037187499999998146 32.682000000000009 44.072500000000012 2.5510000000000006 19.583333492279056 64.384791666666686 16.811000000000003 74.715000000000018 18.687726190476194 3.8787500000000006
decision_type=1 2 2 2 2 2 2 2 2 2 2 2 2 10 2 2 2 2 2 2 2 2 2 2 2 2 2 2 2 2 2 2 2 2 2 2 2 2 2 2 2 2 2 2 2 2 2 2 2 2 2 2 2 2 2 2 2 2 2 2 2 2
left_child=1 2 3 4 6 12 18 49 25 -4 23 56 13 -2 15 16 55 -9 -1 -11 21 22 24 -8 27 26 47 -21 -29 50 31 -31 34 48 35 -33 37 -32 -39 40 42 43 44 45 -10 -42 -35 52 -34 -5 51 -28 -7 -54 -12 -15 -3 58 60 -59 -41 -62
right_child=5 11 9 7 -6 8 10 17 39 19 54 -13 -14 14 -16 -17 -18 -19 -20 20 -22 -23 -24 -25 -26 -27 29 28 -30 30 36 32 33 46 -36 -37 -38 38 -40 57 41 -43 -44 -45 -46 -47 -48 -49 -50 -51 -52 -53 53 -55 -56 -57 -58 59 -60 -61 61 -63
leaf_value=0.014465340314975351 0.57253297015061499 -0.11052939822774768 -0.27941063565742186 1.8060052411770025 -0.30153031460444668 2.2091963358829574 -0.025271747152713433 0.1084270520825875 1.5714937416370649 -0.59749570024469623 1.2953529314008332 -0.41599614072146401 -0.73359064629271542 -0.45875361882765087 -0.34795219486685247 0.92174040427235926 -0.1466164376141304 1.4698840948932987 1.0507929738094874 0.55496284014280384 -0.47088429549045013 -0.18645172087677508 -0.28468009025152913 0.64361448835280444 0.28982356867098213 -0.35184457525774815 0.27532610398333052 0.94937211332992888 2.5817268445801744 -0.55083175431181708 0.15535111826678866 -0.079582145487768943 1.765183479831822 1.6341911302751209 -0.67265133637715957 1.5440703723208289 -0.66179791551446854 1.1649631961970042 -0.2843389656680323 -0.36619841188758184 2.4137753054356734 -0.19105772854041592 -0.59933755736380867 0.17890139741158928 0.076212111067494703 0.43562985705194318 0.022396425291334766 0.44126418591426247 1.6845354196210764 0.55898799064220595 0.27429354434624925 1.3314591623801455 0.16266395671034567 -0.49608788367108886 1.0803836652171448 1.4621925426389513 0.30880185333404281 0.32830494045993358 -0.93919285697620136 -0.32880603418497734 0.48211959546502858 -0.043100194328390989
leaf_weight=10875.77530375123 153.49978619813919 12059.992105215788 10693.279990926385 1954.1647125184536 5635.4403406381607 198.2793565094471 1874.9354062080383 3383.2955623269081 153.23325289785862 3136.4293473064899 76.417798757553101 32997.385764688253 15242.095555573702 173.14400619268417 19181.154776960611 68.824882179498672 1906.2827170789242 403.0445162653923 616.52277211844921 5566.67480070889 3258.3999611139297 5885.8602350503206 2969.3781698942184 3652.4078947007656 5271.7872703671455 6083.5040184408426 598.61736768484116 2549.514180123806 99.612369358539581 3943.4802294373512 1349.5584195256233 511.90246179699898 106.19086676836014 192.18349987268448 2749.9849889725447 305.6459695994854 519.2854505777359 394.13730716705322 82.473995923995972 12919.084905728698 309.96698415279388 491.08361953496933 2290.5644817352295 207.4766263961792 2197.2334276884794 187.90533030033112 1153.8647943735123 993.88393698632717 177.21892893314362 1853.6219130605459 6549.4764340668917 356.64967048168182 2207.1178520172834 6950.2008570581675 1249.9977902770042 591.64037665724754 3220.152769908309 1849.3076484799385 16527.051986709237 2726.5688994526863 729.3577378988266 5823.8241035938263
leaf_count=33021 949 30216 19578 5494 11747 301 3150 9781 553 9016 152 68209 52033 402 56569 397 6958 428 1680 12790 5618 10608 5755 5964 9032 9073 1115 3965 198 6093 2185 1347 116 202 3907 568 587 537 110 25798 414 968 7131 278 5849 254 1201 1906 194 4477 10720 458 4420 15479 2347 1518 8561 2683 23788 4102 1304 9223
internal_value=-0.000731674 -0.000127445 0.00069677 0.0018608 0.00102963 -0.00133644 0.00193825 0.00448509 -0.0008423 -0.00023539 0.00431559 -0.00133972 -0.0024204 -0.00159354 -0.00173724 0.00180278 0.00120722 0.00171149 0.00052021 0.000426843 0.000801668 0.00126028 0.00212318 0.00309751 0.00292572 5.65211e-05 0.000483502 0.00414331 0.00688715 0.00132475 0.000324641 -0.000627435 0.00106782 0.0053819 -0.000903582 0.00465214 0.00403366 0.00598404 0.0152597 -0.0015283 0.000552003 0.00742377 -0.00122072 0.012725 0.00153156 0.0172462 0.001991 -0.00106012 0.0214233 0.00724189 0.00285516 0.00768378 -0.00159016 -0.00182747 0.00938532 0.00752946 -3.61785e-05 -0.00182759 -0.00209014 0.000237916 -0.0012313 0.000354453
internal_weight=238437 119284 71006.6 31575.6 23981.5 119153 18346.1 7594.13 81836.3 39430.9 6853.76 48277.5 37316.6 22074.5 21921 2739.89 2671.07 3786.34 11492.3 28737.7 25601.2 22342.8 16457 5527.34 13487.6 35423.7 29340.2 8215.8 2649.13 18990.7 11485.9 9140.47 5196.99 1629.46 3567.53 817.548 2345.46 1826.17 476.611 46412.7 5837.46 1196.43 4641.03 705.349 2350.47 497.872 1346.05 10349.5 283.41 3807.79 7504.74 955.267 9355.6 9157.32 1326.42 764.784 15280.1 40575.2 35999.3 4575.88 19472.3 6553.18
internal_count=523477 261787 154801 78241 58061 261690 46314 20180 142864 76560 11613 106986 118826 66793 65844 9275 8878 10209 34701 56982 47966 42348 31740 9114 25985 60519 51446 16953 4163 29340 17047 13628 7535 1713 5822 1915 3419 2832 647 82345 15447 1914 13533 946 6402 668 1403 22106 310 9971 12293 1573 20200 19899 2499 1920 38777 66898 60113 6785 36325 10527
cat_boundaries=0 1
cat_threshold=12
is_linear=0
shrinkage=0.05


Tree=47
num_leaves=63
num_cat=2
split_feature=21 1 2 1 20 23 0 0 14 17 1 21 9 17 13 6 17 23 11 16 12 14 32 32 15 9 17 1 9 32 32 32 17 9 28 9 24 32 14 6 16 32 14 17 32 9 2 13 6 12 12 25 2 9 9 28 21 2 6 14 24 26
split_gain=32.7363 27.5687 37.8528 27.4432 27.3795 22.7904 28.2354 21.6027 21.5005 32.7085 16.2135 15.4162 11.7945 10.5969 10.119 9.0276 10.6682 8.9345 8.84358 8.79644 10.1129 8.60251 8.44081 17.8691 8.21214 8.77124 8.23836 7.99435 7.90217 7.86697 7.80201 13.9545 14.6148 12.1837 16.9161 7.23024 7.13155 6.94619 7.66216 6.90134 7.45327 6.79167 6.75969 11.5054 7.46447 9.0729 7.2319 8.90554 6.73822 10.7188 8.31364 6.82017 6.70979 6.7792 9.78178 7.81598 7.31039 8.8603 6.69845 6.55862 6.48112 6.4559
threshold=16.399999737739567 5.5000000000000009 4.5000000000000009 21.500000000000004 351.50000000000006 10.250000000000002 0 1 62.476708333333342 2.8500000238418584 15.500000000000002 8.3000000864267367 131.81600000000003 -12.65000009536743 64.905000000000015 4.5000000000000009 -2.6499999761581416 8.3499999046325701 6.4772708333333346 58.046687500000012 3.4200000000000004 28.054169642857147 68.540000000000006 69.822500000000005 51.031104166666672 34.964000000000006 17.349999427795414 19.500000000000004 9.6725000000000012 85.917500000000004 76.810000000000016 78.492500000000021 4.3500001430511483 31.517500000000002 21.70000060399374 0.97150000000000014 570.50000000000011 63.147500000000008 4.7776904761904779 2.5000000000000004 -0.35095833333333343 78.552500000000023 34.78580357142858 14.250000000000002 83.987500000000026 61.145000000000003 1.5000000000000002 69.637500000000003 5.5000000000000009 74.285000000000011 4.0150000000000006 13.34999990463257 2.5000000000000004 15.175000000000002 2.2110000000000007 14.533333222071333 8.9499998688697833 5.5000000000000009 5.5000000000000009 103.74714583333335 292.50000000000006 2.4500000476837163
decision_type=2 2 2 2 8 2 1 1 2 2 2 2 2 2 2 2 2 2 2 2 2 2 2 2 2 2 2 2 2 2 2 2 2 2 2 2 2 2 2 2 2 2 2 2 2 2 2 2 2 2 2 2 2 2 2 2 2 2 2 2 2 2
left_child=1 14 3 4 5 6 8 12 9 21 60 42 -2 -13 29 -9 18 52 28 20 35 -3 -6 -24 25 26 37 -12 -17 39 -10 32 33 -32 -35 -11 -25 -7 -39 -1 61 -40 43 46 -44 -46 -8 -48 49 51 -50 -27 -16 54 -54 -55 57 -56 -37 -43 -4 -41
right_child=7 2 10 -5 22 24 11 15 30 19 27 13 -14 -15 17 16 -18 -19 -20 -21 -22 -23 23 36 -26 48 -28 -29 -30 -31 31 -33 -34 34 -36 58 -38 38 41 40 -42 59 44 -45 45 -47 47 -49 50 -51 -52 -53 53 55 56 -57 -58 -59 -60 -61 -62 -63
leaf_value=-0.58598546688679598 -0.2533564959865503 2.1696796959314426 -0.22958082636500238 -0.36680496300712523 -0.29651480206408642 -0.33206926912799056 0.50531964920050998 -0.50089534313509432 0.061003602122821125 4.3722188327455065 0.096923747266099272 1.6113366778020719 0.82792756868999229 -0.18650834450168549 -0.16904476364481696 0.32188520832087608 -0.46600964881157625 -0.23534803133399473 -0.099833254768525503 1.7785872229332904 0.27424557390595083 1.7531343241376511 0.52972374462480809 0.0057270491686786332 -0.7143993914794321 0.10538261603500772 -0.30287059534546279 -0.21527439178741403 1.1834724069242206 0.40664050444712424 -1.3964147236803974 0.33172126031597815 0.15892755496609112 4.6618311752084134 0.51405701351105648 0.7005034126246521 -0.45958864412002765 -0.54548825366627052 0.62184944046649882 -0.50089858678381238 -0.32603554721905398 -0.19750026602105139 -0.035833164361833168 -0.19150392910996816 -0.41113814131462761 2.1441635687430507 0.99262766107790201 1.3427343741468321 0.94710062999171996 0.25792915161094926 -0.0036009673434296732 -0.54973287093896561 -0.2005868236638243 -0.19621854238909933 0.69175761000956093 0.19711222028340636 0.2818057450546313 -0.096458019708052595 1.4616399034507965 0.50306076542954448 -0.45403925100991105 1.041836381591503
leaf_weight=6513.3687673062086 18667.816849008203 172.62526695430279 15063.792332202196 12242.918600335717 8664.4708839952946 1210.9805583506823 1138.1449958086014 11983.696659609675 4663.5354344844818 94.22210305929184 9395.8372607380152 425.18757416307926 1532.1484328955412 11446.316480219364 6428.1929516643286 196.97856664657593 7359.9943618625402 12057.131292179227 504.14058035612106 418.34519153833389 4061.9130365848541 1285.0223690122366 1856.9477660059929 8852.853193461895 1451.1841408908367 2628.5614723563194 1409.6953709721565 9773.7142961025238 149.47901923954487 62.471404612064362 74.137579083442688 2843.002391576767 418.05138808488846 332.08742740750313 142.57518094778061 2633.2067034691572 3779.2121737748384 1015.8105687946081 7579.2710589021444 124.10924857854843 17124.04826721549 1590.7234333753586 2339.8090751767159 987.24623058736324 85.517983853816986 148.63227236270905 1654.5304090827703 390.44073992967606 1505.9755663871765 2149.5627715140581 4345.2060057073832 7664.8239422738552 1032.5745210796595 3912.0704405605793 751.7963188290596 1951.7382936924696 932.85169564187527 237.64190170168877 794.72490471601486 128.28939974308014 7961.5749501883984 279.33079016208649
leaf_count=16496 41069 565 33935 26801 30965 4523 2576 26556 9172 354 20565 805 2807 25387 12399 458 15579 23099 1124 1004 9219 3414 4864 12940 3208 5744 3342 21507 352 102 152 3819 547 751 229 7372 5444 2772 16970 204 43286 2414 4106 2367 140 243 3653 766 3422 3365 7957 16363 2459 7130 1347 3609 1991 403 2127 192 16996 419
internal_value=-0.000722006 -0.000457634 -0.00010872 0.000401124 0.00069592 0.00119371 0.00205153 -0.00201932 0.0034667 0.00510704 -0.0013729 0.000685879 -0.000861553 -0.000398284 -0.00145412 -0.00317532 -0.00189937 -0.000794977 0.0033994 0.00385129 0.00346095 0.0119936 -0.000792469 -5.41856e-05 0.000234298 0.000405202 0.0014017 -0.000298695 0.00953699 -0.00220073 0.00163907 0.00331736 0.00850315 0.013861 0.0168007 0.00542139 -0.000727522 0.00184303 0.00226364 -0.00224705 -0.00173046 0.00271407 0.00259504 0.0038384 0.000579816 0.00907167 0.0053006 0.00707808 -0.000299404 -0.000957415 0.00109983 -0.00162804 9.3516e-06 0.000904835 0.00285729 -7.93566e-05 0.00496487 0.00795678 0.00504214 -0.000123364 -0.00226716 0.00497902
internal_weight=238622 198228 146821 104626 92382.8 69229.4 36549.3 40394.3 17933.4 9460.06 42194.9 18615.8 20200 11871.5 51407.3 20194.3 8210.59 27304 850.598 8002.41 7584.07 1457.65 23153.5 14489 32680.1 31228.9 12934.8 19169.6 346.458 24103.3 8473.39 3809.85 966.852 548.8 474.663 3522.15 12632.1 11525.1 10314.1 24040.9 17527.5 9298.28 6744.32 4170.36 2573.96 234.15 3183.12 2044.97 18294.1 12442.9 5851.18 10293.4 15246.9 8818.67 2954.86 5863.81 1922.29 989.438 3427.93 1719.01 23025.4 403.44
internal_count=523946 436001 323057 230054 203253 149040 78768 87945 38725 24055 93003 40043 43876 26192 112944 44069 17513 52437 1934 20076 19072 3979 54213 23248 70272 67064 30213 42072 810 60507 14670 5498 1679 1132 980 9853 18384 26871 22348 60405 43909 19576 13851 9362 4489 383 6995 4419 36851 25472 11379 22107 29338 16939 6200 10739 3741 1750 9499 2606 50931 623
cat_boundaries=0 1 2
cat_threshold=12 12
is_linear=0
shrinkage=0.05


Tree=48
num_leaves=63
num_cat=0
split_feature=8 14 31 7 8 1 31 17 6 4 9 13 17 20 9 16 28 8 17 4 20 12 32 5 19 3 31 23 3 9 4 4 31 31 1 16 31 12 32 32 32 9 4 16 16 16 28 31 20 32 20 8 3 17 23 31 32 9 17 25 9 31
split_gain=29.4682 51.3725 32.3367 28.6258 28.1601 27.2206 25.4576 22.3788 22.005 21.0184 28.9722 22.581 19.4306 19.3703 15.566 15.0338 14.9278 12.7611 12.6915 12.6135 12.4736 12.3967 11.7883 10.6207 10.5924 10.3913 9.53933 9.43079 9.30322 11.4915 10.5694 10.1158 9.53808 9.07469 9.01828 8.83649 8.72016 14.6537 9.56562 8.56122 13.2415 13.1604 12.8876 13.636 8.51323 8.50705 15.8423 8.88895 9.75765 8.38139 8.29919 8.27692 10.3839 19.1903 8.73376 8.64626 13.4964 16.9775 8.37909 8.2783 8.17238 26.0047
threshold=17.861500000000003 22.965565476190477 31.353000000000005 46.076500000000003 67.25500000000001 16.500000000000004 30.568500000000004 -2.0499999523162837 5.5000000000000009 1.0000000180025095e-35 45.676500000000004 43.535000000000004 13.750000000000002 259.50000000000006 106.9585 2.326000000000001 12.233333309491476 -6.4449999999999994 9.6500000953674334 1.0000000180025095e-35 7.5000000000000009 2.9100000000000006 78.990000000000023 1.0000000180025095e-35 13.949999809265138 5.5000000000000009 43.532500000000006 18.650000572204593 7.5000000000000009 21.432500000000001 1.0000000180025095e-35 1.0000000180025095e-35 65.46050000000001 40.541000000000004 21.500000000000004 0.68395833333333333 43.69700000000001 3.1725000000000003 76.780000000000015 73.395000000000024 67.447500000000005 4.0710000000000006 1.0000000180025095e-35 26.940416666666671 -0.35095833333333343 -0.16458333333333838 20.733333746592205 71.881000000000014 7.5000000000000009 75.987500000000011 73.500000000000014 92.566000000000017 8.5000000000000018 3.5499999523162846 9.9499998092651385 35.877500000000005 69.235000000000014 191.60500000000005 15.550000190734865 10.250000000000002 4.769000000000001 43.532500000000006
decision_type=2 2 2 2 2 2 2 2 2 2 2 2 2 10 2 2 2 2 2 2 10 2 2 2 2 2 2 2 2 2 2 2 2 2 2 2 2 2 2 2 2 2 2 2 2 2 2 2 10 2 10 2 2 2 2 2 2 2 2 2 2 2
left_child=1 2 7 8 6 13 -5 27 24 11 17 18 34 15 -6 -3 35 -11 20 60 -4 45 -13 -17 -2 26 -12 -1 29 30 -14 -30 33 -33 -7 -8 38 -38 -18 40 -9 -42 43 -43 -22 46 -10 -47 -49 -32 -20 58 55 54 -54 56 -53 -58 -16 -55 61 -15
right_child=3 5 9 4 14 12 16 39 21 10 25 22 28 19 51 23 36 -19 50 -21 44 -23 -24 -25 -26 -27 -28 -29 31 -31 49 32 -34 -35 -36 -37 37 -39 -40 -41 41 42 -44 -45 -46 47 -48 48 -50 -51 -52 52 53 59 -56 -57 57 -59 -60 -61 -62 -63
leaf_value=0.80251217890479731 -0.39268575722388344 0.68834478017115119 -0.22458554731301988 -0.3523337417938926 -0.32663889459016127 0.74706467656424358 0.65458738984275411 -0.31695006018680555 2.9199663837319858 0.30014775032700247 -0.13510955834561253 0.32342079411132335 -0.26315640809069624 0.0035844119089134098 0.15980311279528153 0.19243389878586203 0.029814384611266221 -0.41959919419203118 -0.52926698323917076 -0.32464316098056312 2.2281767408017936 -0.26982451757079334 1.2070339394479384 -0.73562951417128808 -0.85776563038644049 0.09314402838018393 1.3758693441562357 -0.86421856373294981 2.4849930779879204 0.12762047565973483 1.0773205034535358 1.3508005242779562 0.55279039564707311 -0.53034662794722431 0.015069675892083013 -0.0045344261352383347 1.2186834596793383 0.48762343397557972 0.27339238231355129 -0.3266289895143073 0.076863814435104774 0.4697963109738954 -0.15269774063493102 2.295753387301477 0.31169206729504606 0.17804509708504909 -0.35298516573671324 0.1965745654731883 2.9215136710460099 1.4086782989233555 -0.17942112484553796 -1.1210060552149959 5.3910954328787248 2.4420989962260928 1.4770176748419752 -0.4246681883249358 0.310223732325348 1.7662570982888852 0.72348320949691147 -0.021703024886293321 0.0022361723392471332 1.0843180304414493
leaf_weight=1628.7804188430309 31289.342060893774 2772.1836729794741 9162.0131040513515 5295.5227157473564 33851.537395089865 2371.9280331283808 429.00797337293625 587.82955603301525 64.584279775619507 309.01335160434246 75.646886274218559 5609.1405714005232 71.256899312138557 681.99911761283875 2274.3184038847685 14600.487641319633 4282.1007064133883 15255.070714399219 6743.6911626160145 5886.3661763072014 157.18545153737068 12114.202718555927 116.13795655965805 762.57030494511127 20497.916406646371 201.48854403197765 222.71339839696884 205.85090756416321 518.09655173122883 607.79618090391159 103.40598072111607 129.1751943230629 189.57895469665527 208.23643288016319 1930.3189576417208 11737.015946358442 520.94769647717476 5312.025035649538 1158.2266924381256 1486.5069645941257 358.22663843631744 98.00241656601429 102.45654153823853 169.74472451210022 4672.3893355429173 4614.5057287961245 70.081990420818329 165.92779415845871 147.55819684267044 59.791631102561951 8568.0155990123749 1621.9727237820625 128.67093002796173 407.24482077360153 87.888638854026794 6754.9076233357191 1901.3809247612953 102.99486143887043 573.66695974767208 2412.3696299642324 4116.908848837018 260.08281174302101
leaf_count=3515 70423 8094 25130 19962 62292 5438 1309 3015 92 1065 210 13492 162 1815 3998 28326 9886 39650 18160 11135 247 26099 128 1586 46129 525 315 391 966 1272 257 365 200 231 4215 21751 843 8401 1913 2664 870 526 356 368 11826 12336 136 171 152 72 21638 3127 339 620 240 9851 3123 170 770 3573 7913 344
internal_value=-0.000723729 -1.58555e-05 -0.000960942 -0.00115951 -0.000508785 0.00147745 0.000739069 0.00303638 -0.00190352 -0.00132381 -0.00282129 -0.000637014 0.004488 0.000836541 -0.00122425 0.00183902 0.00144646 -0.00320201 -0.00119816 -0.000824465 -0.000109591 -0.000352687 0.00223477 0.0012273 -0.00241789 0.00901622 0.0149248 0.00732784 0.0087165 0.00479767 0.0141758 0.0118671 0.00696935 0.00191267 0.00263142 0.000231773 0.0027572 0.00410007 0.00131692 0.000225672 0.0031611 0.00766174 0.0142594 0.0200118 0.00194641 0.00172492 0.0140772 0.00138459 0.00951822 0.0211549 -0.0021928 4.69783e-05 -0.000472709 0.00209888 0.0164071 -0.00122494 0.000744328 0.0034875 0.00249463 0.000994515 0.00100634 0.00520471
internal_weight=238816 91000.1 55729.9 147816 78851.8 35270.2 28734.8 4637.4 68964.1 51092.5 16063.9 35028.6 6189.58 29080.6 50117 18135.2 23439.3 15564.1 29303.3 10945.4 13991.6 17176.9 5725.28 15363.1 51787.3 499.849 298.36 1834.63 1887.34 842.251 234.455 1045.09 526.991 337.412 4302.25 12166 11273.3 5832.97 5440.33 2802.77 1316.26 728.43 370.204 267.747 4829.57 5062.66 134.666 4927.99 313.486 163.198 15311.7 16265.4 13417.4 3036.17 216.56 10381.3 3626.35 2004.38 2847.99 2819.61 5058.99 942.082
internal_count=524188 216482 144091 307706 152168 72391 64065 11705 155538 132386 41765 90621 13178 59213 88103 38006 44103 40715 77001 21207 37203 38986 13620 29912 116552 1050 525 3906 3525 1763 491 1762 796 596 9653 23060 21043 9244 11799 7799 5135 2120 1250 894 12073 12887 228 12659 323 329 39798 25811 21043 4772 579 16271 6420 3293 4768 4193 10072 2159
is_linear=0
shrinkage=0.05


Tree=49
num_leaves=63
num_cat=4
split_feature=22 1 2 8 0 17 24 1 9 32 0 8 17 31 8 20 0 31 8 17 32 23 3 17 9 31 31 0 8 8 22 8 13 8 31 8 3 3 17 2 12 2 3 32 32 7 31 32 9 9 16 1 31 1 31 3 2 9 3 26 3 3
split_gain=31.9331 33.3875 39.9308 26.4556 28.9639 22.3722 21.6861 19.7935 17.8143 17.6544 17.1724 22.1944 36.2082 25.0363 16.7345 14.0848 13.7615 19.8839 18.7356 22.5014 13.6527 13.3717 21.5828 13.4841 15.2347 12.9883 19.8462 14.0295 21.7052 18.9764 13.4111 15.165 12.3933 14.0818 14.8533 12.2017 12.9142 13.7256 11.3369 11.2827 12.2523 19.6823 13.2626 12.2563 16.801 16.3894 11.0539 10.7186 10.6655 13.1227 11.7085 10.5188 10.4461 10.1079 18.0129 11.6919 10.0913 12.1683 16.8737 10.3188 10.0671 20.8399
threshold=22.466666618982952 5.5000000000000009 3.5000000000000004 12.031000000000001 0 -3.7499999999999996 417.50000000000006 21.500000000000004 176.01000000000002 77.750000000000014 1 63.821500000000007 3.1499999761581425 28.907500000000002 -6.4449999999999994 397.50000000000006 2 60.909500000000008 68.19250000000001 -2.4500000476837154 79.100000000000009 8.2500000000000018 7.5000000000000009 3.8500000238418584 83.875000000000014 43.532500000000006 46.923500000000011 3 34.022500000000008 32.182500000000012 12.133333404858908 1.4810000000000001 49.975000000000009 114.12600000000002 31.132500000000004 99.450500000000019 3.5000000000000004 11.500000000000002 4.7500000000000009 1.0000000180025095e-35 0.49000000000000005 1.5000000000000002 8.5000000000000018 64.982500000000016 62.742500000000007 32.353500000000004 46.237000000000002 72.290000000000006 18.426000000000005 2.8725000000000005 14.559354166666665 14.500000000000002 41.223500000000008 16.500000000000004 58.494000000000007 3.5000000000000004 1.0000000180025095e-35 6.6510000000000007 5.5000000000000009 4.0499999523162851 8.5000000000000018 7.5000000000000009
decision_type=2 2 2 2 1 2 2 2 2 2 1 2 2 2 2 10 1 2 2 2 2 2 2 2 2 2 2 1 2 2 2 2 2 2 2 2 2 2 2 2 2 2 2 2 2 2 2 2 2 2 2 2 2 2 2 2 2 2 2 2 2 2
left_child=1 25 3 4 9 -6 7 10 14 38 11 12 13 -5 46 16 17 18 19 52 -10 22 -13 24 -24 -1 35 28 29 30 31 47 -12 34 -34 36 -27 56 -3 -7 -41 42 43 44 -42 -45 -4 -28 49 -33 -51 -47 -16 -14 55 -55 -38 58 59 -58 61 -36
right_child=-2 2 8 6 5 39 -8 -9 20 -11 32 21 53 -15 15 -17 -18 -19 -20 -21 -22 -23 23 -25 -26 26 27 -29 -30 -31 -32 48 33 -35 60 -37 37 -39 -40 40 41 -43 -44 45 -46 51 -48 -49 -50 50 -52 -53 -54 54 -56 -57 57 -59 -60 -61 -62 -63
leaf_value=-0.31983117476632406 -0.39401979797289455 1.2961451102757886 0.256670545074352 0.4803344963039699 1.4016022263679908 -0.29850301340068092 -0.4102132231198794 -0.41917739816308419 0.20470662109102167 1.7919381473105234 -0.3876146562397253 0.00868674823447293 0.14519961112137736 2.039861857306343 0.14476312145529349 -0.40702255536094545 -0.2477946667308836 0.52515087586471909 -0.42198993585021044 0.020419106790755138 2.0816787158992436 -0.081881578496975749 0.84016497670955781 0.88651262489339411 5.8221396451891847 -0.86560376632670322 1.2027149997306468 -0.48063163295713845 -0.37922894231788046 1.7149230779199123 -0.11921065447819786 -1.2749875572871368 -0.51927853360484633 -0.62893448439806399 0.47244543517418336 -0.44877357088226155 -0.18886598155537726 -0.59424595635898958 0.46176589094102988 -0.19126434430783146 0.14278195305923802 0.13042472378458214 0.0277158841307255 0.87467655324268245 4.3541291837406702 0.55440485968744113 0.39917709628475501 1.2724305682518335 0.092228968841043729 1.2317057155722964 0.57430440788743586 2.2385927296333392 1.9986458125816768 2.0935954431398414 2.6087044799164709 0.51401728622621234 0.50751343911306435 0.37552088981979193 0.24301449616729479 2.1233667886001419 0.015614297530103727 1.5817975661017858
leaf_weight=31701.069818913937 21941.149330407381 458.69985431432724 433.65482157468796 597.94182175397873 1644.5242726653814 3981.5026104301214 10749.343190848827 7499.7740175127983 202.00904795527458 632.26644307374954 10862.341783240438 4859.7255351245403 5786.8427374213934 1039.6083612591028 198.35109926760197 12610.917359143496 28697.78850325942 3233.1052758097649 8381.5167501270771 14795.125486567616 146.19210070371628 12497.526243507862 219.89773428440094 2698.2469109147787 240.36653745174408 666.97263178229332 58.851316809654236 8941.3500491976738 5704.5451226830482 117.491779088974 1730.282672226429 105.85774371027946 1695.1127835959196 2731.68433855474 3478.9715897589922 622.51324936747551 517.00862136483192 429.9533152282238 4188.454176440835 4336.9125539511442 58.496407881379128 5217.4525544792414 778.23853805661201 1362.9205595552921 92.995036453008652 127.75962483882904 63.58397650718689 116.8645316362381 786.67432224750519 170.68779218196869 158.85223168134689 113.33546364307404 258.24799516797066 216.37172500789165 139.18685531616211 2012.4978654831648 161.14184355735779 2592.4331522583961 230.65991041064262 254.22797882556915 1819.7836499363184 532.14341533184052
leaf_count=84839 50683 1485 1581 1915 4577 8834 21155 15464 386 805 24780 9787 13989 3021 458 26411 62457 3414 16417 38133 191 24457 500 4862 635 1972 94 12978 8086 218 2615 192 6287 4201 5693 832 717 1499 11589 11962 156 11215 1767 2628 241 231 81 202 1167 205 202 183 859 596 152 5642 216 3613 607 338 2814 720
internal_value=-0.000728455 -0.000544453 -0.000182309 0.000495796 0.00196637 0.000995004 1.0483e-05 0.000387235 -0.00109277 0.00521307 0.000737183 0.00149958 0.00345838 0.010241 -0.00115003 -0.00121674 -0.000874328 -6.0727e-05 -0.000563908 0.000479727 0.010172 0.00056522 0.00215874 0.00537575 0.0132778 -0.00160777 -0.000713312 -0.00151938 -0.000118053 0.00314565 0.00240084 0.00604149 -0.000357447 0.00088873 0.00200479 0.00192064 0.00276623 0.00379592 0.0041546 0.000426946 0.0011873 0.0023779 0.00599249 0.00839991 0.0219569 0.00710663 0.00798025 0.0197352 0.00405801 0.0103269 0.0152355 0.0190985 0.0113996 0.00209531 0.00484641 0.00375114 0.0047648 0.00580016 0.0119359 0.0179458 0.00320233 0.0046014
internal_weight=238700 216759 161691 92670.9 22993.6 17714.1 69677.4 58928 69020.5 5279.42 51428.2 30308.2 9792.45 1637.55 68672.3 68175.1 55564.1 26866.3 23633.2 15251.7 348.201 20515.8 8018.24 3158.51 460.264 55067.4 23366.4 17891.5 8950.11 3245.56 3128.07 1397.79 21120 10257.7 7526.01 5474.91 4852.4 4185.42 4647.15 16069.6 12088.1 7751.2 2533.75 1755.51 151.491 1604.02 497.239 175.716 1222.07 435.398 329.54 241.095 456.599 8154.9 2368.06 2228.87 3755.47 3238.46 646.03 415.37 5830.9 4011.12
internal_count=524006 473323 352731 202343 55673 41794 146670 125515 150388 13879 110051 65556 25315 4936 149811 148149 121738 59281 55867 39450 577 40241 15784 5997 1135 120592 35753 25959 12981 4895 4677 2062 44495 19715 15514 9794 8962 6990 13074 37217 28383 16421 5206 3439 397 3042 1662 296 1766 599 407 414 1317 20379 6390 6238 5491 4774 1161 554 9227 6413
cat_boundaries=0 1 2 3 4
cat_threshold=12 12 12 12
is_linear=0
shrinkage=0.05


Tree=50
num_leaves=63
num_cat=0
split_feature=21 8 7 31 27 1 6 6 7 1 17 17 2 2 2 8 17 8 5 7 10 13 27 3 17 3 8 7 3 1 8 3 17 1 32 9 25 9 16 26 31 9 3 3 23 2 17 10 29 32 17 16 16 31 25 3 2 2 16 9 6 12
split_gain=31.0662 28.7766 43.0748 26.2121 23.5375 22.1689 16.8391 14.9546 14.9202 14.7942 14.7214 14.4644 14.2806 12.6234 11.442 11.0438 11.0142 10.2489 9.77285 9.54422 9.08011 8.49469 8.44638 7.76761 8.95891 7.97936 7.44613 7.36469 8.14456 7.20254 9.02051 10.2063 14.4417 9.17112 8.39328 7.60136 7.48908 7.19359 7.16326 8.66155 7.01646 11.5896 10.2442 14.9886 9.3466 8.99411 7.06091 6.84408 6.62358 6.54913 7.69617 6.51731 10.5265 6.21857 11.4357 6.34462 7.71168 16.9943 9.4917 6.14066 6.03719 5.98327
threshold=16.399999737739567 78.903500000000022 41.083500000000008 28.061000000000003 17.099999427795414 15.500000000000002 4.5000000000000009 4.5000000000000009 89.663500000000013 21.500000000000004 -7.8500001430511466 2.5499999523162846 3.5000000000000004 3.5000000000000004 3.5000000000000004 13.761000000000001 -4.3500001430511466 1.4810000000000001 1.0000000180025095e-35 78.401500000000013 4.8317500000000004 35.795000000000009 21.050000190734867 4.5000000000000009 15.34999990463257 8.5000000000000018 2.2310000000000003 5.3310000000000004 1.5000000000000002 6.5000000000000009 161.00500000000002 1.5000000000000002 -15.550000190734862 12.500000000000002 84.490000000000023 144.52650000000003 23.44999980926514 29.086000000000002 -0.35095833333333343 8.1500000953674334 43.69700000000001 36.792500000000011 4.5000000000000009 5.5000000000000009 12.150000095367433 1.5000000000000002 2.6499999761581425 16.041725000000003 15.34999990463257 72.64500000000001 20.750000000000004 0.36243750000000224 0.50093750000000814 30.568500000000004 30.250000000000004 4.5000000000000009 4.5000000000000009 2.5000000000000004 31.850375000000003 56.775000000000013 4.5000000000000009 88.447500000000005
decision_type=2 2 2 2 2 2 2 2 2 2 2 2 2 2 2 2 2 2 2 2 2 2 2 2 2 2 2 2 2 2 2 2 2 2 2 2 2 2 2 2 2 2 2 2 2 2 2 2 2 2 2 2 2 2 2 2 2 2 2 2 2 2
left_child=1 2 4 47 10 11 19 27 -3 13 -1 17 15 40 29 21 -15 20 -9 -2 -5 -12 -8 26 25 -25 -13 -6 -29 59 31 32 36 34 61 -35 -31 -33 39 -17 44 42 -42 -44 -7 49 -47 -4 53 -43 -51 -40 -53 -19 55 -55 57 -57 -59 -10 -14 -34
right_child=6 8 3 5 7 9 22 18 14 -11 12 23 60 16 -16 38 -18 48 -20 -21 -22 -23 -24 24 -26 -27 -28 28 -30 30 -32 37 33 35 -36 -37 -38 -39 51 -41 41 45 43 -45 -46 46 -48 -49 -50 50 -52 52 -54 54 -56 56 -58 58 -60 -61 -62 -63
leaf_value=0.40984856479619441 -0.46237011213321683 -0.5543813207175623 0.22172544721655713 0.32465476037812313 -0.28843468005119455 1.2566090444057576 -0.23216649988548677 0.30070941195498335 0.16062982560792849 0.046526901547488113 -0.10331438605008039 0.60144039100006141 -0.38575869740907048 0.68469451141310211 -0.35006296271121085 -0.57727320979372154 0.25216529353201267 -0.15502181317496097 -0.77950935220822481 -0.17368152873400541 0.73905810413707518 0.2519749946745144 0.40886030148929664 0.23644344822479121 -0.17232145038408009 -0.0122673401126157 -0.4772454784531327 1.1599877874113644 0.012750967289132831 0.32911347705882721 -0.75453458969056797 -0.51400257360205159 1.3390270563188325 -0.18417879571515386 -0.35657513232631149 1.0843215046453492 1.1175373370453749 0.23903645612272761 -0.72105622817739246 3.0248665198667242 1.0992309402484446 0.64840950777012629 1.8899045693445764 1.2619827842488289 0.09574735471664475 4.8574991393929849 0.070830570413964011 -0.49267884693049457 0.40902766703462917 2.3779811873637224 -0.05305368291222088 2.2249084386841136 -0.26596296862092572 0.12553848387259309 0.51848392922275577 0.3092418621916142 -0.17232976886694013 1.9284189455127654 1.0318897192499337 -0.30839639925768836 -0.21944274859652638 0.58598472070400909
leaf_weight=2081.9791495800018 19805.556606933475 21851.170697107911 192.89412271976471 208.53711047768593 8643.0706640928984 1811.1693183332682 14259.632414072752 13996.14256362617 824.56403459608555 3565.0121233016253 12923.74146476388 227.19408325850964 16726.545300066471 407.55145227909088 8731.4411379396915 117.57251125574112 5620.1116755008698 1394.8902676552534 649.61033496260643 4165.8511694520712 170.29026219248772 6230.2448878884315 2112.6849031597376 6003.3192772418261 5770.7091402560472 5496.4534102976322 3606.275060325861 553.48723025619984 7249.4387927651405 66.857355117797852 2918.5147196650505 1370.1162972599268 235.28457945585251 727.50544959306717 132.61891663074493 141.21446630358696 90.660501956939697 7711.1698291748762 3319.9513030201197 80.573303014039993 167.55086132884026 229.46866399049759 157.54668265581131 288.76357489824295 986.21072700619698 68.572105288505554 674.35986167192459 3838.3867125660181 854.43756431341171 353.50275510549545 85.604112863540649 67.644076824188232 16155.10727134347 3265.5766794532537 119.87363359332085 303.26303489506245 261.36428964138031 125.2894172668457 82.201837986707687 2644.3716622889042 15191.478926733136 109.35985219478607
leaf_count=6048 45213 40566 651 514 21637 4617 30169 32869 1293 7060 33400 590 40748 904 13977 178 10902 3326 1474 7741 736 14343 4816 10516 9807 9611 7906 1517 16358 109 4654 2536 437 1244 216 234 146 13088 15158 110 383 421 209 401 2407 213 903 17455 2264 509 100 74 31920 7103 210 644 615 225 225 3833 35572 176
internal_value=-0.000725548 -0.000467725 -0.000128584 0.00113933 -0.000693573 0.00150645 -0.00199008 0.000458242 -0.00153974 0.00309842 -0.00118486 0.000683518 -0.0013067 0.00401649 -0.000723115 -0.00066346 0.00249035 0.00269142 0.0016202 -0.00283426 0.0106723 0.000191876 -0.000753969 3.78035e-05 0.000489761 0.00129643 -0.00199794 -0.000576555 0.000536998 3.35654e-05 0.00055565 0.00123423 0.0050486 0.0033647 0.00892512 0.000303132 0.0193254 0.00060224 -0.00149334 0.00794225 0.005923 0.00816472 0.0138971 0.0178479 0.00429761 0.00566363 0.00187309 -0.00271264 0.00221794 0.00986666 0.0134383 -0.00158941 -0.0011762 0.00158663 0.0025557 0.00210149 0.00617461 0.0097434 0.020733 -0.00199829 -0.00209051 0.0130283
internal_weight=238222 197878 150323 46336.4 103987 42305.1 40343.7 31091.7 47554.8 14415.4 72894.8 27889.7 70812.9 10850.4 25703.7 38894.8 6027.66 6785.72 14645.8 23971.4 378.827 19154 16372.3 21104 17270.5 11499.8 3833.47 16446 7802.93 16972.2 13503.3 10584.8 1503.5 1345.98 477.263 868.72 157.518 9081.29 19740.8 198.146 4822.75 2025.37 613.861 446.31 2797.38 1411.51 742.932 4031.28 6406.9 668.576 439.107 19542.7 16222.8 5552.46 4157.57 4037.7 772.119 510.754 207.491 3468.94 31918 344.644
internal_count=523281 435342 352833 101427 251406 83321 87939 73855 82509 29029 177551 54292 171503 21969 41943 95183 11806 15862 34343 52954 1250 47743 34985 38430 29934 20127 8496 39512 17875 27966 22840 18186 2562 2307 829 1478 255 15624 47440 288 10163 3139 993 610 7024 2146 1116 18106 14612 1030 609 47152 31994 12348 9022 8812 1709 1094 450 5126 76320 613
is_linear=0
shrinkage=0.05


Tree=51
num_leaves=63
num_cat=3
split_feature=22 0 31 10 24 21 0 1 24 17 17 10 24 20 17 19 10 2 2 14 9 18 31 10 3 23 31 31 31 3 3 10 2 3 2 9 9 14 27 17 18 16 31 3 23 31 9 9 19 3 9 24 9 14 11 6 21 1 1 14 17 0
split_gain=28.867 31.0717 31.9538 41.0312 38.1309 26.9895 25.8918 23.5085 19.3713 21.1062 16.7858 16.6587 18.0642 17.7553 16.6429 18.2415 15.5618 18.7006 14.9913 14.4885 14.055 13.4648 13.0957 12.9956 12.6803 14.8433 12.5204 12.3983 13.6292 17.5758 16.9585 18.8284 14.8476 13.3732 13.6117 14.0391 11.9954 11.7397 11.1935 12.4058 11.0813 10.4618 14.8448 13.6108 10.1453 10.0674 10.0628 9.95138 9.74321 9.6457 13.7001 9.60412 9.43581 13.0351 10.0495 9.23313 9.11565 8.86254 8.79833 8.76619 8.47408 8.46768
threshold=21.833333492279056 0 43.488500000000009 100.77552500000002 198.50000000000003 15.400000214576723 1 16.500000000000004 1.0000000180025095e-35 17.050000190734867 9.8499999046325701 17.878350000000001 1.0000000180025095e-35 283.50000000000006 -2.4500000476837154 9.6500000953674334 42.622750000000003 4.5000000000000009 4.5000000000000009 60.492696428571442 159.57500000000002 6.7500000000000009 59.45900000000001 22.899150000000002 11.500000000000002 9.3499999046325701 61.590500000000006 48.699500000000008 43.532500000000006 3.5000000000000004 11.500000000000002 50.281500000000008 3.5000000000000004 4.5000000000000009 1.0000000180025095e-35 58.372500000000009 3.4410000000000003 92.35045238095239 21.400000572204593 12.84999990463257 21.950000047683719 9.2981250000000006 32.160500000000006 9.5000000000000018 12.150000095367433 69.062500000000014 79.709000000000017 0.45150000000000007 10.250000000000002 1.5000000000000002 99.155000000000015 1.0000000180025095e-35 53.69100000000001 13.668601190476192 7.0780416666666675 4.5000000000000009 6.7999999821186075 10.500000000000002 15.500000000000002 59.716023809523811 15.949999809265138 2
decision_type=2 1 2 2 2 2 1 2 2 2 2 2 2 8 2 2 2 2 2 2 2 2 2 2 2 2 2 2 2 2 2 2 2 2 2 2 2 2 2 2 2 2 2 2 2 2 2 2 2 2 2 2 2 2 2 2 2 2 2 2 2 1
left_child=1 2 11 4 6 8 20 -6 10 16 27 21 -13 18 48 19 17 22 44 60 38 36 40 -24 45 -26 -25 28 49 -30 31 32 33 -31 -35 56 -1 -18 -4 -40 41 -10 43 46 58 -5 57 -23 -8 50 -3 -17 -19 -54 -55 -2 -36 -43 -14 -34 -16 -47
right_child=55 5 3 24 7 -7 14 -9 9 -11 -12 12 13 -15 15 51 37 52 -20 -21 -22 47 23 26 25 -27 -28 -29 29 30 -32 -33 59 34 35 -37 -38 -39 39 -41 -42 42 -44 -45 -46 61 -48 -49 -50 -51 -52 -53 53 54 -56 -57 -58 -59 -60 -61 -62 -63
leaf_value=-0.37826785086215475 -0.40218430049258846 0.078268881316199676 0.53745980153696926 -0.39518871293213531 -0.20456225162035616 -0.4335133861246166 0.60143329960468472 0.60035523176094197 -0.15429627651631181 -0.27511955894911039 -0.51869745925036392 -0.33940942466269775 0.21064335047871766 -0.38122605535917881 0.71568049841520542 -0.38329778395720848 -0.39306729388835998 -0.13651614449384172 -0.29404051133165121 0.067955620750859688 1.9374920721154674 0.7867729522423077 0.12405398583106547 1.6771265889068845 5.1273196713096336 -1.5767334255684142 1.6283533044891785 -0.53879227801087526 -0.7779757746402135 0.40775024040248981 -0.51749884249123568 -1.5512509697286643 0.099135936769093297 0.31813327131508551 1.8553607979650737 -0.27964713916458911 0.15956829495039263 0.29206934870158252 0.7606221342513102 1.2499903111595358 1.5714913658150316 2.7853434986431242 0.29267360377991275 0.42557134694111626 -0.098495917205263697 0.69738543426710153 -0.051886257981107069 0.32004585565778998 1.8522356497680332 -0.20099222291391819 1.114250000176962 0.35301565772256077 1.3277464030141057 0.72007972632080353 -0.29199583492855868 -0.21015807911313047 2.3907191899963727 1.4044981984757188 1.1222308250867656 0.96461563940244166 0.069593106708674676 -0.69002146498207217
leaf_weight=3649.9380292147398 15141.688963741064 1915.1233937144279 6445.1805155575275 8980.6032283604145 10279.863508403301 20406.251824527979 310.6745690703392 1841.2028779387474 4072.2941636890173 9881.9774487316608 11661.017619416118 22218.485264331102 5577.7962504029274 7744.96688978374 2416.1564587056637 4201.1156160831451 9276.5516675412655 8395.245670363307 4133.2843975871801 2389.2032043337822 474.63334798812866 423.78952527046204 651.01306241750717 169.09092932939529 119.91458255052567 115.65127590298653 859.35528671741486 6223.223160982132 1215.9998042881489 383.37617743015289 589.65671825408936 348.0179151892662 907.9878066778183 225.80755233764648 144.68652409315109 60.968152940273285 6669.7843982279301 1400.5360785126686 1216.4200292229652 850.72744899988174 735.14389003813267 155.56548704206944 9180.0199970752001 910.89248707890511 3967.7451968193054 1549.830786883831 144.06725956499577 2519.9908457398415 347.73925054073334 14942.233875736594 191.16095249354839 2490.7318238019943 94.832230120897293 121.95381085574627 246.11416886746883 10992.784305006266 380.81237497925758 421.66349394619465 3605.7805345803499 160.55067652463913 633.40531384944916 1010.177373290062
leaf_count=11609 35037 3219 11431 13329 13263 44007 1013 2241 13015 22218 23874 53387 13455 23540 3833 7396 18714 18465 9947 3357 839 1349 719 185 424 408 900 9977 3689 528 2070 516 1631 377 212 79 21634 2196 3162 950 2053 384 18557 1699 9741 1591 364 7387 1165 39450 324 4095 143 189 540 24594 783 1054 9683 210 723 1037
internal_value=-0.000715012 -0.000522286 8.29588e-05 0.00108132 0.00196462 -0.00112579 0.00321572 -0.000283115 -0.000738253 -4.97967e-05 -0.00155555 -0.000670579 -0.00111013 -0.000188983 0.0017654 0.00134614 0.000500686 0.00115728 0.000702451 0.00349657 0.00527137 0.000895165 0.00211391 0.00630812 -0.00146118 0.00999848 0.00980477 -0.000885342 -0.000315624 0.002159 0.00410218 0.00583069 0.00749469 0.0113205 0.0149503 0.0189618 4.41871e-05 -0.00110783 0.00480914 0.00801055 0.00166256 0.0013663 0.00217976 0.0065721 0.00152795 -0.00169594 0.0116985 0.00387733 0.00950287 -0.000956974 0.00221 -0.000401869 -0.00071095 0.00623096 0.00194874 -0.00228316 0.0215926 0.0146443 0.00244069 0.00320724 0.00578022 0.0010697
internal_weight=238792 212658 106185 45673.2 33897.1 106473 21776 12121.1 86066.9 46716.3 39350.6 60511.6 47248.1 25029.6 12789 12130.6 36834.3 26157.3 17284.6 5438.76 8986.96 13263.5 17299.1 1679.46 11776.2 235.566 1028.45 27689.6 21466.4 4417.86 3201.86 2612.21 2264.19 1195.65 812.275 586.467 10319.7 10677.1 8512.33 2067.15 15619.6 14884.5 10812.2 1632.19 13151.3 11540.6 721.296 2943.78 658.414 17048.5 2106.28 6691.85 8858.15 462.9 368.068 26134.5 525.499 577.229 9183.58 1068.54 3049.56 2560.01
internal_count=523961 464330 231989 70257 53468 232341 37964 15504 188334 101395 86939 161732 119753 66366 21582 19404 79177 58267 42826 7913 16382 41979 38930 1804 16789 832 1085 63065 53088 10095 6406 4336 3820 1979 1451 1074 33243 20910 15543 4112 37126 35073 22058 3501 32879 15957 1802 8736 2178 42993 3543 11491 19337 872 729 59631 995 1438 23138 1841 4556 2628
cat_boundaries=0 1 2 3
cat_threshold=12 8 8
is_linear=0
shrinkage=0.05


Tree=52
num_leaves=63
num_cat=2
split_feature=0 21 23 31 32 8 3 3 31 3 9 3 17 2 2 24 2 25 8 8 25 31 6 2 16 17 8 31 14 0 17 16 32 9 6 32 2 17 31 24 3 14 3 17 2 16 31 10 2 24 8 32 15 2 2 2 25 15 32 11 2 30
split_gain=27.6034 32.6552 30.6654 22.555 20.3402 22.1843 32.4927 45.7605 30.4129 40.9091 53.8722 46.6331 37.5216 31.725 25.5347 25.3447 27.6893 20.2335 20.7546 20.04 19.7153 23.506 17.2255 16.8388 25.1991 16.1421 20.1198 32.4082 19.5878 16.642 14.6667 14.2289 14.0727 13.6861 13.6154 13.3809 12.9717 12.9449 16.4541 12.622 12.7302 12.5955 30.9159 21.0622 16.4032 12.2285 12.1377 12.1233 14.5216 11.7992 11.269 11.0902 10.8963 15.3336 14.587 10.5008 15.4234 9.98548 9.76353 9.7253 9.55554 11.1839
threshold=0 14.899999737739565 9.3499999046325701 70.809500000000014 68.132500000000007 81.864000000000019 6.5000000000000009 7.5000000000000009 39.07800000000001 4.5000000000000009 19.721500000000002 5.5000000000000009 0.45000000298023229 3.5000000000000004 2.5000000000000004 1.5000000000000002 4.5000000000000009 17.849999427795414 21.631500000000003 49.081500000000005 18.750000000000004 48.699500000000008 4.5000000000000009 5.5000000000000009 34.117104166666671 7.8500001430511483 36.308500000000009 33.251500000000007 31.696151656314701 1 -0.15000000223517415 17.120270833333336 71.457500000000024 5.2410000000000005 4.5000000000000009 68.265000000000015 1.5000000000000002 -4.0499999523162833 30.247000000000003 304.50000000000006 11.500000000000002 19.12284285714286 8.5000000000000018 17.650000572204593 1.0000000180025095e-35 17.693375000000007 40.284500000000008 21.747800000000002 1.0000000180025095e-35 350.50000000000006 41.356500000000004 73.595000000000013 49.205625000000012 1.0000000180025095e-35 3.5000000000000004 4.5000000000000009 19.050000190734867 20.208791666666674 74.662500000000009 20.856875000000002 1.5000000000000002 4.5000000000000009
decision_type=1 2 2 2 2 2 2 2 2 2 2 2 2 2 2 2 2 2 2 2 2 2 2 2 2 2 2 2 2 1 2 2 2 2 2 2 2 2 2 2 2 2 2 2 2 2 2 2 2 2 2 2 2 2 2 2 2 2 2 2 2 2
left_child=2 4 3 19 25 6 8 58 12 46 11 13 -6 17 20 37 35 18 -11 39 45 34 -3 -16 -25 26 27 28 36 30 -29 -15 -33 57 -22 -17 -2 38 -9 40 -1 -37 43 44 -43 -12 -10 48 -47 59 -4 -35 53 -5 -55 56 -40 -13 -8 -46 61 -31
right_child=1 22 50 52 5 -7 7 15 9 10 14 33 -14 31 23 16 -18 -19 -20 -21 21 -23 -24 24 -26 -27 -28 29 -30 60 -32 32 -34 51 -36 41 -38 -39 55 -41 -42 42 -44 -45 49 47 -48 -49 -50 -51 -52 -53 -54 54 -56 -57 -58 -59 -60 -61 -62 -63
leaf_value=0.61887759615891658 0.055817396860278382 -0.40992220013548492 0.062990791555780135 2.9053267532360394 0.22955722314033411 -0.31030184072889055 -0.030326167148857764 -0.33892866684647704 0.21127335204181341 2.5777435107448561 -0.36984742214616839 -0.448019596840107 -0.54197325707965516 0.22734252620035528 -0.26737088629324218 1.9638799744682331 -0.16048649728100878 3.1039444020744202 0.80327648326471535 -0.027044119763335674 0.38965690659373564 -1.5247468175507339 -0.20195108599704722 -0.083649511456864195 0.79046202665027399 -0.39703491866499852 -0.64390767274791727 1.2238398803472466 0.056293034131148549 -0.29088046112576332 0.28811193817623926 0.69536446597452017 0.77196742617363623 0.17673425756658273 2.2964949841891582 0.12974928132919317 1.1059181410197483 -0.2359489475521393 0.94909893139311952 -0.12076784657508206 -0.55221256211180292 0.46071287327829752 0.36469244859824634 0.48349019131213 2.0716487108132258 0.1765084425485256 -0.1386410419673812 0.22654070132144072 1.3768718529788613 0.86512278061653169 -0.30730552764395469 1.3077401242463613 -0.10473765124128215 0.012336972781749013 1.1656364393113989 -0.41350739032800982 2.6409847981855927 0.48399991816074783 -0.6913954445037197 1.1651122657216948 -0.38547860361280933 1.1269197142721497
leaf_weight=8215.8339435309172 335.25807237625122 25035.414495110512 10792.574663549662 304.09459263086319 3655.2574803978205 20189.331537425518 1537.9562920629978 534.98030114173889 284.51241898536682 267.56087678670883 592.85548296570778 799.80808979272842 6091.8847701102495 560.78968423604965 3645.8916757702827 73.081219762563705 5722.9783706963062 141.82549667358398 418.72142213582993 16116.946697846055 112.89713802933693 118.26381200551987 17312.249726161361 577.35445365309715 345.07859605550766 15654.076217845082 9361.2725322842598 423.37920492887497 1273.3262012600899 1989.9327142983675 2248.4996343553066 455.59516662359238 192.24554139375687 334.08914804458618 270.71076399087906 4206.2805737555027 1023.0291044265032 17887.790106639266 402.27533107995987 2267.5882227867842 720.61357006430626 282.47085735201836 4794.3906866908073 845.08908662199974 228.08685114979744 292.83109664916992 7828.9150679707527 1354.1464027762413 402.02415436506271 302.62024715542793 19485.117586567998 578.5434051156044 387.45923691987991 622.93670284748077 749.74100172519684 158.41230744123459 98.745475471019745 363.60465040802956 7514.0347065329552 360.98758378624916 8382.2861328870058 1058.8228582292795
leaf_count=21841 1291 55528 26806 314 6774 30147 3603 931 452 357 778 1386 20641 742 4695 158 8826 188 556 33497 173 150 37470 754 442 53881 31352 1351 5977 5459 6272 601 249 509 358 8652 4299 29530 739 4774 1774 327 7070 1184 334 374 19673 1695 506 451 40098 710 392 641 770 290 181 451 8774 541 22423 2688
internal_value=-0.000725911 -0.00103644 0.000205471 0.00135612 -0.000660354 -0.000255465 0.0001423 -0.000705501 0.00142604 0.00254497 0.00442088 0.00904158 -0.000862837 0.0144152 0.00195585 9.56297e-05 0.00151082 0.0219517 0.0183498 0.000975231 0.0054233 0.0144987 -0.00224955 -0.000430967 0.00560043 -0.00157993 -0.000818413 0.000219992 0.0053126 -0.0007306 0.00281527 0.00923757 0.0142799 0.0037653 0.0204944 0.00296804 0.00948692 -0.00115151 0.00388615 0.00259927 0.00344457 0.00282539 0.0041534 0.00934156 0.0136713 0.00369441 -0.00018926 0.00552364 0.0108882 0.0169947 -0.000911204 0.00834533 0.00639446 0.00813982 0.00588101 0.00916621 0.0127081 0.000168434 -0.00388227 0.0211169 -0.00156068 0.000834792
internal_weight=238585 178922 59662.9 29385.2 136575 94824.9 74635.6 44950.2 29685.4 19938.3 11824.8 4112.78 9747.14 2036.74 7712.05 35898.2 16816 828.108 686.282 27321 3143.73 501.872 42347.7 4568.32 922.433 41749.9 26095.8 16734.5 2631.61 14102.9 2671.88 1208.63 647.841 2076.05 383.608 11093 1358.29 19082.2 1194.41 11204 8936.45 11019.9 6813.65 2019.25 1174.17 2641.86 8113.43 2049 694.855 891.695 30277.7 912.633 2064.23 1676.77 1372.68 659.433 501.021 1163.41 9051.99 589.074 11431 3048.76
internal_count=523850 392943 130907 64003 299945 164952 134805 71591 63214 35799 15674 5749 27415 2693 9925 59214 27543 1101 913 61886 4034 681 92998 5891 1196 134993 81112 49760 11567 38193 7623 1592 850 3056 531 18717 5590 31671 2141 28389 23615 18559 9907 2837 1653 3353 20125 2575 880 1326 66904 1219 2117 1725 1411 1210 920 1837 12377 875 30570 8147
cat_boundaries=0 1 2
cat_threshold=8 4
is_linear=0
shrinkage=0.05


Tree=53
num_leaves=63
num_cat=3
split_feature=1 4 5 1 24 22 0 10 31 1 3 23 26 21 10 12 1 10 12 31 9 7 7 12 10 3 31 31 10 0 31 22 10 31 32 31 31 9 1 32 32 3 14 15 10 3 32 31 1 32 10 14 0 16 12 3 22 14 9 31 31 9
split_gain=28.8912 34.3619 26.8273 23.9793 31.7546 26.9406 24.2814 35.8209 24.7576 19.5463 18.2522 21.1858 17.0266 16.1358 14.0063 13.3544 13.2901 13.2433 13.6412 12.5038 11.7614 10.7538 10.0592 12.1798 9.99025 15.2771 11.4454 9.75625 9.30786 11.7581 12.4469 12.3767 11.3897 10.872 9.74104 9.30777 9.04179 8.98944 8.83586 8.8145 11.9593 8.76574 8.74561 8.72041 8.19987 15.3682 26.5114 11.0084 10.397 16.2286 15.0483 9.82262 8.99966 8.41648 8.71762 8.30231 8.23836 8.03291 7.97427 7.92252 23.502 11.1838
threshold=4.5000000000000009 1.0000000180025095e-35 1.0000000180025095e-35 20.500000000000004 304.50000000000006 19.700000206629436 0 68.043650000000014 41.223500000000008 16.500000000000004 7.5000000000000009 7.0499999523162851 4.9500000476837167 9.0500002875924128 44.449650000000013 0.16250000000000003 15.500000000000002 22.899150000000002 74.285000000000011 31.964000000000002 80.598500000000016 24.849000000000004 89.663500000000013 3.3650000000000007 19.143500000000003 1.5000000000000002 31.353000000000005 31.214000000000002 87.359825000000015 1 43.69700000000001 15.366666515668234 15.181050000000001 44.199000000000005 85.917500000000004 48.699500000000008 29.381500000000003 7.7350000000000012 9.5000000000000018 68.540000000000006 69.822500000000005 1.5000000000000002 119.31973511904762 30.15783333333334 79.733750000000001 5.5000000000000009 70.445000000000007 48.699500000000008 20.500000000000004 72.64500000000001 7.0275249999999998 78.759494047619071 2 -1.0000000180025095e-35 0.11000000000000001 4.5000000000000009 9.0666666328907031 22.578392857142862 16.311000000000003 70.809500000000014 71.981000000000009 2.7615000000000003
decision_type=2 2 2 2 2 2 1 2 2 2 2 2 2 2 2 2 2 2 2 2 2 2 2 2 2 2 2 2 2 1 2 2 2 2 2 2 2 2 2 2 2 2 2 2 2 2 2 2 2 2 2 2 1 2 2 2 2 2 2 2 2 2
left_child=28 2 3 4 5 6 7 8 22 15 -9 12 20 -8 21 -10 59 19 -19 -7 -12 -6 23 -2 25 35 -27 -14 29 30 32 33 -1 -32 -31 37 -13 -15 -17 -23 43 -24 -20 -41 45 46 53 48 49 56 -51 -47 -49 54 -18 -50 -48 -28 -52 -3 61 -61
right_child=1 16 -4 -5 14 17 13 10 9 -11 11 36 27 24 -16 38 44 18 42 -21 -22 39 41 -25 -26 26 57 -29 -30 34 31 -33 -34 -35 -36 -37 -38 -39 -40 40 -42 -43 -44 -45 -46 51 47 52 55 50 58 -53 -54 -55 -56 -57 -58 -59 -60 60 -62 -63
leaf_value=0.3017043142530792 0.71582893574688278 -0.29823081493429182 -0.99495183242937424 -0.28587937782023831 -0.1412800141218975 1.2817215492063689 0.31548626133525276 -0.036863783600551515 2.0664006942524411 2.1704225719097821 1.3631861063980892 -1.1770878927137969 -0.36015288056275807 -0.45471427042626761 -0.48552508623468998 1.0090669390072198 1.606383056643756 -0.64597516010136857 0.30085784832578161 0.023216137962388042 7.1466518267532511 -0.099322712420814876 2.8482754197916975 0.0082929053462088131 -0.44786074394184222 1.450354008277384 -0.16495906883227393 1.3765168726777006 -0.49764335983694219 -0.27469969539582378 0.99279681924918295 -0.415788202083688 -0.31780013402901874 0.48483559440672369 0.2000749430283964 2.6866350138814177 0.36100516261751425 3.3197367170251577 0.28901678607104558 0.96669514220396247 0.31552809264634551 0.77295271980266522 -0.67365063839271722 -0.38878198254412449 -0.48455274106600721 -0.23454520582776503 2.0081548373891214 1.0262299847285037 -0.045162074396083801 -0.1179915176112921 0.91628015805194218 0.46137038248801598 -0.83752483735646877 -0.17551283322051675 -0.38877459653792706 0.73815053050503898 0.43296540455473864 0.77646506551193772 0.62832017252168626 0.086662925878293606 -0.2418498247631572 2.2435448855921485
leaf_weight=1411.4503845125437 3651.4866387844086 29373.571546897292 3912.1761555820704 20617.557120501995 14996.953094169497 857.09470956027508 12105.565016403794 10930.817168310285 503.27659559249878 805.6256337761879 165.34172329306602 610.276990711689 395.78967002034187 275.01324069499969 11186.428359791636 1561.7332288324833 126.52708613872528 9591.5711690038443 1981.8207269608974 3210.9808729141951 184.04781475663185 2244.8386768549681 71.734937325119972 3345.496192201972 10146.874208658934 399.21430611610413 6620.8328257352114 1974.612776979804 5096.979653403163 34914.793383300304 71.88098156452179 1088.3312815725803 4888.057751879096 1949.0259163379669 246.72705644369125 114.63473758101463 4380.0268022865057 219.99867379665375 1458.3735644817352 472.49563817679882 3083.6223710775375 768.57144011557102 751.96317178010941 116.29980669915676 3734.1300948858261 11104.726635470986 66.987954884767532 182.78596749901772 435.56374372541904 88.931373074650764 96.579719960689545 1066.6952881515026 361.93520051240921 4418.3770814538002 104.25188609957695 261.78990305960178 402.66582170128822 1001.8406600356102 332.81520031392574 123.01408618688583 1671.7164295315742 216.27346408367157
leaf_count=4644 11843 66634 9301 45174 34381 1790 26454 21946 1332 1727 362 1061 723 689 19448 2754 188 21633 3147 9161 471 7137 122 10422 20717 960 17250 3450 7071 78269 120 2093 13057 3251 402 377 8004 586 2543 913 4202 2187 1213 361 6334 24338 101 523 815 212 164 1567 936 12866 216 399 666 1990 569 129 1712 226
internal_value=-0.000707677 -0.00042551 2.13362e-06 0.000124174 0.00041702 0.000961251 0.00144 0.00243289 0.00454398 0.00757853 0.00105619 0.00291892 0.00646831 0.000448605 -0.000906806 0.00596888 -0.00148901 -0.000840348 -0.00165677 0.00163302 0.016759 -0.000142941 0.00286706 0.00224557 -0.000468868 0.00078149 0.000201131 0.00494506 -0.00178073 -0.00154919 2.17652e-05 0.00260988 -0.00125582 0.00492405 -0.00196899 0.00840517 0.000983542 0.00540881 0.00470924 0.00166187 0.00317034 0.00803316 0.00145855 0.00969404 -0.000569806 -0.000149807 0.00173903 0.00621944 0.00821559 0.0115131 0.0176058 -0.00121742 3.97518e-05 -0.000410965 0.00887665 0.00353398 0.00476593 -0.000231565 0.0214748 -0.0021563 0.000879426 0.0128572
internal_weight=238552 188884 134715 130803 110185 78084.6 61691.2 30807.2 12166.3 4329.01 18640.9 7710.1 2719.79 30884 32100.6 3523.38 54169.3 16393.4 12325.4 4068.08 349.39 20914.2 7837.29 6996.98 18778.4 8631.53 8021.89 2370.4 49667.2 44570.3 9408.75 3109.24 6299.51 2020.91 35161.5 609.647 4990.3 495.012 3020.11 5917.26 3672.42 840.306 2733.78 588.795 22784.8 19050.6 6879.21 2230.05 1685.33 987.98 518.326 12171.4 544.721 4649.16 230.779 697.354 469.654 7622.67 429.395 31384.6 2011 339.288
internal_count=523333 414426 295831 286530 241356 174914 137970 68947 32930 8356 36017 14071 5006 69023 66442 6629 118595 36944 25993 10951 833 46994 24574 22265 42569 21852 20200 4173 108907 101836 23165 5464 17701 3371 78671 1652 9065 1275 5297 12613 5476 2309 4360 1274 49894 43560 17655 4385 2926 1712 945 25905 1459 13270 404 1214 767 19240 733 68701 2067 355
cat_boundaries=0 1 2 3
cat_threshold=12 8 12
is_linear=0
shrinkage=0.05


Tree=54
num_leaves=63
num_cat=0
split_feature=22 1 2 3 31 1 10 3 3 14 31 31 9 3 17 31 10 9 23 24 12 9 10 13 9 2 1 31 12 17 10 13 15 31 15 31 31 16 21 22 10 31 31 14 10 18 15 14 15 17 18 31 10 3 16 31 16 31 31 3 3 1
split_gain=26.4448 28.0038 31.7561 22.8522 22.2899 21.1122 31.3147 20.6223 28.2611 20.6968 22.4795 38.5916 57.4961 17.7644 43.5675 25.4808 43.759 37.8982 17.6672 17.4384 17.2486 16.3888 24.869 14.1635 14.0536 13.3589 13.1179 12.2931 13.7555 12.0346 11.4887 16.1446 11.4778 10.9223 14.4813 14.3181 10.7647 12.7481 10.62 11.5514 10.5788 10.4319 17.6847 11.0388 10.2475 12.9704 10.2338 9.82224 12.3032 9.54032 9.52949 16.8496 10.0726 16.3236 9.30312 9.26464 19.3742 9.25744 23.5414 10.7145 35.3304 22.9479
threshold=22.899999698003139 5.5000000000000009 3.5000000000000004 1.5000000000000002 30.113500000000005 19.500000000000004 123.89195000000001 7.5000000000000009 6.5000000000000009 17.60288690476191 61.590500000000006 59.45900000000001 17.781000000000002 4.5000000000000009 6.7500000000000009 40.522500000000008 40.063000000000009 28.171000000000003 10.150000095367433 267.50000000000006 0.54100000000000015 29.932500000000001 65.806900000000013 71.209000000000017 191.60500000000005 1.0000000180025095e-35 16.500000000000004 60.909500000000008 6.6225000000000014 3.4500000476837163 87.359825000000015 119.90500000000002 6.3595624999999929 59.45900000000001 2.0410208333333348 50.141000000000012 33.785500000000006 1.4358333333333346 8.6499998867511767 18.09999982515971 36.706675000000004 33.110000000000007 33.685500000000012 63.110863095238102 80.786650000000023 20.549999952316288 10.728583333333328 103.74714583333335 13.898125000000006 -15.550000190734862 16.15000003576279 38.727000000000011 22.477875000000001 1.5000000000000002 70.913062500000009 58.494000000000007 32.346875000000004 39.07800000000001 39.189000000000007 4.5000000000000009 5.5000000000000009 16.500000000000004
decision_type=2 2 2 2 2 2 2 2 2 2 2 2 2 2 2 2 2 2 2 2 2 2 2 2 2 2 2 2 2 2 2 2 2 2 2 2 2 2 2 2 2 2 2 2 2 2 2 2 2 2 2 2 2 2 2 2 2 2 2 2 2 2
left_child=1 30 3 5 40 6 47 8 13 23 11 18 -13 19 21 -16 17 20 32 38 -17 22 25 -9 33 -15 -18 28 -14 -20 31 -1 -11 35 -35 44 37 -10 39 -6 -5 -34 43 -43 45 57 -25 48 -3 -49 -2 52 53 -52 -36 -31 -57 -4 -59 -60 61 -61
right_child=50 2 24 4 7 -7 -8 9 36 10 -12 12 27 14 15 16 26 -19 29 -21 -22 -23 -24 46 -26 -27 -28 -29 -30 55 -32 -33 41 34 54 -37 -38 -39 -40 -41 -42 42 -44 -45 -46 -47 -48 49 -50 -51 51 -53 -54 -55 -56 56 -58 58 59 60 -62 -63
leaf_value=-0.25984558929728507 -0.41330480075879827 1.0856220873671334 -0.2115469819337383 0.096192364661309426 0.5692579080738529 -0.33216800788128115 -0.80109475549696363 -0.22344019020981848 -0.72722452977601426 0.48681896750383591 0.050937334944141814 -0.50913759425631044 -0.60135303100470883 0.73388018963519963 -0.26892768495281699 0.72896506986565768 -0.22476678599513669 0.4566955013956715 1.1033769908039663 -0.60024909447189223 1.5758180614201713 0.46079658118923383 -0.17673941462080942 -0.43322484932662775 1.6252166795795155 2.4187922028021114 0.43987075796438974 1.5414845436930986 1.8297216843798023 -0.28366242846696749 -0.4566435560209483 0.04017778127132559 0.81647250976410324 0.85417932123810481 -0.05052779659808309 -0.48427111297190706 -0.5105302548266698 0.25923053291038906 -0.16567482462731889 -0.37644219135852613 -0.83863246410819769 1.8441964864220564 1.1886388742299674 0.31594951531010979 -0.45176669115650814 0.26338643784130616 1.3267770549753832 0.83892289977975387 2.5958339094439631 0.55547751582251126 0.085592089753849632 -0.58325602214651706 0.063662830328264169 1.0629262768749179 1.2116869924932332 -1.1981014517184672 1.9778267085524428 1.490255087261307 -0.41558581728309396 0.18307829512840501 -0.17824491805662551 0.91593227233629415
leaf_weight=37994.229329571128 15028.380856364965 2386.3067613840103 26328.772634416819 1869.2988000065088 4235.3339174240828 1187.7958696186543 830.59283773601055 8962.9725920259953 1346.0855606794357 3261.3688091188669 9024.8905702829361 442.83797842264175 114.06380617618561 179.78914596140385 6175.6743035912514 279.5122629404068 3824.5338962078094 1921.1521315872669 1089.0916386842728 5527.7331434488297 718.58033746480942 606.19032096862793 167.01226902008057 285.52021767199039 177.97453601658344 398.32061122357845 3054.098399668932 474.59855270385742 222.49607920646667 4313.6223612129688 5784.0989365875721 11883.710283085704 2701.0759755820036 783.79134607315063 7781.7116411328316 7512.0538090467453 7462.671640008688 1857.0452418625355 9139.4865771979094 1001.2477906644344 5142.379587739706 359.33869418501854 1289.4079130887985 95.363099753856659 7008.3192194998264 2171.3819525241852 426.66460099816322 67.168941378593445 574.45124386250973 300.85935968160629 302.07590758800507 1944.3103501498699 1888.8902349323034 197.01655584573746 199.67079639434814 172.22611665725708 123.28583198785782 135.85801532864571 5825.5578713417053 2203.0014098286629 8599.449854940176 1131.9406599998474
leaf_count=90141 35136 5384 75103 5662 8648 2632 1602 25302 6060 8012 9422 483 128 354 20205 527 4859 2459 3013 11315 924 1597 261 843 327 652 3905 520 244 10186 8011 23741 5491 824 8275 11636 11343 4339 19029 1672 19251 759 3730 204 12714 5445 957 108 1484 486 509 4754 3978 690 229 193 135 509 13568 2896 19213 1489
internal_value=-0.000705708 -0.000549204 -0.000219377 0.000382639 0.000190339 0.00355627 0.00523493 0.00042376 -0.000241025 0.00137819 0.00217418 0.00338279 0.0117673 0.000409088 0.00157973 0.000850145 0.0024355 0.00756361 0.00259762 -0.000609899 0.0154627 0.010197 0.0151594 -0.000570315 -0.00102608 0.0200617 0.00025838 0.0196701 0.0123029 0.000486489 -0.00151784 -0.00127317 0.00415832 -0.001062 0.00058821 -0.00129945 -0.00251005 -8.54058e-05 0.000307858 0.00210299 -0.00251428 0.00581095 0.00882492 0.0172948 -0.00101192 -0.00074269 0.00621135 0.00740162 0.0064399 0.0151001 -0.00247698 -0.000410803 0.00240245 0.00871228 -4.90286e-05 -0.000630758 0.00791876 -0.000927955 -5.04936e-05 -0.000209671 0.000648363 0.00501608
internal_weight=238494 219134 163472 93612.1 88265 5347.18 4159.38 81253.3 47894.5 33358.8 23683.7 14658.8 1254 37228.7 17324.9 15973.6 9797.88 2919.24 13404.8 19903.8 998.093 1351.31 745.122 9675.16 69859.5 578.11 6878.63 811.158 336.56 5698.23 55662 49877.9 7706.55 69681.5 8765.17 60916.3 10665.8 3203.13 14376.1 5236.58 7011.68 4445.19 1744.11 454.702 53404.3 46396 712.185 3328.79 2960.76 368.028 19360.7 4332.29 2387.98 499.092 7981.38 4609.13 295.512 44224.6 17895.8 17759.9 11934.4 3334.94
internal_count=523568 478501 356608 204380 192684 11696 9064 167771 98149 69622 42520 33098 1375 76407 35743 32879 12674 3910 31723 40664 1451 2864 1267 27102 152228 1006 8764 892 372 13527 121893 113882 18196 151901 9328 142573 21742 10399 29349 10320 24913 10184 4693 963 130937 118223 1800 7462 6868 594 45067 9931 5177 1199 8504 10514 328 112778 37675 37166 23598 4385
is_linear=0
shrinkage=0.05


Tree=55
num_leaves=63
num_cat=2
split_feature=22 1 1 17 3 0 23 2 1 31 21 2 14 10 17 11 6 10 3 31 29 10 31 1 10 24 10 11 0 10 3 9 21 2 16 31 9 2 9 22 22 2 10 10 9 16 1 10 17 15 31 3 9 1 3 3 31 10 10 21 1 2
split_gain=25.7295 25.0367 45.5776 21.7888 21.197 17.3811 21.6895 16.8058 19.1519 16.1723 16.0293 15.3869 15.0003 24.0217 18.5636 14.1897 13.9458 13.4158 13.233 13.0449 16.816 11.6344 14.2714 11.5027 11.3864 11.182 10.0183 9.7657 9.72357 17.7646 13.9655 12.6555 9.96189 9.64105 12.0282 11.9949 15.7285 13.5871 20.484 15.922 11.2722 9.42042 9.34356 9.97445 11.0127 8.83626 8.63818 8.50356 18.2533 8.47593 9.61243 8.38443 9.27463 8.19267 8.09671 9.72578 9.56409 8.05591 8.05191 7.95337 7.81446 9.88041
threshold=22.899999698003139 15.500000000000002 20.500000000000004 3.3500000238418584 4.5000000000000009 0 8.9499998092651385 4.5000000000000009 4.5000000000000009 28.753500000000006 12.45000033080578 1.0000000180025095e-35 18.687726190476194 30.461925000000001 19.050000190734867 8.6115208333333353 2.5000000000000004 31.191225000000003 1.5000000000000002 40.392000000000003 15.650000095367433 105.36567500000002 43.69700000000001 17.500000000000004 68.904400000000024 169.50000000000003 110.41940000000001 25.641666666666669 1 74.911025000000009 9.5000000000000018 30.647500000000004 12.025000035762789 5.5000000000000009 66.737416666666675 43.532500000000006 5.9010000000000007 1.0000000180025095e-35 2.0010000000000003 17.633333285649623 12.333333397905035 3.5000000000000004 26.25075 11.281750000000001 19.375000000000004 37.176583333333348 6.5000000000000009 37.615750000000006 5.2500000000000009 0.81837499999998908 38.177000000000007 1.5000000000000002 83.875000000000014 6.5000000000000009 11.500000000000002 4.5000000000000009 43.532500000000006 9.6217500000000005 108.62230000000001 12.125000000000002 9.5000000000000018 4.5000000000000009
decision_type=2 2 2 2 2 1 2 2 2 2 2 2 2 2 2 2 2 2 2 2 2 2 2 2 2 2 2 2 1 2 2 2 2 2 2 2 2 2 2 2 2 2 2 2 2 2 2 2 2 2 2 2 2 2 2 2 2 2 2 2 2 2
left_child=1 3 5 7 -5 6 41 8 17 -10 18 -11 27 14 15 16 -14 54 26 -18 45 22 -8 -24 -20 28 -7 46 29 53 -31 -32 42 34 35 -17 37 -37 39 -39 -40 47 43 -30 -45 -21 -6 48 -3 50 -2 52 -44 -13 55 -1 -57 -38 -43 -55 -42 -62
right_child=49 2 -4 4 12 10 21 -9 9 11 -12 25 13 -15 -16 33 19 -19 24 20 -22 -23 23 -25 -26 -27 -28 -29 32 30 31 -33 -34 -35 -36 36 57 38 40 -41 60 58 51 44 -46 -47 -48 -49 -50 -51 -52 -53 -54 59 -56 56 -58 -59 -60 -61 61 -63
leaf_value=0.023182950065019272 0.11132714002277516 3.1140976587326343 -0.25655987040399708 -0.57306751277387702 -0.44619585299316028 0.98856669406218778 0.074777225396349678 -0.1858749959361152 -0.21828696568629838 -0.14384179790093371 -0.26374008813052507 0.92734765036840627 -0.25037029678144357 -0.24680791418684811 -0.33178956369209234 -0.060594769471943803 0.3231572549083781 -0.31859658601964685 0.26966430342041292 1.044992172233244 -0.17715138221393067 -0.30274892026944206 0.27759213582281889 0.99204550217569332 -0.52679506942146104 -0.06303322002835543 -1.0219238817292557 0.13305458944962362 0.90988661175176944 0.21347327569647981 -0.38605746099018462 3.9069405681720135 -0.03890170172200396 -0.16416324617012779 0.96324924332515816 -0.70074282298824364 -0.18786766735615609 -0.11237868337902324 0.7702450024520261 0.68660058269674151 2.580800607751021 0.48709925463788295 0.24577895861944868 0.89215778192181228 2.1731864817857418 -0.80639513897876192 -0.20876227781783899 1.1428672656567664 1.1075245383912464 -0.38906598569291478 -0.5001415531567458 -0.037459966112399455 1.1398066593839509 1.1704098115328188 -0.40116443143876507 0.28490508581708912 1.5615256282098977 0.30719488863055561 -0.57690965530756078 2.7489933579191397 1.3213936693299762 0.084856169414283047
leaf_weight=3521.2390572279692 2874.0296452790499 175.31174094974995 27769.312930509448 14439.976197913289 9789.9977110773325 674.68989035487175 6294.1339336633682 11435.603695347905 3631.8721799701452 3001.8971258699894 8920.1758112311363 570.09321548044682 731.09212350845337 38005.452604785562 4955.7028689831495 7648.4077548980713 1044.0166522115469 4961.1985161602497 10891.434582844377 897.69982218742371 255.83128480613232 4304.1996981948614 2112.7529636323452 1571.0007309019566 2044.6313639730215 1854.7987185716629 152.77071073651314 2454.2311928421259 1235.7282673567533 1911.7476144731045 114.21878108382225 322.43902078270912 1938.4514694362879 5955.6228824853897 438.93424800038338 283.23941227793694 1316.4427418708801 614.16932228207588 649.25099641084671 85.271123975515366 136.06222075223923 3030.5768688321114 320.5620579123497 349.92416954040527 350.30508361756802 115.56834179162979 12841.068210780621 3913.9314723014832 594.33967532217503 13889.285353809595 2626.0314839780331 1414.4615593254566 120.47030657529831 401.24035787582397 861.25213819742203 866.08420811593533 296.65901881456375 3561.6427846848965 665.0981929153204 252.41181772947311 96.356721609830856 111.45268493890762
leaf_count=9128 8191 508 60707 34690 26019 1464 17941 27647 11206 6852 19485 1460 1488 64297 10086 21469 3019 11359 24963 1119 343 7431 2988 2511 3281 4415 257 5805 3304 3662 273 915 4897 10875 932 333 1523 731 749 117 165 6771 608 905 769 134 33660 8352 1856 30057 6882 2770 195 1139 2035 2190 689 4287 1085 743 127 125
internal_value=-0.000736453 -0.00058207 0.000173329 -0.000959946 -0.00133295 0.00115025 0.00212918 3.91926e-05 0.000692901 0.00169249 0.000171209 0.00245597 -0.00105335 -0.000662365 0.00042418 0.00100077 0.00418944 -0.000999713 0.00124127 0.00609139 0.00949514 0.000945167 0.0018824 0.00435371 0.000848869 0.00331089 0.00736744 -0.00209605 0.00401766 0.00606658 0.00353569 0.0115929 0.00272414 0.000536073 0.0012141 0.000966953 0.00248583 0.0062482 0.0079438 0.00138596 0.0125563 0.00414948 0.00421927 0.00664847 0.011413 0.0123847 -0.00242092 0.00563862 0.0104419 -0.00248225 -0.000820794 0.00168252 0.00769328 0.0109661 0.000690252 0.00150964 0.0054724 0.000960963 0.00226126 0.0147863 0.0198713 0.0136638
internal_weight=238664 219275 73114.4 146160 106427 45345 22661.3 39732.7 28297.1 17790.6 22683.7 14158.7 91987.5 66902.2 28896.8 23941.1 3044.21 10506.4 13763.5 2313.12 1269.1 14282.1 9977.89 3683.75 12936.1 11156.9 827.461 25085.3 9302.05 3572.15 2348.41 436.658 5729.9 20896.9 14941.2 14502.3 6853.89 1975.8 1692.56 699.44 993.123 8379.26 3791.45 1935.96 700.229 1013.27 22631.1 4683.58 769.651 19389.3 5500.06 1855.49 441.032 1223.75 5545.23 4683.98 1162.74 4878.09 3695.68 653.652 343.872 207.809
internal_count=523984 478854 159600 319254 222093 98893 49443 97161 69514 44113 49450 32907 187403 121919 57622 47536 6103 25401 29965 4615 1596 30871 23440 5499 28244 26055 1721 65484 21640 8192 4850 1188 13448 41433 30558 29626 8157 2347 2014 848 1166 18572 8551 4978 1674 1253 59679 10716 2364 45130 15073 3573 803 3342 14042 12007 2879 5810 7856 1882 417 252
cat_boundaries=0 1 2
cat_threshold=12 12
is_linear=0
shrinkage=0.05


Tree=56
num_leaves=63
num_cat=1
split_feature=5 8 14 7 31 3 2 14 10 31 8 2 3 18 22 8 3 0 1 18 1 8 13 3 18 9 16 9 3 23 31 1 31 26 9 3 3 9 31 11 32 21 31 3 32 23 9 21 18 8 31 13 13 8 3 23 27 7 11 32 23 18
split_gain=28.0911 32.5928 41.237 26.896 23.3997 26.2 22.7809 22.208 20.2623 19.2355 28.2982 18.524 17.9512 17.6056 15.6093 15.4953 15.5331 15.2373 14.9094 15.76 15.5829 14.8361 13.7483 13.7334 13.4015 20.8444 12.545 12.3629 14.5502 18.5966 14.6672 14.4644 16.1632 11.491 11.363 11.0714 20.4363 18.2146 20.6732 11.207 10.9637 10.7819 10.7432 17.6633 17.0839 10.5803 10.5766 10.2298 10.1452 9.94517 9.92536 12.7977 11.2786 9.94465 9.85372 15.1069 13.2663 11.6305 9.74434 9.66473 9.1979 9.09994
threshold=1.0000000180025095e-35 17.861500000000003 11.141071428571431 38.025000000000013 31.464000000000002 4.5000000000000009 3.5000000000000004 27.171636904761908 13.465775000000002 30.247000000000003 92.566000000000017 1.0000000180025095e-35 10.500000000000002 18.850000023841861 21.233333190282192 8.1710000000000012 4.5000000000000009 0 16.500000000000004 10.950000047683718 19.500000000000004 0.98100000000000009 37.745000000000012 7.5000000000000009 11.250000000000002 80.598500000000016 -0.35095833333333343 18.426000000000005 5.5000000000000009 5.4500000476837167 47.432500000000012 8.5000000000000018 50.008000000000003 14.750000000000002 26.922500000000003 6.5000000000000009 4.5000000000000009 17.076000000000004 40.522500000000008 39.732708333333342 64.030000000000015 15.549999833106996 49.764000000000003 6.5000000000000009 72.64500000000001 10.250000000000002 100.31500000000001 8.20000007748604 12.450000047683718 -6.4449999999999994 43.488500000000009 56.076000000000001 53.912500000000001 41.356500000000004 8.5000000000000018 13.84999990463257 16.400000572204593 1.6175000000000004 6.4772708333333346 70.77500000000002 6.2500000000000009 17.450000047683719
decision_type=2 2 2 2 2 2 2 2 2 2 2 2 2 2 2 2 2 1 2 2 2 2 2 2 2 2 2 2 2 2 2 2 2 2 2 2 2 2 2 2 2 2 2 2 2 2 2 2 2 2 2 2 2 2 2 2 2 2 2 2 2 2
left_child=1 2 22 17 5 21 11 42 12 -5 18 33 -9 -7 -15 16 -13 50 19 -11 48 34 40 -12 -25 -26 -18 31 29 30 -29 32 -10 -6 41 36 -17 38 -38 -40 47 -4 43 44 -8 -27 -35 -1 -20 -42 -3 52 -52 -53 55 56 -28 -58 60 -21 -46 -51
right_child=-2 3 4 9 6 13 7 8 27 10 23 15 -14 14 -16 35 26 -19 20 59 -22 -23 -24 24 25 45 54 28 -30 -31 -32 -33 -34 46 -36 -37 37 -39 39 -41 49 -43 -44 -45 58 -47 -48 -49 -50 61 51 53 -54 -55 -56 -57 57 -59 -60 -61 -62 -63
leaf_value=1.0202981974194818 -0.65763166522170158 -0.33578615907848575 0.80694936275315099 -0.39163873587335729 -0.33374300156586956 -0.0014322388750414917 0.002436448089226495 -0.083684190075842935 0.40093238524831637 -0.10552954603318342 -0.33449578084909054 0.13679812360975988 0.78630374707382034 0.88536479731512829 2.3905426401567689 0.018752565052501072 2.9379866525344593 -0.58366692715886759 0.52697047783807283 0.0082768980563013624 0.085513901175081841 0.43420443545731441 0.20311393443529033 -0.072788714862317513 -0.12669599538265644 4.9201800675938694 0.57236634354383631 0.41722009997482135 -0.12769608358526591 0.46322186178551805 1.2978447355402645 0.25312826238717462 1.7784820377488544 0.1422989416586086 0.39521105633871728 -0.14906978310777072 0.13737039419422317 0.17858487354280117 2.8279297089261388 0.81892709274685915 0.43763012339871499 0.44940532744629991 -0.3702440429827572 -0.30085336143728619 0.71310024310596709 1.3172503136675797 1.7860898897843669 -0.086260566268909059 1.2345965802023124 -0.32965905534713935 0.38322343836923045 0.17759253117931878 1.2295694502100731 -0.49833541197520503 0.36433168657690945 0.17863908003154416 0.38344274958658642 1.524690020491815 0.085856171871293796 0.23883902667340423 0.4181206787828366 0.25802375661994431
leaf_weight=782.13165135681629 8010.5534543097019 15852.715597137809 257.61999873816967 11861.906652703881 4059.2440421283245 3996.6465558111668 2619.1821769624949 10624.248130068183 253.14317582547665 20524.366762250662 22163.457848146558 3185.1242439448833 612.94818818569183 768.51283705234528 86.739216804504395 1900.1229893863201 63.868282735347748 31084.643715843558 5216.5271158367395 3909.0858181267977 7724.789258942008 1741.9982539266348 3766.0841912329197 8923.4456904232502 467.58270415663719 209.2410894036293 2448.3263074606657 129.95502541959286 1578.552951335907 858.90733568370342 176.053800791502 484.61105671525002 233.57206845283508 2167.2608885765076 307.96550385653973 4402.3302284032106 157.68243281543255 481.33698537945747 131.50732922554016 175.25093752145767 219.05308282375336 160.24507421255112 3842.7045958340168 6026.796476662159 117.38164532184601 128.86984840035439 220.00499695539474 2482.3666375875473 688.81305384635925 18306.922045692801 4022.6646825373173 2498.8298113644123 62.292084753513336 4385.530832618475 2717.7333812564611 1136.6905806958675 275.31586350500584 781.12987807393074 295.64096674323082 4052.5986205637455 296.93455463647842 1644.8411270976067
leaf_count=2620 18252 46332 1196 37877 8667 9461 7057 19105 504 35957 36728 7219 1988 1389 154 3524 85 65116 9711 8533 14501 5912 9059 13446 1085 541 5034 280 2759 1482 262 773 261 4151 1682 9883 601 1037 172 227 740 346 5747 18664 164 373 317 8162 1652 48711 8422 3958 68 5996 7311 2342 735 1459 582 8132 380 5098
internal_value=-0.0007224 -0.000621343 0.00014268 -0.00108352 0.000877122 0.00352519 0.000507533 -0.000460637 0.000858799 -0.000521929 -0.00022232 0.00162896 -0.000199576 0.00139117 0.0078976 0.00245834 0.00367575 -0.00191628 0.000628476 -2.22827e-05 0.00198842 0.00771853 -0.00147118 -0.00134584 0.000220169 0.00639179 0.00492891 0.00405956 0.00234159 0.00657777 0.0171408 0.00890449 0.0149841 -0.000668398 0.0137213 0.000676325 0.00310622 0.0091076 0.0161606 0.0237035 -0.00192179 0.0190858 -0.0019553 -0.00104088 0.00188183 0.0158296 0.00208376 0.000766236 0.00392179 -0.00235685 -0.00104175 0.000114136 0.0023309 -0.00120137 0.00473522 0.00613514 0.00775927 0.0124417 0.00875557 0.00186585 0.0136947 -0.00247333
internal_weight=238763 230752 86974.7 143777 59773.3 7319.73 52453.6 28150.6 14952 85870.7 74008.8 24302.9 11237.2 4851.9 855.252 17856.4 10608.2 57906.7 42116.2 28486.1 13630.1 2467.83 27201.4 31892.6 9729.14 805.694 7423.06 3714.8 2743.47 1164.92 306.009 971.326 486.715 6446.51 725.831 7248.23 2845.9 945.778 464.441 306.758 23435.3 417.865 13198.6 9355.94 3329.14 338.111 2387.27 3264.5 5905.34 20170.8 26822 10969.3 4084.96 6884.36 7359.2 4641.46 3504.77 1056.45 709.957 7961.68 414.316 19951.8
internal_count=523982 505730 207302 298428 132912 20140 112772 60008 27414 168536 130659 52764 21093 11004 1543 39629 24185 129892 78486 52622 25864 9136 74390 52173 15445 1999 16966 6321 4783 2024 542 1538 765 13135 3224 15444 5561 2037 1000 399 65331 1542 32594 26847 8183 914 4468 10782 11363 54549 64776 18444 8490 9954 16881 9570 7228 2194 1126 16665 544 53809
cat_boundaries=0 1
cat_threshold=12
is_linear=0
shrinkage=0.05


Tree=57
num_leaves=63
num_cat=2
split_feature=21 8 13 27 6 14 17 7 20 6 17 13 7 31 31 32 7 2 2 8 1 17 8 22 2 31 31 1 8 20 6 12 6 11 31 18 22 29 30 14 13 2 8 8 10 0 8 32 3 3 2 22 21 31 1 10 25 2 0 10 8 8
split_gain=25.6667 23.8178 33.2196 19.644 17.8933 19.8413 21.71 17.0273 16.7188 15.5032 15.4471 19.437 18.2311 13.2721 12.1603 12.0394 10.4093 10.3977 9.86113 11.9376 9.8938 9.15014 10.9891 10.9111 10.6826 10.0934 9.04162 8.84147 9.84315 12.2896 8.69739 9.01176 8.44132 8.63079 9.08009 8.18215 7.73387 7.63005 7.56669 7.83086 7.60397 9.34729 7.37456 7.19189 8.42867 7.09011 6.79885 6.88922 6.76781 8.33032 8.07156 6.57605 7.56959 6.45712 7.4108 6.45337 6.44807 6.19823 6.13261 6.10791 6.01345 5.99736
threshold=17.649999737739567 67.25500000000001 32.035000000000004 12.049999713897707 2.5000000000000004 21.90881547619048 9.9499998092651385 89.663500000000013 393.50000000000006 4.5000000000000009 8.0500001907348651 22.170000000000005 4.6210000000000013 27.737000000000005 31.261000000000003 81.980000000000004 51.88150000000001 3.5000000000000004 5.5000000000000009 92.566000000000017 6.5000000000000009 3.0499999523162846 1.7610000000000003 9.6000001033147182 2.5000000000000004 41.269500000000008 30.247000000000003 20.500000000000004 154.23000000000005 105.50000000000001 5.5000000000000009 3.1725000000000003 6.5000000000000009 45.028312500000006 46.767500000000005 25.250000000000004 12.200000166893007 16.150000572204593 11.500000000000002 13.911559523809528 13.949000000000003 1.0000000180025095e-35 70.69250000000001 12.761000000000001 17.540750000000003 0 17.861500000000003 85.917500000000004 5.5000000000000009 4.5000000000000009 1.5000000000000002 11.83333339293798 12.599999964237215 28.423000000000005 14.500000000000002 105.36567500000002 11.34999990463257 4.5000000000000009 1 -4.1574999999999989 5.8610000000000015 7.9315000000000007
decision_type=2 2 2 2 2 2 2 2 10 2 2 2 2 2 2 2 2 2 2 2 2 2 2 2 2 2 2 2 2 8 2 2 2 2 2 2 2 2 2 2 2 2 2 2 2 1 2 2 2 2 2 2 2 2 2 2 2 2 1 2 2 2
left_child=1 2 4 16 -1 6 14 -3 13 45 30 12 37 -5 26 58 46 38 19 -9 -21 22 -15 -23 25 -25 -6 28 29 35 -7 -32 -27 34 -34 36 -22 60 -16 40 -40 -42 -17 44 -8 -2 -4 -48 49 50 -43 52 56 -18 -55 -37 -14 -10 -11 -47 -12 -46
right_child=9 7 3 8 5 10 43 18 57 15 11 -13 51 21 17 42 53 -19 -20 20 27 23 -24 24 -26 32 -28 -29 -30 -31 31 -33 33 -35 -36 55 -38 -39 39 -41 41 48 -44 -45 61 59 47 -49 -50 -51 -52 -53 -54 54 -56 -57 -58 -59 -60 -61 -62 -63
leaf_value=-0.35468328440908831 -0.3149937715488797 -0.43568355152073013 -0.0095667684699563445 -0.16866203210169353 0.097506259538559098 -0.49631983991803974 -0.24840681705537088 0.22643977860996217 0.033776423180399286 -0.0009942741968163916 0.75194790884515328 -0.1696967675869562 1.003808094972535 0.57884741042992338 -0.03019354801468346 0.5987355234800571 -0.23621821989384184 -0.2652530946188762 -0.49989066142650956 -0.30456487021698903 1.0559394085739904 0.42615276917413997 0.37296166603837944 0.096392714815358368 0.0070551345171338655 0.54178702428380421 1.101767269018108 -0.4342597889539036 -0.66357320885192661 -0.17080215205136862 0.60494181496873556 -0.45520357707915954 2.2524937627460084 0.58888708204352092 1.4864698950881474 0.65833394500821929 0.083431479844738199 -0.31747585548552576 0.54929374624216631 -0.44457151047992022 -0.04992709189385458 1.9248341016040051 -0.48733273565047253 -0.69091597054773624 1.4745113615456042 0.20818726101674134 -0.30859537441544893 0.40162824052013202 0.73506115129698735 3.2852297425147592 0.39828560488081383 1.1386456748706733 1.6638187576110348 0.015445741299701155 0.34564539899396252 0.48112160782449465 1.5944220426182227 -0.32818449930079546 -0.36322058724319412 -0.39681321495695587 0.29482362345384633 -0.6981691943734909
leaf_weight=15013.657683268189 4376.656987965107 31054.679576188326 12955.565117016435 2765.1756005883217 841.12360265851021 2787.910350471735 10968.888963416219 4620.8771774470806 6454.3903205990791 5542.148964241147 668.8820465952158 1736.5766517072916 338.75507105886936 726.26378314197063 5101.2318083792925 677.80596303939819 2101.7428232431412 5722.1872531473637 2993.1139271855354 4272.3392738550901 1459.6412456035614 5778.9221142977476 6176.0636398345232 3166.3349576443434 12021.946718171239 2678.1491219103336 690.56675630807877 3062.8999742567539 3566.5302681922913 4305.8542139828205 1681.7892249375582 770.80320803821087 71.981501936912537 284.42765310406685 223.15307712554932 284.18321278691292 3595.6750867068768 580.36972735822201 1141.9546143710613 531.71939022839069 213.24476882815361 85.895415037870407 255.66785442829132 5769.7510843724012 188.29083873331547 57.307013496756554 15094.213052257895 71.221839308738708 146.48273703455925 143.43841049075127 149.24712017178535 655.05021286010742 96.340045258402824 11842.445881083608 6217.9132629036903 625.23794764280319 110.64535543322563 3376.2246207147837 5528.5701744109392 13098.316634967923 732.15042680501938 85.315527722239494
leaf_count=38964 9720 60281 30140 10687 1873 7022 29049 8055 13735 12008 1274 3344 525 2146 13893 1058 8399 15430 4917 6200 2703 11729 15359 8548 23493 3978 1672 4802 5889 7067 4312 1783 118 397 345 461 6334 1004 3094 1215 514 188 369 15903 308 183 35590 116 456 255 326 1114 176 22028 12049 989 166 6895 11980 29051 1303 147
internal_value=-0.000724886 -0.000529728 -0.000191252 0.000396212 -0.00114029 -0.000609989 -0.00122489 -0.00137226 0.00116395 -0.00210444 0.00131341 0.00332554 0.00564684 0.00169051 0.000177808 -0.000719976 -0.000299026 -0.000310415 -0.00049621 -0.00018091 -0.000683445 0.00198541 0.00359136 0.00152771 0.000933665 0.00257953 0.00439401 -0.00013994 0.000398166 0.001184 -0.000575467 0.00159592 0.004533 0.0100001 0.0159768 0.00265334 0.0018671 0.00269829 0.000912576 0.00321955 0.00473403 0.00868525 0.0047301 -0.0024424 -0.00170567 -0.00305227 -0.000920649 -0.00163919 0.0122647 0.0157888 0.00992748 0.0105059 0.0145605 0.000567981 0.00087325 0.00701711 0.0117862 -0.000651424 -0.00117991 -0.00363188 0.0046943 0.00694725
internal_weight=238336 208799 148958 92006.1 56952.3 41938.6 31779.3 59841 43723 29536.5 10159.3 4918.77 3182.19 33892.4 14767.1 12004.2 48283.1 13235.4 28786.4 25793.2 21172.4 31127.2 6902.33 24224.9 18446 6424.05 1531.69 16900 13837.1 10270.6 5240.5 2452.59 3257.71 579.562 295.135 5964.74 5055.32 1981.4 7513.21 2411.98 1880.26 738.308 933.474 17012.2 11242.5 17532.3 28121 15165.4 525.064 378.581 235.143 1200.79 545.74 20162.1 18060.4 909.421 449.4 9830.61 11070.7 13155.6 1401.03 273.606
internal_count=523129 458760 351062 205752 145310 106346 84323 107698 97430 64369 22023 8906 5562 76800 38916 25415 108322 35371 47417 42500 34445 66113 17505 48608 36879 13386 3545 28245 23443 17554 13117 6095 4838 860 463 10487 9037 3581 19941 6048 4833 1739 1427 45407 29504 38954 65846 35706 1225 769 514 1981 867 42476 34077 1450 691 20630 23988 29234 2577 455
cat_boundaries=0 1 2
cat_threshold=8 12
is_linear=0
shrinkage=0.05


Tree=58
num_leaves=63
num_cat=3
split_feature=5 8 31 0 1 0 31 8 13 17 0 20 8 26 17 18 21 4 23 24 31 17 10 32 32 10 1 1 4 32 10 24 32 19 1 11 31 31 31 32 10 18 32 13 1 17 1 31 32 16 13 1 23 17 1 20 8 17 22 26 31 31
split_gain=26.9132 27.3972 33.1942 25.8881 25.6823 23.811 24.3459 28.3151 19.752 18.9882 17.5418 18.7934 16.9461 16.8438 15.1257 14.9606 14.0622 12.8532 12.7897 12.7751 12.2123 12.0731 13.0495 12.9178 17.1803 12.0474 11.8763 11.5975 11.4513 11.1356 12.0118 11.1155 10.6874 10.6036 10.5762 10.5398 11.8932 10.5327 37.9201 13.7658 10.0493 11.027 10.1206 9.9729 9.91729 10.2708 9.90853 9.75952 9.53926 8.45491 10.2648 8.40531 8.35641 8.33068 8.04557 10.7478 11.0334 18.994 9.36752 7.79135 7.69744 7.78767
threshold=1.0000000180025095e-35 17.861500000000003 31.353000000000005 0 16.500000000000004 1 43.488500000000009 100.56750000000001 49.255000000000003 3.4500000476837163 2 157.50000000000003 -6.4449999999999994 8.1500000953674334 2.2500000000000004 17.350000023841861 16.000000119209293 1.0000000180025095e-35 9.6500000953674334 499.50000000000006 32.160500000000006 12.34999990463257 11.526100000000001 67.347500000000011 74.407500000000013 17.26145 8.5000000000000018 5.5000000000000009 1.0000000180025095e-35 68.385000000000005 10.071050000000001 45.500000000000007 82.33250000000001 11.34999990463257 21.500000000000004 118.51370833333335 31.590500000000002 59.45900000000001 61.590500000000006 78.552500000000023 36.24710000000001 25.750000000000004 85.917500000000004 154.51550000000003 5.5000000000000009 4.7500000000000009 7.5000000000000009 39.895500000000006 65.305000000000021 37.176583333333348 116.04350000000001 17.500000000000004 5.6499998569488534 -7.3500001430511466 20.500000000000004 167.50000000000003 47.048500000000004 2.7500000000000004 17.033333172400795 10.84999990463257 30.113500000000005 33.445000000000007
decision_type=2 2 2 1 2 1 2 2 2 2 1 10 2 2 2 2 2 2 2 2 2 2 2 2 2 2 2 2 2 2 2 2 2 2 2 2 2 2 2 2 2 2 2 2 2 2 2 2 2 2 2 2 2 2 2 8 2 2 2 2 2 2
left_child=1 2 14 4 9 6 18 10 37 25 11 13 -5 44 29 33 17 20 27 -11 35 22 53 -24 26 -4 59 -3 54 30 -1 -23 43 49 47 36 -14 -7 39 52 -10 42 -42 -15 -8 -46 -31 -6 -27 -12 -51 -13 -39 -22 55 56 57 58 -29 -25 -58 -62
right_child=-2 5 3 12 34 8 7 -9 40 19 15 51 16 32 -16 -17 -18 -19 -20 -21 21 31 23 24 -26 48 -28 28 -30 46 -32 -33 -34 -35 -36 -37 -38 38 -40 -41 41 -43 -44 -45 45 -47 -48 -49 -50 50 -52 -53 -54 -55 -56 -57 60 -59 -60 -61 61 -63
leaf_value=0.77222969503204342 -0.62470719821395115 -0.27309441365301235 0.42564742325277227 0.35720084760564108 0.64344318885747431 -0.65379674100767504 -0.15516188907227646 -0.21563189873455482 0.089394529897979427 0.093022428222279893 0.30996167211147568 -0.030688588188804291 -0.53671666638777571 0.95205682581031859 0.055173089212693684 1.315557733972414 -0.22439585500289169 -0.17702880023952794 -0.3453435846586535 -0.35152321849092094 0.78720269688385969 -0.47154474667578655 -0.27035955218021462 1.5519362076992529 0.10384848302318801 1.6721835138020804 0.87588192774709273 1.6186563516472767 -0.32725611796025333 0.078847703380549916 0.40114642182467403 -0.030901214635361551 1.5059535288188823 -0.30108325765438804 0.2437178340592773 2.3770983111502049 0.96482349767942532 0.81260327470342986 -0.58447305021785978 -0.86126368306252332 -0.44839565857845404 0.062110175798091305 0.35706581246411562 0.50085428312905411 1.0526713327909931 -0.07609961446150422 0.65913296655839348 1.3403060380714635 0.99463132028733914 -0.51732668069356202 0.34250960170222805 0.98353579926837398 1.8592037066708558 -0.10001540638351446 -0.27013664466934378 -0.089168305928995661 -0.46639695556127986 0.71871543947051042 2.3798888826879825 0.35571022687559195 1.2066150160107896 0.036900959075035898
leaf_weight=210.21269764006138 7984.2248372137547 7264.600558295846 987.49560703337193 343.61442857980728 1135.6557306051254 21522.921865150332 1222.0283858776093 14050.768843144178 6958.3622172027826 14276.181895598769 4406.5683114826679 3690.0953631997108 510.46466349065304 1366.7494640052319 3117.5748272687197 507.37722340226173 10283.095442205667 15391.666269600391 26289.982816576958 4371.4656251072884 954.42385910451412 3994.1171026676893 1267.1940488368273 524.20745621621609 1342.398491859436 144.70655861496925 860.67647032439709 186.37861862778664 3869.3106703460217 1628.6949209719896 570.70787094533443 6335.4240959137678 218.00492185354233 6776.5778487622738 1440.9310537576675 51.287609100341797 1767.7762885987759 127.046331346035 3473.5871015787125 92.0794438123703 17229.094535529613 4276.999718979001 541.57793718576431 1090.0740349888802 1332.0356160700321 762.10202041268349 2454.6589739620686 1127.9753793627024 258.0397867411375 1430.514810949564 1118.974300891161 284.94067150354385 273.82972222566605 11454.721690386534 2790.8623463958502 3790.3132189512253 1200.7434058487415 1055.3828285485506 57.484816640615463 117.65623036026955 2601.436415374279 1897.5632707029581
leaf_count=1249 18225 18243 2900 1019 3971 52169 2896 20576 12625 34128 6311 4969 1018 1871 10317 1647 24285 34280 64940 9156 3095 9351 3173 896 2009 334 1467 439 9551 2857 3293 13916 222 11093 4031 93 3791 139 3680 105 33302 7548 883 1260 3723 1967 4326 2334 572 2099 1789 349 300 29143 7215 10881 2744 3016 122 269 5067 4634
internal_value=-0.000722406 -0.000623617 7.71365e-05 -0.000233573 0.00114673 -0.00104733 -0.000544297 0.000409092 -0.0018708 0.000440035 0.00144544 0.00305292 -0.000827347 0.00482437 0.00314972 0.000317913 -0.000896919 -0.000512371 -0.00125951 1.96329e-05 0.000104294 -0.000197044 0.000641285 0.003082 0.0049518 0.00607493 0.00862259 -0.000442861 0.000256025 0.00489195 0.0103598 -0.00153782 0.00777574 6.32635e-06 0.00497119 0.00357619 0.00306536 -0.00288657 -0.000518844 0.012444 -0.000978749 -0.00150157 -0.00205012 0.00682869 0.00244216 0.00453015 0.00384398 0.00710203 0.0133527 0.00137756 -0.000913966 0.000390225 0.0164409 -0.000167701 0.000939742 0.00155869 0.00271989 0.00687627 0.0194244 0.0137664 0.0017714 0.00272055
internal_weight=238664 230679 86923 78941.2 23742.5 143756 89260.9 38256.8 54495.5 20037.9 24206 9966.03 55198.7 5990.99 7981.85 14240 54855.1 44572 51004.1 18647.6 29180.3 26850.8 16521.3 4112.13 2844.94 1390.24 1502.54 24714.1 17449.5 4864.27 780.921 10329.5 2674.83 13732.6 3704.56 2329.53 2278.24 25489.5 3966.54 492.955 29006 22047.7 17770.7 2456.82 3316.17 2094.14 4083.35 2263.63 402.746 6956.06 2549.49 3975.04 400.876 12409.1 13580.2 10789.3 6998.99 1299.25 243.863 641.864 5699.74 4499
internal_count=523873 505648 207273 185231 57426 298375 187624 60772 110751 47090 40196 17257 127805 11939 22042 22939 126786 102501 126852 43284 68221 63319 40052 7814 4641 3806 2632 61912 43669 11725 4542 23267 3353 21292 10336 4902 4809 56393 4224 544 54358 41733 34185 3131 8586 5690 7183 6305 906 10199 3888 5318 439 32238 34118 26903 16022 3577 561 1165 12445 9701
cat_boundaries=0 1 2 3
cat_threshold=12 12 8
is_linear=0
shrinkage=0.05


Tree=59
num_leaves=63
num_cat=2
split_feature=0 19 31 24 17 23 4 10 1 24 17 6 22 17 10 24 10 17 17 13 32 10 1 32 19 17 9 32 17 10 0 17 9 15 31 1 15 10 31 6 10 10 17 19 3 31 1 10 26 23 22 10 9 1 9 3 3 10 9 12 31 31
split_gain=24.6389 25.2309 24.2695 19.861 18.902 17.8752 17.3855 14.7583 13.7663 15.6785 13.3394 13.1563 12.3308 11.8164 11.0867 12.7247 10.9801 13.3915 9.89638 9.14316 11.227 8.88881 9.41396 11.2375 8.71257 8.31051 8.30185 10.3681 8.20038 8.04753 7.90184 7.88063 7.84588 9.37293 14.9361 8.71716 7.69377 7.64973 12.4083 7.37708 7.22266 6.93592 7.43081 6.74479 6.47378 6.47126 6.46847 8.82847 6.41306 6.28934 6.22888 6.18155 7.97964 12.5934 13.5237 7.10035 10.6881 8.90055 6.15824 6.13597 6.08348 9.70342
threshold=0 15.750000000000002 70.809500000000014 1.0000000180025095e-35 16.849999427795414 13.650000095367433 1.0000000180025095e-35 42.622750000000003 15.500000000000002 1.0000000180025095e-35 3.3500000238418584 4.5000000000000009 21.599999904632572 9.9499998092651385 31.191225000000003 276.50000000000006 85.032950000000014 -3.7499999999999996 -7.3500001430511466 15.989000000000003 67.657500000000013 112.212925 17.500000000000004 72.64500000000001 6.9500000476837167 -2.0499999523162837 86.140000000000015 75.542500000000018 9.6500000953674334 -4.1574999999999989 1 3.7500000000000004 9.0565000000000015 5.7699166666666679 43.532500000000006 15.500000000000002 49.205625000000012 118.93170000000001 33.685500000000012 4.5000000000000009 37.615750000000006 28.145150000000005 6.4500000476837167 12.550000190734865 5.5000000000000009 31.214000000000002 17.500000000000004 108.62230000000001 9.4499998092651385 4.8500001430511483 7.6666667858759565 88.527450000000002 39.738500000000009 17.500000000000004 38.292500000000011 4.5000000000000009 8.5000000000000018 67.276500000000013 25.281000000000002 34.130000000000003 60.909500000000008 61.590500000000006
decision_type=1 2 2 2 2 2 2 2 2 2 2 2 2 2 2 2 2 2 2 2 2 2 2 2 2 2 2 2 2 2 1 2 2 2 2 2 2 2 2 2 2 2 2 2 2 2 2 2 2 2 2 2 2 2 2 2 2 2 2 2 2 2
left_child=2 3 5 13 6 8 7 19 10 40 -1 29 36 16 15 48 17 26 37 -5 28 22 31 41 -19 45 -2 -28 -21 -3 46 -11 33 34 -22 -36 -4 38 -9 -7 -10 44 -43 49 -24 -13 -20 50 -12 -29 -48 52 53 54 -32 -55 57 58 -57 -31 -34 -62
right_child=1 11 12 4 -6 39 -8 18 9 21 14 25 -14 -15 -16 -17 -18 24 30 20 32 -23 23 -25 -26 -27 27 43 -30 59 51 -33 60 -35 35 -37 -38 -39 -40 -41 -42 42 -44 -45 -46 -47 47 -49 -50 -51 -52 -53 -54 55 -56 56 -58 -59 -60 -61 61 -63
leaf_value=0.27681568423237268 0.062916685065030009 0.28875717248933847 1.054237991515143 0.06660569373069479 -0.19712889773623551 -0.61870750483371573 -0.13118901131010041 0.26981086874426197 0.46846646743943232 2.1069763784234148 -0.070963833507140348 0.46386425338127285 -1.5588793924275115 -0.33834903892839385 -0.19442174084734953 -0.26255169410851947 -0.41441566611587927 0.021645734812743102 -0.033422921871319212 0.27246879673521945 0.41956289517679934 0.22138495679644593 1.9995641511191828 1.4538598960123963 -0.27879647714401162 -0.23324094478932769 -0.017184185727692026 1.374198134844832 -0.41661322166479187 -0.34389604644725708 -0.22899486977692618 0.17752711755671735 0.29644507287527661 0.47867640746379436 1.1536315571147318 2.7504543750802557 -0.07776562037607633 0.016826527749296362 0.80050339311926777 -0.10132223552673417 -0.17174332110310042 1.5155745101684439 0.37901678719328907 0.45172017345646975 1.6266548909497134 -0.075696026905017005 2.2977891072203578 -0.30504319013687964 0.47928484515938552 0.20282458890992744 0.83196102871981736 -1.1048387173581689 -0.52175837357882071 -0.41444938214620886 0.87839573496960099 1.1222356744654955 -1.8939964930278259 0.13004626030518232 2.1251230441444471 -0.17109910493286196 1.1531136424566797 1.0576033747162554
leaf_weight=4815.239653840661 7038.9022037684917 123.35984529554844 2730.7053562998772 7487.6044982075691 19469.310864150524 6317.4821777641773 15801.131669655442 507.8104493021965 1329.9590531736612 177.35347236692905 1327.1134841442108 705.77950572967529 499.33302712440491 19651.641789540648 15782.678766876459 3010.0562591254711 5514.1759053468704 9189.1504518091679 6550.941316857934 3308.8567521125078 442.62519563734531 2838.9631603062153 60.53986431658268 621.72250555455685 20736.409960329533 14737.581664472818 468.97973540425301 60.411331653594971 1307.5693670213223 20588.51268351078 1945.9114622473717 2069.9483284801245 5979.9848479926586 1737.5204135477543 302.19951662421227 122.35304245352745 511.31589269638062 935.25256918370724 378.3328742980957 6723.5318838506937 4902.8082342892885 209.19829301536083 1542.7658842355013 74.263409435749054 182.94984483718872 1040.1818441450596 157.57376334071159 788.3863639831543 4079.9041563272476 420.33364459872246 992.48995643854141 2542.0845921486616 3152.2913972139359 136.67731137573719 83.421320423483849 130.80361497402191 72.49617075920105 74.242077708244324 82.051738798618317 3078.481583788991 132.45907258987427 984.14890509843826
leaf_count=11018 19640 375 2814 18223 42020 14699 34532 1340 3983 488 3563 1571 515 39470 33117 6614 9378 19607 13424 9874 928 5045 159 838 49647 31952 897 110 4884 46566 4200 4813 11564 3555 540 199 519 1484 650 15514 10663 635 4540 125 658 2416 314 1227 10877 702 2166 3796 6909 414 158 197 103 103 98 6176 145 1023
internal_value=-0.000717601 -0.00101095 0.000161774 -0.000691221 -0.000144504 -9.87496e-05 0.00032108 0.000871802 0.000393523 0.00168507 -0.000226857 -0.00211276 0.00406013 -0.00134572 -0.000705095 0.000760309 -0.000886011 -0.000583327 -0.000165672 0.00175344 0.00249381 0.00319343 0.00449075 0.00652857 -0.00107061 -0.00102699 0.00122513 0.00542932 0.00046399 -0.00286498 -0.000547226 0.00211568 0.00345957 0.00580645 0.01005 0.0167396 0.00518652 0.00333306 0.0066592 -0.00171998 -0.000179411 0.00469558 0.00359219 0.0100478 0.0125876 0.00223391 0.000522869 0.0030599 0.00221068 0.00784851 0.00585182 -0.00165095 -0.000735234 0.00135858 -0.000388637 0.00848964 0.0121681 0.0164883 0.0216667 -0.00293153 0.00259748 0.00598398
internal_weight=238768 179035 59733.6 138761 75606.5 55992.2 56137.2 40336.1 42951.2 13936.2 29015 40273.9 3741.35 63154.3 24199.8 8417.07 43502.6 37988.5 18530.8 21805.3 14317.7 7703.44 4864.48 2617.18 29925.6 16483.5 8062.89 1023.99 4616.43 23790.4 16709.4 2247.3 9701.29 2604.7 867.178 424.553 3242.02 1821.4 886.143 13041 6232.77 1995.45 1751.96 555.008 243.49 1745.96 8489.39 1938.45 5407.02 480.745 1150.06 8219.98 5677.9 2525.6 2029.33 496.271 359.594 287.097 212.855 23667 7096.59 1116.61
internal_count=523774 392702 131072 303646 164070 127224 122050 87518 97011 31822 65189 89056 3848 139576 54171 21054 100106 90728 36583 50935 32712 17176 12131 6830 69254 35939 21474 1834 14758 53117 33109 5301 17954 5222 1667 739 3333 3474 1990 30213 14646 5992 5175 937 817 3987 17131 3707 14440 812 2480 15978 12182 5273 4358 915 501 398 295 52742 12732 1168
cat_boundaries=0 1 2
cat_threshold=8 4
is_linear=0
shrinkage=0.05


Tree=60
num_leaves=63
num_cat=4
split_feature=5 8 14 7 31 8 17 31 31 31 31 17 3 32 14 31 32 0 0 3 10 1 21 32 31 1 9 14 12 25 9 12 16 13 32 31 14 3 8 22 30 7 0 31 23 1 9 9 8 3 21 12 0 16 14 3 31 31 32 9 8 3
split_gain=25.2744 24.078 35.158 23.2048 18.8834 21.854 18.3022 19.6704 26.8312 17.6557 33.8286 20.6738 20.6041 17.4407 16.4806 15.5535 14.5996 12.8117 12.3725 15.5293 12.0399 11.9183 11.8071 11.6367 22.9036 11.4974 11.1056 10.6365 18.0424 21.9294 11.5338 10.5642 10.3078 11.4611 10.2032 10.165 9.96093 10.077 10.1612 10.0163 9.95006 9.79494 9.50679 9.445 9.4049 11.6574 11.1798 9.37625 9.87297 9.1737 9.95253 8.9758 8.58955 8.56731 10.0147 8.39942 10.2426 43.5202 15.4945 21.0136 8.93187 8.37861
threshold=1.0000000180025095e-35 17.142500000000002 11.141071428571431 21.992500000000003 30.247000000000003 92.566000000000017 4.1499998569488534 43.488500000000009 45.876500000000007 48.955500000000008 48.669000000000004 2.4500000476837163 11.500000000000002 70.77500000000002 26.728181547619055 48.699500000000008 69.790000000000006 0 1 3.5000000000000004 9.408825000000002 6.5000000000000009 11.250000417232515 65.762500000000017 33.445000000000007 15.500000000000002 176.01000000000002 65.328029761904773 27.425000000000001 15.650000095367433 3.6815000000000002 64.626500000000007 -0.16458333333333838 16.291500000000003 67.347500000000011 33.907500000000006 5.2396726190476217 1.5000000000000002 -6.4449999999999994 19.350000063578289 15.500000000000002 2.2215000000000003 2 48.75950000000001 14.449999809265138 20.500000000000004 191.60500000000005 86.140000000000015 67.25500000000001 1.5000000000000002 5.7500000447034845 2.8025000000000007 3 19.858958333333337 82.102193452380973 7.5000000000000009 59.45900000000001 62.95900000000001 77.750000000000014 18.082500000000003 39.711000000000006 10.500000000000002
decision_type=2 2 2 2 2 2 2 2 2 2 2 2 2 2 2 2 2 1 1 2 2 2 2 2 2 2 2 2 2 2 2 2 2 2 2 2 2 2 2 2 2 2 1 2 2 2 2 2 2 2 2 2 1 2 2 2 2 2 2 2 2 2
left_child=1 2 23 32 49 6 13 35 16 10 11 12 52 18 42 22 -9 26 53 -20 -16 -7 41 24 -1 -13 -10 28 -18 -30 -29 -32 33 -3 -27 -8 -25 39 -39 -38 -36 -12 -11 -35 45 46 61 48 -15 50 -5 -22 -4 54 -6 -34 -57 58 -58 60 -60 -23
right_child=-2 3 9 4 5 21 7 8 17 14 15 25 -14 47 20 -17 27 -19 19 -21 51 44 -24 36 -26 34 -28 30 29 -31 31 -33 55 43 40 -37 37 38 -40 -41 -42 -43 -44 -45 -46 -47 -48 -49 -50 -51 -52 -53 -54 -55 -56 56 57 -59 59 -61 -62 -63
leaf_value=1.3005129549832235 -0.58190834328894847 -0.40181453928139316 0.68407812623797837 0.73941297328648803 1.1367189672031557 -0.39312218157386347 -0.041666577572360808 -0.066082763484271473 0.29395918168837343 0.96254234611727307 0.021982830418814103 -0.0073715315490645141 -0.062531581532026342 0.45018597529098869 -0.10467244267238202 0.19215709245452928 0.10656583899920734 -0.11632386794903377 -0.6384701071340374 0.26705192633755176 0.88084525473325792 -0.075648144921738061 1.5109130219006026 -0.33993764028110862 -0.052124675917378752 -0.088909288802690334 1.9464923305578012 -0.54232008007664345 0.58405482119260521 1.7405834475334983 0.93117436334458858 0.34579235617159548 -0.59608674057900124 1.1845908834307128 0.14978521478364826 -0.43313793013236829 1.470063766723694 0.78725959326008665 -0.1934784109506012 -0.35253844204126583 0.65232978957625642 0.85026869089904444 -0.2971143287638916 -0.69732398342573598 -0.56761161430687856 -0.46213739377528784 1.3545604092808674 0.41840083157142838 -0.099154229073909056 -0.47755925538615251 -0.13894020962461298 0.28513098051975166 0.33034286666800983 0.19471648129556485 -0.46113530651365553 -0.47121395996258458 -1.964047216824877 -0.31475245002568358 1.5890072384195797 1.3094892604476129 0.43569968388174307 1.0792664642262086
leaf_weight=585.44849491119385 7985.1527182906866 725.58366376161575 3424.6368689835072 371.9714362770319 403.70416930317879 7243.762245118618 11124.440489172935 917.8990823328495 4151.3404258489609 170.54074078798294 134.99086737632751 22839.869651928544 2545.7495568096638 3234.7912091612816 4425.1869990229607 297.87000969052315 1043.8617526590824 15089.536561906338 3811.5977164506912 2613.8971080482006 1125.8515232205391 14980.783908396959 127.17206239700317 9510.8638896942139 5461.0722324699163 2300.1199294924736 139.78545647859573 98.708805322647095 255.94393533468246 118.61383378505707 466.59918981790543 246.83376604318619 18698.751709461212 342.7774515748024 2292.1319846212864 11092.81696921587 392.43245217204094 98.39930160343647 10820.527660563588 215.16046798229218 3118.6054869145155 304.85493338108063 7692.9315695166588 145.58727464079857 6098.5125357657671 4221.4752039015293 755.72081233561039 1914.1102378368378 1367.822018802166 11568.707896366715 3238.4968405812979 4079.9796155393124 3367.628204613924 1066.5671239942312 131.94976779818535 12001.187045425177 99.46869820356369 3859.5043507814407 125.81515818834305 137.91642218828201 244.51953959465027 1149.4511243700981
leaf_count=1560 18209 1235 9565 703 990 10766 28018 2024 5867 188 172 59097 6259 7193 5413 617 1383 17859 6753 7691 1359 24700 162 25506 18535 8590 177 130 340 157 595 324 43730 509 4965 27499 1090 331 26390 612 6548 388 12020 214 10407 6819 1257 3845 2596 42157 5808 4931 9268 2552 222 29725 112 4025 137 151 267 3019
internal_value=-0.000691601 -0.000595842 7.08076e-05 -0.000987349 -0.000622155 -0.000357222 0.00022471 -0.000276135 0.000764896 0.000762861 0.0013332 0.00112093 0.00317971 0.00176549 -0.000565747 0.0111105 0.0050452 6.93197e-05 0.000205405 -0.000776512 0.000820909 -0.00135875 0.0159635 -0.00141753 0.000515584 0.000491563 0.00247637 0.00722852 0.00461058 0.0140089 0.0117895 0.0140036 -0.00208064 0.00244772 0.0021608 -0.00133177 -0.00197314 -0.000984718 -0.00133362 0.00527722 0.00334649 0.0120352 -0.00226398 0.00836128 -0.000878806 -0.000379054 0.000208509 0.00368697 0.00246298 -0.00225815 -5.78223e-05 0.00245062 0.00461741 0.00412042 0.00929921 -0.00223702 -0.00141349 0.000630222 0.0130556 0.0165822 0.0103274 -7.01357e-05
internal_weight=238618 230633 85332 145301 108920 93740.5 59290.8 44746.4 22529.1 58248.1 40753.6 39888.7 9338.01 14544.4 17494.5 864.888 3148.46 19380.7 8027.72 6425.49 9631.02 34449.7 567.018 27083.9 6046.52 30550.7 4291.13 2230.56 1418.42 374.558 812.142 713.433 36381.1 1213.95 7710.86 22217.3 21037.4 11526.5 10918.9 607.593 5410.74 439.846 7863.47 488.365 27205.9 21107.4 16886 6516.72 4602.61 15179.2 3610.47 5205.83 6792.27 1602.22 535.654 35167.2 16468.4 4467.22 607.72 508.251 370.335 16130.2
internal_count=523731 505522 203566 301956 221851 173183 116215 84373 28856 129542 105631 104292 25092 31842 23911 1339 4953 23903 18208 14444 11703 56968 722 74024 20095 79200 6044 2929 1880 497 1049 919 80105 1958 20103 55517 53929 28423 26721 1702 11513 560 12208 723 46202 35795 28976 13634 9789 48668 6511 6290 18833 3764 1212 78147 34417 4692 667 555 404 27719
cat_boundaries=0 1 2 3 4
cat_threshold=8 8 8 6
is_linear=0
shrinkage=0.05


Tree=61
num_leaves=63
num_cat=2
split_feature=21 1 2 8 13 31 6 8 17 14 7 1 24 8 8 14 16 22 24 1 1 2 31 24 10 14 27 9 17 1 24 10 24 2 9 31 13 9 13 7 18 6 2 8 14 32 31 6 28 31 8 8 14 2 26 10 9 0 0 16 9 32
split_gain=23.3311 20.6338 25.0758 21.3186 21.5767 16.9884 15.2436 14.9218 13.4553 25.512 13.1398 12.5993 11.8444 15.5627 11.056 12.2959 10.9355 10.5719 10.3313 12.063 10.1304 9.62852 17.6553 9.59782 11.7767 13.6961 9.07771 8.89392 8.96936 10.1487 9.63615 9.2386 8.46091 8.3443 13.2788 20.1967 10.6671 9.96942 8.18975 12.0815 8.16382 8.08898 8.00298 9.10898 14.7694 9.28049 8.89974 7.96045 7.78681 7.72118 7.659 7.64624 14.5873 7.213 9.27068 7.19178 17.9927 6.87235 6.8216 6.69096 6.67741 9.68569
threshold=17.649999737739567 4.5000000000000009 4.5000000000000009 54.662500000000001 32.035000000000004 30.113500000000005 4.5000000000000009 -6.4449999999999994 13.550000190734865 21.90881547619048 142.72750000000005 15.500000000000002 304.50000000000006 161.00500000000002 6.5810000000000004 11.141071428571431 0.55608333333333626 16.06666664282481 565.50000000000011 22.500000000000004 19.500000000000004 5.5000000000000009 65.46050000000001 273.50000000000006 25.456550000000004 27.171636904761908 11.34999990463257 100.31500000000001 1.0500000119209292 18.500000000000004 97.500000000000014 75.81942500000001 1.0000000180025095e-35 5.5000000000000009 4.8815000000000008 44.130500000000005 137.56000000000003 2.6615000000000006 22.975000000000005 5.8310000000000004 17.750000000000004 4.5000000000000009 1.0000000180025095e-35 86.553500000000028 78.759494047619071 85.050000000000011 31.658000000000005 2.5000000000000004 19.999999841054287 46.237000000000002 9.3510000000000009 16.406000000000002 11.141071428571431 5.5000000000000009 -2.7499999999999996 6.0992500000000005 11.095000000000001 0 1 0.68395833333333333 35.345000000000006 68.127500000000012
decision_type=2 2 2 2 2 2 2 2 2 2 2 2 2 2 2 2 2 2 2 2 2 2 2 2 2 2 2 2 2 2 2 2 2 2 2 2 2 2 2 2 2 2 2 2 2 2 2 2 2 2 2 2 2 2 2 2 2 1 1 2 2 2
left_child=1 42 3 4 8 -5 57 49 20 50 18 23 13 16 15 -13 32 27 19 26 47 -17 55 24 25 -9 -6 -18 29 30 31 -29 -7 34 35 -27 37 -37 39 -11 58 -19 -1 44 45 51 -46 -3 -48 -4 -10 52 -44 54 -50 -23 -57 -2 -8 -12 61 -28
right_child=6 2 7 5 10 12 40 11 9 38 59 14 -14 -15 -16 21 17 41 -20 -21 -22 22 -24 -25 -26 33 60 28 -30 -31 -32 -33 -34 -35 -36 36 -38 -39 -40 -41 -42 -43 43 -45 46 -47 48 -49 53 -51 -52 -53 -54 -55 -56 56 -58 -59 -60 -61 -62 -63
leaf_value=-0.41009828729509235 -0.42521294030408896 -0.14882146535148344 0.2977881578672319 -0.78754523630599538 0.16306258362422299 0.040567147928837421 0.04118990170785395 -0.19964842609486669 -0.11128399616333909 0.56570500279403502 3.1593916573080048 -0.17245871040768909 -0.37656568702458842 -1.0091477112855423 -0.1587070050112338 0.07778015869491739 -0.0082215554109387416 -0.46819689418230265 -0.14805812697309725 -0.29793667922862904 -0.27189024599919132 0.15459219465565399 0.56115905522305098 -0.36103064902530985 -0.38749835590040083 0.082750829918737001 0.21774840069658269 3.7593398873585531 0.17615818793592697 -0.29371862753547617 0.060668584963050165 1.3448574951430716 0.6074591451064667 -0.030268556567549256 0.087039973723383748 0.87407879929995413 0.50138885362521679 2.4407918789945371 -0.096549977194391359 1.7468710862871912 0.49731096456063106 0.10400759519720566 -0.3651250612435939 -0.35379244321519043 -0.31407630004390658 0.29605782466217861 0.19320141830276472 0.41243847425503194 0.28552381300825636 0.36737017575780478 -0.57445139371986687 -0.33484575381235548 0.043005857246498636 -0.061193531199483432 0.4729577843044801 1.3868321021449281 0.7012794474328875 -0.31361403114164549 -0.34156466732815999 1.1481862878500102 0.3017357071492775 0.66732972056953777
leaf_weight=6404.8577587306499 8786.7299154251814 3359.7803716659546 379.38689482212067 5894.574380800128 14450.830645635724 1480.201093018055 5839.0957096964121 5603.0058429688215 4720.4154395163059 780.9302404820919 58.818613812327385 1879.6227641403675 7539.3979822546244 4780.4738124907017 15444.128098800778 1456.0547617375851 11259.975356265903 5573.0865332782269 3918.3123381584883 2393.0431370437145 4489.8001349270344 671.04195500910282 62.509821116924286 8445.9489022493362 7635.7581986635923 420.99806395173073 2301.3020737916231 84.249476879835129 5620.5020899772644 322.40847492218018 323.47117817401886 811.2676814198494 1786.187710210681 2739.9483987689018 1391.7010411918163 81.936681300401688 151.16436368227005 103.53927385807037 692.16231206059456 286.30003853142262 721.93798470497131 3830.2067061364651 4699.1220152825117 5446.3297687470913 680.22448851168156 131.27791774272919 2041.0390201508999 10225.818825185299 97.503321141004562 62.798647165298462 5776.5656159520149 13753.062568619847 11197.38385514915 115.54051852226257 200.0442031621933 111.04830673336983 534.16341410577297 8803.8672726303339 5434.7306251078844 840.52426661550999 9175.4183896929026 4279.9528773576021
leaf_count=13954 19503 8772 1450 19207 33121 2662 12422 14945 12879 1429 133 5203 11963 7854 32475 3268 20943 9657 8302 5442 11243 1729 67 17573 15807 890 7139 180 9072 539 572 1439 3862 5360 2842 136 171 119 1399 466 1579 6704 12951 8106 1323 214 3308 26396 156 80 15555 31808 25874 191 338 235 1167 19526 11469 1557 20780 8293
internal_value=-0.000714939 -0.000528899 -0.000269514 0.000122706 0.000698338 -0.000668251 -0.00202906 -0.00124272 -0.000292721 -0.00157154 0.00150169 -0.00132929 -0.000326223 5.24273e-05 -0.000386656 0.00173247 0.000460816 0.000139486 0.00135453 0.00164609 0.000574443 0.0038112 0.00680419 -0.00204432 -0.00139559 -0.00030835 0.00191681 0.000835783 0.00221319 0.00559082 0.00767602 0.0103452 0.00319722 0.00162531 0.00395671 0.0092785 0.0183886 0.026401 0.00399894 0.00674413 -0.000654639 -0.00122456 -0.00148046 -0.00120723 -0.000893766 -0.00123739 0.00237047 0.00125491 0.00377288 0.00788892 -0.00250549 -0.0012963 -0.000549392 0.0100255 0.0141308 0.00555715 0.00932233 -0.00296624 -0.000984852 0.00746907 0.00274686 0.0039622
internal_weight=238583 208997 164231 117056 67750 49306 29586.4 47174.8 30331.8 12256.4 37418.2 46732.6 43411.4 35872 20158.6 4714.44 31091.6 27825.2 36518.9 32600.5 18075.4 2834.82 1378.76 26574 18128.1 10492.3 30207.5 18421.9 7161.9 1541.4 1218.99 895.517 3266.39 4889.29 2149.34 757.638 336.64 185.476 1759.39 1067.23 11995.8 9403.29 44766.4 38361.5 32915.2 29780.8 3134.35 13585.6 2454.13 442.186 10497 29649.6 15896.5 413.088 297.548 1316.25 645.212 17590.6 11273.8 899.343 15756.7 6581.25
internal_count=523799 459300 361077 257560 162906 94654 64499 103517 78139 31728 84767 101987 75447 63484 44144 11669 55630 49106 83077 74775 46411 6466 3198 57843 40270 24463 69333 32745 11802 2730 2191 1619 6524 9518 4158 1316 426 255 3294 1895 25470 16361 98223 84269 76163 70847 5316 35168 3993 1530 28434 70633 38825 685 494 3131 1402 39029 23891 1690 36212 15432
cat_boundaries=0 1 2
cat_threshold=12 12
is_linear=0
shrinkage=0.05


Tree=62
num_leaves=63
num_cat=3
split_feature=5 27 6 19 7 8 6 21 1 24 17 8 27 7 2 18 8 1 8 15 7 8 7 8 0 12 20 1 17 7 12 31 17 31 31 3 31 31 8 9 3 0 31 2 9 0 8 3 8 11 8 24 2 31 1 3 15 22 8 16 22 12
split_gain=24.1265 25.2788 24.2442 20.2535 15.3552 16.258 13.6623 13.4692 11.8937 10.8846 10.8758 9.69733 9.31638 8.37947 8.06796 10.5128 11.7179 14.5713 7.79049 7.40299 7.26894 7.07655 11.8987 6.47859 9.97661 6.36404 6.18827 5.8609 5.92965 5.84388 5.7254 5.97446 5.89759 5.52328 9.01846 5.94593 6.94153 14.9072 6.58938 11.6747 5.5187 5.38007 5.81374 5.26088 5.63159 5.22085 5.15773 5.02424 9.93433 5.57505 5.34818 5.02116 5.00272 7.39607 5.62544 4.93573 7.44236 18.2654 4.81675 5.3706 4.67513 4.6684
threshold=1.0000000180025095e-35 12.049999713897707 6.5000000000000009 10.449999809265138 38.025000000000013 45.689000000000007 4.5000000000000009 16.399999737739567 6.5000000000000009 450.50000000000006 2.9500000476837163 9.6510000000000016 19.599999427795414 150.47650000000002 4.5000000000000009 22.149999856948856 154.23000000000005 18.500000000000004 -6.4449999999999994 51.031104166666672 5.6610000000000005 100.56750000000001 142.72750000000005 31.705000000000002 0 39.009000000000007 93.500000000000014 9.5000000000000018 14.250000000000002 25.495000000000001 2.2375000000000003 71.881000000000014 0.35000000894069677 43.532500000000006 47.032000000000004 7.5000000000000009 61.590500000000006 59.45900000000001 20.482500000000005 7.0425000000000013 11.500000000000002 1 42.415500000000002 1.5000000000000002 32.551500000000004 2 66.276500000000013 6.5000000000000009 91.231500000000025 21.830208333333335 3.3465000000000003 69.500000000000014 3.5000000000000004 30.113500000000005 4.5000000000000009 10.500000000000002 44.553541666666668 15.233333309491476 61.366000000000007 3.4335833333333379 19.533333222071331 2.8025000000000007
decision_type=2 2 2 2 2 2 2 2 2 2 2 2 2 2 2 2 2 2 2 2 2 2 2 2 1 2 8 2 2 2 2 2 2 2 2 2 2 2 2 2 2 1 2 2 2 1 2 2 2 2 2 2 2 2 2 2 2 2 2 2 2 2
left_child=1 7 3 9 6 10 11 8 47 23 -6 18 25 60 15 19 17 26 -5 21 -20 22 27 24 -3 -4 40 28 -10 -26 31 32 -8 58 46 -36 37 -37 -39 -40 -17 -14 -43 44 -38 -9 -35 48 49 -1 -51 -46 53 -25 -55 -16 -57 -58 59 -29 -7 -31
right_child=-2 2 12 4 5 13 30 45 14 -11 -12 -13 41 -15 55 16 -18 -19 20 -21 -22 -23 -24 52 29 -27 -28 33 -30 61 -32 -33 -34 34 35 36 43 38 39 -41 -42 42 -44 -45 51 -47 -48 -49 -50 50 -52 -53 -54 54 -56 56 57 -59 -60 -61 -62 -63
leaf_value=-0.32338296828441709 -0.54055324968461516 -0.0097446538408993543 0.20781681888396772 0.29357290854366697 0.61082407883144541 -0.08907776157717287 0.54186603060757432 -0.27745610599247533 0.47368596394337176 -0.23969807839849314 0.14831010764140232 -0.53818123569868404 0.074448536181854763 0.40672400971795852 -0.20918143493380656 1.1829542152791721 -1.1692005166367962 -0.14601515424363926 -0.19828569921379169 -0.48101740080866995 0.050333285797394205 -0.3675592693456679 0.92489312365655252 -0.54906006474504998 0.24840658901774904 -0.25658790762323863 0.053170893801999956 -0.28194898400901475 -0.091166159135845082 0.84642536676442148 -0.21016718541944104 1.446321825242773 0.0050586700119403362 0.35158991075561591 -0.31256711446749075 -0.023467987145499428 -0.57242268793891637 0.73993564800445033 0.39236024866830732 1.8648868238972989 -0.564795469457123 0.29510737283101512 0.88016693893458042 -0.42241095965794245 -0.15147027521223536 -0.30857889307404679 0.62692619737042454 -0.30837497514033851 -0.37264751201332874 0.32151820166926481 -0.011295245307092472 1.3445723604271933 -0.14148581412068709 -0.12332746372328991 0.29865015886030977 0.012869097948348163 1.6374108453584939 -0.96271063631090092 -0.51778123590017011 0.0220106616551103 -0.40089215385943044 0.35710700211841628
leaf_weight=3820.4290042072535 7995.8509307354689 5673.0553810745478 9610.6989041119814 181.54570664465427 1440.743194937706 11451.773222193122 827.33864277601242 7615.7449030578136 3585.6972470879555 4139.9244116991758 6550.3654258996248 18185.979191675782 1394.3269813358784 1722.8839134275913 15612.383202642202 1396.1772521287203 580.1794131398201 1082.6072814017534 5797.8614481538534 2492.8191721439362 4125.5371478497982 7160.3164735585451 877.72431240975857 1312.5886676460505 7389.3839565068483 1819.9883419126272 365.01590415835381 3088.531568005681 1625.0086804479361 531.44407732784748 5650.3939195424318 195.48179948329926 6187.5479442179203 2015.2696123719215 3531.2460070848465 701.7016487121582 318.59924775362015 203.60173439979553 99.886027216911316 120.38611745834351 124.68516981601715 2481.765978127718 1785.4412351250648 1393.8805329203606 210.09168875217438 10113.180452048779 410.86090138554573 16559.96922840178 2742.8318255394697 774.39510463178158 7994.4566398710012 342.92859441041946 5192.6176272183657 1691.8499448895454 7383.0846079140902 1786.7362262308598 47.315195888280869 75.431207656860352 3000.7130383402109 9070.5080421417952 4494.5351166576147 2394.9587247520685
leaf_count=10562 18273 13223 21132 545 4255 22392 2330 16303 8399 8337 13267 40746 3136 2837 34199 2684 926 2312 15522 6204 9406 12061 1533 4480 18191 3511 1003 12963 3873 1431 11844 201 15618 3498 6073 1098 338 225 109 132 348 6378 3138 1457 219 22026 620 33624 4316 2131 19117 360 10101 3056 13838 4091 177 213 7695 21929 8631 5024
internal_value=-0.000683981 -0.00059033 -8.61094e-05 -0.000376768 -0.000890541 6.93763e-05 -0.00148909 -0.00113396 -0.00089367 0.000584508 0.00194068 -0.00210332 0.00165721 -0.000777008 -0.000486341 -0.000123578 0.00248488 0.00375505 -0.000861344 -0.000353611 -0.00104953 -0.000179337 0.000151817 0.000900639 0.00160767 0.000835545 0.0064081 -1.77284e-05 0.00150491 0.00253254 -0.000137844 0.000796012 0.000555072 -0.000341505 0.000614303 -0.00030518 0.00119002 0.00439753 0.0117891 0.0177671 0.00781045 0.00331573 0.00419266 -0.000404821 0.00264033 -0.00239718 0.00323685 -0.00167682 -0.0010245 -0.000430304 0.000264241 0.00568712 0.000175007 0.000808454 0.00131591 -0.00139306 0.00100608 0.0128643 -0.000930918 -0.000488059 -0.00113495 0.00442585
internal_weight=238550 230554 119613 102521 66812 25660.3 41151.7 110941 93212.4 35708.9 7991.11 28290.9 17092.2 17669.2 61320.3 43798.4 3548.67 2968.49 10104.9 40249.8 9923.4 37757 30596.6 31569 15988.8 11430.7 1885.88 29718.9 5210.71 10315.8 12860.8 7210.37 7014.89 24508.2 9348.45 6922.32 3391.08 1125.58 423.874 220.272 1520.86 5661.53 4267.21 2265.5 871.62 17728.9 2426.13 31892.1 15332.1 12589.3 8768.85 553.02 15580.1 10387.5 9074.93 17521.9 1909.48 122.746 15159.8 12159 15946.3 2926.4
internal_count=523661 505388 262570 225275 147594 51382 96212 242818 204489 77681 17522 66219 37295 33860 134739 96059 7273 6347 25473 88786 24928 82582 70521 69344 37869 24643 4035 68988 12272 24646 29993 18149 17948 56716 14129 10011 3938 1564 466 241 3032 12652 9516 2374 917 38329 4118 69750 36126 31810 21248 579 31475 21374 16894 38680 4481 390 42587 34892 31023 6455
cat_boundaries=0 1 2 3
cat_threshold=1 1 12
is_linear=0
shrinkage=0.05


Tree=63
num_leaves=63
num_cat=1
split_feature=0 23 19 31 6 15 16 28 16 8 17 31 17 8 8 1 31 8 6 20 24 3 3 16 12 6 12 8 10 18 3 15 3 31 6 31 8 16 12 4 11 24 18 9 31 17 1 13 8 3 30 24 3 4 3 10 31 13 12 8 31 6
split_gain=22.8491 23.4374 23.2203 18.7084 14.5603 14.3451 19.922 17.976 15.521 13.742 14.0202 12.3424 11.4889 18.182 11.3779 11.9334 10.8787 10.566 9.78154 9.53562 9.15478 9.11538 14.1673 9.02688 10.0499 12.2 8.86507 8.69829 8.54603 11.7519 8.37515 8.22849 14.0245 8.14162 8.88006 15.5798 7.99735 7.93668 12.0067 7.5686 7.45713 7.42856 7.04922 7.01009 6.97385 6.94715 6.8817 6.79174 6.91688 7.62033 6.93118 6.75444 6.6088 11.8937 14.3901 9.4607 8.89152 8.01587 6.46547 7.63079 8.25763 7.04758
threshold=0 11.650000095367433 14.650000095367433 66.226500000000001 4.5000000000000009 30.839562500000003 26.519958333333339 12.366666555404665 56.244541666666677 74.715000000000018 3.4500000476837163 48.526500000000006 8.7500000000000018 31.215000000000003 124.53500000000001 16.500000000000004 32.297000000000004 -3.2384999999999997 4.5000000000000009 -1.0000000180025095e-35 443.50000000000006 7.5000000000000009 8.5000000000000018 38.268229166666679 2.5445000000000007 2.5000000000000004 3.5915000000000004 6.5810000000000004 85.032950000000014 25.250000000000004 11.500000000000002 46.006520833333333 7.5000000000000009 71.981000000000009 5.5000000000000009 58.494000000000007 76.711500000000015 30.820312500000004 2.0565000000000002 1.0000000180025095e-35 8.6115208333333353 1.0000000180025095e-35 16.349999964237217 18.082500000000003 39.07800000000001 12.050000190734865 8.5000000000000018 26.035000000000004 82.982500000000016 5.5000000000000009 400.50000000000006 3.5000000000000004 7.5000000000000009 1.0000000180025095e-35 8.5000000000000018 15.742300000000002 35.734000000000002 93.127500000000012 36.923500000000011 22.775000000000002 27.345500000000005 1.5000000000000002
decision_type=1 2 2 2 2 2 2 2 2 2 2 2 2 2 2 2 2 2 2 10 2 2 2 2 2 2 2 2 2 2 2 2 2 2 2 2 2 2 2 2 2 2 2 2 2 2 2 2 2 2 2 2 2 2 2 2 2 2 2 2 2 2
left_child=1 3 5 9 17 6 12 -8 31 10 30 27 13 19 15 -5 -15 -4 -3 -2 26 -13 43 24 25 -9 52 -10 29 -18 -1 32 -7 34 -34 -36 -31 38 -27 41 -25 -21 -6 -23 -28 -37 -43 -26 49 50 -49 -14 -12 54 55 56 -54 -56 59 60 -19 -60
right_child=2 18 4 14 42 8 7 23 11 -11 20 21 51 16 -16 -17 28 58 -20 39 -22 22 -24 40 47 37 44 -29 -30 36 -32 -33 33 -35 35 45 -38 -39 -40 -41 -42 46 -44 -45 -46 -47 -48 48 -50 -51 -52 -53 53 -55 57 -57 -58 -59 61 -61 -62 -63
leaf_value=0.68846313657919544 0.29440059883285558 -0.42606459200285374 0.22220268188584238 0.79030384566187095 -0.19632502192062617 -0.4644835935522249 -0.085379154844187621 -0.38344728053143839 1.0249867603480525 -0.082274953713151439 0.15073339050093343 -0.42156653314746806 -0.31902407010586309 -0.40804048240265911 0.16809709585163796 1.6669563433280836 0.03883281340413447 0.36077563912883115 -0.014023366419267448 0.067640398331107576 -0.25233107367126734 0.94066374018579535 -0.5317745421174801 -0.39102968744456384 -0.37820222639649637 0.096258406946284236 -0.11080261618471283 0.35603583641033049 -0.20333982843308931 0.096954956537297937 -0.3333953084363806 -0.56045177075263319 0.040293516837625457 -0.47247702070785852 0.46036078610896997 0.81665477837970224 0.3986690486466854 0.97889868283523995 1.7031954129763864 -0.092259529321275485 0.20146704569344254 1.7946076387291274 0.20545071433431322 1.0356165205705015 0.25929655574020921 2.0579721411192273 0.42104079840701447 0.60979397124547396 -0.09450058966651885 0.25160209480442575 0.067150377347341819 -0.14305995663125906 0.92950958597321154 0.041679149745225179 0.42282073363805106 1.0345114167928267 1.6118629176375112 1.5736282817531615 0.35660747236788598 -0.92101194802668473 -0.185133161898073 -0.34579752823914678
leaf_weight=2431.2578966468573 498.79243464767933 10534.618087947369 238.01922109723091 1517.7004865407944 17596.95102982223 7053.8866969048977 15738.779694989324 486.03944411873817 559.94818776845932 15490.70187151432 3017.6627090871334 1209.3442619740963 12429.492131650448 9441.1842147409916 1224.674042403698 359.16716319322586 4595.516726911068 116.98422814905643 9975.2299586981535 7893.2497490048409 2773.027592048049 230.58235061168671 528.18274086713791 1612.4201144278049 873.21142110228539 556.39178019762039 4935.9425797015429 829.72329369187355 5469.8396866768599 393.3460456430912 379.86443096399307 6296.9398309737444 2058.949874445796 1534.2897176146507 589.27357868850231 102.77674287557602 278.11163309216499 997.01538509130478 118.13707277178764 5950.3419000208378 6348.7640222162008 445.12172010540962 2531.7849500030279 96.813584864139557 3875.1954979300499 193.37035727500916 4035.6262812912464 1221.04297567904 1478.0636930763721 3126.2519225478172 392.48653537034988 24183.248776599765 109.85156892240047 1098.45376701653 1011.7402871698141 561.41684810817242 97.491399064660072 253.31669598817825 768.92429998517036 11401.068290621042 13930.962815910578 2617.8796221464872
leaf_count=6850 3057 23497 713 1568 38063 13695 29940 905 1345 30438 8603 1757 27015 29708 1259 372 8777 459 22188 19939 5739 251 539 4078 1784 1137 13850 1902 9169 653 896 16151 4030 1575 1427 108 449 1455 260 15041 13732 1121 5951 106 7126 206 10508 2076 2158 4464 564 53159 279 3010 3147 1105 332 851 1514 23968 32955 5086
internal_value=-0.000689596 0.000158011 -0.000971916 0.000875518 -0.00189696 -0.000621455 -0.000388748 0.000637314 -0.00180834 0.000554744 0.00140254 0.0012588 -0.000835854 -0.00023869 0.00460112 0.00704639 -0.00128136 -0.00261262 -0.00121105 0.000879038 0.00088238 -0.00119295 0.00275474 0.00175412 0.00281647 0.00580385 0.00137147 0.00490011 -0.000192642 0.00124478 0.00468253 -0.00240266 -0.00160871 0.000579447 0.00211812 0.00630231 0.00741838 0.00783023 0.00363389 0.000693146 0.000519773 0.00139777 -0.000863173 0.0109103 0.000354545 0.0156374 0.00302353 0.00190681 0.0024867 0.0034178 0.00620755 -0.00147195 0.00282814 0.00443662 0.00670001 0.0120912 0.0212051 0.00341686 -0.00269932 -0.00297244 -0.00219218 -0.000646781
internal_weight=238696 59647.3 179049 39137.5 49202.6 129847 108562 32948.6 21284.1 36035.9 20545.2 3454.59 75613.9 39001.1 3101.54 1876.87 20178 29073.8 20509.8 18823.1 17734.1 2064.92 855.579 17209.8 9248.64 2157.58 14961.1 1389.67 10736.8 5266.97 2811.12 17829.5 11532.5 4478.66 2944.37 885.421 671.458 1671.54 674.529 18324.3 7961.18 12374 20128.7 327.396 8811.14 296.147 4480.75 7091.06 6217.85 4739.78 1613.53 36612.7 6149.93 3132.27 2033.82 768.76 207.343 1265.06 28835.8 25449 14047.9 3386.8
internal_count=524060 131110 392950 85425 108709 284241 241149 62553 43092 82226 51788 5900 178596 98422 3199 1940 48756 64695 45685 49666 44042 2653 896 32613 14803 3757 38303 3247 19048 9879 7746 37192 21041 7346 5771 1741 1102 2852 1397 46609 17810 31568 44014 357 20976 314 11629 11046 9262 7104 2640 80174 17327 8724 5714 1716 611 3998 63982 57382 33414 6600
cat_boundaries=0 1
cat_threshold=8
is_linear=0
shrinkage=0.05


Tree=64
num_leaves=63
num_cat=3
split_feature=0 21 24 22 31 17 14 2 10 2 24 31 10 21 1 24 18 22 2 32 14 3 9 3 31 16 2 1 2 22 9 2 1 31 17 32 25 1 1 2 24 18 10 31 0 1 2 26 17 10 9 14 14 32 2 0 1 1 16 2 10 3
split_gain=21.1737 23.49 16.5298 16.3073 16.4897 15.1456 15.1433 14.2759 13.2755 14.8947 13.0462 14.1831 18.4652 12.149 12.0672 11.6346 11.1251 10.344 9.82335 8.41316 17.313 13.5627 12.742 12.5981 11.7094 13.5419 10.8917 11.2616 10.6971 10.2397 9.27069 13.0741 11.805 9.18231 9.06448 9.04075 9.01575 8.9378 11.0756 8.89799 8.11621 9.64411 8.11327 8.48428 8.01606 7.9891 16.3979 14.2744 11.5675 9.7702 8.3338 12.2032 7.83445 8.69346 7.7886 7.666 7.61371 7.60507 7.4693 7.37161 7.81508 7.2081
threshold=0 15.549999833106996 1.0000000180025095e-35 19.000000079472866 70.809500000000014 16.849999427795414 102.1906011904762 1.0000000180025095e-35 42.622750000000003 4.5000000000000009 532.50000000000011 38.177000000000007 110.41940000000001 6.7499998956918725 16.500000000000004 115.50000000000001 14.849999997764828 15.566666364669802 2.5000000000000004 68.540000000000006 15.399679606625261 1.5000000000000002 60.337500000000013 4.5000000000000009 33.085000000000008 13.364375000000004 1.0000000180025095e-35 14.500000000000002 1.0000000180025095e-35 15.499999721844992 8.5090000000000021 3.5000000000000004 13.500000000000002 45.876500000000007 7.5499999523162851 79.812500000000014 5.6499998569488534 16.500000000000004 10.500000000000002 1.5000000000000002 101.50000000000001 18.549999952316288 85.032950000000014 47.032000000000004 1 5.5000000000000009 4.5000000000000009 9.2500000000000018 4.5499999523162851 32.785725000000006 126.37750000000001 51.288023809523814 36.396383928571439 65.145000000000024 1.0000000180025095e-35 2 17.500000000000004 22.500000000000004 -0.037187499999998146 5.5000000000000009 162.09627500000002 11.500000000000002
decision_type=1 2 2 2 2 2 2 2 2 2 2 2 2 2 2 2 2 2 2 2 2 2 2 2 2 2 2 2 2 2 2 2 2 2 2 2 2 2 2 2 2 2 2 2 1 2 2 2 2 2 2 2 2 2 2 1 2 2 2 2 2 2
left_child=3 2 13 4 6 8 10 17 9 19 11 52 14 -2 15 45 -15 -6 -9 24 21 29 23 -22 25 -4 27 -24 -25 39 32 37 -30 -34 44 -29 -33 38 -32 -21 41 -10 43 61 -26 47 48 -13 -47 -50 51 -49 53 -1 -27 -45 -42 -16 -23 60 -43 -18
right_child=1 -3 5 -5 7 -7 -8 18 40 -11 -12 12 -14 16 57 -17 42 -19 -20 20 22 58 26 28 34 54 -28 35 30 -31 31 36 33 -35 -36 -37 -38 -39 -40 -41 56 59 -44 55 -46 46 -48 50 49 -51 -52 -53 -54 -55 -56 -57 -58 -59 -60 -61 -62 -63
leaf_value=-0.39016373843665308 -0.0033073810676866877 -0.24765602361987837 -0.036144764355185544 -0.28007122290506176 2.7853566775879566 -0.16658922000095588 -0.30474698601857875 -0.29806245227314182 -0.11435904139376003 -0.061540513117862974 -0.3491660962778298 -0.067946889062254462 -0.1294546261207902 -0.32301930522477867 0.91100279711835841 -0.042079460392561434 0.14923359157652955 0.56046922955650735 0.63370108585246576 0.96535203052176544 0.03071542014473394 1.2837015084139596 0.2873185055880555 0.27175222034234175 1.1439040453386633 -0.20944701492089879 -0.16259666362068403 1.2901500377047961 0.50779400679766062 0.65025792009013372 1.2455538603964307 0.75471448834026611 1.3161072794634088 1.9157466652152022 -0.37024617225386813 3.2158849200434547 -0.12398005482189589 2.0904617127755603 0.38889420065361124 3.3527926645403059 -0.42172690745471936 0.43722184049088358 -0.355812366533033 0.52626522187344205 0.044710629774845502 2.2578213784700396 0.054190010392086665 0.33258308098115497 1.9773698518092404 0.34337327087779246 -0.49568286746172208 0.67533395180829814 -0.061366585321671968 0.52846142218118786 1.3147204971932915 -0.51099734525102392 0.26042592212403248 0.058670903004818524 -0.085938846541114 -0.36824758567926957 -1.5183748629238811 -0.26022778968515592
leaf_weight=743.89402568340302 15261.129730865359 36916.305771797895 958.63578675687313 12534.430209264159 222.18854397535324 19920.547447770834 5604.1497067809105 876.56378102302551 8366.1871472895145 12532.71113269031 3232.1989198625088 2278.9256374835968 4366.0080406814814 34543.597946852446 2637.190401211381 3472.8526006340981 7040.2420233786106 141.77518290281296 1562.5680434703827 43.181806653738022 975.1848426014185 183.17383104562759 221.64388211071491 832.47329963743687 447.2675439864397 168.74000455439091 1662.0932830572128 77.380802929401398 561.30548125505447 138.52400296926498 458.36955730617046 63.895887732505798 379.48215489089489 107.35062044858932 3173.7237064540386 73.479766607284546 769.19432032108307 412.79683059453964 750.38805793225765 79.896951764822006 9540.8839686959982 2224.8189610689878 2816.1556805670261 640.5476810336113 3464.6440605819225 443.13731127977371 864.17547020316124 767.81783401966095 247.45512539148331 571.07616637647152 224.23149108886719 979.49164327979088 15534.443956002593 1607.4575183242559 737.05400907993317 2617.9846730828285 2004.6314896047115 615.99938836693764 5505.1069605499506 352.98411266505718 258.01281863451004 1671.7453876435757
leaf_count=3286 32132 80677 5110 28011 230 42939 8493 903 17011 28439 6883 5229 7000 73985 5787 6253 19596 145 1604 106 2107 268 361 1225 1239 455 2626 121 917 395 722 84 697 127 9629 87 1210 631 1091 257 19035 4467 4722 1922 8866 1252 2009 1703 665 1340 261 1463 41789 5260 1972 6898 3720 1317 11948 730 413 3906
internal_value=-0.000695408 -0.000967104 -0.000675103 0.000121509 0.000548932 -0.000182502 0.000312994 0.00426704 0.00022897 0.000843263 0.000665745 0.000943748 0.00195707 -0.00126573 0.00289541 0.00202297 -0.00164713 0.013491 0.00288568 0.00161992 0.00241769 0.000412821 0.00404146 0.0053303 0.000434722 0.00395925 0.000676539 0.00839197 0.00648509 0.0115223 0.00769563 0.00601044 0.0116327 0.0173262 -0.000493108 0.0188811 0.000917764 0.00862467 0.00644607 0.0219555 -0.000710191 0.000248631 -0.000499423 6.87265e-05 0.00111759 0.00329106 0.00579311 0.00203861 0.00942518 0.00589064 0.00515272 0.00631705 -4.5973e-05 0.00264313 0.00833944 -0.00210744 -0.00164043 0.00553532 -0.000100037 0.00276796 0.00372922 0.000882823
internal_weight=238482 178953 142037 59528 46993.6 77445.8 44190.5 2803.1 57525.2 34777.7 38586.4 35354.2 17468.4 64591.4 13102.4 9849.16 49330.3 363.964 2439.13 22245 13294.9 5949.88 7345.04 5310.44 8950.07 1864.43 2034.6 372.504 4335.26 261.603 3502.78 2454.64 1048.14 486.833 7085.64 150.861 833.09 1621.55 1208.76 123.079 22747.5 11202 14786.7 11970.5 3911.91 6376.31 2125.84 4250.47 1261.67 818.531 1971.54 1747.31 17885.8 2351.35 905.794 3258.53 11545.5 3253.19 5688.28 2835.82 2482.83 8711.99
internal_count=523726 392843 312166 130883 102872 169005 99990 2882 126066 80690 91497 84614 34279 143161 27279 20175 111029 375 2507 52251 24980 12974 12006 8811 27271 7537 3195 569 6704 758 5479 3738 1741 824 19734 208 1294 2444 1813 363 45376 22621 37044 32322 10105 13922 5266 8656 3257 2005 3427 3166 50335 8546 2427 8820 22755 7104 12216 5610 4880 23502
cat_boundaries=0 1 2 3
cat_threshold=8 4 4
is_linear=0
shrinkage=0.05


Tree=65
num_leaves=63
num_cat=3
split_feature=5 27 6 19 12 7 0 31 16 16 3 3 22 31 13 20 22 7 13 7 2 15 0 16 21 31 15 15 23 21 24 31 3 3 16 16 2 7 13 12 22 16 16 15 31 16 18 12 26 0 12 15 23 25 21 24 15 15 31 23 21 15
split_gain=24.1625 21.3411 20.1341 23.6307 19.4872 17.9316 14.9132 17.7623 17.9137 13.7215 14.8749 13.1795 12.2854 12.1615 10.8386 10.4752 9.72442 8.94535 8.74357 8.66678 8.11987 8.15237 7.96504 13.1087 8.52124 7.06424 6.83765 9.18004 6.77026 6.6479 6.53661 6.4266 6.44873 11.8825 6.33426 8.17015 14.394 6.0727 6.05687 6.85972 13.9937 6.01955 7.6469 5.78776 5.53993 6.07243 7.62475 7.25635 6.25256 11.1208 7.76771 10.8727 6.67862 5.42799 5.42114 5.41078 6.40956 5.67881 5.87698 5.40959 5.36971 6.25037
threshold=1.0000000180025095e-35 9.9000000953674334 4.5000000000000009 10.449999809265138 3.7735000000000007 5.6610000000000005 0 43.216500000000003 25.699437500000005 18.618333333333336 3.5000000000000004 4.5000000000000009 19.700000206629436 44.072500000000012 51.340000000000011 292.50000000000006 18.000000476837162 113.47100000000002 33.086000000000006 11.682500000000003 2.5000000000000004 11.400625000000007 1 -1.0000000180025095e-35 16.000000119209293 29.381500000000003 28.079583333333343 22.08720833333334 10.84999990463257 9.0000000596046466 258.50000000000006 34.425500000000007 10.500000000000002 11.500000000000002 28.100020833333335 38.268229166666679 1.0000000180025095e-35 2.1225000000000005 50.525000000000006 -1.8749999999999998 13.666666731238367 30.054541666666672 28.365625000000005 30.839562500000003 59.45900000000001 35.095208333333339 11.549999952316286 30.125000000000004 8.8499999046325701 2 13.367500000000001 12.880208333333339 9.7500000000000018 15.449999809265138 13.375000000000002 1.0000000180025095e-35 28.457708333333336 27.227562499999994 75.473500000000016 12.150000095367433 18.050000309944156 57.100937500000008
decision_type=2 2 2 2 2 2 1 2 2 2 2 2 2 2 2 10 2 2 2 2 2 2 1 2 2 2 2 2 2 2 2 2 2 2 2 2 2 2 2 2 2 2 2 2 2 2 2 2 2 1 2 2 2 2 2 2 2 2 2 2 2 2
left_child=1 22 3 18 6 -5 7 31 13 25 -11 -10 17 19 15 38 -13 55 -3 -9 21 -16 23 -1 43 -8 27 44 29 30 -20 -4 -33 37 -29 36 -36 -34 39 40 -15 42 -38 -24 45 46 -6 48 -47 -50 -51 52 -52 -23 -43 -7 57 58 -57 -25 61 -12
right_child=-2 2 4 5 26 12 9 8 11 10 60 16 -14 14 20 -17 -18 -19 28 -21 -22 53 24 59 -26 -27 -28 34 -30 -31 -32 32 33 -35 35 -37 41 -39 -40 -41 -42 54 -44 -45 -46 47 -48 -49 49 50 51 -53 -54 -55 -56 56 -58 -59 -60 -61 -62 -63
leaf_value=1.4050709315656502 -0.51448998004073443 -0.11536714787692244 0.29807420064309015 -0.30652027719356445 -0.30725639907555014 -0.20564903560114178 0.25715511662573115 0.73389032445853075 -0.25904382629262063 -0.48874929701780356 0.66207112677835989 1.2198887180255651 -0.27375543102377281 0.4448705550293639 0.028025190193575612 -0.14867643452388749 3.2966937877356579 0.27294695476817027 0.38451613302113047 2.2000751731373116 -0.32598858785054718 1.8484454665792285 -0.13855675435650472 -0.035226308431693991 -0.28283349463894275 -0.19656633971560381 -0.31422234397967519 -0.2503428685704388 -0.051019003009143304 0.065244837417580831 -0.16986050792137047 -0.12543396178598237 -0.28964392829891461 -0.54108199815988101 1.3315626725094285 0.038894554998798014 1.4743265547999873 2.5191258628587359 1.4251238626861331 0.77284304219526589 2.0631174924687632 0.64015312390206958 -0.23174381987794312 -0.40680016858980789 0.26688411235718057 0.12104645383490897 0.029923374046935791 -0.31136363274232193 2.4281389958393316 -0.24655089833370136 2.9142140494817568 0.091664811674628768 0.60246161884397409 0.26939344215971367 1.7926080557344328 0.019425586485219883 -0.29229606537553265 0.49569498261790862 1.3073202119559371 -0.31346906723419998 -0.079516791210762258 -0.29142138787883293
leaf_weight=332.43966221809387 8004.2133467942476 10534.32764916122 4452.5025590211153 15193.525065004826 10387.762913912535 10262.402332514524 546.23671896755695 95.340601533651352 173.90492388606071 1328.1227145195007 5482.6860226988792 572.47908318042755 9658.6413345783949 129.56025177240372 267.2736591398716 481.26836937665939 93.878757745027542 4095.0391160547733 6169.1612828075886 91.021847426891327 1247.6117001771927 111.07764053344727 36005.797594726086 21018.890745803714 8348.114399984479 7072.5979899168015 7642.290682464838 694.16320259869099 6228.8948210179806 6661.7963943630457 934.57564742863178 3891.8942130357027 39.03440448641777 159.25995346903801 98.024351447820663 919.73718637228012 232.81235349178314 136.5076499581337 61.219393014907837 1176.6704528927803 95.314777046442032 413.75915467739105 527.69519317150116 5966.0624521970749 2642.1794682741165 2138.6530568897724 6858.4575653374195 1776.3487676233053 114.53944319486618 416.55104523897171 137.64665186405182 291.35411196947098 91.86135396361351 61.340817421674728 134.34104239940643 12438.825458317995 3674.651134967804 235.31094947457314 209.70395076274872 7834.4770938009024 949.45985920727253 349.65245868265629
leaf_count=563 18282 26005 12832 37511 21777 22561 1887 249 418 3242 10439 768 21082 182 365 630 131 6836 12275 213 1686 198 79437 46397 18133 18944 13222 2021 12480 13954 1694 11978 147 550 154 1737 247 513 78 2649 216 524 743 12236 2818 5165 15632 4152 198 815 271 514 185 113 190 27309 7121 429 217 17565 1895 623
internal_value=-0.000673231 -0.000579396 -0.000230066 -0.000729734 0.000437587 -0.0013419 0.00139766 0.00262671 0.00511912 0.000353495 0.00178501 0.0117248 -0.000793217 0.00366254 0.00302067 0.00556456 0.0149195 -0.000306887 0.000388535 0.0160866 8.81694e-05 0.00592306 -0.00124232 -0.000584474 -0.00162342 -0.00116986 -0.000348097 1.51623e-05 0.00100272 0.00162159 0.00268555 0.00129168 -0.000104814 0.00654333 0.00261752 0.00386789 0.00626253 0.0154783 0.00766859 0.00698484 0.0149728 0.00486749 0.00198409 -0.0013335 -0.000301181 -0.000558649 -0.00100229 0.000981663 0.00240737 0.00556143 0.00358048 0.00768306 0.0157972 0.0143657 0.00885741 -0.000639232 -8.01261e-05 0.000445261 0.00030176 -0.000698562 0.00273262 0.00330021
internal_weight=238391 230387 150881 86296.9 64584.1 55768.1 29065.9 13337.2 4657.96 15728.8 8109.92 840.263 40574.6 3817.7 3631.34 1944.03 666.358 30915.9 30528.8 186.362 1687.3 439.692 79505.8 29185.8 50320 7618.83 35518.2 27875.9 19994.4 13765.5 7103.74 8679.2 4226.7 334.802 3020.53 2326.37 1406.63 175.542 1462.76 1401.55 224.875 1308.61 760.508 41971.9 24855.4 22213.2 17246.2 4966.95 3190.61 1051.95 937.413 520.862 229.508 172.418 548.1 26820.9 16558.5 12883.8 12648.5 28853.4 6781.8 5832.34
internal_count=523398 505116 330785 189474 141311 123066 70946 33916 7896 37030 16199 1317 85555 6579 6117 3755 899 64473 66408 462 2362 676 174331 64525 109806 20831 70365 57143 40403 27923 13969 26020 13188 1210 5616 3595 1858 660 3125 3047 398 1704 990 91673 51527 48709 37409 11300 7148 1983 1785 970 456 311 714 57637 35076 27955 27526 63962 12957 11062
cat_boundaries=0 1 2 3
cat_threshold=12 12 2
is_linear=0
shrinkage=0.05


Tree=66
num_leaves=63
num_cat=1
split_feature=5 1 2 3 10 1 10 0 7 31 3 17 25 14 9 1 1 10 9 10 14 3 12 21 14 14 11 1 24 10 14 10 31 21 9 10 6 14 9 2 31 32 10 1 1 1 2 32 31 32 31 3 17 6 12 31 31 9 25 13 29 10
split_gain=21.2907 22.4 25.1893 18.215 17.3648 24.7361 15.007 17.5609 13.8508 13.5579 13.0014 16.8857 12.4275 16.5074 12.2563 11.1268 10.0711 14.6577 10.5432 9.72471 15.9426 10.1863 9.20192 9.19825 8.82298 8.65685 10.343 8.21318 8.07306 10.7591 16.332 19.0527 8.51898 14.8524 7.9514 7.92075 7.54564 7.41688 7.28243 7.17103 23.9427 7.07697 8.85811 6.75816 8.60018 6.72246 6.67095 7.59222 9.04083 10.2308 6.6261 8.24769 6.60625 8.92805 7.48225 6.54628 14.0893 11.9843 10.9487 6.54534 6.52303 6.42275
threshold=1.0000000180025095e-35 5.5000000000000009 3.5000000000000004 1.5000000000000002 123.89195000000001 19.500000000000004 57.78990000000001 0 38.025000000000013 30.113500000000005 7.5000000000000009 3.5499999523162846 13.550000190734865 103.74714583333335 75.482500000000016 16.500000000000004 14.500000000000002 71.35945000000001 25.281000000000002 14.923600000000002 5.2396726190476217 4.5000000000000009 0.16250000000000003 7.8499999493360528 46.175901785714295 11.887767857142858 14.125083333333334 9.5000000000000018 370.50000000000006 76.830224999999999 23.62735416666667 25.040050000000004 31.353000000000005 13.375000000000002 81.609000000000023 -4.1574999999999989 5.5000000000000009 64.384791666666686 38.292500000000011 1.0000000180025095e-35 31.729000000000003 73.037500000000009 66.573075000000003 7.5000000000000009 11.500000000000002 18.500000000000004 1.0000000180025095e-35 84.490000000000023 39.895500000000006 78.407500000000013 32.313000000000009 3.5000000000000004 13.650000095367433 4.5000000000000009 -1.2459999999999998 43.69700000000001 45.876500000000007 25.679000000000006 15.150000095367433 108.70500000000001 20.750000000000004 83.933975000000018
decision_type=2 2 2 2 2 2 2 1 2 2 2 2 2 2 2 2 2 2 2 2 2 2 2 2 2 2 2 2 2 2 2 2 2 2 2 2 2 2 2 2 2 2 2 2 2 2 2 2 2 2 2 2 2 2 2 2 2 2 2 2 2 2
left_child=1 23 3 4 5 12 8 9 19 -8 15 14 16 -14 -12 -11 22 18 -18 20 -5 -22 -3 46 52 -23 38 -26 29 30 32 50 33 -4 -33 -30 59 -9 -27 -16 -41 -2 -43 -15 -45 -44 -1 48 -48 -50 60 -52 53 -21 -55 -10 57 58 -57 -25 -32 -61
right_child=41 2 28 6 -6 -7 7 37 55 10 11 -13 13 43 39 -17 17 -19 -20 24 21 25 -24 36 27 26 -28 -29 35 -31 31 34 -34 -35 -36 -37 -38 -39 -40 40 -42 42 45 44 -46 -47 47 -49 49 -51 51 -53 -54 54 -56 56 -58 -59 -60 61 -62 -63
leaf_value=-0.34916188279575788 -0.58412044352205417 4.5398327330280566 0.65371775504579155 -0.18873012052180443 -0.74441547578517986 -0.2193374795295423 -0.72887833098149135 -1.0226047816957606 0.16833745793060892 -0.31585094393267177 0.38881672310549753 0.184555367368435 0.55562898473012012 -0.0096216131146089623 0.7508294792761433 0.13884079334211882 2.8286435620630659 0.99162505424040148 4.1606189023699391 -0.27147191825012007 -0.08662353659790939 0.10051167445158544 0.96363674860193704 -0.31070016613879636 1.0431507425388546 0.96803108401165749 0.21575173777816997 0.13384253026890108 0.16491163705929568 -0.33778284304087869 0.27127732243439162 -0.17911972960888747 -0.20788716415337821 -0.20775245278572135 0.14801398782046427 -0.24174191343020884 -0.10029835855845876 -0.12881719211238626 0.29356750465157122 6.3055513068875664 2.9743356573333899 -0.27580401490807011 0.58174048799290723 0.8117792652093041 0.44648941749650961 -0.36957695978122307 -0.12529055582897969 0.17733909560257644 0.19831647117171958 -0.20254334186965295 -0.52562741799206181 0.21232938753076597 -0.34624532739526903 1.5662030800244204 0.23888340040031741 0.73406890354690368 0.43654480166574033 0.39513657018777981 1.4291938434857887 -0.051703829622965186 0.60511962382936102 -0.39027220074186691
leaf_weight=2364.1565152108669 5599.2751471996307 101.58283685147762 902.45652531087399 5025.3088748008013 906.64800088107586 1230.5927359163761 2748.8733249604702 6525.8637537956238 7572.048249900341 8098.7385022044182 457.60300502181053 9416.4579010009766 2118.4776551872492 75.424224972724915 147.1929452419281 7379.7162825614214 119.12880256772041 112.95026707649231 133.98948140442371 5532.2676807045937 3499.2678763568401 4308.5052690953016 563.02352347970009 20006.406951829791 388.0038485378027 2619.2173583805561 3318.9634847640991 4016.9106159955263 418.12346078455448 11422.039101094007 2337.6438872516155 14718.333723559976 15643.433314368129 931.73942615091801 3730.312554821372 14482.335039317608 11517.394030749798 3534.8611486554146 736.79698765277863 77.045523703098297 318.09489905834198 2105.8702956438065 195.17605966329575 114.61159592866898 227.4961786866188 128.46501964330673 7152.0683800578117 267.01835346221924 5223.8724309206009 1811.5056916475296 942.08515039086342 7721.4210450649261 9130.8036358803511 365.42484705150127 3473.2729640454054 193.3127056658268 4741.5436943471432 239.04208263754845 93.856596559286118 6988.4192064553499 112.04677839577198 2281.782931253314
leaf_count=5037 14547 353 2717 14139 1775 2794 9006 11696 21856 14589 1119 16195 5099 122 303 13221 332 253 296 13237 7761 11575 1321 47389 804 6497 7991 7345 1435 19613 5789 33803 41923 1818 7139 29688 25593 5621 1855 140 1113 3320 280 185 367 186 19990 435 8273 2004 2696 14255 22551 1168 7934 273 6614 439 143 14421 329 3223
internal_value=-0.000661574 -0.000573455 -0.000289114 0.000228483 0.00297169 0.00417095 6.19227e-05 -0.000693075 0.000590783 -6.13891e-05 0.00029306 0.0016587 0.00627944 0.00439492 0.00783311 -0.00062601 0.0109076 0.0175618 0.0242236 0.00015521 0.000975581 0.00181753 0.00722154 -0.00142738 -0.000543456 0.00256593 0.00369358 0.00146742 -0.000992269 -0.000727445 -0.000393181 0.000323187 -0.0016048 0.00161831 -0.000661998 -0.00203118 -0.00183303 -0.00248882 0.00565055 0.012911 0.0164136 -0.00319252 -0.000938422 0.0134696 0.0164485 0.00675023 -0.00044341 -4.06117e-05 -0.000198094 0.00107444 0.00195857 0.00130907 -0.00102226 -8.96092e-05 0.00176287 0.00202952 0.00338296 0.0111377 0.0180045 -0.00225954 0.00425411 -0.00116108
internal_weight=238666 230638 173025 99662.9 5703.93 4797.28 93959 38704.4 55254.5 28643.7 25894.8 10416.4 3566.68 2536.01 999.936 15478.5 1030.67 366.069 253.118 42414.7 19508.1 14482.8 664.606 57612.6 22906.7 10983.5 6674.98 4404.91 73362 58461.5 47039.5 29561.8 17477.6 1834.2 18448.6 14900.5 40794 10060.7 3356.01 542.333 395.14 8028.79 2429.51 417.532 342.108 323.641 16818.6 14454.5 14187.4 7035.38 11113.2 8663.51 18501.8 9370.97 3838.7 12839.8 5267.76 526.211 287.169 29276.6 2449.69 9270.2
internal_count=523985 505652 379287 218082 12897 11122 205185 73003 132182 55686 46680 18870 8328 5773 2675 27810 2555 881 628 102857 49818 35679 1674 126365 53039 27918 16343 8149 161205 130082 110469 64011 46458 4535 40942 31123 90626 17317 8352 1556 1253 18333 3786 674 552 466 35739 30702 30267 10277 23069 16951 44890 22339 9102 29325 7469 855 416 65033 6118 17644
cat_boundaries=0 1
cat_threshold=12
is_linear=0
shrinkage=0.05


Tree=67
num_leaves=63
num_cat=0
split_feature=5 8 14 9 1 1 32 32 32 22 14 14 8 14 1 24 22 28 32 18 1 32 32 2 32 9 16 10 8 32 3 6 12 9 11 18 22 3 2 12 14 3 32 14 2 8 9 32 17 3 21 8 1 16 32 8 1 10 9 2 3 16
split_gain=20.1632 21.3364 27.2987 17.8802 13.4198 13.347 12.9363 19.3429 31.7416 19.4207 13.853 13.8064 16.9958 12.95 13.2816 12.6681 11.4338 11.427 11.2995 11.0337 10.4391 10.5989 30.1169 12.984 10.4288 9.99877 9.47434 12.3206 9.45852 9.11557 8.89182 8.66836 8.71354 8.64567 12.8137 8.3151 9.94204 12.0665 9.06682 8.22984 9.29986 7.68128 8.93818 7.57508 7.56383 10.5331 9.42511 9.45798 11.5196 7.29477 7.25057 7.14846 11.645 7.12938 7.11744 8.39291 7.0925 7.07386 8.5558 7.06703 7.06093 12.2043
threshold=1.0000000180025095e-35 17.142500000000002 11.141071428571431 100.31500000000001 15.500000000000002 20.500000000000004 68.397500000000022 69.822500000000005 69.790000000000006 16.400000333786014 55.349229166666674 19.295416666666672 53.105000000000011 59.716023809523811 6.5000000000000009 282.50000000000006 15.366666515668234 18.533333381017055 65.762500000000017 25.44999980926514 19.500000000000004 77.637500000000017 78.407500000000013 1.5000000000000002 65.635000000000005 3.0315000000000003 -0.35095833333333343 26.25075 -6.4449999999999994 67.290000000000006 8.5000000000000018 4.5000000000000009 -1.0449999999999997 20.362500000000001 27.411875000000006 28.44999980926514 17.333333412806194 1.5000000000000002 1.5000000000000002 0.84350000000000003 5.2396726190476217 9.5000000000000018 80.15000000000002 45.843154761904771 4.5000000000000009 -6.4449999999999994 4.769000000000001 68.540000000000006 13.250000000000002 6.5000000000000009 8.20000007748604 91.231500000000025 7.5000000000000009 25.871875000000006 73.037500000000009 35.777500000000011 6.5000000000000009 20.687000000000005 3.0315000000000003 3.5000000000000004 3.5000000000000004 56.244541666666677
decision_type=2 2 2 2 2 2 2 2 2 2 2 2 2 2 2 2 2 2 2 2 2 2 2 2 2 2 2 2 2 2 2 2 2 2 2 2 2 2 2 2 2 2 2 2 2 2 2 2 2 2 2 2 2 2 2 2 2 2 2 2 2 2
left_child=1 2 18 6 15 19 -3 8 10 57 26 -9 13 14 -13 17 41 49 24 29 21 30 -23 -24 50 -15 27 -8 -20 -6 -16 -18 -33 34 -27 -14 -37 38 -38 -30 -41 42 -5 -7 46 -46 47 -17 -49 60 -1 52 -44 -36 -2 -56 -51 -10 -59 -40 -4 -62
right_child=54 3 4 16 5 43 7 11 9 -11 -12 12 35 25 20 44 31 -19 28 -21 -22 22 23 -25 -26 33 -28 -29 39 -31 -32 32 -34 -35 53 36 37 -39 59 40 -42 -43 51 -45 45 -47 -48 48 -50 56 -52 -53 -54 -55 55 -57 -58 58 -60 -61 61 -63
leaf_value=0.6427597561079047 -0.56361348310297898 -0.35463860037785955 -0.057589534716807125 0.033432448598275856 0.026208024006699662 -0.0614160164721703 2.5350909665439274 -0.6710068768509716 1.0247340482028748 1.6406048691746435 -0.48186894404457165 -0.47002041935979122 -0.27265689419051603 -0.33364670394069762 -0.29528378347426099 -0.13784094395699106 -0.3370574524032634 0.2912029642879107 0.37093635870289943 1.8533078411991342 -0.46846520505565153 1.1278313965454303 1.4709082455337048 -0.14968801259518419 0.9086444185123379 1.1752075987588755 0.18167635205474078 0.38536072641198449 -0.30041053165151399 0.52635894330649369 0.53745329671380238 2.091024706688128 0.040626010622770894 0.13078776474698017 0.48251525481429242 -0.21504871795167058 -0.59816892764561869 -0.11107976786407631 0.58527053515336791 -0.24362312939519493 0.0097396872205249788 1.076647507863475 0.76819675676938926 0.39951963924328243 0.31094840228301523 -0.26163149564048904 -0.10610498275149426 1.8465990091986459 0.39873878209147567 -0.12156530858457844 -0.081787030496528246 0.45583619814547804 1.0680325366406265 0.011023968982191691 -0.33114741929161062 0.3871174758962056 0.13392034433673566 -0.56078155882888603 0.63288717365211022 0.36549996798575607 0.19888417845926726 0.94428847003494243
leaf_weight=1327.7369778156281 5629.1105670332909 35610.396587997675 3316.372448861599 12739.193498551846 2187.0380657166243 5377.3308026939631 74.145323693752289 6361.5117980837822 78.062338471412659 149.38703022897243 2514.9886982887983 6104.1035127192736 36427.609079137444 1301.4685484468937 3819.3334544897079 564.66117940843105 7797.9878285527229 6320.6691156327724 242.07590015232563 213.36798579990864 3307.9430436044931 758.35235401988029 725.18905943632126 2381.7912539243698 433.28926216065884 341.7177240550518 4315.6347043812275 207.49623563885689 10363.026910826564 6039.937676936388 1047.1513348221779 119.35739383101463 5939.8572759926319 5661.7100694477558 1075.8293626606464 699.84366238117218 96.653856158256531 344.72347474098206 219.09771806001663 3086.4816434532404 7219.717684596777 1565.4956343173981 166.51030278205872 1085.5805787593126 265.17090375721455 5878.3363097757101 5332.2998874336481 151.46934622526169 546.75796799361706 10196.790904447436 4293.3894406110048 1000.5650966763496 475.10332763195038 987.47859883308411 1736.9130384325981 686.90613234043121 5287.3953418135643 170.77766896784306 503.03369954228401 201.69165992736816 5147.1417181193829 192.75265407562256
leaf_count=4512 14597 121964 8845 21401 7086 12765 105 10805 104 215 5185 9610 56544 1988 6120 1560 13135 15162 791 534 5048 1011 899 3127 1323 478 10911 286 29279 11460 2068 322 9685 8991 1530 1144 157 544 353 8146 15440 3604 229 2075 888 11486 10809 226 1248 21745 14320 1265 557 1430 2780 1000 11395 237 675 329 11696 264
internal_value=-0.000658899 -0.000572919 5.59528e-05 -0.000941124 0.000666137 0.00195981 -0.0012229 -0.000869547 0.00146036 0.0102949 0.000339563 -0.00112937 -0.000913362 3.30654e-05 -0.00074641 0.000219804 0.000150729 0.000773498 -0.00125879 0.00326904 0.000216858 0.00112304 0.00307731 0.000895395 0.000643295 0.00154263 0.00197157 0.0108405 -0.0018095 0.00297683 -0.000429498 -0.00089981 0.00051883 0.00219876 0.00470966 -0.00159875 0.0019726 0.00556374 0.0103845 -0.00192473 -0.000924142 0.00106361 0.000701393 0.000249768 -0.00110416 -0.00236637 7.17838e-05 0.00395397 0.0078409 0.000277922 6.65249e-05 0.00417202 0.0082874 0.00322075 -0.00311805 -0.000852296 -0.000371948 0.0070032 0.00533378 0.0135506 0.00144031 0.00256552
internal_weight=238413 230360 85068.8 145291 58103.1 14903.3 115487 79876.7 8013.53 901.261 7112.26 71863.2 65501.7 27512.1 18143.9 43199.8 29804.1 30461.1 26965.7 8440.34 12039.8 8731.82 3865.33 3106.98 6054.42 9368.2 4597.28 281.642 20911.3 8226.98 4866.48 13857.2 6059.21 8066.74 2405.03 37989.6 1562.01 862.167 517.443 20669.2 10306.2 15946.9 14381.4 6462.91 12738.7 6143.51 6595.19 1262.89 698.227 24140.5 5621.13 1642.18 641.614 2063.31 8052.93 2423.82 15484.2 751.874 673.811 420.789 8656.27 5339.89
internal_count=523488 505111 203055 302056 129244 33920 251858 129894 17718 1231 16487 112176 101371 42300 27883 95324 50198 69107 73811 19080 18273 13225 5037 4026 20155 14417 11302 391 53656 18546 8188 23142 10007 12429 3438 59071 2527 1383 839 52865 23586 27056 23452 14840 26217 12374 13843 3034 1474 53945 18832 2051 786 2960 18377 3780 33140 1016 912 682 20805 11960
is_linear=0
shrinkage=0.05


Tree=68
num_leaves=63
num_cat=3
split_feature=5 0 23 8 31 8 17 14 14 1 14 20 24 14 24 1 24 31 10 31 31 31 31 20 31 31 14 24 23 17 6 13 11 12 4 24 17 3 10 31 31 4 13 10 8 31 0 20 4 31 8 0 31 21 8 17 3 3 31 10 31 8
split_gain=19.007 19.9356 27.0164 21.507 20.1871 19.6531 24.044 17.7464 16.9975 15.412 14.4621 13.3217 13.3215 14.4213 13.1973 24.3277 13.5256 13.1829 13.7321 19.0587 11.01 10.7842 13.454 10.7028 12.0298 28.0861 14.4013 15.905 9.68286 9.62317 9.52752 9.14367 8.77947 10.5319 8.77384 14.2057 8.18445 8.02986 12.4134 9.63769 9.60287 8.96979 10.5313 8.4011 7.95381 12.2247 8.81605 8.30817 7.91753 7.90237 9.46695 13.5539 7.50108 7.43156 7.36004 7.32461 7.27802 16.7101 22.5603 12.0561 10.2964 9.58791
threshold=1.0000000180025095e-35 0 13.550000190734865 17.142500000000002 31.353000000000005 44.345000000000006 2.7500000000000004 64.384791666666686 31.270773809523813 14.500000000000002 5.2396726190476217 3.5000000000000004 276.50000000000006 45.843154761904771 1.0000000180025095e-35 16.500000000000004 101.50000000000001 33.148500000000006 85.032950000000014 47.502000000000002 39.20600000000001 48.955500000000008 48.669000000000004 35.500000000000007 59.45900000000001 61.590500000000006 20.359377976190483 386.50000000000006 6.1499998569488534 6.1499998569488534 4.5000000000000009 129.18350000000001 21.139375000000005 3.2465000000000006 1.0000000180025095e-35 1.0000000180025095e-35 3.5499999523162846 4.5000000000000009 2.9331499999999999 31.214000000000002 30.568500000000004 1.0000000180025095e-35 12.692500000000001 10.071050000000001 129.59150000000002 63.610500000000009 1 229.50000000000003 1.0000000180025095e-35 43.532500000000006 103.18150000000001 2 48.526500000000006 10.849999964237215 19.871500000000005 7.5499999523162851 4.5000000000000009 6.5000000000000009 40.392000000000003 17.26145 39.297000000000004 2.1310000000000007
decision_type=2 1 2 2 2 2 2 2 2 2 2 10 2 2 2 2 2 2 2 2 2 2 2 8 2 2 2 2 2 2 2 2 2 2 2 2 2 2 2 2 2 2 2 2 2 2 1 8 2 2 2 1 2 2 2 2 2 2 2 2 2 2
left_child=1 2 5 4 37 6 8 23 -1 12 29 -12 13 -8 49 16 36 -9 19 20 -19 22 56 -5 52 26 -26 -28 -22 -6 -4 -30 33 -15 35 -10 48 38 -3 -39 -40 42 -41 -42 45 47 -47 -17 -16 -7 51 55 -25 -24 -37 -51 -13 58 -58 61 -59 -60
right_child=-2 3 30 7 10 14 9 17 34 -11 11 21 -14 32 15 44 -18 18 -20 -21 28 -23 53 24 25 -27 27 -29 31 -31 -32 -33 -34 -35 -36 54 -38 39 40 41 43 -43 -44 -45 -46 46 -48 -49 -50 50 -52 -53 -54 -55 -56 -57 57 60 59 -61 -62 -63
leaf_value=1.0244982321497511 -0.43706258145862642 0.52587768360751352 -0.43946136596316682 -0.59609213484277612 -0.018849311326351884 -0.25776001221104572 -0.072405773157303704 -0.29624505809713597 0.47626308807336959 0.3475003769184728 -0.1376488472773473 -0.21573410485245398 -0.25078115961438602 0.54077286736446273 0.78482314665836483 0.73218831554196773 -0.34563035380367835 0.080315189321637351 -0.097877479929213973 -0.30787726186292164 0.046627123012929775 -0.094570372602711936 0.33278046161868818 -0.24601873335393629 -0.18962060783744195 -0.15633843954648727 1.746692761467427 0.26379954463993016 0.81656348710455662 -0.255631434231187 -0.099653654445519643 0.37363279600520277 0.20180140295919388 1.8169115000901159 0.024897622806364695 2.6843366626846192 -0.047695757938457463 0.0295656182913854 0.22305377502390336 -0.5617358347090502 1.259659425328004 -0.11622658515534741 1.6433358724965352 0.70437470818640624 0.080835341852280612 1.9588859122574853 0.98329567859690459 -0.0037730238231299396 -0.30139525866559397 0.27897013635334711 -0.20431720598062705 -0.10453819255314319 -0.71181165994788853 1.2030879752057899 1.701368998868523 0.56112647829571538 -0.03599338044432461 0.10997714439049595 0.28623034035522127 0.15611533051323648 -0.33888239703927214 0.97939406735620915
leaf_weight=826.09396184980869 8025.2416408509016 73.103919506072998 13177.543314427137 20400.164879694581 3763.5010692626238 13446.562565639615 9656.1088376045227 5215.5037089884281 1769.3602182865143 9964.1997508108616 19914.561549395323 2720.1388606876135 6525.2974973320961 702.65910588204861 1880.6767878681421 3990.883608430624 8920.2718496918678 972.66571122407913 3720.1313549280167 1360.157221019268 255.30915182828903 7404.7814244031906 277.32593283057213 13774.35604275763 153.27722948789597 3914.406534075737 257.55871307849884 146.77216237783432 514.69138133525848 7888.134104475379 13991.255183234811 478.60179090499878 6862.7225701510906 196.36998185515404 1539.1312768906355 100.18789778649807 4970.8061873465776 3529.7951717972755 1250.5849875360727 105.87313002347946 35.258247703313828 225.84450595080853 326.45745980739594 93.811556577682495 3090.5000270158052 130.08605521917343 287.28196650743484 1670.3317016214132 566.34156937897205 1384.2393946349621 4752.0664432942867 3674.1467391550541 4418.5771696269512 157.42845049500465 249.79477582871914 932.43700194358826 1891.4068251848221 5547.5541877895594 696.11330378055573 708.39489305019379 1738.2115582674742 1432.4568073749542
leaf_count=2735 18306 245 29696 42544 11121 29938 28122 10071 5153 25340 46403 6561 13824 1436 4246 8564 17279 1561 5574 1579 345 9929 364 39340 173 4143 281 160 713 21366 31136 691 13294 232 4148 251 9844 7776 3966 209 194 487 675 481 4985 136 299 3533 1152 3147 6796 5507 5930 229 762 1132 6857 14757 883 887 4423 1833
internal_value=-0.000666292 -0.000583044 -0.000117892 -0.00104766 -0.000389459 0.000307234 0.00115693 -0.00175576 0.00459716 0.000701801 -0.000686047 -0.000258084 1.41014e-05 0.000735974 -0.000349185 0.00044428 -0.000712503 -9.85703e-05 0.00127277 0.00348228 0.00633547 0.000573474 0.001337 -0.00223741 -0.00148949 0.000833748 0.0113218 0.0162589 0.00944077 -0.00224648 -0.00149627 0.0116711 0.00234054 0.00698404 0.00313268 0.00521856 0.000865041 0.00245682 0.00565861 0.00134507 0.00458413 0.00689488 0.0111057 0.0175169 0.00250537 0.00355527 0.011804 0.00294516 0.00323153 -0.00118586 -0.000174756 0.00114711 -0.00206058 0.00999572 0.0144089 0.00413127 0.00108085 0.0016096 0.00392396 0.00674319 0.000107271 0.00862281
internal_weight=238646 230620 115257 115363 59780.7 88088.6 38391.9 55582.2 4484.57 33907.4 54140 42488.4 23943.2 17417.9 49696.6 25507.2 16338.1 12517.1 7301.56 3581.43 2221.27 22573.8 15169 43065.1 22664.9 4472.01 557.608 404.331 1248.6 11651.6 27168.8 993.293 7761.75 899.029 3658.47 2119.34 7417.82 5640.73 1452.76 4187.97 1379.65 658.175 432.331 129.07 9169.08 6078.58 417.368 5661.22 2447.02 24189.5 10742.9 5990.82 18192.9 434.754 349.983 2316.68 14734.3 12014.1 4728.37 2836.97 7285.77 2128.57
internal_count=523744 505438 252687 252751 139646 191855 95297 113105 13049 82248 125613 93126 56908 43084 96558 50038 32521 20534 10463 4889 3310 46723 36794 92571 50027 4757 614 441 1749 32487 60832 1404 14962 1668 10314 6166 15242 14033 4886 9147 4641 1371 884 675 17517 12532 435 12097 5398 46520 16582 9786 45270 593 1013 4279 36201 29640 10460 3603 19180 2716
cat_boundaries=0 1 2 3
cat_threshold=12 8 8
is_linear=0
shrinkage=0.05


Tree=69
num_leaves=63
num_cat=0
split_feature=21 1 2 1 3 10 3 3 32 6 17 2 10 13 3 15 16 32 32 1 3 32 10 14 1 22 14 1 10 1 13 24 9 24 6 10 18 14 10 3 32 20 15 2 3 15 14 1 30 32 13 14 24 14 10 3 3 16 9 9 16 23
split_gain=19.3871 16.36 23.0877 17.1115 18.8171 19.8586 13.4365 17.6519 13.6962 11.7197 10.8184 10.266 10.7145 13.4958 10.1245 9.35096 9.24421 9.21029 9.07167 8.85783 8.67045 11.0083 8.61161 10.7781 8.471 12.393 9.32296 8.89228 8.43545 13.8623 13.1004 12.7169 8.28609 8.26465 8.23261 8.1496 7.84935 8.30785 10.5021 10.5782 18.1314 11.1619 7.73449 13.249 33.363 9.58605 7.55492 7.53142 9.18021 7.16139 7.10939 7.07551 7.03528 6.97495 9.00701 9.49466 12.2026 15.1958 10.2915 14.2774 7.32683 6.91202
threshold=18.374999821186069 6.5000000000000009 3.5000000000000004 21.500000000000004 1.5000000000000002 123.89195000000001 7.5000000000000009 11.500000000000002 78.552500000000023 4.5000000000000009 2.1499999761581425 1.0000000180025095e-35 81.790950000000009 61.330000000000005 8.5000000000000018 59.537916666666668 22.882708333333337 85.917500000000004 82.33250000000001 18.500000000000004 10.500000000000002 81.342500000000015 31.191225000000003 78.759494047619071 15.500000000000002 12.00000035762787 110.85481845238097 11.500000000000002 19.143500000000003 16.500000000000004 15.989000000000003 35.500000000000007 58.372500000000009 532.50000000000011 2.5000000000000004 81.790950000000009 16.949999988079075 21.284107142857145 25.040050000000004 10.500000000000002 63.960000000000001 -1.0000000180025095e-35 24.789166666666667 1.0000000180025095e-35 8.5000000000000018 26.593333333333337 38.949752976190481 16.500000000000004 70.500000000000014 71.312500000000014 212.29650000000001 15.399679606625261 201.50000000000003 11.141071428571431 17.26145 6.5000000000000009 3.5000000000000004 24.158312500000008 73.416500000000028 15.175000000000002 15.573729166666666 16.650000572204593
decision_type=2 2 2 2 2 2 2 2 2 2 2 2 2 2 2 2 2 2 2 2 2 2 2 2 2 2 2 2 2 2 2 2 2 2 2 2 2 2 2 2 2 10 2 2 2 2 2 2 2 2 2 2 2 2 2 2 2 2 2 2 2 2
left_child=1 11 3 4 5 19 8 10 28 -2 -8 -1 13 17 22 16 -12 34 -16 24 21 42 -15 -24 26 32 -3 -28 30 31 -6 -30 -26 35 -13 36 37 -4 39 41 -41 -39 -18 44 -44 -45 -42 49 -49 -43 -22 -32 -47 -36 55 56 60 -58 59 -59 -55 -40
right_child=9 2 33 -5 6 -7 7 -9 -10 -11 15 12 -14 14 18 -17 20 -19 -20 -21 50 -23 23 -25 25 -27 27 -29 29 -31 51 -33 -34 -35 53 -37 -38 38 61 40 46 47 43 45 -46 52 -48 48 -50 -51 -52 -53 -54 54 -56 -57 57 58 -60 -61 -62 -63
leaf_value=-0.35428736111938441 -0.27512231086155564 0.79812277862936232 -0.1737384413235864 -0.24689818022243487 -0.11940630905868783 -0.71865733507932894 1.3269209041245675 -0.33776984664852211 -0.89558119903543987 -0.12036461705163681 0.13154502727944078 -0.30724473969067562 -0.28349203091496111 0.21655842024411032 -0.27969365019260656 -0.67983415767679101 0.47711592990393825 0.44459714568941283 0.53058373437286765 0.056735175171052893 -0.47716959455192764 -0.045575913915631365 -0.11395026945350183 0.17239489869980851 3.7374213856723291 1.0529932196990164 0.69191571948033048 0.2548328477625873 0.44932903710054239 0.19208025155118486 0.47916420486406947 -0.28114931808570315 2.4322292770339882 -0.26999765931485981 -0.29310227684270967 -0.33981599558210757 0.13005902749546863 0.55585477182705822 -0.09026862070700048 1.4984654957972425 -0.082056484428712662 -0.3194774315453458 0.38310762133154325 0.89094296727763345 3.9783553071375763 0.90855273996617714 0.43220667113876843 0.077715249068581127 0.59003309781270408 0.068708719139785046 2.4457691911189765 0.16190522251153291 -0.024305638111858485 0.35013383441863088 -0.28802056188303293 -0.034579222757076526 0.23264396343116403 0.52630213949727556 -0.38352843262482106 1.0645632710763191 -0.50678201544983148 -0.68862163919123243
leaf_weight=9169.8962527513504 14544.164133012295 2132.2378328591585 14510.367384880781 10535.125646531582 4116.740220412612 900.15144316852093 1848.6473239809275 4416.4894503653049 1756.4477904140949 9834.2093621194363 12071.34614764154 6441.686746314168 7931.8993546068668 6369.5185150355101 6055.9568974375725 929.05673004686832 4726.1109820008278 52.11151796579361 592.69142526388168 852.62429988384247 1118.4472204446793 1851.0581268668175 6764.2767741680145 2380.2065365165472 87.05098357796669 523.43952830135822 103.81838142871857 107.53741163015366 1964.0231264829636 10327.117138534784 2261.4533783197403 15823.553226947784 104.45312869548798 6482.1441060304642 4697.6114076524973 9478.8663532733917 4783.7073556929827 98.750222027301788 15606.409157857299 157.73740887641907 613.05432319641113 3429.56159684062 375.65237772464752 189.71474125981331 304.19857332110405 891.31264573335648 551.99336034059525 2244.5358112305403 810.05666553974152 4324.6841510385275 116.81022372841835 3773.3460555225611 879.59161448478699 327.69829013943672 6549.802702486515 4496.8860415816307 880.01403333246708 167.84019893407822 72.229227870702744 256.62063732743263 636.61738210916519 2232.3335024863482
leaf_count=20034 32303 5007 37772 23028 9792 1762 4261 10063 2695 20713 27022 16439 11777 14441 11682 2387 7912 85 633 1949 2854 1887 15592 4123 237 1244 167 173 5102 23767 5855 37078 182 13236 13020 15962 12961 606 33529 584 1418 9106 590 280 501 1435 1266 4204 1596 5709 398 8633 1424 1048 15776 10390 2625 272 105 349 1596 4892
internal_value=-0.00066039 -0.000508366 -0.000223711 0.000319067 0.000585616 0.00360961 0.000376947 0.00118232 -0.000221092 -0.00199642 0.00169144 -0.00117898 -0.000919288 -0.000630918 0.000263803 0.00140102 0.00160383 -0.00143765 -0.00136852 0.00515046 0.0026923 0.00321942 0.000963391 -1.98125e-05 0.00640643 0.0111692 0.00494933 0.0149434 -2.28722e-05 -0.000468957 0.00121248 -0.00131489 0.0220258 -0.000930697 -0.00148263 -0.000744005 -0.00048613 -0.000692675 -0.000218495 0.000909984 0.00513079 0.000397695 0.00408547 0.0062529 0.0122636 0.00416349 0.00296808 0.000244026 0.00234647 -0.000584376 -0.00124059 0.00269582 0.00301454 -0.000935834 -0.000354108 0.000915118 0.00349666 0.00651618 0.0134994 0.0164628 -0.000816443 -0.000992197
internal_weight=238634 214255 150412 85087.6 74552.4 4811.31 69741.1 29718.4 40022.7 24378.4 25301.9 63843.6 54673.7 46741.8 22162.7 23453.3 22524.2 24579.1 6648.65 3911.16 10452.9 9217.64 15514 9144.48 3058.54 714.944 2343.59 211.356 38266.2 28114.7 10151.5 17787.6 191.504 65324.2 24527 58842.1 49363.2 44579.5 30069.1 12230.4 1322.79 10907.6 7366.58 2640.47 679.851 1960.62 1165.05 10808.8 3054.59 7754.25 1235.26 6034.8 1770.9 18085.3 13387.7 6837.91 2341.02 1376.7 496.69 424.461 964.316 17838.7
internal_count=523529 470513 330526 187685 164657 10721 153936 61014 92922 53016 50951 139987 119953 108176 46471 46690 44303 61705 12315 8959 17281 14029 34156 19715 7010 1663 5347 340 90227 65947 24280 42180 419 142841 61620 129605 113643 100682 62910 24489 3268 21221 12142 4230 1091 3139 2684 20615 5800 14815 3252 14488 2859 45181 32161 16385 5995 3351 726 621 2644 38421
is_linear=0
shrinkage=0.05


Tree=70
num_leaves=63
num_cat=0
split_feature=5 1 2 1 18 8 1 8 8 3 24 12 1 22 1 13 11 8 14 14 12 1 32 1 10 13 9 8 9 8 31 3 22 14 18 8 24 13 9 24 10 14 20 14 14 21 26 8 23 3 26 3 23 8 31 32 31 1 2 26 9 31
split_gain=18.1 19.2732 24.5145 19.0751 20.7832 18.7344 18.1083 15.5444 15.3313 15.2124 18.552 12.6816 12.1497 10.331 10.0631 9.19659 9.05397 8.74755 11.4941 8.55023 11.3119 8.30912 7.98992 11.7598 10.2326 9.07626 8.87349 7.86282 10.1691 7.82887 10.2596 7.79832 9.98812 7.73187 12.4889 9.69097 8.19193 7.61024 7.32261 7.14174 8.93005 10.4345 7.05024 8.12923 6.93703 6.85192 6.82434 8.36619 6.67137 6.69602 15.8067 6.61181 9.04037 6.4448 6.42897 6.41084 8.15323 18.4573 7.84446 6.38861 6.37216 21.3647
threshold=1.0000000180025095e-35 4.5000000000000009 4.5000000000000009 20.500000000000004 12.049999952316286 154.23000000000005 16.500000000000004 56.845000000000006 -6.4449999999999994 11.500000000000002 150.50000000000003 -0.12649999999999997 16.500000000000004 15.566666364669802 19.500000000000004 32.035000000000004 14.125083333333334 34.022500000000008 59.716023809523811 27.171636904761908 4.0150000000000006 19.500000000000004 70.042500000000018 7.5000000000000009 51.486674999999998 44.870000000000012 191.60500000000005 2.2310000000000003 90.946500000000015 30.822500000000002 51.329000000000008 7.5000000000000009 18.333333412806194 35.18220238095239 25.750000000000004 10.388500000000002 35.500000000000007 30.385000000000002 61.145000000000003 435.50000000000006 25.456550000000004 22.183630952380955 93.500000000000014 35.566278467908909 44.872901785714291 16.200000524520878 -2.7499999999999996 84.20650000000002 10.150000095367433 7.5000000000000009 12.449999809265138 7.5000000000000009 8.7500000000000018 5.8610000000000015 53.242000000000012 74.407500000000013 45.876500000000007 7.5000000000000009 2.5000000000000004 1.1500000357627871 9.6725000000000012 29.011000000000006
decision_type=2 2 2 2 2 2 2 2 2 2 2 2 2 2 2 2 2 2 2 2 2 2 2 2 2 2 2 2 2 2 2 2 2 2 2 2 2 2 2 2 2 2 8 2 2 2 2 2 2 2 2 2 2 2 2 2 2 2 2 2 2 2
left_child=1 17 3 4 6 9 7 15 -4 10 11 44 39 37 22 16 19 18 42 -3 53 60 24 -24 25 -13 27 28 -25 -20 -31 54 38 34 -29 -35 46 -8 -33 40 41 -10 -1 -44 -6 -46 -37 -48 49 -39 -51 -9 -53 -21 -17 -2 58 -58 -57 -27 61 -14
right_child=55 2 8 -5 5 -7 13 51 12 -11 -12 14 21 -15 -16 31 -18 -19 29 20 -22 -23 23 26 -26 59 -28 33 -30 30 -32 32 -34 35 -36 36 -38 48 -40 -41 -42 -43 43 -45 45 -47 47 -49 -50 50 -52 52 -54 -55 -56 56 57 -59 -60 -61 -62 -63
leaf_value=-0.14945248051593313 -0.49630968358893779 -0.094429445672709167 0.28303036981111412 -0.2265674837072485 1.308258849554405 -1.1010836825410608 0.027533416486506469 -0.42403602342557711 -0.14782245380043621 -0.14369659601663098 -0.14523574859621374 0.25133695845703097 0.67917780724353782 -0.042056281905607756 -0.2067143079475291 0.029700659977989832 -0.34660203257641231 -0.24021074907544993 0.090978626974145271 0.9220085604516286 1.4604793790639556 -0.15176563184571198 0.15196441280543915 3.550550316388712 -0.12877390567494942 0.56201999488455101 1.5505524369348096 -0.076307016799712815 -0.53085699389304752 0.24767956746967812 1.4132577255711596 0.55155265147753207 -0.2243892050831402 2.2083592887195715 1.5407342960074233 0.50600684142272812 0.42742493327219649 0.44259212500457679 0.062508042244380141 -0.3014642788915356 -0.3494038993826738 0.030198055408458838 0.46199982066652867 -0.092529210071845655 1.5130741309069109 2.0741027826454643 2.0425583430543393 0.78046414610812498 0.24139942749601462 -0.040506161802067453 1.8825903881185297 0.19896647419793681 -0.39358628608724971 0.04458242788434319 -0.77294305757979265 0.32975444300802581 1.5222487827580566 -0.25692901275616203 -0.57900037710447561 1.2625159083935764 0.0043888840964232401 0.31518032455027589
leaf_weight=24827.294325530529 5838.3757269829512 11914.574863567948 496.78243920207024 20693.883037477732 1261.1336603164673 2236.4045477956533 3610.5068293958902 11718.623378068209 7058.0612915307283 3893.0040779709816 3486.5028259903193 1758.4041657298803 122.79579146206379 8543.2592844665051 1318.0447103381157 12882.67771679163 3237.015201702714 19423.281218498945 3215.2247528582811 353.83355377614498 110.84050795435905 10931.430538028479 2363.7230094522238 57.495361983776093 2479.1199997961521 757.0839853733778 190.24975216388702 1318.3818912655115 34.207822501659393 240.7098177075386 121.68120828270912 5198.6599212437868 2148.0713820308447 80.134237915277481 297.25267526507378 1037.5796946883202 1974.2235904932022 2644.1556014567614 2274.6670646071434 6448.9252976328135 10079.317597046494 8561.1254469007254 121.44422456622124 119.81586906313896 158.92633503675461 59.246541857719421 386.24154272675514 718.41095167398453 4153.4297508150339 702.10324957966805 1477.0521718412638 3789.2342210561037 6691.8546135276556 1159.1335973590612 1115.2518745660782 315.87286388874054 145.97767281532288 262.04889869689941 1455.8402883410454 475.08779600262642 6037.0619853138924 1983.2887402176857
leaf_count=59945 14826 30529 1700 45333 3857 4205 8765 22625 18648 9200 9853 4897 228 18154 3238 30089 8536 37592 5661 759 168 23967 4754 158 7729 2808 387 3422 111 536 169 10099 4175 150 651 1723 3544 5439 3720 13190 21123 16903 745 730 430 182 835 1324 8148 1454 2438 6309 11087 2304 1469 530 184 330 2446 1543 12823 4781
internal_value=-0.000660172 -0.000578944 -0.000344304 2.0169e-05 0.000282027 0.00150693 -0.000103356 -0.000530593 -0.00126578 0.00191312 0.00246437 0.00315597 -0.00135062 0.0011622 0.00272674 5.3533e-05 -0.000841635 -0.00146965 -0.000914194 -0.000273551 0.00312899 -0.000350888 0.0031219 0.00408494 0.00163227 0.00360081 0.00524592 0.00490154 0.0193565 0.00173666 0.00869316 0.000689326 0.00178509 0.00467018 0.00172967 0.00580157 0.00546275 0.00207296 0.00264871 -0.00194377 -0.00157034 -0.000821514 -0.00129256 0.00719623 0.00757483 0.0157942 0.00760375 0.0103387 0.00285259 0.00411734 0.00616915 -0.00159343 -0.000680916 0.00199331 -6.39162e-05 -0.00299537 -0.000681118 0.00568249 -0.00214904 0.00688961 0.000858152 0.0032255
internal_weight=238566 230548 182478 130760 110066 26340.9 83724.9 62594.4 51718.8 24104.5 20211.5 16724.9 51222 21130.5 15245.6 40394.7 16775.4 48069.5 28646.2 13538.4 1623.81 19074.6 13927.6 8457.9 5469.7 2990.58 6094.18 5903.93 91.7032 3577.62 362.391 23619.3 9621.4 5812.22 1615.63 4196.59 4116.46 12587.2 7473.33 32147.4 25698.5 15619.2 25068.6 241.26 1479.31 218.173 2142.23 1104.65 8976.74 4823.31 2179.16 22199.7 10481.1 1512.97 13997.9 8018.12 2179.74 408.027 1771.71 1232.17 8143.15 2106.08
internal_count=523658 505342 399964 286601 241268 65001 176267 131869 113363 60796 51596 41743 111663 44398 37274 91848 42296 105378 67786 33760 3231 41799 34036 17059 16977 9248 12305 11918 269 6366 705 49552 17994 11649 4073 7576 7426 26244 13819 69864 56674 35551 61420 1475 4469 612 3882 2159 17479 9331 3892 40021 17396 3063 31558 18316 3490 514 2976 4351 17832 5009
is_linear=0
shrinkage=0.05


Tree=71
num_leaves=63
num_cat=1
split_feature=0 21 23 15 16 16 3 3 6 31 28 16 17 8 31 3 6 8 3 3 6 25 31 31 13 2 31 12 8 3 31 10 2 21 32 31 13 31 24 18 3 3 25 8 8 1 31 14 31 14 23 17 15 15 23 25 23 14 8 2 23 2
split_gain=18.898 19.4481 19.2206 16.2276 15.4558 13.5523 13.5373 29.8546 13.3199 13.2437 12.5121 12.1056 12.0502 21.292 13.5753 13.152 10.5779 10.4707 9.9839 14.2567 14.671 22.1154 9.87126 9.81078 9.75001 9.22997 10.7355 8.78472 8.31387 8.1178 8.02244 7.99998 7.83378 8.2686 7.67154 7.66402 7.40696 7.32791 10.0014 7.30477 9.03585 7.52187 16.3681 10.5499 10.2054 11.1633 8.45893 7.24039 7.20587 7.45413 7.18807 7.0927 7.04987 14.8738 6.82643 6.8056 6.78562 6.43416 6.40126 6.31902 8.70902 6.31518
threshold=0 15.699999928474428 7.9500000476837167 30.839562500000003 26.519958333333339 56.244541666666677 3.5000000000000004 8.5000000000000018 4.5000000000000009 48.526500000000006 13.933333476384481 28.208083333333338 2.3500000238418584 24.391000000000002 47.032000000000004 11.500000000000002 4.5000000000000009 4.3515000000000006 7.5000000000000009 6.5000000000000009 5.5000000000000009 17.94999980926514 69.062500000000014 31.729000000000003 6.9325000000000001 4.5000000000000009 60.909500000000008 2.0115000000000003 6.5810000000000004 1.5000000000000002 43.532500000000006 88.527450000000002 1.0000000180025095e-35 10.150000154972078 61.780000000000008 33.474000000000011 16.291500000000003 44.670000000000009 35.500000000000007 5.4499998092651376 4.5000000000000009 5.5000000000000009 20.650000572204593 84.20650000000002 15.192500000000001 18.500000000000004 45.876500000000007 27.826723214285717 66.226500000000001 82.102193452380973 15.750000000000002 3.8500000238418584 53.623229166666675 50.196000000000005 15.050000190734865 21.44999980926514 6.3500001430511483 79.548815476190484 15.192500000000001 3.5000000000000004 3.5499999523162846 1.5000000000000002
decision_type=1 2 2 2 2 2 2 2 2 2 2 2 2 2 2 2 2 2 2 2 2 2 2 2 2 2 2 2 2 2 2 2 2 2 2 2 2 2 2 2 2 2 2 2 2 2 2 2 2 2 2 2 2 2 2 2 2 2 2 2 2 2
left_child=2 3 22 4 12 35 29 10 17 28 11 27 13 14 15 36 50 -3 19 20 30 37 47 -14 -25 26 -20 -8 -7 -6 -12 58 33 -24 -26 -5 -2 -22 -39 -36 -41 42 43 44 -42 -46 -44 -1 49 57 -4 -49 53 -11 -23 -56 -38 -18 -29 61 -61 -13
right_child=1 8 16 5 6 9 7 -9 -10 52 18 59 23 -15 -16 -17 48 -19 25 -21 21 54 32 24 34 -27 -28 31 -30 -31 -32 -33 -34 -35 39 -37 56 38 -40 40 41 -43 46 -45 45 -47 -48 51 -50 -51 -52 -53 -54 -55 55 -57 -58 -59 -60 60 -62 -63
leaf_value=0.68727383265276321 0.45103324695772928 -0.027792955850633662 -0.13164237373329932 0.018911104175365345 0.18025214285377233 0.82029788735908449 0.25745159818734253 -0.12116226368384241 -0.11823286721603062 -0.43312919640392133 -0.45303289900530941 0.027639914211366447 -0.4975083283792312 -0.095099321660661582 -0.16544549471784517 -0.061072946108068044 0.081711566162834884 -0.40647656435404989 1.3038978678517095 -0.39938918296423953 -0.080903645533443591 2.19881897595072 3.6814895191437134 -0.33952144238471199 -0.5717623232474317 0.11272389108415837 0.23484464717645182 0.37878307304704395 0.28187514397045849 -0.40954312629325607 0.33525933787332535 -0.21883219945966337 0.46039290679960776 0.9725870571985773 -0.11426673373399146 -0.38382468945058329 1.0005693235087445 0.94902669242449922 0.33038346313994399 -0.22343934690068218 0.0059055343001301001 0.044147417437984164 0.569918469877435 -0.41326782897887082 0.44258441425980594 1.0749847072092451 2.9205692857325847 0.37505389482756546 0.68593623140394711 -0.21520735325610404 -0.70021698028294521 0.036594004524607725 -0.36117456151510807 1.0059844499863153 0.11116091654944285 1.6071402618808013 0.34621945785930319 0.70557547297667211 0.9033005508630112 0.43503891549004658 -0.20670103868597281 0.4473584816536999
leaf_weight=1513.0400060117245 2127.3799050748348 4614.859982997179 16481.65972726047 2666.0759846568108 1954.7651025950909 625.66698050498962 497.40520817041397 13219.265812411904 14477.449846640229 602.60185596346855 582.47084876894951 2420.5432308465242 5461.8550953865051 17412.607366815209 2582.102113455534 1788.8537869751453 9614.3524727374315 16453.756912380457 530.21276861429214 640.26709946990013 333.29747030138969 125.56940656900406 112.7030149102211 7142.9184006750584 1458.2836118638515 290.31442075967789 235.31757420301437 91.085674047470093 1031.818085372448 5570.0897871553898 1860.0088153481483 88.583752661943436 1367.9022857546806 204.36922258138657 31264.805766731501 17208.126670241356 1066.6520753502846 167.76735556125641 336.09870684146881 4142.283754825592 749.70133605599403 4149.2754608094692 64.595946595072746 577.79272663593292 880.1954990029335 244.81488943099976 67.199153006076813 3937.1419515162706 1259.62590020895 5324.9190753698349 3619.446090310812 15687.579116940498 1463.2855869233608 315.56946420669556 72.931945979595184 86.896584257483482 2421.8680774271488 512.92168141901493 307.94054421782494 394.76129093766212 3676.576196834445 2441.6687268316746
leaf_count=5338 6106 11335 36089 7271 4767 1484 971 25581 31050 900 1366 4139 20146 42961 5920 4224 25685 35250 1085 973 667 171 117 18931 5378 495 256 175 2380 13383 2462 121 1401 208 61606 34227 3221 219 441 8203 1541 9637 130 814 1437 408 89 9157 1306 8886 8321 33488 1859 344 103 112 7502 926 492 613 5987 3860
internal_value=-0.000636308 -0.000893121 0.000134601 -0.000633709 -0.000395827 -0.00182267 0.000471529 0.000971151 -0.00194014 0.000817564 0.00248393 0.0014382 -0.000768527 9.12111e-05 0.00193155 0.00302003 -0.000572152 -0.00274244 0.00445474 0.00336189 0.00459554 0.00932442 0.00127462 -0.00118765 -0.000970871 0.00880015 0.0116759 0.00669585 0.00424815 -0.00141393 0.00241922 0.011458 0.00495655 0.0120265 -0.000690299 -0.00235925 0.00420915 0.00521421 0.00901284 -0.000566864 0.000549239 0.00167951 0.00379646 0.00286943 0.00468947 0.00769884 0.0208955 0.000980901 0.00035738 6.0834e-05 -0.00134493 0.000723834 -0.00157089 0.0018622 0.0213207 0.0143203 0.00562697 0.000857127 0.0144691 0.000857805 -0.000595353 0.00207447
internal_weight=238622 178986 59635.7 143440 119527 23913.1 35923.8 28399 35546.1 4038.94 15179.7 9918.56 83603.2 27399.5 9986.86 7404.75 36812.9 21068.6 5261.15 4205.31 3565.04 1122.56 22822.7 56203.7 50741.9 1055.84 765.53 985.015 1657.49 7524.85 2442.48 487.61 1684.97 317.072 43598.9 19874.2 5615.9 837.164 503.866 42140.7 10875.9 6733.58 2584.3 2452.5 1874.71 1125.01 131.795 21137.8 16711.8 15452.2 20101.1 19624.7 2381.46 918.171 285.398 159.829 3488.52 10127.3 399.026 8933.55 4071.34 4862.21
internal_count=523715 392793 130922 315158 266693 48465 68439 50289 77635 6967 24708 16358 198254 69934 26973 21053 81213 46585 8350 6514 5541 1713 49709 128320 108174 1836 1341 1759 3864 18150 3828 788 1726 325 89243 41498 16829 1327 660 83865 22259 14056 4419 4200 3386 1845 219 47983 36803 35497 44410 42645 3103 1244 386 215 10723 26611 667 14599 6600 7999
cat_boundaries=0 1
cat_threshold=8
is_linear=0
shrinkage=0.05


Tree=72
num_leaves=63
num_cat=2
split_feature=8 14 0 23 10 24 24 31 8 1 8 14 10 8 13 31 31 24 5 8 10 14 17 14 0 19 18 26 31 9 13 10 14 3 6 9 31 31 16 9 9 31 17 3 3 31 8 3 3 8 10 10 11 16 13 23 31 10 18 1 18 8
split_gain=19.19 26.67 21.3498 20.3344 13.8728 13.8672 18.027 17.0321 16.7337 15.424 12.9474 12.6561 14.215 12.6988 12.6956 11.4678 10.0343 10.001 9.28536 9.31285 9.81425 9.29719 8.67097 10.1428 7.805 11.2899 10.4478 10.0031 10.9174 10.7357 7.82477 7.58695 7.58234 7.481 7.34125 7.21104 7.10321 9.25733 13.427 13.5733 11.0923 10.9751 6.97294 6.92971 6.79529 6.67046 6.60299 8.23636 6.56812 7.61566 7.82874 7.60177 6.51676 7.54603 25.0516 13.5274 6.47814 6.99536 8.95496 7.55979 6.29896 6.19226
threshold=7.1910000000000016 5.2396726190476217 0 14.150000095367433 12.675125 350.50000000000006 1.0000000180025095e-35 43.488500000000009 103.18150000000001 15.500000000000002 129.59150000000002 64.384791666666686 32.785725000000006 67.25500000000001 31.453500000000002 26.487000000000005 48.699500000000008 101.50000000000001 1.0000000180025095e-35 -6.4449999999999994 1.2632500000000004 11.887767857142858 10.550000190734865 112.73762202380955 1 9.6500000953674334 16.750000000000004 8.3499999046325701 56.568000000000005 115.34400000000001 74.050000000000011 45.002200000000009 51.988791666666678 6.5000000000000009 4.5000000000000009 26.072500000000002 32.487000000000009 49.169000000000004 9.9060208333333417 3.6815000000000002 17.391000000000002 46.088000000000001 0.84999999403953563 7.5000000000000009 11.500000000000002 65.46050000000001 19.191000000000006 3.5000000000000004 8.5000000000000018 29.301000000000005 38.569975000000007 74.911025000000009 16.636604166666668 -0.35095833333333343 16.291500000000003 8.3499999046325701 32.69850000000001 85.032950000000014 26.349999904632572 9.5000000000000018 22.149999856948856 17.462500000000002
decision_type=2 2 1 2 2 2 2 2 2 2 2 2 2 2 2 2 2 2 2 2 2 2 2 2 1 2 2 2 2 2 2 2 2 2 2 2 2 2 2 2 2 2 2 2 2 2 2 2 2 2 2 2 2 2 2 2 2 2 2 2 2 2
left_child=1 42 3 5 16 6 7 -2 24 17 22 12 14 36 15 -4 18 46 19 -3 -21 -22 31 43 27 32 -27 -9 29 30 -29 -11 35 -6 -5 61 -13 38 -38 -40 -41 -42 -1 -24 -23 -18 47 -8 -30 -50 -51 -52 53 54 -17 -56 -15 58 -58 -60 -55 -26
right_child=2 4 11 34 33 -7 9 8 -10 10 -12 13 -14 56 -16 52 45 -19 -20 20 21 44 23 -25 25 26 -28 28 48 -31 -32 -33 -34 -35 -36 -37 37 -39 39 40 41 -43 -44 -45 -46 -47 -48 -49 49 50 51 -53 -54 60 55 -57 57 -59 59 -61 -62 -63
leaf_value=0.22584145444442927 -0.18606207796744345 0.3371089969046912 0.44522804115600717 -0.54005241486709188 0.53869110671830922 -0.28398631306556227 2.1986866781348371 0.16022737590456018 -0.20650311512529101 1.6866073058539692 -0.06486662122499319 -0.052718484311893833 -0.62778173157089201 -0.49260673208553207 -0.020636287954544131 -0.36336128153866326 -0.14767210638088893 -0.16363435603348259 -0.30904322345943175 -0.12555023644294355 -0.016552187375718931 0.23143801161833225 0.10937589986006771 1.4495450564807393 1.2058981209045179 -0.29493222305825489 1.339597666534015 0.65533200099705136 -0.42444241442514968 0.11864312002797527 0.8082501240064901 0.71443224084163148 0.1391945055695821 0.10122766467660256 -0.1425616034423996 0.37722433954273105 0.057458249469683059 -0.24578799845791421 -0.27743897369225279 1.1667842453573305 0.4286101537036146 -0.62191986082201822 -0.17913075937361045 0.68498963427851545 -0.10379977030553036 0.086049494347816946 0.12416359385363229 0.65901035237735006 -0.35428564123794504 1.4391079088236638 0.35501260977740901 1.5547278138503178 -0.44090805298476721 -0.29196519757010153 3.3882904810859493 0.93882082952945334 0.086110155734790805 -0.11932195758382252 0.11875127093561169 0.65985280308329564 0.4977486580812247 0.51214052067974947
leaf_weight=1461.8504011631012 22549.73196657002 515.25251114368439 86.64759224653244 9821.8682038784027 3645.9345596879721 9504.9131738394499 73.860017582774162 2356.7436144649982 5030.4271125793457 647.90310840308666 3521.6664079427719 1706.6510804593563 24100.136987879872 3343.7151682376862 16635.8341139853 298.87803718447685 7677.3379963338375 9000.1542947292328 1700.9132722020149 4356.7789563536644 8490.7123614996672 15821.422004520893 3678.8735635429621 64.585740864276886 81.527796179056168 3601.9795378148556 230.12679478526115 240.96965673565865 550.0807803273201 279.38248625397682 440.07139658927917 2525.7046768069267 1908.9618082940578 2389.6548570096493 11159.756209805608 781.92499840259552 912.24115926027298 698.02421653270721 172.67080360651016 311.97887367010117 328.39165538549423 146.84343808889389 10009.633985593915 2677.2423567473888 1832.8347326219082 2499.3701838850975 9059.4012437164783 609.38749206066132 269.93054330348969 103.01649135351181 282.38980382680893 106.93373328447342 3308.2961067706347 18347.444064646959 74.181431233882904 104.0963177382946 1173.4844904541969 4134.3110060095787 232.66160291433334 102.58774471282959 693.38510185480118 207.70218077301979
leaf_count=4608 55332 1671 522 21769 8142 18309 228 5805 7183 1956 5871 3751 50722 6282 33515 454 12322 19432 4027 12660 24141 41161 8578 67 114 6115 758 362 615 365 584 6237 2978 4329 24119 1146 1389 778 223 406 501 188 27871 5339 4547 2604 19780 1547 278 108 292 111 8163 42323 99 154 1545 6185 372 164 2072 329
internal_value=-0.000623443 0.000146792 -0.0008844 -0.000407631 0.000655518 -4.58651e-05 0.000194627 -0.000525859 0.000696325 0.0010771 0.00239216 -0.0015125 -0.00180548 -0.00010765 -0.00122213 -0.00198543 0.000339679 0.000156752 0.000766181 0.000963459 0.000850717 0.00121684 0.00334384 0.00228647 0.00175297 0.000672062 -0.00112189 0.00333436 0.00570757 0.00975596 0.0131377 0.00548167 0.00298074 0.00289974 -0.00179377 0.00634559 0.00213472 0.00379467 0.0056262 0.00975102 0.0125328 0.00769792 -0.00202298 0.00208427 0.00187069 -0.00103146 0.00126678 0.00600302 0.00273964 0.00574157 0.00943602 0.00616137 -0.00205466 -0.00170668 0.00449771 0.019277 -0.00117491 -0.000141429 0.00277163 0.00996553 -0.00186239 0.0130789
internal_weight=238681 60401.7 178280 101367 48930.2 80385.6 70880.7 39021.9 16472.2 31858.8 13116 76912.5 63648.9 13263.6 39548.8 22912.9 42894.6 18742.8 32717.9 31017 30501.7 26145 9594.31 6420.7 11441.7 6812.22 3832.11 4629.52 2272.77 960.424 681.041 3173.61 2980.12 6035.59 20981.6 1071.15 4276.8 2570.15 1872.13 959.885 787.214 475.235 11471.5 6356.12 17654.3 10176.7 9742.65 683.248 1312.35 762.271 492.34 389.324 22826.3 19518 477.156 178.278 8986.76 5643.04 1508.73 335.249 19040.8 289.23
internal_count=523598 148083 375515 215707 115604 169819 151510 82475 27143 69035 28048 159808 138024 21784 87302 53787 103133 40987 88207 84180 82509 69849 22177 13984 19960 11440 6873 8520 2715 1311 946 8193 4567 12471 45888 1589 7236 3485 2707 1318 1095 689 32479 13917 45708 14926 21555 1775 1404 789 511 403 53265 45102 707 253 14548 8266 2081 536 44395 443
cat_boundaries=0 1 2
cat_threshold=12 8
is_linear=0
shrinkage=0.05


Tree=73
num_leaves=63
num_cat=2
split_feature=0 21 23 15 10 6 18 1 1 21 20 20 1 8 8 15 2 8 0 10 2 17 1 17 16 14 10 14 19 17 23 1 2 2 16 18 8 17 12 1 8 2 12 1 18 10 10 9 11 16 22 9 14 10 20 14 10 10 14 26 27 8
split_gain=19.963 18.6424 16.7827 15.182 14.1325 12.6999 11.925 10.6703 15.0912 9.74484 10.0755 9.31429 10.0693 9.4004 9.26272 8.93263 8.46523 8.47277 8.01916 7.8834 9.12806 7.41078 7.24579 7.03025 6.97834 6.79587 7.96983 9.51978 6.61689 6.41043 6.39492 6.31451 6.08285 8.0307 6.22515 6.0126 5.92695 7.1232 5.85056 5.79489 6.47175 8.61525 7.7537 9.40062 6.40217 8.44914 5.68403 5.67744 6.04297 5.62396 5.62237 5.56195 7.89453 6.36928 5.41881 12.7846 6.92532 5.36961 5.4383 8.68696 6.83428 5.43517
threshold=0 15.699999928474428 13.750000000000002 51.031104166666672 79.733750000000001 4.5000000000000009 22.750000000000004 15.500000000000002 20.500000000000004 5.9250000119209298 1.0000000180025095e-35 157.50000000000003 6.5000000000000009 1.9115000000000002 4.7515000000000009 17.163333333333334 3.5000000000000004 -6.4449999999999994 1 42.622750000000003 4.5000000000000009 -0.74999999999999989 14.500000000000002 15.650000095367433 1.0000000180025095e-35 92.35045238095239 28.900250000000003 33.121398809523818 8.7500000000000018 12.449999809265138 7.3500001430511483 9.5000000000000018 1.0000000180025095e-35 3.5000000000000004 5.6622916666666603 16.949999988079075 91.231500000000025 14.050000190734865 0.21500000000000002 4.5000000000000009 154.23000000000005 4.5000000000000009 74.285000000000011 19.500000000000004 28.750000000000004 98.060275000000004 5.9632500000000013 4.9410000000000016 8.1542708333333351 56.244541666666677 16.333333412806194 36.792500000000011 63.536172619047626 65.806900000000013 1.0000000180025095e-35 35.566278467908909 34.471900000000012 112.212925 59.085598214285717 8.3499999046325701 21.800000190734867 77.745000000000019
decision_type=1 2 2 2 2 2 2 2 2 2 8 8 2 2 2 2 2 2 1 2 2 2 2 2 2 2 2 2 2 2 2 2 2 2 2 2 2 2 2 2 2 2 2 2 2 2 2 2 2 2 2 2 2 2 10 2 2 2 2 2 2 2
left_child=2 3 7 4 6 14 9 11 30 23 18 12 13 15 -3 -1 22 -18 21 20 -14 -11 29 32 -24 26 27 -20 -23 31 -9 -12 -2 34 -34 -7 37 -10 -26 -6 41 42 50 44 -44 -46 49 48 -35 -5 -41 52 -40 -54 55 56 -19 58 -15 61 -61 -60
right_child=1 5 -4 46 39 35 -8 8 36 10 16 -13 19 57 -16 -17 17 54 25 -21 -22 28 24 -25 38 -27 -28 -29 -30 -31 -32 -33 33 47 -36 -37 -38 -39 51 40 -42 -43 43 -45 45 -47 -48 -49 -50 -51 -52 -53 53 -55 -56 -57 -58 -59 59 60 -62 -63
leaf_value=0.2800557137680329 -0.19216734834402285 -0.032033400666777644 -0.25292821683987798 -0.17346785143496712 -0.312036457496012 -0.16797208550853729 0.1564388680547566 0.91260629710234586 -0.058406340414824426 0.33000141965659041 0.44521422041634101 -0.17507373911931623 1.4802521203093784 -0.16952028300505406 -0.39205231731148049 1.049622765053448 0.26775580831031132 0.51332797773830718 -0.21858301656539114 0.18625150452507883 0.35959347136980463 0.10940118759111109 -0.23686114643807024 -0.12599901005999678 -0.072918690481128312 0.41561603266206204 -0.62364972203319169 0.10038077968645141 -0.24886491284944656 -0.14643209492121301 0.35681599983291368 -0.074949468679094272 -0.004297052111876809 -0.1923222086081765 0.50546017084489847 0.28495962330193053 -0.30249159325235309 0.57884082209919041 0.49749507191544051 -0.07984498275972314 -1.1914004356506995 -0.46192297517691616 0.18794255896046935 -0.29061291524440236 0.61828656014230998 0.35916728070839526 -0.41486889555125384 -0.05608990019406726 0.35128523103260395 0.50719098204443902 -0.71580593416334681 0.14737699443005994 0.90665346063409979 -0.25848729874604931 -0.1162214935586917 -0.13285842232801279 -0.010239369098824015 -0.43239028050867478 0.077462064424859992 0.11728666547130367 0.57392670418550529 -0.29856870102472327
leaf_weight=795.09183868765831 1528.2108207345009 4857.8590771853924 13455.368169978261 819.90642173588276 2490.6401938199997 13171.446512445807 5664.3614276051521 2851.362174347043 2344.9087444841862 1627.5867758095264 4031.755531385541 9432.5575253218412 595.6197324693203 4909.493863761425 16170.050860673189 302.65653550624847 262.02100057899952 104.59760209918022 16939.424052983522 5138.4496058523655 983.83338651061058 4037.2708591073751 1519.6054100394249 3171.1848792433739 2173.6329380571842 82.964932918548584 6189.8089817911386 3010.7827591896057 7085.4816527813673 8530.6255896836519 5973.2357202917337 4972.4356756806374 1141.2580914199352 562.64778596162796 3848.8405051231384 1449.5852348953485 2698.3523720353842 1247.9527578353882 4049.8019712269306 6777.9803717583418 2572.1694093793631 2336.00783598423 2164.5320478081703 864.69560107588768 142.16850674152374 453.37098842859268 6612.5177321135998 3953.1038073599339 1066.9126917272806 347.76674097776413 3480.5596446543932 3295.4413711130619 203.15146204829216 64.996870264410973 24797.815686434507 264.09584030508995 41.118410646915436 2015.7913033664227 1940.5549810677767 2916.2367630749941 641.76461009681225 1485.7238370031118
leaf_count=2291 3294 11846 30186 3467 3526 28002 15216 6287 6185 4233 9871 20939 1636 13206 34562 978 857 640 41524 10656 2254 8730 6575 7137 5369 131 12327 4897 17052 18230 13083 12662 3764 1519 7502 3346 4785 2861 8111 11360 4313 3653 3304 1317 228 716 14120 8098 2189 975 5868 6166 317 118 53679 1615 249 2546 4503 5016 967 2698
internal_value=-0.000632494 -0.000896669 0.000159031 -0.000642144 -0.000518805 -0.00191988 -0.000298384 0.000611009 0.00170105 -0.000415091 -0.00060677 8.21538e-05 0.000651782 -6.84486e-05 -0.00270679 0.00438387 -0.000166577 -0.000830826 -0.00122018 0.0022605 0.00534881 -0.000190677 0.000420025 0.000755677 0.0014069 -0.00172 -0.00176621 -0.00127979 -0.00065201 -0.000216366 0.00303487 0.000714129 0.00130483 0.00173103 0.00318836 -0.000788044 -0.000170073 0.00115979 0.00189636 -0.00170173 -0.00140121 -0.00103156 -0.000558737 0.00142884 0.00285389 0.0074405 -0.00278992 0.000428054 0.00291057 0.000425844 -0.0012611 0.00254949 0.00372994 0.0120242 -0.000923943 0.00477178 0.0166065 -0.000420118 -1.55967e-05 0.000880751 0.00261084 -0.000916086
internal_weight=238661 178932 59729 143283 135503 35648.9 114221 46273.6 15115.8 108557 93284.4 31157.8 21725.2 15007.3 21027.9 1097.75 54311.1 25469.6 38973.3 6717.9 1579.45 12750.3 28841.4 15272.2 11306.6 26223 26140 19950.2 11122.8 17534.8 8824.6 9004.19 12101 10572.8 4990.1 14621 6291.21 3592.86 9787.02 21282.1 18791.5 16219.3 13883.3 3624.77 2760.07 595.539 7780.19 5582.66 1629.56 1167.67 10258.5 7613.39 4317.95 268.148 25207.6 409.812 145.716 13909.6 11893.8 6984.28 3558 3426.28
internal_count=523752 392675 131077 314919 296357 77756 262072 100891 33201 246856 213353 67690 46751 32205 46408 3269 124459 57040 88894 14546 3890 30015 67419 33503 26656 58879 58748 46421 25782 40763 19370 22533 26366 23072 11266 31348 13831 9046 20081 34285 30759 26446 22793 5565 4248 944 18562 11806 3708 4442 17228 14712 8546 435 56183 2504 889 28936 26390 13184 5983 7201
cat_boundaries=0 1 2
cat_threshold=8 4
is_linear=0
shrinkage=0.05


Tree=74
num_leaves=63
num_cat=1
split_feature=6 21 7 8 2 8 7 23 27 31 6 22 1 2 8 24 22 15 22 18 11 3 10 15 6 17 23 14 31 31 31 31 20 31 21 31 2 31 31 0 7 31 18 9 27 31 31 31 15 31 31 11 11 14 8 1 9 27 8 15 3 3
split_gain=16.4619 22.3782 15.3617 20.07 14.9597 13.9633 12.5633 11.9294 11.0762 8.69516 8.56117 8.23194 7.50088 7.39382 7.27999 6.79931 6.31341 6.29294 7.99019 6.251 6.46857 6.1316 9.36975 6.87884 5.99194 5.83482 5.70823 5.43316 6.03366 6.2831 7.60609 5.32444 5.31115 5.43431 14.6143 10.6363 21.1991 8.86973 7.60036 9.31003 5.06943 5.06219 5.77121 5.06196 5.02827 4.86302 7.26371 5.79465 6.13539 5.74708 6.33322 5.64008 10.6154 4.861 6.21757 4.8417 7.16766 4.82915 4.81407 4.71947 4.67381 6.08893
threshold=4.5000000000000009 8.20000007748604 65.592500000000015 10.082500000000001 4.5000000000000009 84.20650000000002 7.6710000000000003 7.6499998569488534 14.199999809265138 75.473500000000016 1.5000000000000002 19.000000079472866 15.500000000000002 2.5000000000000004 -6.4449999999999994 2.5000000000000004 14.233333309491476 1.0000000180025095e-35 18.000000476837162 23.750000000000004 118.51370833333335 7.5000000000000009 19.424525000000006 0.43939583333333238 6.5000000000000009 16.150000572204593 15.449999809265138 19.12284285714286 30.247000000000003 71.981000000000009 71.881000000000014 26.955500000000004 354.50000000000006 59.45900000000001 14.250000089406969 61.590500000000006 5.5000000000000009 50.073 48.669000000000004 0 125.73850000000002 31.353000000000005 7.6499998569488534 57.602500000000006 8.4500002861022967 42.349500000000006 43.616000000000007 34.454500000000003 6.9785833333333365 31.464000000000002 30.923000000000005 9.1193333333333353 45.028312500000006 42.043419642857152 49.672500000000007 12.500000000000002 18.082500000000003 23.94999980926514 -6.4449999999999994 14.470833333333342 5.5000000000000009 4.5000000000000009
decision_type=2 2 2 2 2 2 2 2 2 2 2 2 2 2 2 2 2 2 2 2 2 2 2 2 2 2 2 2 2 2 2 2 10 2 2 2 2 2 2 1 2 2 2 2 2 2 2 2 2 2 2 2 2 2 2 2 2 2 2 2 2 2
left_child=1 7 3 6 8 10 58 9 15 25 17 13 -11 53 -8 -2 -7 18 -4 21 -21 22 23 -17 -10 -1 40 41 -29 30 -30 -16 33 37 35 36 -35 38 -6 -40 43 42 -23 60 -33 47 51 48 -26 50 -50 -47 -53 -5 -55 -19 -57 -12 -3 -41 61 -9
right_child=4 2 5 11 32 16 14 26 24 12 57 -13 -14 -15 31 19 -18 55 -20 20 -22 27 -24 -25 45 -27 -28 28 29 -31 -32 44 -34 34 -36 -37 -38 -39 39 59 -42 -43 -44 -45 -46 46 -48 -49 49 -51 -52 52 -54 54 -56 56 -58 -59 -60 -61 -62 -63
leaf_value=0.15372035263832623 -0.12615071514090417 0.19426726061595387 0.32819620723055315 -0.38063311935701449 -0.097880526162157366 -0.03428631690634916 0.46128450112309988 0.021171880753912478 0.074998546570122934 0.4531367814862719 -0.022847823806352353 -0.50274343161873725 2.2787445246583489 -0.41891971796294708 0.42985308650074078 1.5308905784142355 -0.5034495202529371 0.023646537570807882 1.8670569478459749 0.79328950635020101 -0.60720263997943325 1.5379094270498606 -0.21720040340942148 0.14490277323010092 -0.031991660415521483 -0.10323066634635519 -0.31308595331947342 -0.61890054379451687 0.44488022044974618 -0.36590727333665218 2.224279952790345 -0.095672450920823687 -0.25848592048865227 2.1946091536701755 0.84204909710513798 -0.13496806500275796 -1.179454653973756 -0.46682449959125255 0.6763468713117462 -0.43124997598505727 0.19430205900846023 -0.21794116808506303 0.32905720456305548 -0.18145274836956063 0.090584119791660103 0.069782466018194184 0.45802381256031666 -0.20152892112218979 0.51784205392830207 0.25840544603833421 2.1874624641518241 2.4125127148979733 0.30392838099312486 0.2103778295947919 -0.22480875743062009 1.1216416116360672 0.3272265651390292 0.44342020911455243 -0.12592134904094907 0.45858298451990365 -0.084172205835321992 0.4676052719430473
leaf_weight=12319.428619876504 21328.350877165794 230.01524309813976 160.24161234498024 9438.4584944993258 17850.646954357624 4705.1485574692488 141.6780259758234 2493.204666107893 19223.773084163666 355.92669981718063 11134.998191863298 10835.217516839504 169.40216690301895 17739.95323728025 93.738081604242325 229.13483077287674 6236.0824624598026 1566.8275916725397 77.734309196472168 499.01603317260742 209.75370395183563 46.68699648976326 10699.207085996866 3307.2699520736933 1420.9715977013111 2868.0465433895588 2932.7966241389513 472.1349932551384 3833.3206013739109 1024.4252467751503 187.26409578323364 3845.8222490102053 4958.7485812753439 163.55562955141068 385.84840941429138 2316.216402053833 170.17599922418594 2717.5511696338654 388.80226394534111 347.78878289461136 2260.1448759287596 2204.4579297751188 128.67295008897781 5975.0857240110636 8794.4076114147902 79.879426151514053 4018.8018481135368 1885.6866387575865 516.2045700699091 1123.2639286518097 158.88991571962833 103.10210570693016 73.538409888744354 2551.9610983282328 5859.6232405751944 343.58251813054085 1262.2641728371382 286.70148782432079 13809.475919172168 65.885297954082489 6960.3499551415443 905.83928160369396
leaf_count=26379 46685 688 536 23120 44184 7864 469 7411 42422 368 21964 25470 175 39914 496 645 10239 3021 199 1075 335 100 23701 7977 3787 5977 6678 828 7364 1048 195 9090 10925 178 406 2432 185 4353 757 715 3496 6143 227 11576 19780 222 6554 5219 1273 2826 354 209 137 5259 11781 652 2489 680 36791 84 15133 2402
internal_value=-0.000628698 -0.000988225 -0.00138085 -0.00174986 -0.00014873 -0.000330797 -0.000663524 5.67591e-05 0.000235654 0.00110419 0.000668742 -0.00237964 0.00742235 -0.00201217 0.000464476 -0.000260743 -0.00168575 0.0028666 0.0106923 0.000338708 0.00495754 0.000190578 -0.000429265 0.00180162 0.00100216 0.000885177 -0.000707776 0.00130786 0.0021691 0.00267501 0.00356551 0.000338605 -0.0011013 -0.000798138 0.00118111 -0.000144098 0.00818735 -0.00107934 -0.000690435 0.00406674 -0.000384357 -0.000688814 0.00746307 -0.000691474 0.000250075 0.00203807 0.00328193 0.000995931 0.00228492 0.00422435 0.00786715 0.0114242 0.0163862 -0.0012936 -0.000419498 0.00227643 0.0042049 1.2242e-05 -0.00169797 -0.00122945 -2.29671e-05 0.00149654
internal_weight=238493 136354 99113.9 73340.4 102139 25773.6 26915.1 37240.2 72773.8 15712.8 14832.3 46425.2 525.329 35590 12875.6 44169.7 10941.2 3410.65 237.976 22841.3 708.77 22132.6 14235.6 3536.4 28604.1 15187.5 21527.4 7896.96 5517.14 5045.01 4020.58 12734 29365.2 24406.5 3035.8 2649.95 333.732 21370.7 18653.1 802.476 18594.6 2379.82 175.36 16334.5 12640.2 9380.34 4275.32 5105.02 3219.33 1798.36 675.094 256.52 176.641 17850 8411.58 3172.67 1605.85 11421.7 14039.5 413.674 10359.4 3399.04
internal_count=523642 300097 220502 172858 223545 47644 67314 79595 159326 32899 29541 105544 543 80074 29835 96323 18103 6897 735 49638 1410 48228 32323 8622 63003 32356 46696 15905 9435 8607 7559 29366 64219 53294 3201 2795 363 50093 45740 1556 40018 6470 327 36522 28870 20581 7122 13459 8240 4453 1627 568 346 40160 17040 6162 3141 22644 37479 799 24946 9813
cat_boundaries=0 1
cat_threshold=12
is_linear=0
shrinkage=0.05


Tree=75
num_leaves=63
num_cat=5
split_feature=5 24 1 24 8 0 8 0 8 18 3 31 8 31 18 31 8 21 31 25 2 8 31 22 2 2 8 8 0 18 8 31 18 2 12 31 31 21 13 8 8 11 3 31 23 8 18 1 8 19 11 0 18 2 2 31 31 0 3 3 31 31
split_gain=18.8358 18.2144 22.1667 22.3057 16.0433 13.3692 13.1141 12.9922 17.4104 13.846 12.8872 11.7483 15.5698 10.7054 10.5235 16.7141 11.4935 9.93872 9.94811 11.8718 9.04474 8.9709 8.68039 8.44002 8.3874 8.31744 9.26133 8.24803 9.59121 8.18712 8.10571 12.9992 12.5978 10.2058 8.04602 7.95944 7.74233 7.50892 7.85346 11.6719 7.43571 7.80555 7.15065 17.9819 6.87295 6.64108 9.74366 9.07353 12.2369 6.28781 6.26696 6.22749 12.891 6.18127 6.17616 9.45034 7.55455 7.21152 7.09688 6.41244 8.75413 10.6119
threshold=1.0000000180025095e-35 1.0000000180025095e-35 16.500000000000004 186.50000000000003 23.219000000000005 0 17.462500000000002 1 37.305000000000007 13.050000011920931 4.5000000000000009 47.032000000000004 25.445000000000004 41.453500000000012 4.2500000000000009 43.532500000000006 -6.4449999999999994 11.300000280141832 48.699500000000008 13.650000095367433 3.5000000000000004 17.142500000000002 45.748500000000007 14.366666714350385 5.5000000000000009 4.5000000000000009 85.378500000000017 109.06750000000001 2 7.4500000476837167 129.59150000000002 63.610500000000009 4.3499999046325692 4.5000000000000009 -1.8749999999999998 31.428000000000001 45.876500000000007 14.750000119209291 46.636500000000005 79.921000000000006 1.6125000000000003 49.530208333333341 8.5000000000000018 65.46050000000001 12.949999809265138 154.23000000000005 22.549999952316288 10.500000000000002 141.01750000000001 15.150000095367433 92.887541666666678 3 11.250000000000002 1.5000000000000002 4.5000000000000009 70.809500000000014 71.981000000000009 4 6.5000000000000009 10.500000000000002 42.039500000000011 39.07800000000001
decision_type=2 2 2 2 2 1 2 1 2 2 2 2 2 2 2 2 2 2 2 2 2 2 2 2 2 2 2 2 1 2 2 2 2 2 2 2 2 2 2 2 2 2 2 2 2 2 2 2 2 2 2 1 2 2 2 2 2 1 2 2 2 2
left_child=1 7 3 4 35 6 -4 8 22 21 -5 12 -11 -10 16 -16 -12 -17 19 -19 -21 36 -1 40 45 26 50 28 29 49 31 32 -8 44 -25 -3 -9 38 -7 42 41 -24 43 -40 -34 46 51 48 -48 -15 -18 52 -6 -44 57 59 -57 -37 -59 -56 61 -61
right_child=-2 2 5 10 24 37 30 9 13 11 14 -13 -14 27 15 17 25 18 -20 20 -22 -23 23 34 -26 -27 -28 -29 -30 -31 -32 -33 33 -35 -36 54 -38 -39 39 -41 -42 -43 53 -45 -46 -47 47 -49 -50 -51 -52 -53 -54 -55 55 56 -58 58 -60 60 -62 -63
leaf_value=0.0030082714804652968 -0.35771426653321337 0.49674633021545134 0.81673966272725529 -0.35893954975617526 -0.081449726563747771 -0.066609713650975885 0.098606313871016843 -0.19123334422719812 -0.25306856503202585 0.15905331802199196 0.25188774450852236 -0.36129378109417448 -0.12138766943155251 0.54937220744859239 -0.049745538433104391 0.14567225421635541 -0.073284237158812368 0.40675022285596862 -0.089021079276319859 1.7723542483056374 0.2958986052627397 -0.62407202639223847 0.28079525373146696 1.4563347498288317 -0.35091020403369183 -0.20872171621667551 -0.60869795844935215 -0.25719005257774441 -0.080700957070426682 0.11725813833801979 -0.14272899218261231 1.0029130191786038 1.3343949176812928 0.078491979340316223 -0.075100188870742823 0.98309675829285803 -0.0051746619497465398 -0.21298536177494276 0.58438254442943161 -0.31053011923951318 0.38272659538701248 1.0378359498216534 2.5528820177660849 1.4715840474068207 0.35132576245283076 -0.9006826547958835 0.40311316522175855 0.13180633439542397 8.5321935268547033 0.35252242488392743 0.30044573207865466 -0.26627365997066477 0.42423563922363244 -0.56983436514237373 -0.1298710087418396 2.0508129722211068 0.29092895219952519 0.61021856056641666 0.033856783447114229 0.016705748492303309 -0.12207443377107673 0.77507989793587351
leaf_weight=13160.456217497587 7953.0987545400858 2071.5651689022779 1801.054740652442 11954.527592346072 9857.151646271348 8705.6049736589193 7869.3252030909061 12492.375518783927 17615.149759620428 8589.4475849568844 369.95854675769806 4657.3018090724945 9143.8984843939543 694.75524845719337 2825.2379482537508 703.25780972838402 19284.867193713784 268.89810359477997 173.44411313533783 180.87496918439865 72.702761650085449 11016.36308015883 135.72533139586449 63.199599742889404 2777.7858328670263 9222.4559960663319 3370.0620393455029 5166.685600489378 5511.5111129283905 2287.8890699744225 4261.3600228726864 719.32314670085907 1342.9857558757067 979.45293186604977 2421.5313965082169 717.97747309505939 5443.0753733813763 3850.8579308837652 2813.5552373826504 1376.6729254424572 3076.9902828335762 208.34391167759895 127.755605712533 69.083887279033661 616.97923907637596 2100.265040114522 415.31753413379192 956.52819737792015 92.310895442962646 824.55487158894539 1903.8318292498589 7084.3733724802732 3995.8823404759169 566.72895638644695 4220.2233282625675 110.06675398349762 286.78913307189941 2938.3703647553921 4358.2253545969725 134.95508074760437 371.00830587744713 137.26363280415535
leaf_count=39478 18203 4886 4985 28902 21303 20270 17305 33582 39489 22317 1218 11281 21038 853 8028 914 41745 373 198 256 98 19225 281 158 5929 17664 4450 7903 8983 5492 6769 752 3509 2433 4769 1848 6844 8019 5854 2045 4946 383 209 74 1597 3900 986 1748 146 1143 2530 15265 9562 764 9947 115 295 7208 11161 254 1325 504
internal_value=-0.000604078 -0.000521548 -0.000123934 -0.000528173 0.000313444 0.000946583 0.00191957 -0.00101825 -0.000454051 -0.0015801 -0.00124095 -0.00064669 -5.9693e-05 -0.00116494 -0.000794361 0.00155958 -0.00108557 0.00602656 0.0102585 0.0136971 0.021441 -0.00230248 0.000742589 0.002335 -0.000414111 -0.00118166 -0.000700827 -0.000158003 0.000730384 0.00265608 0.00145935 0.00214808 0.00171449 0.00450689 0.000116909 0.00160668 -0.00161255 -3.19927e-05 0.000517774 0.0021069 0.00394551 0.0109072 0.00361225 0.0047092 0.00658873 -0.000118859 0.00013324 0.00407511 0.00947119 0.00550708 -0.000313531 -0.000142596 0.000474121 -0.000941147 0.00115666 -0.00017456 0.00723448 0.00203031 0.00155081 -0.000780498 0.00386619 0.0106583
internal_weight=238519 230566 128057 92956.2 42626.1 35100.7 17590.5 102509 51166.8 51342.5 50330.1 22390.6 17733.3 32100.5 38375.6 4224.42 34151.2 1399.18 695.92 522.476 253.578 28951.8 19066.2 5905.79 27279.6 33781.2 24558.8 14485.4 9318.71 3807.2 15789.4 11528.1 10808.7 2939.42 2484.73 15346.4 17935.5 17510.3 13659.4 4953.8 3421.06 344.069 3577.12 2882.64 1959.96 24501.8 22401.6 1464.16 507.628 1519.31 21188.7 20937.4 13853 694.485 13274.9 5260.31 396.856 8014.57 7296.6 4863.45 643.227 272.219
internal_count=523711 505508 277343 202758 96382 74585 37350 228165 113878 114287 106376 54636 43355 63863 77474 9867 67607 1839 925 727 354 59651 50015 10537 58839 66389 48725 24374 16471 7488 32365 25596 24844 7539 4927 37543 40426 37235 29216 8946 5610 664 6901 5928 5106 52910 49010 2880 1132 1996 44275 46130 30865 973 32657 12440 410 20217 18369 12030 2083 758
cat_boundaries=0 1 2 3 4 5
cat_threshold=12 12 8 12 8
is_linear=0
shrinkage=0.05


Tree=76
num_leaves=63
num_cat=1
split_feature=5 22 6 12 14 7 0 20 23 31 31 28 28 21 9 9 17 31 26 23 16 25 6 31 16 12 26 9 28 7 14 4 24 9 9 24 3 3 24 31 14 31 14 24 15 15 16 18 14 17 16 15 14 15 15 25 14 21 31 14 12 31
split_gain=16.256 15.9013 18.0597 16.7604 17.8707 15.1471 10.9693 14.1501 10.7703 10.2526 13.2394 9.41126 8.26181 8.00006 7.37465 6.87672 6.4957 9.65988 12.1258 9.96251 8.66915 8.20267 7.98632 7.27777 6.95571 6.93713 6.10689 5.83843 5.83197 5.71897 5.612 5.74326 5.56687 6.53734 6.46994 5.32004 5.26466 5.96638 5.19035 6.259 5.10905 5.33165 5.07033 4.89377 4.83453 9.12428 4.78922 4.74445 4.72669 4.65791 4.55647 9.62767 6.86681 5.71408 23.0593 13.7811 4.46183 4.46105 4.26421 4.23589 4.23232 4.22085
threshold=1.0000000180025095e-35 9.6000001033147182 5.5000000000000009 2.9100000000000006 12.278065476190477 37.531000000000006 0 199.50000000000003 14.750000000000002 71.881000000000014 57.902500000000011 12.233333309491476 13.06666700045268 6.7999999821186075 95.685000000000016 19.375000000000004 -2.2499999999999996 40.284500000000008 5.0499999523162851 9.4499998092651385 0.50093750000000814 15.550000190734865 6.5000000000000009 34.425500000000007 76.822583333333355 -0.99899999999999989 24.250000000000004 100.31500000000001 13.166666746139528 142.72750000000005 22.183630952380955 1.0000000180025095e-35 1.5000000000000002 9.3625000000000025 3.7690000000000006 1.0000000180025095e-35 8.5000000000000018 4.5000000000000009 1.5000000000000002 50.008000000000003 22.183630952380955 48.526500000000006 119.31973511904762 144.50000000000003 30.15783333333334 21.429187500000005 21.075104166666673 16.15000003576279 3.2354613095238096 17.650000572204593 29.2393125 30.359041666666666 73.155705357142878 26.223958333333332 26.348020833333333 23.849999427795414 53.292261904761908 14.000000119209291 28.128000000000004 28.054169642857147 1.2410000000000003 44.130500000000005
decision_type=2 2 2 2 2 2 1 8 2 2 2 2 2 2 2 2 2 2 2 2 2 2 2 2 2 2 2 2 2 2 2 2 2 2 2 2 2 2 2 2 2 2 2 2 2 2 2 2 2 2 2 2 2 2 2 2 2 2 2 2 2 2
left_child=1 6 5 4 58 13 7 12 11 10 16 -7 -1 -3 -11 -10 25 23 56 20 21 -20 60 -18 44 46 -9 50 -29 42 -24 -32 57 34 -34 47 37 -36 39 -14 41 48 -13 -40 45 -21 -6 -15 -39 -35 -5 52 53 -52 -55 -56 -19 -8 -4 -42 -22 -47
right_child=-2 2 3 27 9 8 32 26 15 14 -12 29 38 35 -16 -17 17 18 19 24 22 -23 30 -25 -26 -27 -28 28 -30 -31 31 -33 33 49 36 -37 -38 40 43 -41 59 -43 -44 -45 -46 61 -48 -49 -50 -51 51 -53 -54 54 55 -57 -58 -59 -60 -61 -62 -63
leaf_value=0.084771772503648535 -0.33928775484675439 -0.014991695572087594 0.45677226878121929 -0.21111704811029908 1.0163688309418766 -0.13492469773712781 -0.11635428382265403 -0.1955268513152035 0.052041844591413172 0.93815481470433115 -0.39370833757782719 0.04361134026538132 0.11229532872682527 -0.25596038038279462 2.5175200182988804 -0.39600541955410018 0.25685953624015551 -0.48641721327906984 1.205871308990998 0.22952454404514794 0.062466520814547982 2.6979094992422308 0.077256881215671314 -0.32428896120200668 2.6425660947021825 0.44970483920214444 0.34730283751226421 -0.21053399120256877 0.30784793484926071 0.39071963228459694 1.7568695694047922 0.45770811739032813 -0.025240276442464449 -0.0052938675118420877 0.015989742135639241 -0.13501533710999 -0.088859403872346976 -0.47868544021958548 0.94067120029318874 0.51630876106664736 1.5122530939159216 -0.64231670798269502 -0.25942190990896669 0.13691141988339448 -0.29209601393428652 0.47896872415746972 3.0164881479497199 -0.085461673177083072 0.62584073870742452 -0.39259550603497129 0.14534928687803444 -0.40318686893489936 -0.30059729654366729 1.7237537115042016 -0.1420270720933404 1.6902638505032599 1.0518794658755615 -0.44579303539044401 -0.18725145127002954 0.91424468241286305 0.7835789313316831 1.270346248283849
leaf_weight=9247.265515089035 8020.0939342081547 8962.024215772748 36.844454228878021 15297.276065468788 113.54808042943478 22213.187507629395 10237.704630345106 5798.4199497848749 2253.7500061541796 564.79013878107071 838.74068868160248 23845.531279578805 4263.5748062282801 22475.122275352478 98.023941695690155 7839.8170656114817 3295.0077554285526 667.75692099332809 76.512965202331543 1363.5211974233389 499.27473518252373 99.431138873100281 134.76571318507195 1877.7565173655748 61.423024207353592 628.60846926271915 408.53392109274864 2796.294846534729 3524.4849496334791 2142.9306561648846 272.9264170229435 190.99397894740105 2292.8077576607466 5870.3550438582897 518.16315262019634 36872.761029809713 505.29905055463314 126.70659840106964 2329.7866085767746 1239.0423673689365 94.238001972436905 137.9211813211441 1118.0800593495369 708.00488336384296 395.26001624763012 143.90688863396645 73.895568460226059 4235.0576808154583 744.83358697593212 1435.3858476132154 5566.9645456075668 4045.7123459875584 1632.9309092909098 108.90474140644073 654.87243109941483 140.6865302324295 196.90715280175209 1793.4070498347282 4954.8944897353649 316.79232719540596 180.18453577160835 172.56013208627701
leaf_count=20140 18282 20896 62 35678 428 43487 22656 13066 4405 582 919 48418 10561 53366 101 16103 10115 1732 128 2520 909 166 235 6130 99 1760 711 4497 5757 3528 503 287 5548 11936 1305 85481 1333 307 5130 1659 130 157 1719 1511 567 191 147 11531 1796 3027 11604 6151 2993 144 1042 187 611 4322 14148 455 257 220
internal_value=-0.000609647 -0.00053272 -0.000745649 5.63781e-05 0.00133988 -0.00105383 0.000276428 0.00103272 -0.000461878 0.00238969 0.0020342 -0.000157316 0.00175038 -0.00153862 0.00842897 -0.00194988 0.00251964 0.00215614 0.00386235 0.00514207 0.00833362 0.0187175 0.0068907 0.000686072 0.00296722 0.00680052 -0.00102221 -0.000587427 0.000782511 0.000467925 0.0110971 0.0137017 -0.000477623 0.000282148 0.00172874 -0.00173574 0.00351803 0.0047023 0.00287158 0.00195514 0.00637657 0.00445558 0.000255083 0.00453041 0.00247128 0.00364153 0.0152196 -0.00227313 0.00590075 -0.000655873 -0.000902924 -0.000180041 0.000814396 0.00154548 0.00522929 0.00226059 -0.00145187 -0.00123847 -0.0011724 0.0110721 0.00317347 0.0112764
internal_weight=238752 230732 182664 50705.7 16937.5 131958 48068.2 23994.6 59413.3 11945.8 11283 49319.7 17787.7 72545 662.814 10093.6 10444.2 9628.19 4455.42 3590.76 1454.09 175.944 1278.15 5172.76 2136.67 816.052 6206.95 33768.1 6320.78 27106.5 598.686 463.92 24073.6 12042.5 4736.76 63582.9 2443.95 1938.65 8540.41 5502.62 1420.49 1009.46 24963.6 3037.79 2075.25 1679.99 187.444 26710.2 871.54 7305.74 27447.3 12150.1 8104.36 6471.43 904.464 795.559 864.664 12031.1 4991.74 411.03 679.459 316.467
internal_count=523836 505554 399804 110870 42817 288934 105750 52778 117660 28607 27924 97152 39001 171274 683 20508 27005 24670 8425 6082 2485 294 2191 16245 3597 2335 13777 68053 10254 53665 1025 790 52972 25994 11031 150378 5483 4150 18861 12220 2845 2260 50137 6641 3498 2931 575 64897 2103 14963 57799 22121 15970 12977 1373 1229 2343 26978 14210 585 1166 411
cat_boundaries=0 1
cat_threshold=12
is_linear=0
shrinkage=0.05


Tree=77
num_leaves=63
num_cat=3
split_feature=8 13 22 8 7 6 13 16 15 17 8 4 4 20 31 13 22 5 27 31 8 8 24 32 32 31 5 31 24 28 0 31 19 13 32 0 17 23 32 7 12 31 31 24 26 15 16 0 31 31 8 16 16 17 6 13 24 31 8 24 32 8
split_gain=19.4434 18.5591 17.4854 12.5943 13.568 12.3193 11.1315 9.23905 12.6135 8.6472 8.61337 8.48293 8.37505 9.95008 7.74349 7.6636 8.49127 7.64442 8.28978 7.37613 8.25528 7.36123 7.22586 7.13769 9.40071 8.29018 7.01998 6.80021 6.41199 6.37854 6.29473 6.23797 6.01525 6.17157 5.89916 5.55784 6.55777 5.5537 5.55647 5.53389 6.31471 5.52879 8.84693 5.50483 5.48546 5.43866 5.4187 7.33152 8.1565 9.53527 9.36474 6.50933 18.9246 6.32482 5.44003 6.9787 5.3184 6.01411 8.10153 6.93135 5.30666 5.19545
threshold=7.1910000000000016 30.385000000000002 22.466666618982952 53.105000000000011 89.663500000000013 2.5000000000000004 11.495000000000003 -0.16458333333333838 -0.19322916666666703 2.1499999761581425 92.566000000000017 1.0000000180025095e-35 1.0000000180025095e-35 -1.0000000180025095e-35 69.062500000000014 16.291500000000003 14.733333309491476 1.0000000180025095e-35 12.400000095367433 30.113500000000005 86.553500000000028 -6.4449999999999994 570.50000000000011 72.64500000000001 72.690000000000012 33.085000000000008 1.0000000180025095e-35 38.727000000000011 557.50000000000011 12.366666555404665 0 32.022500000000008 13.650000095367433 6.5250000000000012 63.672500000000007 1 1.0500000119209292 6.1499998569488534 75.350500000000025 45.283500000000004 13.012500000000001 43.532500000000006 48.242500000000007 503.50000000000006 13.150000095367433 0.33314583333333664 0.073312499999994798 2 43.958500000000008 43.216500000000003 27.485500000000005 7.3143749999999992 7.1129583333333359 13.050000190734865 5.5000000000000009 26.035000000000004 1.0000000180025095e-35 35.734000000000002 154.23000000000005 201.50000000000003 85.917500000000004 72.747500000000016
decision_type=2 2 2 2 2 2 2 2 2 2 2 2 2 10 2 2 2 2 2 2 2 2 2 2 2 2 2 2 2 2 1 2 2 2 2 1 2 2 2 2 2 2 2 2 2 2 2 1 2 2 2 2 2 2 2 2 2 2 2 2 2 2
left_child=6 5 3 17 19 -2 23 8 -7 27 41 29 26 -14 -13 -10 -17 18 39 -5 -21 -15 34 25 -25 32 30 45 -23 -12 43 -32 33 -1 -20 -27 -37 38 -22 40 -3 -6 -43 -8 -26 -4 -9 54 49 53 -51 52 -50 -49 -48 -56 -31 58 59 -58 -47 -62
right_child=1 2 9 4 10 7 12 46 15 -11 11 14 13 21 -16 16 -18 -19 22 20 37 28 -24 24 44 35 -28 -29 -30 56 31 -33 -34 -35 -36 36 -38 -39 -40 -41 -42 42 -44 -45 -46 60 47 48 51 50 -52 -53 -54 -55 55 -57 57 -59 -60 -61 61 -63
leaf_value=1.3749376675662295 -0.42488573116720413 -0.012701750731997663 0.22461830574184738 -0.58256382417581931 0.0094715284394585111 -0.25937218435597414 0.50737103744419121 -0.38549677167213475 -0.26013961225497229 -0.68097624398666101 -0.1949081633431077 -0.32508788275326472 0.45952769659906245 0.27225672636255516 0.37342476967962207 0.54944857024736182 1.9713121589208975 -0.40842352567763723 -0.15501628372033649 -0.064384236397025063 -0.40759608746773179 -0.0056523051873391241 -0.26257484741936604 0.74317236992002478 -0.029332386324321294 0.26907178964115847 -0.27639188636912454 -0.3960748604457015 -0.24962435789339177 -0.073016882219641671 0.42004658911539683 0.064891338273211571 -0.092622924685737129 0.10213570315032357 0.19676854183957176 0.034120884236440573 -0.20716114419536319 -0.52962480886157426 0.29844159813014992 0.052180036218715746 -0.27072417922079811 0.59883179299167133 0.1726691155460891 -0.051580036018385303 0.25195889501346402 -0.25806805049534154 0.017211379617716818 -0.24315188208201344 -0.27845851481084 2.0269652030483645 -0.28454835257451877 -0.39042846750890514 1.1272362122213075 0.23205027549444104 1.4135153387531589 -0.34234984861894785 1.0953048601178919 0.075142548769965609 -0.85630711634445911 -0.38289000654305172 0.32077162731668951 -0.19245287506224751
leaf_weight=344.43367198109627 11303.466353192925 10283.280330389738 1239.5938642472029 5901.3520121723413 4231.0777866691351 655.16580826044083 2945.4418696314096 4626.9220733195543 142.49614015221596 8703.1250375211239 9077.3391327857971 3547.5271680057049 96.831209599971771 403.41397853195667 265.55545228719711 288.40049970149994 108.48839718103409 2233.417998149991 2292.388597086072 18425.187364414334 2777.9801025390625 15925.25147151947 2306.601532548666 213.73161512613297 4261.5748577713966 1125.352967068553 1060.676906734705 1813.3846018016338 2144.8804108500481 3577.1618274301291 3119.7343807220459 15376.594360277057 452.23764300346375 323.93992348015308 20929.077903747559 2207.8768341243267 8685.5911129564047 11015.124390006065 1423.3078637123108 13779.775064364076 7550.418630361557 1150.594091385603 2213.550401866436 812.72769419848919 736.60939747095108 1542.5850224792957 1292.1778830140829 4995.7316488027573 1492.1516909003258 193.18803098797798 117.28060990571976 7659.9572786688805 148.53135323524475 1880.198834374547 350.46570231020451 206.31478893756866 1331.7926074564457 4294.9062780290842 422.25881178677082 204.28077033162117 187.05569112300873 117.40463364124298
leaf_count=992 27335 24063 2968 21265 8513 1053 8076 20080 298 17817 14870 5789 597 1411 270 385 145 5186 10111 33731 5427 35599 4240 272 8885 4080 2386 3570 4504 5820 8372 35998 1166 877 41206 6981 24775 18624 1922 28705 16478 1820 3177 1940 945 3440 3068 12058 2022 323 237 12799 162 4601 829 511 2547 6299 782 480 304 191
internal_value=-0.000609363 -0.000871746 -0.000617565 -0.000438074 -0.00089312 -0.00189555 0.00016728 -0.00125798 0.0030275 -0.00232262 -9.72921e-05 -0.000584574 0.000617178 -0.000175031 -0.0027356 0.00868268 0.0122462 9.73266e-05 0.00020951 -0.00150323 -0.00121715 -0.000259239 0.000879675 -0.000859555 0.000706034 -0.00148057 0.00124815 -0.000642374 -0.000408528 -0.000150659 0.00143759 0.00105641 0.00263086 0.00564091 0.00114481 -0.0018641 -0.00220853 -0.002079 -0.000532125 -0.000331662 -0.00091314 0.00136028 0.00287283 0.00330125 0.00026588 0.000785336 -0.00148103 -0.00109509 -0.00142957 -0.000165202 0.00839161 -0.00240793 0.000449985 -0.000552731 0.00188411 0.00602115 0.000731786 0.00161131 0.0039069 0.00559227 -0.000934016 0.00508805
internal_weight=238535 178298 142837 129234 69859 35460.9 60236.9 24157.5 1194.55 13603.1 30316 22720.8 41885.6 18570.4 3813.08 539.385 396.889 59375 57141.5 39543 33641.6 18473.5 25528.1 18351.3 5211.92 13139.4 23315.2 4900.02 18070.1 18907.7 22254.5 18496.3 1120.61 668.374 23221.5 12018.8 10893.5 15216.4 4201.29 31613.5 17833.7 7595.22 3364.14 3758.17 4998.18 3086.64 22962.9 18336 16487 7186.4 310.469 9300.64 1640.68 6875.93 1848.96 556.78 9830.4 6253.24 1958.33 1536.07 1847.05 304.46
internal_count=523377 375521 289615 261325 131336 85906 147856 58571 1881 28290 50367 36857 98883 42111 6059 828 530 129989 124803 80969 59704 41514 55557 48973 10102 38871 56772 10473 40103 30798 54386 44370 3035 1869 51317 35836 31756 25973 7349 69246 40541 13510 4997 10016 9830 6903 56690 36610 32202 17219 560 14983 2184 16659 4408 1340 15928 10108 3809 3027 3935 495
cat_boundaries=0 1 2 3
cat_threshold=8 12 12
is_linear=0
shrinkage=0.05


Tree=78
num_leaves=63
num_cat=2
split_feature=8 14 0 23 2 10 21 6 20 2 32 32 31 25 15 32 32 14 2 2 14 8 26 2 32 8 32 31 14 32 2 14 25 23 12 7 6 16 26 16 12 17 15 15 12 32 5 14 2 21 14 15 1 0 32 25 16 18 30 6 23 20
split_gain=15.7894 19.0276 16.9342 17.971 16.4902 14.8832 14.7507 13.6223 13.345 11.2149 10.9191 10.8958 12.1815 9.82556 9.58046 8.71002 18.9341 30.2969 16.3249 19.831 13.5283 13.5165 11.4081 8.57922 8.22147 8.1805 8.16384 12.8169 10.1045 12.2327 10.7994 8.21966 14.1258 9.7305 8.12357 7.83483 8.93585 7.76126 7.70463 17.2301 7.38888 7.36896 7.27299 12.1266 7.08753 8.0111 7.0678 7.06616 6.95188 11.8977 6.73857 6.59799 6.55041 6.54285 8.09137 6.52428 9.18869 6.38621 6.30714 6.21286 5.98437 5.91891
threshold=10.082500000000001 5.2396726190476217 0 8.8499999046325701 3.5000000000000004 43.852150000000002 14.899999737739565 4.5000000000000009 inf 1.0000000180025095e-35 72.64500000000001 65.885000000000005 35.157000000000004 20.650000572204593 30.839562500000003 68.397500000000022 69.822500000000005 46.779732142857149 4.5000000000000009 2.5000000000000004 64.384791666666686 91.231500000000025 17.650000572204593 5.5000000000000009 70.985000000000014 -6.4449999999999994 78.407500000000013 69.062500000000014 42.96913988095239 77.750000000000014 1.0000000180025095e-35 103.74714583333335 14.34999990463257 6.2500000000000009 -2.7724999999999995 21.992500000000003 1.5000000000000002 37.606125000000006 15.150000095367433 64.46916666666668 26.566000000000006 11.150000095367433 0.23254166666666978 0.15660416666666069 32.097500000000004 76.045000000000002 1.0000000180025095e-35 94.730752976190487 1.0000000180025095e-35 10.550000309944155 27.826723214285717 30.250979166666678 16.500000000000004 1 77.750000000000014 17.250000000000004 27.104375000000001 17.549999952316288 396.50000000000006 4.5000000000000009 2.8500000238418584 164.50000000000003
decision_type=2 2 1 2 2 2 2 2 8 2 2 2 2 2 2 2 2 2 2 2 2 2 2 2 2 2 2 2 2 2 2 2 2 2 2 2 2 2 2 2 2 2 2 2 2 2 2 2 2 2 2 2 2 1 2 2 2 2 2 2 2 8
left_child=1 11 3 10 5 9 14 13 25 38 41 12 -1 -5 15 -4 17 18 19 55 42 23 34 24 40 -6 28 -28 -12 44 -31 32 -32 -34 -21 -27 -37 48 -3 53 -22 50 43 -18 45 60 -11 -26 49 -29 -2 -44 -38 54 -40 -17 -57 -14 -36 -8 -30 -52
right_child=2 4 6 7 8 -7 59 -9 -10 46 26 -13 57 -15 -16 16 20 -19 -20 22 21 -23 -24 -25 47 35 27 37 29 30 31 -33 33 -35 58 36 52 -39 39 -41 -42 -43 51 -45 -46 -47 -48 -49 -50 -51 61 -53 -54 -55 -56 56 -58 -59 -60 -61 -62 -63
leaf_value=0.98757600863051032 0.9252815096216328 -0.18359728032113029 -0.22806757107798853 -0.16970760040721908 0.26926961874516886 3.2435031387366253 -0.46892909895095675 -0.027822253185389913 0.43655131176910944 0.26209430512161341 -0.23213857693426831 -0.17334558962809449 -0.082065089270144498 -0.49731235781492061 -0.38753830193493322 0.12186338769222971 0.086650270028922102 -0.78722240471466165 -0.17400153142312133 -0.1415303711373852 0.84142952430342177 -0.089203472292137154 -0.16577087149122394 -0.20453497780192223 0.18423721045176472 -0.096242880106018808 -0.2652289620035333 2.5353361591367176 0.51837864902654729 -0.43010998680944612 0.55627943173635541 -0.0009156228725681004 1.5093521866165056 0.97247136580153615 1.4376317227017723 0.28617828051888522 -0.078274536493850341 -0.04095076360467545 0.49891416429238689 0.68522740302683971 0.42744984804097119 -0.25884518770316095 -0.35360067710813631 1.9158101527943456 0.021848797924850241 0.5985341783162923 -0.36512217177229189 0.21397953229249325 0.46886851132583768 0.65607668604466773 0.057536983306103198 0.72894289867764006 0.22885425161094891 -0.028987461663787961 1.9470082029695122 0.25757865715149392 1.7937760977742567 1.2896000948349595 0.67008810838045108 -0.30500375972451138 0.13997991499247639 -0.41479299827500055
leaf_weight=284.34679704904556 981.081178560853 4751.1973152160645 13243.76520806551 19291.168787151575 465.78712180256844 61.358190625905991 9296.797487616539 24796.332761049271 203.72264856100082 19272.947434261441 2063.860370144248 9585.6490304321051 2117.4094475358725 9786.2431415468454 9192.8543641120195 744.9341409355402 1009.8098759204149 988.75026485323906 538.50334084033966 56.700782880187035 221.5926206111908 4691.9044281840324 103.61747643351555 726.46945095062256 2429.2162619829178 19666.174987435341 5429.9416197538376 127.09902131557465 275.68127703666687 268.71950772404671 620.68486160039902 234.57139337062836 244.2298022210598 178.89203310012817 598.79959839582443 1801.9924599975348 7781.3256392031908 1636.3784003853798 338.60872703790665 51.303523659706116 300.91550171375275 8427.5228791683912 17698.088503971696 123.70688492059708 4268.2663589119911 1571.7660823464394 775.82329311966896 479.5409762263298 1455.8762115240097 230.18003779649734 10749.029996708035 264.93818664550781 1860.537589982152 1458.2439690083265 82.448311924934387 183.53683744370937 87.66717916727066 207.66968294978142 92.383783832192421 6583.1730375438929 3377.6253213882446 2204.7752421796322
leaf_count=757 3389 10664 46477 41511 1588 84 19499 53071 1261 46493 3208 25726 7447 21307 16652 1564 1737 1645 1147 217 292 7163 252 1100 3617 46336 8623 133 420 419 1097 339 415 315 1178 3697 15992 1665 979 63 393 23930 25796 135 6623 2711 1895 764 1504 237 26181 330 4059 3194 89 453 136 632 191 13299 5384 6388
internal_value=-0.000619232 7.18048e-06 -0.000883287 -0.00046021 0.000381295 0.00129499 -0.00147955 -0.00107386 -0.000389016 0.00123802 0.000285188 -0.00178953 0.00107462 -0.00180806 -0.00108434 -0.000781272 -0.000326957 0.0031985 0.00622565 0.00843613 -0.000755327 0.000860622 0.0140604 0.00293608 0.00398098 -0.000471501 0.00107647 -9.40621e-05 0.00186956 0.00246983 0.0065913 0.00850543 0.0104044 0.0174406 0.016212 -0.000570063 0.000470091 0.00228889 -0.000535943 0.00212686 0.00975047 -0.000492707 -0.00150419 0.00237873 0.00179755 0.00303214 0.00182924 0.00294159 0.00454104 0.010782 0.000213154 -0.00174933 -0.000134051 0.00133832 0.00673853 0.00371389 0.0103388 -0.000121878 0.0177026 -0.00281869 0.00174712 -8.95736e-05
internal_weight=238644 70766.5 167878 98219.9 58571.5 26791.9 69657.7 53873.7 31779.5 26730.6 44346.2 12195.1 2609.43 29077.4 53777.7 44584.8 31341.1 3394.89 2406.14 1867.64 27946.2 8849.64 851.502 4157.73 3431.27 31575.8 21983.8 8879.48 13104.3 11040.4 1547.1 1278.38 1043.81 423.122 747.884 31110 11443.9 3449.53 6681.8 1930.6 522.508 22362.4 19096.5 1133.52 9493.34 5225.07 20048.8 2908.76 1813.16 357.279 13934.9 17963 9641.86 1879.3 421.057 1016.14 271.204 2325.08 691.183 15880 3653.31 12953.8
internal_count=523863 170956 352907 208870 136394 63461 144037 115889 72933 63377 92981 34562 8836 62818 111239 94587 48110 6783 5138 3991 41327 13329 1838 6166 5066 71672 33093 12162 20931 17723 2585 2166 1827 730 1586 70084 23748 3539 14989 4325 685 59888 27998 1872 15138 8515 48388 4381 1874 370 35958 26126 20051 4262 1068 2153 589 8079 1369 32798 5804 32569
cat_boundaries=0 1 2
cat_threshold=12 8
is_linear=0
shrinkage=0.05


Tree=79
num_leaves=63
num_cat=1
split_feature=5 8 0 14 31 8 1 2 24 10 21 28 31 2 15 1 32 18 2 17 32 31 32 2 3 17 14 3 10 8 3 32 3 31 25 2 10 31 2 8 12 24 31 31 10 2 21 10 1 2 31 3 10 32 25 3 14 7 17 28 31 2
split_gain=15.018 16.1125 19.7822 18.4782 15.8498 15.5213 16.0114 14.6445 14.0694 12.5884 12.2724 10.4017 9.89947 9.82706 9.18369 8.70076 8.69252 9.8574 9.85464 8.64764 8.57225 8.67617 8.26313 7.93758 8.54395 13.887 15.7361 10.5102 8.01059 7.83104 7.4394 10.0237 12.2497 19.7444 26.6484 10.9248 11.67 12.2757 8.67503 8.28553 8.1748 7.76755 9.45396 13.2048 7.55546 7.32815 13.2321 7.02986 6.9475 11.1058 22.5615 9.56605 8.48727 11.1351 7.74547 6.9459 6.78934 8.61016 6.74302 6.71783 6.58666 9.79459
threshold=1.0000000180025095e-35 8.1710000000000012 0 5.2396726190476217 43.488500000000009 109.06750000000001 16.500000000000004 3.5000000000000004 169.50000000000003 43.852150000000002 16.000000119209293 18.466667016347255 31.353000000000005 1.0000000180025095e-35 30.839562500000003 21.500000000000004 68.215000000000018 8.3500001430511492 4.5000000000000009 0.55000001192092907 65.885000000000005 35.157000000000004 61.780000000000008 5.5000000000000009 11.500000000000002 9.0500001907348651 31.270773809523813 4.5000000000000009 81.790950000000009 -6.4449999999999994 5.5000000000000009 68.397500000000022 4.5000000000000009 48.669000000000004 21.250000000000004 5.5000000000000009 29.678825 43.532500000000006 1.5000000000000002 52.368500000000004 9.4750000000000032 3.5000000000000004 59.45900000000001 61.875000000000007 18.240875000000003 1.0000000180025095e-35 10.900000154972078 6.0992500000000005 15.500000000000002 5.5000000000000009 65.46050000000001 6.5000000000000009 6.0992500000000005 75.987500000000011 7.2500000000000009 7.5000000000000009 19.295416666666672 39.495000000000012 5.8500001430511483 11.633333285649618 62.95900000000001 1.5000000000000002
decision_type=2 2 1 2 2 2 2 2 2 2 2 2 2 2 2 2 2 2 2 2 2 2 2 2 2 2 2 2 2 2 2 2 2 2 2 2 2 2 2 2 2 2 2 2 2 2 2 2 2 2 2 2 2 2 2 2 2 2 2 2 2 2
left_child=1 3 4 20 22 6 8 9 11 13 14 -6 16 -5 30 19 17 18 47 -8 21 -1 -3 24 25 26 -24 28 -28 -14 31 39 -33 34 35 36 37 -34 -39 -4 58 -32 44 56 -43 46 -38 -9 -31 -50 51 52 -51 54 -54 -7 -44 -58 -40 -15 61 -57
right_child=-2 2 10 7 5 55 15 12 -10 -11 -12 -13 29 59 -16 -17 -18 -19 -20 -21 -22 -23 23 -25 -26 -27 27 -29 -30 48 41 32 33 -35 -36 -37 45 38 40 -41 -42 42 43 -45 -46 -47 -48 -49 49 50 -52 -53 53 -55 -56 60 57 -59 -60 -61 -62 -63
leaf_value=0.92896913949929716 -0.30046853242574739 -0.4502977732218767 -0.037112271392797429 -0.034643330614804846 0.081688802200939395 -0.34211159414929537 1.5206570424904262 1.9074756206847145 -0.1944509433787637 2.9248453552102855 -0.39200438424061324 0.55803866482983866 0.28167649307828208 0.088302911448266741 -0.35900001294538636 0.069862161512600454 0.05714481879326172 0.58114867085996058 -0.19068162678864448 0.53331667414008666 -0.16240882657394554 -0.01689309981166599 1.1415092527192485 -0.30213399360448429 -0.42601696597027011 -0.17886823706531205 0.12892072213875405 0.43207235917670278 -0.16417224404500069 -0.099057025936306262 -0.381959761141831 -0.018188714545340545 -0.84431609255785001 -0.62760923721286521 1.9140220085283304 -0.31266093855674043 0.1879952418887566 0.3466878897032814 2.3443490927291557 -0.64917812610465608 0.76919907640303442 0.046661935523560419 -0.59761047403791001 0.026961335861395243 -0.38932701650643947 0.054906789414788021 1.0830864398065974 0.17961116085340034 -0.094516173355997074 0.094003602567134525 0.47254058933335036 -0.058214097764983389 1.84536484744582 1.2394388050238536 0.62605712052381157 -0.62984890338158839 1.4996806425133606 0.44555713712300715 1.7554863223549768 0.36574550429138847 -0.14919083754795218 0.62207590408735669
leaf_weight=273.48744359612465 7969.9284227639437 4533.7785314768553 6213.2863018214703 5531.6331085562706 10849.801781535149 6558.2486603856087 357.58719155192375 87.436787098646164 8434.9074302613735 48.37089592218399 12815.776693314314 2618.1697432398796 392.41228751838207 5606.5459591299295 10370.519496545196 2491.7893644571304 2326.0413906723261 406.20476780831814 413.08013398945332 4998.1744060218334 8809.4086332023144 2168.796999335289 1036.2365993410349 6175.2005895972252 3898.4901638627052 22957.363834440708 4289.7112186849117 4785.2206629514694 7644.7484532743692 18129.643493875861 11218.56660322845 9905.9159345477819 111.51099517941475 935.57140970230103 139.45307123661041 386.57248388230801 242.66141059994698 163.52458518743515 75.2791708111763 2951.861266374588 340.3710760474205 3671.0978807508945 105.67207318544388 3344.9994354248047 7413.111202955246 1010.5246924906969 92.567834869027138 92.70826618373394 3448.9371971935034 460.62428280711174 99.149350941181183 1115.9586270749569 68.353050425648689 61.801973164081573 435.49695427715778 410.33889189362526 249.06170576810837 301.31174051761627 107.44439691305161 11329.50753493607 4355.6216027140617 796.62623807787895
leaf_count=728 18223 22760 19797 12337 18514 10441 1162 223 11232 68 26492 5386 1268 13339 18861 4149 4408 2380 1611 7767 23647 7549 3279 13533 7299 60531 9438 10556 13055 40209 21760 17590 348 1207 231 605 354 218 100 10530 450 9115 119 3547 15780 1464 149 450 8295 1247 105 2778 105 75 861 953 272 328 142 28117 4535 1750
internal_value=-0.000606719 -0.000532981 -0.000784405 0.000161586 -0.000318621 0.000415267 0.00102972 0.000573157 0.000335361 0.00151894 -0.00141146 0.0013382 -0.000200184 0.00146346 -0.00110863 0.00296742 0.00235742 0.00625478 0.00213878 0.00410286 -0.0016692 0.000951594 -0.000874142 -0.000691528 -0.000458938 -0.000244788 0.000805203 0.000434444 -0.000359389 -0.000551543 -0.000822409 -0.000158731 0.000707051 0.00320206 0.00539184 0.00421338 0.00560816 0.0103948 0.0128914 -0.00143502 0.016029 -0.00139454 -0.000653508 0.00142962 -0.00140551 0.0027637 0.00915786 0.0118631 -0.000667075 0.000857009 0.00359626 0.00251063 0.00599229 0.0100899 0.00759775 -0.00109286 0.00790993 0.0101359 0.0245556 0.00206105 0.000206788 0.00347364
internal_weight=238634 230664 169359 61305.6 97192 41871.3 29750.4 50053.9 21902.9 22516.1 72166.7 13468 27537.8 22467.7 59350.9 7847.55 3325.47 999.43 593.225 5355.76 11251.7 2442.28 55320.8 50787 44611.8 40713.3 17755.9 16719.7 11934.5 24212.4 48980.4 22676.5 13511.4 3605.48 2669.91 2530.46 2143.88 798.13 686.619 9165.15 523.095 26303.8 15085.3 4001.04 11084.2 1345.75 335.229 180.145 23820 5690.32 2241.38 2142.23 1026.28 565.652 503.85 12120.8 656.046 550.373 182.724 16936.1 5562.59 1206.97
internal_count=523822 505599 355799 149800 206340 65889 48210 117876 35132 53861 149459 23900 64015 53793 122967 13078 9072 4664 2284 8929 31924 8277 140451 117691 104158 96859 36328 33049 22493 54943 104106 53185 22858 5268 4061 3830 3225 1258 910 30327 692 50921 29161 4266 24895 1967 503 673 53675 13466 5171 5066 2288 1041 966 17679 719 600 242 41456 7238 2703
cat_boundaries=0 1
cat_threshold=12
is_linear=0
shrinkage=0.05


Tree=80
num_leaves=63
num_cat=1
split_feature=8 13 7 31 2 24 8 32 11 14 26 15 7 12 17 31 31 17 15 9 22 7 5 28 9 32 16 32 14 26 32 2 2 25 24 8 0 2 11 13 17 32 8 9 12 31 15 22 14 11 10 16 2 5 31 17 25 2 32 17 31 16
split_gain=14.7391 19.6026 18.0268 14.704 13.7591 11.8704 11.5713 12.7909 10.4258 12.2128 14.5892 9.76625 9.68278 9.3158 9.10099 9.06497 15.7373 10.6554 10.1994 14.7865 8.8607 8.68924 8.54981 9.27209 8.35352 11.9235 10.9001 8.17792 8.4739 8.55216 7.66702 10.2406 11.7548 11.0505 7.49117 7.21277 6.733 6.23777 7.6306 6.0063 6.24458 5.96401 8.46694 11.2201 5.80522 5.66564 5.52572 5.49264 5.42029 5.38124 5.36743 5.26064 5.01763 5.23436 5.04399 10.4201 8.16232 5.52934 8.54103 5.51951 5.24345 10.6019
threshold=34.022500000000008 32.035000000000004 35.51850000000001 26.487000000000005 5.5000000000000009 570.50000000000011 92.566000000000017 62.742500000000007 15.172916666666667 21.90881547619048 7.3500001430511483 30.839562500000003 94.438500000000019 4.0150000000000006 9.6500000953674334 43.532500000000006 48.242500000000007 -2.0499999523162837 23.532645833333337 31.517500000000002 18.933333158493046 13.331000000000001 1.0000000180025095e-35 10.733333269755049 87.398500000000027 76.780000000000015 5.6622916666666603 67.347500000000011 10.020059523809527 8.0500001907348651 70.877500000000012 1.5000000000000002 4.5000000000000009 18.550000190734867 23.500000000000004 -2.2149999999999994 0 5.5000000000000009 9.6920833333333345 118.45000000000002 23.349999427795414 72.945000000000007 161.00500000000002 191.60500000000005 9.1300000000000008 55.602500000000006 0.33314583333333664 16.133333265781406 115.09933630952382 20.856875000000002 5.3042500000000006 31.850375000000003 3.5000000000000004 1.0000000180025095e-35 47.032000000000004 3.3500000238418584 20.849999427795414 2.5000000000000004 74.935000000000016 8.7500000000000018 45.748500000000007 10.920604166666672
decision_type=2 2 2 2 2 2 2 2 2 2 2 2 2 2 2 2 2 2 2 2 2 2 2 2 2 2 2 2 2 2 2 2 2 2 2 2 1 2 2 2 2 2 2 2 2 2 2 2 2 2 2 2 2 2 2 2 2 2 2 2 2 2
left_child=1 3 20 49 6 22 7 -4 9 14 -11 15 -8 -12 21 17 18 24 30 -20 36 52 23 -3 47 -26 -27 -23 -29 -30 -17 33 -33 -32 -16 -36 -2 38 -15 -13 -41 -14 43 48 -18 -6 -45 -9 -43 -1 -10 -46 53 54 55 60 -57 -58 -59 -56 -5 -62
right_child=2 5 4 8 45 -7 12 11 50 10 13 39 41 37 34 16 44 -19 19 -21 -22 27 -24 -25 25 26 -28 28 29 -31 31 32 -34 -35 35 -37 -38 -39 -40 40 -42 42 -44 46 51 -47 -48 -49 -50 -51 -52 -53 -54 -55 59 56 57 58 -60 -61 61 -63
leaf_value=0.22296676640457067 -0.14292306130621135 -0.02769335387962233 -0.35177309418536568 0.32987028591907991 -0.34598007160533373 -0.20782796136382659 -0.43751641399779118 -0.36751442369982618 0.04927065467302949 -0.20448579962793334 0.27594033976987403 -0.41929955409966929 -0.28548735697551886 1.3989894835265764 -0.24561813458602677 0.21626683683547016 0.42719073603116231 -0.056541302613542226 1.510960518243555 0.39659973659771097 -0.78888171454985612 -0.026013881472458113 -0.22289673740058122 0.12287185880597838 -0.02272293422303804 0.17593478565644355 0.96302175459497441 -0.11790249675153959 0.80030911088995715 2.429001890095686 0.52040493091550322 -0.034214146927764415 0.69471034179059188 1.0435499575711489 0.21518127118235186 -0.10797884346980363 -0.54224866404644145 -0.43900325384140759 1.2374731749748111 -0.02729279438606369 0.72903482706113054 0.13442092054030005 -0.70632720281756356 1.6033686589817764 -0.32073837907497416 0.16914916999136978 1.5333569262987503 0.16277326255226898 -0.10987073011981963 0.60702462364752741 -0.28663723888917281 0.25603457806110369 -0.10516840064888228 -0.9117274542368714 -0.21187421070651294 -0.24432157448881986 0.083037723901982566 0.19482160862304002 2.1306971981367835 0.71860471911704737 2.6488350014400717 1.2535154423037316
leaf_weight=102.67187741398811 12979.726424261928 18038.163945004344 3644.9385597407818 3251.9498858302832 8024.4489751011133 5946.7072605341673 11059.317946404219 777.68705308437347 1001.4801815748215 3464.9693360030651 4926.7677203267813 3430.1120630800724 7165.2796065509319 174.65437370538712 7446.5423807650805 2040.468843460083 1398.3050297498703 14848.851046949625 167.87883967161179 335.22998109459877 6919.5321045219898 1072.8202422857285 2547.2924166917801 39740.447730481625 407.83677661418915 446.89170753955841 277.04347491264343 284.95412838459015 510.01382145285606 168.50918205082417 484.35217356681824 750.23100033402443 273.90791043639183 108.2187123298645 448.29767613112926 12808.340083047748 10650.913793832064 75.957329839468002 126.81574323773384 2964.2626353353262 121.30438062548637 8441.2519283592701 3102.7067223191261 78.584433555603027 3323.8761907219887 922.91457676887512 237.40421244502068 1098.9657279103994 3049.9423923492432 92.109691739082336 7924.4554633945227 2194.3270792067051 8587.0237497240305 565.8800412863493 2366.296650916338 3461.5488249510527 543.40723341703415 132.25609439611435 75.089839518070221 107.79391992092133 117.37735319137573 340.72472938895226
leaf_count=622 29096 39643 19345 8677 16853 12089 19617 1474 3182 8710 9485 5505 14298 231 20239 4332 1855 32808 255 539 15057 3104 5711 87246 633 719 448 781 987 284 698 1095 389 149 1455 32734 20839 134 315 5629 183 12128 4337 125 4052 1142 361 1849 4723 552 20262 3723 22505 1436 5658 9147 1592 402 146 129 321 1141
internal_value=-0.000590929 -0.000221207 -0.00100937 -0.000874497 -0.000619736 0.000372015 -0.00039061 0.000192012 -0.000919133 -0.00064349 0.00105458 0.000482037 -0.00107802 0.00270273 -0.000995626 0.000875862 0.00199949 0.000178807 0.00442911 0.0110981 -0.00204464 -0.00027725 0.00058212 0.000707116 0.00289175 0.00628247 0.0101301 0.00283025 0.00617129 0.00920632 0.0035089 0.00607982 0.00304772 0.0113062 -0.00174457 -0.00103161 -0.00158373 0.0102634 0.013481 -0.00126668 0.000333918 -0.000472995 9.67521e-05 0.000707569 0.000537637 -0.00246915 0.00998738 0.000844624 0.000451543 0.0128059 -0.00249561 -0.000191723 -0.000601061 0.000107914 0.000362994 0.000978443 -0.000723326 0.00399943 0.0109252 -0.00160735 0.00291026 0.00791323
internal_weight=238178 126451 111727 60178.7 81176.5 66272.6 72229.2 39094.7 59983.9 51058 8769.16 35449.8 33134.5 5304.2 42288.8 28934.1 11076.8 17857.3 4160.29 503.109 30550.2 21585.6 60325.9 57778.6 3008.42 1131.77 723.935 2036.3 963.477 678.523 3657.18 1616.71 1024.14 592.571 20703.2 13256.6 23630.6 377.427 301.47 6515.68 3085.57 22075.2 14909.9 11807.2 6916.51 8947.36 315.989 1876.65 11491.2 194.782 8925.94 5518.2 19549.3 10962.3 10396.4 7922.35 4212.3 750.753 207.346 2474.09 3710.05 458.102
internal_count=523176 298920 224256 154231 159264 144689 141269 85680 153057 129613 18875 66335 55589 10165 110738 55018 17087 37931 7457 794 64992 56310 132600 126889 5123 1800 1167 5156 2052 1271 6663 2331 1484 847 54428 34189 49935 680 546 11317 5812 35972 21674 17337 9630 17995 486 3323 16851 1174 23444 7775 51154 28649 27213 21426 11287 2140 548 5787 10139 1462
cat_boundaries=0 1
cat_threshold=12
is_linear=0
shrinkage=0.05


end of trees

feature_importances:
ttf=552
p_lag168=463
hour=325
dow=319
month=312
eua=307
p_lag336=274
shrunk=233
temp=229
week_mean=198
zone=175
solar_de=142
wind_north=136
p_last=133
wind_south=122
hdd=110
day_max=109
spread_se3_se2=108
wind_de=98
day_min=92
lead=91
spread_se4_se3=87
is_weekend=65
solar=64
day_mean=60
temp_ref=44
wind_dk=43
wind=31
wind_ref=26
wind_south_ref=25
is_holiday=22
solar_ref=19
wind_de_ref=8

parameters:
[boosting: gbdt]
[objective: quantile]
[metric: quantile]
[tree_learner: serial]
[device_type: cpu]
[data_sample_strategy: bagging]
[data: ]
[valid: ]
[num_iterations: 81]
[learning_rate: 0.05]
[num_leaves: 63]
[num_threads: 0]
[seed: 42]
[deterministic: 0]
[force_col_wise: 0]
[force_row_wise: 0]
[histogram_pool_size: -1]
[max_depth: -1]
[min_data_in_leaf: 100]
[min_sum_hessian_in_leaf: 0.001]
[bagging_fraction: 0.8]
[pos_bagging_fraction: 1]
[neg_bagging_fraction: 1]
[bagging_freq: 1]
[bagging_seed: 400]
[bagging_by_query: 0]
[feature_fraction: 0.8]
[feature_fraction_bynode: 1]
[feature_fraction_seed: 30056]
[extra_trees: 0]
[extra_seed: 12879]
[early_stopping_round: 0]
[early_stopping_min_delta: 0]
[first_metric_only: 0]
[max_delta_step: 0]
[lambda_l1: 0]
[lambda_l2: 1]
[linear_lambda: 0]
[min_gain_to_split: 0]
[drop_rate: 0.1]
[max_drop: 50]
[skip_drop: 0.5]
[xgboost_dart_mode: 0]
[uniform_drop: 0]
[drop_seed: 17869]
[top_rate: 0.2]
[other_rate: 0.1]
[min_data_per_group: 100]
[max_cat_threshold: 32]
[cat_l2: 10]
[cat_smooth: 10]
[max_cat_to_onehot: 4]
[top_k: 20]
[monotone_constraints: ]
[monotone_constraints_method: basic]
[monotone_penalty: 0]
[feature_contri: ]
[forcedsplits_filename: ]
[refit_decay_rate: 0.9]
[cegb_tradeoff: 1]
[cegb_penalty_split: 0]
[cegb_penalty_feature_lazy: ]
[cegb_penalty_feature_coupled: ]
[path_smooth: 0]
[interaction_constraints: ]
[verbosity: -1]
[saved_feature_importance_type: 0]
[use_quantized_grad: 0]
[num_grad_quant_bins: 4]
[quant_train_renew_leaf: 0]
[stochastic_rounding: 1]
[linear_tree: 0]
[max_bin: 255]
[max_bin_by_feature: ]
[min_data_in_bin: 3]
[bin_construct_sample_cnt: 200000]
[data_random_seed: 175]
[is_enable_sparse: 1]
[enable_bundle: 1]
[use_missing: 1]
[zero_as_missing: 0]
[feature_pre_filter: 1]
[pre_partition: 0]
[two_round: 0]
[header: 0]
[label_column: ]
[weight_column: ]
[group_column: ]
[ignore_column: ]
[categorical_feature: 0]
[forcedbins_filename: ]
[precise_float_parser: 0]
[parser_config_file: ]
[objective_seed: 16083]
[num_class: 1]
[is_unbalance: 0]
[scale_pos_weight: 1]
[sigmoid: 1]
[boost_from_average: 1]
[reg_sqrt: 0]
[alpha: 0.9]
[fair_c: 1]
[poisson_max_delta_step: 0.7]
[tweedie_variance_power: 1.5]
[lambdarank_truncation_level: 30]
[lambdarank_norm: 1]
[label_gain: ]
[lambdarank_position_bias_regularization: 0]
[eval_at: ]
[multi_error_top_k: 1]
[auc_mu_weights: ]
[num_machines: 1]
[local_listen_port: 12400]
[time_out: 120]
[machine_list_filename: ]
[machines: ]
[gpu_platform_id: -1]
[gpu_device_id: -1]
[gpu_device_id_list: ]
[gpu_use_dp: 0]
[num_gpu: 1]

end of parameters

pandas_categorical:[]
