tree
version=v4
num_class=1
num_tree_per_iteration=1
label_index=0
max_feature_idx=17
objective=quantile
feature_names=zone_idx hour dow month is_weekend is_holiday_se wind_local wind_north wind_south temp_local temp_anomaly hdd solar_local price_lag_24h price_lag_168h price_lag_336h shrunk_level horizon_h
feature_infos=[0:3] [0:23] [0:6] [1:12] [0:1] [0:1] [0.40000000000000002:2.5] [0.40000000000000002:2.5] [0.40000000000000008:2.5] none [-21.171428571428571:17.271428571428572] none [0:2] [-74.109999999999999:737.803] [-64.498000000000005:737.803] [-74.109999999999999:707.51999999999998] [-46.451000000000001:612.58199999999988] [12:96]
tree_sizes=2831 2933 2903 2952 2948 2954 2951 2936 2968 2963 2920 2949 2958 2982 2969 2975 2966 2988 2972 2972 2977 2991 2961 2970 3008 2971 2974 2988 2975 2969 2992 2987 2973 3011 2997 2994 2973 3015 3013 3019 2945 2987 2970 2969 2994 2955 2971 2985 3014 2969 2977 3014 2970 3025 2987 2997 2971 3015 3016 3003 2978 2998 2947 3038 3004 2986 3005 2964 2984 2992 3011 2981 3022 3014 2955 3010 3003 3002 2982 2983 2992 2950 3016 2951 2978 2953 3013 3005 3024 3009 2999 2929 2981 2957 2982 2993 2975 2994 2941 2970 2989 3004 2949 3017 3016 2979 2974 3011 3011 2946 2934 3002 2958 2951 3010 2875 2921 2972 3006 3041 2941 2894 2970 2970 3003 2926 2920 2952 2946 3000 2976 2990 2931 2961 2967 3012 2919 2972 2940 2844 2912 3035 2924 2901 2878 2927 2867 2929 2863 2995 2922 3000 2932 2965 2977 2979 2987 2929 2978 2978 2928 2851 2832 2969 2932 2923 2899 2967 2901 2919 2905 2916 2869 2851 2931 2938 2968 2938 2908 2948

Tree=0
num_leaves=31
num_cat=0
split_feature=13 14 13 13 3 14 13 0 10 7 14 3 5 14 13 16 13 3 3 10 16 2 3 15 15 10 14 2 3 14
split_gain=1215.3 472.43 369.848 321.988 207.156 171.248 282.895 155.924 146.277 115.995 85.3535 81.7045 81.6841 74.4759 82.9038 72.0246 66.7248 65.3534 59.5015 58.1746 56.2405 56.1251 53.9648 48.7772 46.8804 44.686 53.2232 40.5235 41.0933 38.0967
threshold=105.99100000000001 52.165000000000006 194.76050000000004 52.027500000000011 10.500000000000002 49.185000000000009 65.615000000000023 2.5000000000000004 0.021428571428571633 0.82695232940935581 86.605000000000004 2.5000000000000004 1.0000000180025095e-35 32.115000000000002 74.153500000000022 236.19477499999999 316.99500000000006 10.500000000000002 6.5000000000000009 2.4178571428571458 25.026250000000001 3.5000000000000004 8.5000000000000018 125.26250000000002 132.93500000000003 -1.0000000180025095e-35 3.0815000000000006 3.5000000000000004 1.5000000000000002 159.86750000000004
decision_type=10 2 10 8 2 2 10 2 2 2 2 2 2 2 10 2 10 2 2 2 2 2 2 2 2 2 2 2 2 2
left_child=3 17 10 -1 5 6 7 9 12 18 -3 -11 13 14 25 22 -17 -2 21 -19 27 -5 -4 -9 -7 -6 -27 -8 -29 -15
right_child=1 2 15 4 8 24 20 23 -10 11 -12 -13 -14 29 -16 16 -18 19 -20 -21 -22 -23 -24 -25 -26 26 -28 28 -30 -31
leaf_value=52.341050243377687 57.324546279045535 55.934400177001955 57.063732408933632 55.946602817960958 55.728334552896833 52.674992776570754 56.273650281476876 54.803150177001953 52.577810210767439 54.228950309753415 53.669184957527229 52.863925361633299 51.959821561290212 55.480511374443132 56.292298354345306 53.895425224304198 60.355974960327146 60.128775405883786 53.70729163831502 52.169867968138462 54.569850158691409 54.0973417332727 63.485582005845664 57.772130029508844 54.615546562352165 58.849853819983764 57.029450225830075 55.657119807644996 54.723650079386836 59.364100265502927
leaf_weight=91467 3645 2279 404 3320 3095 50202 1361 13693 6957 8006 6918 46625 1829 10010 640 632 554 1225 5805 88 4790 2937 1704 769 5822 267 2191 227 1464 3314
leaf_count=91467 3645 2279 404 3320 3095 50202 1361 13693 6957 8006 6918 46625 1829 10010 640 632 554 1225 5805 88 4790 2937 1704 769 5822 267 2191 227 1464 3314
internal_value=53.7425 53.7553 53.7501 53.7417 53.7429 53.7422 53.7435 53.7426 53.7468 53.7416 53.7449 53.7406 53.7489 53.7498 53.7544 53.7645 53.7546 53.7683 53.7461 53.7779 53.7526 53.7494 53.77 53.7474 53.74 53.7524 53.7574 53.7579 53.7527 53.7477
internal_weight=282240 17449 12491 264791 173324 145021 88997 81155 28303 66693 9197 54631 21346 19517 6193 3294 1186 4958 12062 1313 7842 6257 2108 14462 56024 5553 2458 3052 1691 13324
internal_count=282240 17449 12491 264791 173324 145021 88997 81155 28303 66693 9197 54631 21346 19517 6193 3294 1186 4958 12062 1313 7842 6257 2108 14462 56024 5553 2458 3052 1691 13324
is_linear=0
shrinkage=1


Tree=1
num_leaves=31
num_cat=0
split_feature=13 14 13 13 6 14 13 15 15 0 2 16 6 8 16 2 2 2 13 16 0 13 13 13 6 16 14 14 5 15
split_gain=1115.21 341.16 315.079 298.383 180.585 182.043 449.47 160.364 103.373 92.5623 79.0442 74.8009 71.0228 65.7597 56.2789 44.2159 41.284 41.1166 40.4112 39.8959 38.0199 35.2269 32.8797 31.6849 31.3774 29.5957 28.3822 28.3111 28.0628 30.0551
threshold=117.605 64.381000000000014 52.027500000000011 252.66000000000003 1.080100550108539 47.935000000000009 74.153500000000022 79.045000000000016 117.00500000000001 2.5000000000000004 4.5000000000000009 26.128600000000002 1.0736357645101189 0.88011390970954617 96.932300000000012 4.5000000000000009 4.5000000000000009 1.5000000000000002 181.19500000000002 236.19477499999999 1.5000000000000002 165.47100000000003 52.027500000000011 52.027500000000011 0.91637735636524764 193.41974999999999 6.4375000000000009 10.322500000000002 1.0000000180025095e-35 123.04500000000002
decision_type=10 2 8 10 2 2 10 2 2 2 2 2 2 2 2 2 2 2 10 2 2 10 10 10 2 2 2 2 2 2
left_child=2 12 24 14 5 6 7 9 -7 13 11 -8 -2 15 21 -4 27 18 -16 -5 -9 -3 -15 -10 -1 -20 -24 -11 29 -22
right_child=1 3 4 19 -6 8 10 20 23 16 -12 -13 -14 22 17 -17 -18 -19 25 -21 28 -23 26 -25 -26 -27 -28 -29 -30 -31
leaf_value=-0.46449331584704406 4.9265952719305925 1.5971219070590916 1.4001097213836329 9.0856711560553745 -1.4062930085314032 -0.65169969681193618 2.4147698403079478 0.60625089497794449 2.1832706688868626 1.9132894595068821 1.1841158618338328 1.5257326633918282 3.0302507632191098 -0.41907632028609892 1.6582653040921298 -0.45750495991587209 0.4125822128415621 -0.43375888676187985 10.373046033985062 5.7816912807197518 1.5453641466155077 6.1430557384035991 0.94675391197204606 -0.4849591868412052 -1.6101025152206423 0.69212868690490736 0.18475975532270683 1.2378920752986169 -0.58542783744778715 4.2344441854208226
leaf_weight=20428 3700 1522 8069 1116 33327 49243 1817 3681 9217 2257 2245 2662 535 40594 1171 3604 4615 3870 318 830 3591 430 701 2865 71039 136 2770 3951 417 1519
leaf_count=20428 3700 1522 8069 1116 33327 49243 1817 3681 9217 2257 2245 2662 535 40594 1171 3604 4615 3870 318 830 3591 430 701 2865 71039 136 2770 3951 417 1519
internal_value=-6.23595e-05 0.0138913 -0.000770294 0.00857926 0.000460215 0.0012287 0.00276248 0.00166301 -0.00083449 0.000807454 0.0151517 0.0189897 0.025673 -1.41746e-05 0.00402377 0.00332262 0.00503881 0.00143312 0.00810769 0.0260123 0.00784752 0.0113166 -0.000898106 0.00330988 -0.00315343 0.0207709 0.00377269 0.00770135 0.0104695 0.0114873
internal_weight=282240 13628 268612 9393 177145 143818 82493 75769 61325 66561 6724 4479 4235 55738 7447 11673 10823 5495 1625 1946 9208 1952 44065 12082 91467 454 3471 6208 5527 5110
internal_count=282240 13628 268612 9393 177145 143818 82493 75769 61325 66561 6724 4479 4235 55738 7447 11673 10823 5495 1625 1946 9208 1952 44065 12082 91467 454 3471 6208 5527 5110
is_linear=0
shrinkage=0.05


Tree=2
num_leaves=31
num_cat=0
split_feature=13 14 13 13 3 8 14 13 0 7 5 14 13 3 7 8 3 16 3 16 16 8 2 3 2 13 2 3 10 14
split_gain=969.17 319.934 290.069 248.752 196.001 174.772 160.392 311.372 124.467 112.554 91.5669 100.399 111.772 73.8456 63.5758 63.4071 78.3301 52.7195 51.7438 51.5538 48.6807 47.8759 43.8196 46.351 42.905 41.8566 40.587 39.195 36.5035 35.967
threshold=117.605 64.381000000000014 49.585000000000008 228.58500000000004 10.500000000000002 1.0000797180590746 49.185000000000009 74.153500000000022 2.5000000000000004 0.82695232940935581 1.0000000180025095e-35 32.601000000000006 77.864000000000019 2.5000000000000004 1.0171824617758285 1.0000797180590746 10.500000000000002 31.660375000000002 1.5000000000000002 236.19477499999999 96.932300000000012 1.0478822096742719 3.5000000000000004 6.5000000000000009 4.5000000000000009 316.99500000000006 4.5000000000000009 7.5000000000000009 -1.7999999999999983 14.115
decision_type=10 2 8 10 2 2 2 10 2 2 2 2 10 2 2 2 2 2 2 2 2 2 2 2 2 10 2 2 2 2
left_child=2 15 -1 20 6 10 7 8 9 18 11 12 14 28 -6 16 -2 24 -4 27 -3 26 23 -20 -9 -21 29 -5 -11 -10
right_child=1 3 4 19 5 -7 -8 17 21 13 -12 -13 -14 -15 -16 -17 -18 -19 22 25 -22 -23 -24 -25 -26 -27 -28 -29 -30 -31
leaf_value=-1.3159471034731403 3.5674650256811242 2.623963658561804 2.8327865404655985 1.544482555438198 2.9630859876860156 -1.2871708864244003 -0.842337063045558 2.1848916424776945 2.0084488525728115 2.0724682059021879 -1.6417492128727429 2.5234655284170131 3.0108041518619419 -0.76761751310251614 0.17615814721303574 2.7581058381582819 7.6171255510397007 0.90202093824154128 1.8056627006665948 0.64511908929958395 0.13672836996456147 -0.50349563518391849 -0.20961894371895007 0.36404283362627843 1.1440715556989223 5.9937163583578119 0.51800420257145863 9.0195182440045567 0.26805637224294293 1.1595958428827273
leaf_weight=89277 2578 1910 781 143 4373 7459 59074 2172 3091 605 2004 13449 711 48126 1239 753 904 3123 3010 438 5092 2960 5359 3354 1252 554 4609 1256 7927 4657
leaf_count=89277 2578 1910 781 143 4373 7459 59074 2172 3091 605 2004 13449 711 48126 1239 753 904 3123 3010 438 5092 2960 5359 3354 1252 554 4609 1256 7927 4657
internal_value=-0.000125604 0.0128823 -0.000785558 0.00773821 0.000373741 0.00411921 -0.000355764 0.000960933 0.00014684 -0.000756341 0.0063818 0.00741402 0.0126103 -0.00170391 0.0102441 0.0242916 0.0271367 0.0114656 0.00353727 0.0216625 0.00298343 0.00422504 0.00270707 0.00551226 0.0157506 0.0129435 0.00559318 0.0278449 0.00258321 0.0078033
internal_weight=282240 13628 268612 9393 179335 29235 150100 91026 84479 69162 21776 19772 6323 56658 5612 4235 3482 6547 12504 2391 7002 15317 11723 6364 3424 992 12357 1399 8532 7748
internal_count=282240 13628 268612 9393 179335 29235 150100 91026 84479 69162 21776 19772 6323 56658 5612 4235 3482 6547 12504 2391 7002 15317 11723 6364 3424 992 12357 1399 8532 7748
is_linear=0
shrinkage=0.05


Tree=3
num_leaves=31
num_cat=0
split_feature=13 14 13 13 14 13 15 3 3 7 0 8 3 8 10 4 8 8 14 13 3 3 14 10 4 8 3 13 7 0
split_gain=842.353 376.541 256.762 248.831 151.547 292.068 133.232 111.521 96.4525 90.6979 75.6367 71.5177 64.3369 65.2058 61.0646 57.2313 63.2511 56.5104 55.419 65.1665 54.2086 66.8364 49.0714 47.232 46.28 45.1599 43.3904 42.6495 40.6012 44.3246
threshold=105.99100000000001 51.432500000000012 194.76050000000004 38.125000000000007 44.741000000000007 78.751000000000019 86.592500000000015 1.5000000000000002 7.5000000000000009 0.81979597625402112 2.5000000000000004 1.0000797180590746 10.500000000000002 1.004202824841457 -0.078571428571428986 1.0000000180025095e-35 1.0609824152600662 1.0000797180590746 230.19650000000004 316.99500000000006 10.500000000000002 11.500000000000002 93.251000000000019 0.15714285714285617 1.0000000180025095e-35 0.95191024082017772 8.5000000000000018 100.79000000000001 0.58379807704208198 1.5000000000000002
decision_type=10 2 10 8 2 10 2 2 2 2 2 2 2 2 2 2 2 2 2 10 2 2 2 2 2 2 2 8 2 2
left_child=3 12 22 -1 5 6 7 14 -6 15 20 27 -2 -14 -5 16 -9 28 26 -20 -11 23 -3 -22 25 -7 -4 -10 -8 -30
right_child=1 2 18 4 8 24 17 9 11 10 -12 -13 13 -15 -16 -17 -18 -19 19 -21 21 -23 -24 -25 -26 -27 -28 -29 29 -31
leaf_value=-1.4147736896831349 3.0486845362733876 1.7606368693923646 2.8115373361903999 2.3008136512505954 -0.93779583422295287 2.4136233480837515 3.1937005106784166 1.6422655662950203 -0.63084084654892725 -0.63776700036316836 0.6465019693643147 -1.8983819440923093 5.9938486380535068 3.0843932742253308 0.9147190189421528 -0.36041681650771396 -0.27186302014161223 -0.53947592435564962 0.39782861753574145 6.8768365517750327 2.6154771670816648 -1.3886815653974527 -0.25369642223763167 -1.3694835714793947 0.894542540819662 1.4188664129161106 9.1366861001148774 2.0144522601994934 0.25381539772894185 2.2666559590025979
leaf_weight=78337 3604 2753 395 1454 53676 1004 468 7438 5290 50297 11740 5866 1011 296 4315 5248 2642 1717 799 663 3557 3051 6486 1089 1665 2420 1442 16584 2625 4308
leaf_count=78337 3604 2753 395 1454 53676 1004 468 7438 5290 50297 11740 5866 1011 296 4315 5248 2642 1717 799 663 3557 3051 6486 1089 1665 2420 1442 16584 2625 4308
internal_value=-0.000192922 0.0104479 0.00585101 -0.000894121 9.93799e-05 0.00135437 0.000759436 0.000181049 -0.00151973 -0.000275212 -0.00104067 0.000874188 0.0221839 0.0316871 0.00690848 0.0032072 0.00541171 0.00652117 0.0178251 0.0105609 -0.00178156 0.00212615 0.00157539 0.00590185 0.0130389 0.0163639 0.0236064 0.0021889 0.0084171 0.00745492
internal_weight=282240 17449 12538 264791 186454 105038 99949 90831 81416 85062 69734 27740 4911 1307 5769 15328 10080 9118 3299 1462 57994 7697 9239 4646 5089 3424 1837 21874 7401 6933
internal_count=282240 17449 12538 264791 186454 105038 99949 90831 81416 85062 69734 27740 4911 1307 5769 15328 10080 9118 3299 1462 57994 7697 9239 4646 5089 3424 1837 21874 7401 6933
is_linear=0
shrinkage=0.05


Tree=4
num_leaves=31
num_cat=0
split_feature=13 14 13 13 6 3 14 13 15 3 7 5 14 13 16 13 2 3 14 15 16 3 2 16 10 13 2 3 2 1
split_gain=748.891 248.363 243.894 171.798 149.136 184.341 146.127 226.489 98.4745 73.2459 66.7307 66.143 77.6132 76.2843 62.4196 54.2618 51.6748 59.0474 50.0657 45.8156 45.3015 43.8505 41.1536 40.014 57.7278 39.7934 38.66 38.1926 37.2069 36.4475
threshold=119.77750000000002 52.165000000000006 43.955000000000005 209.94500000000002 1.1376493452268197 10.500000000000002 52.901500000000006 79.719000000000008 70.857500000000016 1.5000000000000002 0.78462975126598034 1.0000000180025095e-35 32.601000000000006 82.403500000000022 154.37575000000001 316.99500000000006 4.5000000000000009 10.500000000000002 22.853500000000004 132.93500000000003 93.568750000000009 1.5000000000000002 4.5000000000000009 31.660375000000002 -0.45000000000000007 86.535000000000011 4.5000000000000009 10.500000000000002 4.5000000000000009 5.5000000000000009
decision_type=10 2 8 10 2 2 2 10 2 2 2 2 2 10 2 10 2 2 2 2 2 2 2 2 2 8 2 2 2 2
left_child=2 16 -1 20 5 6 7 8 9 -4 26 12 13 22 27 -16 17 -2 28 -8 -3 23 -7 24 -6 -14 -11 -5 -9 -10
right_child=1 3 4 14 21 11 19 18 29 10 -12 -13 25 -15 15 -17 -18 -19 -20 -21 -22 -23 -24 -25 -26 -27 -28 -29 -30 -31
leaf_value=-1.2756363848970111 3.4479444365899314 2.4041938693992395 1.5125149378708782 6.3215976425708984 2.7551814281931128 2.363638300869451 -0.88973396559584728 2.1673382589844126 -0.029310293922279792 1.1512679444259004 -0.31925096874037284 -1.5253797263861943 -0.53437179813853819 2.855611469632517 1.624878339900732 6.8449890120749588 3.9889827139300111 5.0725012044421254 0.90890301536665263 1.1028495400937648 0.092524261108175673 -1.7008419749200401 0.94310233235147722 -0.67804071960902879 0.91257037009669095 2.586285414313553 -0.37630127439310729 11.066649292911446 1.0483258467563521 1.2620619772481205
leaf_weight=84365 1752 1991 3759 426 530 4248 43124 1354 2620 7245 50622 2025 2254 681 1060 791 1006 692 3045 5231 4761 26955 2421 1949 1114 12462 3663 606 780 8708
leaf_count=84365 1752 1991 3759 426 530 4248 43124 1354 2620 7245 50622 2025 2254 681 1060 791 1006 692 3045 5231 4761 26955 2421 1949 1114 12462 3663 606 780 8708
internal_value=-0.000265378 0.0114157 -0.000833257 0.00729372 0.000183721 0.00081586 7.21842e-05 0.00136033 0.000676285 -7.03806e-05 -0.000484318 0.00483355 0.00562721 0.00982313 0.0175113 0.0120178 0.0229275 0.0268535 0.01148 -0.00210682 0.00293098 -0.00300805 0.00819538 0.00218063 0.00792579 0.00353153 0.00306289 0.0273643 0.0173524 0.0049797
internal_weight=282240 13085 269155 9635 184790 154242 130151 81796 76617 65289 61530 24091 22066 7350 2883 1851 3450 2444 5179 48355 6752 30548 6669 3593 1644 14716 10908 1032 2134 11328
internal_count=282240 13085 269155 9635 184790 154242 130151 81796 76617 65289 61530 24091 22066 7350 2883 1851 3450 2444 5179 48355 6752 30548 6669 3593 1644 14716 10908 1032 2134 11328
is_linear=0
shrinkage=0.05


Tree=5
num_leaves=31
num_cat=0
split_feature=13 14 13 13 14 13 15 3 15 7 3 2 2 3 8 16 13 3 6 3 3 8 8 8 10 13 8 6 10 7
split_gain=671.327 231.23 219.888 160.32 148.678 335.293 111.482 98.4966 88.3106 71.3092 53.6169 52.2409 50.8251 56.1445 48.7524 47.5549 55.6547 53.6837 46.6716 72.3641 45.4497 45.3346 41.9473 38.7271 38.548 38.3381 38.1662 35.8053 34.2261 33.3545
threshold=119.77750000000002 49.721000000000011 38.125000000000007 172.27250000000001 37.242500000000007 78.751000000000019 70.857500000000016 1.5000000000000002 132.93500000000003 0.82388276095400614 7.5000000000000009 3.5000000000000004 4.5000000000000009 10.500000000000002 1.0000797180590746 148.69947500000001 413.92000000000002 10.500000000000002 1.0202306349219212 10.500000000000002 11.500000000000002 1.0000797180590746 1.0949809965926092 1.0517211997345159 -8.2607142857142843 44.586000000000006 0.97512001792524206 0.46879601364827478 0.72500000000000064 0.78462975126598034
decision_type=10 2 8 10 2 10 2 2 2 2 2 2 2 2 2 2 10 2 2 2 2 2 2 2 2 10 2 2 2 2
left_child=2 12 29 -3 5 6 7 24 10 11 -6 22 13 -2 27 17 -17 -5 19 25 -21 -12 28 -10 -4 -11 -7 -8 -9 -1
right_child=1 3 4 15 8 26 14 9 23 18 21 -13 -14 -15 -16 16 -18 -19 -20 20 -22 -23 -24 -25 -26 -27 -28 -29 -30 -31
leaf_value=-0.14456120486675489 3.2755472567803632 0.42499501776727588 2.5484808906045906 4.3981067158996092 -0.83088637584716452 2.0828503446409083 2.1883505620282575 2.0877048606688215 1.8903283162689466 -0.45508569016408845 0.4967985405390824 -0.095742910446670396 3.8345524283420165 4.6946878462236041 -0.60634576897019754 3.3013021038323611 6.7720108167864694 8.0116527670657138 -1.6005480789761533 2.5425279208495888 -0.88963835673877956 -1.6318506761720941 -0.23390011591390483 -1.515568929957519 1.397177740105938 0.39393514792809942 1.5068010677801036 1.2490999669844027 0.72959172793592098 -1.4610045557339477
leaf_weight=10791 1682 5648 123 962 58923 1609 606 3539 9696 35927 18971 6647 972 675 2045 1872 457 817 14829 3328 1271 6186 1660 1917 4365 4409 3744 9090 1933 67546
leaf_count=10791 1682 5648 123 962 58923 1609 606 3539 9696 35927 18971 6647 972 675 2045 1872 457 817 14829 3328 1271 6186 1660 1917 4365 4409 3744 9090 1933 67546
internal_value=-0.000327914 0.0107318 -0.000865581 0.00684912 5.00989e-05 0.00144993 0.000725058 4.15848e-05 -0.00134143 -0.000397252 -0.00190592 0.00284527 0.0221102 0.0260776 0.00526744 0.0143647 0.00966294 0.02052 -0.00114484 -0.000342162 0.00560013 2.64328e-05 0.00581744 0.00274563 0.00723262 -0.00101969 0.0136064 0.00674711 0.00792946 -0.00309605
internal_weight=282240 13085 269155 9756 190818 95125 89772 78031 95693 73543 84080 13779 3329 2357 11741 4108 2329 1779 59764 44935 4599 25157 7132 11613 4488 40336 5353 9696 5472 78337
internal_count=282240 13085 269155 9756 190818 95125 89772 78031 95693 73543 84080 13779 3329 2357 11741 4108 2329 1779 59764 44935 4599 25157 7132 11613 4488 40336 5353 9696 5472 78337
is_linear=0
shrinkage=0.05


Tree=6
num_leaves=31
num_cat=0
split_feature=13 14 13 13 14 13 0 7 15 3 4 8 3 16 8 4 1 14 16 13 3 3 4 14 13 16 4 7 13 14
split_gain=604.989 277.733 189.367 180.377 121.074 204.954 111.034 104.768 86.0544 72.9154 60.5774 56.9298 52.3094 50.5791 50.3955 49.1586 54.7636 44.0953 43.604 56.5906 56.4407 43.0871 40.9442 40.6462 39.5112 38.0105 33.5967 31.3948 30.4499 30.0321
threshold=107.41500000000001 43.506000000000007 37.165000000000006 172.27250000000001 54.442500000000003 79.719000000000008 1.5000000000000002 0.82695232940935581 125.26250000000002 8.5000000000000018 1.0000000180025095e-35 1.0517211997345159 10.500000000000002 25.026250000000001 1.0000797180590746 1.0000000180025095e-35 5.5000000000000009 79.955000000000013 144.06050000000002 413.92000000000002 10.500000000000002 1.5000000000000002 1.0000000180025095e-35 14.115 37.165000000000006 7.851 1.0000000180025095e-35 0.8720746543763388 57.085000000000008 112.08900000000001
decision_type=10 2 8 10 2 10 2 2 2 2 2 2 2 2 2 2 2 2 2 10 2 2 2 2 10 2 2 2 10 2
left_child=2 10 27 17 5 6 7 22 11 -6 12 15 -2 26 24 16 -8 -3 20 -20 -5 -13 28 25 29 -18 -7 -1 -4 -11
right_child=1 3 4 18 9 13 8 -9 -10 14 -12 21 -14 -15 -16 -17 23 -19 19 -21 -22 -23 -24 -25 -26 -27 -28 -29 -30 -31
leaf_value=-0.28854006685562106 2.9653254487228873 1.4653517643305898 1.17649916963588 3.910716617699304 -0.96045028835311441 1.9514114441066088 0.18470052475139467 -0.52795818330245647 3.1326785921440958 0.44408418856412413 3.6533219737212805 1.1847074615668127 4.3504285082026177 0.82484156371210615 -2.2734809536609641 0.050485381946264778 0.89902640534926204 -0.33883186829078854 3.2388483469262996 6.4809945252236787 7.6051988045159504 -1.0588545265289244 -0.3477575609952368 1.0089513731428872 -0.97874828614167031 2.0354199227090097 0.97517969093561807 -1.4259187131223765 1.6977852135904385 3.9785554568422641
leaf_weight=13885 2091 2159 7989 958 47712 1418 8036 52306 2213 6811 1318 1167 778 3684 4272 13212 1835 6394 1950 461 792 8073 3349 10554 4590 2964 848 63363 523 6535
leaf_count=13885 2091 2159 7989 958 47712 1418 8036 52306 2213 6811 1318 1167 778 3684 4272 13212 1835 6394 1950 461 792 8073 3349 10554 4590 2964 848 63363 523 6535
internal_value=-0.000383186 0.00878912 -0.000967424 0.0051109 -0.00011141 0.000864382 0.000384909 -0.000976126 0.00220231 -0.00176058 0.0199582 0.00173742 0.0240345 0.00990756 0.000606087 0.00262274 0.00399996 0.000956973 0.0136494 0.00928868 0.0196571 -0.00176948 0.00326659 0.00575034 0.00176851 0.00956553 0.0157855 -0.00305173 0.00510926 0.00314476
internal_weight=282240 16901 265339 12714 188091 118171 112221 64167 48054 69920 4187 45841 2869 5950 22208 36601 23389 8553 4161 2411 1750 9240 11861 15353 17936 4799 2266 77248 8512 13346
internal_count=282240 16901 265339 12714 188091 118171 112221 64167 48054 69920 4187 45841 2869 5950 22208 36601 23389 8553 4161 2411 1750 9240 11861 15353 17936 4799 2266 77248 8512 13346
is_linear=0
shrinkage=0.05


Tree=7
num_leaves=31
num_cat=0
split_feature=3 8 8 5 3 14 8 0 14 16 7 0 3 1 10 6 14 3 2 14 16 14 16 2 3 0 2 16 1 2
split_gain=196.391 194.433 138.947 88.6745 81.5141 92.6808 81.0085 100.84 106.57 73.9179 72.0845 66.0804 61.2096 58.961 54.6028 51.2993 90.8549 49.373 49.0873 46.8842 59.0559 52.5053 69.3115 46.5246 46.4496 42.4076 37.46 37.3267 38.7489 31.7051
threshold=10.500000000000002 1.0000797180590746 0.83594260444362078 1.0000000180025095e-35 1.5000000000000002 36.33100000000001 1.0564855377325548 1.5000000000000002 36.33100000000001 57.252000000000002 0.89472381905240528 2.5000000000000004 1.5000000000000002 6.5000000000000009 -1.2785714285714269 1.0032146904844119 6.9750000000000005 8.5000000000000018 1.5000000000000002 71.612500000000011 6.4227500000000006 8.8710000000000004 17.223749999999999 4.5000000000000009 4.5000000000000009 1.5000000000000002 3.5000000000000004 7.851 4.5000000000000009 4.5000000000000009
decision_type=2 2 2 2 2 2 2 2 2 2 2 2 2 2 2 2 2 2 2 2 2 2 2 2 2 2 2 2 2 2
left_child=2 3 10 15 5 13 7 -6 9 11 12 24 18 -4 29 16 27 -10 -1 20 -14 22 -22 -13 26 -12 -9 -2 -29 -15
right_child=1 -3 4 -5 6 -7 -8 8 17 -11 25 23 19 14 -16 -17 -18 -19 -20 -21 21 -23 -24 -25 -26 -27 -28 28 -30 -31
leaf_value=4.3247590429272327 2.4762501268623582 -1.3101935097762583 0.015638091216298885 -1.3413333800840999 -0.78993351174955007 -0.28196351272710612 -1.5635918761954928 1.2478913134591785 -0.87545450281171111 4.5254747516206821 -1.41734167169145 1.3631062706617014 -0.12828562361124474 2.9568223400772728 1.9390547780420708 -0.73058035172025892 2.3553051195167773 1.087118610834545 0.77092257918433038 -0.35451086006191007 1.4393927860481464 0.89389030462331298 2.5885699222656267 0.26401097673124724 -0.46700719533144847 0.40888383740149631 0.037640594818681553 0.24123459583462675 6.2506418246678024 1.5820954146166217
leaf_weight=544 1912 12672 3026 3144 65444 13714 38840 1460 27658 426 9936 7968 5118 658 3808 2802 25698 6524 392 5760 2070 9838 518 5172 14456 9936 1780 140 480 346
leaf_count=544 1912 12672 3026 3144 65444 13714 38840 1460 27658 426 9936 7968 5118 658 3808 2802 25698 6524 392 5760 2070 9838 518 5172 14456 9936 1780 140 480 346
internal_value=-0.000421451 0.00253501 -0.00100985 0.00449643 -0.00159322 0.00130336 -0.00196102 -0.00136598 2.18496e-05 0.00213166 0.00151977 0.00184589 0.00334983 0.00564047 0.00907938 0.0053071 0.00594757 -0.00190773 0.0158868 0.00284629 0.00413133 0.00599308 0.01233 0.00453196 -0.000148622 -0.000712562 0.00526234 0.0149842 0.0256452 0.0194522
internal_weight=282240 46848 235392 34176 191280 21552 169728 130888 65444 31262 44112 30836 24240 7838 4812 31032 28230 34182 936 23304 17544 12426 2588 13140 17696 19872 3240 2532 620 1004
internal_count=282240 46848 235392 34176 191280 21552 169728 130888 65444 31262 44112 30836 24240 7838 4812 31032 28230 34182 936 23304 17544 12426 2588 13140 17696 19872 3240 2532 620 1004
is_linear=0
shrinkage=0.05


Tree=8
num_leaves=31
num_cat=0
split_feature=13 13 16 13 6 3 8 2 3 3 3 2 15 16 13 16 13 15 15 15 7 3 16 16 13 3 16 13 15 2
split_gain=519.798 183.944 168.643 132.126 118.726 97.8291 88.9461 61.9454 56.5264 55.1791 52.7798 51.4278 48.6637 54.6005 90.8165 44.6762 59.7993 46.3757 44.4409 44.3054 56.0825 39.101 47.1714 38.5692 51.7503 36.8821 36.8187 41.9929 33.9806 32.6898
threshold=119.77750000000002 38.125000000000007 60.525350000000003 282.17000000000007 1.1454716954565594 10.500000000000002 0.8767897626567579 4.5000000000000009 11.500000000000002 1.5000000000000002 10.500000000000002 1.5000000000000002 267.93000000000006 55.500750000000004 73.21250000000002 58.597600000000007 69.003500000000017 45.553500000000007 83.592500000000015 105.63350000000001 0.58379807704208198 3.5000000000000004 30.185725000000001 99.529624999999996 149.85000000000002 1.5000000000000002 28.370425000000001 83.396000000000015 24.431500000000003 1.5000000000000002
decision_type=10 8 2 10 2 2 2 2 2 2 2 2 2 2 10 2 10 2 2 2 2 2 2 2 10 2 2 10 2 2
left_child=1 -1 7 23 5 6 9 10 26 11 -2 28 13 14 18 16 17 -11 21 -10 -21 22 -8 24 -4 -6 27 -7 -3 -25
right_child=2 4 3 -5 25 8 12 -9 19 15 -12 -13 -14 -15 -16 -17 -18 -19 -20 20 -22 -23 -24 29 -26 -27 -28 -29 -30 -31
leaf_value=-1.1560818632583905 2.7502816744067671 1.5392606941959266 0.53251009876789446 6.5808104775628466 0.55976116832929435 1.9668131304196987 0.69374484778731405 2.9638216672364557 -0.49622862008099383 0.2844145859335942 4.8705115983213032 0.89289884650967188 7.3433235525474672 -0.86642129146978952 0.76603099746965786 -0.22386779072016477 1.4759227164182369 1.2906217361165249 0.68363649071838384 3.3277237825277268 2.0321410958248953 -0.44926171866939663 -0.24577593591884583 3.7844792229453419 3.7430705078708999 -1.4661548292949504 2.0967301438539176 2.6826173038057335 5.4612283930233083 -0.47233027731355781
leaf_weight=78337 1736 208 1463 1536 3650 4374 5534 1053 6955 12490 747 810 693 36664 4902 9331 1761 3744 5038 218 5172 44698 8596 1626 992 27361 7703 492 424 3932
leaf_count=78337 1736 208 1463 1536 3650 4374 5534 1053 6955 12490 747 810 693 36664 4902 9331 1761 3744 5038 218 5172 44698 8596 1626 992 27361 7703 492 424 3932
internal_value=-0.000459716 -0.000932828 0.00927207 0.00581789 -9.53276e-05 0.000454078 -7.75812e-05 0.0186001 0.00333266 0.00238842 0.0229098 0.0119209 -0.000746055 -0.00083286 -2.03702e-06 0.00188538 0.0033412 0.00239189 -0.000505434 0.000929525 0.0043321 -0.000891413 0.00140127 0.00324285 0.00846232 -0.00292654 0.00569297 0.00909782 0.0226108 0.000937386
internal_weight=282240 269155 13085 9549 190818 159807 134893 3536 24914 28768 2483 1442 106125 105432 68768 27326 17995 16234 63866 12345 5390 58828 14130 8013 2455 31011 12569 4866 632 5558
internal_count=282240 269155 13085 9549 190818 159807 134893 3536 24914 28768 2483 1442 106125 105432 68768 27326 17995 16234 63866 12345 5390 58828 14130 8013 2455 31011 12569 4866 632 5558
is_linear=0
shrinkage=0.05


Tree=9
num_leaves=31
num_cat=0
split_feature=15 6 3 7 3 16 0 14 14 3 2 3 0 14 8 3 8 3 3 1 8 1 10 0 7 10 14 16 1 3
split_gain=187.237 123.64 138.373 118.497 106.109 102.272 83.2775 101.72 65.7112 79.7874 70.671 62.6588 58.1425 55.3906 49.0462 48.9995 47.7537 44.8466 44.5942 42.1674 40.0001 39.9644 37.9602 37.1814 37.9993 36.8817 42.1311 81.6678 35.4121 32.333
threshold=125.26250000000002 1.1376493452268197 10.500000000000002 0.83755387126678149 11.500000000000002 75.481250000000003 1.5000000000000002 37.242500000000007 71.612500000000011 1.5000000000000002 3.5000000000000004 6.5000000000000009 2.5000000000000004 212.04000000000005 1.0000797180590746 3.5000000000000004 1.0564855377325548 1.5000000000000002 7.5000000000000009 5.5000000000000009 1.0850436840020319 5.5000000000000009 1.3000000000000007 1.5000000000000002 0.62585625721226001 0.28571428571428742 8.1440000000000019 8.8077500000000022 16.500000000000004 8.5000000000000018
decision_type=2 2 2 2 2 2 2 2 2 2 2 2 2 2 2 2 2 2 2 2 2 2 2 2 2 2 2 2 2 2
left_child=1 2 3 8 25 14 -5 12 9 21 11 19 15 -6 23 -8 -7 -3 -13 -11 22 -1 -21 24 -2 26 27 -4 -14 -20
right_child=5 17 4 6 13 16 7 -9 -10 10 -12 18 28 -15 -16 -17 -18 -19 29 20 -22 -23 -24 -25 -26 -27 -28 -29 -30 -31
leaf_value=0.33447282078845975 3.9106718321993919 0.47898429168365431 2.0971956313328151 -0.7634661270950388 -0.47003925999478374 1.5341922852820344 0.96205603349483271 -0.65858450941679014 -0.60645028746232199 0.37540851299952771 -0.17747690720170695 -0.99901163330743792 0.61120074805240132 7.4014247304810885 0.021681835559518397 -0.3500873550401869 -1.4626808972466465 -1.5277926245131983 1.7927517871257068 2.2531184847487711 0.048967899954173659 2.9241575536012174 0.61331577433671669 3.5342340989109204 1.3019063718928692 -0.32280892010750684 2.3198932126780232 6.7045480235852413 1.9908860840220957 0.23706874585151527
leaf_weight=564 240 5018 2168 73854 10716 14942 3390 37224 8126 2118 12118 2762 12240 534 1144 17128 2780 41872 1732 2866 700 1084 776 3098 1472 2110 13008 350 2974 3132
leaf_count=564 240 5018 2168 73854 10716 14942 3390 37224 8126 2118 12118 2762 12240 534 1144 17128 2780 41872 1732 2866 700 1084 776 3098 1472 2110 13008 350 2974 3132
internal_value=-0.000506485 -0.000896182 -0.000381579 -0.000889775 0.00283424 0.00374937 -0.00151999 -0.000321839 0.00168186 0.00283606 0.00216494 0.00457333 0.00158373 -0.000960001 0.00941888 -0.000153038 0.0018446 -0.00321924 0.00150406 0.00819659 0.011018 0.0135073 0.0131219 0.011632 0.00571846 0.00525459 0.00609751 0.0120175 0.00392599 0.00438528
internal_weight=282240 258564 211674 182788 28886 23676 146810 72956 35978 27852 26204 14086 35732 11250 5954 20518 17722 46890 7626 6460 4342 1648 3642 4810 1712 17636 15526 2518 15214 4864
internal_count=282240 258564 211674 182788 28886 23676 146810 72956 35978 27852 26204 14086 35732 11250 5954 20518 17722 46890 7626 6460 4342 1648 3642 4810 1712 17636 15526 2518 15214 4864
is_linear=0
shrinkage=0.05


Tree=10
num_leaves=31
num_cat=0
split_feature=13 14 13 13 6 14 13 15 15 3 14 3 3 2 16 13 3 8 2 13 3 3 3 7 2 2 7 7 2 8
split_gain=444.25 255.853 160.824 146.695 93.5934 94.2081 98.9739 85.8958 74.679 59.0708 58.2828 54.6842 47.085 40.5182 39.2012 51.403 47.4399 35.4784 34.054 33.1616 31.4859 31.1738 30.4912 29.6666 29.143 28.4607 42.582 28.047 27.8173 27.7425
threshold=98.538500000000013 59.45150000000001 172.27250000000001 37.165000000000006 1.1788083778716205 32.601000000000006 53.427500000000002 48.795000000000009 117.00500000000001 1.5000000000000002 9.5175000000000018 10.500000000000002 10.500000000000002 3.5000000000000004 148.69947500000001 413.92000000000002 10.500000000000002 1.004202824841457 4.5000000000000009 153.71500000000003 7.5000000000000009 11.500000000000002 5.5000000000000009 0.8720746543763388 4.5000000000000009 4.5000000000000009 0.6115435509015904 0.56502725539191412 1.5000000000000002 0.54753896495067644
decision_type=10 2 8 8 2 2 10 2 2 2 2 2 2 2 2 10 2 2 2 10 2 2 2 2 2 2 2 2 2 2
left_child=3 11 -3 23 5 6 7 9 20 -5 13 25 22 -8 16 28 -4 19 -9 -13 -7 -14 27 -1 -19 26 -2 29 -16 -11
right_child=1 2 14 4 -6 8 10 18 -10 12 -12 17 21 -15 15 -17 -18 24 -20 -21 -22 -23 -24 -25 -26 -27 -28 -29 -30 -31
leaf_value=-0.25648714629310676 2.6652029018780286 -0.21068653572551477 3.3335943191312989 1.622173553551 -1.2137704050456348 -0.62596439664654036 1.4008745720034055 1.1707520183344824 1.001117227436644 2.8403320518167643 0.44717087738183614 3.6171640778853451 2.0847659015423754 0.79923941052072978 6.5768135580525557 5.3556273572267079 6.8998970602800602 2.7636641685435275 -0.0060005094866436796 6.2135307994586606 0.010996037028429174 -0.72625806066461307 -0.5835754301409406 -1.26510927827607 -1.2616140001672835 1.0079854436643469 2.12466339043428 0.0657292716919851 -0.338795129693235 1.1414295029991692
leaf_weight=13885 386 9917 890 1998 27975 51282 1366 9960 13505 213 4837 832 3646 1464 586 457 790 183 3271 372 20991 1616 30998 63363 198 1544 3269 10410 1284 752
leaf_count=13885 386 9917 890 1998 27975 51282 1366 9960 13505 213 4837 832 3646 1464 586 457 790 183 3271 372 20991 1616 30998 63363 198 1544 3269 10410 1284 752
internal_value=-0.000539613 0.00651004 0.00263071 -0.0010978 -0.000331121 0.000145576 0.00149927 0.000845157 -0.000967499 -0.000109102 0.00686253 0.0144723 -0.000462371 0.0125618 0.0110844 0.00688225 0.0169048 0.0226025 0.00442483 0.0268106 -0.00160523 0.00399848 -0.00101633 -0.00292681 0.00930446 0.0119937 0.0143981 0.0011978 0.00320855 0.00935233
internal_weight=282240 20708 13924 261532 184284 156309 70531 62864 85778 49633 7667 6784 47635 2830 4007 2327 1680 1585 13231 1204 72273 5262 42373 77248 381 5199 3655 11375 1870 965
internal_count=282240 20708 13924 261532 184284 156309 70531 62864 85778 49633 7667 6784 47635 2830 4007 2327 1680 1585 13231 1204 72273 5262 42373 77248 381 5199 3655 11375 1870 965
is_linear=0
shrinkage=0.05


Tree=11
num_leaves=31
num_cat=0
split_feature=13 13 8 16 7 3 13 16 13 3 15 2 3 16 2 8 7 3 1 3 6 5 10 8 2 16 0 10 16 10
split_gain=396.031 162.897 105.14 96.0011 90.0649 90.3629 79.8209 65.5677 125.888 58.5833 50.8769 50.3448 38.7084 37.3861 41.8071 40.0985 36.1947 35.2114 35.0775 35.4396 33.1763 32.673 31.6344 29.6068 27.5507 26.441 26.2376 25.3492 25.251 29.9919
threshold=139.13000000000002 49.585000000000008 1.0517211997345159 99.529624999999996 0.89472381905240528 8.5000000000000018 282.17000000000007 47.135250000000006 77.864000000000019 1.5000000000000002 16.931500000000003 4.5000000000000009 10.500000000000002 33.159300000000009 4.5000000000000009 1.5700079377321494 0.89816900775449604 2.5000000000000004 5.5000000000000009 1.5000000000000002 0.99938336059022215 1.0000000180025095e-35 3.4000000000000017 1.004202824841457 1.5000000000000002 148.69947500000001 2.5000000000000004 1.4214285714285764 46.095900000000007 -2.907142857142857
decision_type=10 8 2 2 2 2 10 2 10 2 2 2 2 2 2 2 2 2 2 2 2 2 2 2 2 2 2 2 2 2
left_child=1 16 4 12 7 17 24 8 11 13 -7 18 -2 14 -4 22 -1 20 -3 -20 -6 -12 -16 -14 -5 -8 -18 -21 29 -22
right_child=3 2 9 6 5 10 25 -9 -10 -11 21 -13 23 -15 15 -17 26 -19 19 27 28 -23 -24 -25 -26 -27 -28 -29 -30 -31
leaf_value=-0.18756452581690569 2.4231351869381204 0.3439617572594908 1.0515496954263224 3.9587739703198546 1.5457052100995046 -0.20812679985865651 10.106205548052797 0.10080533235385858 1.7206448293393324 -1.2156798481685487 1.792720702631877 -0.16677196634358649 5.7874376612147023 -0.13505022249377316 1.7606815003358145 -0.86976042666316278 -1.2048028581931289 -0.40232900893488638 4.9528656144630867 1.8352132268474159 4.5390092425302857 -1.6951739380520536 -2.8954751305223874 2.0167605570246709 -0.19955292066355923 4.7313112255141405 -0.40709317667358769 0.47386540564075674 -0.46355825940213546 0.26540316959058879
leaf_weight=17485 2292 3041 1674 1123 1952 12318 258 11823 1532 31646 25232 4615 953 3489 427 180 58630 59615 170 4730 83 1485 76 218 2775 1113 13162 1951 11207 6985
leaf_count=17485 2292 3041 1674 1123 1952 12318 258 11823 1532 31646 25232 4615 953 3489 427 180 58630 59615 170 4730 83 1485 76 218 2775 1113 13162 1951 11207 6985
internal_value=-0.000565832 -0.000900487 -5.10512e-05 0.0099164 0.000552715 -4.69825e-05 0.00566616 0.00311141 0.0051939 -0.00241412 0.00192455 0.00375439 0.0163832 0.0021844 0.00704921 0.0174744 -0.00265337 -0.00101087 0.00576627 0.00774996 0.000791762 0.00315024 0.0247217 0.0237788 0.00201642 0.016043 -0.00315021 0.00717632 0.000129958 0.00247029
internal_weight=282240 273508 184231 8732 146739 118877 5269 27862 16039 37492 39035 14507 3463 5846 2357 683 89277 79842 9892 6851 20227 26717 503 1171 3898 1371 71792 6681 18275 7068
internal_count=282240 273508 184231 8732 146739 118877 5269 27862 16039 37492 39035 14507 3463 5846 2357 683 89277 79842 9892 6851 20227 26717 503 1171 3898 1371 71792 6681 18275 7068
is_linear=0
shrinkage=0.05


Tree=12
num_leaves=31
num_cat=0
split_feature=13 16 13 13 6 2 16 13 0 15 16 7 16 13 2 1 15 2 13 15 16 6 16 7 2 2 0 1 13 7
split_gain=353.082 177.649 130.476 114.804 84.7785 73.8574 85.8063 89.6223 73.1432 51.7868 49.467 48.7582 38.6377 44.5525 37.5475 34.5897 33.082 32.812 32.6509 30.8502 30.3123 28.9742 28.8018 26.5896 22.5772 20.5809 20.1303 19.9858 19.5289 19.0188
threshold=104.68500000000002 46.562500000000007 37.165000000000006 172.27250000000001 1.172802589950259 4.5000000000000009 46.095900000000007 58.602500000000006 2.5000000000000004 106.94100000000002 20.087250000000001 0.8412677475492979 148.69947500000001 413.92000000000002 4.5000000000000009 5.5000000000000009 32.642500000000005 5.5000000000000009 252.66000000000003 130.20250000000001 79.786524999999997 0.85302114781382543 89.341150000000013 0.99423855431007591 1.5000000000000002 3.5000000000000004 2.5000000000000004 5.5000000000000009 136.37850000000003 0.5794729495781602
decision_type=10 2 8 10 2 2 2 10 2 2 2 2 2 10 2 2 2 2 10 2 2 2 2 2 2 2 2 2 10 2
left_child=2 14 21 20 5 6 7 8 11 27 -9 15 18 24 28 -4 -13 -16 -5 -7 -3 25 -11 -20 -14 -1 -23 -8 29 -2
right_child=1 3 4 12 -6 19 9 10 -10 22 -12 16 13 -15 17 -17 -18 -19 23 -21 -22 26 -24 -25 -26 -27 -28 -29 -30 -31
leaf_value=0.19524033863113657 2.2905158867670985 1.0140734748753581 -0.16203012655966234 3.067114556290127 -1.1143938639589346 -0.51546113162320306 -0.99808141069702649 1.3718457653716845 1.2340875195770526 1.2614647942602204 0.5607520422188732 -0.37665813269577736 5.9814594534935086 4.851280428089666 1.2409850159497828 1.3941587662241322 0.44111377248705569 3.4253772608523265 -0.26137226655174411 2.36068121156503 -0.46395787614064832 -1.2399953941105333 0.28514306041413917 8.9662717425033893 -0.48584449618959175 -0.9661721254453699 -0.54799404516962757 -0.27255150949532603 3.216123873499821 1.712059195088691
leaf_weight=8796 172 2673 3129 1316 28676 42215 9542 2018 7883 4647 4222 21068 588 457 1048 6939 12263 338 95 1742 6933 50973 10287 550 1284 6572 10907 32379 1079 1449
leaf_count=8796 172 2673 3129 1316 28676 42215 9542 2018 7883 4647 4222 21068 588 457 1048 6939 12263 338 95 1742 6933 50973 10287 550 1284 6572 10907 32379 1079 1449
internal_value=-0.00058213 0.00619731 -0.00104345 0.00350245 -0.000329395 0.000123661 0.000793122 0.00215465 0.00146621 -0.000584383 0.0078125 0.00066142 0.010303 0.0059489 0.0153622 0.00371077 -0.000259669 0.00867244 0.0154742 -0.00161829 0.000465333 -0.00277211 0.00194389 0.0246899 0.00253205 -0.000828997 -0.00325469 -0.00148506 0.0187963 0.015327
internal_weight=282240 17982 264258 13896 187010 158334 114377 57522 51282 56855 6240 43399 4290 2329 4086 10068 33331 1386 1961 43957 9606 77248 14934 645 1872 15368 61880 41921 2700 1621
internal_count=282240 17982 264258 13896 187010 158334 114377 57522 51282 56855 6240 43399 4290 2329 4086 10068 33331 1386 1961 43957 9606 77248 14934 645 1872 15368 61880 41921 2700 1621
is_linear=0
shrinkage=0.05


Tree=13
num_leaves=31
num_cat=0
split_feature=13 14 13 13 14 0 13 3 15 14 7 2 2 10 10 13 14 13 14 3 2 13 15 15 3 8 14 8 10 2
split_gain=318.177 231.11 130.719 107.861 78.9691 88.3486 78.0907 65.3772 61.7707 47.4737 46.0842 42.4415 36.7146 39.9515 36.7122 32.6715 31.7089 31.5508 59.7154 42.1985 31.1007 30.4379 28.6595 27.3945 25.5813 33.4181 27.2443 24.8853 26.7351 24.5612
threshold=82.403500000000022 39.211000000000006 172.27250000000001 23.891500000000004 32.601000000000006 2.5000000000000004 37.165000000000006 1.5000000000000002 132.93500000000003 75.33250000000001 0.82695232940935581 1.0000000180025095e-35 4.5000000000000009 -0.26428571428571551 -8.2607142857142843 194.76050000000004 8.8710000000000004 413.92000000000002 230.19650000000004 8.5000000000000018 4.5000000000000009 65.615000000000023 42.002500000000005 105.63350000000001 7.5000000000000009 1.1035440681000188 70.69250000000001 1.0900215495746772 0.72500000000000064 2.5000000000000004
decision_type=10 2 10 8 2 2 10 2 2 2 2 2 2 2 2 10 2 10 2 2 2 8 2 2 2 2 2 2 2 2
left_child=3 12 9 -1 5 6 7 14 21 11 20 -3 13 -2 -5 -15 -8 18 19 -4 27 -6 -12 -7 26 -26 -23 28 -9 -18
right_child=1 2 17 4 8 23 16 10 -10 -11 22 -13 -14 15 -16 -17 29 -19 -20 -21 -22 24 -24 -25 25 -27 -28 -29 -30 -31
leaf_value=-1.128536076410146 2.3306474205167684 3.5547078997584536 1.0268110713370584 2.6568881743679715 -1.1771061359137915 0.68448108318981493 0.93158585877252253 1.5823722955957973 1.0257370661360057 -0.64699439830121019 -0.72058722067041836 0.33455387567000372 1.3962762090226617 1.6842858962627449 1.0539783354034666 4.1545116344116391 0.87503394030716997 6.6906111446051613 -0.5621048259916599 5.4766246696330034 -0.6857587030682879 -0.2163013618288111 0.1558437422854024 2.6121906085750144 0.48399160938398095 -1.7547850109452761 -1.1240577338234388 -0.40503394506278706 0.1520231834262154 -0.064908582142582827
leaf_weight=58352 1326 368 854 127 23878 14669 3133 4049 11189 11922 41178 4655 2459 3656 3614 253 2095 522 1137 1708 4007 25477 10297 1425 17090 4433 20376 1900 2330 3761
leaf_count=58352 1326 368 854 127 23878 14669 3133 4049 11189 11922 41178 4655 2459 3656 3614 253 2095 522 1137 1708 4007 25477 10297 1425 17090 4433 20376 1900 2330 3761
internal_value=-0.000603211 0.0043711 0.00167344 -0.00116979 -0.000605504 0.000452826 -0.000255652 -0.000838643 -0.00156199 -0.000287697 -0.00121556 0.00378957 0.0117923 0.0141595 0.0055854 0.0116155 0.00412226 0.00954631 0.00792241 0.0121546 0.00153589 -0.00199191 -0.00187227 0.00382006 -0.00144829 -2.62522e-05 -0.00211578 0.00328602 0.0047821 0.00195014
internal_weight=282240 28860 21166 253380 195028 92585 76491 67502 102443 16945 63761 5023 7694 5235 3741 3909 8989 4221 3699 2562 12286 91254 51475 16094 67376 21523 45853 8279 6379 5856
internal_count=282240 28860 21166 253380 195028 92585 76491 67502 102443 16945 63761 5023 7694 5235 3741 3909 8989 4221 3699 2562 12286 91254 51475 16094 67376 21523 45853 8279 6379 5856
is_linear=0
shrinkage=0.05


Tree=14
num_leaves=31
num_cat=0
split_feature=13 13 14 14 13 0 13 7 14 15 14 2 13 7 2 15 6 16 3 13 3 3 3 14 7 8 2 14 3 2
split_gain=288.58 116.855 102.102 95.066 135.414 76.3082 65.2532 62.1476 54.2966 45.6155 35.0921 34.004 33.2115 33.0437 31.3473 30.4791 29.0601 28.0878 26.6837 26.0302 25.9986 25.7097 36.7119 36.7749 24.5415 23.7415 23.6398 23.2276 23.0421 22.7383
threshold=119.77750000000002 35.777500000000011 44.741000000000007 59.985000000000007 78.751000000000019 2.5000000000000004 252.66000000000003 0.8412677475492979 17.971500000000002 152.26500000000001 182.51100000000002 4.5000000000000009 413.92000000000002 1.1130734677471719 3.5000000000000004 105.63350000000001 0.9500084286260625 99.529624999999996 7.5000000000000009 149.85000000000002 6.5000000000000009 10.500000000000002 4.5000000000000009 29.756500000000006 0.99897078088854441 1.0086913317609019 1.0000000180025095e-35 418.15500000000003 7.5000000000000009 1.5000000000000002
decision_type=10 8 2 2 10 2 10 2 2 2 2 2 10 2 2 2 2 2 2 10 2 2 2 2 2 2 2 2 2 2
left_child=1 16 -2 4 5 7 17 14 -6 18 24 13 -12 21 20 -7 -1 19 -5 -4 -3 22 23 -9 -8 -20 -10 -14 -22 -19
right_child=2 3 6 9 8 15 10 11 26 -11 12 -13 27 -15 -16 -17 -18 29 25 -21 28 -23 -24 -25 -26 -27 -28 -29 -30 -31
leaf_value=-0.28876856788404892 2.6328866648774532 1.366924426220594 0.4285162230892039 -0.93108774289833252 1.5399599718040693 0.47557163832804461 -0.63156208305630224 0.65904371716793619 2.809941285314169 1.2014867098520086 1.928323608407698 -0.73305279896480224 4.5943760917072085 -1.2914940247557045 -0.0580563063699902 2.0457096629742035 -1.10060196443451 2.791231853299708 0.086838109578202871 3.4080524977876188 -1.3854925421304156 1.2066855095215125 -0.37877850978001953 -0.078731949218272854 7.9510269463106331 -1.7488902716171044 0.36249663701964713 1.2194461817381752 0.66236481946483361 -0.76144918691315389
leaf_weight=17958 3095 4228 1798 39674 2599 20689 107 6023 404 7243 855 25206 289 11416 8117 2469 57658 1538 14800 1055 1350 4427 23146 8129 594 4203 5130 154 4286 3600
leaf_count=17958 3095 4228 1798 39674 2599 20689 107 6023 404 7243 855 25206 289 11416 8117 2469 57658 1538 14800 1055 1350 4427 23146 8129 594 4203 5130 154 4286 3600
internal_value=-0.000638642 -0.000991159 0.00661253 -0.000339959 0.000456475 3.15506e-05 0.00415415 -0.000587992 0.00669925 -0.00188183 0.0122336 -0.00119641 0.00736518 -0.00047901 0.00206301 0.0026086 -0.0026579 0.00213302 -0.00234393 0.00611111 0.00395681 0.000173156 -0.000254438 0.00175169 0.0212482 -0.000803295 0.00389953 0.0184763 0.0017335 -7.59062e-05
internal_weight=282240 269155 13085 193539 127619 119486 9990 96328 8133 65920 1999 78347 1298 53141 17981 23158 75616 7991 58677 2853 9864 41725 37298 14152 701 19003 5534 443 5636 5138
internal_count=282240 269155 13085 193539 127619 119486 9990 96328 8133 65920 1999 78347 1298 53141 17981 23158 75616 7991 58677 2853 9864 41725 37298 14152 701 19003 5534 443 5636 5138
is_linear=0
shrinkage=0.05


Tree=15
num_leaves=31
num_cat=0
split_feature=13 13 14 13 0 16 3 13 15 14 2 3 8 6 10 15 13 3 10 2 14 3 14 2 15 13 2 15 8 15
split_gain=259.83 117.339 108.417 180.619 82.2646 58.9868 58.5427 54.6179 50.2646 48.267 43.6931 34.7903 34.0566 32.9539 31.8766 31.6447 30.9392 27.5139 35.2353 34.6793 27.2406 35.5562 32.4016 29.5522 29.1066 28.314 27.3151 26.8074 26.5632 26.1953
threshold=145.85100000000003 23.891500000000004 32.601000000000006 57.085000000000008 2.5000000000000004 108.194125 1.5000000000000002 316.99500000000006 117.00500000000001 17.971500000000002 4.5000000000000009 10.500000000000002 1.1087050266638239 0.84729675539179794 -8.2607142857142843 106.94100000000002 65.615000000000023 10.500000000000002 0.72500000000000064 3.5000000000000004 69.941000000000017 10.500000000000002 154.36050000000003 4.5000000000000009 3.1015000000000006 74.153500000000022 3.5000000000000004 37.38150000000001 1.0478822096742719 94.197500000000005
decision_type=10 8 2 10 2 2 2 10 2 2 2 2 2 2 2 2 8 2 2 2 2 2 2 2 2 10 2 2 2 2
left_child=1 -1 3 4 6 11 14 -7 16 17 13 -2 -10 -8 -3 -9 -4 19 -19 -5 23 -22 24 25 26 -18 -23 -15 29 -6
right_child=5 2 8 9 28 7 10 15 12 -11 -12 -13 -14 27 -16 -17 20 18 -20 -21 21 22 -24 -25 -26 -27 -28 -29 -30 -31
leaf_value=-1.0286367913669232 2.0568099293310573 2.4343671028428355 -1.0997760224233868 1.380692871866573 0.83507141591419431 0.91675324184933182 0.62362585225676626 8.9493999764365082 0.77632898246006088 0.50903462768162766 -0.71405907325620244 4.2335424175627496 -1.3354297851361567 -0.4106108334571511 0.99940751126180283 3.3727083575444112 -0.061125626608992081 2.6957059046172742 -0.010576947884570963 0.60804194269293099 -0.93448947551729233 -1.724860630920982 7.5404022110449453 -0.63687088957280569 -0.64368522536622019 0.55159161432264414 5.7402218303737786 0.41496927264371941 -0.17805788219485877 2.3174929924742567
leaf_weight=58352 2128 137 23023 2350 10079 3469 10584 167 15759 4871 23227 1102 3319 25054 3918 767 23383 779 222 2581 30618 147 1160 10920 5668 4018 219 9632 2990 1597
leaf_count=58352 2128 137 23023 2350 10079 3469 10584 167 15759 4871 23227 1102 3319 25054 3918 767 23383 779 222 2581 30618 147 1160 10920 5668 4018 219 9632 2990 1597
internal_value=-0.000670884 -0.000923812 -0.000386929 0.000842624 8.72514e-05 0.00842853 -0.000603155 0.00466386 -0.00140628 0.00694113 -0.000948729 0.0135604 0.000944018 -4.41806e-05 0.00523428 0.0153961 -0.00185849 0.00996965 0.0175275 0.00843541 -0.0013728 -0.00232492 0.000838197 -0.000433315 -0.00063308 0.000443231 0.0130328 -0.000789369 0.00350266 0.00457948
internal_weight=282240 274607 216255 98021 87218 7633 72552 4403 118234 10803 68497 3230 19078 45270 4055 934 99156 5932 1001 4931 76133 37812 7194 38321 6034 27401 366 34686 14666 11676
internal_count=282240 274607 216255 98021 87218 7633 72552 4403 118234 10803 68497 3230 19078 45270 4055 934 99156 5932 1001 4931 76133 37812 7194 38321 6034 27401 366 34686 14666 11676
is_linear=0
shrinkage=0.05


Tree=16
num_leaves=31
num_cat=0
split_feature=6 3 15 8 2 14 3 1 3 2 3 15 15 7 14 7 15 10 14 15 10 10 14 16 7 14 2 10 14 14
split_gain=128.45 110.132 99.0051 102.213 53.4839 63.492 50.6903 49.5245 46.9094 44.8179 40.6943 38.3336 37.3798 65.8223 61.1643 33.6856 31.6083 29.266 36.3836 30.4467 31.3149 27.8991 31.7005 33.051 34.0875 28.517 34.132 27.5303 43.3688 26.7514
threshold=1.172802589950259 10.500000000000002 241.35000000000005 0.8403070947573209 3.5000000000000004 69.941000000000017 11.500000000000002 5.5000000000000009 1.5000000000000002 1.5000000000000002 1.5000000000000002 65.105000000000004 109.94250000000001 0.58379807704208198 256.86350000000004 0.73680578632921045 24.431500000000003 0.28571428571428742 17.971500000000002 1.0310000000000004 -1.0000000180025095e-35 1.6857142857142879 71.612500000000011 5.6842500000000005 0.56502725539191412 20.191000000000006 4.5000000000000009 -1.4928571428571409 18.621000000000006 212.04000000000005
decision_type=2 2 2 2 2 2 2 2 2 2 2 2 2 2 2 2 2 2 2 2 2 2 2 2 2 2 2 2 2 2
left_child=1 2 3 8 5 7 17 -5 9 16 27 15 14 -14 -8 -9 -1 18 -3 20 -20 22 23 -10 25 26 -25 28 -2 -4
right_child=10 6 29 4 -6 -7 12 11 21 -11 -12 -13 13 -15 -16 -17 -18 -19 19 -21 -22 -23 -24 24 -26 -27 -28 -29 -30 -31
leaf_value=1.0040134509193865 2.3287556495646187 1.9842643711844496 6.1339943228926659 -0.45863687784216478 -0.60684749266780291 -0.9810255772384151 -0.60899211565704292 1.1186640853489507 -0.18449529301501835 0.6182984152154849 -1.2607104556357303 0.68510020112997982 3.0580170486010645 1.1728865100738606 7.2519314632815508 -0.034300729892949834 4.1779370850229283 -0.33173515207081999 1.3408522377648024 1.6493890158430169 2.8068652684849145 -0.43343695797414683 -0.25869502596360561 2.0201930123894885 0.55239235835705069 0.77468056272305563 0.65329625892932275 -0.42331358765043819 0.16783303128028887 -5.7654033540202363
leaf_weight=268 400 4038 1448 18744 68588 24050 10286 2986 5284 1062 41568 11188 306 7838 196 32844 524 2286 202 12090 186 8018 7230 1100 12640 1654 466 3692 798 260
leaf_count=268 400 4038 1448 18744 68588 24050 10286 2986 5284 1062 41568 11188 306 7838 196 32844 524 2286 202 12090 186 8018 7230 1100 12640 1654 466 3692 798 260
internal_value=-0.000684525 -0.000211044 -0.000680451 -0.000784558 -0.0013447 -0.0005418 0.00227664 0.000262156 0.00153532 0.00929342 -0.00308752 0.0011285 0.000427895 0.00296906 -0.00154646 0.000330727 0.0182955 0.00410807 0.00484197 0.00350697 0.0172938 0.00114008 0.00187601 0.00285329 0.00399432 0.00858696 0.0134227 0.00122699 0.00781302 0.0113056
internal_weight=282240 235782 198354 196646 158400 89812 37428 65762 38246 1854 46458 47018 18626 8144 10482 35830 792 18802 16516 12478 388 36392 28374 21144 15860 3220 1566 4890 1198 1708
internal_count=282240 235782 198354 196646 158400 89812 37428 65762 38246 1854 46458 47018 18626 8144 10482 35830 792 18802 16516 12478 388 36392 28374 21144 15860 3220 1566 4890 1198 1708
is_linear=0
shrinkage=0.05


Tree=17
num_leaves=31
num_cat=0
split_feature=13 13 14 13 0 16 13 7 13 15 1 14 8 15 15 2 2 14 10 8 14 10 13 7 8 2 0 7 7 2
split_gain=226.087 106.916 96.6186 144.346 79.7055 49.2866 54.3395 48.1584 47.0831 43.5972 42.5549 38.8548 38.7084 44.2413 33.3858 29.9763 29.4694 29.0118 25.5766 24.9133 24.2838 22.8214 22.7102 22.0949 21.9673 21.2259 20.9476 22.3594 20.0985 18.9806
threshold=142.40150000000003 23.891500000000004 32.601000000000006 50.641000000000012 1.5000000000000002 108.194125 316.99500000000006 0.8412677475492979 74.153500000000022 91.94250000000001 5.5000000000000009 17.971500000000002 1.0564855377325548 117.00500000000001 106.94100000000002 4.5000000000000009 4.5000000000000009 72.622500000000016 -8.2607142857142843 0.74300939898938811 93.251000000000019 -8.2607142857142843 98.538500000000013 0.73317278750374892 1.0000797180590746 1.5000000000000002 2.5000000000000004 0.95870484456311134 1.0000317254658451 4.5000000000000009
decision_type=10 8 2 10 2 2 10 2 8 2 2 2 2 2 2 2 2 2 2 2 2 2 10 2 2 2 2 2 2 2
left_child=1 26 3 4 7 24 25 15 -4 19 -10 21 13 16 -8 -3 17 23 -9 -6 -15 -5 -23 -12 -2 -7 27 -1 -20 -21
right_child=5 2 8 11 9 6 14 18 10 -11 12 -13 -14 20 -16 -17 -18 -19 28 29 -22 22 -24 -25 -26 -27 -28 -29 -30 -31
leaf_value=-0.41610679287211644 2.8836617614230664 0.92403019932767505 -0.96911995993239375 2.3038033616932467 0.96462932534597778 3.6481999044665514 8.4194605268225313 2.3687612374216402 -0.74451374198467146 1.6718430847770194 1.2627349213008441 0.45620544471171282 -0.73493637277082957 1.8418922276446104 3.0664588504665549 -0.60381469746330263 -0.77743162628307649 -0.43589376985457307 -0.290703857581527 0.49979243087445008 0.8724703368961344 0.7218968486737517 1.8169777933232567 0.2963074057476433 0.68667697567603947 -0.39681994058089165 -0.26306755522644204 -1.1624445811990911 -1.3858684878242056 -0.2850802902716103
leaf_weight=11959 2929 7787 29082 102 4119 1095 167 256 17871 3404 1549 5557 14234 3942 767 3380 10511 17215 27228 15225 7635 5056 1704 15770 632 2586 9364 37029 13582 10503
leaf_count=11959 2929 7787 29082 102 4119 1095 167 256 17871 3404 1549 5557 14234 3942 767 3380 10511 17215 27228 15225 7635 5056 1704 15770 632 2586 9364 37029 13582 10503
internal_value=-0.000693206 -0.000937629 -0.000423992 0.0007368 5.02899e-06 0.0075 0.00408992 -0.00121312 -0.00138865 0.00191859 -0.000816382 0.00577381 -0.000266457 0.000319486 0.0148608 0.00169831 -0.000389057 0.000316498 -0.00200482 0.00130717 0.00307636 0.00829058 0.00793639 0.00176136 0.0119194 0.00135697 -0.00283641 -0.00325059 -0.00210365 0.000729165
internal_weight=282240 274064 215712 97903 85484 8176 4615 52233 117809 33251 88727 12419 70856 56622 934 11167 45045 34534 41066 29847 11577 6862 6760 17319 3561 3681 58352 48988 40810 25728
internal_count=282240 274064 215712 97903 85484 8176 4615 52233 117809 33251 88727 12419 70856 56622 934 11167 45045 34534 41066 29847 11577 6862 6760 17319 3561 3681 58352 48988 40810 25728
is_linear=0
shrinkage=0.05


Tree=18
num_leaves=31
num_cat=0
split_feature=13 14 13 14 0 7 13 3 3 14 13 15 2 2 1 13 14 14 2 15 13 15 16 13 15 16 2 7 7 3
split_gain=202.781 99.8402 91.8804 70.3803 86.1254 78.6527 65.101 49.3192 45.3658 45.0519 41.4619 39.56 39.0735 38.8932 33.3583 30.8887 30.6774 27.5337 27.384 26.6207 26.274 26.5087 26.1937 23.2274 22.9377 22.3316 21.9865 21.7849 21.3048 21.1303
threshold=104.68500000000002 39.211000000000006 10.391500000000002 54.442500000000003 2.5000000000000004 0.8412677475492979 252.66000000000003 2.5000000000000004 1.5000000000000002 4.1815000000000007 79.719000000000008 152.26500000000001 3.5000000000000004 4.5000000000000009 5.5000000000000009 47.095000000000006 173.655 12.233500000000001 1.5000000000000002 101.55500000000002 413.92000000000002 105.63350000000001 1.9492500000000001 29.332500000000003 125.26250000000002 70.050350000000009 1.0000000180025095e-35 0.99897078088854441 0.99423855431007591 9.5000000000000018
decision_type=10 2 8 2 2 2 10 2 2 2 8 2 2 2 2 10 2 2 2 2 10 2 2 10 2 2 2 2 2 2
left_child=2 -2 -1 4 5 8 18 9 -4 -7 -5 -12 14 15 -10 19 28 22 -3 29 -18 -22 -6 -16 -19 -20 -17 -11 -8 -9
right_child=1 6 3 10 17 7 16 13 12 27 11 -13 -14 -15 23 26 20 24 25 -21 21 -23 -24 -25 -26 -27 -28 -29 -30 -31
leaf_value=-1.1115514468635406 2.0350653821144888 1.6447614791999261 1.9171194142486916 -1.2910135999353052 -0.19953499472592787 0.90319774575028677 -1.0186127903287245 -0.58208258201256136 -0.13061900593449216 1.8274223014581779 -0.51012331007772427 1.6303705253509677 -0.20137022784003325 -0.77902338073556654 0.91045995615425113 1.8756755968751375 1.2942947814539361 0.21698881626110339 0.84656595759813613 1.4204219287411048 7.4989205851856262 2.7954357126307272 1.0245316373616997 1.4933177056181852 2.2452204054573204 -0.46537782015753915 0.19363970594001445 -0.037631840482839254 6.8291938362201181 0.085950449076978214
leaf_weight=38098 4183 3185 1189 22882 1714 1932 101 36542 3635 819 48727 6167 9792 27807 6469 691 909 16387 1733 2725 68 387 8184 1795 1194 6864 4705 10706 552 12098
leaf_count=38098 4183 3185 1189 22882 1714 1932 101 36542 3635 819 48727 6167 9792 27807 6469 691 909 16387 1733 2725 68 387 8184 1795 1194 6864 4705 10706 552 12098
internal_value=-0.000719956 0.00441775 -0.00106956 -0.000686904 -4.83218e-05 -0.000622597 0.00236647 -0.00123872 0.00201704 0.00157279 -0.00190522 -0.00115987 0.00149578 -0.0016861 0.00342087 -0.000935591 0.0106668 0.00247844 0.000945509 -0.00131364 0.00640029 0.0162088 0.00458779 0.00517667 0.00129088 -0.000521695 0.00266308 0.000388285 0.0195789 -0.00158306
internal_weight=282240 17982 264258 226160 148384 120905 13799 98025 22880 13457 77776 54894 21691 84568 11899 56761 2017 27479 11782 51365 1364 455 9898 8264 17581 8597 5396 11525 653 48640
internal_count=282240 17982 264258 226160 148384 120905 13799 98025 22880 13457 77776 54894 21691 84568 11899 56761 2017 27479 11782 51365 1364 455 9898 8264 17581 8597 5396 11525 653 48640
is_linear=0
shrinkage=0.05


Tree=19
num_leaves=31
num_cat=0
split_feature=13 6 8 13 14 13 3 14 3 14 3 8 10 14 7 4 4 1 14 3 0 1 13 1 1 14 16 0 16 3
split_gain=181.139 92.3487 80.5109 66.6558 62.1732 45.6166 44.5915 47.5695 41.1653 45.4144 39.9346 36.8888 35.2593 30.2188 32.2297 31.1477 29.5539 35.2789 36.0202 29.1693 27.4797 26.4525 24.1899 23.6982 23.5976 22.649 22.6112 22.5646 21.7725 25.9089
threshold=119.77750000000002 1.334151823421023 0.86473996727076907 37.165000000000006 44.741000000000007 316.99500000000006 8.5000000000000018 66.765000000000015 4.5000000000000009 33.02150000000001 1.5000000000000002 1.0000797180590746 1.3928571428571437 71.612500000000011 0.89472381905240528 1.0000000180025095e-35 1.0000000180025095e-35 5.5000000000000009 94.378500000000017 1.5000000000000002 2.5000000000000004 5.5000000000000009 45.822500000000012 5.5000000000000009 21.500000000000004 2.7510000000000003 236.19477499999999 1.5000000000000002 122.12975000000002 10.500000000000002
decision_type=10 2 2 8 2 10 2 2 2 2 2 2 2 2 2 2 2 2 2 2 2 2 10 2 2 2 2 2 2 2
left_child=1 2 10 -4 -2 28 7 8 9 -5 16 23 13 14 15 21 17 25 24 -3 22 -12 -10 -8 -19 -1 -7 -16 29 -6
right_child=4 19 3 6 5 26 11 -9 20 -11 12 -13 -14 -15 27 -17 -18 18 -20 -21 -22 -23 -24 -25 -26 -27 -28 -29 -30 -31
leaf_value=1.028587192388251 2.1334566394734717 0.21065881545558676 -0.79148377387360869 0.41935973249205499 0.48893654804637299 6.9342601085627003 -0.23530288232120997 -0.88859370978750418 -0.89785423295278111 -0.17796440491891419 0.32812275104797134 -0.58796575071660306 -0.43579333011953408 -0.30142037914839492 -0.74695517074832551 0.13274282279926353 -0.64671312354947741 5.4030621585334471 0.9313278198092938 -1.3274172329145715 0.2170011714572665 1.3655789346014535 0.19118248032557206 1.0728219630647569 0.076396997222878349 -0.36497345037267281 2.2960638598605185 0.42736869467108002 -0.31694276541585314 2.8471912075623131
leaf_weight=98 3095 3420 52495 14861 3663 476 8624 26624 23099 18561 3716 8872 11786 8015 4789 4560 628 536 251 28645 6818 7281 2672 26338 91 434 554 5941 4147 1150
leaf_count=98 3095 3420 52495 14861 3663 476 8624 26624 23099 18561 3716 8872 11786 8015 4789 4560 628 536 251 28645 6818 7281 2672 26338 91 434 554 5941 4147 1150
internal_value=-0.00073342 -0.00101271 -0.000672109 -0.0011371 0.00501146 0.00309309 -0.000554669 -0.00117639 -0.000456819 0.000776134 0.00115364 0.000759227 0.000850763 0.00166142 0.00248088 0.00393488 0.00800294 0.0120213 0.0181777 -0.00353111 -0.00172129 0.00537556 -0.00246809 0.0014899 0.0245853 0.0018609 0.0130583 0.000372785 0.00194754 0.0042354
internal_weight=282240 269155 237090 188964 13085 9990 136469 92635 66011 33422 48126 43834 46088 34302 26287 15557 2038 1410 878 32065 32589 10997 25771 34962 627 532 1030 10730 8960 4813
internal_count=282240 269155 237090 188964 13085 9990 136469 92635 66011 33422 48126 43834 46088 34302 26287 15557 2038 1410 878 32065 32589 10997 25771 34962 627 532 1030 10730 8960 4813
is_linear=0
shrinkage=0.05


Tree=20
num_leaves=31
num_cat=0
split_feature=13 6 8 13 3 3 14 3 1 14 13 15 10 10 14 3 8 3 2 13 7 3 2 10 14 15 5 15 14 14
split_gain=167.797 93.7852 79.2137 64.1584 51.1065 36.6741 36.0473 40.342 36.9995 32.6384 37.5278 35.4283 32.4598 30.7987 34.6897 37.3812 30.0557 29.6955 28.7539 27.336 26.135 23.4204 22.9879 22.4194 33.0568 22.348 21.9974 23.5217 35.6401 21.7925
threshold=145.85100000000003 1.1839061703319149 0.86473996727076907 52.027500000000011 8.5000000000000018 1.5000000000000002 77.141000000000005 1.5000000000000002 5.5000000000000009 126.01500000000001 413.92000000000002 105.63350000000001 -9.1607142857142829 1.3571428571428583 71.612500000000011 1.5000000000000002 1.0000797180590746 7.5000000000000009 3.5000000000000004 69.003500000000017 0.64735137188752534 6.5000000000000009 4.5000000000000009 -1.4928571428571409 24.001000000000001 17.575000000000003 1.0000000180025095e-35 17.235000000000003 32.601000000000006 50.096000000000011
decision_type=10 2 2 8 2 2 2 2 2 2 10 2 2 2 2 2 2 2 2 10 2 2 2 2 2 2 2 2 2 2
left_child=1 2 13 29 6 23 7 8 -5 17 -11 -12 -10 14 15 -1 26 -2 19 21 22 -9 -17 24 25 -3 27 -6 -29 -4
right_child=9 5 3 4 16 -7 -8 18 12 10 11 -13 -14 -15 -16 20 -18 -19 -20 -21 -22 -23 -24 -25 -26 -27 -28 28 -30 -31
leaf_value=2.9566844394309655 0.93441578536838288 0.91807763153207245 -0.48987210699742223 -0.28204634376470777 -0.061215917746198473 -1.1036064301990998 -0.84189904378200975 0.090122293258725963 1.8078626413193799 0.79545093987147042 7.3458902831027046 2.3359911599911301 1.0066492913434317 -0.24373872122805817 -0.20352164907018935 1.2064522588680973 -0.58758169834552687 3.4708636307566523 -0.45185695852683383 0.54559140297062825 0.32621667521077236 -1.1841528433816413 0.2912637774344275 -0.38087885752853728 0.15549304711111028 2.8154766620458864 -1.6503000737154541 1.8293063857777103 1.128787579824891 -1.5674342659450204
leaf_weight=736 1578 282 45103 2330 9482 40322 19147 18585 103 3387 91 397 5476 12023 8798 5538 6673 2180 25418 3182 17125 8143 2405 3553 699 132 1391 6794 16363 14804
leaf_count=736 1578 282 45103 2330 9482 40322 19147 18585 103 3387 91 397 5476 12023 8798 5538 6673 2180 25418 3182 17125 8143 2405 3553 699 132 1391 6794 16363 14804
internal_value=-0.000744226 -0.000947483 -0.00053848 -0.00100725 -0.0003541 -0.00303503 -0.00107023 -0.000494727 0.00284549 0.00656819 0.00334839 0.0163115 0.00505556 0.00130134 0.00205884 0.00298326 0.00109537 0.00988824 -0.000972203 7.85678e-05 0.00265717 -0.000442982 0.0050277 0.00116159 0.007354 0.0185507 0.00169703 0.00195946 0.00281837 -0.00234923
internal_weight=282240 274607 229619 182994 123087 44988 82384 63237 7909 7633 3875 488 5579 46625 34602 25804 40703 3758 55328 29910 25068 26728 7943 4666 1113 414 34030 32639 23157 59907
internal_count=282240 274607 229619 182994 123087 44988 82384 63237 7909 7633 3875 488 5579 46625 34602 25804 40703 3758 55328 29910 25068 26728 7943 4666 1113 414 34030 32639 23157 59907
is_linear=0
shrinkage=0.05


Tree=21
num_leaves=31
num_cat=0
split_feature=13 13 6 14 0 13 3 13 14 2 3 13 14 7 15 3 14 3 8 2 15 2 10 7 8 3 2 2 10 8
split_gain=149.111 88.7699 70.6735 70.342 87.9923 75.1875 56.8301 49.3848 40.6255 39.3747 34.9096 34.2212 32.5556 31.8907 29.9205 27.1655 26.9894 27.1703 33.5302 25.5042 25.3777 24.8333 23.2564 22.7956 22.483 21.698 19.7343 18.6655 18.511 21.8311
threshold=130.73500000000004 6.2025000000000015 1.3731534971766692 33.02150000000001 2.5000000000000004 35.777500000000011 1.5000000000000002 74.153500000000022 64.381000000000014 4.5000000000000009 7.5000000000000009 316.99500000000006 16.958500000000004 0.82388276095400614 37.38150000000001 10.500000000000002 77.141000000000005 2.5000000000000004 0.99022976845595789 3.5000000000000004 65.105000000000004 4.5000000000000009 -3.7535714285714294 0.99897078088854441 1.004202824841457 1.5000000000000002 1.5000000000000002 3.5000000000000004 1.1500000000000019 0.54753896495067644
decision_type=10 8 2 2 2 10 2 8 2 2 2 10 2 2 2 2 2 2 2 2 2 2 2 2 2 2 2 2 2 2
left_child=1 -1 3 4 5 6 23 -5 -2 13 16 26 19 28 15 -15 17 18 -9 -7 27 -6 -23 -3 -12 -4 -10 -13 29 -8
right_child=8 2 25 7 21 12 9 10 11 -11 24 20 -14 14 -16 -17 -18 -19 -20 -21 -22 22 -24 -25 -26 -27 -28 -29 -30 -31
leaf_value=-1.0958289824912026 2.0316802267463641 2.5493304701868937 0.16058140567189783 -0.87316677994656211 1.0143934269117942 1.0986219525226424 1.5771573428114865 1.982455235460266 3.0561930701991047 -0.65776806823078526 0.80638692627802289 7.0692822169007918 0.14130319241974879 -0.52607645942912007 0.44750673285248976 0.90058289661790225 -0.70301794905215831 -0.2616246801222038 0.15127133293803485 0.54723218901043369 2.6247330296540556 0.79337409639902068 0.29980069890808891 0.47496014534932862 -0.81950498644908587 -1.2107100056984557 0.037605913020725565 -2.2519603240873556 -0.24699320882659248 0.58667102504090562
leaf_weight=30245 2889 1259 2954 33783 10872 2838 1388 1213 1723 23937 23534 130 5988 25335 9224 2496 22529 20587 7239 3153 835 132 7323 2268 3722 20800 4752 36 3207 5849
leaf_count=30245 2889 1259 2954 33783 10872 2838 1388 1213 1723 23937 23534 130 5988 25335 9224 2496 22529 20587 7239 3153 835 132 7323 2268 3722 20800 4752 36 3207 5849
internal_value=-0.000760524 -0.000984921 -0.000665275 -0.000382925 0.000546266 -0.000117436 -0.000705216 -0.00125157 0.00512542 -0.00101112 -0.000566072 0.00317951 0.00356081 -0.000177794 -0.000865606 -0.00168356 -0.00133106 -0.000323532 0.00206342 0.00616675 0.0117832 0.00369482 0.00147217 0.0054905 0.000881273 -0.00325503 0.00184942 0.0296386 0.00226254 0.00366381
internal_weight=282240 271875 241630 217876 105269 86942 74963 112607 10365 71436 78824 7476 11979 47499 37055 27831 51568 29039 8452 5991 1001 18327 7455 3527 27256 23754 6475 166 10444 7237
internal_count=282240 271875 241630 217876 105269 86942 74963 112607 10365 71436 78824 7476 11979 47499 37055 27831 51568 29039 8452 5991 1001 18327 7455 3527 27256 23754 6475 166 10444 7237
is_linear=0
shrinkage=0.05


Tree=22
num_leaves=31
num_cat=0
split_feature=13 6 2 14 0 13 7 13 13 14 0 15 16 13 15 8 8 15 15 2 7 10 10 14 8 15 8 8 15 7
split_gain=136.019 86.3115 71.0699 69.6482 87.8397 71.0003 49.6275 47.4843 33.6019 32.7843 27.8372 26.9849 25.9661 34.2664 39.2795 22.1744 21.8547 18.3398 17.738 16.9394 15.2796 15.132 14.3818 43.1346 14.378 14.1292 17.9834 14.0573 13.9129 14.6867
threshold=149.85000000000002 1.3731534971766692 4.5000000000000009 59.985000000000007 2.5000000000000004 66.591500000000011 0.90281379916604798 81.306000000000012 5.1225000000000014 10.322500000000002 1.5000000000000002 101.55500000000002 103.79400000000001 316.99500000000006 105.63350000000001 1.0995170348194236 0.94759464941667637 294.7000000000001 157.36250000000004 1.5000000000000002 0.61645545211561215 1.1500000000000019 -7.5392857142857119 4.9315000000000007 1.0168306545709338 157.36250000000004 0.97512001792524206 1.0000797180590746 96.264000000000024 0.6115435509015904
decision_type=10 2 2 2 2 10 2 8 8 2 2 2 2 10 2 2 2 2 2 2 2 2 2 2 2 2 2 2 2 2
left_child=1 2 3 4 5 6 15 -5 -8 -6 22 -10 27 19 -15 21 -7 20 -11 28 25 -1 23 -4 -22 -9 -27 -2 -14 -30
right_child=12 -3 10 7 9 16 8 17 11 18 -12 -13 13 14 -16 -17 -18 -19 -20 -21 24 -23 -24 -25 -26 26 -28 -29 29 -31
leaf_value=0.90526821895344567 2.559491596156994 -1.1166024468233713 1.7523383381121946 -1.2533484872806122 1.1965820869655897 1.3163858743295733 -1.0319328031259167 0.20844447513241826 -0.20492882718971758 0.41863891529985708 -0.27737112519208751 1.1490697775782919 6.6228129247336271 6.6251321840833244 2.5115548311249722 -0.21482973060699284 0.49292889182868704 4.1652373307271819 2.7481828687390459 -0.29162191317501396 -0.28122080314943515 0.14484268652574958 -0.75460573891647043 -0.069615126651299639 -0.97762808578588389 3.3768052135428768 -1.2411686656827137 0.39798364183678731 3.8741637540903135 0.98932154273393713
leaf_weight=10826 2286 30001 82 18236 5742 1818 8645 4439 55533 13336 34830 3428 202 164 778 5457 4647 1423 640 2393 30187 5245 34478 560 5107 351 168 449 84 705
leaf_count=10826 2286 30001 82 18236 5742 1818 8645 4439 55533 13336 34830 3428 202 164 778 5457 4647 1423 640 2393 30187 5245 34478 560 5107 351 168 449 84 705
internal_value=-0.00078444 -0.000960267 -0.000650508 -0.000112654 0.000605851 -2.08696e-05 -0.000387844 -0.00149564 -0.00105361 0.00364438 -0.00199786 -0.000626771 0.00606784 0.00365696 0.0120913 0.0017029 0.00503867 -0.000564488 0.00233758 0.0013091 -0.000761702 0.00263798 -0.00299117 0.00442367 -0.00112682 0.00183743 0.00964354 0.00988117 0.00680626 0.00380862
internal_weight=282240 275179 245178 175228 115317 95599 89134 59911 67606 19718 69950 58961 7061 4326 942 21528 6465 41675 13976 3384 40252 16071 35120 642 35294 4958 519 2735 991 789
internal_count=282240 275179 245178 175228 115317 95599 89134 59911 67606 19718 69950 58961 7061 4326 942 21528 6465 41675 13976 3384 40252 16071 35120 642 35294 4958 519 2735 991 789
is_linear=0
shrinkage=0.05


Tree=23
num_leaves=31
num_cat=0
split_feature=13 13 14 13 0 13 3 15 14 7 3 15 8 14 3 14 15 14 13 15 8 15 8 0 10 10 10 8 2 13
split_gain=124.777 84.4549 63.4136 94.1183 69.5532 43.3202 40.8067 39.0526 36.6637 33.2389 31.167 30.8486 23.8515 23.106 31.3585 28.9553 21.7283 21.1728 25.4002 39.9332 20.9744 22.2149 28.9102 20.5252 20.3557 18.8086 18.6844 18.4312 18.0952 16.6577
threshold=149.85000000000002 10.391500000000002 33.02150000000001 37.165000000000006 1.5000000000000002 64.911000000000016 1.5000000000000002 91.94250000000001 12.233500000000001 0.79768689856807795 3.5000000000000004 152.26500000000001 1.0345155747052366 71.612500000000011 10.500000000000002 104.61900000000001 102.86500000000002 90.81450000000001 413.92000000000002 105.63350000000001 1.0307272290487732 3.1015000000000006 0.99857713534972048 2.5000000000000004 -1.8714285714285706 0.38571428571428662 -0.34285714285714319 0.50798848999115143 4.5000000000000009 103.36500000000002
decision_type=10 8 2 10 2 8 2 2 2 2 2 2 2 2 2 2 2 2 10 2 2 2 2 2 2 2 2 2 2 10
left_child=1 -1 3 4 6 -4 24 10 25 28 26 13 23 16 -15 -16 -7 -2 -19 -20 21 22 -17 -12 -3 -5 -6 -26 -8 -10
right_child=17 2 5 8 7 11 9 -9 29 -11 12 -13 -14 14 15 20 -18 18 19 -21 -22 -23 -24 -25 27 -27 -28 -29 -30 -31
leaf_value=-0.92830631056177104 2.5216848722002725 1.6337497543949913 -0.90265456816567002 0.99619604454006105 1.7024127279872401 -0.14027135052886899 0.54292909923027166 1.5209200666751046 0.11494109583937065 -0.55820487539620567 -0.077886638429107591 1.0925669326451035 -0.56658893361534979 -0.69888637016279986 -0.82498993692980571 -2.2664385975593473 0.63041759236665929 0.87576616609763325 6.2938750488983635 1.9872927621410967 -2.4053009528260145 4.4356247255356545 5.9889596951656152 0.73675407946409721 4.0866780157077836 0.35606833654303521 0.70012276139847185 0.27149652420148057 -0.66741163282008298 0.89445304252942703
leaf_weight=38098 2398 788 30837 5876 892 37577 7508 3522 8294 45634 13651 8342 5524 34929 3998 63 3880 4169 91 403 717 3353 118 9033 60 1842 3347 2359 3346 1591
leaf_count=38098 2398 788 30837 5876 892 37577 7508 3522 8294 45634 13651 8342 5524 34929 3998 63 3880 4169 91 403 717 3353 118 9033 60 1842 3347 2359 3346 1591
internal_value=-0.000785503 -0.000953908 -0.00060277 0.000252191 -0.000366074 -0.0013849 -0.0014126 0.00137076 0.00361217 -0.00172408 0.000827964 -0.000846286 0.000227239 -0.00113222 -0.00194173 0.000831009 -0.000289096 0.00577751 0.00381407 0.0145344 0.00370383 0.00528579 0.0223481 0.000944718 0.0040739 0.00619461 0.00482543 0.00180033 0.000762851 0.00159585
internal_weight=282240 275179 237081 113267 95664 123814 59695 35969 17603 56488 32447 92977 28208 84635 43178 8249 41457 7061 4663 494 4251 3534 181 22684 3207 7718 4239 2419 10854 9885
internal_count=282240 275179 237081 113267 95664 123814 59695 35969 17603 56488 32447 92977 28208 84635 43178 8249 41457 7061 4663 494 4251 3534 181 22684 3207 7718 4239 2419 10854 9885
is_linear=0
shrinkage=0.05


Tree=24
num_leaves=31
num_cat=0
split_feature=13 6 2 1 8 14 0 13 12 1 13 16 13 15 14 13 0 14 0 7 2 13 16 15 13 14 13 15 13 15
split_gain=112.233 82.2724 64.5928 80.8306 76.4135 42.0758 41.4715 41.3185 33.3691 40.6051 31.6593 28.9177 24.3925 23.307 24.7731 31.2636 23.8464 23.2658 23.0535 33.0947 22.0315 22.4266 29.6017 28.6403 18.4799 17.4918 22.7111 16.3573 16.0088 15.9997
threshold=149.85000000000002 1.3731534971766692 3.5000000000000004 5.5000000000000009 0.98710200835667272 67.597500000000011 1.5000000000000002 45.822500000000012 0.65875000000000006 20.500000000000004 47.095000000000006 65.122500000000002 74.153500000000022 130.20250000000001 34.233500000000006 53.427500000000002 1.5000000000000002 14.941000000000001 1.5000000000000002 0.9395319037303026 4.5000000000000009 413.92000000000002 103.79400000000001 105.63350000000001 14.175000000000002 22.853500000000004 23.891500000000004 1.0000000180025095e-35 30.001000000000001 337.19400000000002
decision_type=10 2 2 2 2 2 2 8 2 2 10 2 8 2 2 10 2 2 2 2 2 10 2 2 8 2 10 2 10 2
left_child=1 2 3 25 8 6 10 -4 9 11 24 18 -7 14 15 16 -9 -15 19 28 21 22 -2 -23 -6 26 -1 -20 -5 -14
right_child=20 -3 7 4 5 12 -8 13 -10 -11 -12 -13 29 17 -16 -17 -18 -19 27 -21 -22 23 -24 -25 -26 -27 -28 -29 -30 -31
leaf_value=-0.33444233700326093 2.3789033664465609 -1.031077714696764 -0.76408333395734529 1.8499228488011452 -0.88156412910827564 -1.508498462031566 0.67230901133838339 -0.46489736257756881 0.047017347951190405 0.074989457448165056 0.57297383053830087 0.81129880228018636 -0.37050121991117851 3.0275996418813289 -0.51157750943591407 0.46620858656061615 0.19002409089656591 0.8011863790992575 4.2952925720922783 0.046278997667860908 0.10485752498471075 5.9791818224342395 1.4339224473157364 2.3160788661891316 -0.049657983904758417 -0.71637072707090921 0.37826673535130095 2.4176827086662129 2.3118676903965985 5.0571474957902618
leaf_weight=13702 2025 30001 33277 3231 5404 7527 19345 18666 7544 5064 3779 6044 18413 271 30223 5713 13439 3689 112 1897 1526 96 3070 344 21157 20181 2413 2648 623 816
leaf_count=13702 2025 30001 33277 3231 5404 7527 19345 18666 7544 5064 3779 6044 18413 271 30223 5713 13439 3689 112 1897 1526 96 3070 344 21157 20181 2413 2648 623 816
internal_value=-0.000793829 -0.000953544 -0.00065112 5.28937e-05 0.000764255 -4.51994e-05 0.000815637 -0.00158666 0.00304219 0.0041289 -0.000337839 0.00547063 -0.00164374 -0.000913252 -0.00113028 -0.000277382 -0.00088382 0.00281566 0.00734872 0.00554599 0.00543053 0.00689702 0.00596173 0.0177273 -0.000947066 -0.00197763 -0.000749303 0.0111051 0.00820706 -0.000699206
internal_weight=282240 275179 245178 139900 103604 76441 49685 105278 27163 19619 30340 14555 26756 72001 68041 37818 32105 3960 8511 5751 7061 5535 5095 440 26561 36296 16115 2760 3854 19229
internal_count=282240 275179 245178 139900 103604 76441 49685 105278 27163 19619 30340 14555 26756 72001 68041 37818 32105 3960 8511 5751 7061 5535 5095 440 26561 36296 16115 2760 3854 19229
is_linear=0
shrinkage=0.05


Tree=25
num_leaves=31
num_cat=0
split_feature=13 13 6 14 13 15 13 2 14 1 8 15 14 2 13 16 15 2 1 10 2 10 12 1 7 2 1 13 13 2
split_gain=101.425 77.336 59.6056 55.7978 59.1187 54.6154 41.5854 37.8921 34.9904 34.9675 26.0524 20.7966 24.4293 22.4487 20.1879 33.5541 22.638 18.6276 17.5513 15.9961 15.516 14.7381 14.0028 13.8594 13.6784 13.3254 13.9517 12.718 12.5088 12.3952
threshold=139.13000000000002 5.9910000000000005 1.3731534971766692 33.02150000000001 35.777500000000011 105.63350000000001 64.911000000000016 4.5000000000000009 12.641500000000002 5.5000000000000009 0.96973023853934148 157.36250000000004 76.241500000000016 3.5000000000000004 316.99500000000006 115.5305 60.755000000000003 3.5000000000000004 4.5000000000000009 -1.6571428571428579 1.5000000000000002 -8.2607142857142843 1.0712500000000003 19.500000000000004 0.53998001934824225 1.0000000180025095e-35 15.500000000000002 103.36500000000002 133.35400000000001 1.0000000180025095e-35
decision_type=10 8 2 2 10 2 8 2 2 2 2 2 2 2 10 2 2 2 2 2 2 2 2 2 2 2 2 10 8 2
left_child=1 -1 3 4 5 7 29 10 21 -8 18 12 13 -11 15 -2 17 -16 -3 -15 -17 -6 23 -20 25 26 -13 -10 -26 -5
right_child=14 2 -4 6 8 -7 9 -9 27 11 -12 24 -14 19 16 20 -18 -19 22 -21 -22 -23 -24 -25 28 -27 -28 -29 -30 -31
leaf_value=-0.94159733570448878 1.4777927452296158 -0.12525436688495392 -0.91721552320937505 -0.18802978116868777 1.7263990533070726 1.7998066997111057 -0.59790558659776927 -0.44244690166167849 0.072219599365344819 0.39182784643545143 -0.06491855125459535 -0.55756202632344054 -0.43202398605458853 0.57459905295472646 6.020266239806225 2.9874854781895617 2.5519582466802064 -2.2358924453695992 1.3789082561816317 -0.33566516995722462 -0.74901223148761886 0.7565582265512717 -0.062378697886233694 0.29042438116821473 -1.1514047500358402 3.0753718043936864 2.2429551784591575 0.80634021282950519 2.1256910571839698 -0.9624728967321039
leaf_weight=29696 4120 4497 23963 5499 111 3583 17154 30114 8116 18048 39349 30 28862 1188 123 1050 901 38 6753 12051 2500 7131 2308 2737 1275 303 73 1308 4668 24691
leaf_count=29696 4120 4497 23963 5499 111 3583 17154 30114 8116 18048 39349 30 28862 1188 123 1050 901 38 6753 12051 2500 7131 2308 2737 1275 303 73 1308 4668 24691
internal_value=-0.000805167 -0.000974525 -0.0006811 -0.000422996 0.000402472 -0.000107511 -0.00119165 -0.000360201 0.00313632 -0.00061756 0.000412981 -9.835e-05 -0.000385627 0.000582189 0.00449954 0.00360495 0.0109605 0.0282298 0.0020942 -0.000981571 4.22523e-05 0.00574979 0.00310731 0.0039568 0.00262325 0.0115025 0.0270388 0.00112797 0.00201666 -0.00278238
internal_weight=282240 273508 243812 219849 106007 89341 113842 85758 16666 83652 55644 66498 60149 31287 8732 7670 1062 161 16295 13239 3550 7242 11798 9490 6349 406 103 9424 5943 30190
internal_count=282240 273508 243812 219849 106007 89341 113842 85758 16666 83652 55644 66498 60149 31287 8732 7670 1062 161 16295 13239 3550 7242 11798 9490 6349 406 103 9424 5943 30190
is_linear=0
shrinkage=0.05


Tree=26
num_leaves=31
num_cat=0
split_feature=13 13 8 14 7 3 3 14 3 13 3 2 14 10 8 14 2 3 10 1 1 2 14 2 15 10 0 3 8 14
split_gain=89.8929 68.8274 50.3828 45.1812 44.0592 44.5122 33.9852 62.9121 41.1841 32.9831 32.1627 29.8716 56.0564 39.0511 29.0197 28.2066 25.6441 24.4523 26.7775 24.2851 22.8427 31.8709 29.6719 21.6801 33.1596 26.3132 21.5055 26.7889 21.4046 21.0108
threshold=107.41500000000001 5.9910000000000005 0.79308329380229947 39.211000000000006 1.0000317254658451 8.5000000000000018 6.5000000000000009 36.785000000000004 4.5000000000000009 181.19500000000002 1.5000000000000002 4.5000000000000009 4.1815000000000007 3.4000000000000017 1.2744990345144107 4.8310000000000004 3.5000000000000004 1.5000000000000002 1.3928571428571437 5.5000000000000009 6.5000000000000009 4.5000000000000009 81.522500000000022 4.5000000000000009 58.241000000000007 -1.0000000180025095e-35 2.5000000000000004 7.5000000000000009 1.4654293187664071 23.271500000000003
decision_type=10 8 2 2 2 2 2 2 2 10 2 2 2 2 2 2 2 2 2 2 2 2 2 2 2 2 2 2 2 2
left_child=1 -1 17 -2 5 6 7 8 15 -5 11 -6 13 -13 19 16 28 20 29 -7 -3 22 -22 24 25 -11 -8 -28 -4 -19
right_child=3 2 4 9 10 14 26 -9 -10 23 -12 12 -14 -15 -16 -17 -18 18 -20 -21 21 -23 -24 -25 -26 -27 27 -29 -30 -31
leaf_value=-0.89451746891926442 1.4478172579645712 -0.14611363114842041 1.2212591502376722 -0.06615698740778124 -0.34922885958168681 -0.32777662339879604 -0.95947638541614377 -0.42469250889996818 -0.15192557872625892 -0.83087219544776691 -0.93668876345201069 1.4262497850151477 -0.01859152657032968 -1.7389286292698776 -0.90492585019601945 0.2396962165846219 0.30957945418431909 0.68249990092072554 -0.45250951307414922 0.59462438049380961 4.3005130966912413 -0.285592426631887 0.76458967624357121 -0.46421056605577604 1.8210458027016667 5.2252974327346253 -1.0555470833943958 0.82745130202000861 -1.5200413177121366 0.037066667334398021
leaf_weight=29696 3887 525 1792 9223 2987 12073 20497 47921 13942 105 34372 316 683 94 4229 15058 2074 12427 9707 35107 428 319 243 873 2374 439 3532 3067 209 14041
leaf_count=29696 3887 525 1792 9223 2987 12073 20497 47921 13942 105 34372 316 683 94 4229 15058 2074 12427 9707 35107 428 319 243 873 2374 439 3532 3067 209 14041
internal_value=-0.000814202 -0.00103941 -0.000753535 0.00272144 -0.00107255 -0.000706298 -0.00128233 -0.000769545 0.000907784 0.00130859 -0.0025918 0.00160539 0.00867795 0.0232927 0.000504871 0.00241389 0.00610429 0.000921994 0.000661367 0.000860533 0.00714521 0.0116162 0.0178018 0.00523477 0.00730295 0.0184375 -0.00281518 -0.000332627 0.0101424 0.00148519
internal_weight=282240 265339 235643 16901 197953 159501 108092 80996 33075 13014 38452 4080 1093 410 51409 19133 4075 37690 36175 47180 1515 990 671 3791 2918 544 27096 6599 2001 26468
internal_count=282240 265339 235643 16901 197953 159501 108092 80996 33075 13014 38452 4080 1093 410 51409 19133 4075 37690 36175 47180 1515 990 671 3791 2918 544 27096 6599 2001 26468
is_linear=0
shrinkage=0.05


Tree=27
num_leaves=31
num_cat=0
split_feature=13 13 14 13 0 2 1 7 3 13 3 15 8 3 8 1 14 8 7 3 3 3 2 8 6 3 15 3 16 13
split_gain=79.3994 69.2836 54.7597 63.5644 59.6814 42.6529 45.2558 41.2173 35.4918 33.2004 31.9782 29.8466 28.8787 26.687 27.0819 26.5039 22.6191 20.5317 20.3996 20.5864 26.0564 20.0845 19.1957 18.9108 18.3091 17.8361 35.8773 16.9534 30.5741 17.4891
threshold=10.391500000000002 149.85000000000002 62.115000000000002 69.003500000000017 2.5000000000000004 3.5000000000000004 5.5000000000000009 0.89816900775449604 1.5000000000000002 81.306000000000012 1.5000000000000002 267.93000000000006 1.2962098920777381 7.5000000000000009 1.1652365424270499 16.500000000000004 18.962500000000002 1.1463077648101003 1.3704280701002549 9.5000000000000018 6.5000000000000009 1.5000000000000002 1.0000000180025095e-35 1.2744990345144107 0.66851921622088784 7.5000000000000009 37.38150000000001 7.5000000000000009 179.13925000000003 316.99500000000006
decision_type=8 10 2 10 2 2 2 2 2 8 2 2 2 2 2 2 2 2 2 2 2 2 2 2 2 2 2 2 2 10
left_child=-1 2 3 4 5 6 -2 8 12 -4 17 -12 -8 21 -15 -6 -5 -7 19 20 -9 24 -18 -10 -11 -22 -27 -3 29 -29
right_child=1 27 9 16 15 10 7 18 23 13 11 -13 -14 14 -16 -17 22 -19 -20 -21 25 -23 -24 -25 -26 26 -28 28 -30 -31
leaf_value=-0.78546213224585348 -0.4616962293771632 0.24716501674562177 -1.1449250539176505 0.9445219576176852 0.19574224729619169 -0.049581614553896702 4.5670739074556002 0.21749681812732724 0.86000602201292464 1.1894674191237842 -0.49626688557697557 7.9974824093070058 0.16509055633084602 0.64261821891624749 -1.9626564323656579 1.2058354437698218 1.812092283562392 1.0200492561766479 -1.0137061988393841 0.84341577218943575 -1.2543454064929707 -0.63346665492526166 0.14801043349391951 -0.62389732287824573 -0.18846951918233101 -0.66880644403570932 2.6992827382032814 2.0553703497014797 0.56672218364607552 5.4724880651883971
leaf_weight=38098 18923 2109 19412 4581 21131 1805 330 15405 8119 904 52790 56 182 17836 2732 6273 703 1199 4704 6396 3919 26217 8780 1259 6751 5643 1031 2686 1976 290
leaf_count=38098 18923 2109 19412 4581 21131 1805 330 15405 8119 904 52790 56 182 17836 2732 6273 703 1199 4704 6396 3919 26217 8780 1259 6751 5643 1031 2686 1976 290
internal_value=-0.000815265 -0.000483982 -0.000629343 -0.000118209 -0.000421179 -0.000895649 -3.4214e-05 0.000797224 0.00366532 -0.00175906 -0.00191227 -0.00219752 0.0164844 -0.00112601 0.000294631 0.00168698 0.00309514 0.00310586 3.26151e-05 0.000479409 -0.000145782 -0.00198866 0.00170146 0.00296545 0.000264532 -0.00205466 -0.00048247 0.00439668 0.00599556 0.00919691
internal_weight=282240 244142 237081 163229 149165 121761 65911 46988 9890 73852 55850 52846 512 54440 20568 27404 14064 3004 37098 32394 25998 33872 9483 9378 7655 10593 6674 7061 4952 2976
internal_count=282240 244142 237081 163229 149165 121761 65911 46988 9890 73852 55850 52846 512 54440 20568 27404 14064 3004 37098 32394 25998 33872 9483 9378 7655 10593 6674 7061 4952 2976
is_linear=0
shrinkage=0.05


Tree=28
num_leaves=31
num_cat=0
split_feature=8 13 3 0 7 3 1 3 2 16 10 16 13 2 13 1 16 2 2 3 1 8 15 2 13 16 3 7 3 6
split_gain=77.4749 75.1742 72.2735 65.6464 49.855 40.5698 39.6706 30.7439 30.6925 30.2014 29.4273 29.1775 30.9013 28.4791 24.6055 24.4213 24.8888 28.1061 23.8177 23.6919 23.3772 23.0661 21.3848 21.2457 30.136 25.2289 21.0462 21.7357 20.6435 20.3577
threshold=1.0517211997345159 99.756000000000014 1.5000000000000002 1.5000000000000002 0.90281379916604798 7.5000000000000009 5.5000000000000009 6.5000000000000009 1.5000000000000002 59.231000000000002 -1.4928571428571409 65.122500000000002 316.99500000000006 3.5000000000000004 34.171000000000006 6.5000000000000009 65.122500000000002 4.5000000000000009 1.5000000000000002 1.5000000000000002 7.5000000000000009 0.73152962284661027 50.402500000000011 1.0000000180025095e-35 99.756000000000014 30.185725000000001 9.5000000000000018 1.0042859353365239 2.5000000000000004 0.91029095032032992
decision_type=2 10 2 2 2 2 2 2 2 2 2 2 10 2 8 2 2 2 2 2 2 2 2 2 8 2 2 2 2 2
left_child=1 3 8 4 13 7 -7 9 -2 21 15 -3 18 19 -6 -10 17 -17 -13 20 -1 -5 -14 25 -25 -8 -16 -28 -23 -19
right_child=2 11 -4 5 14 6 23 -9 10 -11 -12 12 22 -15 26 16 -18 29 -20 -21 -22 28 -24 24 -26 -27 27 -29 -30 -31
leaf_value=-0.073879101750922146 -1.2441458686152107 1.1693299954167302 -0.83685228348370311 0.76741013943277447 -0.69153277092099152 -0.34524118452222763 2.7441839976104321 -0.78963672664901152 -0.028968560513349041 -0.35655991447026403 0.17960401578891025 1.8662881112051961 5.197644206640895 -0.40704598768170891 -0.41202383178827456 1.6573927070627112 0.51308775307160492 1.0805901354733982 -0.29771340197830937 0.46757439673338763 3.7182529399229476 0.63395976824275346 1.9532886112282768 -0.054707985119774011 1.3133967996277884 1.1089947426485438 0.42449045499386284 -1.1407194565125967 -0.069989473037314495 1.3825716397369439
leaf_weight=204 1448 5637 50976 4229 27231 11413 1209 9608 796 22067 3596 2976 112 7990 46043 612 946 188 6792 11381 310 5326 897 9933 14870 3123 12275 2077 17689 286
leaf_count=204 1448 5637 50976 4229 27231 11413 1209 9608 796 22067 3596 2976 112 7990 46043 612 946 188 6792 11381 310 5326 897 9933 14870 3123 12275 2077 17689 286
internal_value=-0.000820048 -0.000394868 -0.00243407 -0.000653162 -0.00150966 0.000272602 0.00148984 -0.000565099 0.0020249 -6.09409e-05 0.00350716 0.00286219 0.00133757 0.000750565 -0.00202257 0.0073232 0.0102313 0.0153959 0.000477067 0.00230139 0.0128016 0.00105271 0.00966799 0.00246868 0.00190441 0.00569944 -0.00145997 0.000211816 0.000429067 0.0245359
internal_weight=282240 223392 58848 206978 107511 99467 40548 58919 7872 49311 6424 16414 10777 19885 87626 2828 2032 1086 9768 11895 514 27244 1009 29135 24803 4332 60395 14352 23015 474
internal_count=282240 223392 58848 206978 107511 99467 40548 58919 7872 49311 6424 16414 10777 19885 87626 2828 2032 1086 9768 11895 514 27244 1009 29135 24803 4332 60395 14352 23015 474
is_linear=0
shrinkage=0.05


Tree=29
num_leaves=31
num_cat=0
split_feature=6 13 2 1 14 7 0 13 2 13 3 13 3 3 13 3 15 14 16 14 3 14 3 3 14 15 10 14 3 6
split_gain=73.5195 62.5482 51.7115 61.8663 55.6719 44.2704 48.1867 33.928 30.3551 29.046 27.4599 26.0403 22.0891 20.024 19.8 20.8918 19.5482 20.6586 23.1072 31.8305 24.1227 40.9252 19.2558 34.8786 19.1144 18.4217 16.6531 20.0687 16.5808 19.0746
threshold=1.3475208072809846 139.13000000000002 3.5000000000000004 5.5000000000000009 66.765000000000015 0.82388276095400614 1.5000000000000002 39.591500000000011 1.0000000180025095e-35 75.076500000000024 5.5000000000000009 47.095000000000006 1.5000000000000002 7.5000000000000009 69.784500000000023 7.5000000000000009 132.93500000000003 34.233500000000006 3.1982500000000003 1.9310000000000003 1.5000000000000002 30.012500000000006 10.500000000000002 11.500000000000002 14.941000000000001 21.971500000000002 -0.6886904761904783 30.822500000000002 2.5000000000000004 0.99938336059022215
decision_type=2 10 2 2 2 2 2 8 2 8 2 10 2 2 10 2 2 2 2 2 2 2 2 2 2 2 2 2 2 2
left_child=1 2 3 -1 5 10 11 -4 14 -6 -5 -7 26 -12 15 28 17 18 -9 22 21 -21 -20 25 -18 -24 27 -2 29 -8
right_child=12 -3 7 4 9 6 8 16 -10 -11 13 -13 -14 -15 -16 -17 24 -19 19 20 -22 -23 23 -25 -26 -27 -28 -29 -30 -31
leaf_value=-0.39057590831862354 1.2588668245549006 1.1267096970643151 -0.65370525737836271 1.4565856692709813 -1.1091670819538222 -0.21476418223501137 7.9773150376746704 -0.71747879164984574 0.3841729518812092 -0.04668764800219475 -0.14244318944358017 0.59103327393735361 -0.87962515293856969 0.81850107367969849 2.1798915023573251 2.298630572863567 2.8627082679185278 -0.45998030017903369 0.4680504730502224 0.33812771486851073 -0.14848864877664988 9.2851976074916713 -0.1251307125203405 -0.29263504843819965 0.82118265919321187 4.4896074998958131 -0.64229084653601776 0.074861188328411502 0.083200668442702172 1.2264897964082173
leaf_weight=36004 362 8343 30528 3941 9678 28592 87 6167 16551 25730 2984 3618 28374 5305 328 2209 247 31266 2476 1436 27903 182 38 152 3407 158 2618 570 2409 577
leaf_count=36004 362 8343 30528 3941 9678 28592 87 6167 16551 25730 2984 3618 28374 5305 328 2209 247 31266 2476 1436 27903 182 38 152 3407 158 2618 570 2409 577
internal_value=-0.000824831 -0.000536643 -0.000683404 -4.90183e-05 0.000579899 0.00143158 0.000820197 -0.00152559 0.00261473 -0.00102209 0.00414963 -0.000414469 -0.00308451 0.00251598 0.00579323 0.00505301 -0.000943187 -0.00112987 -0.000354696 0.000180088 -0.000305038 0.00563041 0.00525142 0.0162644 0.00262178 0.0302041 0.000633802 0.00637339 0.00238692 0.00938253
internal_weight=282240 250316 241973 138013 102009 66601 54371 103960 22161 35408 12230 32210 31924 8289 5610 5282 73432 69778 38512 32345 29521 1618 2824 348 3654 196 3550 932 3073 664
internal_count=282240 250316 241973 138013 102009 66601 54371 103960 22161 35408 12230 32210 31924 8289 5610 5282 73432 69778 38512 32345 29521 1618 2824 348 3654 196 3550 932 3073 664
is_linear=0
shrinkage=0.05


Tree=30
num_leaves=31
num_cat=0
split_feature=8 0 3 3 7 1 13 14 3 2 3 7 2 13 3 1 14 8 13 16 2 14 13 1 3 12 7 15 2 14
split_gain=71.7891 65.5273 60.1274 50.0365 49.5511 37.7411 36.5786 33.0243 38.3643 29.8185 28.1668 27.7794 26.5309 25.051 23.6387 23.6263 23.4495 23.3468 22.3023 27.0979 21.1975 30.8953 25.7427 21.1808 20.711 21.117 20.5482 23.2748 18.7166 20.5582
threshold=1.0517211997345159 1.5000000000000002 1.5000000000000002 7.5000000000000009 0.90281379916604798 5.5000000000000009 153.71500000000003 77.141000000000005 6.5000000000000009 4.5000000000000009 1.5000000000000002 0.89816900775449604 1.5000000000000002 10.391500000000002 9.5000000000000018 6.5000000000000009 79.071000000000012 1.6755321962425711 25.943500000000004 31.254750000000005 4.5000000000000009 32.115000000000002 228.58500000000004 5.5000000000000009 2.5000000000000004 1.0000000180025095e-35 1.0042859353365239 44.315000000000005 3.5000000000000004 66.765000000000015
decision_type=2 2 2 2 2 2 10 2 2 2 2 2 2 8 2 2 2 2 10 2 2 2 10 2 2 2 2 2 2 2
left_child=1 4 12 7 9 -5 13 8 11 10 23 -3 -2 -6 28 -14 17 -17 -12 -20 21 -7 -23 -1 25 -13 27 -16 29 -15
right_child=2 3 -4 5 6 20 -8 -9 -10 -11 18 24 15 14 26 16 -18 -19 19 -21 -22 22 -24 -25 -26 -27 -28 -29 -30 -31
leaf_value=-0.16138669351812468 -1.1657241146461972 0.71605109860509253 -0.77372200534810887 -0.23411906490553036 -0.76061412973633946 1.556807828642601 2.2324148719551613 -0.54272144005910417 -0.66271149673434548 -0.52559743428372663 0.18195570792142107 0.43412172281522143 -0.15441512595172352 -0.13196539514174452 0.74139575275409375 1.4832180959423289 0.099953100950764054 -0.15470778276808073 1.4732601157894516 0.023009390968012897 0.19304666309561047 0.69873866365522619 3.333640464819871 3.2136574161311238 -0.074217348054452847 1.9390258173832207 -0.8931124082912687 -0.47916868245679139 -0.56872446144449562 -1.3963749321495973
leaf_weight=188 1448 5920 50976 12076 13595 8824 1554 19796 8090 5460 11653 8312 1816 27210 8302 2144 1838 626 1658 1321 9424 15334 950 456 22548 422 2587 7246 24479 5987
leaf_count=188 1448 5920 50976 12076 13595 8824 1554 19796 8090 5460 11653 8312 1816 27210 8302 2144 1838 626 1658 1321 9424 15334 950 456 22548 422 2587 7246 24479 5987
internal_value=-0.00081243 -0.000403149 -0.0023661 0.000453193 -0.00125949 0.00170378 -0.00176231 -0.000442325 0.00030226 0.000946179 0.00207973 0.00098086 0.00170096 -0.0018945 -0.00154008 0.00307908 0.00498264 0.00788809 0.0016293 0.0054901 0.00254517 0.00330412 0.00201302 0.0123137 0.000386483 0.00245363 3.44626e-05 0.000720992 -0.00203516 -0.00126171
internal_weight=282240 223392 58848 111696 111696 46608 90960 65088 45292 20736 15276 37202 7872 89406 75811 6424 4608 2770 14632 2979 34532 25108 16284 644 31282 8734 18135 15548 57676 33197
internal_count=282240 223392 58848 111696 111696 46608 90960 65088 45292 20736 15276 37202 7872 89406 75811 6424 4608 2770 14632 2979 34532 25108 16284 644 31282 8734 18135 15548 57676 33197
is_linear=0
shrinkage=0.05


Tree=31
num_leaves=31
num_cat=0
split_feature=6 2 1 7 13 14 3 8 3 10 13 15 16 3 8 2 14 1 14 15 3 15 3 3 13 2 13 14 15 15
split_gain=67.6953 56.1108 64.1749 57.3589 55.8026 44.247 53.0511 46.9111 40.8938 35.2837 25.2343 24.5579 24.4198 23.9563 24.2125 21.4677 20.8434 20.5425 20.4672 19.8591 19.4694 19.3059 26.7037 20.4334 20.3546 18.5302 25.7058 20.1677 19.5669 22.5807
threshold=1.380487635449712 4.5000000000000009 5.5000000000000009 0.6972043456550211 228.58500000000004 67.597500000000011 1.5000000000000002 0.98313213066730398 9.5000000000000018 1.0000000180025095e-35 75.076500000000024 203.06000000000003 262.24450000000007 1.5000000000000002 1.1326085893808044 2.5000000000000004 22.853500000000004 20.500000000000004 133.79850000000002 25.351000000000003 8.5000000000000018 38.371500000000005 7.5000000000000009 6.5000000000000009 29.332500000000003 1.0000000180025095e-35 107.41500000000001 32.601000000000006 102.86500000000002 50.402500000000011
decision_type=2 2 2 2 10 2 2 2 2 2 8 2 2 2 2 2 2 2 2 2 2 2 2 2 10 2 8 2 2 2
left_child=1 2 16 13 5 6 7 19 11 17 -7 21 -6 18 -15 -9 -1 25 -4 -5 -12 24 23 -23 -8 27 -27 -10 29 -29
right_child=-2 -3 3 4 12 10 8 15 9 -11 20 -13 -14 14 -16 -17 -18 -19 -20 -21 -22 22 -24 -25 -26 26 -28 28 -30 -31
leaf_value=-0.080816996384149076 -0.77930209414524376 -0.38621300666336 1.7700188107390833 2.575997399120713 4.2763361191863254 -1.162413812846028 -0.39760933548392324 0.13751992877249253 0.82462326945455511 -0.53902269154911686 -0.45447615621050635 3.5672371561828409 0.38196469492543716 0.84335468386771228 -0.28617100965164871 2.1156925052533397 -0.57316106911176823 -0.046790485943976057 -0.80602074638898302 4.7217387722660265 0.99416755955299674 0.12439899986170862 1.6983942491230399 -1.0510459462788242 0.28640760300710566 0.11917393558435369 1.9455737282680214 3.3297902327829876 3.7689883537647932 -0.42067278167519295
leaf_weight=20474 29738 71576 1188 411 1013 10510 27815 2408 1100 3598 17339 256 586 12498 2912 1564 25434 2658 286 340 11377 16914 3438 3130 4605 3403 4929 314 218 208
leaf_count=20474 29738 71576 1188 411 1013 10510 27815 2408 1100 3598 17339 256 586 12498 2912 1564 25434 2658 286 340 11377 16914 3438 3130 4605 3403 4929 314 218 208
internal_value=-0.000818454 -0.00055271 -8.39029e-05 0.000465196 7.55909e-05 -5.17024e-05 0.000642291 0.00577705 0.000308185 0.00250243 -0.00141947 -0.000333703 0.00935272 0.00319119 0.00260869 0.00361027 -0.00169883 0.00372954 0.00928087 0.017237 -0.000652251 -0.000404459 0.000687334 -1.0977e-05 -0.00119525 0.00475226 0.0037494 0.00929348 0.0156757 0.0104215
internal_weight=282240 252502 180926 135018 118134 116535 77309 4723 72586 16428 39226 56158 1599 16884 15410 3972 45908 12830 1474 751 28716 55902 23482 20044 32420 10172 8332 1840 740 522
internal_count=282240 252502 180926 135018 118134 116535 77309 4723 72586 16428 39226 56158 1599 16884 15410 3972 45908 12830 1474 751 28716 55902 23482 20044 32420 10172 8332 1840 740 522
is_linear=0
shrinkage=0.05


Tree=32
num_leaves=31
num_cat=0
split_feature=13 8 3 15 13 16 13 16 3 13 3 7 2 7 3 15 16 13 2 1 15 16 16 12 2 1 8 7 7 16
split_gain=64.8752 48.3283 48.1514 47.0931 39.4591 39.6531 51.3901 34.8504 32.8001 28.0638 26.8752 24.4364 24.1805 23.0977 21.2058 25.6118 19.8076 19.6289 18.5696 18.8491 18.2901 20.616 17.3701 19.8379 24.3026 20.669 17.1257 15.2797 15.0446 14.9961
threshold=9.2340000000000018 1.0517211997345159 1.5000000000000002 109.94250000000001 149.85000000000002 30.185725000000001 30.762500000000006 99.529624999999996 5.5000000000000009 64.911000000000016 10.500000000000002 0.45866769543872149 1.5000000000000002 1.1046024437282431 9.5000000000000018 42.557500000000012 16.533150000000003 172.27250000000001 4.5000000000000009 5.5000000000000009 337.19400000000002 236.19477499999999 26.820500000000003 0.13125000000000003 5.5000000000000009 6.5000000000000009 1.3554610284291131 0.77178533524519721 0.68878972166184183 11.273000000000001
decision_type=8 2 2 2 10 2 10 2 2 8 2 2 2 2 2 2 2 8 2 2 2 2 2 2 2 2 2 2 2 2
left_child=28 3 12 4 5 6 8 -5 13 -7 -6 -9 -3 -2 15 -10 -8 -13 19 -11 -19 -22 23 24 25 -14 -27 -26 -1 -29
right_child=1 2 -4 7 10 9 16 11 14 18 -12 17 22 -15 -16 -17 -18 20 -20 -21 21 -23 -24 -25 27 26 -28 29 -30 -31
leaf_value=0.087836935855206744 0.39866096981891708 -1.1164679535199675 -0.65027683107880752 1.089226388865862 0.20970969852225407 -0.63901800323947067 0.66712721383843998 2.7547139633498094 -0.51520492725650169 -0.46595519230777827 3.8097400015968903 -1.1628464574462993 -0.43180943527334509 -0.70300239726905955 0.1322301944424128 0.75334564042772034 0.18078970897749452 0.1218693646978293 -0.54696718955317702 0.068049696065336659 6.98822654984341 1.5495569918420893 0.12555181428557899 3.5068326519114437 -0.61102139683938272 2.0827779715022952 0.79034891417521402 1.4020530281825938 -0.71067159086276277 0.2182424839411965
leaf_weight=3166 13037 1319 40884 11134 1510 26789 6589 497 30725 11521 1280 4607 664 3262 13863 2899 6799 7958 15631 38672 450 1084 3642 85 50 438 848 135 32645 57
leaf_count=3166 13037 1319 40884 11134 1510 26789 6589 497 30725 11521 1280 4607 664 3262 13863 2899 6799 7958 15631 38672 450 1084 3642 85 50 438 848 135 32645 57
internal_value=-0.000822174 -0.000533197 -0.00195462 -0.00018827 -0.000485784 -0.000582702 0.000254359 0.00180723 -0.000336752 -0.00128022 0.00541219 0.000200054 0.00180436 0.00159856 -0.00100101 -0.00167946 0.00307066 -0.000184057 -0.000724965 -0.000256312 0.00111568 0.00611473 0.00316861 0.0065942 0.00567518 0.00382051 0.00751944 0.0206198 -0.00281073 0.0270312
internal_weight=282240 246429 48122 198307 172577 169787 77174 25730 63786 92613 2790 14596 7238 16299 47487 33624 13388 14099 65824 50193 9492 1534 5919 2277 2192 1950 1286 242 35811 192
internal_count=282240 246429 48122 198307 172577 169787 77174 25730 63786 92613 2790 14596 7238 16299 47487 33624 13388 14099 65824 50193 9492 1534 5919 2277 2192 1950 1286 242 35811 192
is_linear=0
shrinkage=0.05


Tree=33
num_leaves=31
num_cat=0
split_feature=6 8 13 3 15 3 13 14 14 3 13 14 10 14 15 10 15 13 0 8 1 1 12 1 3 0 15 14 16 13
split_gain=61.4632 47.3574 40.6954 47.8529 55.0869 52.375 31.6281 31.2166 30.2984 31.0781 25.4524 45.3915 24.6067 30.8508 38.0355 22.2515 21.7195 21.612 20.846 20.527 19.6013 16.94 17.1498 19.9162 15.62 15.1901 14.6253 24.0798 21.8772 14.6142
threshold=1.380487635449712 0.71109846141186728 66.591500000000011 10.500000000000002 241.35000000000005 11.500000000000002 153.71500000000003 50.096000000000011 79.955000000000013 2.5000000000000004 9.2340000000000018 7.2410000000000005 0.53452380952380818 18.962500000000002 1.0310000000000004 -1.0000000180025095e-35 16.931500000000003 66.591500000000011 1.5000000000000002 1.0397931913617606 16.500000000000004 4.5000000000000009 0.44625000000000009 20.500000000000004 1.5000000000000002 2.5000000000000004 105.63350000000001 256.86350000000004 55.500750000000004 113.73250000000002
decision_type=2 2 8 2 2 2 10 2 2 2 10 2 2 2 2 2 2 10 2 2 2 2 2 2 2 2 2 2 2 8
left_child=1 21 7 4 8 6 12 10 9 15 25 -12 13 -5 19 -4 -8 18 -11 -15 -20 -1 23 -23 -2 -3 27 -7 -28 -16
right_child=24 2 3 5 -6 26 16 -9 -10 17 11 -13 -14 14 29 -17 -18 -19 20 -21 -22 22 -24 -25 -26 -27 28 -29 -30 -31
leaf_value=-0.12985406258497478 0.073733445151156166 -0.62548079248477917 0.80946033735832357 2.1688597561001739 4.2083531070632096 -0.71701343111195515 -0.16895708746892951 -0.97858129566296703 -0.60920102042579738 -0.50773164102061386 0.38334604512732617 -0.29770519963285053 -0.74577169230838358 2.6824803699518269 -0.47673576918544641 0.15442087937511742 4.3728796492191933 0.20036678310525638 -0.24352529436880321 -0.58427110807565474 0.55374767579449724 1.0412241371674722 -0.019908434579181001 -0.0052056609111478412 -0.74699904329025668 0.32541203438763161 2.5499670074205181 6.5584058369335088 0.18515225781892541 2.0674182844760356
leaf_weight=7846 3358 18528 2327 2166 1330 6599 220 21735 26004 34388 8955 27231 1370 147 1070 13992 719 9343 20767 51 7130 11940 7532 4516 26380 2891 562 154 6638 6351
leaf_count=7846 3358 18528 2327 2166 1330 6599 220 21735 26004 34388 8955 27231 1370 147 1070 13992 719 9343 20767 51 7130 11940 7532 4516 26380 2891 562 154 6638 6351
internal_value=-0.000820579 -0.000567363 -0.000827443 -0.000318692 -0.000756023 0.00161688 0.00402514 -0.00173368 -0.000874105 -0.000430772 -0.00112447 -0.000315869 0.00328328 0.00416198 0.00266505 0.00153839 0.0128381 -0.000879406 -0.00121578 0.0242929 -0.000200202 0.00123547 0.00189511 0.00279959 -0.00297061 -0.00249055 -0.000470509 -0.00214201 0.00109722 0.00208799
internal_weight=282240 252502 220668 141328 115281 26047 12094 79340 113951 87947 57605 36186 11155 9785 7619 16319 939 71628 62285 198 27897 31834 23988 16456 29738 21419 13953 6753 7200 7421
internal_count=282240 252502 220668 141328 115281 26047 12094 79340 113951 87947 57605 36186 11155 9785 7619 16319 939 71628 62285 198 27897 31834 23988 16456 29738 21419 13953 6753 7200 7421
is_linear=0
shrinkage=0.05


Tree=34
num_leaves=31
num_cat=0
split_feature=8 0 7 14 13 2 15 1 2 1 13 13 15 14 15 14 2 14 13 2 1 8 12 1 10 13 16 15 7 7
split_gain=59.0308 56.4028 49.4265 45.0076 28.704 28.348 27.5157 27.4341 22.7251 26.0298 21.6372 21.5221 19.194 20.3756 17.8053 21.809 17.6014 16.5677 17.4156 14.8491 14.6706 14.4521 22.5938 26.476 14.2035 14.0496 18.2244 13.404 11.94 11.8524
threshold=1.2164862808110961 1.5000000000000002 0.78462975126598034 36.785000000000004 5.5565000000000007 3.5000000000000004 119.13600000000001 5.5000000000000009 4.5000000000000009 5.5000000000000009 130.73500000000004 153.71500000000003 152.26500000000001 99.807500000000019 125.26250000000002 6.7215000000000007 1.0000000180025095e-35 66.765000000000015 36.205000000000005 2.5000000000000004 16.500000000000004 0.99857713534972048 0.2687500000000001 21.500000000000004 -5.049999999999998 30.001000000000001 30.185725000000001 1.0000000180025095e-35 0.50013865813216063 0.99897078088854441
decision_type=2 2 2 2 8 2 2 2 2 2 8 10 2 2 2 2 2 2 10 2 2 2 2 2 2 10 2 2 2 2
left_child=1 2 14 6 -4 11 8 -5 9 -3 16 17 -12 -14 25 19 -9 18 29 -16 -10 22 23 27 -2 -1 -27 -11 -15 -6
right_child=24 3 4 7 5 -7 -8 10 20 21 12 -13 13 28 15 -17 -18 -19 -20 -21 -22 -23 -24 -25 -26 26 -28 -29 -30 -31
leaf_value=0.010311746672241535 0.17203202505417958 -0.0016157106578863732 -0.70118041373624396 -0.50406304399670798 0.38893797610792413 -0.452922010830417 1.7083249339700033 0.3941068823512438 -0.23719751026873759 4.1377033205676623 0.065347865054100368 2.9071837051224168 3.3190208137398813 2.8393541075949571 -1.2387987815562047 1.0960483799815133 -0.46802309514407014 -1.0542268075819057 0.27797658992399904 3.2325984523063145 0.61814897988309292 0.52493475847111726 0.41302717817528933 0.2577139802027954 -0.71489981902242317 1.1152805284104088 -0.062721100296883575 2.3013495256242487 0.58649811729581458 -0.27769902619964043
leaf_weight=14319 2660 10792 12510 14680 3988 38390 2812 4112 14770 96 27458 929 1326 155 32 726 18296 10577 6757 120 3898 13370 3324 772 37124 1809 1410 1416 3951 29661
leaf_count=14319 2660 10792 12510 14680 3988 38390 2812 4112 14770 96 27458 929 1326 155 32 726 18296 10577 6757 120 3898 13370 3324 772 37124 1809 1410 1416 3951 29661
internal_value=-0.000823237 -0.000530324 -0.00129294 0.000232288 -0.00172023 -0.00140927 0.00135805 -0.000592187 0.0010789 0.00193651 -8.21018e-05 -0.000647443 0.000734265 0.00344993 0.00109253 0.008041 -0.00128035 -0.000784871 -0.000323715 0.0252632 -0.000288731 0.00305143 0.00518188 0.00901051 -0.00260834 0.000744668 0.00372942 0.0128571 0.00170969 -0.000788881
internal_weight=282240 242456 121228 121228 102812 90302 51250 69978 48438 29770 55298 51912 32890 5432 18416 878 22408 50983 40406 152 18668 18978 5608 2284 39784 17538 3219 1512 4106 33649
internal_count=282240 242456 121228 121228 102812 90302 51250 69978 48438 29770 55298 51912 32890 5432 18416 878 22408 50983 40406 152 18668 18978 5608 2284 39784 17538 3219 1512 4106 33649
is_linear=0
shrinkage=0.05


Tree=35
num_leaves=31
num_cat=0
split_feature=13 8 4 1 7 3 3 14 3 14 3 0 14 16 1 3 7 14 0 14 13 13 10 5 10 7 3 14 5 14
split_gain=56.6335 47.8175 46.5755 48.1804 50.4731 38.4196 38.8705 43.3303 38.2039 38.0716 35.9282 32.9886 28.0098 23.9641 23.0586 21.3573 22.5631 21.1667 21.0658 19.9911 19.2994 15.377 15.0227 13.4781 16.0469 13.3267 12.4168 12.3917 17.4137 16.6414
threshold=5.7825000000000015 1.2962098920777381 1.0000000180025095e-35 5.5000000000000009 0.90281379916604798 7.5000000000000009 6.5000000000000009 60.595000000000006 1.5000000000000002 121.46400000000001 1.5000000000000002 1.5000000000000002 65.02500000000002 27.176675000000003 19.500000000000004 1.5000000000000002 0.99897078088854441 23.271500000000003 1.5000000000000002 17.971500000000002 172.27250000000001 153.71500000000003 0.44285714285714334 1.0000000180025095e-35 -2.6357142857142843 1.0000317254658451 6.5000000000000009 36.33100000000001 1.0000000180025095e-35 33.871500000000005
decision_type=8 2 2 2 2 2 2 2 2 2 2 2 2 2 2 2 2 2 2 2 8 8 2 2 2 2 2 2 2 2
left_child=-1 2 3 17 8 6 7 15 9 14 -3 13 23 -7 -5 16 -6 26 -4 22 -14 -15 -10 24 -13 -23 -2 28 29 -18
right_child=1 10 18 4 5 11 -8 -9 19 -11 -12 12 20 21 -16 -17 27 -19 -20 -21 -22 25 -24 -25 -26 -27 -28 -29 -30 -31
leaf_value=-0.62558411001933845 0.18979555890595345 0.22776103306378445 -0.44154713509624666 3.5782294733010973 5.0700153060140982 -0.4441259284945076 -0.98691017305840123 -0.51370017602686069 1.0365213899740269 -0.059360979500248878 -0.89243664600910888 2.779378887670743 -0.7663035273518165 -0.34641875159067897 0.49739873575845722 0.084856378038221367 2.0536538111966416 -0.48117396295828291 -0.13998845114345101 0.2253271079797996 1.6849134792227272 2.4967028434660352 0.34774910641578805 -1.8561294220643019 1.3781270846647198 -2.0312625405442506 -0.28373621289619155 0.031661876090327307 -1.4222414755002954 11.793830419783342
leaf_weight=29110 6572 4977 30806 722 131 9529 7787 20661 5053 560 21673 377 3664 4062 296 24257 1408 23454 32821 15792 6609 5713 3294 417 9968 546 10188 1396 284 113
leaf_count=29110 6572 4977 30806 722 131 9529 7787 20661 5053 560 21673 377 3664 4062 296 24257 1408 23454 32821 15792 6609 5713 3294 417 9968 546 10188 1396 284 113
internal_value=-0.000809064 -0.000568879 -0.000333143 0.000115041 0.000607514 8.50156e-05 -0.000765299 -0.000236271 0.0025767 0.0101141 -0.00257223 0.00125046 0.00263014 -0.000211588 0.0158743 0.00106039 0.00481392 -0.00138683 -0.00148027 0.00208397 0.000762678 0.00145771 0.00406314 0.00441275 0.004768 0.00301246 -2.98341e-05 0.00398157 0.00671745 0.00883958
internal_weight=282240 253130 226480 162853 122639 96922 56037 48250 25717 1578 26650 40885 21035 19850 1018 27589 3332 40214 63627 24139 10273 10321 8347 10762 10345 6259 16760 3201 1805 1521
internal_count=282240 253130 226480 162853 122639 96922 56037 48250 25717 1578 26650 40885 21035 19850 1018 27589 3332 40214 63627 24139 10273 10321 8347 10762 10345 6259 16760 3201 1805 1521
is_linear=0
shrinkage=0.05


Tree=36
num_leaves=31
num_cat=0
split_feature=7 2 1 8 3 3 13 3 16 0 10 10 1 0 16 2 3 16 0 2 13 16 5 7 7 13 0 16 16 1
split_gain=55.633 42.5317 48.2752 43.8524 65.2315 41.4023 28.2098 27.3431 27.0025 21.4904 21.4639 20.0387 18.6809 16.765 16.6706 23.2462 16.6359 30.0199 19.7516 17.5065 17.5399 17.3672 16.501 16.1068 15.8925 24.5079 21.7904 16.0293 15.8712 16.2264
threshold=1.3301345007876055 4.5000000000000009 5.5000000000000009 0.98710200835667272 1.5000000000000002 8.5000000000000018 123.80150000000002 1.5000000000000002 106.7435 1.5000000000000002 1.6857142857142879 1.0000000180025095e-35 20.500000000000004 1.5000000000000002 76.364000000000019 1.0000000180025095e-35 6.5000000000000009 55.500750000000004 2.5000000000000004 2.5000000000000004 41.685000000000009 29.464625000000002 1.0000000180025095e-35 0.64735137188752534 0.68878972166184183 87.731500000000025 1.5000000000000002 27.176675000000003 124.68355 19.500000000000004
decision_type=2 2 2 2 2 2 8 2 2 2 2 2 2 2 2 2 2 2 2 2 10 2 2 2 2 10 2 2 2 2
left_child=1 2 -1 4 28 7 14 8 12 -2 23 -8 22 -3 15 -7 17 19 -18 20 -9 -20 24 -6 25 -5 -26 -28 29 -4
right_child=9 13 3 5 10 6 11 16 -10 -11 -12 -13 -14 -15 -16 -17 18 -19 21 -21 -22 -23 -24 -25 26 -27 27 -29 -30 -31
leaf_value=-0.30986751358835402 -0.78114818660424434 -0.41435072352713398 3.5076493729021245 2.0500951757487615 1.0029769293349868 1.067879280618961 1.5785602394983329 0.1179900293554475 -0.90678903538937916 -0.4640456241496449 -0.30062606348722171 -0.45346481061054766 -0.3626414467794265 -0.19924831032560897 -1.5241863529991493 -0.13809516449198261 -0.87587178101134855 -0.50535675068171348 1.0129311510076202 -0.17858394675121458 0.65720571669503558 -0.57082887860768483 -1.4887602213205162 0.27547724589784339 0.35464906793443068 0.20959924423840023 3.2322689123612314 1.5888435024584011 -1.3588601862366176 0.20263389811935206
leaf_weight=45760 14816 35956 1078 392 7112 2018 18770 10040 2466 14816 7292 2658 1558 35956 4280 7826 12156 18320 1204 9632 2400 2848 444 16996 2792 328 130 1810 148 238
leaf_count=45760 14816 35956 1078 392 7112 2018 18770 10040 2466 14816 7292 2658 1558 35956 4280 7826 12156 18320 1204 9632 2400 2848 444 16996 2792 328 130 1810 148 238
internal_value=-0.000817568 -0.00057714 -0.000167852 0.000308071 0.0018966 -0.000203387 0.00117405 -0.000939568 0.00148185 -0.00286717 0.0014156 0.00231753 0.00298229 -0.00160557 -0.000560749 0.000571921 -0.00136396 -0.000820956 -0.00271718 0.000420894 0.00165997 0.000306021 0.00426899 0.00213456 0.00502384 0.0119444 0.00397084 0.00804124 0.0122131 0.013959
internal_weight=282240 252608 180696 134936 32864 102072 35552 66520 9920 29632 31400 21428 7454 71912 14124 9844 56600 40392 16208 22072 12440 4052 5896 24108 5452 720 4732 1940 1464 1316
internal_count=282240 252608 180696 134936 32864 102072 35552 66520 9920 29632 31400 21428 7454 71912 14124 9844 56600 40392 16208 22072 12440 4052 5896 24108 5452 720 4732 1940 1464 1316
is_linear=0
shrinkage=0.05


Tree=37
num_leaves=31
num_cat=0
split_feature=8 2 1 7 13 3 13 14 12 1 16 2 13 14 15 3 14 13 14 15 16 14 13 13 13 3 3 14 15 14
split_gain=54.4505 43.1867 43.6021 45.2216 31.3911 30.7383 30.6087 24.7477 24.2101 29.5642 26.2446 21.4536 31.6884 20.6999 18.7535 17.9208 17.4112 16.8832 16.8695 24.8676 18.8159 33.7797 17.0655 16.4577 15.2334 15.0996 14.8473 38.6836 18.8297 13.5698
threshold=1.3276961024240657 3.5000000000000004 5.5000000000000009 0.90281379916604798 27.473500000000005 1.5000000000000002 228.58500000000004 66.765000000000015 0.68875000000000008 20.500000000000004 42.037975000000003 1.0000000180025095e-35 84.485000000000014 230.19650000000004 101.55500000000002 1.5000000000000002 -6.0199999999999987 33.811000000000007 33.02150000000001 267.93000000000006 5.3487500000000008 3.5210000000000004 89.855000000000004 7.8840000000000012 74.153500000000022 7.5000000000000009 1.5000000000000002 30.012500000000006 46.225000000000001 23.271500000000003
decision_type=2 2 2 2 8 2 10 2 2 2 2 2 10 2 2 2 2 8 2 2 2 2 8 8 8 2 2 2 2 2
left_child=1 2 29 8 16 -2 7 11 9 10 15 12 14 -8 -5 -4 23 -13 19 20 -6 -22 -20 -3 -9 -26 27 -23 -29 -1
right_child=5 4 3 6 18 -7 13 24 -10 -11 -12 17 -14 -15 -16 -17 -18 -19 22 -21 21 26 -24 -25 25 -27 -28 28 -30 -31
leaf_value=-0.067050332250237168 0.13481544970777876 0.073820929570399166 3.6271123874088569 0.2181895690824483 -0.4170356664255917 -0.78343464515104744 4.3140195631478413 -0.95668654024466315 -0.087713747834348765 -0.038123256000618722 0.60361428108237736 -0.42567688476370197 2.3948747509149402 0.60212254016402667 1.4342485806568595 1.1755952617983689 -0.5890145972204438 0.11033501269607182 -0.63653258492010723 6.1642802496087885 0.65359530605005423 0.17946464966897768 -0.24658413516390262 1.3865662260501896 -0.43427510734461372 0.85373853030548552 -0.096155015198526428 8.7964352890633979 1.5533209958779726 -0.46758722189639484
leaf_weight=16566 4896 233 402 12019 11010 24136 587 8059 5222 4336 7540 11202 377 633 1296 5316 24645 30129 10978 74 3637 1178 29143 115 12125 8973 26773 110 56 20474
leaf_count=16566 4896 233 402 12019 11010 24136 587 8059 5222 4336 7540 11202 377 633 1296 5316 24645 30129 10978 74 3637 1178 29143 115 12125 8973 26773 110 56 20474
internal_value=-0.000811722 -0.000576563 -1.36323e-05 0.000493179 -0.00133402 -0.0028627 -3.513e-05 -0.000149086 0.00247063 0.00335796 0.00453009 0.000474982 0.00219033 0.00782787 0.00178558 0.00708464 -0.00288741 -9.32726e-05 -0.000866031 -0.000176013 -0.000226126 0.000391446 -0.00160278 0.00821839 -0.00132678 -0.000620439 -0.000195079 0.00493303 0.0275301 -0.00149433
internal_weight=282240 253208 145256 108216 107952 29032 85400 84180 22816 17594 13258 55023 13692 1220 13315 5718 24993 41331 82959 42838 42764 31754 40121 348 29157 21098 28117 1344 166 37040
internal_count=282240 253208 145256 108216 107952 29032 85400 84180 22816 17594 13258 55023 13692 1220 13315 5718 24993 41331 82959 42838 42764 31754 40121 348 29157 21098 28117 1344 166 37040
is_linear=0
shrinkage=0.05


Tree=38
num_leaves=31
num_cat=0
split_feature=7 13 14 0 13 13 3 3 16 0 3 3 15 12 2 2 1 14 15 7 1 3 6 14 15 7 1 3 13 10
split_gain=53.5631 36.18 36.0173 43.1183 36.1777 34.3011 27.2819 54.1624 22.8957 22.3059 20.3998 18.0019 19.6241 21.2656 17.6478 17.2671 16.9557 16.7878 15.0941 25.16 15.0124 14.7162 14.4399 14.0197 13.616 13.4189 17.217 14.7257 19.4773 13.1679
threshold=1.3301345007876055 5.9910000000000005 52.901500000000006 2.5000000000000004 79.719000000000008 37.165000000000006 6.5000000000000009 9.5000000000000018 19.430150000000001 1.5000000000000002 7.5000000000000009 7.5000000000000009 36.402500000000011 1.0000000180025095e-35 3.5000000000000004 1.0000000180025095e-35 16.500000000000004 -2.2874999999999996 125.26250000000002 0.6115435509015904 20.500000000000004 1.5000000000000002 1.0008124909445437 77.141000000000005 69.282500000000013 0.99423855431007591 4.5000000000000009 1.5000000000000002 13.825000000000001 -8.2607142857142843
decision_type=2 8 2 2 8 10 2 2 2 2 2 2 2 2 2 2 2 2 2 2 2 2 2 2 2 2 2 2 8 2
left_child=1 -1 3 5 -4 6 14 11 -7 -2 23 17 13 -13 25 -10 -5 -8 -9 -20 -18 -16 -12 24 29 26 -3 28 -28 -6
right_child=9 2 4 16 10 8 7 18 15 -11 22 12 -14 -15 21 -17 20 -19 19 -21 -22 -23 -24 -25 -26 -27 27 -29 -30 -31
leaf_value=-0.50423936232522848 -0.71639824624853476 -0.16607604036345266 -0.73145526221718371 0.25625063142365451 1.5114959319998398 0.57575788205313427 1.1178750425766801 0.05165906775321219 0.84418086543051318 -0.42653137738459573 0.63055299301831891 -0.74837936962886742 0.94107405239200181 0.24518346067687655 0.41122016253960114 -0.019277283066191659 1.8058404713037917 -0.85060807610427092 2.909546288328162 2.0499428758437497 0.41604036939663636 -0.22156591889970337 -0.83489310878153133 -0.42129079890616894 0.34275743276064169 0.064017244625665104 5.4296588607625731 0.72961194339124735 2.0053018094800024 -0.29697699792383009
leaf_weight=23695 14816 1717 22851 20235 43 5896 184 19439 1470 14816 21883 14893 2674 3915 2093 12511 3094 11829 121 822 3174 18207 3225 24887 5042 15233 75 4179 568 8653
leaf_count=23695 14816 1717 22851 20235 43 5896 184 19439 1470 14816 21883 14893 2674 3915 2093 12511 3094 11829 121 822 3174 18207 3225 24887 5042 15233 75 4179 568 8653
internal_value=-0.00080375 -0.000567838 -0.000375318 0.000113855 -0.00117943 -0.000302438 -0.000694068 -0.00143911 0.00158802 -0.00281486 -0.000567447 -0.00267577 -0.00180896 -0.00237878 0.000260029 0.000486016 0.00193318 -0.00422584 0.000593169 0.00677094 0.00420549 -0.000800494 0.000542057 -0.00128867 -6.55236e-06 0.00124885 0.00314345 0.00467441 0.0117185 -0.00120515
internal_weight=282240 252608 228913 142329 86584 115826 95949 53877 19877 29632 63733 33495 21482 18808 42072 13981 26503 12013 20382 943 6268 20300 25108 38625 13738 21772 6539 4822 643 8696
internal_count=282240 252608 228913 142329 86584 115826 95949 53877 19877 29632 63733 33495 21482 18808 42072 13981 26503 12013 20382 943 6268 20300 25108 38625 13738 21772 6539 4822 643 8696
is_linear=0
shrinkage=0.05


Tree=39
num_leaves=31
num_cat=0
split_feature=8 0 7 14 13 7 5 15 14 16 13 14 1 1 8 14 13 13 1 4 16 1 7 10 10 7 15 14 4 14
split_gain=52.258 50.8142 43.8269 38.418 27.4193 26.3707 21.1661 21.4083 26.5899 21.0357 19.1988 17.0602 17.373 16.4347 16.0945 14.1428 16.0968 14.1384 13.4491 17.3282 12.9111 12.8822 12.8752 11.4184 11.2586 11.2319 10.9869 10.5261 10.2503 9.5378
threshold=1.3276961024240657 1.5000000000000002 0.78462975126598034 20.191000000000006 89.855000000000004 1.047729950561578 1.0000000180025095e-35 157.36250000000004 95.33750000000002 1.9492500000000001 36.205000000000005 77.141000000000005 15.500000000000002 21.500000000000004 0.69483301236606598 12.641500000000002 5.9910000000000005 165.47100000000003 16.500000000000004 1.0000000180025095e-35 9.5642250000000022 21.500000000000004 0.53998001934824225 -5.049999999999998 3.4000000000000017 0.93237283874569543 2.3010000000000006 1.9310000000000003 1.0000000180025095e-35 230.19650000000004
decision_type=2 2 2 2 8 2 2 2 2 2 8 2 2 2 2 2 10 10 2 2 2 2 2 2 2 2 2 2 2 2
left_child=1 2 24 9 -5 10 7 11 -9 -3 15 12 -6 -14 20 16 -4 28 19 -16 -11 25 -10 -2 26 -20 -1 -21 -12 -19
right_child=23 3 5 4 6 -7 -8 8 22 14 17 -13 13 -15 18 -17 -18 29 21 27 -22 -23 -24 -25 -26 -27 -28 -29 -30 -31
leaf_value=-0.34258859778533229 0.18159562411666577 -0.25844684740801233 -0.44355946253990641 -0.38461809286405835 0.0056830669563364975 -0.62645211698852254 -1.2501202344664062 2.7599700081069498 2.3412773088962235 0.23138073827467848 -0.11230313905503481 -0.24657339866857769 0.94251085318030392 -0.15088675547470118 0.42245496718000997 -0.73248223602762941 0.077202877184979896 2.6484937103147002 1.9592778814428951 0.51998386973655186 1.2390823395787702 0.1760272630769536 0.29847574668999644 -0.66575733074733667 -0.89167082730381042 1.1915005394240326 0.3477560290778311 -0.35663262145366204 -0.33028798768844481 -0.72255283981715523
leaf_weight=2502 1972 4612 5206 31903 19018 20760 2546 1664 219 1412 42479 24080 7040 2640 11870 15026 5457 874 430 1606 2164 2130 4272 27060 1658 3030 15664 5968 16424 554
leaf_count=2502 1972 4612 5206 31903 19018 20760 2546 1664 219 1412 42479 24080 7040 2640 11870 15026 5457 874 430 1606 2164 2130 4272 27060 1658 3030 15664 5968 16424 554
internal_value=-0.000806939 -0.000576563 -0.00128487 0.000131748 -0.000387763 -0.00168571 0.000229427 0.000422258 0.00321283 0.00159202 -0.0012997 9.68195e-05 0.000920272 0.00264463 0.00209717 -0.00244443 -0.00105177 -0.00081227 0.00164896 0.00102757 0.0052349 0.00381037 0.00121242 -0.0028162 0.000874192 0.00569364 0.00123417 -0.000841036 -0.000931448 0.00410364
internal_weight=282240 253208 126604 126604 93382 106780 61479 58933 6155 33222 86020 52778 28698 9680 28610 25689 10663 60331 25034 19444 3576 5590 4491 29032 19824 3460 18166 7574 58903 1428
internal_count=282240 253208 126604 126604 93382 106780 61479 58933 6155 33222 86020 52778 28698 9680 28610 25689 10663 60331 25034 19444 3576 5590 4491 29032 19824 3460 18166 7574 58903 1428
is_linear=0
shrinkage=0.05


Tree=40
num_leaves=31
num_cat=0
split_feature=8 0 3 5 14 2 7 13 2 16 15 3 3 2 3 14 2 3 13 15 16 8 1 16 0 1 3 14 13 2
split_gain=49.8149 47.0208 41.7725 32.0477 28.0546 28.033 29.7577 26.1401 22.6149 22.475 19.0321 25.7164 21.4477 30.3486 19.5124 20.7227 17.4469 17.1636 16.0663 15.2768 14.4064 14.3809 14.2109 17.8454 37.8744 18.1838 13.6894 23.66 13.6669 12.6778
threshold=1.0517211997345159 1.5000000000000002 1.5000000000000002 1.0000000180025095e-35 12.233500000000001 3.5000000000000004 0.96217608847446312 89.855000000000004 1.5000000000000002 5.882975000000001 220.45500000000001 9.5000000000000018 8.5000000000000018 1.0000000180025095e-35 10.500000000000002 77.141000000000005 1.0000000180025095e-35 3.5000000000000004 153.71500000000003 1.0310000000000004 80.671225000000007 1.3444242495514274 6.5000000000000009 26.820500000000003 1.5000000000000002 19.500000000000004 11.500000000000002 128.57000000000002 10.391500000000002 5.5000000000000009
decision_type=2 2 2 2 2 2 2 8 2 2 2 2 2 2 2 2 2 2 10 2 2 2 2 2 2 2 2 2 8 2
left_child=1 5 8 4 9 6 -1 16 -2 -3 14 12 20 -14 15 17 -6 -9 28 -16 -12 -4 -10 24 -24 -26 27 -20 -8 -15
right_child=2 3 21 -5 7 -7 18 10 22 -11 11 -13 13 29 19 -17 -18 -19 26 -21 -22 -23 23 -25 25 -27 -28 -29 -30 -31
leaf_value=0.36564791113587314 -0.94031239145578904 0.037614014721079385 -0.36798982066198072 -0.92364194763617646 0.29219139771304425 -0.37291643677969372 -0.51984871039575553 0.65139697349558345 -0.084241875623070298 0.70628116549450626 2.06377319896042 0.69758792779740586 -6.2977972549565893 7.1444087139557881 2.2713223205667186 -0.3107182803576376 -0.4202778424098047 0.015396730156991542 2.8829058958476845 1.0995786785665986 -1.2262306472067968 -0.70625209798446931 0.76224665471056141 0.25700304992830741 3.2011767012496808 1.3327625985337639 0.13858307789957111 4.7883115001802583 -0.18493389266280622 0.99974054017209402
leaf_weight=13912 1448 8656 28240 5016 5327 47016 7364 8449 1816 11908 68 2034 124 351 254 17889 24553 17915 280 8763 303 22736 1258 2888 294 168 550 70 42504 86
leaf_count=13912 1448 8656 28240 5016 5327 47016 7364 8449 1816 11908 68 2034 124 351 254 17889 24553 17915 280 8763 303 22736 1258 2888 294 168 550 70 42504 86
internal_value=-0.000794892 -0.000453957 -0.00208911 0.00027145 0.000455098 -0.00117936 -0.000504021 5.88729e-05 0.00130081 0.00211437 0.00069386 0.00459204 0.01147 0.0176381 0.000476815 4.48545e-05 -0.00113621 0.000936124 -0.00106544 0.00259676 0.00214286 -0.0026126 0.00257316 0.00404948 0.00808139 0.0203247 0.00555555 0.0132857 -0.00118493 0.023833
internal_weight=282240 223392 58848 111696 106680 111696 64680 86116 7872 20564 56236 2966 932 561 53270 44253 29880 26364 50768 9017 371 50976 6424 4608 1720 462 900 350 49868 437
internal_count=282240 223392 58848 111696 106680 111696 64680 86116 7872 20564 56236 2966 932 561 53270 44253 29880 26364 50768 9017 371 50976 6424 4608 1720 462 900 350 49868 437
is_linear=0
shrinkage=0.05


Tree=41
num_leaves=31
num_cat=0
split_feature=10 8 13 3 3 14 3 7 3 3 14 13 7 15 13 13 2 3 13 2 3 14 0 14 13 14 14 15 13 14
split_gain=49.67 41.0411 36.3515 34.2901 30.8968 43.2165 30.7252 23.0055 21.6858 35.5567 45.6733 38.0588 35.1668 34.5128 25.207 20.1531 19.7781 36.4052 19.6987 18.2596 16.0747 20.946 18.4953 15.7594 23.4723 15.2915 14.9814 16.9174 15.5758 14.8596
threshold=1.9320512820512807 0.88496692339787264 21.415000000000003 8.5000000000000018 6.5000000000000009 32.601000000000006 4.5000000000000009 1.3160383716388397 11.500000000000002 10.500000000000002 8.1440000000000019 113.73250000000002 0.99897078088854441 241.35000000000005 413.92000000000002 252.66000000000003 1.0000000180025095e-35 9.5000000000000018 63.45150000000001 5.5000000000000009 7.5000000000000009 -2.2874999999999996 2.5000000000000004 5.5515000000000008 43.355000000000004 115.67250000000001 77.141000000000005 87.756500000000003 69.784500000000023 79.955000000000013
decision_type=2 2 8 2 2 2 2 2 2 2 2 8 2 2 10 8 2 2 10 2 2 2 2 2 8 2 2 2 10 2
left_child=1 -1 -3 4 5 6 23 8 9 13 12 -12 -11 29 -13 -10 -15 19 -14 -18 21 -6 -22 24 -4 -17 27 28 -7 -5
right_child=-2 2 3 7 20 26 -8 -9 15 10 11 14 18 16 -16 25 17 -19 -20 -21 22 -23 -24 -25 -26 -27 -28 -29 -30 -31
leaf_value=0.18312225630585616 -0.59429519804538511 -0.43467559841290265 1.3312785575954402 0.099547183240813686 0.90322306232345884 -0.32762247678519718 -0.12378806841965791 -0.72065309300731051 -0.80566752511211104 -0.12663449845313476 -0.31435670733685656 2.0919719716650089 3.503562531741764 -3.4311735855169561 3.4157726087364439 -0.48273179166180724 7.3367058562672272 0.62989494999840268 4.5106072747026991 0.78154910114535736 -0.57739310286260259 -0.91614233173519755 0.50722856062973898 0.22918059132430893 0.4670474412200098 1.4672463559960522 -0.50333920975859492 0.29188684717494656 0.22708012408830847 -1.4119891520672916
leaf_weight=45702 33580 36645 410 19313 235 25584 12550 3925 5268 376 3414 8033 759 301 38 4534 369 444 211 112 8220 12618 3178 11806 4062 4669 23172 4983 3493 4236
leaf_count=45702 33580 36645 410 19313 235 25584 12550 3925 5268 376 3414 8033 759 301 38 4534 369 444 211 112 8220 12618 3178 11806 4062 4669 23172 4983 3493 4236
internal_value=-0.000785857 -0.000542107 -0.000846925 -0.000532822 -0.00104437 -0.000600164 0.000978561 0.000474803 0.000753018 0.00138595 0.00352233 0.00250109 0.0122363 0.000279514 0.00437306 -0.000891785 0.0084584 0.0120811 0.017268 0.0216112 -0.00262072 -0.00383296 -0.00125373 0.00241184 0.00493962 0.000519938 -0.00139537 -0.000728128 -0.00118943 -0.000146292
internal_weight=282240 248660 202958 166313 110311 86060 28828 56002 52077 37606 12831 11485 1346 24775 8071 14471 1226 925 970 481 24251 12853 11398 16278 4472 9203 57232 34060 29077 23549
internal_count=282240 248660 202958 166313 110311 86060 28828 56002 52077 37606 12831 11485 1346 24775 8071 14471 1226 925 970 481 24251 12853 11398 16278 4472 9203 57232 34060 29077 23549
is_linear=0
shrinkage=0.05


Tree=42
num_leaves=31
num_cat=0
split_feature=7 2 1 5 14 3 3 8 3 3 15 7 8 0 1 0 10 0 15 10 1 2 8 14 7 10 1 2 16 15
split_gain=48.5811 34.0335 39.629 34.7522 34.635 47.5481 30.7569 28.7977 26.1373 50.7882 28.3564 37.4373 23.1078 21.7606 20.4501 17.9619 17.9093 17.0753 22.1868 18.5147 16.5055 16.2453 14.9621 16.944 14.7396 14.2616 13.9493 15.9109 18.6873 15.7856
threshold=1.3301345007876055 4.5000000000000009 5.5000000000000009 1.0000000180025095e-35 71.612500000000011 1.5000000000000002 9.5000000000000018 0.99857713534972048 6.5000000000000009 7.5000000000000009 36.902500000000011 0.81979597625402112 0.67525839112292518 1.5000000000000002 20.500000000000004 2.5000000000000004 1.8571428571428583 1.5000000000000002 1.0310000000000004 -2.6857142857142837 9.5000000000000018 1.0000000180025095e-35 0.95191024082017772 182.51100000000002 0.61645545211561215 -6.6321428571428553 20.500000000000004 2.5000000000000004 4.2537250000000011 43.102500000000006
decision_type=2 2 2 2 2 2 2 2 2 2 2 2 2 2 2 2 2 2 2 2 2 2 2 2 2 2 2 2 2 2
left_child=1 2 -1 4 5 7 8 -4 12 -10 11 -11 -7 -2 16 -13 17 25 21 -20 -14 -19 23 -15 -6 -8 27 28 -9 -29
right_child=13 -3 3 -5 24 6 14 26 9 10 -12 15 20 22 -16 -17 -18 18 19 -21 -22 -23 -24 -25 -26 -27 -28 29 -30 -31
leaf_value=-0.27015669021546318 -0.6042828828563156 -0.27439111665169558 3.379802677033692 -1.0274238213757265 0.34397168560577968 0.99417845936179305 2.4252344116017484 5.0980581970533816 -0.77188862654742196 1.2042207938078262 1.4498386963814083 -0.56781922379317595 0.48118660020722825 0.19387659947493677 -0.18094943063461102 0.73438075124425184 -0.39813762027643329 6.0898785771713788 4.1096695867716218 1.3051118033422573 0.0059507043093128802 1.7410465421521177 -0.60716161832451554 6.0366295713862099 -0.38209304695710294 0.5357122357964087 -0.24930121651493131 3.3603842522937835 0.28912983606629106 0.8193078287494826
leaf_weight=45760 14816 71912 814 4728 4956 3794 348 32 10188 2116 4336 10016 5798 4812 3738 1436 1774 108 250 4596 25516 200 9924 80 38304 7654 992 712 1768 762
leaf_count=45760 14816 71912 814 4728 4956 3794 348 32 10188 2116 4336 10016 5798 4812 3738 1436 1774 108 250 4596 25516 200 9924 80 38304 7654 992 712 1768 762
internal_value=-0.000774696 -0.000550023 -0.000183901 0.000247301 0.000400205 0.000975409 0.000684149 0.00566929 0.000157436 -0.000979284 0.00062444 -0.000500443 0.00106699 -0.00269 0.00246732 -0.00162941 0.00329538 0.00393128 0.00617578 0.00534874 0.000620488 0.0191883 -0.00133504 0.000928045 -0.000755896 0.00248563 0.00402485 0.00559865 0.00244444 0.00945047
internal_weight=282240 252608 180696 134936 130208 86948 81868 5080 63200 28092 17904 13568 35108 29632 18668 11452 14930 13156 5154 4846 31314 308 14816 4892 43260 8002 4266 3274 1800 1474
internal_count=282240 252608 180696 134936 130208 86948 81868 5080 63200 28092 17904 13568 35108 29632 18668 11452 14930 13156 5154 4846 31314 308 14816 4892 43260 8002 4266 3274 1800 1474
is_linear=0
shrinkage=0.05


Tree=43
num_leaves=31
num_cat=0
split_feature=8 0 7 14 3 3 16 3 5 1 13 13 14 13 15 15 6 15 15 3 3 16 16 13 3 14 3 10 15 1
split_gain=47.5629 41.4809 39.161 32.0604 27.3615 31.2992 56.9189 26.6426 24.6256 22.0147 20.3154 20.188 19.9615 24.1971 21.8472 22.3417 25.6106 21.6603 17.8745 19.5697 22.2898 22.2328 15.9115 14.8083 14.6546 28.1474 18.3554 25.8293 32.1923 17.4278
threshold=1.3444242495514274 1.5000000000000002 1.0088498492910212 20.191000000000006 10.500000000000002 6.5000000000000009 32.411750000000005 1.5000000000000002 1.0000000180025095e-35 5.5000000000000009 89.855000000000004 37.693500000000007 6.7215000000000007 112.08250000000001 21.971500000000002 33.501000000000012 0.81134582520255194 125.26250000000002 220.45500000000001 9.5000000000000018 8.5000000000000018 179.13925000000003 1.9492500000000001 4.3535000000000013 1.5000000000000002 77.141000000000005 10.500000000000002 -1.728571428571428 82.577500000000001 20.500000000000004
decision_type=2 2 2 2 2 2 2 2 2 2 8 10 2 8 2 2 2 2 2 2 2 2 2 8 2 2 2 2 2 2
left_child=1 2 4 22 5 6 23 -2 9 -5 -11 -7 14 -14 -6 16 -16 -17 24 20 -20 -22 -3 -1 25 29 -26 28 -28 -12
right_child=7 3 -4 8 12 11 -8 -9 -10 10 18 -13 13 -15 15 17 -18 -19 19 -21 21 -23 -24 -25 26 -27 27 -29 -30 -31
leaf_value=-0.23690427474160358 0.10581099272855846 -0.22207715660635638 -0.5250044391976677 -0.31795589910637034 0.21787440027148791 -0.53837085337236501 -0.34178704390077325 -0.63207523542693356 -1.071538285518512 -0.24803244916674752 2.406561571438846 0.33316554844486812 -0.44774000717743512 1.2295101132632007 0.0077671424097172344 0.10287377258778907 5.1216967191041478 2.5896828015704276 0.3026194568305336 0.92038303637852303 6.2512005428398414 1.6656084007330365 0.36756328645333253 0.26181912763717774 -0.066575437005742921 0.091410663446912857 0.57691039221351326 0.69224613871160434 6.1162845213528536 -0.16842246490497259
leaf_weight=2866 4712 4640 23268 20358 1308 33607 27976 22736 4112 22271 1280 3401 5111 8757 90 530 202 134 396 1756 286 241 28798 20146 32464 2750 587 6658 451 348
leaf_count=2866 4712 4640 23268 20358 1308 33607 27976 22736 4112 22271 1280 3401 5111 8757 90 530 202 134 396 1756 286 241 28798 20146 32464 2750 587 6658 451 348
internal_value=-0.000767256 -0.000554218 -0.00119219 8.37534e-05 -0.000777794 -0.00112483 -0.000321449 -0.00274483 -0.000389431 -0.00021626 0.000207373 -0.00223168 0.00111517 0.000404527 0.0054682 0.0112134 0.0227397 0.00614458 0.000794522 0.0047611 0.0106555 0.0173909 0.00141336 0.00152051 0.000555929 0.00330288 0.000256473 0.00245192 0.00978805 0.00851351
internal_weight=282240 254792 127396 127396 104128 87996 50988 27448 93958 89846 69488 37008 16132 13868 2264 956 292 664 47217 2679 923 527 33438 23012 44538 4378 40160 7696 1038 1628
internal_count=282240 254792 127396 127396 104128 87996 50988 27448 93958 89846 69488 37008 16132 13868 2264 956 292 664 47217 2679 923 527 33438 23012 44538 4378 40160 7696 1038 1628
is_linear=0
shrinkage=0.05


Tree=44
num_leaves=31
num_cat=0
split_feature=8 0 7 5 14 15 7 3 3 3 3 14 13 8 14 3 13 15 2 3 3 13 3 15 14 13 3 0 2 15
split_gain=45.0461 40.0642 38.1576 29.6914 30.4258 34.9385 26.7128 25.5853 22.4424 21.3647 21.0288 33.5829 20.5705 18.2531 16.1265 15.7832 14.8904 19.6054 14.3621 16.8806 15.2695 14.2922 16.0982 15.9842 13.2713 12.6561 12.3859 13.7629 12.0061 11.5954
threshold=1.3444242495514274 1.5000000000000002 0.6972043456550211 1.0000000180025095e-35 75.33250000000001 94.197500000000005 1.1424940957926981 1.5000000000000002 1.5000000000000002 10.500000000000002 6.5000000000000009 32.601000000000006 107.41500000000001 1.2116795394887745 12.233500000000001 11.500000000000002 153.71500000000003 22.371500000000005 2.5000000000000004 10.500000000000002 11.500000000000002 130.73500000000004 10.500000000000002 241.35000000000005 1.0225000000000002 20.664000000000005 4.5000000000000009 2.5000000000000004 4.5000000000000009 157.36250000000004
decision_type=2 2 2 2 2 2 2 2 2 2 2 2 8 2 2 2 10 2 2 2 2 8 2 2 2 10 2 2 2 2
left_child=1 2 29 4 5 8 9 -2 13 10 11 -4 24 -3 18 16 -14 -18 26 -20 28 -6 23 -23 -11 -12 -10 -28 -21 -1
right_child=7 3 6 -5 21 -7 -8 -9 14 12 25 -13 15 -15 -16 -17 17 -19 19 20 -22 22 -24 -25 -26 -27 27 -29 -30 -31
leaf_value=0.20359821905357786 0.1005204430921306 0.82359845254780373 0.067395358985101517 -0.82527536768865795 -0.50462504641427675 0.73376828023669494 -0.53485573076513204 -0.60047147365558695 0.78207561091339528 1.2322789509330765 -0.54948077631831771 -0.39912951873297281 1.7577452087441678 1.9611763578192063 -0.088798364266972463 0.0037101449181896392 -0.15116966439321333 3.483277692036669 -0.017908168076264767 0.79825224517261328 -0.29265335004600529 -0.27764631894525915 1.2494764470540782 2.9973206543948567 -0.37696949066470803 -0.058872512267210242 0.046901446033634005 1.0608609740990622 2.655765244533812 2.4773425187495599
leaf_weight=14714 4712 3514 22844 5508 15397 10970 16796 22736 918 210 26960 24204 4163 284 45278 4962 138 238 13602 414 338 18066 6316 609 5421 6448 3316 2372 494 298
leaf_count=14714 4712 3514 22844 5508 15397 10970 16796 22736 918 210 26960 24204 4163 284 45278 4962 138 238 13602 414 338 18066 6316 609 5421 6448 3316 2372 494 298
internal_value=-0.000772925 -0.0005656 -0.00119258 6.13822e-05 0.000223647 0.000779753 -0.00150885 -0.00269747 0.000371472 -0.00118571 -0.00150989 -0.000828729 0.000537932 0.00411006 0.000158693 0.00195716 0.0040879 0.013617 0.00128787 0.000424972 0.00599518 -0.000898535 -0.000160259 -0.000898261 -0.00185669 -0.00246917 0.00322737 0.00235759 0.00937225 0.00117506
internal_weight=282240 254792 127396 127396 121888 81500 112384 27448 70530 95588 80456 47048 15132 3798 66732 9501 4539 376 21454 14848 1246 40388 24991 18675 5631 33408 6606 5688 908 15012
internal_count=282240 254792 127396 127396 121888 81500 112384 27448 70530 95588 80456 47048 15132 3798 66732 9501 4539 376 21454 14848 1246 40388 24991 18675 5631 33408 6606 5688 908 15012
is_linear=0
shrinkage=0.05


Tree=45
num_leaves=31
num_cat=0
split_feature=7 5 1 2 1 3 16 8 3 3 14 0 7 15 14 3 17 14 7 1 14 15 16 15 16 8 17 8 16 14
split_gain=44.4893 30.4279 30.2624 35.852 33.6804 33.2561 43.5388 35.9035 30.5992 53.255 33.3494 21.7123 19.4468 18.4918 18.9123 24.598 26.2545 16.4517 15.8434 15.7089 15.019 20.7204 43.79 15.7225 15.1341 14.4733 13.6125 13.5057 15.7759 13.2404
threshold=1.2914970318882129 1.0000000180025095e-35 5.5000000000000009 4.5000000000000009 20.500000000000004 1.5000000000000002 106.7435 0.99857713534972048 7.5000000000000009 6.5000000000000009 59.985000000000007 1.5000000000000002 0.67346635681639844 152.26500000000001 182.51100000000002 10.500000000000002 54.000000000000007 -3.3899999999999992 0.68878972166184183 15.500000000000002 36.33100000000001 78.135000000000005 35.985150000000012 104.16350000000001 70.830400000000012 0.72353110269306564 54.000000000000007 0.88496692339787264 154.37575000000001 45.985000000000007
decision_type=2 2 2 2 2 2 2 2 2 2 2 2 2 2 2 2 2 2 2 2 2 2 2 2 2 2 2 2 2 2
left_child=1 2 29 4 5 6 7 -4 9 10 25 -2 -10 17 15 -15 -17 -5 26 -19 21 22 -20 -22 -25 -7 -9 28 -13 -1
right_child=11 -3 3 13 -6 8 -8 18 12 -11 -12 27 -14 14 -16 16 -18 19 20 -21 23 -23 -24 24 -26 -27 -28 -29 -30 -31
leaf_value=-0.16208413648448286 -0.51583202191486632 -0.69042295286828481 3.1773525125796591 0.54121726700699602 -0.33552108332998687 0.93234418420699672 -0.50556625611231987 0.47587766593024361 0.88091797340323696 -0.72786440771178829 -0.27321928693960656 0.23948826994789588 0.39628556490138844 0.84709933168445817 -1.2766539725502026 0.54560634757002413 4.6341894678989393 -0.40951903476553109 1.052226730478802 -0.092929322850093282 -0.073092996787069472 -0.16665875132940777 10.636343547632691 -1.4682715851783752 2.8623604493717298 0.15755280134464789 1.4381426089959461 -0.51054996819554244 4.734899688179536 -0.44595251499304034
leaf_weight=41618 16404 10448 834 1090 21920 3246 2552 360 4720 10280 17552 4376 40824 474 570 110 110 26126 662 21448 2678 464 180 168 518 21330 360 11920 108 18790
leaf_count=41618 16404 10448 834 1090 21920 3246 2552 360 4720 10280 17552 4376 40824 474 570 110 110 26126 662 21448 2678 464 180 168 518 21330 360 11920 108 18790
internal_value=-0.000772748 -0.00054508 -0.000429612 -0.000102367 0.000338986 0.000705624 0.00365428 0.00590938 0.00044144 -0.000382386 0.000404955 -0.00250366 0.00138942 -0.00123959 0.00473101 0.0102738 0.0240909 -0.00139467 0.00441558 -0.00153382 0.00335118 0.00790199 0.0125772 0.00158442 0.00833819 0.00159383 0.0113194 -0.00121739 0.00112177 -0.001397
internal_weight=282240 249432 238984 178576 128648 106728 8776 6224 97952 52408 42128 32808 45544 49928 1264 694 220 48664 5390 47574 4670 1306 842 3364 686 24576 720 16404 4484 60408
internal_count=282240 249432 238984 178576 128648 106728 8776 6224 97952 52408 42128 32808 45544 49928 1264 694 220 48664 5390 47574 4670 1306 842 3364 686 24576 720 16404 4484 60408
is_linear=0
shrinkage=0.05


Tree=46
num_leaves=31
num_cat=0
split_feature=10 7 0 13 16 3 3 13 15 15 16 13 3 16 3 16 16 13 3 16 13 16 3 1 1 15 7 16 10 7
split_gain=43.8116 31.6779 32.1195 31.5507 27.0687 24.3858 35.1513 25.7935 21.9859 14.7903 17.1657 20.6039 19.9615 20.4879 26.3424 22.5945 15.9064 16.7774 15.6215 14.4794 13.6855 12.4375 12.0046 12.3688 13.8319 16.1773 11.4594 16.0563 11.5809 19.2667
threshold=2.0500000000000003 0.64735137188752534 2.5000000000000004 21.415000000000003 60.525350000000003 10.500000000000002 11.500000000000002 107.41500000000001 127.90000000000002 267.93000000000006 79.786524999999997 50.641000000000012 6.5000000000000009 31.660375000000002 2.5000000000000004 24.700750000000003 5.1990249999999998 34.981500000000004 7.5000000000000009 16.533150000000003 29.701500000000003 -3.1539999999999995 1.5000000000000002 7.5000000000000009 21.500000000000004 69.991000000000014 2.2214749408367012 12.421625000000001 -6.6321428571428553 1.047729950561578
decision_type=2 2 2 8 2 2 2 10 2 2 2 10 2 2 2 2 2 8 2 2 8 2 2 2 2 2 2 2 2 2
left_child=1 -1 3 21 8 9 7 26 22 10 11 12 13 14 15 20 17 -16 -14 -9 -5 -3 23 -4 25 -25 28 -28 29 -7
right_child=-2 2 4 5 -6 6 -8 19 -10 -11 -12 -13 18 -15 16 -17 -18 -19 -20 -21 -22 -23 -24 24 -26 -27 27 -29 -30 -31
leaf_value=0.22386990512407612 -0.52870523468599129 0.32619279654871092 0.18571756315970181 1.2813711126808158 -0.20773628855768253 0.79693577559790973 -0.3768400959178263 4.4011787754911591 2.0535334583810219 3.0979499901771783 -0.77302286576114387 0.12734323020782731 -0.74113225654955361 -0.27026104012464575 0.43048530329641449 -0.20396871092949179 0.12479297601739639 -0.56547573203066415 -0.32920640944009338 2.1813591192865118 0.53989995358221576 -0.38733168423371778 0.18152267725007587 3.7418349423810362 -0.27421176864094821 -0.15936421236254875 -0.10930877224940838 2.6789331002976642 0.66876382841788207 4.2255013862979549
leaf_weight=23786 31862 409 880 139 28960 192 11809 150 1112 636 14013 14234 9249 25715 347 1112 12393 4291 24732 1278 2192 34488 27314 520 192 174 40 43 9930 48
leaf_count=23786 31862 409 880 139 28960 192 11809 150 1112 636 14013 14234 9249 25715 347 1112 12393 4291 24732 1278 2192 34488 27314 520 192 174 40 43 9930 48
internal_value=-0.000769559 -0.000547334 -0.00072955 -0.00108337 0.00027201 -0.000731198 0.000730097 0.00267486 0.00131955 -0.00104596 -0.00109056 -0.000848164 -0.00115941 -0.000482692 0.000697469 0.00468632 -0.00010892 -0.00260673 -0.00207925 0.00897059 0.00748391 -0.00242098 0.00105571 0.00505096 0.00922122 0.0125072 0.00179801 0.0203012 0.001647 0.0125
internal_weight=282240 250378 226592 167440 59152 132543 23490 11681 30192 109053 108417 94404 80170 46189 20474 3443 17031 4638 33981 1428 2331 34897 29080 1766 886 694 10253 83 10170 240
internal_count=282240 250378 226592 167440 59152 132543 23490 11681 30192 109053 108417 94404 80170 46189 20474 3443 17031 4638 33981 1428 2331 34897 29080 1766 886 694 10253 83 10170 240
is_linear=0
shrinkage=0.05


Tree=47
num_leaves=31
num_cat=0
split_feature=8 0 7 5 14 15 3 7 3 13 14 3 16 1 1 3 1 16 13 2 3 15 14 13 7 14 3 2 13 7
split_gain=44.4474 35.5676 34.1686 25.9653 25.7622 29.8022 23.3205 22.8483 21.3962 20.0389 19.4721 23.9432 24.9883 18.7735 26.0588 37.0574 17.956 15.2592 14.8336 13.9093 14.5467 21.2928 27.3752 15.9127 13.9641 20.406 13.6567 13.4702 13.8267 13.2287
threshold=1.3276961024240657 1.5000000000000002 1.0088498492910212 1.0000000180025095e-35 75.33250000000001 94.197500000000005 1.5000000000000002 0.6972043456550211 10.500000000000002 107.41500000000001 79.955000000000013 6.5000000000000009 32.411750000000005 16.500000000000004 21.500000000000004 1.5000000000000002 19.500000000000004 14.9215 35.777500000000011 3.5000000000000004 4.5000000000000009 8.5825000000000014 17.971500000000002 24.612500000000001 0.97662020488275358 7.2410000000000005 11.500000000000002 4.5000000000000009 69.003500000000017 0.72922283655992959
decision_type=2 2 2 2 2 2 2 2 2 8 2 2 2 2 2 2 2 2 10 2 2 2 2 10 2 2 2 2 10 2
left_child=1 2 7 4 5 13 -2 -1 10 17 11 12 19 -3 15 16 -15 -10 -13 20 24 22 23 -22 -9 -26 -11 28 -14 -17
right_child=6 3 -4 -5 -6 -7 -8 8 9 26 -12 18 27 14 -16 29 -18 -19 -20 -21 21 -23 -24 -25 25 -27 -28 -29 -30 -31
leaf_value=0.22856886259503617 0.075180557858612496 -0.02964050559560252 -0.44246201776043548 -0.74415379619753685 -0.21528652798545 0.69660335127256667 -0.52806778564082224 0.28744834640135392 0.6494742453636817 2.0722911633221854 -1.1289244114079744 -0.46043569053409783 -0.26179702487213879 3.3826275312231711 -0.14858784657060287 1.5425163723194366 1.1452377039933701 -0.50952229874927379 0.32095454251646272 -0.055114084745098782 -0.075362488514611414 -0.3462932557285795 0.77991004593878577 0.47381202391112576 0.92935886605462581 0.5473555758069697 0.088051701764564116 -0.46447371002852478 0.40071982804371375 0.56047179374307854
leaf_weight=14844 4896 53506 22852 5492 40084 10926 24136 1976 893 4321 6316 27105 13173 262 6284 990 268 4262 2563 9070 1730 2476 588 188 672 1722 4688 5602 1563 8792
leaf_count=14844 4896 53506 22852 5492 40084 10926 24136 1976 893 4321 6316 27105 13173 262 6284 990 268 4262 2563 9070 1730 2476 588 188 672 1722 4688 5602 1563 8792
internal_value=-0.000758221 -0.000545758 -0.00113835 4.68378e-05 0.000199318 0.000712222 -0.00261126 -0.000752854 -0.00105604 0.000725782 -0.00139369 -0.00114851 -0.000330239 0.000333655 0.00180284 0.00334949 0.0162264 -0.00176043 -0.00221754 0.00100369 0.00235671 0.000509834 0.00375898 0.000865484 0.00446224 0.00703007 0.00214841 -0.0015385 -0.000745115 0.00265181
internal_weight=282240 253208 126604 126604 121112 81028 29032 103752 88908 14164 74744 68428 38760 70102 16596 10312 530 5155 29668 18422 9352 4982 2506 1918 4370 2394 9009 20338 14736 9782
internal_count=282240 253208 126604 126604 121112 81028 29032 103752 88908 14164 74744 68428 38760 70102 16596 10312 530 5155 29668 18422 9352 4982 2506 1918 4370 2394 9009 20338 14736 9782
is_linear=0
shrinkage=0.05


Tree=48
num_leaves=31
num_cat=0
split_feature=8 0 7 14 3 7 5 13 3 14 3 14 13 13 3 14 2 15 14 15 3 3 2 13 3 14 10 2 3 2
split_gain=42.2718 34.1828 32.9272 25.1084 22.4623 22.0066 21.2237 17.9274 17.8519 19.5511 20.3483 21.1301 17.0828 15.8846 15.7232 19.5194 15.1155 13.5476 13.3365 12.8618 16.75 18.3966 23.1527 13.0223 12.5738 11.9374 11.7321 11.6625 11.4149 14.2815
threshold=1.3276961024240657 1.5000000000000002 1.047729950561578 20.191000000000006 1.5000000000000002 0.6972043456550211 1.0000000180025095e-35 89.855000000000004 10.500000000000002 79.955000000000013 6.5000000000000009 29.756500000000006 107.41500000000001 18.331000000000003 8.5000000000000018 0.57150000000000001 1.0000000180025095e-35 17.965000000000003 14.512500000000001 203.06000000000003 9.5000000000000018 8.5000000000000018 1.0000000180025095e-35 413.92000000000002 11.500000000000002 9.1890000000000018 -0.87142857142857144 1.0000000180025095e-35 4.5000000000000009 3.5000000000000004
decision_type=2 2 2 2 2 2 2 8 2 2 2 2 8 10 2 2 2 2 2 2 2 2 2 8 2 2 2 2 2 2
left_child=1 2 5 17 26 -1 7 16 9 10 11 28 18 -12 15 -15 -5 -3 -10 -9 21 -21 -23 -24 -19 -6 -2 -22 29 -7
right_child=4 3 -4 6 25 8 -8 19 12 -11 13 -13 -14 14 -16 -17 -18 24 -20 20 27 22 23 -25 -26 -27 -28 -29 -30 -31
leaf_value=0.21714041946528431 0.29816009840624186 0.030969712856341036 -0.43246262592069851 0.21654762323005428 -0.22226093763149832 0.52469777056057454 -0.89857729992278212 0.023583984351011805 0.50739142833305884 -1.0699931348832852 -0.49263289615966666 -0.23632553466297762 1.0222396125952067 0.54537316020457571 0.53087434601741812 -0.47226716580198391 -0.40148151192261727 0.51392061546790369 -0.51910043271869011 0.55158804755045787 3.2678451699639655 -5.6060388950688953 2.5712980995107295 6.3294933778662976 -0.46830614684291483 -0.92633737733326349 -0.40391670886679309 -0.38945995628379959 -0.052842228073448898 -0.0019120952013470486
leaf_weight=14844 2180 15766 20760 5666 7368 5180 4104 55437 1078 6478 23640 20386 9181 251 2997 3458 24679 16484 4241 598 273 136 193 293 972 16768 2716 2003 9374 4736
leaf_count=14844 2180 15766 20760 5666 7368 5180 4104 55437 1078 6478 23640 20386 9181 251 2997 3458 24679 16484 4241 598 273 136 193 293 972 16768 2716 2003 9374 4736
internal_value=-0.000755918 -0.00054872 -0.00112967 3.22253e-05 -0.00256304 -0.000772553 -0.000387763 -0.000226149 -0.00106374 -0.00136863 -0.0011255 -0.00038008 0.000544826 -0.00210011 4.77173e-05 -0.00212861 -0.00121355 0.00121275 -0.00170991 0.000282269 0.00322368 0.00795082 0.0139711 0.0190741 0.00217232 -0.00318943 0.000524917 0.000689805 0.000806116 0.0019887
internal_weight=282240 253208 126604 126604 29032 105844 93382 89278 91000 76500 70022 39676 14500 30346 6706 3709 30345 33222 5319 58933 3496 1220 622 486 17456 24136 4896 2276 19290 9916
internal_count=282240 253208 126604 126604 29032 105844 93382 89278 91000 76500 70022 39676 14500 30346 6706 3709 30345 33222 5319 58933 3496 1220 622 486 17456 24136 4896 2276 19290 9916
is_linear=0
shrinkage=0.05


Tree=49
num_leaves=31
num_cat=0
split_feature=7 5 1 2 1 8 3 0 13 3 3 16 7 16 13 2 3 0 10 16 3 10 7 15 16 8 16 7 16 15
split_gain=40.7705 28.1516 27.5741 34.7819 25.0746 26.6707 44.8459 18.6803 17.7563 17.4663 26.0942 30.3833 16.0127 15.4198 14.4374 17.6432 13.9421 14.483 13.3314 12.9863 12.7548 12.6368 12.5291 12.0377 23.1371 11.9035 15.0672 11.6324 11.9692 15.9592
threshold=1.3301345007876055 1.0000000180025095e-35 4.5000000000000009 3.5000000000000004 21.500000000000004 0.96465340681158218 1.5000000000000002 1.5000000000000002 79.719000000000008 8.5000000000000018 6.5000000000000009 115.5305 0.68414606430160674 -1.2667499999999998 9.2340000000000018 5.5000000000000009 7.5000000000000009 2.5000000000000004 1.3928571428571437 124.68355 3.5000000000000004 1.3285714285714292 0.72574888081930544 170.59400000000002 154.37575000000001 0.95191024082017772 168.90877500000002 0.50013865813216063 19.430150000000001 125.26250000000002
decision_type=2 2 2 2 2 2 2 2 8 2 2 2 2 2 10 2 2 2 2 2 2 2 2 2 2 2 2 2 2 2
left_child=1 2 -1 4 5 6 19 -2 13 10 11 12 20 14 -5 -16 -12 22 27 -4 -7 -11 -18 -10 -25 26 -9 28 29 -8
right_child=7 -3 3 8 -6 9 18 25 23 21 16 -13 -14 -15 15 -17 17 -19 -20 -21 -22 -23 -24 24 -26 -27 -28 -29 -30 -31
leaf_value=-0.24874114178057549 -0.43036609102010986 -0.61954736291134604 2.8527364486114402 -0.06443491431367622 -0.36690313331307323 1.0933683472880988 1.3294558590554306 0.15706655916705625 -0.10729802484963818 0.64048190888204382 -0.73767907355729601 -0.93210982185702818 0.097608682796528581 -0.3064384655413368 -0.11646093470259494 1.1648632442413844 2.1214079313063468 0.86025143789488345 -0.083010918802320588 -1.2646890287954267 0.056977525554548727 -0.52419652788600335 -0.52826236850532016 2.4192569013119822 -0.82617233483615782 -0.50947408050357179 5.2807151999976512 0.41341955547903747 0.95313098075091141 2.6083457679202753
leaf_weight=51008 14816 10632 1002 470 11896 1122 506 4814 47964 24032 6576 4882 29414 30165 134 193 162 1450 5898 134 774 2504 4188 921 1185 9924 78 13910 1438 48
leaf_count=51008 14816 10632 1002 470 11896 1122 506 4814 47964 24032 6576 4882 29414 30165 134 193 162 1450 5898 134 774 2504 4188 921 1185 9924 78 13910 1438 48
internal_value=-0.000754855 -0.000549034 -0.000438392 -0.000162542 0.000416787 0.000679823 0.00217213 -0.00250945 -0.000948515 0.000224088 -0.000339525 0.000338195 0.000910251 -0.00188974 0.0049749 0.0130428 -0.00232143 -0.000534484 0.00166743 0.0118574 0.00536392 0.00125565 -0.00197701 -0.000366488 0.00333333 -0.00125405 0.000764512 0.00242045 0.00599397 0.0122383
internal_weight=282240 252608 241976 190968 109936 98040 22936 29632 81032 75104 48568 36192 31310 30962 797 327 12376 5800 21800 1136 1896 26536 4350 50070 2106 14816 4892 15902 1992 554
internal_count=282240 252608 241976 190968 109936 98040 22936 29632 81032 75104 48568 36192 31310 30962 797 327 12376 5800 21800 1136 1896 26536 4350 50070 2106 14816 4892 15902 1992 554
is_linear=0
shrinkage=0.05


Tree=50
num_leaves=31
num_cat=0
split_feature=8 0 7 5 7 3 1 1 16 3 16 7 1 13 3 3 16 3 2 3 2 1 10 3 16 3 1 16 3 2
split_gain=39.642 33.3954 31.582 22.5429 20.198 20.1959 19.2256 25.4642 16.4205 26.4288 18.1735 15.8747 15.8652 15.4836 15.3824 22.8205 33.8184 14.7405 13.5682 16.7183 13.202 13.6641 13.0404 23.2971 14.4496 13.4343 14.0444 12.3623 11.3025 11.1267
threshold=1.3444242495514274 1.5000000000000002 1.047729950561578 1.0000000180025095e-35 0.6972043456550211 1.5000000000000002 15.500000000000002 21.500000000000004 80.671225000000007 1.5000000000000002 61.897250000000007 0.83402780510763586 19.500000000000004 4.9410000000000016 9.5000000000000018 6.5000000000000009 32.411750000000005 5.5000000000000009 2.5000000000000004 3.5000000000000004 4.5000000000000009 4.5000000000000009 -1.6928571428571422 9.5000000000000018 45.568500000000007 1.5000000000000002 6.5000000000000009 -3.1539999999999995 3.5000000000000004 3.5000000000000004
decision_type=2 2 2 2 2 2 2 2 2 2 2 2 2 8 2 2 2 2 2 2 2 2 2 2 2 2 2 2 2 2
left_child=1 2 4 6 -1 -2 20 8 9 10 12 17 -8 -6 15 16 29 18 19 -11 21 -3 23 -23 25 26 -24 -17 -18 -15
right_child=5 3 -4 -5 13 -7 7 -9 -10 11 -12 -13 -14 14 -16 27 28 -19 -20 -21 -22 22 24 -25 -26 -27 -28 -29 -30 -31
leaf_value=0.19645076206105999 0.062900707230185635 -0.17713890223741424 -0.3923618413385026 -0.64800224160190245 -0.41363481219607545 -0.4793201322759168 3.734598345176972 -0.24659000798659175 0.11121823988810374 2.4769079195799755 0.31263194492736507 0.43452237774815788 1.1789728792728216 0.33667116649734896 0.089249953209955518 0.86289304194567462 -0.50817931251718418 0.59035956105663745 1.2021820518046757 1.3473665708842872 -0.27901410666393878 0.18906652772577129 0.028828385768266553 2.1150921189988034 -0.12204380084213598 0.2893681065769127 4.5571543064166047 -0.46682942281170964 -0.044801667434729867 -0.015056590636485432
leaf_weight=15012 4712 18572 21144 5508 8393 22736 310 10268 12602 136 312 14184 252 8308 20338 170 15049 1788 520 168 22780 2998 178 980 22576 13048 216 21339 9497 8146
leaf_count=15012 4712 18572 21144 5508 8393 22736 310 10268 12602 136 312 14184 252 8308 20338 170 15049 1788 520 168 22780 2998 178 980 22576 13048 216 21339 9497 8146
internal_value=-0.00074086 -0.000546368 -0.0011188 2.60593e-05 -0.00076761 -0.00254627 0.000167448 0.00105698 0.0017868 0.00277023 0.0112471 0.00232912 0.0166192 -0.00104724 -0.000839923 -0.00122854 -0.000536587 0.00591118 0.0114442 0.0198355 -0.000275853 0.000121396 0.000641813 0.00335847 0.000341772 0.00163964 0.010736 -0.00254754 -0.0017123 0.00121733
internal_weight=282240 254792 127396 127396 106252 27448 121888 40540 30272 17670 874 16796 562 91240 82847 62509 41000 2612 824 304 81348 58568 39996 3978 36018 13442 394 21509 24546 16454
internal_count=282240 254792 127396 127396 106252 27448 121888 40540 30272 17670 874 16796 562 91240 82847 62509 41000 2612 824 304 81348 58568 39996 3978 36018 13442 394 21509 24546 16454
is_linear=0
shrinkage=0.05


Tree=51
num_leaves=31
num_cat=0
split_feature=8 0 7 14 5 3 7 13 3 14 3 14 13 13 14 3 16 14 3 7 15 14 13 4 8 3 1 12 8 15
split_gain=38.3277 30.9023 30.2699 24.4593 18.6037 18.115 17.438 16.4136 15.2471 16.7785 20.3488 18.3357 15.3 14.9001 19.7199 18.0427 13.5252 13.2442 12.4581 16.6314 23.9224 13.748 17.8526 13.5329 12.8927 18.3203 11.9079 12.5504 16.035 12.4207
threshold=1.3499024743202501 1.5000000000000002 1.0088498492910212 20.191000000000006 1.0000000180025095e-35 1.5000000000000002 0.6972043456550211 89.855000000000004 10.500000000000002 79.955000000000013 6.5000000000000009 29.756500000000006 107.41500000000001 18.331000000000003 8.8710000000000004 8.5000000000000018 1.9492500000000001 1.0225000000000002 4.5000000000000009 0.98126499629430552 28.771500000000003 1.5915000000000001 57.921000000000006 1.0000000180025095e-35 0.69099317142571826 5.5000000000000009 5.5000000000000009 0.39125000000000004 0.79308329380229947 203.06000000000003
decision_type=2 2 2 2 2 2 2 8 2 2 2 2 8 10 2 2 2 2 2 2 2 2 10 2 2 2 2 2 2 2
left_child=1 2 6 16 7 -2 -1 -5 9 10 11 18 17 -12 -15 -16 -3 -10 19 -8 21 22 -21 -22 -20 -26 -9 28 -28 -30
right_child=5 3 -4 4 -6 -7 8 26 12 -11 13 -13 -14 14 15 -17 -18 -19 24 20 23 -23 -24 -25 25 -27 27 -29 29 -31
leaf_value=0.18521127720596056 0.044217890823444475 -0.20985219055422208 -0.3653887556713587 -0.26793271951893072 -0.79127502139510342 -0.45610450171498579 -0.10126820625800269 -0.22452651748455277 1.2158590440808918 -1.0005300181012164 -0.44380595034026843 -0.21181877406468388 1.0401627151496713 0.37521077986072354 -0.48257402784558218 0.49715429724442706 0.30913513577607604 -0.35978739297563944 0.62383831258056011 1.1461673138121451 0.41665754526631132 0.48723238189826046 -0.098366307276456413 -0.35629744015099446 -0.70992896135426342 0.090651921588074058 0.94243971368431356 -0.32813625272031693 0.047617004927239921 1.5927778769680547
leaf_weight=15048 4648 4660 23448 30605 4118 22256 3708 12115 165 6364 23103 20222 9043 1246 2935 2448 28864 5024 644 232 3210 1076 68 1156 3754 4774 5943 6139 32303 2921
leaf_count=15048 4648 4660 23448 30605 4118 22256 3708 12115 165 6364 23103 20222 9043 1246 2935 2448 28864 5024 644 232 3210 1076 68 1156 3754 4774 5943 6139 32303 2921
internal_value=-0.000740683 -0.000551549 -0.00110161 -1.48943e-06 -0.000414473 -0.00253568 -0.000736424 -0.000264147 -0.00100211 -0.00128703 -0.00105912 -0.000305582 0.000498172 -0.00204359 4.60088e-05 -0.00126602 0.00115827 -0.00166603 0.000826441 0.00210053 0.00378614 0.00953488 0.019 0.00197435 -0.000486264 -0.00100141 0.000220375 0.000578572 0.000893068 0.000487734
internal_weight=282240 255336 127668 127668 94144 26904 104220 90026 89172 74940 68576 38844 14232 29732 6629 5383 33524 5189 18622 9450 5742 1376 300 4366 9172 8528 59421 47306 41167 35224
internal_count=282240 255336 127668 127668 94144 26904 104220 90026 89172 74940 68576 38844 14232 29732 6629 5383 33524 5189 18622 9450 5742 1376 300 4366 9172 8528 59421 47306 41167 35224
is_linear=0
shrinkage=0.05


Tree=52
num_leaves=31
num_cat=0
split_feature=7 5 1 2 1 8 3 14 0 12 3 3 16 14 7 16 2 10 14 15 16 14 3 3 1 14 2 15 3 3
split_gain=36.8616 24.4073 23.1519 26.8191 24.8204 23.7791 45.6484 19.4746 18.1658 18.0579 16.5931 19.7752 26.3901 15.7773 15.775 14.4253 15.7981 15.1032 13.9945 13.7567 24.4739 13.4107 13.315 12.5285 12.2893 12.1254 11.9302 12.0296 12.2664 11.7767
threshold=1.2914970318882129 1.0000000180025095e-35 6.5000000000000009 3.5000000000000004 20.500000000000004 0.96465340681158218 1.5000000000000002 146.27500000000003 1.5000000000000002 0.31125000000000008 8.5000000000000018 6.5000000000000009 115.5305 64.381000000000014 0.68414606430160674 27.576800000000002 1.0000000180025095e-35 1.6857142857142879 -2.2874999999999996 337.19400000000002 262.24450000000007 32.601000000000006 3.5000000000000004 9.5000000000000018 15.500000000000002 26.861500000000003 5.5000000000000009 0.84250000000000014 4.5000000000000009 7.5000000000000009
decision_type=2 2 2 2 2 2 2 2 2 2 2 2 2 2 2 2 2 2 2 2 2 2 2 2 2 2 2 2 2 2
left_child=1 2 -1 4 5 6 7 -4 -2 -8 11 12 14 15 22 -12 17 -17 26 -15 -21 -18 -7 -20 -11 -10 -5 -28 -29 -13
right_child=8 -3 3 18 -6 10 9 -9 25 24 13 29 -14 19 -16 16 21 -19 23 20 -22 -23 -24 -25 -26 -27 27 28 -30 -31
leaf_value=-0.2030777036625247 -0.36653863768308725 -0.55996306460365453 3.1447039739767386 -0.17645071240628771 -0.27766516561587345 1.2223133183922608 1.1090468765377812 -1.1030761354479142 0.14858719127506168 -0.12706707666415784 0.18477212252052247 -0.65563347801798399 -0.85013105418855306 -0.35035846418187949 0.10846865022899871 2.1509983936916059 2.2969245274508658 -1.1180105670475979 -0.22884408098969475 5.6136162880072389 0.52536494490292751 0.71950559259696545 0.063691349633718031 0.077682068191321285 0.62850172648263469 -0.65139929873785329 0.1244318694465445 -0.61890835142077838 0.94019142521712684 -0.063778838861066944
leaf_weight=70472 16404 10448 760 532 17656 846 7482 152 5596 6834 5740 5440 4398 9410 23690 1058 1222 166 53300 340 868 2932 626 16578 2692 10808 450 94 462 4784
leaf_count=70472 16404 10448 760 532 17656 846 7482 152 5596 6834 5740 5440 4398 9410 23690 1058 1222 166 53300 340 868 2932 626 16578 2692 10808 450 94 462 4784
internal_value=-0.000736077 -0.000528843 -0.000425427 -0.000107175 0.000433796 0.000810674 0.0024135 0.0133114 -0.00231163 0.00182914 0.000343789 -0.000263172 0.000392421 0.00145473 0.00101701 0.00277118 0.00463183 0.00962418 -0.00084267 7.62844e-05 0.00509934 0.00316081 0.0060394 -0.000946508 0.00038526 -0.00113509 0.00387516 0.00707753 0.0119964 -0.00215865
internal_weight=282240 249432 238984 168512 97096 79440 17920 912 32808 17008 61520 39784 29560 21736 25162 11118 5378 1224 71416 10618 1208 4154 1472 69878 9526 16404 1538 1006 556 10224
internal_count=282240 249432 238984 168512 97096 79440 17920 912 32808 17008 61520 39784 29560 21736 25162 11118 5378 1224 71416 10618 1208 4154 1472 69878 9526 16404 1538 1006 556 10224
is_linear=0
shrinkage=0.05


Tree=53
num_leaves=31
num_cat=0
split_feature=8 0 7 13 14 1 3 3 7 3 14 16 3 7 4 14 14 13 5 4 12 8 5 7 14 10 10 16 16 3
split_gain=36.2852 30.5056 28.8946 28.9408 28.5675 17.7391 17.7226 16.6582 20.1179 17.5933 33.5583 18.2182 16.4061 16.0924 16.9253 16.0484 14.8438 14.6907 14.5359 14.4084 14.0659 21.7944 13.985 12.8134 12.4865 12.3141 10.5502 24.7898 14.8574 14.0813
threshold=1.3499024743202501 2.5000000000000004 0.68878972166184183 4.9410000000000016 66.765000000000015 16.500000000000004 1.5000000000000002 9.5000000000000018 2.3646020039433977 6.5000000000000009 60.595000000000006 -3.1539999999999995 7.5000000000000009 1.1277069720567887 1.0000000180025095e-35 1.7690000000000003 0.57150000000000001 26.765000000000004 1.0000000180025095e-35 1.0000000180025095e-35 0.52875000000000016 0.63629110866048333 1.0000000180025095e-35 1.0042859353365239 9.5175000000000018 -7.5392857142857119 -0.6071428571428602 7.4155000000000006 24.007000000000001 8.5000000000000018
decision_type=2 2 2 8 2 2 2 2 2 2 2 2 2 2 2 2 2 10 2 2 2 2 2 2 2 2 2 2 2 2
left_child=1 2 -1 -4 5 20 -2 9 22 10 13 -11 16 14 18 -10 17 -13 -5 26 21 -3 23 -9 -8 -16 27 29 -28 -14
right_child=6 4 3 7 -6 -7 24 8 15 11 -12 12 19 -15 25 -17 -18 -19 -20 -21 -22 -23 -24 -25 -26 -27 28 -29 -30 -31
leaf_value=0.17301883316394273 0.048547163088427644 0.96791131333208913 -0.33739544973826108 0.15775872910830968 -0.19131995470715926 0.76693414672685645 -0.16516596158932043 0.23433868656759677 -0.030818168251469848 0.74849780440124558 -0.63168899304574688 0.023589170755611403 2.3305411195768069 -0.42985242920630884 1.2067956918594127 1.5644583636055005 -0.58070506147345335 0.54372869891147202 -0.6669055852631085 -0.43871816260166629 -0.37271808333239576 0.16960312986539225 -0.69339404645209712 -0.24964840868735572 -0.83608439854555072 -0.13621813673239888 -0.40713804053666841 0.024254295936421803 0.27773935719460424 -0.98433419790885957
leaf_weight=21828 4648 1812 17144 29749 28374 8328 6886 28499 50 265 21319 692 301 8439 42 76 11954 117 1782 7049 4168 21152 2243 6753 15370 14945 9091 1944 7144 76
leaf_count=21828 4648 1812 17144 29749 28374 8328 6886 28499 50 265 21319 692 301 8439 42 76 11954 117 1782 7049 4168 21152 2243 6753 15370 14945 9091 1944 7144 76
internal_value=-0.000725979 -0.000541954 -0.000857486 -0.00107777 0.000404642 0.00135082 -0.0024725 -0.000858849 5.43567e-05 -0.00115783 -0.000717527 -0.00202715 -0.00211739 -6.43242e-05 0.000300098 0.02 -0.00358184 0.0029728 0.000957628 -0.00138743 0.000731239 0.00121625 -1.26695e-05 0.000230908 -0.00305895 -0.00108327 -0.000656393 0.00249677 -0.00110718 0.0142308
internal_weight=282240 255336 191502 169674 63834 35460 26904 152530 37621 114909 76276 38633 38368 54957 46518 126 12763 809 31531 25605 27132 22964 37495 35252 22256 14987 18556 2321 16235 377
internal_count=282240 255336 191502 169674 63834 35460 26904 152530 37621 114909 76276 38633 38368 54957 46518 126 12763 809 31531 25605 27132 22964 37495 35252 22256 14987 18556 2321 16235 377
is_linear=0
shrinkage=0.05


Tree=54
num_leaves=31
num_cat=0
split_feature=8 13 5 14 13 13 2 16 6 3 14 3 2 2 13 3 2 1 1 12 8 15 16 3 13 14 8 8 3 16
split_gain=35.2178 27.4898 27.4133 24.5717 61.8223 28.9506 31.1212 26.6654 17.288 14.3624 13.8806 13.7011 13.134 23.755 31.6875 12.8956 12.1516 18.7491 14.9235 13.1623 16.1624 11.7392 21.5132 19.1466 35.5277 12.5031 11.7382 10.6792 9.88727 18.5035
threshold=1.6369273531088646 4.8710000000000013 1.0000000180025095e-35 10.656000000000001 17.635000000000002 64.911000000000016 1.0000000180025095e-35 9.5642250000000022 1.0202306349219212 2.5000000000000004 50.096000000000011 1.5000000000000002 4.5000000000000009 5.5000000000000009 79.719000000000008 10.500000000000002 4.5000000000000009 4.5000000000000009 21.500000000000004 0.89375000000000016 0.71470455368388996 148.88950000000003 179.13925000000003 10.500000000000002 76.914000000000016 52.901500000000006 0.50160996434444838 0.8403070947573209 8.5000000000000018 140.10249999999999
decision_type=2 8 2 2 10 8 2 2 2 2 2 2 2 2 10 2 2 2 2 2 2 2 2 2 10 2 2 2 2 2
left_child=1 -1 3 4 7 6 10 11 16 12 -5 26 -4 14 -14 -13 17 -7 19 20 -19 25 23 -23 -25 -18 -3 -9 29 -22
right_child=-2 2 9 5 -6 8 -8 27 -10 -11 -12 15 13 -15 -16 -17 21 18 -20 -21 28 22 -24 24 -26 -27 -28 -29 -30 -31
leaf_value=-0.283202037199553 -0.54369913139639914 2.6904394885332472 -0.23236315908257163 0.4795645357545244 0.42977639384046279 -0.21620141427005302 -0.40713478651777502 1.0191668808529335 -0.32139112506032763 -0.6772649824448812 -0.17507344790898002 -0.24767112279629144 1.0414822891760014 -3.3379481219951495 0.030984764878207827 0.27793726106235617 -0.055129147855112852 0.9965502413012699 -0.34026858399329862 -0.47766950589799084 0.10470367011999344 0.93340072171724364 -1.2941318383156704 4.0357222886982589 0.16621207571697597 -0.53368099548729564 0.49715763837203097 0.22379153492264314 0.93421763106162325 -1.4819366640955096
leaf_weight=24266 8568 56 824 4165 13052 14258 43102 1844 22109 9199 3990 30405 96 140 96 3649 14701 6048 6499 2873 31153 413 709 141 135 9319 1380 7798 18905 2347
leaf_count=24266 8568 56 824 4165 13052 14258 43102 1844 22109 9199 3990 30405 96 140 96 3649 14701 6048 6499 2873 31153 413 709 141 135 9319 1380 7798 18905 2347
internal_value=-0.000722967 -0.000624142 -0.000467833 -0.000358732 0.000535026 -0.00064625 -0.00165217 -0.000341444 -0.000248439 -0.00298648 0.00118026 -0.000974924 0.00226643 0.0106626 0.0220833 -0.00117666 1.34405e-05 0.000309259 0.00065573 0.000897171 0.00105957 -0.000941853 0.00351216 0.00980406 0.02 -0.00120108 0.00380919 0.00199025 0.000777119 0.000261193
internal_weight=282240 273672 249406 239051 58184 180867 51257 45132 129610 10355 8155 35490 1156 332 192 34054 107501 82083 67825 61326 58453 25418 1398 689 276 24020 1436 9642 52405 33500
internal_count=282240 273672 249406 239051 58184 180867 51257 45132 129610 10355 8155 35490 1156 332 192 34054 107501 82083 67825 61326 58453 25418 1398 689 276 24020 1436 9642 52405 33500
is_linear=0
shrinkage=0.05


Tree=55
num_leaves=31
num_cat=0
split_feature=10 8 7 5 3 13 3 13 14 15 13 7 14 15 13 3 3 14 3 7 14 13 14 3 16 16 14 2 3 15
split_gain=35.771 27.183 23.4883 19.8094 21.4924 33.1383 33.9107 25.4701 20.0948 26.9568 20.7183 19.0548 25.6329 21.8863 27.2651 16.0468 25.9753 21.0441 26.8909 20.8333 19.3145 16.5955 15.7994 14.502 13.8803 13.5728 14.7211 14.6111 13.4083 13.4981
threshold=2.6999999999999997 0.88496692339787264 1.3041248707470923 1.0000000180025095e-35 10.500000000000002 107.41500000000001 11.500000000000002 413.92000000000002 79.955000000000013 104.16350000000001 69.784500000000023 0.99423855431007591 9.5175000000000018 1.4315000000000002 149.85000000000002 6.5000000000000009 9.5000000000000018 32.601000000000006 4.5000000000000009 0.56860543196958158 2.9835000000000007 20.993500000000004 56.561000000000007 2.5000000000000004 81.538750000000007 9.5642250000000022 -0.99899999999999989 4.5000000000000009 7.5000000000000009 36.402500000000011
decision_type=2 2 2 2 2 8 2 10 2 2 10 2 2 2 10 2 2 2 2 2 2 10 2 2 2 2 2 2 2 2
left_child=1 -1 3 4 8 22 7 11 9 10 15 -7 25 14 -14 17 20 18 -3 -18 21 -17 -6 -4 -21 26 -13 -27 -22 -30
right_child=-2 2 23 -5 5 6 -8 -9 -10 -11 -12 12 13 -15 -16 16 19 -19 -20 24 28 -23 -24 -25 -26 27 -28 -29 29 -31
leaf_value=0.10291563829000122 -0.44157340728517247 0.32622642308853356 0.56452005727723031 -0.54783196429211667 0.011542659930916228 -0.49558654326530133 -0.031002777418231698 2.9424100340322834 -0.42067829399934964 0.54287593433253123 0.2126832205490243 3.3096127355036629 2.3925765959388268 2.0073550596344845 -0.37092812527728403 -0.087710994750150442 0.61492125999040681 -0.21542074174074571 -0.10003510780186851 0.00049588164468391161 -0.60226319739397327 0.48897309134208949 -1.0014882902701454 -0.3213377672590112 7.0358739294452057 2.418340134868346 2.4837822981589177 6.7473898328816126 -0.51528315176807304 0.58775502381021649
leaf_weight=49768 23490 13801 1576 7846 5527 1093 9913 38 29592 7848 8765 50 126 7025 68 6440 438 28367 14762 11752 11548 795 4152 16286 41 109 432 107 17510 2975
leaf_count=49768 23490 13801 1576 7846 5527 1093 9913 38 29592 7848 8765 50 126 7025 68 6440 438 28367 14762 11752 11548 795 4152 16286 41 109 432 107 17510 2975
internal_value=-0.000722259 -0.000552658 -0.00080275 -0.000640698 -0.000535374 0.000722764 0.00193792 0.00415119 -0.000768396 -0.000491116 -0.000681094 0.00397891 0.00483327 0.00394861 0.0205155 -0.00087011 -0.00150964 -0.000291587 0.00066642 0.000502411 -0.00213635 0.000196958 -0.00165771 -0.00253667 0.000104722 0.0139828 0.00931535 0.0243981 -0.00266335 -0.00189529
internal_weight=282240 258750 208982 191120 183274 28640 18961 9048 154634 125042 117194 9010 7917 7219 194 108429 51499 56930 28563 12231 39268 7235 9679 17862 11793 698 482 216 32033 20485
internal_count=282240 258750 208982 191120 183274 28640 18961 9048 154634 125042 117194 9010 7917 7219 194 108429 51499 56930 28563 12231 39268 7235 9679 17862 11793 698 482 216 32033 20485
is_linear=0
shrinkage=0.05


Tree=56
num_leaves=31
num_cat=0
split_feature=8 10 7 0 13 15 7 2 1 13 8 3 3 3 3 3 15 3 3 6 3 7 15 2 13 1 8 15 10 1
split_gain=34.196 28.2457 23.6087 26.8083 17.6016 16.981 13.4031 13.1258 19.6113 14.4872 11.6298 20.4792 11.1122 13.094 10.3959 23.9237 21.612 16.1116 18.2585 15.2627 13.2996 15.1821 13.1805 12.6089 11.7214 10.0712 9.90886 17.8461 10.4769 9.73471
threshold=1.6369273531088646 3.1074175824175829 0.64735137188752534 1.5000000000000002 50.641000000000012 44.315000000000005 1.3381229718934773 1.0000000180025095e-35 5.5000000000000009 84.485000000000014 0.95191024082017772 2.5000000000000004 10.500000000000002 6.5000000000000009 10.500000000000002 11.500000000000002 241.35000000000005 9.5000000000000018 8.5000000000000018 1.5519005711459297 2.5000000000000004 1.0785694703077415 26.471500000000002 5.5000000000000009 149.85000000000002 17.500000000000004 0.66283845537181951 87.756500000000003 -0.58571428571428441 8.5000000000000018
decision_type=2 2 2 2 10 2 2 2 2 8 2 2 2 2 2 2 2 2 2 2 2 2 2 2 10 2 2 2 2 2
left_child=1 2 -1 4 6 -6 12 8 -5 -9 11 -10 13 -4 16 19 20 18 -18 -16 21 -11 -21 24 -20 29 27 -17 -29 -22
right_child=-2 -3 3 7 5 -7 -8 9 10 14 -12 -13 -14 -15 15 26 17 -19 23 22 25 -23 -24 -25 -26 -27 -28 28 -30 -31
leaf_value=0.17747003144282764 -0.50263960884274494 -0.41930982779772025 -0.12718711435350791 -0.34180973451684449 0.32749916044959704 -0.19792208429556893 -0.28401583030111804 -0.21916144277046895 4.3392063469468605 0.078685522032101135 0.31321569380279557 0.61549426000608509 0.028703512187661501 -0.31350420923191857 1.2637931995546272 -0.70887371357694728 -1.6299614617040294 -0.16685185373363359 6.5317739327290445 -0.10112150902382562 -0.068442937540909049 1.1510875126890208 2.8151142883351636 -0.060422563573104361 2.1547346692768867 0.13999265167749037 -0.51453259665221907 15.054626319407234 -3.6552836511922986 -0.43552888790795896
leaf_weight=25146 8568 17182 42460 4230 6597 7388 9084 35707 332 8716 10334 2026 12975 34592 5837 155 130 344 195 68 15661 1678 176 76 144 11352 5804 118 36 15129
leaf_count=25146 8568 17182 42460 4230 6597 7388 9084 35707 332 8716 10334 2026 12975 34592 5837 155 130 344 195 68 15661 1678 176 76 144 11352 5804 118 36 15129
internal_value=-0.000710744 -0.000613363 -0.000481891 -0.000640044 -0.00119041 0.000470145 -0.00142472 -0.000113661 0.00117539 -0.000328939 0.00215805 0.00532655 -0.00124002 -0.00146797 0.000112085 0.00142939 -0.000188583 0.00754218 0.0128899 0.00364989 -0.000319401 0.00128247 0.0159016 0.018012 0.0221386 -0.00071449 -0.000779488 0.00794498 0.02 -0.00118383
internal_weight=282240 273672 256490 231344 113096 13985 99111 118248 16922 101326 12692 2358 90027 77052 65619 12194 53425 889 545 6081 52536 10394 244 415 339 42142 6113 309 154 30790
internal_count=282240 273672 256490 231344 113096 13985 99111 118248 16922 101326 12692 2358 90027 77052 65619 12194 53425 889 545 6081 52536 10394 244 415 339 42142 6113 309 154 30790
is_linear=0
shrinkage=0.05


Tree=57
num_leaves=31
num_cat=0
split_feature=8 10 8 5 3 3 13 13 16 0 3 3 16 13 3 16 16 8 13 16 13 15 16 2 10 1 3 3 16 2
split_gain=32.653 26.7506 20.7002 18.9477 22.5946 32.5166 27.9521 18.898 19.7412 16.8693 17.77 21.2698 18.4045 22.6313 21.5065 17.7254 16.2802 15.1782 14.735 14.3731 13.0017 12.8698 15.7627 20.9694 12.7998 12.6918 12.5515 41.2318 23.146 13.4231
threshold=1.6631071998897591 3.1074175824175829 0.71109846141186728 1.0000000180025095e-35 10.500000000000002 11.500000000000002 413.92000000000002 102.02250000000002 14.559750000000001 2.5000000000000004 6.5000000000000009 7.5000000000000009 29.850625000000001 39.981500000000004 2.5000000000000004 25.026250000000001 -1.2667499999999998 1.1222925760161437 10.391500000000002 58.597600000000007 252.66000000000003 125.26250000000002 140.10249999999999 5.5000000000000009 0.53452380952380818 7.5000000000000009 5.5000000000000009 4.5000000000000009 64.491250000000022 1.5000000000000002
decision_type=2 2 2 2 2 2 10 8 2 2 2 2 2 8 2 2 2 2 10 2 8 2 2 2 2 2 2 2 2 2
left_child=1 2 26 4 9 6 7 8 -6 10 12 16 14 -14 15 25 -12 -16 -13 -11 -7 -22 23 -23 -9 -4 27 -1 29 -29
right_child=-2 -3 3 -5 5 20 -8 24 -10 19 11 18 13 -15 17 -17 -18 -19 -20 -21 21 22 -24 -25 -26 -27 -28 28 -30 -31
leaf_value=0.076228438544795898 -0.51368966296266316 -0.39981404759824973 0.30585309018254786 -0.49914575168193959 0.60951117249941866 -0.40432130242012027 2.7320998723529382 1.7292903090348277 -0.26936073582361492 0.19778229937514685 0.67955192875947878 -0.30223630617015207 -0.62164202212808695 -0.10721867091693499 0.049774929375367073 -0.26182048609272623 -0.46775782300456736 -0.26600969796043311 0.045944038892003436 -0.18685997878843341 -0.30220787826321388 1.9084620471479683 0.43165174079292901 3.8340511375248756 -0.19881905884363718 0.97338719415676322 -0.025327406695623597 0.18347994584272934 0.036587181900113043 1.1895178538268292
leaf_weight=9436 7488 17346 1666 9140 1429 6964 38 9535 4912 23870 282 32314 9835 39499 19052 1194 13606 4726 13118 23244 5454 787 3191 146 1212 2018 17664 400 898 1776
leaf_count=9436 7488 17346 1666 9140 1429 6964 38 9535 4912 23870 282 32314 9835 39499 19052 1194 13606 4726 13118 23244 5454 787 3191 146 1212 2018 17664 400 898 1776
internal_value=-0.000700646 -0.000611862 -0.000483789 -0.000647181 -0.000553712 0.000637399 0.00216454 0.00206929 -9.5412e-05 -0.000771159 -0.00105127 -0.00170347 -0.000555201 -0.00114059 0.000452609 0.00347683 -0.0034159 -0.000167803 -0.00118001 4.52083e-05 -0.00094366 0.000251617 0.00235936 0.0080761 0.00334651 0.00519272 0.000746668 0.00195843 0.00698764 0.00977481
internal_weight=282240 274752 257406 227232 218092 33668 17126 17088 6341 184424 137310 59320 77990 49334 28656 4878 13888 23778 45432 47114 16542 9578 4124 933 10747 3684 30174 12510 3074 2176
internal_count=282240 274752 257406 227232 218092 33668 17126 17088 6341 184424 137310 59320 77990 49334 28656 4878 13888 23778 45432 47114 16542 9578 4124 933 10747 3684 30174 12510 3074 2176
is_linear=0
shrinkage=0.05


Tree=58
num_leaves=31
num_cat=0
split_feature=7 14 13 0 13 16 1 3 3 15 14 0 16 14 3 7 15 1 15 2 13 2 2 13 2 3 12 3 10 3
split_gain=32.4354 21.2695 28.4724 27.3969 28.1363 26.4935 16.3486 20.0476 15.482 14.3316 14.0573 13.4369 17.1281 12.2586 11.8012 11.5208 14.3528 11.4385 11.3476 11.9817 13.4584 11.3851 10.7116 10.7062 10.38 9.75757 9.71456 17.3053 9.42274 9.37168
threshold=1.3301345007876055 62.115000000000002 75.076500000000024 2.5000000000000004 28.627500000000001 17.223749999999999 6.5000000000000009 1.5000000000000002 9.5000000000000018 60.02150000000001 -6.0199999999999987 1.5000000000000002 -3.1539999999999995 19.271500000000003 6.5000000000000009 0.5794729495781602 125.26250000000002 16.500000000000004 441.51000000000005 2.5000000000000004 252.66000000000003 1.0000000180025095e-35 1.0000000180025095e-35 67.439000000000007 3.5000000000000004 6.5000000000000009 0.018750000000000006 7.5000000000000009 -2.5857142857142845 8.5000000000000018
decision_type=2 2 8 2 10 2 2 2 2 2 2 2 2 2 2 2 2 2 2 2 8 2 2 10 2 2 2 2 2 2
left_child=1 3 -3 4 6 -6 25 -8 9 10 -9 12 -2 -13 24 16 -10 -5 -4 20 -20 -22 -7 -24 -12 -1 -16 -28 -15 -29
right_child=11 2 18 17 5 22 7 8 15 -11 14 13 -14 28 26 -17 -18 -19 19 -21 21 -23 23 -25 -26 -27 27 29 -30 -31
leaf_value=-0.13251940437143198 0.3113926027868838 -0.69545814642392945 -0.1790526199600454 0.1214173687892634 0.43195097448207281 0.42430505176034877 0.62301619457888568 0.46016810710009753 0.51643368632923614 0.1717693142041074 0.067076433571276795 0.24971408035436521 -0.28755854366475381 0.47802544236675015 -0.44042649884774243 0.089189310299417845 2.2587597316908492 0.68724289913566938 -11.31317734163378 -2.9763596273993134 -10.309217959407883 4.6290400781185737 -0.15996140824294375 0.14758210906601063 -0.22472533521497673 -0.35434962272158121 -0.34988378096164685 0.64087146475569723 -0.71299123927806418 -0.21953403609371824
leaf_weight=16895 74 19817 56098 25118 6904 2683 3778 558 1034 7804 11082 4088 14742 1512 15847 14508 107 7692 130 330 72 383 12433 7654 12640 20707 3904 2651 9216 1779
leaf_count=16895 74 19817 56098 25118 6904 2683 3778 558 1034 7804 11082 4088 14742 1512 15847 14508 107 7692 130 330 72 383 12433 7654 12640 20707 3904 2651 9216 1779
internal_value=-0.000689662 -0.000506082 -0.00120005 -0.000202757 -0.000501792 0.000868773 -0.000860771 -0.000437432 -0.000623941 -0.00101084 -0.00133107 -0.00225466 -0.00331939 -0.00118993 -0.00142298 0.00076714 0.00560473 0.00110027 -0.000632576 0.00489071 0.00918803 0.0132418 4.61121e-05 -0.000350228 -0.000630639 -0.00171294 -0.00220028 -0.000818336 -0.00207774 0.00132054
internal_weight=282240 252608 76830 175778 142968 29674 113294 75692 71914 56265 48461 29632 14816 14816 47903 15649 1141 32810 57013 915 585 455 22770 20087 23722 37602 24181 8334 10728 4430
internal_count=282240 252608 76830 175778 142968 29674 113294 75692 71914 56265 48461 29632 14816 14816 47903 15649 1141 32810 57013 915 585 455 22770 20087 23722 37602 24181 8334 10728 4430
is_linear=0
shrinkage=0.05


Tree=59
num_leaves=31
num_cat=0
split_feature=8 0 13 14 3 7 14 3 7 15 3 3 15 7 16 15 3 1 3 14 7 16 15 2 2 3 2 15 13 12
split_gain=31.9878 25.3013 23.3173 20.1859 18.2012 17.9629 17.3079 15.4753 19.7497 17.2301 13.9755 32.4903 17.9272 16.7876 18.5377 17.0615 15.1645 13.4431 13.3958 27.0963 14.4981 14.4944 13.5984 13.2388 12.5306 12.4085 12.2717 12.6082 18.6252 12.2642
threshold=1.3276961024240657 2.5000000000000004 4.9410000000000016 66.765000000000015 1.5000000000000002 0.83402780510763586 9.5175000000000018 9.5000000000000018 2.1172470467588353 14.101000000000001 5.5000000000000009 4.5000000000000009 73.675000000000026 0.4934637238385659 9.3087500000000016 16.531000000000002 7.5000000000000009 16.500000000000004 6.5000000000000009 60.595000000000006 1.1277069720567887 -3.1539999999999995 203.06000000000003 1.0000000180025095e-35 4.5000000000000009 1.5000000000000002 4.5000000000000009 6.9615000000000009 57.921000000000006 1.0000000180025095e-35
decision_type=2 2 8 2 2 2 2 2 2 2 2 2 2 2 2 2 2 2 2 2 2 2 2 2 2 2 2 2 8 2
left_child=1 2 -1 17 -2 10 -6 18 -9 -10 11 25 13 14 -13 -16 -12 -3 19 20 26 -20 -23 -24 29 -4 27 28 -7 -18
right_child=4 3 5 -5 6 7 -8 8 9 -11 16 12 -14 -15 15 -17 24 -19 21 -21 -22 22 23 -25 -26 -27 -28 -29 -30 -31
leaf_value=-0.25635233763862048 0.069767240316737866 0.12524275874391269 0.56362538698876241 -0.15869283633893616 -0.092403126874650118 0.5077902580638185 -0.71284981940841119 -0.0041250241959646418 0.041084693947034956 1.4943301493349495 -0.43290509304955171 0.32372583946787703 -0.066481229113398516 0.68931694461597315 1.8083024223324011 0.9307304376268466 -0.0025603775375907245 0.70254846994706199 0.66885437888806476 -0.61752527523354872 -0.38193195582068684 -0.32576039560172099 -4.9222501176704148 4.0778400208605374 -0.4946566332249564 -0.09459692926241195 -0.11734916481239779 0.049291464242467956 0.11528567280477056 0.82974414208144021
leaf_weight=18394 4896 26906 1950 28124 7494 1574 16642 34993 84 86 6530 120 667 1590 162 122 4989 8272 260 19458 8289 34181 175 329 3105 8006 13726 24124 3165 3827
leaf_count=18394 4896 26906 1950 28124 7494 1574 16642 34993 84 86 6530 120 667 1590 162 122 4989 8272 260 19458 8289 34181 175 329 3105 8006 13726 24124 3165 3827
internal_value=-0.000682753 -0.000502513 -0.000791077 0.000363178 -0.00225475 -0.000609638 -0.00281861 -0.000850305 5.78721e-05 0.0170588 0.000478304 0.00176072 0.00666854 0.00904213 0.0181436 0.0251056 -0.000398625 0.00116152 -0.00115363 -0.000756086 -0.000149182 -0.00195379 -0.00204195 0.00611111 0.000662275 0.000448974 0.000223179 0.000808473 0.00316628 0.00162432
internal_weight=282240 253208 189906 63302 29032 171512 24136 140444 35163 170 31068 12617 2661 1994 404 284 18451 35178 105281 70336 50878 34945 34685 504 11921 9956 42589 28863 4739 8816
internal_count=282240 253208 189906 63302 29032 171512 24136 140444 35163 170 31068 12617 2661 1994 404 284 18451 35178 105281 70336 50878 34945 34685 504 11921 9956 42589 28863 4739 8816
is_linear=0
shrinkage=0.05


Tree=60
num_leaves=31
num_cat=0
split_feature=8 0 7 14 8 14 7 16 5 1 1 13 14 13 16 13 8 2 3 2 1 1 15 8 14 3 16 16 13 1
split_gain=31.699 22.0974 27.2935 24.9024 17.369 17.086 16.8201 15.2515 14.6871 12.5351 19.6361 12.506 13.4919 40.4557 19.0909 14.893 11.4562 11.1873 10.8721 10.827 14.8992 10.6278 10.5542 9.2676 9.14445 13.7992 28.4226 10.3328 9.04346 8.94882
threshold=1.6631071998897591 1.5000000000000002 1.2103491747220745 12.233500000000001 1.3028601060400742 -2.2874999999999996 0.57482658038865264 1.7362500000000003 1.0000000180025095e-35 15.500000000000002 20.500000000000004 3.9715000000000003 8.8710000000000004 10.391500000000002 9.3087500000000016 43.355000000000004 0.79308329380229947 1.5000000000000002 10.500000000000002 1.5000000000000002 5.5000000000000009 6.5000000000000009 0.17500000000000002 1.4129691741289199 113.70750000000001 1.5000000000000002 45.568500000000007 136.46672500000003 42.161000000000008 18.500000000000004
decision_type=2 2 2 2 2 2 2 2 2 2 2 8 2 10 2 8 2 2 2 2 2 2 2 2 2 2 2 2 8 2
left_child=1 2 6 7 8 23 -1 -3 9 -5 16 -8 13 14 -13 17 22 -14 -16 20 -9 -20 -11 -4 25 26 29 -27 -22 -18
right_child=-2 3 5 4 -6 -7 11 19 -10 10 -12 12 15 -15 18 -17 24 -19 21 -21 28 -23 -24 -25 -26 27 -28 -29 -30 -31
leaf_value=0.23474562556177869 -0.46230820693756575 -0.18373862721297565 0.1188264738893248 -0.13314980337167504 -0.586751051048923 -0.27319475600353232 -0.28187226209734934 0.053512370823203162 -0.61814185788964249 6.6799963247252725 -0.20355417568301604 -0.22793343496804663 -0.088357758277165743 0.35337050040881945 0.34034610224961082 -0.12904382854790414 9.4918176307276685 -0.3926366994571715 -0.099562340635086788 0.21075812312692166 2.040108795515875 4.3849407155093676 1.0458236218725245 1.8918260483779716 -0.29729969147678892 0.25540501041456037 0.65052055976509104 4.9802754001743432 0.73513723080051185 1.5358145403483972
leaf_weight=9212 7488 4754 252 62316 9358 17758 9253 1824 4404 36 12722 17271 5961 6730 2598 54374 94 13631 77 17166 1122 185 3384 74 5450 11924 740 68 1922 92
leaf_count=9212 7488 4754 252 62316 9358 17758 9253 1824 4404 36 12722 17271 5961 6730 2598 54374 94 13631 77 17166 1122 185 3384 74 5450 11924 740 68 1922 92
internal_value=-0.000675136 -0.000587658 -0.00103606 -0.000139254 -0.000470577 -0.00284616 -0.000761662 0.00122853 -0.000280057 -0.000151613 0.000612865 -0.000933413 -0.000771967 0.000187818 -0.000934133 -0.00112052 0.00152423 -0.00230247 0.00284965 0.0017827 0.00386401 0.0125573 0.00418129 0.00849693 0.00102951 0.00175414 0.00763499 0.00130003 0.00600526 0.0251075
internal_weight=282240 274752 137376 137376 110588 18084 119292 26788 101230 96826 34510 110080 100827 26861 20131 73966 21788 19592 2860 22034 4868 262 3420 326 18368 12918 926 11992 3044 186
internal_count=282240 274752 137376 137376 110588 18084 119292 26788 101230 96826 34510 110080 100827 26861 20131 73966 21788 19592 2860 22034 4868 262 3420 326 18368 12918 926 11992 3044 186
is_linear=0
shrinkage=0.05


Tree=61
num_leaves=31
num_cat=0
split_feature=8 0 7 3 14 14 5 7 15 14 3 3 13 13 14 15 15 3 14 10 1 10 15 13 3 14 10 3 16 15
split_gain=30.9707 22.3522 21.9394 16.4176 15.979 13.8579 13.6522 12.7756 13.2287 11.4425 17.0705 20.7884 16.4702 10.9276 10.86 9.90725 9.80858 9.90892 14.853 12.1368 9.90942 9.56583 9.3617 9.36088 9.26361 13.5716 11.2428 8.87204 15.1307 9.62848
threshold=1.3499024743202501 1.5000000000000002 1.1424940957926981 1.5000000000000002 20.191000000000006 9.1890000000000018 1.0000000180025095e-35 0.57482658038865264 157.36250000000004 62.934000000000005 6.5000000000000009 9.5000000000000018 75.076500000000024 89.855000000000004 -3.3899999999999992 337.19400000000002 3.9715000000000003 9.5000000000000018 4.0810000000000004 -4.0178571428571397 7.5000000000000009 -1.6571428571428579 294.7000000000001 95.295000000000016 7.5000000000000009 -2.2874999999999996 -5.9678571428571416 1.5000000000000002 26.820500000000003 106.94100000000002
decision_type=2 2 2 2 2 2 2 2 2 2 2 2 8 8 2 2 2 2 2 2 2 2 2 10 2 2 2 2 2 2
left_child=1 2 7 21 16 24 13 8 -1 10 -9 14 -11 -6 -12 -14 17 -3 19 -19 -20 -2 23 -13 -5 -26 -27 28 -18 -29
right_child=3 4 -4 5 6 -7 -8 9 -10 12 11 22 15 -15 -16 -17 27 18 20 -21 -22 -23 -24 -25 25 26 -28 29 -30 -31
leaf_value=0.14291093572721147 0.29702576057959668 -0.26755275801376566 -0.25588783583805413 -0.21036557400254688 -0.21573431915733332 -0.65869989703120158 -0.62090352373866498 0.019003920730218667 2.2252543644404281 -0.87949294188844318 0.52077053199758505 -0.026347193968152213 -0.39659807903263222 0.036048390954543645 -0.30258789802879033 3.3147794014072454 1.2171374833908957 1.0875543871262547 0.16114873426520493 -0.41580637194966957 1.8076244724339909 -0.29563254970230485 7.9146920481155938 1.6772338901610624 2.7555365575507302 1.8808492696717889 -0.029304430459476657 0.19270029795208615 -0.85767229633197695 1.1681757213615371
leaf_weight=7922 1734 6030 16952 2826 30605 15490 4118 40012 218 6497 408 15807 13364 59421 25372 397 578 82 464 1452 630 2914 36 683 46 158 3736 22452 270 1566
leaf_count=7922 1734 6030 16952 2826 30605 15490 4118 40012 218 6497 408 15807 13364 59421 25372 397 578 82 464 1452 630 2914 36 683 46 158 3736 22452 270 1566
internal_value=-0.000667518 -0.000497503 -0.000965317 -0.00228107 -2.96876e-05 -0.00284553 -0.000363487 -0.000708842 0.00119779 -0.000860144 -0.000598169 -0.0012984 -0.00192467 -0.000234711 -0.0021858 -0.000945063 0.000907707 -0.000541697 0.00202055 -0.00115385 0.00647166 0.000421686 8.5924e-05 3.03202e-05 -0.000957731 0.000609136 0.000290189 0.00141237 0.00643868 0.00123491
internal_weight=282240 255336 127668 26904 127668 22256 94144 110716 8140 102576 82318 42306 20258 90026 25780 13761 33524 8658 2628 1534 1094 4648 16526 16490 6766 3940 3894 24866 848 24018
internal_count=282240 255336 127668 26904 127668 22256 94144 110716 8140 102576 82318 42306 20258 90026 25780 13761 33524 8658 2628 1534 1094 4648 16526 16490 6766 3940 3894 24866 848 24018
is_linear=0
shrinkage=0.05


Tree=62
num_leaves=31
num_cat=0
split_feature=7 13 14 0 13 13 3 14 15 7 4 7 14 3 15 13 15 13 3 7 15 1 14 13 16 4 15 14 7 14
split_gain=30.3427 18.6811 20.2135 23.2158 23.4058 19.8731 13.0166 13.4219 21.4461 18.393 17.9851 23.5747 22.076 34.1026 30.8769 19.7561 16.7812 18.9158 13.326 12.2 11.0897 10.9848 10.7367 34.6574 16.4405 15.2199 10.1386 14.1598 12.3765 9.82924
threshold=1.4061289584198742 1.5825000000000002 75.33250000000001 2.5000000000000004 66.591500000000011 107.41500000000001 10.500000000000002 98.566500000000005 90.711500000000015 0.99897078088854441 1.0000000180025095e-35 1.0000317254658451 149.93500000000003 11.500000000000002 28.771500000000003 181.19500000000002 37.38150000000001 117.605 11.500000000000002 0.63415852488057867 -0.54749999999999999 16.500000000000004 4.8310000000000004 9.2340000000000018 4.112750000000001 1.0000000180025095e-35 152.26500000000001 130.98400000000001 0.47925795019421197 256.86350000000004
decision_type=2 8 2 2 10 8 2 2 2 2 2 2 2 2 2 10 2 10 2 2 2 2 2 10 2 2 2 2 2 2
left_child=1 -1 3 4 19 -4 26 -8 9 -9 11 12 14 -14 15 18 -15 29 -11 -3 -12 -5 23 24 -21 -24 -7 28 -28 -18
right_child=-2 2 5 21 -6 6 7 8 -10 10 20 -13 13 16 -16 -17 17 -19 -20 22 -22 -23 25 -25 -26 -27 27 -29 -30 -31
leaf_value=-0.32398322272990637 -0.25513464605963121 0.15202141473164843 -0.53314664563739289 0.090783993187443707 0.24458885945228503 -0.29611643806411758 -1.2291331076700895 -1.1235416297207215 -0.023308856473519012 5.6978169073381562 0.9741079279246867 -2.1695335787301815 10.505498352599057 -3.8665982212622794 -0.87559097783459183 0.044079298772755654 4.8489725996604864 0.26035621631786121 5.6766624381319364 -0.20349354673854766 -1.8374198122348067 0.56980018365174845 -0.11892971597015314 0.31910820796213879 0.11387002428477813 -0.28842954439890484 2.4153725184054373 -0.74057768779658328 1.0534626636495577 6.2247490385020372
leaf_weight=10469 23888 12942 20058 27876 12437 25675 2523 520 6188 234 56 316 322 172 624 139 83 116 88 13067 530 9119 67973 6072 9207 28147 173 1788 1382 56
leaf_count=10469 23888 12942 20058 27876 12437 25675 2523 520 6188 234 56 316 322 172 624 139 83 116 88 13067 530 9119 67973 6072 9207 28147 173 1788 1382 56
internal_value=-0.000657775 -0.000500133 -0.000412756 -0.000154679 -0.000431614 -0.00120268 -0.000571552 0.000815993 0.00168149 0.00496622 0.00660453 0.00872093 0.0108942 0.0174967 0.0063364 0.0161497 0.00823185 0.0163725 0.0229503 -0.000619616 -0.00116041 0.000967021 -0.000771537 8.36085e-05 -0.000829219 -0.00102372 -0.00114377 0.0014463 0.00493569 0.0288129
internal_weight=282240 258352 247883 186840 149845 61043 40985 11967 9444 3256 2736 2150 1834 749 1085 461 427 255 322 137408 586 36995 124466 28346 22274 96120 29018 3343 1555 139
internal_count=282240 258352 247883 186840 149845 61043 40985 11967 9444 3256 2736 2150 1834 749 1085 461 427 255 322 137408 586 36995 124466 28346 22274 96120 29018 3343 1555 139
is_linear=0
shrinkage=0.05


Tree=63
num_leaves=31
num_cat=0
split_feature=8 10 7 0 14 7 13 2 14 13 16 13 3 16 3 1 8 3 2 7 2 3 3 10 2 15 2 3 14 1
split_gain=30.9809 23.6044 17.3119 18.8121 15.5352 15.1046 11.3895 11.8677 10.9821 19.1864 30.0746 16.4205 10.4679 15.5623 12.0138 10.6347 11.218 10.4303 10.3335 10.1689 9.86645 9.61797 11.0978 9.33117 9.62044 9.18146 15.0145 9.03205 8.70414 10.1157
threshold=1.6369273531088646 3.1074175824175829 0.64735137188752534 1.5000000000000002 12.233500000000001 1.3381229718934773 84.485000000000014 1.0000000180025095e-35 62.934000000000005 23.891500000000004 16.533150000000003 75.076500000000024 2.5000000000000004 144.06050000000002 7.5000000000000009 6.5000000000000009 0.99423265811021311 6.5000000000000009 1.5000000000000002 2.3646020039433977 1.0000000180025095e-35 6.5000000000000009 10.500000000000002 1.0000000180025095e-35 4.5000000000000009 337.19400000000002 1.5000000000000002 2.5000000000000004 -6.0199999999999987 12.500000000000002
decision_type=2 2 2 2 2 2 8 2 2 10 2 8 2 2 2 2 2 2 2 2 2 2 2 2 2 2 2 2 2 2
left_child=1 2 -1 5 18 8 7 -6 9 21 -11 -10 13 15 17 -8 -17 -14 -5 23 27 -4 28 24 -16 -13 -27 -12 29 -23
right_child=-2 -3 3 4 6 -7 12 -9 11 10 20 25 14 -15 19 16 -18 -19 -20 -21 -22 22 -24 -25 -26 26 -28 -29 -30 -31
leaf_value=0.13935247155069591 -0.3860684776583741 -0.33806437357635793 -0.047143857667031955 0.67954983224670218 0.15003748109328252 -0.20335476354422333 -0.17413774221262759 -0.33049435427298374 -0.81949886214006884 0.42133201039026391 -0.47004787812516141 -0.34022475847979389 -0.12165699857111795 -1.4803246666539183 0.63448079248172495 1.3980185615040641 0.42798086995952067 -0.70875320916007689 0.078968431115331847 1.4898475053273836 -0.074071509133674079 -0.17063250937019708 0.045961909769924286 -0.42463880913551694 -0.28905767022467266 5.7665981963528656 0.25661774456356645 0.85579694025012643 -0.25425119666866242 0.80895318725479448
leaf_weight=25146 8568 17182 28338 4870 5840 9352 2616 26753 6655 4095 513 13582 20898 1079 16069 1382 6326 4439 18148 90 13102 134 6981 4241 5497 98 299 1340 28461 146
leaf_count=25146 8568 17182 28338 4870 5840 9352 2616 26753 6655 4095 513 13582 20898 1079 16069 1382 6326 4439 18148 90 13102 134 6981 4241 5497 98 299 1340 28461 146
internal_value=-0.000638819 -0.000546129 -0.000425944 -0.000561373 -0.000120426 -0.00102241 -0.000402185 -0.00116022 -0.000848918 -0.000592589 0.000800524 -0.00188136 -7.74422e-06 0.00136236 -0.000312684 0.00195951 0.00289439 -0.00108675 0.00104527 0.000444645 -0.000239052 -0.00100687 -0.00155255 0.000386134 0.000807752 -0.000908149 0.0065869 0.00317593 -0.00198688 0.00678571
internal_weight=282240 273672 256490 231344 118248 113096 95230 32593 103744 83110 19050 20634 62637 11403 51234 10324 7708 25337 23018 25897 14955 64060 35722 25807 21566 13979 397 1853 28741 280
internal_count=282240 273672 256490 231344 118248 113096 95230 32593 103744 83110 19050 20634 62637 11403 51234 10324 7708 25337 23018 25897 14955 64060 35722 25807 21566 13979 397 1853 28741 280
is_linear=0
shrinkage=0.05


Tree=64
num_leaves=31
num_cat=0
split_feature=8 5 13 14 13 16 13 2 7 0 1 1 2 15 16 14 13 14 6 12 8 2 14 14 8 1 1 8 16 1
split_gain=30.1219 20.4077 20.8435 17.6634 45.7192 25.1515 19.3827 28.4568 14.6418 13.1737 13.0148 15.3717 18.0771 13.5388 15.8228 15.1762 24.75 11.5476 12.6188 10.0281 14.2015 9.92421 9.46626 9.43012 9.30074 8.99678 9.89815 8.5788 10.0377 9.03106
threshold=1.6631071998897591 1.0000000180025095e-35 4.8710000000000013 10.021500000000001 9.2340000000000018 9.5642250000000022 67.439000000000007 1.0000000180025095e-35 1.2159563601304679 1.5000000000000002 21.500000000000004 6.5000000000000009 4.5000000000000009 170.59400000000002 179.13925000000003 112.08900000000001 228.58500000000004 -6.0199999999999987 1.1454716954565594 0.85375000000000012 0.71470455368388996 1.0000000180025095e-35 79.955000000000013 50.096000000000011 0.75078505369982917 6.5000000000000009 18.500000000000004 1.0900215495746772 78.86375000000001 13.500000000000002
decision_type=2 2 8 2 10 2 8 2 2 2 2 2 2 2 2 2 10 2 2 2 2 2 2 2 2 2 2 2 2 2
left_child=1 2 17 4 5 -4 7 23 10 -10 11 -8 19 27 15 -15 -17 18 -1 20 -13 -19 -22 25 -7 -5 -27 -14 29 -29
right_child=-2 -3 3 6 -6 24 8 -9 9 -11 -12 12 13 14 -16 16 -18 21 -20 -21 22 -23 -24 -25 -26 26 -28 28 -30 -31
leaf_value=0.099245304044055363 -0.39307402007585485 -0.40562340349942361 -0.16824842801441142 -0.016809198083626953 0.31620505499892887 0.88909316738911626 -0.14627998903265685 -0.29479240416353347 -0.82782100151392801 -0.20007352282216867 -0.35027830508039043 1.0819710605668542 -0.37385751414986362 0.9355174830394074 -0.85524309270347132 3.8330168676452341 0.1555498104123938 -0.010878424657502739 0.30037679402355655 -0.28483575140037437 0.33047223419422317 -0.22304293219425328 0.012215668090719063 -0.082080063320067106 0.2403699599363335 1.0886086230058245 0.061780827010848333 -0.028294306615575228 -0.3770908520325244 0.78480159678172456
leaf_weight=182 7488 11584 31469 1529 17226 1200 30266 44964 4243 8926 9426 4701 14683 234 431 88 88 5238 74 3718 28771 17777 21844 4158 6725 1799 956 834 705 913
leaf_count=182 7488 11584 31469 1529 17226 1200 30266 44964 4243 8926 9426 4701 14683 234 431 88 88 5238 74 3718 28771 17777 21844 4158 6725 1799 956 834 705 913
internal_value=-0.000635808 -0.000550534 -0.000460126 -0.000321535 0.00045037 -0.000489162 -0.000560001 -0.00136183 -0.000230268 -0.00181069 -5.19283e-05 0.000104589 0.000479807 -0.000908435 0.00528537 0.0123171 0.0234091 -0.00188883 0.00867187 0.00090253 0.00107148 -0.0020063 0.000827323 0.00130182 0.00202839 0.00294818 0.00465517 -0.00121243 0.00152528 0.00355753
internal_weight=282240 274752 263168 239897 56620 39394 183277 53406 129871 13169 116702 107276 77010 17976 841 410 176 23271 256 59034 55316 23015 50615 8442 7925 4284 2755 17135 2452 1747
internal_count=282240 274752 263168 239897 56620 39394 183277 53406 129871 13169 116702 107276 77010 17976 841 410 176 23271 256 59034 55316 23015 50615 8442 7925 4284 2755 17135 2452 1747
is_linear=0
shrinkage=0.05


Tree=65
num_leaves=31
num_cat=0
split_feature=8 3 0 13 2 1 1 7 3 16 10 16 16 5 3 13 2 13 16 3 16 1 1 16 12 8 3 15 16 7
split_gain=28.7225 25.3537 20.4939 19.3334 14.9779 19.8383 19.5068 17.841 18.6126 27.924 14.8394 14.2284 13.6757 12.2054 12.8629 21.0253 11.417 15.0924 15.9857 11.1938 11.5212 10.145 10.7424 12.7681 9.76122 14.782 9.64205 11.6858 11.0624 9.58956
threshold=1.2370981468828388 1.5000000000000002 2.5000000000000004 4.1015000000000006 3.5000000000000004 5.5000000000000009 19.500000000000004 0.99897078088854441 1.5000000000000002 4.7289000000000003 -1.6571428571428579 9.3087500000000016 90.3185 1.0000000180025095e-35 10.500000000000002 153.71500000000003 1.0000000180025095e-35 41.685000000000009 31.254750000000005 7.5000000000000009 -3.1539999999999995 16.500000000000004 21.500000000000004 105.20437500000001 0.5162500000000001 0.71109846141186728 9.5000000000000018 1.0000000180025095e-35 3.0465000000000004 2.2214749408367012
decision_type=2 2 2 8 2 2 2 2 2 2 2 2 2 2 2 8 2 10 2 2 2 2 2 2 2 2 2 2 2 2
left_child=2 10 3 -1 5 -5 7 8 9 -7 -2 19 -11 14 16 29 17 -9 -19 -3 -21 24 23 -23 25 -4 -6 28 -28 -16
right_child=1 11 21 4 26 6 -8 13 -10 12 -12 -13 -14 -15 15 -17 -18 18 -20 20 -22 22 -24 -25 -26 -27 27 -29 -30 -31
leaf_value=-0.21672945020788054 0.41942888909360709 -0.177573186351492 0.51211046569678909 -0.17906541023477532 -0.19435574928988505 4.5449078724002279 -0.26479635728087353 0.16734881729810105 0.35048130072746309 1.9645547944197475 -0.23998613065235716 -0.5619610288045308 0.073018017741562816 -0.79672027259051226 -0.34620656830517027 2.0411284762333763 -0.090415845591171273 2.9840585073880028 0.83225131010833742 0.42416509888055298 0.047337484287628587 0.75224347815673198 -0.1200340557501639 0.032590645545263433 -0.40670849781200041 -0.0295777104674982 -0.13345861745980292 -0.080590867594499793 0.53110445535826156 1.1942541591596063
leaf_weight=14972 2432 3774 4502 24152 54747 54 16598 6766 12669 458 3528 22848 400 1373 2317 4313 26897 132 973 40 5010 7920 5196 4742 5104 33688 480 15351 774 30
leaf_count=14972 2432 3774 4502 24152 54747 54 16598 6766 12669 458 3528 22848 400 1373 2317 4313 26897 132 973 40 5010 7920 5196 4742 5104 33688 480 15351 774 30
internal_value=-0.000623584 -0.00190955 -0.000425744 -0.000689976 -0.000536966 -0.000132913 0.000278157 0.000721683 0.00230064 0.00919956 0.00108221 -0.00247253 0.00700466 0.000220671 0.000374383 0.00238739 -1.12184e-05 0.0016637 0.00708145 -0.000767227 0.000772276 0.000366953 0.00136969 0.00215527 -4.66589e-05 0.000227807 -0.00108701 -3.16182e-05 0.00460925 -0.00142096
internal_weight=282240 37632 244608 183456 168484 97132 72980 56382 13581 912 5960 31672 858 42801 41428 6660 34768 7871 1105 8824 5050 61152 17858 12662 43294 38190 71352 16605 1254 2347
internal_count=282240 37632 244608 183456 168484 97132 72980 56382 13581 912 5960 31672 858 42801 41428 6660 34768 7871 1105 8824 5050 61152 17858 12662 43294 38190 71352 16605 1254 2347
is_linear=0
shrinkage=0.05


Tree=66
num_leaves=31
num_cat=0
split_feature=10 8 5 13 14 13 0 3 3 14 7 13 3 3 8 7 2 2 13 2 12 3 16 14 14 13 16 8 7 14
split_gain=28.6112 17.5465 15.803 16.1087 16.0439 17.9648 17.9979 15.902 32.1917 22.4466 20.2731 15.4981 18.0614 12.7478 12.3821 13.2622 12.2987 34.4401 34.4401 12.2507 13.0156 14.0354 13.0413 13.3914 11.7784 15.815 11.621 12.3869 11.5745 13.0003
threshold=2.0071428571428593 1.6631071998897591 1.0000000180025095e-35 2.9010000000000002 75.33250000000001 69.784500000000023 2.5000000000000004 6.5000000000000009 7.5000000000000009 1.5915000000000001 0.7144275773362031 107.41500000000001 10.500000000000002 2.5000000000000004 0.45986369171164981 0.62585625721226001 4.5000000000000009 5.5000000000000009 102.02250000000002 4.5000000000000009 0.0087500000000000026 8.5000000000000018 27.176675000000003 28.752500000000001 98.566500000000005 316.99500000000006 236.19477499999999 1.0000797180590746 1.5406628569491547 29.401000000000003
decision_type=2 2 2 8 2 10 2 2 2 2 2 8 2 2 2 2 2 2 10 2 2 2 2 2 2 8 2 2 2 2
left_child=1 2 3 -1 5 6 7 10 9 -9 14 -6 -13 16 15 -5 -4 18 -18 20 22 -22 -10 -24 -14 -26 27 -27 29 -12
right_child=-2 -3 13 4 11 -7 -8 8 19 -11 28 12 24 -15 -16 -17 17 -19 -20 -21 21 -23 23 -25 25 26 -28 -29 -30 -31
leaf_value=-0.19437907274845662 -0.28672248922877797 -0.32604798443324279 -0.22722881618587307 1.6735433461621967 -0.42821337323509479 0.25360817681021225 0.22241290928767046 0.2458739819759459 -0.14702155640275549 -0.43530695152054655 0.1063700350094422 -0.2095494219105537 -1.0300660708478937 -0.41187877118678717 0.3874814362214648 -0.31602133716480996 0.95700134291547068 -3.0683072480847868 -0.68781327830903605 -0.19078722711853677 1.3890821509792373 0.060711803545950932 2.0049319254692914 0.15616861902908136 -0.32438053907115183 3.5880705859532442 0.38153908086917016 -1.0358414346908666 -0.34253367025600623 -0.11486414772188276
leaf_weight=13828 32454 4726 728 333 17941 16223 29032 1349 18945 11738 23106 26942 2307 8986 5380 135 128 192 64 15996 2236 3914 1441 7845 2681 3786 2122 363 1838 25481
leaf_count=13828 32454 4726 728 333 17941 16223 29032 1349 18945 11738 23106 26942 2307 8986 5380 135 128 192 64 15996 2236 3914 1441 7845 2681 3786 2122 363 1838 25481
internal_value=-0.000619155 -0.000437696 -0.0003795 -0.000296262 -0.000192735 5.56985e-05 -0.000116591 -0.000387392 -0.000929977 -0.00313938 0.000224529 -0.00092284 -0.000353526 -0.0023163 0.00301128 0.010812 0.00273381 0.00997396 0.0249479 -0.000356017 0.000175823 0.00226016 -0.000278241 0.00125673 0.00132827 0.00214924 0.00352336 0.00506266 -9.86626e-05 4.86744e-05
internal_weight=282240 249786 245060 234962 221134 164992 148769 119737 63464 13087 56273 56142 38201 10098 5848 468 1112 384 192 50377 34381 6150 28231 9286 11259 8952 6271 4149 50425 48587
internal_count=282240 249786 245060 234962 221134 164992 148769 119737 63464 13087 56273 56142 38201 10098 5848 468 1112 384 192 50377 34381 6150 28231 9286 11259 8952 6271 4149 50425 48587
is_linear=0
shrinkage=0.05


Tree=67
num_leaves=31
num_cat=0
split_feature=7 14 13 13 16 15 3 1 3 3 16 7 13 3 12 15 7 15 2 7 3 2 15 6 2 1 1 13 1 15
split_gain=26.3555 16.844 22.4217 15.9053 23.3481 18.7122 14.1042 17.4753 14.1253 16.3405 14.2776 13.6167 11.5388 11.2194 17.1858 12.8264 11.0707 11.7463 10.1582 10.1515 11.3007 12.6854 13.6343 12.8012 9.85521 9.83383 9.27536 10.482 9.13906 11.4167
threshold=1.4061289584198742 62.115000000000002 75.076500000000024 27.473500000000005 18.518625000000004 66.895000000000024 1.5000000000000002 6.5000000000000009 9.5000000000000018 6.5000000000000009 -3.1539999999999995 1.0088498492910212 7.8840000000000012 7.5000000000000009 0.0037500000000000003 35.462500000000013 0.99897078088854441 15.285000000000002 1.0000000180025095e-35 2.3646020039433977 10.500000000000002 4.5000000000000009 7.2325000000000008 1.1788083778716205 3.5000000000000004 6.5000000000000009 12.500000000000002 6.2025000000000015 19.500000000000004 25.351000000000003
decision_type=2 2 8 10 2 2 2 2 2 2 2 2 10 2 2 2 2 2 2 2 2 2 2 2 2 2 2 10 2 2
left_child=1 3 -3 5 -5 6 7 -1 9 11 26 24 28 -12 15 -15 17 -14 -6 -2 -21 22 -22 -24 -8 -10 -11 -28 29 -9
right_child=19 2 -4 4 18 -7 8 12 25 10 13 -13 16 14 -16 -17 -18 -19 -20 20 21 -23 23 -25 -26 -27 27 -29 -30 -31
leaf_value=-0.20917256511383198 -0.22311121503587966 -0.55986619551420913 -0.13692833628920612 0.31561483681811303 0.36440122576517753 0.19496651420087441 0.12255102117886629 0.37467453331499279 -0.16049987776154961 -0.14879437847821034 -0.35852954872392157 -0.21908389563684208 3.5470040588701544 -0.30978158763986363 0.19180019157497116 0.91594282006949168 1.4085005686305854 1.6895920713037915 -0.046852767186391697 -0.32919989607232503 0.0069849372851743729 -0.24406071005461399 0.16689772426993121 1.8260922975547409 -0.11836347985761519 0.19152886544376316 0.43797186215008294 0.90524794496164596 -0.18838100759228377 1.8178393764806051
leaf_weight=2403 23392 20250 57920 10281 3654 19668 17138 1070 9584 184 14195 8681 101 20882 6166 1541 254 61 27548 224 76 80 36 80 18753 16031 217 59 909 802
leaf_count=2403 23392 20250 57920 10281 3654 19668 17138 1070 9584 184 14195 8681 101 20882 6166 1541 254 61 27548 224 76 80 36 80 18753 16031 217 59 909 802
internal_value=-0.000610475 -0.000463555 -0.0010765 -0.000197635 0.000661354 -0.000454547 -0.00069062 0.00175893 -0.000811552 -0.0011129 -0.00180534 -0.000441085 0.00418048 -0.00189954 -0.00132901 -0.00197186 0.0119471 0.0221605 -1.95512e-05 -0.00219943 0.00487903 0.0117279 0.0186979 0.0294828 -1.12854e-05 0.000221549 0.00695652 0.0127536 0.0030187 0.00501602
internal_weight=282240 258352 78170 180182 41483 138699 119031 5600 113431 87816 43244 44572 3197 42784 28589 22423 416 162 31202 23888 496 272 192 116 35891 25615 460 276 2781 1872
internal_count=282240 258352 78170 180182 41483 138699 119031 5600 113431 87816 43244 44572 3197 42784 28589 22423 416 162 31202 23888 496 272 192 116 35891 25615 460 276 2781 1872
is_linear=0
shrinkage=0.05


Tree=68
num_leaves=31
num_cat=0
split_feature=8 10 14 13 16 13 2 5 3 2 2 13 1 1 8 3 8 3 3 3 14 10 13 3 14 13 2 16 1 15
split_gain=27.6716 20.2665 16.2197 43.6584 24.9047 24.4998 24.0558 12.5151 17.16 16.8071 20.6267 30.2273 11.3641 17.5871 10.3637 10.6767 10.3256 9.52049 10.401 16.2066 9.71245 8.79472 9.26264 8.82225 11.5367 9.8579 14.6898 9.81846 11.3075 8.83528
threshold=1.6631071998897591 3.1074175824175829 7.2410000000000005 9.2340000000000018 8.8077500000000022 64.911000000000016 1.0000000180025095e-35 1.0000000180025095e-35 2.5000000000000004 4.5000000000000009 5.5000000000000009 82.403500000000022 21.500000000000004 15.500000000000002 0.85038508141324576 11.500000000000002 0.79308329380229947 10.500000000000002 6.5000000000000009 7.5000000000000009 75.33250000000001 1.0000000180025095e-35 113.73250000000002 11.500000000000002 99.807500000000019 209.94500000000002 5.5000000000000009 40.130075000000005 4.5000000000000009 113.11250000000001
decision_type=2 2 2 10 2 8 2 2 2 2 2 10 2 2 2 2 2 2 2 2 2 2 8 2 2 8 2 2 2 2
left_child=1 2 3 4 -1 6 -4 12 9 -9 11 -11 13 17 15 -6 -15 18 20 -20 -7 22 -19 24 25 26 27 -24 -29 -26
right_child=-2 -3 5 -5 14 7 -8 8 -10 10 -12 -13 -14 16 -16 -17 -18 21 19 -21 -22 -23 23 -25 29 -27 -28 28 -30 -31
leaf_value=-0.10925860400837616 -0.33552685321778597 -0.28763421026231989 0.074103246242084031 0.32678035741025124 0.84575016542592596 0.05547368145799051 -0.28928768558196921 -0.52414678712302132 -0.85126201398047119 0.95243824685467937 -3.2531986453197699 0.014001596452185678 -0.32558106732306114 0.7997583985316199 0.21196385843527554 1.5100683448372507 0.13975464353603348 -0.28280149135769728 -0.74209817077069884 -0.18186506246377826 -0.20068653100921463 -0.44716149066403593 -0.74523980294497993 0.093991597195857896 3.6757897490897928 0.39397740837368944 1.5429585443108238 2.9645483577312537 2.6372710145779168 -2.213161225047017
leaf_weight=35228 7488 17346 11930 13918 1243 27855 53441 387 4484 104 96 88 10456 4919 6217 112 31591 1957 6138 18368 14896 1935 224 6220 1316 3809 65 31 214 164
leaf_count=35228 7488 17346 11930 13918 1243 27855 53441 387 4484 104 96 88 10456 4919 6217 112 31591 1957 6138 18368 14896 1935 224 6220 1316 3809 65 31 214 164
internal_value=-0.000605514 -0.000523783 -0.000412307 0.000334284 -0.000456777 -0.000623307 -0.00141814 -0.000239328 -0.00265459 0.00477778 0.0139236 0.0233854 -0.000143596 -5.51488e-06 0.00214474 0.00610701 0.000909339 -0.000407011 -0.000667367 -0.00148862 -0.000196605 0.000691872 0.00112857 0.00164701 0.00304568 0.00174649 0.00810861 0.00502132 0.0119388 0.00685811
internal_weight=282240 274752 257406 56718 42800 200688 65371 135317 5159 675 288 192 130158 119702 7572 1355 36510 83192 67257 24506 42751 15935 14000 12043 5823 4343 534 469 245 1480
internal_count=282240 274752 257406 56718 42800 200688 65371 135317 5159 675 288 192 130158 119702 7572 1355 36510 83192 67257 24506 42751 15935 14000 12043 5823 4343 534 469 245 1480
is_linear=0
shrinkage=0.05


Tree=69
num_leaves=31
num_cat=0
split_feature=8 10 5 16 2 7 0 14 15 7 15 15 13 14 3 3 12 3 15 10 7 15 13 16 3 12 2 3 2 2
split_gain=25.9847 18.9971 15.7653 14.9372 16.9504 13.8296 13.0708 14.6858 16.0502 11.2893 10.3357 11.1846 9.82752 9.84881 12.9521 12.4892 13.8498 15.0071 12.1771 10.3383 10.1037 10.5928 12.8229 10.1166 9.38 18.0337 10.3039 9.24467 9.30593 27.0938
threshold=1.6631071998897591 3.6714285714285726 1.0000000180025095e-35 -3.1539999999999995 4.5000000000000009 0.56502725539191412 1.5000000000000002 80.579000000000022 102.86500000000002 1.4858866909239083 0.17500000000000002 7.2325000000000008 69.003500000000017 59.985000000000007 6.5000000000000009 7.5000000000000009 0.056250000000000008 8.5000000000000018 13.749000000000001 -0.71428571428571452 1.0000317254658451 14.501000000000003 4.8710000000000013 81.538750000000007 1.5000000000000002 1.0000000180025095e-35 3.5000000000000004 2.5000000000000004 4.5000000000000009 5.5000000000000009
decision_type=2 2 2 2 2 2 2 2 2 2 2 2 10 2 2 2 2 2 2 2 2 2 10 2 2 2 2 2 2 2
left_child=1 2 3 10 5 -5 9 8 24 12 -1 -12 13 14 20 -16 -17 18 19 -18 21 22 -7 -23 25 -8 -27 28 -4 -30
right_child=-2 -3 27 4 -6 6 7 -9 -10 -11 11 -13 -14 -15 15 16 17 -19 -20 -21 -22 23 -24 -25 -26 26 -28 -29 29 -31
leaf_value=0.034922332623918244 -0.31875051055689663 -0.29332672419035116 -0.23660910317901812 0.24007415198699322 -0.14207716920903088 0.13501986249224576 0.38416964525710118 -0.17627174736487733 0.69087121214338276 -0.19102754978022124 0.68137461078169614 0.16911392032462472 0.22654761640343857 -0.5852793856860331 -0.3221002778379991 -0.15285780431910731 2.0342397442378686 -0.045920416142050446 1.692037234616121 0.7947054778258672 -0.20012656635006604 0.0015595900089593329 0.52386739076519473 1.1528057369693374 0.029011396838236572 4.6488830056628645 0.17412901713103535 -0.38717599621684112 0.64367455805285978 -2.7719529888052943
leaf_weight=596 7488 12948 772 12028 69306 4511 2696 30230 7170 4152 310 298 6911 14814 6508 21310 299 2111 805 268 4500 14389 2106 78 45400 228 106 9518 192 192
leaf_count=596 7488 12948 772 12028 69306 4511 2696 30230 7170 4152 310 298 6911 14814 6508 21310 299 2111 805 268 4500 14389 2106 78 45400 228 106 9518 192 192
internal_value=-0.000591519 -0.000512318 -0.000419857 -0.000339865 -0.00036663 -0.000111561 -0.000228422 0.00020389 0.00068615 -0.000676761 0.00521595 0.00980263 -0.000542553 -0.00071612 -0.000417071 -0.00109917 -0.000587465 0.00233563 0.0064067 0.0120194 0.000417447 0.000876493 0.00253362 0.000118544 0.00035928 0.0030528 0.014012 -0.00230186 0.00192041 0.00828125
internal_weight=282240 274752 261804 251130 249926 180620 168592 85830 55600 82762 1204 608 78610 71699 56885 31301 24793 3483 1372 567 25584 21084 6617 14467 48430 3030 334 10674 1156 384
internal_count=282240 274752 261804 251130 249926 180620 168592 85830 55600 82762 1204 608 78610 71699 56885 31301 24793 3483 1372 567 25584 21084 6617 14467 48430 3030 334 10674 1156 384
is_linear=0
shrinkage=0.05


Tree=70
num_leaves=31
num_cat=0
split_feature=8 5 13 2 1 1 10 2 13 14 15 1 12 13 14 14 14 3 3 3 13 16 15 2 13 16 13 6 13 2
split_gain=25.2521 17.8079 16.0583 14.2503 16.675 22.6173 16.5163 16.9802 18.5445 15.5034 16.6557 15.9934 15.1548 15.1052 16.3328 14.7303 13.4763 15.8986 12.8265 10.2097 9.73735 9.9641 9.18747 14.2689 12.1321 8.67551 11.7051 8.67115 8.54474 9.01679
threshold=1.3499024743202501 1.0000000180025095e-35 3.0010000000000003 4.5000000000000009 21.500000000000004 4.5000000000000009 -0.79285714285714215 1.0000000180025095e-35 3.4090000000000003 -0.99899999999999989 0.84250000000000014 16.500000000000004 0.88375000000000015 68.251000000000019 16.958500000000004 123.80150000000002 4.8310000000000004 1.5000000000000002 1.5000000000000002 2.5000000000000004 87.731500000000025 32.780750000000005 441.51000000000005 2.5000000000000004 252.66000000000003 19.430150000000001 54.975000000000001 1.2489421435476711 9.2340000000000018 5.5000000000000009
decision_type=2 2 8 2 2 2 2 2 10 2 2 2 2 8 2 2 2 2 2 2 10 2 2 2 8 2 8 2 10 2
left_child=1 2 -1 4 5 25 12 8 -8 10 -5 -11 -7 14 18 20 27 -18 -9 -3 21 -10 -15 24 -24 26 -4 -2 -12 -30
right_child=16 19 3 9 -6 6 7 13 15 11 28 -13 -14 22 -16 -17 17 -19 -20 -21 -22 -23 23 -25 -26 -27 -28 -29 29 -31
leaf_value=-0.18484962973925562 -0.26076272363187908 0.2553756739053536 0.22757336490885824 -0.16004792493251244 -0.29058933429360806 0.50770604043801582 0.060109951078078365 2.5688916861483828 1.1295987242360932 -0.21602164347120034 0.4989121576873945 0.028677847978591738 -0.16294040822448519 0.060684825287408699 -0.36714440152673578 -0.46242651879013741 0.057007554889369906 -0.41654576750326311 0.076090441146967863 -0.38676314084442076 1.8309080009805045 0.3615423148028481 -12.120318208054021 -3.2340430966799634 3.9377179983659918 -0.23687675834725491 -0.15755989337467499 0.11403318657973414 0.40566030964193278 0.72767020485565781
leaf_weight=14790 2550 1016 4379 971 13895 16075 10114 177 2191 42748 975 18916 2846 55939 17092 1364 3456 17568 6711 10016 562 3663 94 313 387 21682 7945 3330 211 264
leaf_count=14790 2550 1016 4379 971 13895 16075 10114 177 2191 42748 975 18916 2846 55939 17092 1364 3456 17568 6711 10016 562 3663 94 313 387 21682 7945 3330 211 264
internal_value=-0.000582484 -0.000428965 -0.000340233 -0.000237329 7.88739e-06 0.000159897 0.000488478 0.000228837 0.00162233 -0.00087033 0.00305452 -0.00102442 0.0018416 -8.00998e-05 -0.00113219 0.00345758 -0.00203947 -0.00263128 0.000923344 -0.00239395 0.00446072 0.00385719 0.000364601 0.00570529 0.0111123 -0.000975711 8.35756e-05 7.65294e-05 0.00644827 0.0119474
internal_weight=282240 255336 244304 229514 165429 151534 117528 98607 17894 64085 2421 61664 18921 80713 23980 7780 26904 21024 6888 11032 6416 5854 56733 794 481 34006 12324 5880 1450 475
internal_count=282240 255336 244304 229514 165429 151534 117528 98607 17894 64085 2421 61664 18921 80713 23980 7780 26904 21024 6888 11032 6416 5854 56733 794 481 34006 12324 5880 1450 475
is_linear=0
shrinkage=0.05


Tree=71
num_leaves=31
num_cat=0
split_feature=8 5 1 1 2 7 12 14 2 8 3 7 15 14 3 2 8 14 14 0 15 0 16 12 8 3 1 2 14 7
split_gain=24.3332 17.0382 15.5891 17.8014 20.6744 15.2246 17.6639 16.1602 14.5949 14.0832 13.7826 17.2398 15.9433 13.9602 15.4396 17.5867 13.0116 12.4303 11.3033 10.4045 11.5001 9.96676 10.3557 9.66212 9.64748 9.61962 9.36698 12.0595 9.51842 10.1992
threshold=1.6369273531088646 1.0000000180025095e-35 6.5000000000000009 21.500000000000004 3.5000000000000004 0.68414606430160674 0.75125000000000008 154.36050000000003 1.0000000180025095e-35 1.0517211997345159 10.500000000000002 2.3646020039433977 441.51000000000005 79.955000000000013 1.5000000000000002 2.5000000000000004 0.6221889266783992 -6.0199999999999987 59.45150000000001 1.5000000000000002 19.563500000000001 2.5000000000000004 61.213775000000005 0.13125000000000003 0.65859367691234627 9.5000000000000018 15.500000000000002 4.5000000000000009 1.0000000180025095e-35 0.65116675717781247
decision_type=2 2 2 2 2 2 2 2 2 2 2 2 2 2 2 2 2 2 2 2 2 2 2 2 2 2 2 2 2 2
left_child=1 2 21 4 5 6 7 -4 9 -7 12 -12 13 14 15 19 -17 24 23 -10 -21 -1 -23 -18 -6 -14 27 -19 -28 -30
right_child=-2 -3 3 -5 17 8 -8 -9 10 -11 11 -13 25 -15 -16 16 18 26 -20 20 -22 22 -24 -25 -26 -27 28 -29 29 -31
leaf_value=-0.16155759572536335 -0.26992925988264244 -0.31275423210959802 0.82133784840100044 -0.21763708453894495 1.0012011131099861 0.43591068622562601 -0.31068690652738606 -1.1338426319490951 -0.52217896104898576 -0.15791101461945711 0.72200830673895133 1.1088476339250362 5.728956385302431 -0.48354506063072739 -0.048554494153645683 2.4944628060235381 0.84498006398183367 -0.0014765625064811186 1.8327351021537568 5.4189957099276951 0.75981318930593256 0.19776326624271109 -0.24876975864078987 3.389245723390264 0.28710255709083071 -5.0058435600856503 0.44647109474519281 -0.21680116396928142 0.62738774972020483 -0.07621383857598199
leaf_weight=57648 8568 11544 7474 21840 32 16840 2208 806 1152 3912 9920 120 108 13540 36508 48 678 13756 150 68 624 11734 7482 44 750 40 848 27034 2140 24624
leaf_count=57648 8568 11544 7474 21840 32 16840 2208 806 1152 3912 9920 120 108 13540 36508 48 678 13756 150 68 624 11734 7482 44 750 40 848 27034 2140 24624
internal_value=-0.000590456 -0.00050831 -0.000425518 -0.000177154 2.0181e-06 0.00048387 0.00227975 0.00333937 0.000258978 0.00140902 -0.000119842 0.00157868 -0.000441844 -0.000487769 -1.04412e-05 0.00359262 0.00923913 -0.000654343 0.00784404 0.000775487 0.00562139 -0.00102415 -3.79904e-05 0.00524931 0.00561381 0.0159459 -0.000726003 -0.0012074 -1.48498e-05 -0.000180094
internal_weight=282240 273672 262128 185264 163424 94240 10488 8280 83752 20752 63000 10040 52960 52812 39272 2764 920 69184 872 1844 692 76864 19216 722 782 148 68402 40790 27612 26764
internal_count=282240 273672 262128 185264 163424 94240 10488 8280 83752 20752 63000 10040 52960 52812 39272 2764 920 69184 872 1844 692 76864 19216 722 782 148 68402 40790 27612 26764
is_linear=0
shrinkage=0.05


Tree=72
num_leaves=31
num_cat=0
split_feature=8 3 14 13 5 2 3 3 13 7 7 14 2 15 12 3 3 3 3 15 3 12 3 3 3 15 15 14 14 7
split_gain=23.8774 21.4593 18.8692 14.9235 15.0948 14.2676 12.3151 17.8615 17.0474 16.0252 15.7058 15.6515 16.5746 13.4822 13.6839 14.0816 13.4629 24.1775 24.7341 35.9071 21.7951 18.3743 13.1772 24.8497 21.8315 15.1995 27.5127 15.6463 13.1634 12.9087
threshold=1.2370981468828388 1.5000000000000002 4.8310000000000004 1.5825000000000002 1.0000000180025095e-35 1.5000000000000002 10.500000000000002 11.500000000000002 413.92000000000002 1.5406628569491547 1.9071230778825603 154.36050000000003 4.5000000000000009 138.64250000000001 1.0000000180025095e-35 1.5000000000000002 7.5000000000000009 5.5000000000000009 4.5000000000000009 40.872500000000009 8.5000000000000018 0.36125000000000002 6.5000000000000009 7.5000000000000009 5.5000000000000009 46.225000000000001 9.9210000000000012 94.378500000000017 2.9835000000000007 0.68878972166184183
decision_type=2 2 2 8 2 2 2 2 10 2 2 2 2 2 2 2 2 2 2 2 2 2 2 2 2 2 2 2 2 2
left_child=3 5 -3 -1 6 -2 9 8 10 11 -8 12 13 14 22 -16 17 18 21 -20 -18 29 24 28 -5 26 -26 -27 -24 -17
right_child=1 2 -4 4 -6 -7 7 -9 -10 -11 -12 -13 -14 -15 15 16 20 -19 19 -21 -22 -23 23 -25 25 27 -28 -29 -30 -31
leaf_value=-0.21827875551238096 -0.73471615425132852 0.0049976326231108356 -0.3794133652855497 -0.037687394219244046 -0.32233566474262471 0.29021918859319834 0.49019772527205013 -0.13943927084005756 1.7599085596829582 -0.31617777783602602 1.0799032879367445 -1.3037209980994733 -0.12681873046192768 0.7637966629201729 1.8562621267775825 1.2928828915016515 1.0565187280937864 -0.26557780018073096 1.1328506690460916 0.024493657825330948 0.0065155213231217757 -0.36679710756093392 0.2340096686311807 -0.063676051800875155 0.27118962881626252 0.75570257161075871 -0.26968265069042874 -0.083111701562406409 -0.50572515354079595 0.17726217609527323
leaf_weight=10143 1000 6766 24906 47170 10174 4960 17751 16253 39 5720 225 5060 51649 6469 679 897 3844 9167 1666 1698 4394 3862 474 28592 2470 1895 2986 664 8796 1871
leaf_count=10143 1000 6766 24906 47170 10174 4960 17751 16253 39 5720 225 5060 51649 6469 679 897 3844 9167 1666 1698 4394 3862 474 28592 2470 1895 2986 664 8796 1871
internal_value=-0.000581598 -0.00175409 -0.00227204 -0.000401215 -0.000319985 0.000998321 -0.00023454 0.000637912 0.00172217 -0.000391875 0.00165053 -0.000310984 -0.000233567 7.23376e-05 -4.64408e-05 0.000921005 0.000744734 1.80041e-05 0.00171903 0.00521106 0.00243506 -5.27915e-05 -0.000338379 -0.00105673 0.000154479 0.00256706 0.00107588 0.00574638 -0.00330637 0.00305636
internal_weight=282240 37632 31672 244608 234465 5960 224291 34268 18015 190023 17976 184303 179243 127594 121125 28078 27399 19161 9994 3364 8238 6630 93047 37862 55185 8015 5456 2559 9270 2768
internal_count=282240 37632 31672 244608 234465 5960 224291 34268 18015 190023 17976 184303 179243 127594 121125 28078 27399 19161 9994 3364 8238 6630 93047 37862 55185 8015 5456 2559 9270 2768
is_linear=0
shrinkage=0.05


Tree=73
num_leaves=31
num_cat=0
split_feature=8 10 14 13 13 16 15 3 3 8 1 4 14 13 7 3 3 16 3 7 16 13 13 3 12 16 14 15 4 16
split_gain=23.0981 16.9417 13.217 19.3968 13.9868 28.6722 16.607 14.0927 11.2571 13.1103 11.0325 10.7423 10.2707 10.25 9.21408 18.3222 13.2889 8.98807 8.42411 14.1154 8.55175 8.27349 8.15683 8.0073 10.383 12.3924 11.6018 12.0918 9.0817 8.8072
threshold=1.6631071998897591 2.0500000000000003 52.901500000000006 73.21250000000002 23.891500000000004 18.518625000000004 66.895000000000024 2.5000000000000004 10.500000000000002 0.55245798538270108 6.5000000000000009 1.0000000180025095e-35 10.021500000000001 39.081500000000005 0.56502725539191412 5.5000000000000009 4.5000000000000009 -3.1539999999999995 6.5000000000000009 1.0000317254658451 5.1990249999999998 228.58500000000004 3.4090000000000003 7.5000000000000009 0.033750000000000009 23.660675000000001 22.853500000000004 21.152500000000003 1.0000000180025095e-35 10.6759
decision_type=2 2 2 8 10 2 2 2 2 2 2 2 2 10 2 2 2 2 2 2 2 10 10 2 2 2 2 2 2 2
left_child=1 2 4 -4 6 13 7 10 9 14 -1 -5 -3 -6 15 16 -9 22 19 20 -19 -7 -11 29 25 -25 27 -27 -26 -20
right_child=-2 12 3 11 5 21 -8 8 -10 17 -12 -13 -14 -15 -16 -17 -18 18 23 -21 -22 -23 -24 24 28 26 -28 -29 -30 -31
leaf_value=-0.085086298631732782 -0.27246345960386553 -0.036133411252165064 -0.41524294666362849 -0.020739385709650306 0.48221523445385872 -0.020255937747794672 0.22260206867391708 1.7606295893565289 0.16105534723247172 0.067088374979116266 0.52429975672663998 -0.32282128560722501 -0.50623099005986372 0.23431159785453726 0.073822214989586951 0.32313126611700316 1.58489576078366 -0.22989058187425876 -0.050185349159222084 -0.17546943475400417 0.075170604618145342 2.1356176694306725 0.59089544589938059 -0.23028821829192561 0.40017134403116289 2.7998698464339604 -0.11152642860009288 -0.62693931465316532 -0.14452641932324328 -0.43137443694564459
leaf_weight=3038 7488 10732 23759 51792 4257 27408 16136 127 10900 890 3908 12665 18398 6736 3574 767 151 5480 3131 7269 18886 185 239 24603 4038 292 5007 245 2830 7309
leaf_count=3038 7488 10732 23759 51792 4257 27408 16136 127 10900 890 3908 12665 18398 6736 3574 767 151 5480 3131 7269 18886 185 239 24603 4038 292 5007 245 2830 7309
internal_value=-0.000584079 -0.000509406 -0.000374194 -0.00086413 -9.96162e-05 0.000727465 -0.000368205 -0.000602529 -0.000760305 -0.000954644 0.00157213 -0.000413998 -0.0016495 0.00288684 0.00163563 0.00576555 0.0167626 -0.00110379 -0.00116703 -0.00053501 4.18604e-05 -0.000132825 0.00332595 -0.00158835 -0.00124342 -0.00164312 0.000492423 0.00747672 0.000511065 -0.0028113
internal_weight=282240 274752 245622 88216 157406 38586 118820 102684 95738 84838 6946 64457 29130 10993 4619 1045 278 80219 79090 31635 24366 27593 1129 47455 37015 30147 5544 537 6868 10440
internal_count=282240 274752 245622 88216 157406 38586 118820 102684 95738 84838 6946 64457 29130 10993 4619 1045 278 80219 79090 31635 24366 27593 1129 47455 37015 30147 5544 537 6868 10440
is_linear=0
shrinkage=0.05


Tree=74
num_leaves=31
num_cat=0
split_feature=10 5 3 3 13 3 3 16 2 15 13 16 7 6 16 10 16 6 1 13 15 15 16 3 3 15 16 16 6 10
split_gain=21.0177 13.5456 13.7335 19.4385 17.06 16.6798 30.9202 16.7718 16.3028 18.8956 15.1566 15.1468 18.0308 14.6227 10.858 10.5989 10.4915 10.9293 10.232 9.95431 9.74685 9.63142 9.49684 10.0962 24.57 11.4519 15.0294 9.53347 9.23003 9.17876
threshold=1.3928571428571437 1.0000000180025095e-35 10.500000000000002 11.500000000000002 413.92000000000002 6.5000000000000009 7.5000000000000009 10.37025 2.5000000000000004 3.1015000000000006 107.41500000000001 91.497750000000011 0.72158393049153802 0.99938336059022215 15.565150000000001 -9.1607142857142829 30.928625 0.93212085400322564 15.500000000000002 3.0010000000000003 267.93000000000006 9.5915000000000017 2.8765250000000004 4.5000000000000009 5.5000000000000009 26.872500000000006 9.3087500000000016 4.7289000000000003 0.96165532914988716 -7.5392857142857119
decision_type=2 2 2 2 10 2 2 2 2 2 8 2 2 2 2 2 2 2 2 10 2 2 2 2 2 2 2 2 2 2
left_child=1 2 5 4 10 11 7 13 9 -8 14 12 22 -7 -4 18 -2 -18 -14 -11 -10 -20 -1 27 25 26 -25 -24 -12 -30
right_child=16 -3 3 -5 -6 6 8 -9 20 19 28 -13 15 -15 -16 -17 17 -19 21 -21 -22 -23 23 24 -26 -27 -28 -29 29 -31
leaf_value=-0.39302542062781626 -0.099900612412918852 -0.26506634553379071 0.41028409158122836 -0.14087077661882358 1.6729501009842922 -0.48660434850891554 -0.3806369375380374 -0.44162252929761758 -0.16584972096374451 0.061256876934013854 0.07997514179410764 -0.28015407400071385 0.31272896401901629 0.14293804414835459 -0.26070211227818169 -0.011479785294738677 -0.17352127967110664 -0.96515013735532218 1.4347033894077041 0.52961717159977806 2.1965601051684205 2.2640981247707148 1.2183294281317121 0.9177492917656036 0.0053936189357443867 0.63313759446421791 1.4001601550999832 0.11043479450919268 3.5340837230325199 1.5500697211808849
leaf_weight=1082 24446 10250 1954 16616 39 1398 3908 16088 36414 13741 2683 17812 198 2572 5009 82552 6772 11192 48 9227 474 44 540 254 1226 880 338 5618 33 8832
leaf_count=1082 24446 10250 1954 16616 39 1398 3908 16088 36414 13741 2683 17812 198 2572 5009 82552 6772 11192 48 9227 474 44 540 254 1226 880 338 5618 33 8832
internal_value=-0.000573804 -0.000392362 -0.000312964 0.000596313 0.00170889 -0.000477436 -0.0010094 -0.00272161 -0.0004708 0.000465842 0.00163929 -7.4238e-05 0.00018215 0.000188916 -0.000203218 -5.92706e-05 -0.00159986 -0.00251726 0.00948276 0.00101271 -0.00115322 0.0232609 0.00219461 0.00273487 0.0052854 0.00963994 0.0150169 0.00161741 0.00275026 0.00352792
internal_weight=282240 239830 229580 35166 18550 194414 83822 20058 63764 26876 18511 110592 92780 3970 6963 82842 42410 17964 290 22968 36888 92 9938 8856 2698 1472 592 6158 11548 8865
internal_count=282240 239830 229580 35166 18550 194414 83822 20058 63764 26876 18511 110592 92780 3970 6963 82842 42410 17964 290 22968 36888 92 9938 8856 2698 1472 592 6158 11548 8865
is_linear=0
shrinkage=0.05


Tree=75
num_leaves=31
num_cat=0
split_feature=8 3 14 0 2 7 10 3 3 14 10 14 1 1 12 8 5 2 10 8 14 2 3 14 2 7 16 8 17 14
split_gain=22.6947 19.0374 17.9485 17.5434 13.404 11.664 10.773 10.2051 22.8654 21.9454 10.0685 9.85343 14.6519 12.3261 9.25244 15.6068 8.80749 8.43705 8.36627 15.3193 7.73588 10.5894 8.80999 8.24454 8.46393 9.90595 7.94346 7.5821 9.59439 11.9952
threshold=1.2370981468828388 1.5000000000000002 4.8310000000000004 2.5000000000000004 1.5000000000000002 1.1424940957926981 -0.47857142857142593 9.5000000000000018 6.5000000000000009 59.985000000000007 -1.0999999999999992 92.041500000000028 17.500000000000004 21.500000000000004 0.52875000000000016 0.70260150191890569 1.0000000180025095e-35 4.5000000000000009 6.8250000000000002 1.0168306545709338 13.001000000000003 1.0000000180025095e-35 2.5000000000000004 2.4510000000000005 3.5000000000000004 0.56502725539191412 12.421625000000001 0.99022976845595789 54.000000000000007 62.934000000000005
decision_type=2 2 2 2 2 2 2 2 2 2 2 2 2 2 2 2 2 2 2 2 2 2 2 2 2 2 2 2 2 2
left_child=3 4 -3 5 -2 6 17 8 9 -8 -6 12 14 -14 15 -5 18 20 27 -20 21 22 26 -23 25 -25 -1 -9 29 -29
right_child=1 2 -4 11 10 -7 7 16 -10 -11 -12 -13 13 -15 -16 -17 -18 -19 19 -21 -22 23 -24 24 -26 -27 -28 28 -30 -31
leaf_value=0.064651886763178443 -0.68575617434240588 0.0068318854785700354 -0.3490397969270651 0.6261351567480089 0.44258677671953373 -0.15823145663349691 0.02774001709224834 -0.37794967518220723 -0.23130866404811523 -0.37629461139997294 -0.04415456161202793 -0.16829793692822234 0.95885654735355075 0.054980998016896765 -0.32653706796499637 0.039218993362299837 -0.42256271629130371 -0.16813566142055181 4.1056945065343253 -0.24659259313896326 0.036777467772365909 0.11428176539877442 -0.31745712606190013 0.99521666818661325 0.12074062968180904 0.92449457208015495 2.4547817051741676 0.095716071452585358 0.54359708748512447 -0.69891955416291152
leaf_weight=102 1000 6766 24906 3236 2364 21930 48662 3138 38924 18182 2596 18080 5246 3728 4716 26146 1564 6268 36 58 10810 1828 1444 650 942 2160 72 7646 13343 5697
leaf_count=102 1000 6766 24906 3236 2364 21930 48662 3138 38924 18182 2596 18080 5246 3728 4716 26146 1564 6268 36 58 10810 1828 1444 650 942 2160 72 7646 13343 5697
internal_value=-0.000568489 -0.00171158 -0.00219942 -0.000392629 0.000880871 -0.000637102 -0.000490201 -0.000661932 -0.000897153 -0.000336157 0.00194556 0.000340789 0.000751995 0.00254959 0.000278901 0.000608875 0.000128326 0.000480721 0.000319539 0.0152128 0.00103065 0.00230064 -0.00126082 0.00333333 0.00467484 0.00604982 0.00936781 0.000272598 0.000545978 -0.000402085
internal_weight=282240 37632 31672 244608 5960 183456 161526 137250 105768 66844 4960 61152 43072 8974 34098 29382 31482 24276 29918 94 18008 7198 1618 5580 3752 2810 174 29824 26686 13343
internal_count=282240 37632 31672 244608 5960 183456 161526 137250 105768 66844 4960 61152 43072 8974 34098 29382 31482 24276 29918 94 18008 7198 1618 5580 3752 2810 174 29824 26686 13343
is_linear=0
shrinkage=0.05


Tree=76
num_leaves=31
num_cat=0
split_feature=10 14 13 13 15 2 5 6 7 1 1 7 12 1 2 15 14 14 13 14 10 6 10 0 7 14 13 1 14 6
split_gain=19.9327 17.1968 36.8523 23.8381 19.208 15.7347 14.9645 12.9173 11.0309 8.80767 13.2058 8.42435 8.06908 8.87481 13.8549 8.35045 12.9739 9.27122 12.3178 8.08255 7.84662 7.77036 7.4467 7.29164 7.61376 6.95536 11.023 8.05117 6.86039 6.76
threshold=4.1392857142857151 10.656000000000001 5.3310000000000004 28.627500000000001 17.965000000000003 1.0000000180025095e-35 1.0000000180025095e-35 1.473189675291432 2.3646020039433977 21.500000000000004 16.500000000000004 0.62943443378992747 0.32125000000000009 4.5000000000000009 4.5000000000000009 138.64250000000001 182.51100000000002 99.807500000000019 228.58500000000004 40.025000000000013 -1.3999999999999948 1.3845864702684565 -4.7499999999999973 1.5000000000000002 1.4716315186903055 79.955000000000013 96.305000000000021 10.500000000000002 182.51100000000002 0.65804638452003639
decision_type=2 2 10 8 2 2 2 2 2 2 2 2 2 2 2 2 2 2 10 2 2 2 2 2 2 2 8 2 2 2
left_child=1 2 4 5 22 -3 7 9 -9 10 12 -12 13 -5 20 19 17 -17 -19 -16 23 -4 -1 -15 -25 27 -27 -22 29 -26
right_child=-2 3 21 6 -6 -7 -8 8 -10 -11 11 -13 -14 14 15 16 -18 18 -20 -21 25 -23 -24 24 28 26 -28 -29 -30 -31
leaf_value=0.25906041208025682 -0.27390731431683396 0.025286813157806842 0.1884813151916537 -0.14602057711714161 0.12362509851434288 -0.33363129698172411 -0.50688658693663846 -0.44039421731350781 1.2386909797384789 -0.27748227224519384 0.70149579904526416 0.10398925679407932 -0.33243141604828791 0.075525501280773552 -0.069406685716844815 0.89413707155113886 -1.3194715494031284 3.4998605864112267 0.17863108788186821 -0.40915894153275983 0.30714676546436065 0.3729887328721786 -0.11286291797916022 0.65567117751944137 8.8137621867524274 -0.56478826715830122 0.065666995336868664 -0.041802514727146044 4.0910880196066364 1.3260550530496031
leaf_weight=1119 11192 7051 19759 26951 16036 27612 6842 8698 80 12272 3084 32155 10931 2253 6569 209 368 70 66 7373 14354 2180 32972 2380 45 3784 12768 12847 40 180
leaf_count=1119 11192 7051 19759 26951 16036 27612 6842 8698 80 12272 3084 32155 10931 2253 6569 209 368 70 66 7373 14354 2180 32972 2380 45 3784 12768 12847 40 180
internal_value=-0.000564414 -0.000479031 0.000182748 -0.000718709 -0.000565265 -0.00191025 -0.000467354 -0.000367896 -0.00223172 -0.000257871 -0.000142458 0.000691136 -0.00043276 -0.000277376 4.6124e-05 -0.0013016 0.00397616 0.010942 0.0211029 -0.00157151 0.000452096 0.00189184 -0.00123654 0.00234994 0.00413043 0.00023964 -0.000568513 0.000731406 0.0121698 0.00877778
internal_weight=282240 271048 72066 198982 50127 34663 164319 157477 8778 148699 136427 35239 101188 90257 63306 14655 713 345 136 13942 48651 21939 34091 4898 2645 43753 16552 27201 265 225
internal_count=282240 271048 72066 198982 50127 34663 164319 157477 8778 148699 136427 35239 101188 90257 63306 14655 713 345 136 13942 48651 21939 34091 4898 2645 43753 16552 27201 265 225
is_linear=0
shrinkage=0.05


Tree=77
num_leaves=31
num_cat=0
split_feature=8 14 0 13 1 1 2 13 14 13 7 14 16 7 15 15 7 6 13 1 1 14 14 13 16 10 16 13 15 13
split_gain=21.7378 16.8606 16.3801 12.6423 9.69985 12.3723 18.4152 11.1199 10.3513 13.6686 10.113 9.46416 10.6257 9.26712 8.61642 8.55828 15.2471 8.47174 7.27685 6.8053 7.57275 9.3363 6.74606 9.99522 7.62722 6.58664 7.08847 6.5261 6.49885 6.4457
threshold=1.2370981468828388 4.8310000000000004 2.5000000000000004 2.9010000000000002 20.500000000000004 6.5000000000000009 2.5000000000000004 282.17000000000007 10.021500000000001 25.943500000000004 0.99897078088854441 12.233500000000001 1.7362500000000003 1.2746467086244997 59.645000000000003 125.26250000000002 0.83402780510763586 1.2489421435476711 104.68500000000002 17.500000000000004 21.500000000000004 97.405000000000015 29.756500000000006 23.891500000000004 19.791500000000003 -2.7999999999999976 92.512250000000009 14.975000000000003 337.19400000000002 5.9910000000000005
decision_type=2 2 2 8 2 2 2 10 2 8 2 2 2 2 2 2 2 2 8 2 2 2 2 10 2 2 2 10 2 10
left_child=2 17 3 -1 5 22 7 10 15 -10 29 12 -4 25 -9 27 18 -2 -17 -13 21 -21 23 -5 -25 26 -3 -8 -16 -7
right_child=1 13 11 4 -6 6 8 14 9 -11 -12 19 -14 -15 28 16 -18 -19 -20 20 -22 -23 -24 24 -26 -27 -28 -29 -30 -31
leaf_value=-0.15899774545428386 -0.17093978370097118 0.1574149819231383 -0.34828122481124696 -0.10550793921813405 -0.22464834726408758 0.21637569716815427 -0.018815860348893668 1.6264907843353769 -0.32459065005802534 -0.12173535474203978 0.036190313688682377 -0.072780780684674556 0.5101183480361331 -0.32005084627660274 -0.81522211544967194 2.5000084450140481 -1.1896647085785232 0.11809650011929151 0.73348015661638177 0.70179995019888131 -0.14564373516287291 0.05731479459135258 -0.26093366474603558 0.27232880585426289 -0.060850474780823276 -0.33108172237476335 -0.41419896627366415 0.19655113622488862 2.2932578817785685 0.62343414712785161
leaf_weight=11571 3826 2736 1880 23814 21948 6197 11711 59 5641 35484 32172 36520 9050 10354 152 34 106 4370 84 4682 4374 4646 21125 2960 2356 14990 1356 3328 118 4596
leaf_count=11571 3826 2736 1880 23814 21948 6197 11711 59 5641 35484 32172 36520 9050 10354 152 34 106 4370 84 4682 4374 4646 21125 2960 2356 14990 1356 3328 118 4596
internal_value=-0.000549002 -0.00166773 -0.00037689 -0.000613118 -0.000505426 -0.00036172 -3.92259e-05 0.00073636 -0.000634711 -0.00104742 0.000666239 0.000331795 0.00166514 -0.00222619 0.00989362 0.000477297 0.0101786 0.000337969 0.0225424 4.1614e-05 0.000991825 0.00179674 -0.00100139 -0.000508068 0.00145222 -0.00157269 0.000205277 0.0003328 0.00611111 0.00199064
internal_weight=282240 37632 244608 183456 171885 149937 99682 43294 56388 41125 42965 61152 10930 29436 329 15263 224 8196 118 50222 13702 9328 50255 29130 5316 19082 4092 15039 270 10793
internal_count=282240 37632 244608 183456 171885 149937 99682 43294 56388 41125 42965 61152 10930 29436 329 15263 224 8196 118 50222 13702 9328 50255 29130 5316 19082 4092 15039 270 10793
is_linear=0
shrinkage=0.05


Tree=78
num_leaves=31
num_cat=0
split_feature=8 7 14 13 0 13 16 1 3 14 2 14 2 8 3 7 3 0 15 2 12 8 10 14 10 13 7 15 8 3
split_gain=21.3371 14.6965 13.1816 18.6404 14.5247 20.9457 18.1913 10.5987 12.6133 14.928 10.9901 10.896 10.6815 10.5266 10.0146 14.5612 9.11198 9.00637 8.77046 8.63411 8.55143 12.0476 9.92265 8.49113 8.17715 7.71108 7.08944 7.1587 9.84445 9.22144
threshold=1.6369273531088646 1.6294729635636733 62.115000000000002 76.03100000000002 2.5000000000000004 25.242500000000003 21.060350000000003 6.5000000000000009 2.5000000000000004 2.1910000000000003 2.5000000000000004 -6.0199999999999987 1.5000000000000002 0.79308329380229947 10.500000000000002 0.66884648656279044 1.5000000000000002 1.5000000000000002 267.93000000000006 4.5000000000000009 0.73375000000000012 0.64064005296768156 1.8928571428571439 2.0515000000000003 5.9892857142857165 43.355000000000004 1.0088498492910212 91.94250000000001 0.84391314558544994 11.500000000000002
decision_type=2 2 2 8 2 10 2 2 2 2 2 2 2 2 2 2 2 2 2 2 2 2 2 2 2 10 2 2 2 2
left_child=1 2 4 17 5 7 16 -1 9 10 -9 13 -13 -10 18 -16 -7 -4 -14 26 21 22 -6 -17 -11 -8 -5 -28 29 -29
right_child=-2 -3 3 19 20 6 25 8 11 24 -12 12 14 -15 15 23 -18 -19 -20 -21 -22 -23 -24 -25 -26 -27 27 28 -30 -31
leaf_value=-0.14674655529740846 -0.21404917705700549 -0.17807377368696431 -0.63540395517464177 0.014567106860032198 0.65153340534274373 0.95162456895167091 -0.14917678976112966 3.2118823715717379 0.94842708101926054 0.24014260697535939 0.5078714801624219 0.065851121078255012 -0.1460281172211115 0.24792360678576003 1.2449893519777422 0.52544215773716241 0.21434877888820522 -0.32329051992475344 4.8174245329771015 -0.3225787200677363 -0.2501602458803513 0.17879039172062527 1.9465603504173008 -0.10755595515366044 -0.345473169687186 0.083208096660375666 -0.58821889443318454 0.5885252571990377 -0.51779894389682779 7.5861283744356216
leaf_weight=38645 8568 9448 7956 40702 2214 587 9256 88 30 6749 356 18925 43623 572 732 518 9571 12874 41 10941 3974 28102 188 5655 920 14270 4087 753 1792 103
leaf_count=38645 8568 9448 7956 40702 2214 587 9256 88 30 6749 356 18925 43623 572 732 518 9571 12874 41 10941 3974 28102 188 5655 920 14270 4087 753 1792 103
internal_value=-0.000535538 -0.000458616 -0.00038933 -0.000929074 -0.000158258 -0.000370273 0.000728238 -0.000686927 -0.000352199 0.00151424 0.0104279 -0.000568222 -0.000626242 0.00612957 -0.00100546 0.000763938 0.00249655 -0.00221316 -0.00128527 -0.000470898 0.000767445 0.00105166 0.00445046 -2.67305e-05 0.000998173 -3.52813e-05 -0.00017887 -0.00168152 0.000343654 0.00475467
internal_weight=282240 273672 264224 79208 185016 150538 33684 116854 78209 8113 444 70096 69494 602 50569 6905 10158 20830 43664 58378 34478 30504 2402 6173 7669 23526 47437 6735 2648 856
internal_count=282240 273672 264224 79208 185016 150538 33684 116854 78209 8113 444 70096 69494 602 50569 6905 10158 20830 43664 58378 34478 30504 2402 6173 7669 23526 47437 6735 2648 856
is_linear=0
shrinkage=0.05


Tree=79
num_leaves=31
num_cat=0
split_feature=8 3 16 0 2 13 5 3 3 7 3 3 16 16 6 13 7 7 3 3 15 13 2 15 8 8 13 13 7 15
split_gain=20.346 16.3828 16.6544 13.8846 12.9816 11.2778 10.3012 13.0836 10.9306 15.1673 13.5056 18.5934 15.7357 13.7391 18.188 13.2095 11.547 10.381 10.2085 10.195 18.1096 9.72828 9.68164 13.1663 9.60133 8.83788 8.78973 9.8243 8.67819 8.82376
threshold=1.2370981468828388 1.5000000000000002 14.9215 2.5000000000000004 1.5000000000000002 2.9010000000000002 1.0000000180025095e-35 2.5000000000000004 10.500000000000002 1.9860595397531469 6.5000000000000009 7.5000000000000009 32.411750000000005 18.835700000000003 0.99938336059022215 27.473500000000005 1.0088498492910212 1.2159563601304679 7.5000000000000009 3.5000000000000004 91.94250000000001 41.042500000000011 2.5000000000000004 4.9925000000000006 1.0345155747052366 0.50798848999115143 64.911000000000016 35.333500000000008 0.42107078616395294 14.911000000000003
decision_type=2 2 2 2 2 8 2 2 2 2 2 2 2 2 2 10 2 2 2 2 2 8 2 2 2 2 8 10 2 2
left_child=3 4 18 5 -2 -1 8 -8 10 -10 12 13 16 14 -12 22 25 19 -3 20 -14 -21 23 -13 -11 28 27 -16 29 -7
right_child=1 2 -4 -5 -6 6 7 -9 9 24 11 15 17 -15 26 -17 -18 -19 -20 21 -22 -23 -24 -25 -26 -27 -28 -29 -30 -31
leaf_value=-0.14515812648525134 -0.61677754415407926 -0.11350287473409366 -0.53908718937537492 0.060708565517607761 0.25634461446890289 1.4497396250821675 0.38837437868391267 -0.37707830980092655 0.10110824313606648 1.2078709843645086 -0.45146282962664908 -0.31583134704028049 -0.32451293477085186 -0.46941039883482855 0.12415194764013748 0.23269399185247253 -0.11595993545931482 -1.0632264826851383 0.052825467577789532 -0.34663257439546835 0.17746947044302419 0.1291159353120335 -0.19573983587013957 0.23536308568149911 0.56068734907364026 0.11741819191370105 -0.059232460690773106 0.44681241991654946 0.77859575798570546 0.39621406855496755
leaf_weight=11571 1000 4830 19870 61152 4960 36 702 6662 25173 71 2817 3954 20119 9287 1415 7469 8109 3381 6972 3207 6960 13605 20295 11513 97 23994 1778 87 1096 58
leaf_count=11571 1000 4830 19870 61152 4960 36 702 6662 25173 71 2817 3954 20119 9287 1415 7469 8109 3381 6972 3207 6960 13605 20295 11513 97 23994 1778 87 1096 58
internal_value=-0.000525618 -0.00160794 -0.0020605 -0.000359106 0.000796979 -0.000576597 -0.000474883 -0.00230446 -0.000392991 0.000562131 -0.000566893 -0.00114433 -0.000146777 -0.00263716 -0.000793014 -0.000613103 0.000685879 -0.000733205 -0.000572785 -0.000527558 -0.001128 0.000439566 -0.00101253 -7.01505e-05 0.0155357 0.00121426 0.0017378 0.00455393 0.00542017 0.02
internal_weight=282240 37632 31672 244608 5960 183456 171885 7364 164521 25341 139180 58615 80565 15384 6097 43231 33293 47272 11802 43891 27079 16812 35762 15467 168 25184 3280 1502 1190 94
internal_count=282240 37632 31672 244608 5960 183456 171885 7364 164521 25341 139180 58615 80565 15384 6097 43231 33293 47272 11802 43891 27079 16812 35762 15467 168 25184 3280 1502 1190 94
is_linear=0
shrinkage=0.05


Tree=80
num_leaves=31
num_cat=0
split_feature=8 7 14 13 0 13 15 6 1 3 14 8 14 0 4 15 3 16 14 13 3 3 3 15 8 4 8 13 7 3
split_gain=20.1505 13.8215 12.6291 17.6482 12.794 19.5546 14.4362 11.0856 10.7341 11.5674 9.48065 9.58794 9.30252 8.67286 8.19833 7.95077 7.85044 7.84386 7.81952 10.4552 7.66727 11.4802 7.72934 7.51277 7.26745 10.9494 7.10768 6.98937 6.66488 8.38122
threshold=1.6369273531088646 1.6294729635636733 62.115000000000002 74.153500000000022 2.5000000000000004 28.234000000000005 43.765000000000008 1.3589213340883917 6.5000000000000009 1.5000000000000002 -6.0199999999999987 0.79308329380229947 33.422500000000007 1.5000000000000002 1.0000000180025095e-35 3.8110000000000004 10.500000000000002 1.7362500000000003 2.1910000000000003 9.5710000000000015 7.5000000000000009 11.500000000000002 6.5000000000000009 60.02150000000001 0.50160996434444838 1.0000000180025095e-35 1.3948037491109841 22.641000000000002 2.3646020039433977 10.500000000000002
decision_type=2 2 2 8 2 10 2 2 2 2 2 2 2 2 2 2 2 2 2 10 2 2 2 2 2 2 2 8 2 2
left_child=1 2 4 13 5 8 7 -7 -1 18 11 -11 -9 -4 26 -6 23 -3 19 -10 22 -22 -17 -12 25 -20 -5 -13 -19 -30
right_child=-2 17 3 14 15 6 -8 12 9 10 16 27 -14 -15 -16 20 -18 28 24 -21 21 -23 -24 -25 -26 -27 -28 -29 29 -31
leaf_value=-0.13824411663933675 -0.2018975322993648 0.091716742733330039 -0.60985004778968654 -0.0096455222038648175 -0.19427947017817748 0.15859702977952869 -0.061197303161003185 0.94211542581219776 0.86741991750046921 0.90680372374126328 -0.10192224031622719 0.40598174428880229 -0.32532701223318766 -0.31004252777487801 -0.30744992765277201 0.14628144887509911 0.16115358398685517 -0.24959766938559813 2.2509403591071382 2.9668767094354269 0.65475574188544705 -0.38498563186078422 -0.50942983032925671 0.12486978666605274 0.26520438575241062 -0.60965219770227097 -0.49708972078704811 -0.019437185427664264 -0.25169416926980864 0.83007010977197726
leaf_weight=39641 8568 634 7840 45154 5452 16584 13273 665 252 30 57471 249 218 12534 11040 13224 9213 8402 62 59 11190 1698 2914 8965 3485 42 2640 329 214 198
leaf_count=39641 8568 634 7840 45154 5452 16584 13273 665 252 30 57471 249 218 12534 11040 13224 9213 8402 62 59 11190 1698 2914 8965 3485 42 2640 329 214 198
internal_value=-0.000523138 -0.000448385 -0.000381193 -0.000909505 -0.000155015 -0.000353998 0.000770981 0.00171552 -0.000642666 -0.000309831 -0.000445665 0.00577303 0.0071744 -0.00217778 -0.000470307 0.000713787 -0.000495646 -0.00232748 0.00234615 0.00995177 0.00104286 0.0019522 0.000316643 -0.000685322 0.0016871 0.0147115 -0.000186635 0.00434256 -0.00271387 0.00349514
internal_weight=282240 273672 264224 79208 185016 150538 30740 17467 119798 80157 76257 608 883 20374 58834 34478 75649 9448 3900 311 29026 12888 16138 66436 3589 104 47794 578 8814 412
internal_count=282240 273672 264224 79208 185016 150538 30740 17467 119798 80157 76257 608 883 20374 58834 34478 75649 9448 3900 311 29026 12888 16138 66436 3589 104 47794 578 8814 412
is_linear=0
shrinkage=0.05


Tree=81
num_leaves=31
num_cat=0
split_feature=10 14 13 8 13 3 16 5 2 3 2 2 13 8 3 0 3 16 15 2 3 15 7 15 2 3 3 13 3 3
split_gain=19.4739 15.1068 30.4119 23.414 16.9805 16.689 16.5328 15.8646 12.6091 10.8034 13.5529 15.6684 30.8802 9.5956 7.90521 7.65982 7.12474 7.88466 11.4694 8.06129 10.1366 6.97937 6.88476 9.50492 16.9431 18.7195 17.5634 9.72664 8.32121 13.1725
threshold=4.1392857142857151 10.322500000000002 1.4085000000000003 1.2909182634980512 28.627500000000001 1.5000000000000002 9.5642250000000022 1.0000000180025095e-35 1.0000000180025095e-35 2.5000000000000004 4.5000000000000009 5.5000000000000009 79.719000000000008 0.8403070947573209 10.500000000000002 1.5000000000000002 10.500000000000002 -1.2667499999999998 0.17500000000000002 1.5000000000000002 1.5000000000000002 2.4740000000000006 0.50013865813216063 16.531000000000002 2.5000000000000004 5.5000000000000009 4.5000000000000009 103.36500000000002 7.5000000000000009 8.5000000000000018
decision_type=2 2 10 2 8 2 2 2 2 2 2 2 10 2 2 2 2 2 2 2 2 2 2 2 2 2 2 10 2 2
left_child=1 2 6 4 8 -5 14 22 -3 10 -9 12 -12 -8 -1 -10 17 18 -4 -19 -21 -20 23 24 -6 26 -26 -28 -27 -30
right_child=-2 3 16 5 7 -7 13 9 15 -11 11 -13 -14 -15 -16 -17 -18 19 21 20 -22 -23 -24 -25 25 28 27 -29 29 -31
leaf_value=-0.14306299998573552 -0.24184078667399242 0.07286946428676655 0.00046203439027738826 0.087099629977241688 -0.55131568096934047 -0.40735606355005771 0.76505268637084367 -0.62042275061299557 -0.28901767712708704 -0.58716448058465254 0.89685406648685151 -2.8670438790763337 -0.0023163750936202377 0.06555037580625088 0.14227605739306715 -0.25851246826877866 0.33614979913998716 0.27535790232089802 0.64076392130130821 0.80163090605404652 0.014832241791234248 0.31253406356170121 -0.043190177903994459 0.10344231287422284 -1.430216934890828 -0.86559105114071877 1.4914220464900845 0.68827234151168803 1.6764284281369848 -0.63299098649969943
leaf_weight=29304 11192 6354 432 3128 394 16360 1540 446 13834 5709 96 96 96 7375 3463 10409 3616 5847 128 1210 17857 284 138444 3959 42 138 117 38 209 123
leaf_count=29304 11192 6354 432 3128 394 16360 1540 446 13834 5709 96 96 96 7375 3463 10409 3616 5847 128 1210 17857 284 138444 3959 42 138 117 38 209 123
internal_value=-0.000503473 -0.000419078 0.000207159 -0.000641577 -0.000463814 -0.00228808 -0.000661198 -0.00024472 -0.00153724 -0.00267189 0.00303815 0.0114931 0.0197396 0.0012479 -0.00118061 -0.00205688 0.00143937 0.0011476 0.00590047 0.000986593 0.000488539 0.0118689 -0.000135715 0.00168327 0.00588596 0.0107421 0.0236802 0.0314516 0.00531915 0.00960843
internal_weight=282240 271048 71056 199992 180504 19488 41682 149907 30597 6443 734 288 192 8915 32767 24243 29374 25758 844 24914 19067 412 143464 5020 1061 667 197 155 470 332
internal_count=282240 271048 71056 199992 180504 19488 41682 149907 30597 6443 734 288 192 8915 32767 24243 29374 25758 844 24914 19067 412 143464 5020 1061 667 197 155 470 332
is_linear=0
shrinkage=0.05


Tree=82
num_leaves=31
num_cat=0
split_feature=8 10 14 13 13 14 0 2 2 14 6 13 15 7 13 8 12 1 5 1 1 12 14 13 2 15 15 2 13 8
split_gain=18.5133 13.8246 12.1104 15.4331 10.7911 15.3948 13.4885 9.40502 9.11962 8.40605 8.58775 9.21798 8.28721 8.24355 7.46334 7.00331 12.6103 7.0779 6.6754 6.58032 7.23457 7.3528 6.4364 7.57291 8.44904 9.50979 7.86002 6.16198 8.70165 5.94779
threshold=1.6631071998897591 4.1392857142857151 32.601000000000006 64.911000000000016 20.664000000000005 16.958500000000004 2.5000000000000004 1.0000000180025095e-35 4.5000000000000009 -6.0199999999999987 1.1454716954565594 -6.004999999999999 41.455000000000005 1.0000317254658451 39.081500000000005 0.69483301236606598 0.33375000000000005 16.500000000000004 1.0000000180025095e-35 21.500000000000004 5.5000000000000009 0.89375000000000016 418.15500000000003 282.17000000000007 2.5000000000000004 59.645000000000003 203.06000000000003 4.5000000000000009 -1.0000000180025095e-35 0.84391314558544994
decision_type=2 2 2 8 10 2 2 2 2 2 2 10 2 2 10 2 2 2 2 2 2 2 2 10 2 2 2 2 10 2
left_child=1 2 4 7 6 14 9 -4 13 10 -1 -12 -11 18 -6 16 -8 27 19 20 -5 22 23 29 25 -25 -27 28 -17 -22
right_child=-2 -3 3 8 5 -7 15 -9 -10 12 11 -13 -14 -15 -16 17 -18 -19 -20 -21 21 -23 -24 24 -26 26 -28 -29 -30 -31
leaf_value=0.1873583422629975 -0.20354678207546592 -0.21922730018389058 0.0028920162066708678 -0.10277356824497173 0.31545499673247696 -0.043835880546710226 1.429446836548667 -0.33420408827006831 -0.23049074743607903 -0.07555205776099333 0.083953986118334656 0.26028758552267711 0.088317669368127127 -0.31478042074204748 0.13344354054526056 0.035740515936025626 -0.44509639597918271 0.77850439072319277 -0.65035992354957328 -0.28959243119908923 0.66074817840085409 -0.43551230489172249 -1.4764281275753239 1.5664329855435064 -0.035839580837308191 -2.8008848569603053 1.8803986090232181 -0.25060584430703697 1.0633089263707169 0.13839436633631119
leaf_weight=571 7488 10014 7539 11651 6467 13959 1022 30215 20947 71397 81 67 14099 12140 8867 5024 538 2776 1791 4556 5153 1692 982 83 348 105 233 4864 1508 36063
leaf_count=571 7488 10014 7539 11651 6467 13959 1022 30215 20947 71397 81 67 14099 12140 8867 5024 538 2776 1791 4556 5153 1692 982 83 348 105 233 4864 1508 36063
internal_value=-0.000497096 -0.000430244 -0.000361264 -0.000696566 -2.01932e-05 0.000825623 -0.000263226 -0.00155268 -0.000358979 -0.000508903 0.00487482 0.0156081 -0.000554179 -0.000100741 0.00191926 0.00108314 0.00426282 0.000733135 0.000130311 0.00021884 0.000366719 0.000656194 0.000783507 0.000877098 0.00579324 0.0105582 0.00683432 0.000181641 0.00118493 0.000785373
internal_weight=282240 274752 264738 133498 131240 29293 101947 37754 95744 86215 719 148 85496 74797 15334 15732 1560 14172 62657 60866 56310 44659 42967 41985 769 421 338 11396 6532 41216
internal_count=282240 274752 264738 133498 131240 29293 101947 37754 95744 86215 719 148 85496 74797 15334 15732 1560 14172 62657 60866 56310 44659 42967 41985 769 421 338 11396 6532 41216
is_linear=0
shrinkage=0.05


Tree=83
num_leaves=31
num_cat=0
split_feature=10 8 7 13 3 2 1 1 13 3 7 10 8 15 7 7 8 3 5 5 15 13 13 8 15 2 3 7 10 10
split_gain=18.166 12.6081 10.1051 9.72173 9.69444 9.14115 16.6806 15.4314 10.5814 10.0886 29.4806 15.0434 11.8155 11.7811 10.1008 9.3289 8.79105 16.6104 9.46764 8.67942 15.457 22.5055 7.59759 7.36854 9.06815 7.01964 6.88815 9.5607 8.0697 9.22972
threshold=4.1392857142857151 1.3499024743202501 1.6294729635636733 1.2275000000000003 1.5000000000000002 2.5000000000000004 5.5000000000000009 20.500000000000004 228.58500000000004 2.5000000000000004 1.0735778256879815 0.61428571428571421 1.0307272290487732 28.382500000000004 1.4225542628475971 1.2159563601304679 0.94759464941667637 1.5000000000000002 1.0000000180025095e-35 1.0000000180025095e-35 53.925000000000004 4.7010000000000014 15.353500000000002 0.94007873853885204 97.277500000000018 5.5000000000000009 10.500000000000002 2.1172470467588353 2.9428571428571444 -2.1714285714285695
decision_type=2 2 2 8 2 2 2 2 10 2 2 2 2 2 2 2 2 2 2 2 2 10 8 2 2 2 2 2 2 2
left_child=1 2 3 -1 -3 6 22 8 16 10 12 13 19 14 -12 -11 17 -8 -18 -7 21 -21 -5 25 -25 -15 -4 -28 29 -29
right_child=-2 4 26 5 -6 9 7 -9 -10 15 11 -13 -14 23 -16 -17 18 -19 -20 20 -22 -23 -24 24 -26 -27 27 28 -30 -31
leaf_value=-0.16486322858020142 -0.21878738233109829 0.061257669206025267 -0.21609216726538194 0.10020270116214042 -0.15105288203402256 -0.13469449863369717 1.9874239324709941 -0.20418822320445545 1.4607257870920582 -0.071238536237531777 0.63636621486602551 0.40233969378067908 0.38206789004928932 2.2315039853150171 1.9500997527465564 -0.1937941657796925 0.10205771148571059 0.30973475371534415 -0.90845436642633437 0.85526412778016558 -0.1211204130495922 -8.7623116037605083e-06 -0.17681876790948028 2.1484100641467552 0.92720522651678317 -0.03681431697623827 -0.15772214769290949 1.5466398355012603 0.5303921052564039 0.039751237916535391
leaf_weight=8987 11192 3886 5072 3303 20254 14513 873 12904 885 103199 448 1022 2214 94 66 8665 44641 14822 1178 91 370 91 21984 148 52 86 956 36 48 160
leaf_count=8987 11192 3886 5072 3303 20254 14513 873 12904 885 103199 448 1022 2214 94 66 8665 44641 14822 1178 91 370 91 21984 148 52 86 956 36 48 160
internal_value=-0.000488415 -0.000406903 -0.000300275 -0.000248634 -0.00149752 -0.000186037 0.000172481 0.000545595 0.000871086 -0.000461206 0.000597811 0.00648225 -5.46919e-05 0.0112192 0.00628405 -0.000642925 0.000792989 0.00181427 0.000443156 -0.000555926 0.00559782 0.0175275 -0.000938626 0.0178947 0.0245 0.0105556 -0.00228157 0.001125 0.00995902 0.00545918
internal_weight=282240 271048 246908 240636 24140 231649 100590 75303 62399 131059 19195 1916 17279 894 514 111864 61514 15695 45819 15065 552 182 25287 380 200 180 6272 1200 244 196
internal_count=282240 271048 246908 240636 24140 231649 100590 75303 62399 131059 19195 1916 17279 894 514 111864 61514 15695 45819 15065 552 182 25287 380 200 180 6272 1200 244 196
is_linear=0
shrinkage=0.05


Tree=84
num_leaves=31
num_cat=0
split_feature=10 14 14 15 3 3 14 0 3 12 8 15 16 3 3 8 3 3 2 14 16 2 8 3 2 15 1 10 2 16
split_gain=17.5075 13.022 10.4059 10.9677 10.8265 21.3573 16.7572 10.6833 13.0113 20.174 16.8038 13.6579 19.1684 11.153 10.1644 9.20484 11.9076 17.8729 13.7989 9.96437 8.57695 8.40967 8.34841 12.2388 8.83857 8.77876 24.5844 8.12709 7.83409 7.7931
threshold=1.9320512820512807 16.958500000000004 52.901500000000006 119.13600000000001 6.5000000000000009 7.5000000000000009 1.5915000000000001 2.5000000000000004 9.5000000000000018 0.0062500000000000012 0.50798848999115143 35.462500000000013 46.562500000000007 8.5000000000000018 10.500000000000002 0.69099317142571826 4.5000000000000009 5.5000000000000009 1.5000000000000002 1.7690000000000003 31.660375000000002 1.0000000180025095e-35 1.3948037491109841 1.5000000000000002 4.5000000000000009 2.6215000000000006 13.500000000000002 -2.907142857142857 4.5000000000000009 77.182275000000018
decision_type=2 2 2 2 2 2 2 2 2 2 2 2 2 2 2 2 2 2 2 2 2 2 2 2 2 2 2 2 2 2
left_child=2 -2 3 4 15 6 -6 8 9 10 13 12 -12 -7 -5 16 27 18 -18 -20 -21 -9 24 25 -4 26 -24 -1 -11 -17
right_child=1 -3 22 14 5 7 -8 21 -10 28 11 -13 -14 -15 -16 29 17 -19 19 20 -22 -23 23 -25 -26 -27 -28 -29 -30 -31
leaf_value=0.71575716306294668 -0.042475954462777132 -0.52449825210641954 -0.083818372361987081 0.24493013571886979 0.15371582872716807 1.4337787954294119 -0.26180695884890198 1.0265891128714708 0.034129066649747866 0.55646588940191466 -0.25623881251356323 0.49635287462498934 1.8995965521691354 -0.58316909397899852 1.7647906895195504 0.0077573341975236748 -0.19313435795972453 -0.010889593345331241 0.32612417077684674 1.2246925199789902 0.54933632103893704 0.16367984105413783 -0.15120965836684355 -0.83856266058733508 -0.29943130537826723 -0.013688074636281376 1.2563945380690908 -0.14650848013400886 -0.078376061221274718 1.0468113736260691
leaf_weight=882 15292 18288 66856 4606 1926 322 13652 1470 27484 3936 18686 2410 64 126 1348 61622 298 1228 362 746 224 11900 132 4594 16346 1104 86 3740 2456 54
leaf_count=882 15292 18288 66856 4606 1926 322 13652 1470 27484 3936 18686 2410 64 126 1348 61622 298 1228 362 746 224 11900 132 4594 16346 1104 86 3740 2456 54
internal_value=-0.000479912 -0.00155152 -0.000335198 -9.34562e-05 -0.00017508 -0.000555004 -0.00222686 -0.000176752 -0.000482483 -0.00124107 -0.00197103 -0.00217391 -0.00262933 0.00761161 0.00201209 0.000288766 0.00194519 0.00448215 0.00791411 0.0100901 0.012732 0.001092 -0.000767972 -0.00258283 -0.000638928 0.00165658 0.0108257 0.000376459 0.00122653 8.78774e-05
internal_weight=282240 33580 248660 159542 153588 84432 15578 68854 55484 28000 21608 21160 18750 448 5954 69156 7480 2858 1630 1332 970 13370 89118 5916 83202 1322 218 4622 6392 61676
internal_count=282240 33580 248660 159542 153588 84432 15578 68854 55484 28000 21608 21160 18750 448 5954 69156 7480 2858 1630 1332 970 13370 89118 5916 83202 1322 218 4622 6392 61676
is_linear=0
shrinkage=0.05


Tree=85
num_leaves=31
num_cat=0
split_feature=8 7 14 13 0 13 16 6 1 1 3 7 16 1 13 8 0 16 3 14 13 10 3 14 10 2 2 14 2 1
split_gain=16.9349 13.5211 11.4365 13.2142 11.9917 16.9004 10.6034 13.3239 10.4648 11.5782 14.2396 11.8322 9.50289 8.73871 8.28324 10.4975 7.67894 10.1621 7.66746 12.1206 11.649 12.7896 15.4528 9.14429 8.27323 9.62532 10.7817 18.8906 33.5341 19.0058
threshold=1.6917612474432648 1.6294729635636733 75.33250000000001 99.756000000000014 2.5000000000000004 26.765000000000004 21.060350000000003 1.4299765917540848 6.5000000000000009 19.500000000000004 1.5000000000000002 0.99897078088854441 1.7362500000000003 16.500000000000004 6.9935000000000009 1.1784119407135087 1.5000000000000002 26.820500000000003 10.500000000000002 98.566500000000005 316.99500000000006 1.0000000180025095e-35 11.500000000000002 154.36050000000003 -1.0000000180025095e-35 5.5000000000000009 1.0000000180025095e-35 149.93500000000003 2.5000000000000004 5.5000000000000009
decision_type=2 2 2 8 2 10 2 2 2 2 2 2 2 2 10 2 2 2 2 2 8 2 2 2 2 2 2 2 2 2
left_child=1 2 4 -4 5 8 7 -7 -1 10 11 14 -3 -6 -10 -16 -13 -18 23 -20 -21 22 24 -5 -22 26 -26 29 -29 -28
right_child=-2 12 3 18 13 6 -8 -9 9 -11 -12 16 -14 -15 15 -17 17 -19 19 20 21 -23 -24 -25 25 -27 27 28 -30 -31
leaf_value=-0.13267655734203002 -0.21082474607938195 0.099159461828275716 -0.38200201027094127 -0.092821195427276959 0.042641176990200653 0.16982986350770035 0.0096777822997690787 0.75466807301086658 0.84089800747212218 -0.15977637704955525 -0.01612605254859081 -0.015388463068975967 -0.19317162026976881 0.44175527912481916 4.0876225184534887 0.073691001338385242 2.586852755527286 0.77605267624952623 -1.0957193611157674 -0.42088530544804859 0.1232264525634947 -1.8725528184340918 0.98167484403134508 -1.2352741056052698 1.0172771206928573 -2.3718829230129765 3.8855072234081711 10.32428754543198 0.14332739770108827 3.2288657604732003
leaf_weight=41328 6416 668 19811 26606 30452 9027 27082 515 712 21256 60370 1864 9188 9572 87 49 100 478 2614 2884 335 574 4538 4402 281 140 80 172 101 538
leaf_count=41328 6416 668 19811 26606 30452 9027 27082 515 712 21256 60370 1864 9188 9572 87 49 100 478 2614 2884 335 574 4538 4402 281 140 80 172 101 538
internal_value=-0.000465562 -0.000406492 -0.000339102 -0.000927137 -0.000156291 -0.000346846 0.000598786 0.00203207 -0.000621179 -0.000303595 3.3772e-05 0.00323708 -0.00222504 0.000619127 0.00832547 0.0196324 0.00147011 0.00650519 -0.000437422 0.000621276 0.0014399 0.00257508 0.00323767 -0.000855909 0.00738616 0.00917683 0.010657 0.0133502 0.024304 0.00851133
internal_weight=282240 275824 265968 63076 202892 162868 36624 9542 126244 84916 63660 3290 9856 40024 848 136 2442 578 43265 12257 9643 6759 6185 31008 1647 1312 1172 891 273 618
internal_count=282240 275824 265968 63076 202892 162868 36624 9542 126244 84916 63660 3290 9856 40024 848 136 2442 578 43265 12257 9643 6759 6185 31008 1647 1312 1172 891 273 618
is_linear=0
shrinkage=0.05


Tree=86
num_leaves=31
num_cat=0
split_feature=10 14 13 8 3 13 5 15 2 3 2 2 13 1 1 7 0 14 15 3 3 3 15 2 2 14 13 14 1 7
split_gain=16.3009 13.5624 26.4301 19.4292 14.6324 14.1468 15.2104 12.2752 11.7104 8.29861 8.7937 13.8638 23.3802 7.26305 14.177 9.52209 8.38911 9.35461 9.23701 7.83907 10.3654 16.0768 9.46735 15.1298 12.3537 9.42827 9.40164 8.02762 7.9958 9.3594
threshold=4.1392857142857151 7.2410000000000005 1.2275000000000003 1.2909182634980512 1.5000000000000002 23.891500000000004 1.0000000180025095e-35 17.575000000000003 1.0000000180025095e-35 2.5000000000000004 4.5000000000000009 5.5000000000000009 79.719000000000008 21.500000000000004 16.500000000000004 0.62943443378992747 1.5000000000000002 100.75600000000001 -1.7749999999999997 9.5000000000000018 6.5000000000000009 7.5000000000000009 203.06000000000003 1.0000000180025095e-35 5.5000000000000009 23.651000000000003 252.66000000000003 85.421000000000006 9.5000000000000018 0.45866769543872149
decision_type=2 2 10 2 2 8 2 2 2 2 2 2 10 2 2 2 2 2 2 2 2 2 2 2 2 2 10 2 2 2
left_child=1 2 7 5 -5 8 13 -1 -3 10 -8 12 -12 14 19 -16 18 -18 -17 20 27 -22 -23 -24 26 -21 -25 28 29 -7
right_child=-2 3 -4 4 -6 6 9 -9 -10 -11 11 -13 -14 -15 15 16 17 -19 -20 25 21 22 23 24 -26 -27 -28 -29 -30 -31
leaf_value=-0.11612964363689665 -0.19783955953488017 0.083827307615219282 0.1285690916954044 0.10959002241122057 -0.3119160351006609 0.6922936315514121 -0.51749367020475689 0.10360336184217056 -0.25659857373883382 -0.50362495341638336 0.83345749588267781 -2.5672792078034727 -0.0079910633238476272 -0.20622813117289787 0.7161959448670725 1.8388824453805726 0.49596239328200531 -0.063199330677428209 -0.06810915444443548 0.33237551796336506 -0.45120392819421479 -0.15808234938393728 -5.0637165469036827 4.9608208474360804 -0.67367383682573112 -0.015529715801015247 1.6051787953462258 -0.2218334116480393 -0.11543320965730271 0.069655163623462829
leaf_weight=23722 11192 6172 25156 3224 17670 622 462 11838 22171 6117 96 112 96 12808 2798 74 12080 7012 14206 5170 8491 14926 206 190 92 20472 84 12850 16199 25932
leaf_count=23722 11192 6172 25156 3224 17670 622 462 11838 22171 6117 96 112 96 12808 2798 74 12080 7012 14206 5170 8491 14926 206 190 92 20472 84 12850 16199 25932
internal_value=-0.000458476 -0.000381262 0.000277026 -0.000571288 -0.00201828 -0.000411693 -0.000230455 -0.000600395 -0.0014418 -0.00253015 0.00237598 0.00898026 0.0171354 -0.000127812 -2.45408e-05 0.000829415 0.000594509 0.00128012 -0.00032213 -0.000318054 -0.000562997 -0.0014317 -0.000473611 0.00583916 0.0119399 0.000442242 0.0172628 -0.00018821 0.000141158 0.000675227
internal_weight=282240 271048 60716 210332 20894 189438 161095 35560 28343 6883 766 304 192 154212 141404 36170 33372 19092 14280 105234 79592 23989 15498 572 366 25642 274 55603 42753 26554
internal_count=282240 271048 60716 210332 20894 189438 161095 35560 28343 6883 766 304 192 154212 141404 36170 33372 19092 14280 105234 79592 23989 15498 572 366 25642 274 55603 42753 26554
is_linear=0
shrinkage=0.05


Tree=87
num_leaves=31
num_cat=0
split_feature=7 16 14 13 13 14 0 13 15 13 3 3 6 12 8 10 3 16 3 6 7 3 3 15 14 13 7 7 6 14
split_gain=15.5917 18.7168 11.5335 12.1858 10.7661 18.894 13.7938 9.65059 10.0315 8.68115 9.09159 8.36521 8.22298 8.19117 12.7247 7.94747 8.67601 11.8666 11.5489 10.1328 9.77873 19.4852 16.1415 14.7208 7.42277 13.4469 7.4107 7.05297 6.98098 6.70717
threshold=1.502739726016894 1.7362500000000003 71.612500000000011 99.756000000000014 4.1015000000000006 7.2410000000000005 2.5000000000000004 58.602500000000006 19.241000000000003 35.777500000000011 10.500000000000002 11.500000000000002 0.91637735636524764 0.73375000000000012 0.71109846141186728 3.3357142857142872 6.5000000000000009 5.1990249999999998 9.5000000000000018 1.265719128405919 0.69346328011192715 4.5000000000000009 5.5000000000000009 64.481500000000025 4.0810000000000004 -0.40849999999999992 0.56502725539191412 1.0000317254658451 1.3988018182647257 3.6815000000000002
decision_type=2 2 2 8 10 2 2 10 2 8 2 2 2 2 2 2 2 2 2 2 2 2 2 2 2 10 2 2 2 2
left_child=2 9 4 11 6 12 15 8 -7 28 -11 -4 -6 14 -8 16 17 -1 19 -18 21 -19 23 26 25 -21 -23 -5 -2 -22
right_child=1 -3 3 27 5 7 13 -9 -10 10 -12 -13 -14 -15 -16 -17 18 20 -20 24 29 22 -24 -25 -26 -27 -28 -29 -30 -31
leaf_value=-0.12452355246012017 0.028159793808054109 -0.16430420615582275 -0.27327813360458342 -0.047533384689870992 0.033171892073973648 0.040866321179561495 0.87246194153669032 0.1031085894680881 -0.15731061019459353 -0.069816407986445367 0.41607210119568255 -1.5597002293429254 0.18610043390273837 -0.37889847576497898 0.13743758166903638 -0.22181600548764988 -0.31538041895488161 0.0079467584214958694 -0.025239040479840359 0.18165371767412572 0.28311913369351877 1.3494331911844977 0.58573957156795287 0.20704077262391252 -0.0013649995995096186 0.50612080000441717 1.053712572613154 -0.42801558690707681 0.17640347430347125 -0.026233594707191762
leaf_weight=7808 149 16640 18948 39394 6897 14809 1971 18868 26919 453 140 2533 13125 2599 17406 6382 25333 1973 19124 364 2650 208 553 157 1529 103 153 6235 298 28519
leaf_count=7808 149 16640 18948 39394 6897 14809 1971 18868 26919 453 140 2533 13125 2599 17406 6382 25333 1973 19124 364 2650 208 553 157 1529 103 153 6235 298 28519
internal_value=-0.000454402 -0.00189197 -0.000358332 -0.000924603 -0.000165866 0.000278597 -0.00047256 -0.000161398 -0.000585699 0.00461538 0.00064924 -0.00190657 0.00161023 0.000656169 0.0010097 -0.000734061 -0.000611141 -9.05512e-05 -0.00108206 -0.00174156 0.000310846 0.00301577 0.00844538 0.0147876 0.00168838 0.00720557 0.0203463 -0.000462317 0.00987696 4.66798e-05
internal_weight=282240 17680 264560 67110 197450 80618 116832 60596 41728 1040 593 21481 20022 21976 19377 94856 88474 42021 46453 27329 34213 3044 1071 518 1996 467 361 45629 447 31169
internal_count=282240 17680 264560 67110 197450 80618 116832 60596 41728 1040 593 21481 20022 21976 19377 94856 88474 42021 46453 27329 34213 3044 1071 518 1996 467 361 45629 447 31169
is_linear=0
shrinkage=0.05


Tree=88
num_leaves=31
num_cat=0
split_feature=7 16 8 14 13 13 14 15 6 3 13 0 16 13 15 15 15 4 7 15 16 14 13 0 3 3 7 6 8 8
split_gain=15.2717 16.7077 11.4421 10.0882 14.0258 9.34357 16.661 11.6089 8.79906 7.74527 9.09129 7.71534 7.44283 6.99182 7.31011 6.56828 9.38681 6.16959 6.54559 6.18176 16.4123 9.39143 16.5144 6.12886 8.59721 16.1637 11.7924 9.44239 7.86628 8.39175
threshold=1.502739726016894 1.7362500000000003 1.6917612474432648 62.115000000000002 74.153500000000022 1.9365000000000003 12.233500000000001 35.462500000000013 1.3647559385888377 10.500000000000002 42.161000000000008 1.5000000000000002 1.7362500000000003 39.981500000000004 60.02150000000001 25.712500000000002 109.94250000000001 1.0000000180025095e-35 1.0000317254658451 152.26500000000001 140.10249999999999 115.67250000000001 76.914000000000016 2.5000000000000004 6.5000000000000009 9.5000000000000018 1.0000317254658451 1.2230292006795527 0.99857713534972048 1.004202824841457
decision_type=2 2 2 2 8 10 2 2 2 2 8 2 2 10 2 2 2 2 2 2 2 2 10 2 2 2 2 2 2 2
left_child=2 9 3 5 11 7 8 12 -7 10 -2 -5 -1 15 -15 -8 -17 18 -6 -19 21 -21 -23 24 26 27 -14 -26 -27 -30
right_child=1 -3 -4 4 17 6 13 -9 -10 -11 -12 -13 23 14 -16 16 -18 19 -20 20 -22 22 -24 -25 25 28 -28 -29 29 -31
leaf_value=-0.17740741216093703 0.10810590940162011 -0.1560889958480316 -0.25835541132630391 -0.51546669066227768 0.017975748421048852 0.097622748311199187 0.00058049675724933237 0.057545296092134858 0.21857998854350824 0.38754474970466996 -0.068538681674917931 -0.23884205884514587 0.076236524506278977 0.13211736538334193 -0.098718453739524398 -0.23344097480146334 1.0646573776608286 -0.2889020847961925 -0.37177729477804222 1.1236010099645695 -0.97032927364839527 3.3547427991889522 0.16171531800089556 0.17076602018663467 -0.43333965545527875 -0.35607985760008581 -0.23579166108746069 0.13476535803733122 0.50296473920998863 -0.095954849623401117
leaf_weight=7553 378 16640 4200 7762 41016 27315 13466 35126 2549 210 452 12351 15305 14267 8604 13364 1099 9518 6253 243 1078 93 88 8053 17596 3408 4964 1480 4369 3440
leaf_count=7553 378 16640 4200 7762 41016 27315 13466 35126 2549 210 452 12351 15305 14267 8604 13364 1099 9518 6253 243 1078 93 88 8053 17596 3408 4964 1480 4369 3440
internal_value=-0.000446607 -0.00186935 -0.000351528 -0.000309765 -0.00078391 -0.000105465 0.000296042 -0.000425199 0.00123326 0.00427884 0.00210843 -0.00192239 -0.000815199 -0.000254922 0.000393292 -0.000785744 -0.00152562 -0.00039107 -0.000142695 -0.00145644 0.00152463 0.00985849 0.0184807 -0.000624841 -0.000828885 -0.0013622 -3.18232e-05 -0.00224785 0.000143977 0.0010187
internal_weight=282240 17680 264560 260360 78402 181958 80664 101294 29864 1040 830 20113 66168 50800 22871 27929 14463 58289 47269 11020 1502 424 181 58615 50562 30293 20269 19076 11217 7809
internal_count=282240 17680 264560 260360 78402 181958 80664 101294 29864 1040 830 20113 66168 50800 22871 27929 14463 58289 47269 11020 1502 424 181 58615 50562 30293 20269 19076 11217 7809
is_linear=0
shrinkage=0.05


Tree=89
num_leaves=31
num_cat=0
split_feature=10 16 6 7 8 14 13 16 6 13 8 7 13 16 2 1 1 13 13 14 7 7 14 13 14 15 15 7 15 13
split_gain=15.1244 10.9526 10.3049 9.95007 8.39112 9.03406 22.9383 13.4623 11.534 10.8624 7.79251 7.71727 7.53847 6.92758 6.6546 10.2354 7.85146 8.20843 7.10888 6.61424 6.52188 6.42521 6.11845 6.11221 7.85732 7.15091 5.94591 6.24629 6.22751 8.12707
threshold=2.5071428571428593 4.2537250000000011 2.4704693117032734 1.6661101906708728 0.71109846141186728 6.9750000000000005 -0.40849999999999992 3.1982500000000003 1.3426241903139282 4.8710000000000013 1.3948037491109841 1.4061289584198742 22.641000000000002 -3.1539999999999995 2.5000000000000004 5.5000000000000009 20.500000000000004 228.58500000000004 79.719000000000008 0.57150000000000001 0.87640678327676091 1.1583011476025151 88.924000000000021 17.635000000000002 -0.72899999999999987 63.755000000000003 32.187500000000007 0.97291061820746527 21.152500000000003 66.591500000000011
decision_type=2 2 2 2 2 2 10 2 2 8 2 2 8 2 2 2 2 10 8 2 2 2 2 10 2 2 2 2 2 10
left_child=3 2 12 4 -1 6 7 -6 23 -7 14 -3 20 -5 15 -11 17 22 -16 21 -2 -10 -17 24 -8 -26 27 -25 -29 -30
right_child=1 11 -4 13 5 9 8 -9 19 10 -12 -13 -14 -15 18 16 -18 -19 -20 -21 -22 -23 -24 26 25 -27 -28 28 29 -31
leaf_value=0.098034953060078464 -0.24758138408726699 -0.22625265841138209 0.35077050575792734 0.11243697506627344 -0.20865670190255267 -0.29903439078601579 0.14960069634156251 0.01633167628729849 0.07059993790103225 -0.14134849071744868 -0.19821592647798325 -0.27890610537772542 -0.12326296347833393 -0.12808269883408532 -0.1360210928946545 0.17302271874409067 -0.21053598276347651 1.0589978188799081 -0.061733567487987528 0.21356642702701906 0.15393797459331823 0.28146723367312265 -0.11955966387542234 0.10784135874674537 -0.046353086297722848 0.61055815466432417 0.062392575800652078 0.26193027521120843 0.31801635441057385 2.925166649994468
leaf_weight=28328 347 17096 54 66 9139 10051 1775 14948 216 16079 10636 5444 1855 6982 28464 30289 8620 832 57096 1722 980 385 14267 1415 8801 530 2878 2325 425 195
leaf_count=28328 347 17096 54 66 9139 10051 1775 14948 216 16079 10636 5444 1855 6982 28464 30289 8620 832 57096 1722 980 385 14267 1415 8801 530 2878 2325 425 195
internal_value=-0.000446961 -0.00160149 0.00111866 -0.000330925 -0.000278572 -0.000382383 0.000252043 -0.000796489 0.00147409 -0.000543402 -0.00044692 -0.00199202 0.000751099 -0.0021836 -0.000357445 3.77982e-06 0.000333468 0.000596192 -0.000653344 0.00479337 0.00362848 0.00930948 0.000504308 0.00105375 0.000316945 -0.000263103 0.0021843 0.00334862 0.00466044 0.0091129
internal_weight=282240 25776 3236 256464 249416 221088 44754 24087 20667 176334 166283 22540 3182 7048 155647 70087 54008 45388 85560 2323 1327 601 44556 18344 11106 9331 7238 4360 2945 620
internal_count=282240 25776 3236 256464 249416 221088 44754 24087 20667 176334 166283 22540 3182 7048 155647 70087 54008 45388 85560 2323 1327 601 44556 18344 11106 9331 7238 4360 2945 620
is_linear=0
shrinkage=0.05


Tree=90
num_leaves=31
num_cat=0
split_feature=7 16 8 14 13 13 16 0 13 6 8 2 0 1 1 15 0 14 15 8 14 13 1 1 13 15 15 2 7 15
split_gain=15.1095 12.6048 10.2126 9.10276 12.6249 8.754 13.2537 11.116 8.73721 7.88685 7.78016 7.75481 7.58325 7.55492 8.32831 7.28968 6.76536 6.80418 7.26868 10.4407 9.24929 6.48483 6.21683 6.50948 6.20093 6.74202 6.1785 5.90699 6.3636 5.79282
threshold=1.502739726016894 3.8072500000000002 1.6917612474432648 62.115000000000002 76.03100000000002 4.1015000000000006 15.22775 2.5000000000000004 35.777500000000011 1.3589213340883917 1.6207102205488242 1.0000000180025095e-35 1.5000000000000002 5.5000000000000009 20.500000000000004 3.8110000000000004 1.5000000000000002 16.958500000000004 70.857500000000016 0.69483301236606598 182.51100000000002 39.981500000000004 6.5000000000000009 17.500000000000004 92.006000000000014 148.88950000000003 35.462500000000013 4.5000000000000009 1.2316304240647085 62.282500000000006
decision_type=2 2 2 2 8 10 2 2 8 2 2 2 2 2 2 2 2 2 2 2 2 10 2 2 10 2 2 2 2 2
left_child=2 8 3 5 12 7 9 13 10 -7 -2 22 -5 -1 26 -9 -3 -18 -19 20 -20 -13 -8 24 -24 -26 -15 28 -6 -23
right_child=1 16 -4 4 27 6 11 15 -10 -11 -12 21 -14 14 -16 -17 17 18 19 -21 -22 29 23 -25 25 -27 -28 -29 -30 -31
leaf_value=-0.14704805017155184 0.077202284166865295 -0.16293407786361203 -0.23800859991711396 -0.47938194280287849 0.0016512863677331407 0.097101088977881708 -0.094502150909296923 -0.32668221229371863 -0.036507831438255998 0.25764807670555456 0.28161787041353764 -0.14006170582754998 -0.21290586034035749 -0.057169479847365604 -0.2142102997004976 0.26924450668434502 0.25297344321941256 -0.66908409157551763 1.1522739561505249 -0.15068840456052995 4.5743252726611869 0.10578350609838705 0.6514200844538891 0.052563634798625969 2.471054214633158 0.023491667024979096 0.13004389154609666 -0.22765177599716041 -0.55195872035503113 -0.13216494084925698
leaf_weight=25956 887 7206 4200 7880 44388 22834 2121 3463 1212 1996 107 20999 12684 34587 11540 15994 1732 4392 158 1942 44 13386 2392 1804 54 40 16606 10921 2529 8186
leaf_count=25956 887 7206 4200 7880 44388 22834 2121 3463 1212 1996 107 20999 12684 34587 11540 15994 1732 4392 158 1942 44 13386 2392 1804 54 40 16606 10921 2529 8186
internal_value=-0.000434383 -0.00184955 -0.000339811 -0.000300355 -0.000750747 -0.000106289 0.000313498 -0.000392804 0.00168631 0.00125453 0.00516096 -0.000163531 -0.00181482 -0.000630237 -0.000333398 0.000689468 -0.00235363 -0.0013776 -0.00211597 0.000270521 0.0110891 -0.000407673 0.00145765 0.00255245 0.00421158 0.0168085 -5.98727e-05 -0.000372421 -0.000128633 0.000201186
internal_weight=282240 17680 264560 260360 78402 181958 73812 108146 2206 24830 994 48982 20564 88689 62733 19457 15474 8268 6536 2144 202 42571 6411 4290 2486 94 51193 57838 46917 21572
internal_count=282240 17680 264560 260360 78402 181958 73812 108146 2206 24830 994 48982 20564 88689 62733 19457 15474 8268 6536 2144 202 42571 6411 4290 2486 94 51193 57838 46917 21572
is_linear=0
shrinkage=0.05


Tree=91
num_leaves=31
num_cat=0
split_feature=7 14 10 14 15 13 13 14 8 3 3 3 3 7 14 2 15 15 7 2 15 8 1 3 14 15 1 14 1 2
split_gain=15.0307 10.3917 9.59389 7.84512 10.3147 9.24182 8.08601 9.76254 7.97752 10.9014 40.8104 13.4264 28.952 12.3737 22.9927 15.1869 17.3331 11.0379 15.8982 37.5124 15.3554 10.6338 9.97425 9.59409 11.798 9.24157 8.98877 8.8111 8.57022 8.54508
threshold=1.502739726016894 2.6110000000000002 2.5071428571428593 75.33250000000001 104.16350000000001 69.784500000000023 130.73500000000004 117.55150000000002 0.89255408199209196 5.5000000000000009 4.5000000000000009 7.5000000000000009 8.5000000000000018 0.56502725539191412 3.5210000000000004 5.5000000000000009 2.3010000000000006 9.2410000000000014 1.3639941903998694 1.5000000000000002 2.7615000000000003 0.75896618274560368 6.5000000000000009 2.5000000000000004 30.822500000000002 38.371500000000005 8.5000000000000018 2.6110000000000002 6.5000000000000009 3.5000000000000004
decision_type=2 2 2 2 2 10 8 2 2 2 2 2 2 2 2 2 2 2 2 2 2 2 2 2 2 2 2 2 2 2
left_child=2 -2 3 4 5 8 7 -5 9 10 23 -11 17 14 -12 22 -17 20 29 -20 -13 27 -15 24 -1 26 -16 -22 -26 -19
right_child=1 -3 -4 6 -6 -7 -8 -9 -10 11 13 12 -14 15 25 16 -18 18 19 -21 21 -23 -24 -25 28 -27 -28 -29 -30 -31
leaf_value=0.074891226803766212 0.036709182557054625 -0.16874927379512106 -0.14892113302828669 -0.11301761573874376 0.30689769717440496 0.15910297202439935 -0.069362642700483562 -0.8897196091261329 -0.055693589527642744 -0.25861160240378372 -0.12500943542912982 -0.030529146836654881 -0.1133585348862009 -0.23473627326702165 1.2924729752655428 -0.58519579545133016 0.86272602170947188 0.86364934861385267 3.1843822681788803 -0.32538298952959754 0.26676493299549592 0.98998989581138863 0.76199392144337974 -0.1579964093394334 0.34550700863493244 1.0400493709245484 1.5080267277467065 2.0506182029160738 2.2919407515555097 -0.51839792886308056
leaf_weight=1216 2782 14898 20944 15649 12240 13939 36407 7384 127559 6352 138 407 9685 537 105 104 409 1342 72 96 143 399 1006 6555 255 96 73 447 361 640
leaf_count=1216 2782 14898 20944 15649 12240 13939 36407 7384 127559 6352 138 407 9685 537 105 104 409 1342 72 96 143 399 1006 6555 255 96 73 447 361 640
internal_value=-0.000426766 -0.00183824 -0.00033244 -0.000244156 -8.29653e-05 -0.000182802 -0.000743608 -0.0014768 -0.000291684 0.000435638 0.00170659 -0.000268857 0.000638273 0.00735818 0.015267 0.00577335 0.0132261 0.00450366 0.00225581 0.0170238 0.00796561 0.0113296 0.00329553 4.35185e-05 0.00324236 0.0236496 0.0303933 0.0155932 0.00887987 0.00100404
internal_weight=282240 17680 264560 243616 184176 171936 59440 23033 157997 30438 10855 19583 13231 2468 412 2056 513 3546 2150 168 1396 989 1543 8387 1832 274 178 590 616 1982
internal_count=282240 17680 264560 243616 184176 171936 59440 23033 157997 30438 10855 19583 13231 2468 412 2056 513 3546 2150 168 1396 989 1543 8387 1832 274 178 590 616 1982
is_linear=0
shrinkage=0.05


Tree=92
num_leaves=31
num_cat=0
split_feature=7 16 8 1 5 1 3 14 10 2 1 13 7 14 8 13 2 14 16 7 7 13 13 3 16 14 13 1 10 2
split_gain=14.5865 11.0945 9.25322 8.96821 13.2073 13.5005 13.8371 17.3745 16.0312 15.8916 13.4549 11.5908 11.4447 9.36573 9.03581 8.53677 11.8739 10.2171 9.76995 9.95599 10.2061 9.46593 8.13469 8.68591 8.13227 8.09154 7.99323 7.94666 10.6096 8.76398
threshold=1.502739726016894 4.2537250000000011 1.6917612474432648 6.5000000000000009 1.0000000180025095e-35 20.500000000000004 1.5000000000000002 36.33100000000001 -4.4642857142857117 1.5000000000000002 16.500000000000004 104.68500000000002 0.71047649234106702 -6.0199999999999987 0.64064005296768156 -1.0000000180025095e-35 1.0000000180025095e-35 128.57000000000002 21.060350000000003 1.2508017871195614 0.79386722367056273 86.535000000000011 79.719000000000008 10.500000000000002 144.06050000000002 3.3715000000000006 172.27250000000001 14.500000000000002 5.1922619047619065 4.5000000000000009
decision_type=2 2 2 2 2 2 2 2 2 2 2 10 2 2 2 10 2 2 2 2 2 10 8 2 2 2 10 2 2 2
left_child=2 22 3 -1 5 6 7 27 11 15 13 -9 -12 14 -11 -8 17 21 19 20 25 -17 -2 -24 -10 -18 -20 29 -29 -5
right_child=1 -3 -4 4 -6 -7 9 8 24 10 12 -13 -14 -15 -16 16 18 -19 26 -21 -22 -23 23 -25 -26 -27 -28 28 -30 -31
leaf_value=-0.084624561481587257 0.091419588375997271 -0.17592957391653224 -0.2194931157540988 1.5330917483704631 -0.25389216151867633 -0.13313340350354527 0.048545427761101913 1.1904111920717109 0.13708981966444297 0.80121291354438418 0.68386280866929694 -0.14091093198679958 0.03988179917125656 -0.10093497456929111 0.32986321855864287 0.45714857082012639 -0.31052901318306564 -0.45732677012698719 -0.18469275531155324 1.5473129566713717 0.014707308974877218 1.5487430838119427 -0.13949694335144261 0.30445161651512437 -1.3037421485310237 1.7635801054513973 2.0975456369775416 2.0106052903539768 -0.81439523518841173 -0.27133914702482337
leaf_weight=77016 1201 15178 4200 1080 7424 31632 20391 493 7148 32 3072 197 24008 66368 696 6734 136 1201 6696 242 1478 538 1009 292 990 338 582 1116 150 602
leaf_count=77016 1201 15178 4200 1080 7424 31632 20391 493 7148 32 3072 197 24008 66368 696 6734 136 1201 6696 242 1478 538 1009 292 990 338 582 1116 150 602
internal_value=-0.000419502 -0.00180996 -0.000326581 -0.000289024 -9.88318e-05 -1.16542e-05 0.000193431 0.00183594 0.000726098 4.74662e-05 -0.000301883 0.00804348 0.000638847 -0.000681562 0.00495879 0.000905675 0.00170103 0.0030609 0.000484585 0.0034093 0.00222336 0.0037665 0.00127498 -0.00146426 0.000105676 0.00860759 -0.000397088 0.00515943 0.00815166 0.00290725
internal_weight=282240 17680 264560 260360 183344 175920 144288 11776 8828 132512 94176 690 27080 67096 728 38336 17945 8473 9472 2194 1952 7272 2502 1301 8138 474 7278 2948 1266 1682
internal_count=282240 17680 264560 260360 183344 175920 144288 11776 8828 132512 94176 690 27080 67096 728 38336 17945 8473 9472 2194 1952 7272 2502 1301 8138 474 7278 2948 1266 1682
is_linear=0
shrinkage=0.05


Tree=93
num_leaves=31
num_cat=0
split_feature=10 14 6 5 3 14 3 3 3 14 15 6 2 15 13 6 13 14 13 2 14 2 6 15 6 14 2 15 16 15
split_gain=13.0971 13.7264 7.57428 7.27424 9.39771 15.3076 15.0513 13.73 25.3797 16.8996 16.2095 15.4443 12.4248 19.0225 12.3982 9.853 9.34263 9.30523 14.5284 13.4225 29.091 37.0815 24.916 21.1543 13.6083 12.0248 11.889 9.21196 15.1085 9.39583
threshold=1.9320512820512807 16.958500000000004 1.0202306349219212 1.0000000180025095e-35 10.500000000000002 154.36050000000003 11.500000000000002 6.5000000000000009 7.5000000000000009 18.621000000000006 241.35000000000005 0.99938336059022215 2.5000000000000004 3.1015000000000006 107.41500000000001 0.99938336059022215 3.0010000000000003 17.971500000000002 133.35400000000001 4.5000000000000009 149.93500000000003 1.0000000180025095e-35 1.0032146904844119 1.0310000000000004 1.2988455984364415 68.395000000000024 4.5000000000000009 67.77500000000002 78.045000000000002 28.771500000000003
decision_type=2 2 2 2 2 2 2 2 2 2 2 2 2 2 8 2 10 2 8 2 2 2 2 2 2 2 2 2 2 2
left_child=3 -2 -3 4 5 7 14 -1 9 11 12 -9 13 -10 -6 -16 -15 18 26 20 23 -22 -23 -19 27 -26 -17 28 -25 -30
right_child=1 2 -4 -5 6 -7 -8 8 10 -11 -12 -13 -14 16 15 17 -18 19 -20 -21 21 22 -24 24 25 -27 -28 -29 29 -31
leaf_value=0.009256872611557011 -0.017227734836169486 -0.22656788616782633 -0.5735594699014116 -0.16099189781219825 -0.01944026717848378 -1.2180032358441981 -0.095334377638276083 -0.37238765474701402 -0.29197971178674792 -0.38533488715789543 2.6489861358968598 0.080364225779757117 -0.10065079833371159 0.046464334589687933 -0.017474882712934469 0.59195907515716406 0.5134009741481389 2.44768648800801 1.7839149005821655 -0.34500497845656974 -0.76141810231149964 9.4147684183676894 -1.9916228745975264 0.48222499995806295 2.9211602881186707 0.50583153123769786 3.4614820687490822 -1.3110677935709816 3.7859577758522764 1.6921799492461789
leaf_weight=111642 15292 7842 10446 10540 7244 5566 17260 2486 4064 13600 970 4602 36750 13284 2933 43 8716 120 1421 1797 214 265 55 2496 149 120 81 1429 395 418
leaf_count=111642 15292 7842 10446 10540 7244 5566 17260 2486 4064 13600 970 4602 36750 13284 2933 43 8716 120 1421 1797 214 265 55 2496 149 120 81 1429 395 418
internal_value=-0.000414719 -0.00134157 -0.00226597 -0.000289553 -0.000232657 -0.000366175 0.000506311 -0.00029279 -0.000773749 -0.00229553 -0.000280165 -0.000316028 -0.000379216 0.0004558 0.00147028 0.00246062 0.00103636 0.00328057 0.0068123 0.00254894 0.00374404 0.0148502 0.025625 0.00258728 0.00209007 0.0130297 0.0232258 0.00146897 0.0029178 0.00883764
internal_weight=282240 33580 18288 248660 238120 201680 36440 196114 84472 20688 63784 7088 62814 26064 19180 11936 22000 9003 1545 7458 5661 534 320 5127 5007 269 124 4738 3309 813
internal_count=282240 33580 18288 248660 238120 201680 36440 196114 84472 20688 63784 7088 62814 26064 19180 11936 22000 9003 1545 7458 5661 534 320 5127 5007 269 124 4738 3309 813
is_linear=0
shrinkage=0.05


Tree=94
num_leaves=31
num_cat=0
split_feature=10 14 8 13 3 13 5 6 2 16 16 3 3 2 1 1 15 14 3 13 8 3 16 3 15 13 14 1 2 1
split_gain=12.4787 10.8447 20.4161 19.6883 12.2194 11.0952 11.3368 10.7047 10.1706 9.96937 9.77418 10.3983 11.7804 6.49662 10.2102 9.01473 8.23356 18.0497 23.3617 26.6707 8.49815 9.2269 18.5835 11.2758 10.8852 11.9409 7.58817 7.30832 8.80458 7.02697
threshold=4.4285714285714306 19.594000000000005 1.2909182634980512 1.2275000000000003 1.5000000000000002 42.801500000000004 1.0000000180025095e-35 1.3294609182192656 1.0000000180025095e-35 1.0000000180025095e-35 18.191100000000002 2.5000000000000004 10.500000000000002 4.5000000000000009 5.5000000000000009 20.500000000000004 157.36250000000004 182.51100000000002 11.500000000000002 209.94500000000002 1.0900215495746772 2.5000000000000004 79.786524999999997 1.5000000000000002 29.811000000000003 117.605 32.601000000000006 8.5000000000000018 5.5000000000000009 16.500000000000004
decision_type=2 2 2 10 2 8 2 2 2 2 2 2 2 2 2 2 2 2 2 10 2 2 2 2 2 10 2 2 2 2
left_child=1 3 5 10 -4 8 13 -5 -3 -9 11 -1 -13 14 -7 29 20 18 -18 -20 26 22 23 -22 -25 -26 27 28 -15 -16
right_child=-2 2 4 7 -6 6 -8 9 -10 -11 -12 12 -14 16 15 -17 17 -19 19 -21 21 -23 -24 24 25 -27 -28 -29 -30 -31
leaf_value=0.30898757534372989 -0.16426338839222812 0.070039755339862272 0.062836863807095147 0.054796745456193945 -0.50088257125296243 -0.11863108192972534 -0.4251602772475267 0.25144497179916919 -0.23260770694508315 0.12377193764026675 0.21931113547448114 -0.11936165739590204 0.17891370541017301 0.46581517853774451 0.064637157968257447 -0.18058481857955114 0.28003796184774288 -1.0367033090049635 3.2037010231879712 0.23021809652027372 0.19307779552252305 -0.034286203994546627 -0.12103602581933609 -0.26355341783895797 1.2321887100750253 -0.50904729976261398 -0.29399068397207379 -0.22156798154167331 -0.26114160264091751 0.3684681279681869
leaf_weight=2712 9598 7187 2914 36611 13804 18595 5275 143 28082 5341 7529 40638 5266 1540 43189 11308 385 678 123 123 174 1594 335 34 164 30 16922 3329 1109 17508
leaf_count=2712 9598 7187 2914 36611 13804 18595 5275 143 28082 5341 7529 40638 5266 1540 43189 11308 385 678 123 123 174 1594 335 34 164 30 16922 3329 1109 17508
internal_value=-0.000409759 -0.00034738 -0.000584054 7.27798e-05 -0.00224549 -0.000407906 -0.000182781 0.000890247 -0.00118929 0.0029504 -0.000540121 -0.000799738 -0.000977476 -8.06739e-05 0.00012086 0.000390597 -0.000768652 0.00309778 0.00918383 0.0212195 -0.000969245 0.00190691 0.00653324 0.0137811 0.0210965 0.0256701 -0.00126201 0.00026932 0.00222914 0.000632073
internal_weight=282240 272642 174402 98240 16718 157684 122415 42095 35269 5484 56145 48616 45904 117140 90600 72005 26540 1309 631 246 25231 2331 737 402 228 194 22900 5978 2649 60697
internal_count=282240 272642 174402 98240 16718 157684 122415 42095 35269 5484 56145 48616 45904 117140 90600 72005 26540 1309 631 246 25231 2331 737 402 228 194 22900 5978 2649 60697
is_linear=0
shrinkage=0.05


Tree=95
num_leaves=31
num_cat=0
split_feature=10 14 6 0 16 12 8 3 3 3 14 6 8 3 14 14 13 5 14 14 10 13 8 10 16 16 2 3 16 2
split_gain=11.7241 12.6121 9.20863 7.49137 8.6071 7.87496 9.17977 7.38359 14.4631 12.3522 19.6341 15.7138 12.1252 18.0823 11.9991 11.6762 10.2652 10.7121 8.97548 9.68905 11.9899 8.95171 8.60386 8.53901 13.0198 8.4438 7.75653 7.30279 7.78748 8.88012
threshold=1.3928571428571437 16.958500000000004 0.93212085400322564 2.5000000000000004 -3.1539999999999995 0.43125000000000008 0.85759118537787538 10.500000000000002 6.5000000000000009 7.5000000000000009 20.191000000000006 0.99938336059022215 0.55245798538270108 8.5000000000000018 60.595000000000006 7.541500000000001 113.73250000000002 1.0000000180025095e-35 2.6110000000000002 3.7960000000000007 -1.3999999999999948 14.175000000000002 1.0850436840020319 -0.55714285714285661 84.361400000000017 9.061575000000003 1.5000000000000002 11.500000000000002 84.361400000000017 4.5000000000000009
decision_type=2 2 2 2 2 2 2 2 2 2 2 2 2 2 2 2 8 2 2 2 2 10 2 2 2 2 2 2 2 2
left_child=3 -2 -3 4 -1 6 -5 8 14 10 11 -10 13 18 -6 25 22 27 -11 20 -20 -14 -17 24 -16 -9 -27 28 -18 -30
right_child=1 2 -4 5 7 -7 -8 15 9 12 -12 -13 21 -15 23 16 17 -19 19 -21 -22 -23 -24 -25 -26 26 -28 -29 29 -31
leaf_value=0.17382815955790001 -0.013994959030466823 -0.13224059513988926 -0.50849884112835786 0.36665162243288774 0.019132411612077016 -0.22299681180810543 0.031816987672354857 0.19947622662645456 -0.3811328354519678 -0.50794607955170956 -0.37315613945824477 0.073482812259506841 -0.14925043800428034 -0.1350560341957156 0.32126295880223044 -0.32281986552424979 0.54870138292407933 -0.96516628449846165 1.9474702878547472 1.1089080117145926 1.3091107115441083 0.026923082020505973 0.14629986296000491 -0.29681458271946787 -0.17834309926714781 -0.62497467410334184 2.1610434559949137 -0.05127364438724509 3.418732309145132 -0.40596870861686613
leaf_weight=936 18780 9066 14564 8518 61814 7198 46858 3840 1966 118 8700 3866 33234 1186 2282 7324 5055 916 42 708 32 11596 1239 17588 5022 130 654 7280 1402 326
leaf_count=936 18780 9066 14564 8518 61814 7198 46858 3840 1966 118 8700 3866 33234 1186 2282 7324 5055 916 42 708 32 11596 1239 17588 5022 130 654 7280 1402 326
internal_value=-0.000403204 -0.00116954 -0.00193822 -0.000267691 -0.000433724 0.000202639 0.000404867 -0.00045911 -0.000600187 -0.00118702 -0.00246078 -0.000216051 -0.000792481 0.00293384 -0.000184302 0.000282964 -0.000168211 0.000621202 0.00827778 0.0102174 0.0274324 -0.000965872 -0.00154911 -0.0011112 0.000325848 0.00258002 0.00730867 0.000962453 0.00214286 0.00504051
internal_weight=282240 42410 23630 239830 177256 62574 55376 176320 148154 61448 14532 5832 46916 2086 86706 28166 23542 14979 900 782 74 44830 8563 24892 7304 4624 784 14063 6783 1728
internal_count=282240 42410 23630 239830 177256 62574 55376 176320 148154 61448 14532 5832 46916 2086 86706 28166 23542 14979 900 782 74 44830 8563 24892 7304 4624 784 14063 6783 1728
is_linear=0
shrinkage=0.05


Tree=96
num_leaves=31
num_cat=0
split_feature=7 16 14 13 13 14 15 13 15 8 6 3 3 7 10 3 14 14 15 16 16 14 13 15 8 14 7 6 7 15
split_gain=13.0292 10.3611 9.30213 10.4772 9.69963 12.4967 10.1361 9.16037 7.81969 7.79754 7.74284 6.34502 6.32356 7.87643 14.6039 16.3108 6.44185 6.33447 6.33066 5.87161 5.67537 5.67433 8.16187 7.77681 7.62335 7.49476 5.26657 7 5.07444 7.41411
threshold=1.502739726016894 1.7362500000000003 79.071000000000012 99.756000000000014 1.7610000000000003 12.641500000000002 35.462500000000013 64.19250000000001 26.102500000000003 1.5010251687775866 1.2595073080218377 11.500000000000002 2.5000000000000004 1.0042859353365239 1.7571428571428591 1.5000000000000002 29.401000000000003 -0.15899999999999997 102.86500000000002 119.81022500000002 1.7362500000000003 16.958500000000004 4.3535000000000013 70.857500000000016 0.69483301236606598 182.51100000000002 2.3646020039433977 1.1616602035052177 0.50013865813216063 157.36250000000004
decision_type=2 2 2 8 10 2 2 10 2 2 2 2 2 2 2 2 2 2 2 2 2 2 10 2 2 2 2 2 2 2
left_child=2 -2 4 11 6 10 20 8 -7 28 -6 -4 13 17 15 -15 -14 -8 -17 -18 -1 22 -3 -23 25 -25 -26 -28 29 -5
right_child=1 21 3 9 5 7 12 -9 -10 -11 -12 -13 16 14 -16 18 19 -19 -20 -21 -22 23 -24 24 26 -27 27 -29 -30 -31
leaf_value=-0.14481541106983772 0.069601086222680714 -0.064801132977693965 -0.25644928253509452 0.12867702113409391 0.070137436277508333 0.019185821830865125 0.48514737597789725 0.10615516577239706 -0.14702887183190147 -0.65987784018044349 0.16436347380220717 -1.644038142751115 0.11147638982395491 0.096448420045339031 -0.60104407035102725 1.8805886757486272 -0.19019836952898439 0.16049334520684316 0.8799991929913471 4.9520517513043139 -0.099616254360712891 -0.54270073269638441 0.12157298329446931 1.0053285859978567 -0.43827318066106002 4.3416800633250912 -0.35285892756645892 1.4690791323242318 -0.10237153467191924 2.1481355207725494
leaf_weight=7626 1040 5112 15830 2083 27297 18252 32 17148 25624 1868 3976 2179 14284 173 302 153 20365 7332 57 69 63078 7136 1872 186 2178 44 56 56 36556 276
leaf_count=7626 1040 5112 15830 2083 27297 18252 32 17148 25624 1868 3976 2179 14284 173 302 153 20365 7332 57 69 63078 7136 1872 186 2178 44 56 56 36556 276
internal_value=-0.000402496 -0.00171663 -0.000314675 -0.000869337 -0.000156197 0.000224437 -0.000465803 -0.000192057 -0.000575031 -0.000425791 0.00103716 -0.00187379 0.000141814 0.00140452 0.00653285 0.0130157 -0.000150932 0.000927484 0.022381 -0.000720369 -0.000833335 -0.00201923 -0.000933564 -0.00280448 -0.000416668 0.00826087 -0.00128821 0.00928571 -0.000274317 0.00197329
internal_weight=282240 17680 264560 58792 205768 92297 113471 61024 43876 40783 31273 18009 42767 8049 685 383 34718 7364 210 20434 70704 16640 6984 9656 2520 230 2290 112 38915 2359
internal_count=282240 17680 264560 58792 205768 92297 113471 61024 43876 40783 31273 18009 42767 8049 685 383 34718 7364 210 20434 70704 16640 6984 9656 2520 230 2290 112 38915 2359
is_linear=0
shrinkage=0.05


Tree=97
num_leaves=31
num_cat=0
split_feature=7 16 16 13 15 3 3 14 8 3 3 2 10 10 3 15 6 13 13 14 12 7 13 16 14 13 12 3 15 3
split_gain=12.0802 9.93763 8.86504 15.8934 12.8522 8.29647 20.7938 13.1062 11.8883 17.1228 14.3922 17.124 10.0115 9.42197 9.24139 11.2457 11.2368 10.1193 9.08585 8.31889 7.5864 7.44298 9.67602 7.79027 10.6716 7.11442 7.07979 12.2748 11.4714 10.4689
threshold=1.502739726016894 3.8072500000000002 115.5305 158.84000000000003 132.93500000000003 6.5000000000000009 7.5000000000000009 1.5915000000000001 0.64866172261222077 4.5000000000000009 5.5000000000000009 5.5000000000000009 2.4178571428571458 1.1214285714285708 11.500000000000002 -1.0000000180025095e-35 1.5752431097523247 -0.028999999999999995 107.41500000000001 54.442500000000003 0.0087500000000000026 0.56502725539191412 50.015000000000008 37.16125000000001 3.3715000000000006 22.201500000000003 0.0037500000000000003 9.5000000000000018 1.7810000000000004 8.5000000000000018
decision_type=2 2 2 8 2 2 2 2 2 2 2 2 2 2 2 2 2 8 10 2 2 2 10 2 2 8 2 2 2 2
left_child=2 -2 4 -4 5 8 7 -7 9 -1 11 21 -13 -10 17 16 25 -8 26 -17 -6 22 23 24 -11 -16 27 28 -19 -28
right_child=1 -3 3 -5 20 6 14 -9 13 10 -12 12 -14 -15 15 19 -18 18 -20 -21 -22 -23 -24 -25 -26 -27 29 -29 -30 -31
leaf_value=0.0076215209236559474 0.040203918019451258 -0.15111532688004942 -0.84216559559410309 -0.10313411500830756 0.83126974472998849 0.14289030537674327 -0.25776884473723782 -0.22139404858742112 0.0042769923032259785 0.070635579675177612 0.087456005059753053 0.824417215626567 0.97740347530474314 -0.14999541422195037 0.33223868238504256 -0.078545848949774372 0.53411942262893619 -0.30373146223837105 0.64510821575202593 -0.78847578350853087 -0.1772916439125006 0.46786648296161798 0.17168375957045381 0.64176898037851648 1.270491865238331 -0.044541366325024478 0.46841159979966474 0.069274362431317058 -0.09414059369296994 -0.018356902522718498
leaf_weight=6842 2206 15474 8300 15178 6474 1982 2643 20126 91946 54 1768 334 86 14706 43 8050 30 3266 3557 4070 2072 1374 231 115 160 133 5929 28291 26123 10677
leaf_count=6842 2206 15474 8300 15178 6474 1982 2643 20126 91946 54 1768 334 86 14706 43 8050 30 3266 3557 4070 2072 1374 231 115 160 133 5929 28291 26123 10677
internal_value=-0.000391866 -0.00165724 -0.000307304 -0.00123477 -0.000216981 -0.000286968 -0.000589107 -0.00196716 8.24599e-06 0.00157607 0.00412178 0.00668224 0.0158333 -0.000152928 -0.000260851 -0.00153578 0.0100485 -6.56027e-05 3.77029e-05 -0.00173267 0.00168734 0.00469493 0.00955357 0.0150608 0.0207009 0.00522727 -8.05009e-05 -0.000342408 -0.00105805 0.000829217
internal_weight=282240 17680 264560 23478 241082 232536 114920 22108 117616 10964 4122 2354 420 106652 92812 12326 206 80486 77843 12120 8546 1934 560 329 214 176 74286 57680 29389 16606
internal_count=282240 17680 264560 23478 241082 232536 114920 22108 117616 10964 4122 2354 420 106652 92812 12326 206 80486 77843 12120 8546 1934 560 329 214 176 74286 57680 29389 16606
is_linear=0
shrinkage=0.05


Tree=98
num_leaves=31
num_cat=0
split_feature=7 14 14 13 13 16 0 2 1 3 10 15 14 15 13 2 15 13 10 7 10 3 2 1 15 10 3 2 13 13
split_gain=11.5236 9.95358 8.29121 10.8362 9.2772 11.8666 10.8766 9.74558 8.61085 8.1511 9.00705 13.9081 16.1917 21.8497 19.4813 13.8869 9.13417 13.8234 20.8011 8.93771 8.15839 14.2131 11.0737 10.8917 8.06338 7.79674 10.3325 7.57453 7.55199 7.53085
threshold=1.502739726016894 18.962500000000002 85.421000000000006 139.13000000000002 4.9925000000000006 16.208875000000003 2.5000000000000004 1.0000000180025095e-35 16.500000000000004 10.500000000000002 1.0000000180025095e-35 95.201500000000024 146.27500000000003 56.091500000000011 282.17000000000007 3.5000000000000004 3.1015000000000006 145.85100000000003 -1.0000000180025095e-35 0.50013865813216063 -1.0000000180025095e-35 11.500000000000002 1.0000000180025095e-35 19.500000000000004 72.715000000000018 -1.5285714285714269 5.5000000000000009 1.0000000180025095e-35 110.40100000000001 413.92000000000002
decision_type=2 2 2 8 10 2 2 2 2 2 2 2 2 2 10 2 2 10 2 2 2 2 2 2 2 2 2 2 8 10
left_child=2 28 4 -4 6 -6 -1 -7 -8 19 11 12 16 15 27 20 17 18 -11 -5 -14 22 -22 -23 -3 26 -26 -15 -2 -24
right_child=1 24 3 9 5 7 8 -9 -10 10 -12 -13 13 14 -16 -17 -18 -19 -20 -21 21 23 29 -25 25 -27 -28 -29 -30 -31
leaf_value=-0.078695022039480561 0.040074690958822622 -0.59629099707693056 -0.32040574508673675 0.39483151706998154 0.10605531724855576 0.20588814131262831 -0.00023421708748964546 -0.044050211638249057 0.4857435707915479 -2.8830634584266237 -1.6348235687000923 -0.076106210743004665 -1.7376738696153731 0.28906009399030352 -0.51821040269017737 -1.4995478687009873 0.10494099252849552 -0.52926926660629481 3.5492369405287065 -0.24040540684180117 0.91067005318732697 -1.3955117498757261 9.3951746929083786 4.9230948998933046 -0.32084235005520961 -0.55485036340551896 1.1345840956353312 5.4460753409590046 -0.11175261492650637 0.23586932965579399
leaf_weight=103310 4127 6842 20157 1827 24557 7780 19472 52073 5806 53 848 5864 93 30 66 395 1943 89 93 19411 68 184 130 36 250 1896 288 237 4277 38
leaf_count=103310 4127 6842 20157 1827 24557 7780 19472 52073 5806 53 848 5864 93 30 66 395 1943 89 93 19411 68 184 130 36 250 1896 288 237 4277 38
internal_value=-0.000381768 -0.00161765 -0.000299177 -0.000868082 -0.000161458 0.000245823 -0.000428813 -0.000133913 0.00050083 -0.000287376 0.000876855 0.00132578 0.00384226 0.00831245 0.0193243 0.00442796 0.0012213 0.0105319 0.02 -0.000844714 0.00957195 0.0123246 0.0208475 0.00318182 -0.00274687 -0.000275268 0.00503717 0.0253371 -0.000371253 0.0277381
internal_weight=282240 17680 264560 51562 212998 84410 128588 59853 25278 31405 10167 9319 3455 1277 333 944 2178 235 146 21238 549 456 236 220 9276 2434 538 267 8404 168
internal_count=282240 17680 264560 51562 212998 84410 128588 59853 25278 31405 10167 9319 3455 1277 333 944 2178 235 146 21238 549 456 236 220 9276 2434 538 267 8404 168
is_linear=0
shrinkage=0.05


Tree=99
num_leaves=31
num_cat=0
split_feature=7 14 14 13 13 15 3 8 3 3 3 14 6 0 8 14 1 3 15 14 15 8 13 14 7 14 0 8 15 8
split_gain=11.4746 9.77372 8.27263 11.5151 9.25716 8.85149 8.84231 16.3088 15.446 21.1011 15.1996 13.7769 14.7865 11.7761 9.10806 8.90937 8.84907 8.28882 8.73519 12.636 16.1408 11.2146 9.88597 9.08104 7.87221 7.67187 7.57609 7.44294 7.42218 13.196
threshold=1.502739726016894 18.962500000000002 92.041500000000028 139.13000000000002 84.485000000000014 109.94250000000001 6.5000000000000009 0.64866172261222077 4.5000000000000009 5.5000000000000009 7.5000000000000009 22.401000000000003 0.99938336059022215 1.5000000000000002 0.95191024082017772 17.971500000000002 4.5000000000000009 10.500000000000002 95.201500000000024 146.27500000000003 39.862500000000004 1.0168306545709338 252.66000000000003 212.04000000000005 0.50013865813216063 182.51100000000002 2.5000000000000004 1.3028601060400742 157.36250000000004 0.80078345812333052
decision_type=2 2 2 8 10 2 2 2 2 2 2 2 2 2 2 2 2 2 2 2 2 2 10 2 2 2 2 2 2 2
left_child=2 -2 4 -4 5 6 7 8 -1 -10 11 12 -8 14 -14 -16 -12 24 19 -19 25 22 23 -22 28 -21 -18 -7 -5 -30
right_child=1 -3 3 17 -6 27 10 -9 9 -11 16 -13 13 -15 15 -17 26 18 -20 20 21 -23 -24 -25 -26 -27 -28 -29 29 -31
leaf_value=0.067533140539162873 -0.013528728268003063 -0.5015870000539796 -0.38523739464006057 0.110355152125863 0.15288512185579195 0.4041761905300395 -0.29140241264435218 -0.020583085384260222 0.77274062297549884 0.050836835967809246 -0.13602661574471409 -0.3447917431487223 -0.11387204378636864 -0.16347172987568173 0.211732667268279 -0.0020408386892452057 -0.040466722758598805 0.29321901299630543 -0.13304858230092692 5.7011389812227131 4.357400413826169 -2.0105770160306871 0.18180396350285249 5.6829522127575469 -0.26073421243718342 -1.9919432673479052 0.27676546022763854 -0.64862647729576373 3.4466063905708375 -0.36855414226308136
leaf_weight=5350 8404 9276 17303 1450 14614 10187 4047 86505 1713 1446 19844 10149 652 2621 1960 898 47851 2171 5967 438 219 76 116 175 16968 357 10469 790 113 111
leaf_count=5350 8404 9276 17303 1450 14614 10187 4047 86505 1713 1446 19844 10149 652 2621 1960 898 47851 2171 5967 438 219 76 116 175 16968 357 10469 790 113 111
internal_value=-0.000373088 -0.00160634 -0.000290672 -0.000904453 -0.000163309 -0.000250194 -0.000328546 1.55755e-05 0.00210424 0.00487654 -0.000660518 -0.00187854 -0.0005787 0.000969661 0.00286325 0.00407977 -0.000343766 -0.000280709 0.000919738 0.00288288 0.00662201 0.0129181 0.0155882 0.0193655 -0.000893682 0.00198113 -3.34374e-05 0.001131 0.00237754 0.0108482
internal_weight=282240 17680 264560 45464 219096 204482 193505 95014 8509 3159 98491 20327 10178 6131 3510 2858 78164 28161 9519 3552 1381 586 510 394 18642 795 58320 10977 1674 224
internal_count=282240 17680 264560 45464 219096 204482 193505 95014 8509 3159 98491 20327 10178 6131 3510 2858 78164 28161 9519 3552 1381 586 510 394 18642 795 58320 10977 1674 224
is_linear=0
shrinkage=0.05


Tree=100
num_leaves=31
num_cat=0
split_feature=10 14 6 3 6 3 8 15 8 15 8 3 2 3 3 3 14 15 14 10 6 10 16 0 7 10 3 3 15 3
split_gain=11.0237 9.46775 15.4769 10.5044 9.5519 9.33707 9.96731 12.3717 9.63428 8.99257 8.29414 14.7181 9.50179 13.7926 18.2443 31.2696 12.7313 11.7707 10.6515 17.1198 8.19707 9.05368 7.96579 7.43862 9.78086 7.37414 13.2931 7.52809 8.59904 8.41776
threshold=4.4285714285714306 32.601000000000006 1.473189675291432 10.500000000000002 1.3240537565917652 3.5000000000000004 0.94007873853885204 56.091500000000011 1.4392302294256101 2.4740000000000006 0.69099317142571826 8.5000000000000018 1.0000000180025095e-35 7.5000000000000009 5.5000000000000009 4.5000000000000009 2.6110000000000002 1.7810000000000004 4.0810000000000004 -1.0714285714285707 0.52582018731698732 1.8928571428571439 -3.1539999999999995 1.5000000000000002 1.2103491747220745 -1.1571428571428579 1.5000000000000002 3.5000000000000004 81.585000000000022 4.5000000000000009
decision_type=2 2 2 2 2 2 2 2 2 2 2 2 2 2 2 2 2 2 2 2 2 2 2 2 2 2 2 2 2 2
left_child=1 3 23 5 -5 6 -1 8 9 -8 11 12 -7 14 15 -14 -15 -17 19 -18 21 -13 -12 24 25 26 -3 28 -27 -29
right_child=-2 2 -4 4 -6 10 7 -9 -10 -11 22 20 13 16 -16 17 18 -19 -20 -21 -22 -23 -24 -25 -26 27 -28 29 -30 -31
leaf_value=-0.1373329931828032 -0.13993820222414372 0.37581385571851084 -0.54686204437729591 0.082853844767782139 0.23623071146064262 -0.34151747722457321 -0.077111557101220307 -0.1197823429019676 -0.040606620443674094 0.51047133147075741 0.17167670220842912 0.082154932763587873 -0.017479417045745332 -0.1958466479219754 -0.15796046947572376 -0.16742197648105264 2.2414809191157046 0.79400931236207761 1.5763149414460307 2.0741616909943796 -0.33791834491383888 2.7591817378629693 -0.051860014917503951 -0.030803023196786163 -1.2882314352861401 -0.35752728160986641 -0.07220552210348509 0.14420382973058141 0.08951394793341555 -0.20292525685606702
leaf_weight=5578 9598 1296 8564 14174 2896 1052 972 5110 2000 7596 1248 818 2014 324 2814 204 58 1248 936 62 2386 80 84306 79360 1782 11126 4258 4628 2564 23188
leaf_count=5578 9598 1296 8564 14174 2896 1052 972 5110 2000 7596 1248 818 2014 324 2814 204 58 1248 936 62 2386 80 84306 79360 1782 11126 4258 4628 2564 23188
internal_value=-0.000359979 -0.000301349 -0.000595032 -5.74172e-06 0.00115407 -0.000172383 0.000777191 0.00142301 0.0023997 0.00312908 -0.000379294 0.000851949 0.00192723 0.00253916 0.00154458 0.00397288 0.00706522 0.00956611 0.00972538 0.02375 -0.00200061 0.00207127 -0.000551933 -0.00045756 -0.000943042 -0.000805356 0.000905652 -0.00103431 -0.00199416 -0.000561908
internal_weight=282240 272642 136766 135876 17070 118806 21256 15678 10568 8568 97550 11996 8712 7660 6280 3466 1380 1452 1056 120 3284 898 85554 128202 48842 47060 5554 41506 13690 27816
internal_count=282240 272642 136766 135876 17070 118806 21256 15678 10568 8568 97550 11996 8712 7660 6280 3466 1380 1452 1056 120 3284 898 85554 128202 48842 47060 5554 41506 13690 27816
is_linear=0
shrinkage=0.05


Tree=101
num_leaves=31
num_cat=0
split_feature=7 14 16 13 15 13 16 2 13 3 3 16 7 3 2 3 3 15 12 0 1 1 14 15 15 0 13 14 14 8
split_gain=10.8366 9.03209 8.48723 13.4722 10.2824 8.55986 14.9613 10.8642 10.7447 9.84136 12.2732 10.0492 12.0862 20.747 12.2366 10.0473 9.19741 13.0255 20.9672 36.9743 10.1496 8.04591 13.4139 7.89185 7.74464 7.56024 7.49321 7.32729 7.22698 7.17998
threshold=1.502739726016894 18.962500000000002 115.5305 158.84000000000003 132.93500000000003 1.7610000000000003 18.835700000000003 1.0000000180025095e-35 39.591500000000011 6.5000000000000009 7.5000000000000009 5.1990249999999998 0.69346328011192715 4.5000000000000009 4.5000000000000009 1.5000000000000002 5.5000000000000009 54.774000000000008 1.0000000180025095e-35 1.5000000000000002 4.5000000000000009 6.5000000000000009 121.46400000000001 71.75500000000001 58.241000000000007 1.5000000000000002 110.40100000000001 3.6815000000000002 -2.2874999999999996 0.69099317142571826
decision_type=2 2 2 8 2 10 2 2 10 2 2 2 2 2 2 2 2 2 2 2 2 2 2 2 2 2 8 2 2 2
left_child=2 26 4 -4 5 9 -7 -8 25 11 28 -1 13 15 -15 -13 27 -18 19 20 -19 22 -12 -3 -22 -9 -2 -14 -11 -25
right_child=1 23 3 -5 -6 6 7 8 -10 10 21 12 16 14 -16 -17 17 18 -20 -21 24 -23 -24 29 -26 -27 -28 -29 -30 -31
leaf_value=-0.13447265123769198 0.036550232015873256 -0.53861840607869327 -0.76872738734706969 -0.11680459776734393 0.49748991403763876 0.065216020728720722 0.16992044606266035 -0.22248660229994766 -0.0024631905292437999 0.5779977552658313 -0.22661134589625298 0.36017055485030752 0.24856140645978675 0.61061745846608317 1.0865505267642612 -0.16560184060800334 0.017811172890238928 1.189053991508547 -0.24796085683757446 0.57228421680813713 1.1984090960203375 -0.038595595113739334 5.1538876885967362 2.0159916454179085 2.1597089631514099 -0.090634939533212333 -0.10400522084491448 -0.091602590736039796 -0.34303549087591201 -0.23273954089819571
leaf_weight=8661 4127 6818 8300 15178 8546 35481 9520 13730 34795 235 17256 1104 2888 1295 447 3041 5510 52 803 1087 34 34221 127 214 104 11508 4277 38886 11751 2244
leaf_count=8661 4127 6818 8300 15178 8546 35481 9520 13730 34795 235 17256 1104 2888 1295 447 3041 5510 52 803 1087 34 34221 127 214 104 11508 4277 38886 11751 2244
internal_value=-0.000354132 -0.0015526 -0.000274041 -0.00118153 -0.000185664 -0.000248264 8.5971e-05 -0.000340245 -0.000589094 -0.000523601 -0.000963989 -8.54312e-05 0.000162801 0.00230423 0.00688289 0.000379975 -9.25788e-05 0.00150856 0.00487981 0.00886061 0.0292105 -0.000629216 -0.00150521 -0.00262829 0.0363043 -0.00137452 -0.000365303 -0.000383493 -0.00240531 -0.00019935
internal_weight=282240 17680 264560 23478 241082 232536 105034 69553 60033 127502 63590 63912 55251 5887 1742 4145 49364 7590 2080 1277 190 51604 17383 9276 138 25238 8404 41774 11986 2458
internal_count=282240 17680 264560 23478 241082 232536 105034 69553 60033 127502 63590 63912 55251 5887 1742 4145 49364 7590 2080 1277 190 51604 17383 9276 138 25238 8404 41774 11986 2458
is_linear=0
shrinkage=0.05


Tree=102
num_leaves=31
num_cat=0
split_feature=10 5 1 3 1 16 2 10 1 15 8 2 1 0 16 8 2 16 2 13 2 16 15 3 16 13 1 1 2 16
split_gain=10.3826 7.9271 9.34108 11.3545 13.156 13.1118 12.7889 18.1307 22.9498 13.5929 12.86 12.4705 10.482 10.1489 25.891 12.5842 11.2159 12.075 17.4857 8.32572 7.73684 7.68805 7.42648 7.32014 13.7915 14.6417 8.91037 7.82004 7.59752 9.73603
threshold=4.4285714285714306 1.0000000180025095e-35 6.5000000000000009 1.5000000000000002 19.500000000000004 106.7435 4.5000000000000009 -0.63571428571428545 14.500000000000002 3.0010000000000003 0.90920676890055263 1.5000000000000002 9.5000000000000018 1.5000000000000002 21.060350000000003 1.3948037491109841 2.5000000000000004 4.2537250000000011 1.5000000000000002 21.801500000000004 1.0000000180025095e-35 -3.1539999999999995 3.0010000000000003 10.500000000000002 19.128500000000003 149.85000000000002 15.500000000000002 8.5000000000000018 5.5000000000000009 1.5095000000000003
decision_type=2 2 2 2 2 2 2 2 2 2 2 2 2 2 2 2 2 2 2 10 2 2 2 2 2 8 2 2 2 2
left_child=1 2 -1 4 5 6 10 8 -8 -10 22 12 -5 16 -15 19 17 18 -12 -16 -3 -13 -4 26 -25 -26 27 -23 -28 -30
right_child=-2 20 3 11 -6 -7 7 -9 9 -11 13 21 -14 14 15 -17 -18 -19 -20 -21 -22 23 -24 24 25 -27 28 -29 29 -31
leaf_value=-0.075083217465722107 -0.13351343052732023 -0.67201878435236106 5.3190481625751129 0.49772444255703763 -0.20572750034793752 -0.18769411494261559 0.021713868337063243 -0.36540359081584861 1.5417119826140677 0.66305754667869854 -1.7768733845139744 0.24043943074234717 0.026722002006101732 2.9842890155849977 2.3896015945889206 -0.14187452256049696 0.93631938311459573 -0.48454639152380824 3.7437317405719783 1.3426479363277357 -0.096916987747848848 0.0068243172945497881 2.5783909630212505 0.34652720440647972 -0.40579538116855141 0.43778775322599239 -0.061710445636448598 -0.14029901685009816 0.44221806783850365 0.10924368974284918
leaf_weight=76170 9598 1690 36 8712 3450 2646 590 2076 66 246 36 988 40556 104 824 590 1316 1554 34 734 9814 11790 476 4734 6070 10112 37776 40140 310 9002
leaf_count=76170 9598 1690 36 8712 3450 2646 590 2076 66 246 36 988 40556 104 824 590 1316 1554 34 734 9814 11790 476 4734 6070 10112 37776 40140 310 9002
internal_value=-0.000351829 -0.00029493 -0.000238343 -4.64417e-05 0.00128299 0.00210628 0.00304538 0.000389522 0.0063082 0.0172756 0.00443198 -0.000161879 0.000508645 0.00368644 0.00621225 0.00503259 0.0017517 -0.00102833 0.0192857 0.00738768 -0.00157945 -0.000435075 0.0119922 -0.00047126 0.000378656 -0.000315784 -0.000650792 -0.00110245 -0.000152694 0.0011265
internal_weight=282240 272642 261138 184968 14778 11328 8682 2978 902 312 5704 170190 49268 5192 2252 2148 2940 1624 70 1558 11504 120922 512 119934 20916 16182 99018 51930 47088 9312
internal_count=282240 272642 261138 184968 14778 11328 8682 2978 902 312 5704 170190 49268 5192 2252 2148 2940 1624 70 1558 11504 120922 512 119934 20916 16182 99018 51930 47088 9312
is_linear=0
shrinkage=0.05


Tree=103
num_leaves=31
num_cat=0
split_feature=10 14 13 8 13 6 16 3 16 3 3 16 13 13 8 16 13 6 8 7 6 13 10 3 13 14 16 14 3 3
split_gain=9.91681 8.92268 14.1133 10.5647 9.47362 10.3259 15.9032 8.55946 8.04202 9.01872 10.8038 8.63133 7.83959 7.06059 6.39009 6.38257 10.8815 8.35192 10.7101 6.39062 6.35856 12.079 6.17711 6.2464 15.3158 14.2397 9.35656 9.239 7.47607 9.08125
threshold=4.1392857142857151 32.601000000000006 11.532500000000001 1.3948037491109841 -1.0000000180025095e-35 1.3240537565917652 -1.0000000180025095e-35 1.5000000000000002 5.6842500000000005 6.5000000000000009 7.5000000000000009 25.026250000000001 3.8160000000000003 20.303500000000003 1.2413805778006395 5.0282500000000008 22.641000000000002 1.1505216241342457 0.93594573270719039 1.0042859353365239 1.3731534971766692 -6.004999999999999 -1.6928571428571422 11.500000000000002 252.66000000000003 112.08900000000001 113.551275 230.19650000000004 8.5000000000000018 6.5000000000000009
decision_type=2 2 8 2 10 2 2 2 2 2 2 2 10 10 2 2 8 2 2 2 2 10 2 2 8 2 2 2 2 2
left_child=1 4 -3 22 8 -6 12 -5 20 14 -11 -12 -7 -8 -10 16 17 -2 -19 -17 -1 -22 -4 27 -25 -26 -27 28 29 -24
right_child=15 2 3 7 5 6 13 -9 9 10 11 -13 -14 -15 -16 19 -18 18 -20 -21 21 -23 23 24 25 26 -28 -29 -30 -31
leaf_value=-0.18706913119207103 0.035404783625380458 -0.51460335125279844 0.093433924229893217 0.074379595879375787 0.020107070492230115 0.19585990847862697 0.020466249536504708 -0.53832551295450803 0.16462737006285588 -0.35098943301610092 -0.11023578152842949 0.48516658933713092 0.31244046547052734 0.39121073221638936 -0.19959857330622191 -0.10263888111270214 -0.14306499617058746 0.23791996945504237 0.039401222883109155 -0.2263318897227686 -0.018441978839962157 0.10719825585969847 -0.034911680411908737 -0.85298079042180397 -0.9354962916638998 4.7964260123407199 0.43928595453607866 -4.6854864199104647 0.21443787406919346 -0.3055899525792114
leaf_weight=17919 449 8624 12468 1835 54953 107 5124 6696 18293 5612 19675 5363 88 2206 2347 3264 1158 166 237 5918 2798 423 61187 4601 2890 206 4497 1295 20866 10975
leaf_count=17919 449 8624 12468 1835 54953 107 5124 6696 18293 5612 19675 5363 88 2206 2347 3264 1158 166 237 5918 2798 423 61187 4601 2890 206 4497 1295 20866 10975
internal_value=-0.000347223 -0.000286998 -0.000572574 -0.000440181 1.1848e-06 0.000452318 0.00218937 -0.00213984 -0.000387962 -4.97185e-05 -0.000593802 -0.000149374 0.0162821 0.00181446 0.000758235 -0.00180576 0.000746267 0.00503521 0.0102605 -0.00236441 -0.00120861 0.000836695 -0.000318319 -0.000441574 -0.00150648 -0.000127092 0.00157027 -0.000303904 -0.000245519 -0.000486545
internal_weight=282240 271048 136140 127516 134908 62478 7525 8531 72430 51290 30650 25038 195 7330 20640 11192 2010 852 403 9182 21140 3221 118985 106517 12194 7593 4703 94323 93028 72162
internal_count=282240 271048 136140 127516 134908 62478 7525 8531 72430 51290 30650 25038 195 7330 20640 11192 2010 852 403 9182 21140 3221 118985 106517 12194 7593 4703 94323 93028 72162
is_linear=0
shrinkage=0.05


Tree=104
num_leaves=31
num_cat=0
split_feature=7 16 8 16 13 15 0 13 15 1 2 14 7 6 10 8 2 14 6 2 14 13 2 13 7 16 13 13 10 14
split_gain=9.85052 8.53063 7.9662 7.77898 11.943 9.19377 9.0809 8.98873 10.6729 8.21883 7.8098 7.7394 10.5997 8.72184 8.67092 9.09641 8.17474 7.55082 7.58927 7.48684 7.22902 9.19766 7.17199 6.91053 6.76154 6.63272 6.44918 6.69137 6.41862 6.32345
threshold=1.584769099722819 4.112750000000001 1.7804483559979489 130.07387500000002 282.17000000000007 441.51000000000005 2.5000000000000004 27.473500000000005 44.315000000000005 16.500000000000004 2.5000000000000004 32.601000000000006 1.1634246460465347 1.3240537565917652 -3.3642857142857121 1.0609824152600662 1.5000000000000002 62.934000000000005 1.3589213340883917 4.5000000000000009 5.7815000000000012 6.7625000000000002 1.0000000180025095e-35 8.1890000000000018 1.0278388258810482 -1.0000000180025095e-35 35.333500000000008 -0.028999999999999995 2.7428571428571451 37.242500000000007
decision_type=2 2 2 2 8 2 2 10 2 2 2 2 2 2 2 2 2 2 2 2 2 8 2 8 2 2 8 10 2 2
left_child=2 28 3 6 -5 -6 7 11 17 19 22 13 14 24 15 -13 -17 18 -9 26 21 25 -7 -16 -1 -15 27 -8 -2 -20
right_child=1 -3 -4 4 5 10 9 8 -10 -11 -12 12 -14 20 23 16 -18 -19 29 -21 -22 -23 -24 -25 -26 -27 -28 -29 -30 -31
leaf_value=-0.027083600761483691 -0.0058168896526660553 -0.14441558832162882 -0.21390673206495603 -1.0595783935553487 -0.23507275784598605 -8.8927615362191332 -0.40641751835072121 0.12708858618116189 -0.06241165416423114 0.26213990383578362 -1.7263984063392357 -0.18511072874516216 -0.75054441464404986 0.16368621190293609 -0.49884230167049037 -0.050710554639246147 0.58180227715538313 -0.062239407377210391 0.71255673055287838 -0.19484468255195495 -0.011747457764592822 0.079095995765858976 3.4686500738738832 -0.16222981908289075 -0.13380641349419428 0.085429659368496447 0.011765061984997447 0.48197675699246373 0.23873511541630732 -0.25518626624935786
leaf_weight=70621 1478 11632 2992 7337 9105 72 727 17447 22562 16026 244 1468 5160 138 3513 413 761 5618 712 13048 5050 3370 368 39211 12209 1511 23888 4959 402 198
leaf_count=70621 1478 11632 2992 7337 9105 72 727 17447 22562 16026 244 1468 5160 138 3513 413 761 5618 712 13048 5050 3370 368 39211 12209 1511 23888 4959 402 198
internal_value=-0.00034492 -0.00166223 -0.000278684 -0.000249798 -0.00128051 -0.0001374 -0.000178795 -0.000346702 0.000257106 0.000365058 0.00545322 -0.000542619 -0.00104065 -0.000271748 -0.000796413 0.00198334 0.00526405 0.000991657 0.00148254 2.11039e-06 0.00111779 0.00246164 0.00943182 -0.000968309 -0.000440663 0.00552153 0.000442279 0.00195568 0.00146276 0.00593406
internal_weight=282240 13512 268728 265736 17126 9789 248610 189962 46537 58648 684 143425 50526 92899 45366 2642 1174 23975 18357 42622 10069 5019 440 42724 82830 1649 29574 5686 1880 910
internal_count=282240 13512 268728 265736 17126 9789 248610 189962 46537 58648 684 143425 50526 92899 45366 2642 1174 23975 18357 42622 10069 5019 440 42724 82830 1649 29574 5686 1880 910
is_linear=0
shrinkage=0.05


Tree=105
num_leaves=31
num_cat=0
split_feature=10 14 13 0 12 8 14 13 15 13 3 12 3 8 3 2 15 16 15 3 3 12 14 14 2 15 2 14 16 14
split_gain=9.78921 12.6617 6.19512 6.01378 7.56794 8.51868 7.03605 8.90447 9.52462 8.51776 7.36942 9.39112 7.87775 9.74202 26.3552 7.83223 7.89769 7.76041 7.84838 17.2482 19.0937 21.0655 15.8632 10.3547 8.36695 9.56924 7.24417 7.15714 11.5362 6.76194
threshold=2.0500000000000003 10.021500000000001 110.40100000000001 2.5000000000000004 0.57375000000000009 0.85759118537787538 60.595000000000006 13.825000000000001 14.501000000000003 38.615000000000002 4.5000000000000009 0.7037500000000001 9.5000000000000018 0.82849285829752273 5.5000000000000009 5.5000000000000009 29.125000000000004 -3.1539999999999995 48.13150000000001 5.5000000000000009 6.5000000000000009 1.0000000180025095e-35 40.587500000000013 32.601000000000006 3.5000000000000004 60.755000000000003 1.5000000000000002 3.7960000000000007 3.1982500000000003 1.0225000000000002
decision_type=2 2 8 2 2 2 2 10 2 8 2 2 2 2 2 2 2 2 2 2 2 2 2 2 2 2 2 2 2 2
left_child=3 2 -2 6 5 -5 7 10 -9 -8 11 27 13 14 15 -12 -17 -15 -19 -20 21 22 24 -22 -21 -26 -24 28 -1 -30
right_child=1 -3 -4 4 -6 -7 9 8 -10 -11 12 -13 -14 17 -16 16 -18 18 19 20 23 -23 26 -25 25 -27 -28 -29 29 -31
leaf_value=-0.051927309004222724 0.059965493017173126 -0.26736321304649779 -0.098923952159524889 0.30891827110696701 -0.23580480800545109 0.01811657967822794 -0.53416802178774025 0.1441583976967859 -0.0065611117300454595 -0.12379496756951547 0.66717889349007675 -0.2453821450188666 0.011871918085789966 0.14684739208765893 -0.10121068266072641 0.46116662098695027 0.97282974606940609 -0.13698083280552639 -0.39199555935548602 -0.30842097556731463 0.5117662465512226 -0.01284893109910141 0.76199521940612291 -0.5666204018945582 0.77923349965260769 1.095405899804186 2.0842023072614202 0.024890355578221918 0.57268883078281074 0.37409482048964837
leaf_weight=1624 5595 20364 5903 9706 6638 49008 6979 11824 30258 39793 1000 1847 21334 659 6704 169 103 36084 2521 118 1601 323 32 1259 49 65 158 18205 763 1554
leaf_count=1624 5595 20364 5903 9706 6638 49008 6979 11824 30258 39793 1000 1847 21334 659 6704 169 103 36084 2521 118 1601 323 32 1259 49 65 158 18205 763 1554
internal_value=-0.000339251 -0.00116471 0.000161766 -0.000234207 0.000178111 0.000359027 -0.00037984 -0.000200502 0.000406111 -0.000909947 -0.000465937 0.000293209 -0.000718285 -0.00105664 0.000547892 0.00714623 0.0146691 -0.00135518 -0.00143923 0.000215474 0.00243412 0.00956376 0.0169194 0.000576922 0.00814655 0.017807 0.0276316 0.000578884 0.00251078 0.00477557
internal_weight=282240 31862 11498 250378 65352 58714 185026 138254 42082 46772 96172 23993 72179 50845 7976 1272 272 42869 42210 6126 3605 745 422 2860 232 114 190 22146 3941 2317
internal_count=282240 31862 11498 250378 65352 58714 185026 138254 42082 46772 96172 23993 72179 50845 7976 1272 272 42869 42210 6126 3605 745 422 2860 232 114 190 22146 3941 2317
is_linear=0
shrinkage=0.05


Tree=106
num_leaves=31
num_cat=0
split_feature=7 16 1 1 7 2 0 1 1 16 6 10 8 12 10 16 12 5 3 10 12 8 16 7 3 16 0 16 6 2
split_gain=9.03748 7.84866 7.72321 9.9306 10.7585 9.95856 9.68764 9.38142 16.1987 10.0157 12.3301 8.65958 13.8599 8.0454 7.47405 7.46193 7.4543 6.9171 7.81292 8.21903 7.62112 10.127 9.33191 8.07097 7.57295 6.92395 6.70354 6.48772 6.99082 7.48566
threshold=1.5506200909794137 21.820250000000001 22.500000000000004 15.500000000000002 0.68878972166184183 4.5000000000000009 1.5000000000000002 6.5000000000000009 9.5000000000000018 31.660375000000002 1.334151823421023 -9.1607142857142829 1.5510091937231305 0.37625000000000003 1.02857142857143 59.231000000000002 0.33875000000000005 1.0000000180025095e-35 4.5000000000000009 -8.2607142857142843 0.17875000000000002 0.79718805139296023 59.231000000000002 0.74719188507604917 3.5000000000000004 63.841000000000008 1.5000000000000002 1.5095000000000003 1.080100550108539 5.5000000000000009
decision_type=2 2 2 2 2 2 2 2 2 2 2 2 2 2 2 2 2 2 2 2 2 2 2 2 2 2 2 2 2 2
left_child=2 -2 3 5 -5 7 11 14 17 10 -10 12 -6 27 -1 16 -7 18 20 25 21 -9 23 -23 -25 -20 -3 28 29 -13
right_child=1 26 -4 4 6 15 -8 8 9 -11 -12 13 -14 -15 -16 -17 -18 -19 19 -21 -22 22 -24 24 -26 -27 -28 -29 -30 -31
leaf_value=-0.04189744563465489 -0.012918125513079354 -0.74196068991324626 -0.18294419819071928 0.32845885075639364 0.4156696157483219 -0.041656633962447343 0.14249969000567536 2.1513949427057351 0.007925831074398702 -0.19601308514252683 0.32626584651809204 -0.14929519647461237 1.3015726791525162 0.19632774353867355 -0.2127426818316816 -0.32159399107617864 -0.17061503640965789 -0.50637279999879592 6.2112765828104637 0.16661882727684024 -0.22264157201322804 1.6874060030505689 0.23102998087851689 0.43736724868125265 1.872302563609155 -0.55312644470444394 -0.33495368859924129 -0.1067209131911626 0.63619114187391212 0.23500448484188505
leaf_weight=47466 7296 2246 11272 8840 152 35866 34704 722 17358 27224 2370 444 36 3546 8542 8478 6480 848 52 15416 1092 104 3704 1518 348 36 5554 30228 174 124
leaf_count=47466 7296 2246 11272 8840 152 35866 34704 722 17358 27224 2370 444 36 3546 8542 8478 6480 848 52 15416 1092 104 3704 1518 348 36 5554 30228 174 124
internal_value=-0.000335354 -0.00152557 -0.000268096 -0.00021167 0.000257641 -0.000418413 4.84082e-05 -0.000181389 0.000201151 -0.000337793 0.000520072 -0.000542302 0.0101596 -0.000600592 -0.000664906 -0.00100976 -0.000738678 0.00126258 0.00142615 0.000785603 0.0027524 0.00341151 0.0027018 0.00548223 0.00472669 0.0160227 -0.00262821 -0.000858897 0.00376011 0.00107394
internal_weight=282240 15096 267144 255872 78248 177624 69408 126800 70792 46952 19728 34704 188 34516 56008 50824 42346 23840 22992 15504 7488 6396 5674 1970 1866 88 7800 30970 742 568
internal_count=282240 15096 267144 255872 78248 177624 69408 126800 70792 46952 19728 34704 188 34516 56008 50824 42346 23840 22992 15504 7488 6396 5674 1970 1866 88 7800 30970 742 568
is_linear=0
shrinkage=0.05


Tree=107
num_leaves=31
num_cat=0
split_feature=10 14 8 0 7 13 14 8 10 7 10 13 14 6 14 15 0 14 6 14 15 15 12 14 2 14 13 1 13 8
split_gain=9.02546 7.6168 13.0248 9.9522 12.6988 9.02304 9.48816 8.97712 8.22811 9.01996 8.04113 7.23361 7.00689 6.84937 9.08681 6.20712 6.32316 7.30205 6.27298 6.15297 5.80507 7.96473 9.01913 5.90076 7.62492 11.5431 8.77498 6.9733 6.45246 5.35106
threshold=4.4285714285714306 32.601000000000006 1.2909182634980512 1.5000000000000002 1.2103491747220745 -1.0000000180025095e-35 6.9750000000000005 1.0609824152600662 -1.4928571428571409 0.51135460672690292 -3.6714285714285686 26.362500000000001 95.33750000000002 1.3160927690400728 -0.99899999999999989 1.2410000000000003 1.5000000000000002 -0.99899999999999989 1.2302529009708296 133.79850000000002 44.315000000000005 34.735000000000007 0.14125000000000001 73.515000000000015 2.5000000000000004 38.721000000000011 71.342500000000015 6.5000000000000009 130.73500000000004 0.69931304696121943
decision_type=2 2 2 2 2 10 2 2 2 2 2 8 2 2 2 2 2 2 2 2 2 2 2 2 2 2 10 2 10 2
left_child=1 5 3 4 7 15 13 11 19 -10 12 -3 -9 -7 -15 -1 17 18 -17 -4 21 22 -13 24 25 -23 27 -27 -26 -18
right_child=-2 2 8 -5 -6 6 -8 10 9 -11 -12 20 -14 14 -16 16 29 -19 -20 -21 -22 23 -24 -25 28 26 -28 -29 -30 -31
leaf_value=-0.14598936656470038 -0.11855214630011168 -0.34395853619921041 0.050704797440690043 -0.0048424590559430544 -1.2117651464840353 0.062393193198570999 -0.0071264114867833576 0.603143279014279 0.30627607511329158 -0.60917290262762391 0.01160582526461019 -0.13208417508855597 0.14689285806208538 0.21458840165444248 0.094271664796402199 0.10809450970536227 0.43359446909147004 -0.082852192764158061 0.39039155913450707 -0.84673592243216711 -0.24156764823360988 -0.42213887790415755 0.49412034393482662 -0.16170584811374272 0.040239113663433912 0.12679817699116422 1.0437569280966679 1.7221709616041165 4.3431373098280615 0.040546068076398073
leaf_weight=10190 9598 5056 3672 76140 2436 22958 35934 342 456 8720 1446 11642 424 265 3782 1179 2611 37005 243 826 20080 329 1099 1218 1728 351 104 652 45 21709
leaf_count=10190 9598 5056 3672 76140 2436 22958 35934 342 456 8720 1446 11642 424 265 3782 1179 2611 37005 243 826 20080 329 1099 1218 1728 351 104 652 45 21709
internal_value=-0.000330925 -0.000277875 -0.000541291 -0.000378661 -0.000951185 -1.27334e-05 0.000425887 -0.000758829 -0.00200527 -0.00286399 0.00234629 -0.000921191 0.00648825 0.00113405 0.00303064 -0.000391229 -0.00020535 -0.000604654 0.00291139 -0.000253447 -0.000680306 -5.2435e-06 -0.000640061 0.00182177 0.0029464 0.00565459 0.00809846 0.006665 0.00075296 0.000425574
internal_weight=282240 272642 136766 123092 46952 135876 62939 44516 13674 9176 2212 42304 766 27005 4047 72937 62747 38427 1422 4498 37248 17168 12741 4427 3209 1436 1107 1003 1773 24320
internal_count=282240 272642 136766 123092 46952 135876 62939 44516 13674 9176 2212 42304 766 27005 4047 72937 62747 38427 1422 4498 37248 17168 12741 4427 3209 1436 1107 1003 1773 24320
is_linear=0
shrinkage=0.05


Tree=108
num_leaves=31
num_cat=0
split_feature=10 16 8 0 0 13 3 12 8 7 3 1 1 5 7 12 2 13 14 14 2 1 3 13 14 14 3 16 3 13
split_gain=8.71188 11.2318 11.6288 8.28704 7.00349 6.59517 8.27707 6.1689 6.35664 7.83695 7.6479 6.13342 8.09961 9.27101 8.92188 13.2411 12.1471 9.36591 13.6583 8.48408 10.0882 7.45724 6.68153 14.3996 9.43736 7.40361 8.2248 12.181 11.0491 10.7321
threshold=1.3928571428571437 31.254750000000005 1.1366788154922183 1.5000000000000002 2.5000000000000004 3.4090000000000003 4.5000000000000009 0.73375000000000012 0.88496692339787264 1.0945425666388964 2.5000000000000004 20.500000000000004 6.5000000000000009 1.0000000180025095e-35 0.72574888081930544 0.89375000000000016 1.0000000180025095e-35 86.535000000000011 146.27500000000003 154.36050000000003 4.5000000000000009 16.500000000000004 10.500000000000002 153.71500000000003 19.271500000000003 88.924000000000021 2.5000000000000004 25.026250000000001 1.5000000000000002 64.911000000000016
decision_type=2 2 2 2 2 10 2 2 2 2 2 2 2 2 2 2 2 10 2 2 2 2 2 8 2 2 2 2 2 10
left_child=4 5 3 -3 11 6 -2 8 9 -6 -11 12 -1 14 15 19 17 -16 -19 20 -14 -22 25 24 -24 26 27 28 -18 -30
right_child=1 2 -4 -5 7 -7 -8 -9 -10 10 -12 -13 13 -15 16 -17 22 18 -20 -21 21 -23 23 -25 -26 -27 -28 -29 29 -31
leaf_value=-0.070164887492344868 -0.20450110322548368 -0.74149930015477838 -0.72271087890194108 0.008690544782747776 0.11221302399230665 0.055216386988232252 -0.0088967835629175287 -0.23944642762102847 0.030161048337178621 1.8206204495534781 0.55861247004309533 -0.133856931828189 0.66352933178813611 -0.20380149875266365 0.19493129708703388 -0.45452187039807224 0.35225556581199424 1.8512645726768362 -0.79913899327444249 -0.87201969533019941 -0.3053567510797045 0.57225420509848046 0.19882131275454648 1.1282956537618529 -0.45816778860352292 -0.38974021981691087 -0.045883452625049989 0.055123080633985924 0.72918041818077706 -0.29901092083190883
leaf_weight=51726 5220 2992 7470 7368 7414 9245 10115 5034 47586 314 2226 22350 6226 4488 12109 1454 704 343 238 532 1592 864 1074 7308 3506 7242 48454 6598 345 103
leaf_count=51726 5220 2992 7470 7368 7414 9245 10115 5034 47586 314 2226 22350 6226 4488 12109 1454 704 343 238 532 1592 864 1074 7308 3506 7242 48454 6598 345 103
internal_value=-0.000327382 -0.000987976 -0.00194336 -0.000859075 -0.000210567 -0.000294956 -0.000930878 0.00024419 0.000391031 0.00154008 0.00393701 -0.000371103 -0.000259384 -3.39332e-06 9.76764e-05 0.00146325 -6.78236e-05 0.00136328 0.00756454 0.00216301 0.00253858 -0.000175083 -0.000308892 0.000778936 -0.00141922 -0.000512721 -0.00031884 0.00119355 0.0059375 0.0120759
internal_weight=282240 42410 17830 10360 239830 24580 15335 62574 57540 9954 2540 177256 154906 103180 98692 10668 88024 12690 581 9214 8682 2456 75334 11888 4580 63446 56204 7750 1152 448
internal_count=282240 42410 17830 10360 239830 24580 15335 62574 57540 9954 2540 177256 154906 103180 98692 10668 88024 12690 581 9214 8682 2456 75334 11888 4580 63446 56204 7750 1152 448
is_linear=0
shrinkage=0.05


Tree=109
num_leaves=31
num_cat=0
split_feature=7 16 16 17 3 15 15 14 15 6 14 2 2 15 3 15 3 15 8 3 14 16 6 3 3 16 6 0 2 15
split_gain=8.51995 7.91423 7.81265 9.32288 8.58697 16.1527 13.6552 12.3222 9.71922 12.1048 10.303 10.8314 9.89881 7.17952 9.48205 7.10805 6.76192 9.84767 7.95916 8.35791 10.5679 22.2227 17.2796 9.26778 11.9547 11.8809 18.7763 12.179 11.1026 21.4457
threshold=1.584769099722819 3.8072500000000002 130.07387500000002 54.000000000000007 10.500000000000002 101.55500000000002 337.19400000000002 212.04000000000005 27.615000000000006 1.0095795620477201 166.36000000000004 5.5000000000000009 1.0000000180025095e-35 36.902500000000011 11.500000000000002 132.93500000000003 11.500000000000002 -0.81499999999999984 1.7566616291275821 10.500000000000002 2.0515000000000003 3.8072500000000002 0.99938336059022215 6.5000000000000009 7.5000000000000009 20.372250000000005 0.99938336059022215 1.5000000000000002 2.5000000000000004 4.9925000000000006
decision_type=2 2 2 2 2 2 2 2 2 2 2 2 2 2 2 2 2 2 2 2 2 2 2 2 2 2 2 2 2 2
left_child=2 -2 15 -4 6 8 -5 -8 -6 10 -10 12 -12 14 -14 16 18 -18 19 23 21 -21 -23 -1 25 26 -25 -28 29 -26
right_child=1 -3 3 4 5 -7 7 -9 9 -11 11 -13 13 -15 -16 -17 17 -19 -20 20 -22 22 -24 24 28 -27 27 -29 -30 -31
leaf_value=0.0045502488615917691 0.038685162036228286 -0.1252475012074783 -0.87101060591201507 -0.7012336183939234 -0.34423180776580298 -0.023987778906276777 4.446228836613022 -6.9740202988099602 0.36750837882857962 -2.8310877611478937 0.4444626912157239 -0.28866276580235278 8.3863070374598259 5.764967603649346 -5.3613517025984976 0.34866688597866557 0.38624382967174375 -0.14623481625605003 -0.20271684390572436 0.093775767697614532 0.12605065430309567 -0.59778692815071677 2.0927637291438819 -0.26304286709709701 -0.2181230832937455 -0.27057603832771038 0.13255923487182308 -0.10282510635500937 -0.090775590663839251 0.30877467128455427
leaf_weight=120596 1742 11770 8624 4569 203 3014 140 92 112 98 63 63 30 192 48 10516 120 13096 2890 1264 18002 92 280 3842 6124 13370 2958 2026 36778 19526
leaf_count=120596 1742 11770 8624 4569 203 3014 140 92 112 98 63 63 30 192 48 10516 120 13096 2890 1264 18002 92 280 3842 6124 13370 2958 2026 36778 19526
internal_value=-0.000318702 -0.00154381 -0.000257101 -0.00128653 -0.000124074 0.001644 -0.00153197 0.0103017 0.00791718 0.0110891 0.0141929 0.0179798 0.0215766 0.0257407 0.0129487 -0.000186497 -0.000242029 -0.00134156 -0.000178224 -0.000144715 0.000840716 0.00468826 0.0154301 -0.000239013 -0.000640127 -0.00163678 -0.000213008 0.0018118 -0.00028577 0.000512669
internal_weight=282240 13512 268728 17248 8624 3823 4801 232 809 606 508 396 333 270 78 251480 240964 13216 227748 224858 19638 1636 372 205220 84624 22196 8826 4984 62428 25650
internal_count=282240 13512 268728 17248 8624 3823 4801 232 809 606 508 396 333 270 78 251480 240964 13216 227748 224858 19638 1636 372 205220 84624 22196 8826 4984 62428 25650
is_linear=0
shrinkage=0.05


Tree=110
num_leaves=31
num_cat=0
split_feature=10 16 13 3 13 2 16 1 1 16 6 15 10 16 0 2 7 16 13 2 16 2 1 15 15 5 15 2 3 2
split_gain=8.31413 7.00349 11.3779 8.8764 10.2806 14.4851 13.8165 13.5835 13.2078 9.88014 11.5636 11.434 14.8443 11.5467 9.30454 8.31811 13.0486 11.4107 8.26397 8.99553 7.98698 7.84314 7.37907 12.411 12.3434 6.84629 7.55345 9.43046 6.91148 14.81
threshold=4.4285714285714306 115.5305 158.84000000000003 2.5000000000000004 0.041500000000000002 1.0000000180025095e-35 18.518625000000004 5.5000000000000009 16.500000000000004 24.34215 0.7537005477821298 78.135000000000005 -1.0000000180025095e-35 79.786524999999997 1.5000000000000002 2.5000000000000004 1.310081621192966 59.899250000000002 60.279000000000003 5.5000000000000009 1.0797500000000002 4.5000000000000009 13.500000000000002 37.921000000000006 2.6215000000000006 1.0000000180025095e-35 157.36250000000004 3.5000000000000004 11.500000000000002 5.5000000000000009
decision_type=2 2 8 2 10 2 2 2 2 2 2 2 2 2 2 2 2 2 10 2 2 2 2 2 2 2 2 2 2 2
left_child=1 3 -3 9 25 7 -7 20 -9 10 -1 12 13 15 -14 -11 22 21 19 -8 -6 -18 23 -17 -24 26 -5 -28 -29 -30
right_child=-2 2 -4 4 5 6 18 8 -10 11 -12 -13 14 -15 -16 16 17 -19 -20 -21 -22 -23 24 -25 -26 -27 27 28 29 -31
leaf_value=-0.33481398458898393 -0.10927366882678619 -0.67986591885438807 -0.093645315675321819 -0.085333716374420832 0.3118231163911615 0.035022534194786258 -0.1843712115105042 0.5006625604883721 0.053480697586347173 0.096411077845683354 0.39193875970540815 0.19740932443902015 -0.32911846382674814 -0.15735108126402009 0.012058140938238399 -0.14713891472374563 2.0395809614685123 -0.28055514883491139 0.017713488772037964 0.078313253870416225 -0.11243556891161491 2.6073300999756195 1.0439663894905908 0.3833117102729921 0.71497625865548053 -0.33253957093924114 0.23476987210855149 1.4254269910935413 0.47954473004018966 3.019620161373993
leaf_weight=1500 9598 8503 15457 107192 130 32340 28613 5382 3885 600 4948 11170 8428 1104 7674 400 34 32 19409 5506 3390 68 76 252 218 4873 1010 332 68 48
leaf_count=1500 9598 8503 15457 107192 130 32340 28613 5382 3885 600 4948 11170 8428 1104 7674 400 34 32 19409 5506 3390 68 76 252 218 4873 1010 332 68 48
internal_value=-0.000313387 -0.00026247 -0.00107888 -0.00018381 -0.000307715 6.56316e-05 -0.000168166 0.00163564 0.00264001 0.000536378 0.00231234 0.000155375 -0.000594622 0.00277658 -0.00117749 0.0053869 0.00800926 0.0226119 -0.00066115 -0.00112972 -0.00100852 0.0307843 0.0059408 0.00297546 0.012517 -0.000632164 -0.000549932 0.00302469 0.0090625 0.019569
internal_weight=282240 272642 23960 248682 212178 98655 85868 12787 9267 36504 6448 30056 18886 2784 16102 1680 1080 134 53528 34119 3520 102 946 652 294 113523 108650 1458 448 116
internal_count=282240 272642 23960 248682 212178 98655 85868 12787 9267 36504 6448 30056 18886 2784 16102 1680 1080 134 53528 34119 3520 102 946 652 294 113523 108650 1458 448 116
is_linear=0
shrinkage=0.05


Tree=111
num_leaves=31
num_cat=0
split_feature=10 16 8 0 0 13 14 13 13 16 7 13 6 8 15 7 10 16 12 8 6 7 8 0 15 2 16 14 15 16
split_gain=7.9973 10.9577 11.5047 8.30912 6.44264 6.26355 5.89604 7.65235 7.5975 7.64896 6.67364 6.24074 6.13909 7.61774 6.148 5.85453 6.07012 9.04141 5.79286 7.17599 6.97864 6.74078 5.60865 5.58509 5.26125 5.11482 6.17894 6.43907 5.49169 5.30799
threshold=1.3928571428571437 31.254750000000005 1.1366788154922183 1.5000000000000002 2.5000000000000004 112.08250000000001 59.985000000000007 38.125000000000007 1.5825000000000002 17.223749999999999 2.3646020039433977 27.473500000000005 1.2770880512574194 1.5510091937231305 18.952500000000004 1.2316304240647085 -0.37142857142857127 90.3185 0.50875000000000015 0.88496692339787264 1.0156014628618566 1.0606785874194045 1.2069071036664789 1.5000000000000002 58.241000000000007 4.5000000000000009 10.093175 -0.15899999999999997 6.1650000000000009 15.22775
decision_type=2 2 2 2 2 8 2 8 10 2 2 10 2 2 2 2 2 2 2 2 2 2 2 2 2 2 2 2 2 2
left_child=4 5 3 -3 6 -2 8 23 -1 12 11 -11 -10 -14 -15 16 17 -9 19 21 -20 -6 -22 -8 -13 26 27 -21 -27 -30
right_child=1 2 -4 -5 18 -7 7 15 9 10 -12 24 13 14 -16 -17 -18 -19 20 25 22 -23 -24 -25 -26 28 -28 -29 29 -31
leaf_value=-0.058898711844855817 0.032604419489212381 -0.69737063679837119 -0.67890423678326939 0.011683341151789338 0.13883350752976609 -0.10805995486918887 -0.70843437875344106 0.24696081179489282 0.04312202180988476 -0.10038351537306994 1.0289408569699752 0.078721050168339746 0.080902949767943516 0.28744813374007966 -0.023214322381124562 -0.62099982892320604 -0.16718400339097789 -0.098385631698216555 -0.46474170062653486 -0.43114710178665866 0.4321398058193 0.74038290795597006 -0.14380916603855856 -0.15433355239697041 -0.097632271050381178 -0.39747450576423909 0.064839684823292859 0.71587911328199183 0.4591306014369444 -0.15279111715164698
leaf_weight=73312 11983 2992 7470 7368 6646 12597 4066 3530 21274 12286 30 13837 2543 344 109 2313 28688 4688 3580 524 1012 2652 1978 2627 7609 2858 30656 1554 1798 9316
leaf_count=73312 11983 2992 7470 7368 6646 12597 4066 3530 21274 12286 30 13837 2543 344 109 2313 28688 4688 3580 524 1012 2652 1978 2627 7609 2858 30656 1554 1798 9316
internal_value=-0.000307895 -0.000940817 -0.00188447 -0.000805986 -0.000195973 -0.000256307 -0.000349947 -0.000837691 -0.000179454 0.000247965 -0.000238731 -0.000259695 0.000925009 0.00304406 0.00901766 -0.000571025 -0.00041809 0.000779994 0.000240194 0.00040497 -0.00116438 0.00167348 0.000618728 -0.00240027 0.000255058 0.000152442 0.000494286 0.00313282 -0.000648441 -0.000145763
internal_weight=282240 42410 17830 10360 239830 24580 177256 45912 131344 58032 33762 33732 24270 2996 453 39219 36906 8218 62574 56004 6570 9298 2990 6693 21446 46706 32734 2078 13972 11114
internal_count=282240 42410 17830 10360 239830 24580 177256 45912 131344 58032 33762 33732 24270 2996 453 39219 36906 8218 62574 56004 6570 9298 2990 6693 21446 46706 32734 2078 13972 11114
is_linear=0
shrinkage=0.05


Tree=112
num_leaves=31
num_cat=0
split_feature=7 16 8 14 13 3 10 15 10 4 15 14 13 15 3 15 13 14 0 15 8 6 15 13 16 10 8 10 14 3
split_gain=8.05438 8.89365 7.69563 7.18964 8.74123 11.556 10.4787 10.6347 13.6228 16.8498 20.4447 20.1614 12.8377 14.0872 12.2815 12.1225 8.29291 9.56088 8.17807 10.2201 7.4154 6.94456 6.79799 6.79325 6.64635 6.59001 7.08267 6.21928 6.1797 6.14471
threshold=1.6294729635636733 3.8072500000000002 1.8461972023374515 92.041500000000028 316.99500000000006 10.500000000000002 1.0000000180025095e-35 90.711500000000015 -1.0000000180025095e-35 1.0000000180025095e-35 5.9615000000000009 146.27500000000003 316.99500000000006 56.091500000000011 11.500000000000002 25.712500000000002 0.56900000000000006 7.2410000000000005 1.5000000000000002 88.835000000000022 0.78969216486271387 1.1505216241342457 4.1015000000000006 28.234000000000005 179.13925000000003 2.7428571428571451 1.6917612474432648 -3.0285714285714267 104.61900000000001 11.500000000000002
decision_type=2 2 2 2 8 2 2 2 2 2 2 2 10 2 2 2 10 2 2 2 2 2 2 10 2 2 2 2 2 2
left_child=2 25 3 16 24 -6 7 8 -7 10 -10 15 13 14 -13 28 18 21 -1 22 27 -18 -20 -19 -5 26 -2 -9 -12 -24
right_child=1 -3 -4 4 5 6 -8 20 9 -11 11 12 -14 -15 -16 -17 17 23 19 -21 -22 -23 29 -25 -26 -27 -28 -29 -30 -31
leaf_value=-0.09187085952461406 -0.016828813728798502 -0.12762460663683509 -0.18824161467298728 -0.21829596397570938 -0.1759472981524984 -1.0592975349931828 -1.5766700235863764 5.774708273522327 4.3603418179489211 -0.22740924801760995 -1.9880730593090741 8.4886693273474894 0.058441663806049253 4.9814349835975387 3.9812514059967827 -1.8323585117034171 0.058143118260570684 -0.059209219848623852 -0.21865487325638489 0.33664655695598467 0.18430670420242315 0.11348833300177562 0.039856815542042137 0.03356076680807725 -2.1090724838229118 0.24471339368333689 0.35393238303354235 0.32324051722042696 4.9787508122681947 -0.37631130693114712
leaf_weight=65791 1142 9886 2464 19014 16474 461 718 46 72 409 57 150 119 142 164 577 21086 29637 8386 8931 4285 4808 34859 47205 3057 302 62 57 166 1713
leaf_count=65791 1142 9886 2464 19014 16474 461 718 46 72 409 57 150 119 142 164 577 21086 29637 8386 8931 4285 4808 34859 47205 3057 302 62 57 166 1713
internal_value=-0.000304884 -0.00160727 -0.000250105 -0.000224567 -0.000793814 -0.000131189 0.0015068 0.00212155 0.00486189 0.00677263 0.00930546 0.00794545 0.015087 0.0189035 0.0129936 0.0028125 -0.000106918 0.000222608 -0.000389791 6.68956e-05 0.000674566 0.00105352 -0.000240003 -5.73917e-05 -0.00151126 0.00197211 0.000315613 0.013932 0.012713 5.4412e-05
internal_weight=282240 11392 270848 268384 45968 23897 7423 6705 2317 1856 1447 1375 575 456 314 800 222416 102736 119680 53889 4388 25894 44958 76842 22071 1506 1204 103 223 36572
internal_count=282240 11392 270848 268384 45968 23897 7423 6705 2317 1856 1447 1375 575 456 314 800 222416 102736 119680 53889 4388 25894 44958 76842 22071 1506 1204 103 223 36572
is_linear=0
shrinkage=0.05


Tree=113
num_leaves=31
num_cat=0
split_feature=10 14 13 8 3 6 14 13 1 5 3 7 6 13 16 14 14 8 8 0 16 3 14 13 16 13 16 16 7 0
split_gain=7.92278 7.28909 12.6401 9.02226 7.44231 7.42057 11.7545 8.12909 8.0479 6.30377 6.21409 7.45441 7.49794 8.00544 7.63347 6.88292 6.21378 6.18752 7.66261 6.9549 8.05718 13.3478 12.9322 9.38794 8.18167 7.23977 7.05417 11.0837 7.85384 6.17557
threshold=4.4285714285714306 32.601000000000006 12.334000000000001 1.3948037491109841 1.5000000000000002 1.3240537565917652 -2.2874999999999996 20.303500000000003 15.500000000000002 1.0000000180025095e-35 3.5000000000000004 1.0000317254658451 0.74339984316575036 54.975000000000001 29.850625000000001 30.421000000000003 16.552500000000006 1.4255815362477298 0.93265998711279996 2.5000000000000004 19.128500000000003 2.5000000000000004 21.211000000000002 48.375000000000007 25.026250000000001 30.372500000000006 2.1647500000000006 5.882975000000001 0.88804730698085477 2.5000000000000004
decision_type=2 2 8 2 2 2 2 10 2 2 2 2 2 10 2 2 2 2 2 2 2 2 2 10 2 8 2 2 2 2
left_child=1 5 -3 9 -5 10 8 16 -7 -4 11 12 -1 14 17 -15 -8 18 -14 20 26 24 -23 -24 25 -22 -20 28 -28 -12
right_child=-2 2 3 4 -6 6 7 -9 -10 -11 29 -13 13 15 -16 -17 -18 -19 19 -21 21 22 23 -25 -26 -27 27 -29 -30 -31
leaf_value=-0.22500369344270679 -0.10481560674781164 -0.44803791567448459 -0.02947594212606397 0.061311702907038815 -0.44774588374459184 0.14924388243601702 0.035006447924084499 0.33999787383769736 0.39677156055049384 -0.33282575603707004 -0.047330566576868051 -0.16966162630549864 0.015984047920842528 -0.20079898070310653 0.13808770240552068 1.7963985623438985 -0.13853211428318232 -0.47672154927353205 -0.32781677147953947 0.030550322095308453 0.63273753137843625 -0.08947348410939393 1.278228610310256 2.6754930846048 -0.15334090705861103 0.15254231245304892 1.494302285873407 0.45106984179736936 1.9670662903459164 0.11243023971829634
leaf_weight=2974 9598 8969 114038 1845 6766 314 10933 2288 58 5148 83002 3426 1046 2383 3635 248 3439 306 91 657 104 206 492 50 763 393 87 1044 139 17798
leaf_count=2974 9598 8969 114038 1845 6766 314 10933 2288 58 5148 83002 3426 1046 2383 3635 248 3439 306 91 657 104 206 492 50 763 393 87 1044 139 17798
internal_value=-0.000290534 -0.00024083 -0.000498517 -0.000371176 -0.00193416 1.85451e-05 0.000994597 0.000798318 0.00978495 -0.000258253 -0.000121337 0.000733207 0.0012252 0.00179749 0.00250582 -0.00062904 0.000357639 0.00370212 0.00411869 0.00510929 0.00602701 0.00401394 0.00930481 0.0133579 0.000873015 0.00586519 0.00899706 0.00996063 0.02 -0.000274307
internal_weight=282240 272642 136766 127797 8611 135876 17032 16660 372 119186 118844 18044 14618 11644 9013 2631 14372 5378 5072 4026 3369 2008 748 542 1260 497 1361 1270 226 100800
internal_count=282240 272642 136766 127797 8611 135876 17032 16660 372 119186 118844 18044 14618 11644 9013 2631 14372 5378 5072 4026 3369 2008 748 542 1260 497 1361 1270 226 100800
is_linear=0
shrinkage=0.05


Tree=114
num_leaves=31
num_cat=0
split_feature=7 16 8 1 1 7 2 0 10 3 1 1 16 6 2 12 16 12 3 10 8 2 13 12 3 16 3 10 8 12
split_gain=8.05684 7.33898 6.93949 6.90344 12.3342 10.1497 8.9582 8.82158 8.23877 15.7594 7.51521 11.7458 7.89052 8.60152 7.37282 6.97557 6.78707 6.45619 6.37764 7.51369 11.6254 6.2813 15.415 6.62285 6.03844 5.63624 7.08976 5.56981 6.19651 5.52654
threshold=1.6294729635636733 4.112750000000001 1.8461972023374515 21.500000000000004 15.500000000000002 0.70283645222135838 4.5000000000000009 1.5000000000000002 -9.1607142857142829 1.5000000000000002 5.5000000000000009 9.5000000000000018 31.660375000000002 1.2716800323764608 1.0000000180025095e-35 0.37625000000000003 59.899250000000002 0.33875000000000005 4.5000000000000009 -6.6321428571428553 0.92037655265738028 1.0000000180025095e-35 -6.004999999999999 1.0000000180025095e-35 7.5000000000000009 78.86375000000001 5.5000000000000009 3.0500000000000016 1.6917612474432648 0.11375000000000002
decision_type=2 2 2 2 2 2 2 2 2 2 2 2 2 2 2 2 2 2 2 2 2 2 10 2 2 2 2 2 2 2
left_child=2 27 3 4 6 25 10 8 9 -7 14 18 13 21 -1 -10 17 -8 29 20 -20 22 -13 -24 -21 26 -6 28 -2 -12
right_child=1 -3 -4 -5 5 7 16 -9 15 -11 11 12 -14 -15 -16 -17 -18 -19 19 24 -22 -23 23 -25 -26 -27 -28 -29 -30 -31
leaf_value=-0.19429695656329934 -0.017657359301755594 -0.12549130032544206 -0.17654481408381673 -0.12445628289455357 0.84927301734772809 1.1917584257996572 -0.032079721683942915 0.19074384374143236 -0.073558832443980635 -0.25571793923052477 0.4441784341306847 -0.14619080051301109 -0.17234050835020473 0.25987282786363197 -0.030500892213557052 0.1846526229801877 -0.29386193392260562 -0.14276844116740595 -0.51541802027545547 -0.089964431747527912 4.0804003792646091 -0.054420342539648697 0.94444723166619549 0.21737906125673134 0.29142371394355904 0.067221543664284775 0.32626046483595428 0.26870488121615937 0.32595424823479957 -0.17735656666786351
leaf_weight=9696 1262 9768 2464 22680 1746 64 36226 29792 26132 96 9000 1747 27368 2928 38512 3500 8316 6594 94 8156 90 13712 685 768 13148 2754 3148 294 68 1432
leaf_count=9696 1262 9768 2464 22680 1746 64 36226 29792 26132 96 9000 1747 27368 2928 38512 3500 8316 6594 94 8156 90 13712 685 768 13148 2754 3148 294 68 1432
internal_value=-0.000282739 -0.00158532 -0.000227952 -0.000203702 -0.000126658 0.000450528 -0.000344089 0.00023043 -0.000377955 0.0109375 -0.000119606 0.000180213 -0.00032071 0.000438507 -0.000611725 -0.000439054 -0.000903083 -0.000649231 0.000921051 0.00042861 0.0104891 5.32047e-06 0.002 0.00580523 0.000341719 0.00216527 0.00318349 0.00152709 0.000150375 0.00193539
internal_weight=282240 11392 270848 268384 245704 67232 178472 59584 29792 160 127336 79128 47208 19840 48208 29632 51136 42820 31920 21488 184 16912 3200 1453 21304 7648 4894 1624 1330 10432
internal_count=282240 11392 270848 268384 245704 67232 178472 59584 29792 160 127336 79128 47208 19840 48208 29632 51136 42820 31920 21488 184 16912 3200 1453 21304 7648 4894 1624 1330 10432
is_linear=0
shrinkage=0.05


Tree=115
num_leaves=31
num_cat=0
split_feature=7 14 13 6 3 6 15 3 3 8 15 7 2 2 13 10 7 1 6 7 8 7 14 8 13 8 14 2 3 13
split_gain=7.85146 6.62496 12.2165 7.1636 6.78121 7.47828 7.63788 9.8939 7.14833 11.1982 10.9989 16.758 13.132 13.6735 15.8662 9.62654 13.7619 8.38521 9.93381 7.50231 10.3969 7.79401 7.46508 8.65008 12.5833 11.791 10.8899 7.3304 7.08383 10.1525
threshold=1.6294729635636733 45.985000000000007 11.532500000000001 1.334151823421023 10.500000000000002 1.891089340916341 12.311000000000002 11.500000000000002 11.500000000000002 1.2116795394887745 5.1365000000000007 0.55503967654516617 2.5000000000000004 4.5000000000000009 35.333500000000008 6.8250000000000002 1.020656417516453 15.500000000000002 0.89373536984630297 1.0646584394530738 1.5302496705104782 1.3704280701002549 14.941000000000001 0.99857713534972048 105.99100000000001 1.004202824841457 -1.9789999999999999 3.5000000000000004 6.5000000000000009 -0.028999999999999995
decision_type=2 2 8 2 2 2 2 2 2 2 2 2 2 2 8 2 2 2 2 2 2 2 2 2 10 2 2 2 2 10
left_child=1 4 -3 -4 28 8 7 -7 9 15 27 -12 -13 14 -14 22 -17 -15 -19 -16 21 -21 23 -6 26 -26 -25 -11 -1 -30
right_child=-2 2 3 -5 5 6 -8 -9 -10 10 11 12 13 17 19 16 -18 18 -20 20 -22 -23 -24 24 25 -27 -28 -29 29 -31
leaf_value=0.020488954511691391 -0.07284536073884422 -0.63599836347685912 -0.050062116591069364 -0.32323486051997147 0.052679508293467361 0.0037783236212618611 0.092021912629894329 0.38551677547765234 -0.037372363096758489 1.0983918502886181 1.7482806185603357 -0.16981437707092795 -0.26852693764904079 0.00043235074930868977 0.87827883923581995 3.314756699372972 -0.10486035106084941 2.1201742386809306 0.50635966676673416 4.408823296748543 4.2047627716714846 -0.75000521328770808 -0.13040488760900351 0.7007707170708537 3.3878365889189102 -1.2122505843704232 0.62297933737381617 -0.15386966483726117 -0.1512697729616613 0.0084014717238277675
leaf_weight=72948 11392 6040 92578 7796 2694 98 300 152 8582 146 46 308 63 338 54 42 42 34 156 92 99 30 6232 61 93 34 1454 588 37331 32417
leaf_count=72948 11392 6040 92578 7796 2694 98 300 152 8582 146 46 308 63 338 54 42 42 34 156 92 99 30 6232 61 93 34 1454 588 37331 32417
internal_value=-0.000286282 -0.000232198 -0.000539592 -0.000408175 -3.32668e-05 0.0007894 0.00654545 0.013 0.000639984 0.00139775 0.00487717 0.00778688 0.00662692 0.0097806 0.0176331 0.000759481 0.017619 0.00475379 0.0131579 0.0228182 0.0269005 0.0171311 0.000625472 0.00221863 0.00507917 0.0201968 0.00381188 4.08707e-05 -0.00015859 -0.000518869
internal_weight=282240 270848 106414 100374 164434 21738 550 250 21188 12606 1954 1220 1174 866 338 10652 84 528 190 275 221 122 10568 4336 1642 127 1515 734 142696 69748
internal_count=282240 270848 106414 100374 164434 21738 550 250 21188 12606 1954 1220 1174 866 338 10652 84 528 190 275 221 122 10568 4336 1642 127 1515 734 142696 69748
is_linear=0
shrinkage=0.05


Tree=116
num_leaves=31
num_cat=0
split_feature=10 14 7 14 1 1 2 1 7 14 14 6 14 3 6 3 1 13 8 12 14 3 3 2 3 7 8 3 13 10
split_gain=8.20927 9.84869 7.70781 6.41119 5.07624 6.59591 10.0407 8.43031 10.934 8.69841 8.19779 8.63992 8.40289 7.1931 19.7611 8.31797 9.32566 8.58036 7.14086 7.72012 10.5662 12.3215 16.9568 5.90826 10.906 9.87755 5.81699 12.7067 9.9273 6.60811
threshold=2.1232142857142864 10.021500000000001 1.0088498492910212 -6.0199999999999987 22.500000000000004 15.500000000000002 4.5000000000000009 19.500000000000004 0.9126695241885362 133.79850000000002 40.025000000000013 0.99938336059022215 2.9835000000000007 10.500000000000002 1.0008124909445437 11.500000000000002 10.500000000000002 19.721500000000002 0.74300939898938811 0.30625000000000008 9.1890000000000018 8.5000000000000018 4.5000000000000009 5.5000000000000009 5.5000000000000009 0.64735137188752534 1.1825269240047114 2.5000000000000004 45.822500000000012 -2.3071428571428552
decision_type=2 2 2 2 2 2 2 2 2 2 2 2 2 2 2 2 2 10 2 2 2 2 2 2 2 2 2 2 8 2
left_child=4 3 -3 -2 5 6 -1 8 9 -7 11 18 13 26 15 16 17 -15 19 20 -8 22 -22 25 -25 -24 -13 28 -28 -30
right_child=1 2 -4 -5 -6 7 10 -9 -10 -11 -12 12 -14 14 -16 -17 -18 -19 -20 -21 21 -23 23 24 -26 -27 27 -29 29 -31
leaf_value=-0.0078827252388385723 0.57491008878157079 -0.11918317557680552 -0.27965868946362155 0.0038114166578106408 -0.15011439811679739 0.48203398392209051 -0.19647759556839223 -0.046988774026745644 0.043864387216482476 -0.45020068409445146 -0.23826952690365022 0.0092064987604828352 -0.055553568175593995 2.0229121065452174 -0.14430103597566457 0.078195536065734775 4.5941081174256881 0.055974346194155325 -0.32074736280877175 -0.50655202084359618 0.24749694683914011 -0.94655134626869097 2.2753053568151951 1.0860772514311812 -0.20909279206737816 1.5703873759327474 0.8389754114942799 0.057555578096086968 -0.017592328748452873 0.76268736412516436
leaf_weight=119920 50 9092 10558 11136 10554 7014 1210 31596 33854 996 13678 6422 17006 56 338 120 40 56 5132 1058 342 302 98 70 88 98 59 1184 74 39
leaf_count=119920 50 9092 10558 11136 10554 7014 1210 31596 33854 996 13678 6422 17006 56 338 120 40 56 5132 1058 342 302 98 70 88 98 59 1184 74 39
internal_value=-0.000278488 -0.00104845 -0.00172265 0.000135883 -0.000184048 -0.000137016 -0.000310354 0.000257962 0.000723293 0.00238452 -0.000925849 -0.000507814 -4.8044e-05 0.00124702 0.00647541 0.0165074 0.0242763 0.016875 -0.00189807 -7.04237e-05 0.00161232 0.00542084 0.00908046 0.0167514 0.00955696 0.022551 0.000836975 0.00381268 0.0165116 0.00783186
internal_weight=282240 30836 19650 11186 251404 240850 167390 73460 41864 8010 47470 33792 25394 8388 610 272 152 112 8398 3266 2208 998 696 354 158 196 7778 1356 172 113
internal_count=282240 30836 19650 11186 251404 240850 167390 73460 41864 8010 47470 33792 25394 8388 610 272 152 112 8398 3266 2208 998 696 354 158 196 7778 1356 172 113
is_linear=0
shrinkage=0.05


Tree=117
num_leaves=31
num_cat=0
split_feature=10 16 8 0 3 13 15 16 15 13 2 2 16 1 0 3 8 16 7 6 3 16 6 13 15 6 16 2 6 3
split_gain=7.48899 10.6628 10.3894 7.35762 6.36475 7.14104 6.88014 6.122 8.9155 7.18424 6.43454 9.00031 6.43614 5.6534 5.61475 5.49371 10.1191 5.24736 5.19219 8.92356 7.87757 10.8335 14.8876 12.1362 10.3789 19.1589 17.1551 17.1537 13.2827 9.3943
threshold=1.3928571428571437 31.254750000000005 1.1366788154922183 1.5000000000000002 4.5000000000000009 110.40100000000001 3.5515000000000003 262.24450000000007 337.19400000000002 282.17000000000007 1.5000000000000002 1.0000000180025095e-35 136.46672500000003 15.500000000000002 2.5000000000000004 2.5000000000000004 0.55245798538270108 -3.1539999999999995 1.4402052251940416 1.1888257695651985 4.5000000000000009 32.411750000000005 0.95218797325396543 54.975000000000001 31.732500000000005 1.0008124909445437 19.791500000000003 3.5000000000000004 0.99938336059022215 9.5000000000000018
decision_type=2 2 2 2 2 8 2 2 2 8 2 2 2 2 2 2 2 2 2 2 2 2 2 10 2 2 2 2 2 2
left_child=7 4 3 -3 5 6 15 8 14 -10 11 -11 -13 -6 17 16 -2 -1 19 20 21 22 -19 24 25 26 28 -26 -24 -22
right_child=1 2 -4 -5 13 -7 -8 -9 9 10 -12 12 -14 -15 -16 -17 -18 18 -20 -21 29 -23 23 -25 27 -27 -28 -29 -30 -31
leaf_value=0.14847718390870099 2.0936811832081466 -0.64346048686256208 -0.61003800632850558 0.013390705385112282 -0.011479107328863114 -0.30972199405921358 -0.054113156890336168 -1.4642640121292239 -0.61136749327290163 -1.8376625315647122 1.7272303789148211 2.5662917461568719 5.7894595329389551 0.17213661683862622 0.046034737186838946 -0.010707906039479607 0.28586470249792523 -0.095950528281677189 -0.059971327208521469 0.077390767010231981 -0.10065298164241226 -0.03529666587523058 0.88197411395230962 -0.10684728704122932 0.67909767875305815 -0.0050071941209983394 0.34215689781924824 -0.12315708908868009 0.74257738295309972 0.0079611510066463619
leaf_weight=936 52 2992 7470 7368 11700 4262 2952 3230 297 70 349 58 112 4534 61062 496 584 6220 9084 11746 66070 36580 221 1685 1892 888 936 1833 693 35868
leaf_count=936 52 2992 7470 7368 11700 4262 2952 3230 297 70 349 58 112 4534 61062 496 584 6220 9084 11746 66070 36580 221 1685 1892 888 936 1833 693 35868
internal_value=-0.000268213 -0.00088069 -0.00181155 -0.000786681 -0.000205453 -0.00132758 0.000166502 -0.000159906 -0.00013039 0.00487585 0.008073 0.014375 0.0205882 0.000371441 -0.000149207 0.00348056 0.0065566 -0.000293499 -0.000313617 -0.000249406 -0.00035144 0.000156237 0.0013196 0.00272582 0.00371112 0.00604821 0.00894594 0.00199329 0.0138184 -0.000605173
internal_weight=282240 42410 17830 10360 24580 8346 4084 239830 236600 886 589 240 170 16234 235714 1132 636 174652 173716 164632 152886 50948 14368 8148 6463 2738 1850 3725 914 101938
internal_count=282240 42410 17830 10360 24580 8346 4084 239830 236600 886 589 240 170 16234 235714 1132 636 174652 173716 164632 152886 50948 14368 8148 6463 2738 1850 3725 914 101938
is_linear=0
shrinkage=0.05


Tree=118
num_leaves=31
num_cat=0
split_feature=10 14 13 10 7 0 3 7 3 13 10 12 3 8 13 12 3 13 14 16 3 7 3 0 3 8 15 10 16 14
split_gain=7.69255 6.20754 11.747 6.68777 10.4079 8.04739 8.07728 8.71941 6.48403 9.93185 7.19042 7.17858 6.24515 7.47969 11.4423 14.0185 6.59112 6.60647 9.39055 7.35635 8.8011 11.6962 11.2225 9.60446 9.16716 7.78621 9.25713 6.89557 6.56141 6.37322
threshold=4.4285714285714306 52.901500000000006 11.895000000000001 -1.1285714285714277 1.2316304240647085 1.5000000000000002 3.5000000000000004 0.92051958376028697 1.5000000000000002 104.68500000000002 -4.3422619047619042 0.046250000000000006 10.500000000000002 1.4918569986219337 76.914000000000016 1.0000000180025095e-35 2.5000000000000004 -0.40849999999999992 -0.72899999999999987 4.2537250000000011 6.5000000000000009 1.0000317254658451 7.5000000000000009 1.5000000000000002 4.5000000000000009 0.7189828394805643 22.371500000000005 -0.37142857142857127 24.34215 29.086000000000002
decision_type=2 2 8 2 2 2 2 2 2 10 2 2 2 2 10 2 2 10 2 2 2 2 2 2 2 2 2 2 2 2
left_child=1 12 -3 8 5 6 7 -5 9 10 11 -4 16 -14 -15 -16 28 19 -19 -18 21 -21 -22 -24 -23 26 27 -26 -1 -30
right_child=-2 2 3 4 -6 -7 -8 -9 -10 -11 -12 -13 13 14 15 -17 17 18 -20 20 22 24 23 -25 25 -27 -28 -29 29 -31
leaf_value=0.26013186904644597 -0.094501819423924452 -0.65180895553159146 0.42699387503197034 0.17351673570591175 -0.53159137585834115 -0.008197535949766457 -0.091864585525435027 -0.53223071137559419 0.010861949706914606 -0.22828106776436835 0.14009976099205995 1.6106798443420809 0.057499763667983532 0.17050781626388475 2.2465044042837063 -0.70216524465228625 -0.11434934559109644 0.11430183334717103 -0.0027284135837146806 0.13041683151842937 -0.3201574635211224 -0.36229446702324641 -0.17996339827422206 0.20910061302077484 0.59151035723085021 -0.097135755796427845 -0.47231153403008047 1.4608345387098796 -0.21969889500097431 0.1172438429633985
leaf_weight=6448 9598 5413 699 830 6026 46454 15818 6930 11871 677 1165 115 21208 2049 68 41 13600 2889 60672 19953 7754 3067 13071 10457 76 2122 176 145 4174 8674
leaf_count=6448 9598 5413 699 830 6026 46454 15818 6930 11871 677 1165 115 21208 2049 68 41 13600 2889 60672 19953 7754 3067 13071 10457 76 2122 176 145 4174 8674
internal_value=-0.000264315 -0.000215339 -0.000538971 -0.000403766 -0.000591523 -0.000419952 -0.00117228 -0.00249356 0.000579265 0.0028125 0.00460081 0.00820639 -3.94591e-05 0.000721988 0.00352641 0.0193119 -0.000155536 -0.000279964 8.95978e-05 -0.000613526 -0.000363511 0.000325188 -0.000925773 -0.000382099 -0.0016971 0.000537911 0.00696473 0.0137783 0.000708436 5.52603e-05
internal_weight=282240 272642 95998 90585 76058 70032 23578 7760 14527 2656 1979 814 176644 23366 2158 109 153278 133982 63561 70421 56821 25539 31282 23528 5586 2519 397 221 19296 12848
internal_count=282240 272642 95998 90585 76058 70032 23578 7760 14527 2656 1979 814 176644 23366 2158 109 153278 133982 63561 70421 56821 25539 31282 23528 5586 2519 397 221 19296 12848
is_linear=0
shrinkage=0.05


Tree=119
num_leaves=31
num_cat=0
split_feature=10 16 13 8 15 13 16 2 13 0 8 6 8 15 1 14 1 1 7 0 1 1 16 13 5 13 10 1 14 2
split_gain=7.09258 6.1492 10.0476 7.33633 6.31856 6.24483 10.515 9.69734 11.3204 7.24896 7.27543 6.38428 6.99234 12.3951 6.12825 8.12033 7.01503 9.21827 10.5763 8.81093 6.0985 10.3355 5.9305 7.65263 5.72252 5.63942 5.50109 5.49723 5.3656 5.25113
threshold=4.4285714285714306 130.07387500000002 172.27250000000001 1.0755673765529044 138.64250000000001 0.041500000000000002 19.791500000000003 1.0000000180025095e-35 27.473500000000005 1.5000000000000002 1.3028601060400742 1.3240537565917652 1.4918569986219337 18.952500000000004 5.5000000000000009 146.27500000000003 20.500000000000004 16.500000000000004 0.71047649234106702 1.5000000000000002 5.5000000000000009 10.500000000000002 17.864000000000001 3.4090000000000003 1.0000000180025095e-35 88.857500000000016 -0.050000000000000482 9.5000000000000018 113.70750000000001 5.5000000000000009
decision_type=2 2 8 2 2 10 2 2 10 2 2 2 2 2 2 2 2 2 2 2 2 2 2 10 2 10 2 2 2 2
left_child=1 4 -3 -4 5 14 11 20 9 -9 26 -7 -13 -14 15 -1 17 27 -19 -20 -8 -22 23 -2 -6 -23 -11 -16 29 -10
right_child=22 2 3 -5 24 6 7 8 28 10 -12 12 13 -15 16 -17 -18 18 19 -21 21 25 -24 -25 -26 -27 -28 -29 -30 -31
leaf_value=-0.12544709168296941 -0.070679027708338102 -0.92393380490605104 0.084033780222935228 -0.91895600932742549 0.47770320395206628 0.034829471834058927 -0.099051456248639091 -0.22969711585359792 -0.019505333889894134 0.49603019671599341 -0.53312318080367394 0.048060937611898488 0.2221955350691204 -0.055600792685619287 0.065302807452986736 3.9314136832730213 -0.16220456101264732 0.75138991628229246 -0.072432460921244918 0.39661940885579178 0.70438179996417383 0.014312771700050603 -0.46300222838005828 0.094961815497275961 -1.5445987771998446 0.70377059277545906 -0.13279414316663449 -0.079132333978962729 -0.31655771242855968 0.11571838133095246
leaf_weight=35852 3484 5996 9881 1505 8492 34753 2608 9246 37171 1276 1249 4488 913 414 20246 46 16684 2023 9487 7686 2285 5018 4194 1920 612 607 5740 38756 3728 5880
leaf_count=35852 3484 5996 9881 1505 8492 34753 2608 9246 37171 1276 1249 4488 913 414 20246 46 16684 2023 9487 7686 2285 5018 4194 1920 612 607 5740 38756 3728 5880
internal_value=-0.000262367 -0.000215339 -0.0011253 -0.000252943 -0.000153374 -0.000201215 6.69105e-05 -0.000284596 -0.000514856 -0.00159928 -0.000523292 0.000715094 0.00224849 0.00543707 -0.000437759 -0.000994207 -0.000227231 -2.86464e-05 0.000923108 0.000520292 0.00112284 0.00181416 -0.00159825 -0.000503332 0.00114016 0.000662221 0.000102621 -0.000338295 -0.000108918 4.8662e-05
internal_weight=282240 272642 17382 11386 255260 246156 115376 74808 64290 17511 8265 40568 5815 1327 130780 35898 94882 78198 19196 17173 10518 7910 9598 5404 9104 5625 7016 59002 46779 43051
internal_count=282240 272642 17382 11386 255260 246156 115376 74808 64290 17511 8265 40568 5815 1327 130780 35898 94882 78198 19196 17173 10518 7910 9598 5404 9104 5625 7016 59002 46779 43051
is_linear=0
shrinkage=0.05


Tree=120
num_leaves=31
num_cat=0
split_feature=5 13 3 10 16 6 3 3 8 13 3 13 2 16 3 12 6 10 3 16 2 3 2 16 0 8 10 0 7 8
split_gain=7.26773 8.75899 11.9507 6.10292 11.0502 10.3112 7.51135 7.37071 12.0743 6.79294 8.55672 6.69717 9.37047 7.37792 5.98874 5.97032 5.90966 5.50442 7.36526 8.32895 13.128 6.3565 5.42054 6.02511 6.16337 7.76643 5.42057 5.33678 9.95362 7.30227
threshold=1.0000000180025095e-35 22.641000000000002 5.5000000000000009 1.1857142857142839 31.660375000000002 0.77266287272666856 4.5000000000000009 5.5000000000000009 0.72686862407401132 3.5610000000000004 2.5000000000000004 82.403500000000022 2.5000000000000004 1.7362500000000003 9.5000000000000018 0.16375000000000003 1.9560800991791585 0.44285714285714334 11.500000000000002 58.597600000000007 1.5000000000000002 10.500000000000002 4.5000000000000009 262.24450000000007 2.5000000000000004 0.50798848999115143 -3.0925824175824173 1.5000000000000002 1.4858866909239083 1.808390484862757
decision_type=2 8 2 2 2 2 2 2 2 10 2 10 2 2 2 2 2 2 2 2 2 2 2 2 2 2 2 2 2 2
left_child=3 2 -2 22 6 14 9 8 11 -5 -11 12 -8 -14 -6 -15 -9 18 21 20 -20 -4 23 24 25 -1 -27 28 -18 -30
right_child=1 -3 17 4 5 -7 7 16 -10 10 -12 -13 13 15 -16 -17 27 -19 19 -21 -22 -23 -24 -25 -26 26 -28 -29 29 -31
leaf_value=0.41749752433774739 -0.25091167241509205 -0.25246494960130961 0.27725493298251341 -0.17362953149449101 0.17903719038342025 -0.48472294770411212 -0.56407517079060154 -0.0040594607862498239 0.067503332670190819 0.24762160420627299 -0.14952794302771966 -0.71603408584206285 0.39984855939551012 0.25264981810960979 -0.65205165657808817 1.3088543460292921 0.46132527135735635 -0.028929793815132894 -0.04383020752566559 -3.6703004286217364 1.3932926501236593 -0.19981838362029702 -0.041960436220749471 -1.540938544780591 0.12261642691681825 0.075686103723598297 -0.033086077385909692 -0.13336938201707685 0.068905108794089842 0.21443000534184514
leaf_weight=3590 1060 9709 599 5359 4250 13648 80 14344 1060 1847 1242 82 93 97 804 176 86 415 58 48 133 258 63524 2874 41020 10232 104598 208 652 94
leaf_count=3590 1060 9709 599 5359 4250 13648 80 14344 1060 1847 1242 82 93 97 804 176 86 415 58 48 133 258 63524 2874 41020 10232 104598 208 652 94
internal_value=-0.000259886 -0.00144951 0.00114547 -0.000205772 -0.000743621 -0.00166613 -6.49107e-05 0.000541479 0.00378463 -0.00128315 0.00058433 0.00996212 0.0123767 0.015765 0.000263157 0.0199084 0.000206707 0.00400066 0.00585766 0.0136192 0.0182984 0.00369311 -0.000100693 5.25513e-05 9.34509e-05 -8.95131e-05 -0.000161109 0.00384615 0.00563702 0.00378016
internal_weight=282240 12280 2571 269960 44122 18702 25420 16972 1588 8448 3089 528 446 366 5054 273 15384 1511 1096 239 191 857 225838 162314 159440 118420 114830 1040 832 746
internal_count=282240 12280 2571 269960 44122 18702 25420 16972 1588 8448 3089 528 446 366 5054 273 15384 1511 1096 239 191 857 225838 162314 159440 118420 114830 1040 832 746
is_linear=0
shrinkage=0.05


Tree=121
num_leaves=31
num_cat=0
split_feature=7 16 8 13 0 16 13 3 6 2 16 2 10 15 15 2 8 0 6 13 10 15 14 13 2 3 0 3 2 14
split_gain=7.04145 7.11424 7.04528 6.62418 6.24893 6.11922 9.52014 6.4118 7.21114 7.011 11.4766 8.47428 11.3355 8.76585 18.7028 9.09431 8.32929 8.07498 7.70936 7.35112 7.09804 6.13439 10.2119 7.56938 13.2529 7.33491 8.2255 9.89075 10.4803 7.29156
threshold=1.6294729635636733 14.559750000000001 1.7804483559979489 37.165000000000006 1.5000000000000002 140.10249999999999 165.47100000000003 1.5000000000000002 0.99393486158824051 2.5000000000000004 45.568500000000007 5.5000000000000009 1.0000000180025095e-35 21.152500000000003 49.943500000000007 4.5000000000000009 0.64457020210228788 1.5000000000000002 2.1576118813879108 33.355000000000011 -1.3035714285714295 190.16000000000003 119.73500000000001 57.085000000000008 4.5000000000000009 9.5000000000000018 1.5000000000000002 8.5000000000000018 5.5000000000000009 28.357500000000005
decision_type=2 2 2 8 2 2 8 2 2 2 2 2 2 2 2 2 2 2 2 8 2 2 2 10 2 2 2 2 2 2
left_child=2 3 5 -2 -3 7 -7 8 -1 17 11 12 13 15 -15 -11 -14 -10 -12 -17 -21 -9 25 24 -24 26 -23 -28 29 -29
right_child=1 4 -4 -5 -6 6 -8 21 9 10 18 -13 16 14 -16 19 -18 -19 -20 20 -22 22 23 -25 -26 -27 27 28 -30 -31
leaf_value=0.26132202658450304 0.046661526496548041 -0.34793961957142833 -0.14298404447865104 -0.065068223556656299 -0.25760907068014754 -1.2821864297885899 -0.14814533010087116 -0.024575885625439591 -0.39452696146436983 -0.17434634170376395 -0.0678366324299393 -0.032528055813094002 1.8834405993820795 3.7270435061228961 0.27365791627728542 0.90967412222225907 -0.21804142949700195 0.18867397062267946 0.74816745138791174 -0.14330200758925246 0.31500161875448179 -1.0208965019756642 1.8160215004824973 0.19211673737577117 2.4822637709704498 -0.46155115091479015 0.266450810367588 0.25112295917642163 -0.74301445715183012 5.095645060328498
leaf_weight=4840 2100 2260 3240 2530 4502 4354 9640 230142 3410 356 5830 1154 42 526 408 40 892 3146 30 111 85 308 86 117 55 1256 398 64 82 236
leaf_count=4840 2100 2260 3240 2530 4502 4354 9640 230142 3410 356 5830 1154 42 526 408 40 892 3146 30 111 85 308 86 117 55 1256 398 64 82 236
internal_value=-0.00024908 -0.00146682 -0.000197861 4.31954e-05 -0.00250074 -0.000169802 -0.00118765 -0.000113638 0.000725921 0.00021522 0.00108507 0.00330105 0.00495935 0.00761468 0.0106317 0.00285473 0.000620984 -0.00104179 -0.000281571 0.0104661 0.00647959 -0.000188921 0.00222521 0.0116667 0.0194681 0.00118601 0.00419118 0.00692308 0.0126702 0.017
internal_weight=282240 11392 270848 4630 6762 267608 13994 253614 20870 16030 9474 3614 2460 1526 934 592 934 6556 5860 236 196 232744 2602 258 141 2344 1088 780 382 300
internal_count=282240 11392 270848 4630 6762 267608 13994 253614 20870 16030 9474 3614 2460 1526 934 592 934 6556 5860 236 196 232744 2602 258 141 2344 1088 780 382 300
is_linear=0
shrinkage=0.05


Tree=122
num_leaves=31
num_cat=0
split_feature=7 14 7 14 13 3 10 15 10 2 13 15 1 15 14 15 13 2 2 1 1 0 12 6 3 13 6 10 3 14
split_gain=7.06195 6.53598 6.72031 6.23831 7.69002 10.8685 10.4476 11.5368 10.4564 11.1081 7.62168 8.18457 8.17489 6.32969 17.2661 10.5991 13.0551 7.91718 6.26058 6.15374 8.79204 10.6081 8.49249 6.8804 6.03745 5.8923 5.84028 6.31749 5.78681 5.76357
threshold=1.6294729635636733 16.958500000000004 2.3646020039433977 92.041500000000028 316.99500000000006 10.500000000000002 1.0000000180025095e-35 3.1015000000000006 -1.0000000180025095e-35 4.5000000000000009 0.56900000000000006 14.501000000000003 5.5000000000000009 95.201500000000024 146.27500000000003 56.091500000000011 413.92000000000002 3.5000000000000004 1.5000000000000002 20.500000000000004 16.500000000000004 1.5000000000000002 0.2737500000000001 1.2173645215822853 6.5000000000000009 37.165000000000006 1.1616602035052177 0.58571428571428819 3.5000000000000004 230.19650000000004
decision_type=2 2 2 2 8 2 2 2 2 2 10 2 2 2 2 2 10 2 2 2 2 2 2 2 2 8 2 2 2 2
left_child=3 25 -3 10 29 -6 7 8 -7 -10 12 -12 24 14 -9 17 -17 -16 -13 20 22 -22 -14 -24 -1 -2 -4 -28 -23 -5
right_child=1 2 26 4 5 6 -8 13 9 -11 11 18 19 -15 15 16 -18 -19 -20 -21 21 28 23 -25 -26 -27 27 -29 -30 -31
leaf_value=-0.032121259808366234 0.042119837228496451 -0.35421124026815698 -0.47060485366441684 -0.22388205726782373 -0.17320995789877933 -4.2426239827597474 -1.4535015925879895 0.3359479948489581 3.3274208383118147 0.39888603563526959 0.061789611236895595 0.077306998954499176 0.027662191578106749 0.32918380688564142 6.9139745746143468 4.6067364027030475 -0.76017956656261743 -1.8024312078350815 -0.038605014149325004 -0.14810962334122599 0.0067071919673277417 1.0829351855857947 -0.28838952548467578 0.021581531389526936 -0.1880671152413349 -0.067844774384122175 1.9127272196186071 -0.57140246281961915 0.44578094621795794 -2.1542918813742946
leaf_weight=16634 2366 5962 80 20245 16573 49 747 1370 61 68 34445 19814 38943 4307 414 194 48 204 49486 15205 10324 1460 10657 4373 17700 2884 62 38 5563 1964
leaf_count=16634 2366 5962 80 20245 16573 49 747 1370 61 68 34445 19814 38943 4307 414 194 48 204 49486 15205 10324 1460 10657 4373 17700 2884 62 38 5563 1964
internal_value=-0.000247308 -0.00146682 -0.00257408 -0.000196015 -0.000724852 -0.000105056 0.00147949 0.0021035 0.0146629 0.0221318 -8.71323e-05 0.000227239 -0.000356987 0.00176151 0.00392377 0.00947674 0.0183471 0.00600324 -8.58598e-05 -9.79498e-05 9.67459e-05 0.00107598 -0.000217981 -0.00122755 -0.00100979 -0.00017143 0.00694444 0.015 0.00257511 -0.00139561
internal_weight=282240 11392 6142 270848 46244 24035 7462 6715 178 129 224604 103745 120859 6537 2230 860 242 618 69300 86525 71320 17347 53973 15030 34334 5250 180 100 7023 22209
internal_count=282240 11392 6142 270848 46244 24035 7462 6715 178 129 224604 103745 120859 6537 2230 860 242 618 69300 86525 71320 17347 53973 15030 34334 5250 180 100 7023 22209
is_linear=0
shrinkage=0.05


Tree=123
num_leaves=31
num_cat=0
split_feature=5 13 3 14 10 3 6 3 15 7 15 7 10 2 13 3 13 14 2 2 15 8 2 3 16 3 2 15 2 14
split_gain=7.0745 7.76038 8.56789 5.79172 9.19929 8.57422 9.11991 10.4618 17.7143 18.0665 11.9537 8.83432 8.45022 13.0113 11.9904 7.25319 9.31573 13.6901 13.9916 10.7552 9.32255 8.63904 7.66494 7.33966 8.53185 7.30689 10.8747 7.44756 9.2553 7.43344
threshold=1.0000000180025095e-35 39.081500000000005 5.5000000000000009 67.597500000000011 1.9320512820512807 10.500000000000002 1.265719128405919 11.500000000000002 4.9925000000000006 1.9860595397531469 4.9435000000000011 1.5406628569491547 -0.92857142857142794 4.5000000000000009 12.334000000000001 6.5000000000000009 -0.028999999999999995 -0.028999999999999995 5.5000000000000009 1.0000000180025095e-35 7.541500000000001 0.50798848999115143 2.5000000000000004 7.5000000000000009 21.820250000000001 4.5000000000000009 2.5000000000000004 16.931500000000003 5.5000000000000009 4.8310000000000004
decision_type=2 8 2 2 2 2 2 2 2 2 2 2 2 2 8 2 10 2 2 2 2 2 2 2 2 2 2 2 2 2
left_child=3 2 -2 5 -5 11 -7 8 -8 12 -9 15 13 14 -10 21 23 18 19 -18 -20 25 -19 -17 -25 -1 -27 29 -29 -28
right_child=1 -3 -4 4 -6 6 7 10 9 -11 -12 -13 -14 -15 -16 16 17 22 20 -21 -22 -23 -24 24 -26 26 27 28 -30 -31
leaf_value=0.16192156823110249 -0.21166630713248505 -0.27465982778477188 0.14582483748468383 -0.073879109455861111 -0.54171283797012426 0.051234083711673595 -0.00040461348368835983 0.26325931393295748 -0.19533119971872201 1.3289520397786878 -0.022391980649218577 -0.059396323792614149 0.40691856475340499 -0.20442081351360103 3.3906034470766286 -0.25642747719636655 0.56351334512522655 0.097222001725708745 0.52219220055432614 -0.024949898020743773 0.12307943907512074 0.013362039412285169 -0.050680167967870206 -0.13981496098998303 0.20506194216006277 -0.018305150918263392 0.28981378977761174 0.073561546754494833 1.788354056527405 0.9989573155246948
leaf_weight=1598 1538 8662 2080 66540 6562 19686 1066 378 36 134 2586 8988 1060 98 170 10207 287 13444 301 1411 321 83970 19730 20869 9502 402 114 268 40 192
leaf_count=1598 1538 8662 2080 66540 6562 19686 1066 378 36 134 2586 8988 1060 98 170 10207 287 13444 301 1411 321 83970 19730 20869 9502 402 114 268 40 192
internal_value=-0.000243234 -0.00141694 0.000527915 -0.000189844 -0.00056989 -4.87165e-05 0.000812246 0.00260673 0.0049454 0.00845127 0.00058367 -0.000175189 0.0067302 0.0140789 0.0212136 -9.08678e-05 -0.000447078 0.00014453 0.00385776 0.00150765 0.0102733 0.000222095 -0.000115152 -0.000964563 -0.000574727 0.00305279 0.00636811 0.0105537 0.00506493 0.0160784
internal_weight=282240 12280 3618 269960 73102 196858 25214 5528 2564 1498 2964 171644 1364 304 206 162656 76072 35494 2320 1698 622 86584 33174 40578 30371 2614 1016 614 308 306
internal_count=282240 12280 3618 269960 73102 196858 25214 5528 2564 1498 2964 171644 1364 304 206 162656 76072 35494 2320 1698 622 86584 33174 40578 30371 2614 1016 614 308 306
is_linear=0
shrinkage=0.05


Tree=124
num_leaves=31
num_cat=0
split_feature=7 16 8 16 13 8 15 5 13 3 15 10 3 14 8 10 7 3 13 14 3 15 14 14 10 3 7 3 16 15
split_gain=7.01826 6.61582 6.20128 5.80606 8.86818 5.75417 5.70629 6.19838 5.54039 5.35816 8.99737 10.5167 6.87206 8.124 8.11282 9.78089 10.4836 6.60485 9.57067 11.1426 6.99914 6.89027 6.57809 6.33123 5.94339 7.60787 12.4729 10.7802 7.64004 19.6538
threshold=1.6294729635636733 21.820250000000001 1.7804483559979489 140.10249999999999 165.47100000000003 1.0995170348194236 138.64250000000001 1.0000000180025095e-35 43.355000000000004 11.500000000000002 -0.028999999999999995 -0.028571428571428022 10.500000000000002 18.962500000000002 1.5010251687775866 -2.5357142857142838 1.0646584394530738 6.5000000000000009 -1.0000000180025095e-35 -0.028999999999999995 7.5000000000000009 1.7810000000000004 1.5915000000000001 59.45150000000001 1.0571428571428585 4.5000000000000009 0.77613967347429114 2.5000000000000004 7.851 21.152500000000003
decision_type=2 2 2 2 8 2 2 2 8 2 2 2 2 2 2 2 2 2 10 2 2 2 2 2 2 2 2 2 2 2
left_child=2 8 3 6 -5 -6 9 -8 -2 12 11 -11 17 14 -14 16 -16 24 20 -20 22 -22 -19 -12 -1 27 28 -26 -27 -30
right_child=1 -3 -4 4 5 -7 7 -9 -10 10 23 -13 13 -15 15 -17 -18 18 19 -21 21 -23 -24 -25 25 26 -28 -29 29 -31
leaf_value=0.02152005055829196 0.039872375218072478 -0.42490565682130638 -0.13475384846665556 -1.1960326055586215 0.046089666979491031 -1.0490385194158456 0.45736245834961409 -1.4627327859806718 -0.060885728286482081 -0.20566720281193313 -0.038392583739196878 0.38259781301415458 0.27776952878256667 0.027864621185194602 0.80319669939797456 0.32696752864231693 3.7771387948193325 0.1731016996031251 0.16611807389138905 -0.013293022572119107 -0.23786878147924639 -0.06078870165174699 -0.29534262583193005 -0.65257327008311272 -0.018498457225431808 -0.19474266622382441 -0.05360814159828118 -0.24896476279298976 1.2885806270555675 0.31224626026952917
leaf_weight=104024 2535 5882 3240 4354 8625 1015 9204 668 2975 94 8860 108 5910 13940 66 232 72 1093 2280 37751 4923 29498 10663 4550 7172 414 4656 5998 302 1136
leaf_count=104024 2535 5882 3240 4354 8625 1015 9204 668 2975 94 8860 108 5910 13940 66 232 72 1093 2280 37751 4923 29498 10663 4550 7172 414 4656 5998 302 1136
internal_value=-0.000237919 -0.00145365 -0.000186785 -0.00016046 -0.00115192 -0.000306018 -0.000105752 0.00107273 -0.000208713 -0.000153483 -0.0011174 0.00935643 -9.64684e-05 0.000783876 0.00227707 0.00945946 0.02 -0.000181269 -0.000517239 4.85862e-05 -0.00100775 -0.000648007 -0.00206108 -0.00127517 5.28678e-05 -0.000743979 0.000654578 -0.00143508 0.00412527 0.0058484
internal_weight=282240 11392 270848 267608 13994 9640 253614 9872 5510 243742 13612 202 230130 20220 6280 370 138 209910 86208 40031 46177 34421 11756 13410 123702 19678 6508 13170 1852 1438
internal_count=282240 11392 270848 267608 13994 9640 253614 9872 5510 243742 13612 202 230130 20220 6280 370 138 209910 86208 40031 46177 34421 11756 13410 123702 19678 6508 13170 1852 1438
is_linear=0
shrinkage=0.05


Tree=125
num_leaves=31
num_cat=0
split_feature=5 1 1 3 2 1 6 0 16 10 1 15 7 15 2 0 16 1 13 10 1 13 3 3 7 6 7 3 13 7
split_gain=6.85645 6.91149 8.48106 10.7817 10.8162 11.0776 9.6849 10.3902 24.1168 9.64857 8.27931 8.97564 8.00533 7.36804 11.8836 8.85079 8.839 7.15291 6.87998 6.84647 7.52941 6.82352 7.6163 6.82164 6.53034 7.43253 6.48978 6.38136 11.6739 9.93653
threshold=1.0000000180025095e-35 6.5000000000000009 20.500000000000004 1.5000000000000002 1.5000000000000002 16.500000000000004 0.98739851026681891 1.5000000000000002 26.820500000000003 -3.2928571428571418 8.5000000000000018 20.164000000000005 0.71755196803934684 4.1015000000000006 3.5000000000000004 1.5000000000000002 93.568750000000009 8.5000000000000018 77.864000000000019 -8.2607142857142843 13.500000000000002 39.081500000000005 5.5000000000000009 7.5000000000000009 0.63415852488057867 0.76300801942587637 1.1771831915262265 10.500000000000002 -0.078499999999999986 0.53998001934824225
decision_type=2 2 2 2 2 2 2 2 2 2 2 2 2 2 2 2 2 2 10 2 2 8 2 2 2 2 2 2 10 2
left_child=1 -1 3 6 17 27 13 19 9 -9 -11 -12 -7 15 16 -3 18 -5 24 20 -8 22 -2 -19 -15 -26 -27 -6 -29 -30
right_child=21 2 -4 4 5 12 7 8 -10 10 11 -13 -14 14 -16 -17 -18 23 -20 -21 -22 -23 -24 -25 25 26 -28 28 29 -31
leaf_value=-0.053157245001461351 -0.19619959334619913 0.81098816259804973 -0.09030304706703389 0.56093046826792214 -0.073534324968904566 0.51110247837884915 -0.12717852853311432 -0.17106570310889382 0.30098698300445464 0.57145636615054218 3.3591764749192601 1.8638334862639672 0.032018495239303522 1.5998257789907548 -0.05612291298360076 4.3125643988501556 0.32864112673183565 -0.024193948994292259 0.41151807315097583 -0.18625815879036417 1.4179594671374527 -0.25873579094036486 0.1322692491470974 0.26714961413395705 1.2816699078588036 3.7246397196079708 -0.1904750296498767 0.68920084283121519 1.2968499552232187 -0.16158414676241423
leaf_weight=78744 1538 356 33744 5968 60560 3280 36 64 5036 58 84 148 26064 135 1038 82 588 19296 231 4724 32 8662 2080 16512 207 132 41 6476 260 6064
leaf_count=78744 1538 356 33744 5968 60560 3280 36 64 5036 58 84 148 26064 135 1038 82 588 19296 231 4724 32 8662 2080 16512 207 132 41 6476 260 6064
internal_value=-0.000237034 -0.000184473 -2.21228e-05 0.000132022 7.95839e-06 -0.000267956 0.0015117 0.000794538 0.00230056 0.0149153 0.0187931 0.0230172 0.000553093 0.00411032 0.00301012 0.0100685 0.00613193 0.000686278 0.00974531 -0.000899417 0.0148529 -0.00139251 0.000431176 0.000419179 0.0129612 0.00960526 0.0172543 -0.000596375 0.000417968 -0.00111006
internal_weight=282240 269960 191216 157472 144480 102704 12992 10182 5390 354 290 232 29344 2810 2372 438 1334 41776 746 4792 68 12280 3618 35808 515 380 173 73360 12800 6324
internal_count=282240 269960 191216 157472 144480 102704 12992 10182 5390 354 290 232 29344 2810 2372 438 1334 41776 746 4792 68 12280 3618 35808 515 380 173 73360 12800 6324
is_linear=0
shrinkage=0.05


Tree=126
num_leaves=31
num_cat=0
split_feature=10 14 3 3 3 1 15 16 10 6 6 13 16 6 3 6 16 15 13 0 15 13 2 2 1 15 1 13 14 12
split_gain=6.69477 8.87072 6.88167 10.8967 9.20243 9.70669 8.37464 7.20944 7.10022 6.60485 9.71964 6.28915 11.3167 7.16601 6.43827 5.7022 5.2481 7.20388 5.76102 5.17531 6.5883 5.84669 4.80477 6.98647 6.20397 10.179 9.24349 8.87853 8.39757 5.96164
threshold=1.0571428571428585 83.556500000000014 4.5000000000000009 2.5000000000000004 8.5000000000000018 15.500000000000002 -3.0749999999999997 13.635250000000001 4.9000000000000021 0.54451901214479526 1.3647559385888377 20.303500000000003 4.5792500000000009 1.080100550108539 1.5000000000000002 0.74339984316575036 236.19477499999999 337.19400000000002 282.17000000000007 1.5000000000000002 19.563500000000001 45.101000000000006 1.5000000000000002 4.5000000000000009 6.5000000000000009 19.912500000000005 19.500000000000004 9.2340000000000018 47.318500000000007 0.27875000000000011
decision_type=2 2 2 2 2 2 2 2 2 2 2 8 2 2 2 2 2 2 8 2 2 10 2 2 2 2 2 10 2 2
left_child=16 2 3 8 5 -4 -6 9 22 -8 -11 12 13 -10 -15 -3 17 -1 -18 20 21 -7 -2 24 -24 26 27 -26 -27 -30
right_child=1 15 4 -5 6 19 7 -9 11 10 -12 -13 -14 14 -16 -17 18 -19 -20 -21 -22 -23 23 -25 25 28 -28 -29 29 -31
leaf_value=-0.012360194205321485 -0.27325118666465442 0.0020405386344399005 0.0069722933362895718 -0.20029503250348155 0.4263077487543887 0.39602328490684879 0.97438181743389896 -0.19989148349607283 0.1039028683822084 -0.14601161858516329 0.061309620924323627 -0.43248335161141904 -0.049753747587917181 0.77573787988216036 0.15189005589550661 -0.80531632049884372 -3.4178120321759486 2.5763670214085055 -0.29132154640492536 0.74285737164018761 -0.17343480740440553 1.0572119337762282 0.030976588722312279 -0.11263790224420074 1.7667205544040692 -0.47157569890257012 0.52327074886246372 2.5671435294345879 1.3652682513217103 1.956742836104703
leaf_weight=228824 1090 1966 8542 6746 32 1368 594 7896 85 3144 2618 1519 855 32 67 5958 1435 716 2821 1396 910 104 834 1208 300 578 206 118 244 34
leaf_count=228824 1090 1966 8542 6746 32 1368 594 7896 85 3144 2618 1519 855 32 67 5958 1435 716 2821 1396 910 104 834 1208 300 578 206 118 244 34
internal_value=-0.000234376 -0.000769343 -0.000470139 -0.00137108 1.12646e-06 0.00100243 -0.000862505 -0.000919872 -1.39482e-05 0.000333542 -0.000183965 -0.00212666 0.000871029 0.0121196 0.0212626 -0.00229934 -0.000123528 -9.12707e-05 -0.00186325 0.00311276 0.00169605 0.00376359 0.00115785 0.00205565 0.00366465 0.00560811 0.0104647 0.0147368 0.00206776 0.00920863
internal_weight=282240 48444 40520 13916 26604 12320 14284 14252 7170 6356 5762 2558 1039 184 99 7924 233796 229540 4256 3778 2382 1472 4612 3522 2314 1480 624 418 856 278
internal_count=282240 48444 40520 13916 26604 12320 14284 14252 7170 6356 5762 2558 1039 184 99 7924 233796 229540 4256 3778 2382 1472 4612 3522 2314 1480 624 418 856 278
is_linear=0
shrinkage=0.05


Tree=127
num_leaves=31
num_cat=0
split_feature=10 14 6 0 13 8 13 10 3 13 2 2 7 10 13 13 16 6 16 8 0 3 13 8 2 12 16 13 3 3
split_gain=6.91878 5.88346 8.72453 7.3101 6.6325 5.85169 5.60016 5.01313 9.93159 6.65553 5.8204 16.353 6.33549 5.37485 5.24956 4.94366 7.05177 7.79996 6.7397 6.42746 6.06134 6.03932 5.91164 5.89576 4.8469 6.26388 4.84139 6.66617 4.75292 10.2511
threshold=5.1922619047619065 66.765000000000015 1.450292558713316 1.5000000000000002 37.693500000000007 0.81318239793828317 252.66000000000003 -1.1571428571428579 1.5000000000000002 104.68500000000002 1.5000000000000002 3.5000000000000004 0.82388276095400614 -1.5285714285714269 55.635000000000012 -0.15899999999999997 21.060350000000003 1.2230292006795527 -0.49174999999999991 1.4918569986219337 1.5000000000000002 1.5000000000000002 2.7615000000000003 1.6755321962425711 1.0000000180025095e-35 1.1762500000000002 18.835700000000003 94.249000000000009 6.5000000000000009 7.5000000000000009
decision_type=2 2 2 2 8 2 10 2 2 10 2 2 2 2 8 10 2 2 2 2 2 2 10 2 2 2 2 8 2 2
left_child=1 6 3 4 24 -5 15 8 9 10 -6 12 -12 -10 -13 28 17 -17 22 -20 21 -21 -19 -23 25 -3 27 -2 -1 -30
right_child=26 2 -4 5 7 -7 -8 -9 13 -11 11 14 -14 -15 -16 16 -18 18 19 20 -22 23 -24 -25 -26 -27 -28 -29 29 -31
leaf_value=0.0063085340035010208 0.03654315174647986 -0.081036028889019451 -0.48721369573311413 0.19701213062058465 0.11681034129933626 -0.07148359850439262 1.9127071187084503 -0.25026525855438225 -0.22936331067038035 -0.16190229560697389 1.2626512239304422 0.46732542463856214 0.37540282240558448 1.6355645448796114 0.20084779782290912 0.025289913741076833 -0.022539736817030417 0.17202181381559523 0.040668301339414903 -0.2191186961948513 0.097380955148950607 0.1262989740883704 0.057594312869285319 0.1545784065582842 -0.88585713574031011 1.4834684775783198 -0.49627857678785681 -0.15375579342636217 -0.23152250803631669 -0.042494856682186249
leaf_weight=48855 1974 717 5318 9106 320 39526 177 15026 2322 273 103 30 32 133 331 37072 49956 105 6331 132 662 423 106 396 2782 31 2506 2024 10156 45315
leaf_count=48855 1974 717 5318 9106 320 39526 177 15026 2322 273 103 30 32 133 331 37072 49956 105 6331 132 662 423 106 396 2782 31 2506 2024 10156 45315
internal_value=-0.00022853 -0.00019051 -0.000564761 -0.000417917 -0.00117195 -7.52603e-05 -4.79765e-05 -0.000794293 0.00089729 0.00487144 0.00713235 0.0105242 0.0253704 -0.000865582 0.0049723 -5.58633e-05 0.00020471 0.000657018 0.00205702 0.00182276 0.00464042 0.00719769 0.0108768 0.00879731 -0.00315864 0.000414437 -0.00184041 -0.000760381 -0.0002936 -0.00061032
internal_weight=282240 275736 76050 70732 22100 48632 199686 18570 3544 1089 816 496 135 2455 361 199509 95183 45227 8155 7944 1613 951 211 819 3530 748 6504 3998 104326 55471
internal_count=282240 275736 76050 70732 22100 48632 199686 18570 3544 1089 816 496 135 2455 361 199509 95183 45227 8155 7944 1613 951 211 819 3530 748 6504 3998 104326 55471
is_linear=0
shrinkage=0.05


Tree=128
num_leaves=31
num_cat=0
split_feature=7 8 16 16 17 3 15 15 6 2 2 1 0 16 6 0 3 6 1 1 1 7 2 10 10 0 14 16 2 1
split_gain=6.84215 6.17226 6.15148 6.10747 5.9112 7.57046 13.3116 12.3792 10.35 12.7387 10.7106 12.0965 5.62036 4.88636 6.62954 4.93975 8.80874 5.41136 4.71899 7.63748 9.3636 11.1196 7.63123 7.00404 6.68075 6.44016 6.30405 5.88351 5.6166 5.62039
threshold=1.6294729635636733 1.7804483559979489 21.820250000000001 148.69947500000001 54.000000000000007 10.500000000000002 106.94100000000002 39.862500000000004 1.0366247893146072 1.0000000180025095e-35 3.5000000000000004 5.5000000000000009 1.5000000000000002 22.18975 1.1839061703319149 1.5000000000000002 4.5000000000000009 1.7800415462310248 22.500000000000004 15.500000000000002 19.500000000000004 0.95870484456311134 4.5000000000000009 -4.4642857142857117 0.97142857142857431 2.5000000000000004 -6.0199999999999987 26.128600000000002 5.5000000000000009 11.500000000000002
decision_type=2 2 2 2 2 2 2 2 2 2 2 2 2 2 2 2 2 2 2 2 2 2 2 2 2 2 2 2 2 2
left_child=1 3 -2 18 -5 -6 7 -7 9 -9 11 -11 -4 14 -3 16 -16 -18 19 22 21 -21 24 -23 -1 -22 28 -26 -24 -30
right_child=2 13 12 4 5 6 -8 8 -10 10 -12 -13 -14 -15 15 -17 17 -19 -20 20 25 23 26 -25 27 -27 -28 -29 29 -31
leaf_value=0.017211343756626297 -0.0067521862269592451 -0.31444852712182902 -0.52090633968143496 -0.89746627252326661 -0.85652659461566005 -0.69798174269568813 0.055419970749923733 -0.4614312418789247 -3.8010938892251183 0.20298662818785093 2.6286164236684968 5.5873644515289946 -0.2528211111294511 -0.60297263029989701 -0.04031614695007929 -0.053361635832730542 0.07620485152436432 0.2132213430565226 -0.12491919388859118 0.36116718528524555 -0.075040357845661279 0.86407704982632261 -0.049572111980135253 0.040866929850701755 0.00082667477003866674 0.1995991498913644 -0.06344156691011453 -0.28293152149322348 -0.34018726037639208 0.54398108154383384
leaf_weight=101270 5510 780 1734 5940 2767 197 2642 51 56 30 63 134 4148 1462 266 464 168 100 11052 10228 24662 448 284 30380 9748 7568 49392 10214 94 388
leaf_count=101270 5510 780 1734 5940 2767 197 2642 51 56 30 63 134 4148 1462 266 464 168 100 11052 10228 24662 448 284 30380 9748 7568 49392 10214 94 388
internal_value=-0.000226936 -0.000176447 -0.00142732 -0.000150184 -0.00125842 -0.000143099 0.00152379 0.00874764 0.0146108 0.0185611 0.0236344 0.0303659 -0.00255185 -0.00234568 -0.000584928 0.00211423 0.00539326 0.011791 -9.86998e-05 -5.30509e-05 0.000374149 0.000874901 -0.000235721 0.000400933 -2.11177e-05 -0.000263731 -0.000754417 -0.00085713 0.00374674 0.00703319
internal_weight=282240 270848 11392 267608 11880 5940 3173 531 334 278 227 164 5882 3240 1778 998 534 268 255728 244676 73286 41056 171390 30828 121232 32230 50158 19962 766 482
internal_count=282240 270848 11392 267608 11880 5940 3173 531 334 278 227 164 5882 3240 1778 998 534 268 255728 244676 73286 41056 171390 30828 121232 32230 50158 19962 766 482
is_linear=0
shrinkage=0.05


Tree=129
num_leaves=31
num_cat=0
split_feature=7 8 14 14 13 3 8 13 2 5 14 14 3 7 2 2 14 1 5 7 13 1 0 6 14 13 16 3 7 16
split_gain=6.35679 6.46534 5.84377 5.6009 6.95208 9.97419 8.96187 6.61165 6.18875 5.95721 6.03991 6.43766 5.95426 6.35475 5.87683 9.85163 8.46865 9.09765 6.26088 5.75009 5.82424 5.67817 5.64665 6.97298 12.906 8.58469 9.3046 6.64906 9.28201 6.19428
threshold=1.6294729635636733 1.8461972023374515 26.861500000000003 92.041500000000028 413.92000000000002 10.500000000000002 1.1694126047795292 9.2340000000000018 1.5000000000000002 1.0000000180025095e-35 418.15500000000003 98.566500000000005 9.5000000000000018 0.50013865813216063 5.5000000000000009 4.5000000000000009 -1.0000000180025095e-35 10.500000000000002 1.0000000180025095e-35 0.97291061820746527 10.752500000000003 17.500000000000004 2.5000000000000004 1.3426241903139282 19.271500000000003 -1.0000000180025095e-35 2.1647500000000006 6.5000000000000009 1.1326437944287546 3.1982500000000003
decision_type=2 2 2 2 8 2 2 10 2 2 2 2 2 2 2 2 2 2 2 2 10 2 2 2 2 8 2 2 2 2
left_child=1 3 -2 7 8 -6 9 22 -5 10 11 -7 -10 -14 15 18 17 -16 -9 -19 -21 -18 23 27 25 26 -25 28 29 -1
right_child=2 -3 -4 4 5 6 -8 14 12 -11 -12 -13 13 -15 16 -17 21 19 -20 20 -22 -23 -24 24 -26 -27 -28 -29 -30 -31
leaf_value=-0.16222602114025886 -0.010701866144441482 -0.14378746544707943 -0.45766239540164383 -0.033468513416311955 -0.14746278328237511 -1.5460741527417516 -1.2978432787246375 0.060872319347969044 -0.18887121232211362 -5.1732021063485156 -0.72352882004372743 1.9828663871677847 1.1652660200165672 -1.035910045758323 -0.0014188955141086407 -0.10610926302406352 0.016635495267337319 -0.52427596610546368 -0.28988375844505682 1.200005310721008 0.44729804045716626 0.24828957888882877 0.076454130219408445 0.14709643451251772 -0.21781138847755033 0.059279173317570814 0.031523442664511368 -0.11730838834648083 -0.17350982475648319 0.039514531067008432
leaf_weight=4739 6158 2464 5234 8101 16373 500 639 53336 9697 285 614 5067 31 4661 278 13246 8113 44 2142 60 270 2897 27858 186 4136 6999 209 53365 4944 39594
leaf_count=4739 6158 2464 5234 8101 16373 500 639 53336 9697 285 614 5067 31 4661 278 13246 8113 44 2142 60 270 2897 27858 186 4136 6999 209 53365 4944 39594
internal_value=-0.000226404 -0.000177739 -0.00138343 -0.000154332 -0.000656762 -5.49462e-05 0.0015095 -5.04922e-05 -0.00128502 0.00206774 0.00239362 0.0029127 -0.00190736 -0.00336957 0.000311869 0.000135759 0.00134968 0.0068865 0.000428277 0.0119786 0.0142424 0.0010218 -0.000255581 -0.00041131 0.000754552 0.00200568 0.00917721 -0.000542274 -0.000123487 0.000105676
internal_weight=282240 270848 11392 268384 45968 23478 7105 222416 22490 6466 6181 5567 14389 4692 80386 68724 11662 652 55478 374 330 11010 142030 114172 11530 7394 395 102642 49277 44333
internal_count=282240 270848 11392 268384 45968 23478 7105 222416 22490 6466 6181 5567 14389 4692 80386 68724 11662 652 55478 374 330 11010 142030 114172 11530 7394 395 102642 49277 44333
is_linear=0
shrinkage=0.05


Tree=130
num_leaves=31
num_cat=0
split_feature=5 2 1 1 2 13 1 7 3 3 12 14 13 1 3 13 14 6 7 3 2 8 7 8 15 15 14 14 2 3
split_gain=6.13897 6.38232 5.71171 6.89984 8.76463 17.9907 9.08195 11.2893 10.5916 11.6283 13.0449 7.85541 10.4465 7.45421 6.62247 11.1686 7.90211 7.6736 8.82614 18.6118 15.0208 8.74668 7.32721 6.99651 11.2112 6.72259 6.71607 7.10271 14.8139 8.60084
threshold=1.0000000180025095e-35 1.0000000180025095e-35 6.5000000000000009 20.500000000000004 1.0000000180025095e-35 -2.3734999999999995 16.500000000000004 0.71047649234106702 2.5000000000000004 4.5000000000000009 0.17875000000000002 146.27500000000003 92.006000000000014 9.5000000000000018 10.500000000000002 149.85000000000002 87.804000000000016 1.1505216241342457 1.5128353715812746 5.5000000000000009 2.5000000000000004 0.75496400316949874 0.53998001934824225 1.5010251687775866 39.365000000000002 241.35000000000005 418.15500000000003 159.86750000000004 2.5000000000000004 11.500000000000002
decision_type=2 2 2 2 2 10 2 2 2 2 2 2 10 2 2 8 2 2 2 2 2 2 2 2 2 2 2 2 2 2
left_child=2 -2 -1 4 5 -4 8 -8 -6 10 13 12 -7 -10 16 22 17 25 19 20 23 -22 -16 24 -19 -11 27 -17 29 -29
right_child=1 -3 3 -5 6 11 7 -9 9 14 -12 -13 -14 -15 15 26 -18 18 -20 -21 21 -23 -24 -25 -26 -27 -28 28 -30 -31
leaf_value=-0.04784205763252905 -0.54812404173635376 -0.06688955322424249 -0.053471860823728429 -0.082012359075726127 0.12838330920759108 0.34183427030421609 0.51878246613229306 0.045814917212761319 0.23760853271485557 -0.081517931719181966 -0.29967917322652365 -0.59188312467515658 1.3686206189374577 -0.1576060337476376 1.13293515444774 0.46226062046757543 -0.50255343930014973 1.4037434874393002 -0.032261487745204452 0.057079248147332451 1.5128803418405639 0.14291528160606146 -0.15432463715482164 -0.011246923581698175 0.63915088528321817 2.064966242137444 -1.1436249667752345 6.7989474655430868 0.91014192716560327 2.4349592560499929
leaf_weight=78744 1728 10552 11843 33744 15760 8844 4336 34224 3378 35526 6846 1149 676 5856 308 7093 4940 116 2410 5110 60 536 5774 42 116 344 579 201 1028 377
leaf_count=78744 1728 10552 11843 33744 15760 8844 4336 34224 3378 35526 6846 1149 676 5856 308 7093 4940 116 2410 5110 60 536 5774 42 116 344 579 201 1028 377
internal_value=-0.000221798 -0.00131515 -0.000172064 -2.44761e-05 0.000114559 0.0010279 -3.77902e-05 0.000610735 -0.0002972 -0.000528895 -0.00173197 0.0025171 0.00298844 -0.000505741 -0.000229245 0.000677082 -0.000512196 -0.000300498 0.00106079 0.0020903 0.00885057 0.00439597 -0.000988163 0.0185401 0.0219397 -0.000618903 0.0017687 0.00211576 0.00511831 0.0115225
internal_weight=282240 12280 269960 191216 157472 22512 134960 38560 96400 80640 16080 10669 9520 9234 64560 15360 49200 44260 8390 5980 870 596 6082 274 232 35870 9278 8699 1606 578
internal_count=282240 12280 269960 191216 157472 22512 134960 38560 96400 80640 16080 10669 9520 9234 64560 15360 49200 44260 8390 5980 870 596 6082 274 232 35870 9278 8699 1606 578
is_linear=0
shrinkage=0.05


Tree=131
num_leaves=31
num_cat=0
split_feature=10 14 13 6 7 6 14 8 3 12 0 14 3 3 15 10 13 13 13 13 10 15 8 3 10 0 13 6 14 15
split_gain=6.52198 6.18076 12.421 7.35226 6.36479 6.23618 12.3476 7.80382 7.71822 10.3811 8.46798 7.11925 7.33324 9.58218 16.6741 12.0863 7.05225 7.00906 6.9094 6.63028 6.48245 9.36734 9.24697 15.5101 8.67047 7.2418 6.35774 5.72385 5.70746 5.90699
threshold=5.1922619047619065 44.741000000000007 5.9910000000000005 1.4852693472893501 0.58705545562080219 1.1788083778716205 -0.99899999999999989 1.1222925760161437 4.5000000000000009 0.74125000000000008 2.5000000000000004 14.941000000000001 10.500000000000002 11.500000000000002 26.102500000000003 -0.89999999999999969 0.16150000000000003 3.2590000000000003 107.41500000000001 34.583500000000008 1.0571428571428585 43.765000000000008 0.84743842535593161 2.5000000000000004 0.41428571428571509 2.5000000000000004 6.2025000000000015 1.5129293625919331 26.861500000000003 64.481500000000025
decision_type=2 2 8 2 2 2 2 2 2 2 2 2 2 2 2 2 8 8 10 10 2 2 2 2 2 2 8 2 2 2
left_child=1 5 -3 -4 -5 7 17 8 9 20 -10 16 27 14 -14 18 -8 -7 -16 -12 21 22 -1 24 -24 -25 28 -13 29 -23
right_child=-2 2 3 4 -6 6 11 -9 10 -11 19 12 13 -15 15 -17 -18 -19 -20 -21 -22 26 23 25 -26 -27 -28 -29 -30 -31
leaf_value=-0.038913417134542543 -0.083595990096318185 -0.64690487711031264 -0.04122241973933613 0.22655558977659865 -0.46411676390428369 0.14776600426039216 0.096025482890467598 -0.14389239919664251 -0.046798989967611254 -0.43920939563356431 0.31532870153059911 0.0024469130140694498 -0.077262148059073943 -0.034672899119686712 2.4952585394256577 1.3996601952423724 0.037664159036753388 0.21555687568644499 0.82382796551144633 -0.15699468596224186 -0.2153192147824371 0.22274706408175593 0.044148475264493448 0.58857454331203451 3.7088509464773431 0.062221343007050414 -0.0010122366941511009 -0.20964529307769297 -0.041486844904067913 0.54293485742090353
leaf_weight=3274 6504 4849 99952 542 5513 293 944 13760 75062 1726 13704 4184 380 1296 86 272 15276 761 30 3980 3000 128 4212 4786 80 940 12574 3806 171 155
leaf_count=3274 6504 4849 99952 542 5513 293 944 13760 75062 1726 13704 4184 380 1296 86 272 15276 761 30 3980 3000 128 4212 4786 80 940 12574 3806 171 155
internal_value=-0.000221621 -0.000184707 -0.000473408 -0.000360213 -0.00205202 9.39958e-06 0.000699282 -0.000127662 -2.10149e-06 0.00068028 -0.000230523 0.000486411 -0.000558983 0.00209787 0.00652344 0.0138144 0.0011344 0.00600569 0.0273276 0.000753788 0.000902113 0.00115311 0.00208697 0.00284089 0.000568498 0.00454418 0.000200337 -0.00124531 0.00601321 0.010371
internal_weight=282240 275736 110856 106007 6055 164880 27328 137552 123792 31046 92746 26274 10054 2064 768 388 16220 1054 116 17684 29320 26320 13292 10018 4292 5726 13028 7990 454 283
internal_count=282240 275736 110856 106007 6055 164880 27328 137552 123792 31046 92746 26274 10054 2064 768 388 16220 1054 116 17684 29320 26320 13292 10018 4292 5726 13028 7990 454 283
is_linear=0
shrinkage=0.05


Tree=132
num_leaves=31
num_cat=0
split_feature=14 13 3 8 16 13 7 0 14 13 3 8 1 1 14 10 8 3 6 14 10 3 7 2 14 14 2 3 8 13
split_gain=6.3542 9.7897 7.77949 7.39966 8.4127 7.13758 6.23732 5.61112 10.8656 10.1955 11.5643 10.19 8.04881 9.66641 6.89583 7.96939 9.01394 6.57793 6.54999 5.39153 5.47293 9.02155 6.42439 5.36649 9.12621 9.09592 10.9961 14.5884 17.286 22.0704
threshold=113.70750000000001 158.84000000000003 10.500000000000002 1.0000797180590746 236.19477499999999 9.2340000000000018 0.4934637238385659 1.5000000000000002 -0.72899999999999987 5.9910000000000005 2.5000000000000004 1.5700079377321494 16.500000000000004 20.500000000000004 51.432500000000012 -3.928571428571427 0.96465340681158218 10.500000000000002 0.9830476771683625 154.36050000000003 -2.3428571428571425 2.5000000000000004 0.44000494050618616 4.5000000000000009 182.51100000000002 154.36050000000003 1.0000000180025095e-35 11.500000000000002 0.99857713534972048 282.17000000000007
decision_type=2 8 2 2 2 10 2 2 2 8 2 2 2 2 2 2 2 2 2 2 2 2 2 2 2 2 2 2 2 10
left_child=5 -2 6 4 23 7 19 8 9 18 -11 12 -9 -14 -10 16 -16 -12 -1 20 -3 22 -22 25 -25 -4 -27 28 -28 -30
right_child=1 2 3 -5 -6 -7 -8 11 14 10 17 -13 13 -15 15 -17 -18 -19 -20 -21 21 -23 -24 24 -26 26 27 -29 29 -31
leaf_value=-0.056324193519926152 -0.48745809581656352 0.011555559274927723 1.0407067670088841 -1.5694069131697801 -0.29910106214201376 0.023403917826371128 -0.42033666316879342 -0.030584860968229568 -0.037359564890102032 0.37299616270595171 -0.041229917671099695 -0.23263685824609004 0.50493212672428678 -0.0420339379148508 -0.3189158169220202 -0.44355864471377854 0.48220583416410573 0.58303615713622392 0.15386800857554062 -0.56352418489776823 2.2474525969528196 0.37153148133806579 0.60475299743211164 0.86861973788017144 -0.76405303965735882 -0.30055850958260777 -0.81739729370167025 2.8924840765540836 6.7456592068815899 -0.45727905577530614
leaf_weight=239 10935 279 1455 628 2838 91484 9775 50847 72143 36 2047 3267 8807 8382 421 13634 531 237 931 209 99 171 55 580 578 352 96 944 188 52
leaf_count=239 10935 279 1455 628 2838 91484 9775 50847 72143 36 2047 3267 8807 8382 421 13634 531 237 931 209 99 171 55 580 578 352 96 944 188 52
internal_value=-0.000219495 -0.000917426 -0.000210122 0.000997924 0.00145913 -0.000138852 -0.00108991 -0.000338717 -0.000600706 0.00213467 0.000215516 -7.22389e-06 0.000123757 0.00105911 -0.000710778 -0.00170232 0.00272059 -0.000227672 0.00594017 0.00311808 0.00551324 0.00992308 0.0187013 0.00286808 -3.45435e-05 0.00395691 0.00651961 0.00867187 0.017619 0.0247917
internal_weight=282240 29234 18299 7711 7083 253006 10588 161522 90219 3490 2320 71303 68036 17189 86729 14586 952 2284 1170 813 604 325 154 4245 1158 3087 1632 1280 336 240
internal_count=282240 29234 18299 7711 7083 253006 10588 161522 90219 3490 2320 71303 68036 17189 86729 14586 952 2284 1170 813 604 325 154 4245 1158 3087 1632 1280 336 240
is_linear=0
shrinkage=0.05


Tree=133
num_leaves=31
num_cat=0
split_feature=16 13 10 3 15 16 2 1 10 16 2 3 0 2 0 7 16 1 7 1 14 2 14 8 13 7 0 15 0 13
split_gain=6.22219 7.51872 6.26133 5.69566 8.98113 11.0959 8.67182 8.44319 8.41264 8.69756 14.2936 10.6985 7.59551 6.95179 10.3273 13.2377 15.9927 11.476 6.53058 6.45217 7.25293 7.01354 6.15579 14.9264 5.80819 5.79318 11.6874 6.94838 6.85331 6.74458
threshold=148.69947500000001 228.58500000000004 5.1922619047619065 2.5000000000000004 78.135000000000005 24.34215 1.5000000000000002 7.5000000000000009 -1.0000000180025095e-35 61.213775000000005 5.5000000000000009 1.5000000000000002 1.5000000000000002 3.5000000000000004 1.5000000000000002 1.0042859353365239 4.2537250000000011 20.500000000000004 0.93605794798967856 18.500000000000004 29.086000000000002 5.5000000000000009 29.401000000000003 1.3146451805844623 82.403500000000022 1.2316304240647085 1.5000000000000002 44.315000000000005 1.5000000000000002 69.003500000000017
decision_type=2 8 2 2 2 2 2 2 2 2 2 2 2 2 2 2 2 2 2 2 2 2 2 2 8 2 2 2 2 10
left_child=2 -2 3 4 5 6 -1 -8 9 10 -7 -12 -10 14 15 16 18 -16 -9 20 -6 24 -5 25 -22 27 -27 -24 29 -29
right_child=1 -3 -4 22 19 8 7 13 12 -11 11 -13 -14 -15 17 -17 -18 -19 -20 -21 21 -23 23 -25 -26 26 -28 28 -30 -31
leaf_value=-0.23519594679047384 -1.3124680799893012 -0.16165898852744309 -0.077469314870477354 0.0017728625671198633 -0.26039434482518059 0.37200374324208979 0.045386646423636115 1.8058773009424678 -0.29691254441265674 -0.021146987718100037 0.97966262166972295 2.6986834942379492 -0.016075261216119883 0.22797790071484988 2.8431151288490391 -0.97492825110943837 0.55028037638196781 0.56518952034723091 2.3304439206750485 -0.096342682863010176 0.058246320914665521 -0.061677451359096705 0.039458728924190736 -0.41063336992971539 0.54329385501788652 -0.86428770657791087 -0.079611534333119294 -0.35010068380622955 -0.031311897310794458 0.23292602839906246
leaf_weight=1512 4354 7702 6466 117786 1448 898 2256 116 8678 1956 98 58 8404 1840 118 258 332 78 36 3030 1720 1192 39922 8708 6700 2496 7032 13299 31872 1875
leaf_count=1512 4354 7702 6466 117786 1448 898 2256 116 8678 1956 98 58 8404 1840 118 258 332 78 36 3030 1720 1192 39922 8708 6700 2496 7032 13299 31872 1875
internal_value=-0.000218255 -0.00132963 -0.000168664 -0.000130974 0.000412737 -0.000127263 0.00166055 0.00265792 -0.000709736 0.00172757 0.00538899 0.019359 -0.00113921 0.00450324 0.0080064 0.00530997 0.0101859 0.0182143 0.0236184 0.00143364 0.00199367 0.00249064 -0.000230281 -0.000508252 0.00299881 -0.000329341 -0.00149979 -0.00020111 -0.000612806 -0.00148741
internal_weight=282240 12056 270184 263718 40728 26638 6546 5034 20092 3010 1054 156 17082 2778 938 742 484 196 152 14090 11060 9612 222990 105204 8420 96496 9528 86968 47046 15174
internal_count=282240 12056 270184 263718 40728 26638 6546 5034 20092 3010 1054 156 17082 2778 938 742 484 196 152 14090 11060 9612 222990 105204 8420 96496 9528 86968 47046 15174
is_linear=0
shrinkage=0.05


Tree=134
num_leaves=31
num_cat=0
split_feature=14 13 3 15 6 6 2 13 2 14 15 15 3 13 16 6 10 2 13 2 1 2 5 6 10 15 1 3 7 3
split_gain=6.18572 8.41984 9.21753 7.85747 10.8608 12.3566 15.493 16.1448 16.8414 19.1873 28.2807 11.1329 26.6898 6.88796 8.5379 8.78257 7.78926 6.96147 12.9372 6.64037 6.53926 6.39409 6.3516 6.03095 5.9015 5.82704 5.82691 5.76925 7.57192 5.72642
threshold=113.70750000000001 228.58500000000004 10.500000000000002 90.711500000000015 1.0008124909445437 0.99938336059022215 4.5000000000000009 252.66000000000003 1.0000000180025095e-35 154.36050000000003 24.791500000000003 37.38150000000001 11.500000000000002 -0.15899999999999997 11.57625 0.94342258363213427 5.3642857142857174 2.5000000000000004 14.175000000000002 5.5000000000000009 4.5000000000000009 3.5000000000000004 1.0000000180025095e-35 1.4983572501281979 -3.0925824175824173 35.462500000000013 21.500000000000004 9.5000000000000018 0.50013865813216063 2.5000000000000004
decision_type=2 8 2 2 2 2 2 10 2 2 2 2 2 10 2 2 2 2 10 2 2 2 2 2 2 2 2 2 2 2
left_child=13 27 -3 4 5 -4 7 8 -7 10 -10 12 -11 16 15 21 20 23 -19 -20 -1 -15 26 -16 -5 -17 29 -2 -29 -22
right_child=1 2 3 24 -6 6 -8 -9 9 11 -12 -13 -14 14 17 25 -18 18 19 -21 22 -23 -24 -25 -26 -27 -28 28 -30 -31
leaf_value=-0.12317739039850156 -0.22902548952580515 -0.28642565829850736 -2.0811500152662386 4.8502382432271371 -1.6274424037457189 -0.21783507404861233 -0.2240877228736097 -0.088438450533247295 4.6348153965721934 7.195327167998923 -3.0491086733885284 4.3196894398961234 -6.0725365654353167 0.17734202754073036 0.070252873287017445 0.075503731475203464 -0.18727962139159648 -0.21441764848086226 -0.046410737824746563 0.094390725487786348 0.16801423660763617 -0.17070030367021793 -0.24021722875706919 -0.17067662103029105 -0.024595444072988928 -0.046496359105126221 -0.15147650155698048 1.1504257648582139 -1.7172831416656207 -0.011194985409390405
leaf_weight=29358 8235 9654 316 53 324 179 341 239 148 56 247 196 88 5228 36826 18331 2902 9773 31940 8971 11682 5235 4355 2693 4845 2493 10678 30 4283 72541
leaf_count=29358 8235 9654 316 53 324 179 341 239 148 56 247 196 88 5228 36826 18331 2902 9773 31940 8971 11682 5235 4355 2693 4845 2493 10678 30 4283 72541
internal_value=-0.000216838 -0.000905454 -0.000169604 0.00120734 0.00373946 0.00524862 0.00714859 0.00991761 0.0129431 0.0162925 0.00879747 0.025 0.0144444 -0.000137271 0.000134166 0.000845877 -0.000388015 -0.000112691 -0.000500554 -0.000110118 -0.000330214 -0.000335947 -0.000136315 0.00038475 0.000104123 0.00143968 -5.06329e-05 -0.00188397 -0.00336541 8.887e-05
internal_weight=282240 29234 16686 7032 2134 1810 1494 1153 914 735 395 340 144 253006 121490 31287 131516 90203 50684 40911 128614 10463 99256 39519 4898 20824 94901 12548 4313 84223
internal_count=282240 29234 16686 7032 2134 1810 1494 1153 914 735 395 340 144 253006 121490 31287 131516 90203 50684 40911 128614 10463 99256 39519 4898 20824 94901 12548 4313 84223
is_linear=0
shrinkage=0.05


Tree=135
num_leaves=31
num_cat=0
split_feature=16 8 13 15 2 2 8 10 16 7 6 15 15 15 8 3 3 16 8 7 12 3 12 15 8 16 16 3 12 15
split_gain=5.87503 7.38262 6.35922 6.55402 7.14818 6.53292 6.23801 5.31782 7.99217 9.8643 5.97257 8.54129 5.14854 5.11875 4.7488 4.68716 12.8943 15.6298 17.6209 6.10531 6.0442 5.91298 7.049 7.19944 9.05484 5.89224 5.44228 8.8923 15.7737 16.2829
threshold=133.26500000000001 1.0995170348194236 282.17000000000007 441.51000000000005 2.5000000000000004 1.0000000180025095e-35 0.76614300053182782 1.0571428571428585 27.957249999999998 1.1918166958358434 1.3647559385888377 40.872500000000009 138.64250000000001 -2.0949999999999993 1.2526170414273741 6.5000000000000009 7.5000000000000009 20.715850000000003 0.98313213066730398 0.85378865374186141 0.0037500000000000003 8.5000000000000018 1.0237500000000002 9.9210000000000012 0.57227953193875536 5.6842500000000005 2.8765250000000004 5.5000000000000009 1.0000000180025095e-35 46.225000000000001
decision_type=2 2 8 2 2 2 2 2 2 2 2 2 2 2 2 2 2 2 2 2 2 2 2 2 2 2 2 2 2 2
left_child=7 2 6 -4 5 -5 -2 12 10 14 -9 13 15 -12 -10 26 17 18 -17 -20 -18 22 23 24 -22 -21 -1 -28 29 -29
right_child=1 -3 3 4 -6 -7 -8 8 9 -11 11 -13 -14 -15 -16 16 20 -19 19 25 21 -23 -24 -25 -26 -27 27 28 -30 -31
leaf_value=-0.056345542090324087 1.0287956279783441 -0.85644762135964747 -0.075060835891214317 -7.8549983381452906 -1.5446820011753222 2.9781580380861237 -0.951996813635687 -0.051739050798394574 -0.0065525234315992253 -0.50022764563504885 0.29611969884237549 -0.18337148286096666 0.42184582923960651 0.056390797708966246 -0.34977740914562327 -0.25761166221291115 -0.033659125129938079 -0.23860049215677526 -0.29754172735368944 0.24952336826750884 1.5988148413396146 0.011159486801525001 -0.061766119518357122 0.3873602045100375 0.55075106779433469 0.048830093389380373 0.0026945995752262241 0.085087833472046986 -0.10624022781528103 0.54256122546329244
leaf_weight=6814 643 2540 7480 72 244 364 5115 18328 10412 7180 104 1068 8146 6560 3354 2074 69214 11952 558 1496 122 10372 1482 2542 1256 2884 83934 8088 4780 3062
leaf_count=6814 643 2540 7480 72 244 364 5115 18328 10412 7180 104 1068 8146 6560 3354 2074 69214 11952 558 1496 122 10372 1482 2542 1256 2884 83934 8088 4780 3062
internal_value=-0.00020674 -0.00112347 -0.000671075 0.000226714 0.00492647 0.00876147 -0.00194338 -0.000149974 -0.000632474 -0.00135969 -4.79674e-05 0.00111743 -4.63043e-05 0.00178271 -0.000576058 -9.40049e-05 -0.000332943 -0.00151181 0.000362235 0.00198663 -6.98934e-05 0.000813363 0.00215476 0.0032653 0.00617562 0.00261415 0.000138828 0.000232114 0.00131513 0.00234529
internal_weight=282240 16458 13918 8160 680 436 5758 265782 47006 20946 26060 7732 218776 6664 13766 210630 103952 18964 7012 4938 84988 15774 5402 3920 1378 4380 106678 99864 15930 11150
internal_count=282240 16458 13918 8160 680 436 5758 265782 47006 20946 26060 7732 218776 6664 13766 210630 103952 18964 7012 4938 84988 15774 5402 3920 1378 4380 106678 99864 15930 11150
is_linear=0
shrinkage=0.05


Tree=136
num_leaves=31
num_cat=0
split_feature=16 13 7 8 15 3 14 8 7 3 15 15 13 2 2 0 3 15 6 14 10 15 2 3 2 1 1 2 1 7
split_gain=5.74078 8.76401 5.46489 5.82326 5.28208 4.92138 5.58122 7.50288 5.01591 4.87883 9.09561 6.13709 9.13852 6.05096 4.82764 7.99345 4.55729 10.2 10.0361 4.45535 6.68833 4.95446 4.44368 6.37544 5.42368 4.39107 6.16752 7.02265 6.91389 7.44274
threshold=179.13925000000003 282.17000000000007 1.6294729635636733 1.8461972023374515 441.51000000000005 4.5000000000000009 -1.9789999999999999 1.1275032954798287 2.3646020039433977 10.500000000000002 97.277500000000018 43.765000000000008 413.92000000000002 2.5000000000000004 1.0000000180025095e-35 1.5000000000000002 11.500000000000002 16.931500000000003 1.1616602035052177 -6.0199999999999987 1.8928571428571439 -5.448999999999999 2.5000000000000004 9.5000000000000018 1.0000000180025095e-35 22.500000000000004 15.500000000000002 4.5000000000000009 19.500000000000004 0.96217608847446312
decision_type=2 8 2 2 2 2 2 2 2 2 2 2 10 2 2 2 2 2 2 2 2 2 2 2 2 2 2 2 2 2
left_child=2 -2 3 19 9 6 7 -4 -7 -3 11 -11 13 -13 15 -12 17 -10 -19 20 -1 -21 24 -24 -6 26 27 -23 29 -28
right_child=1 4 5 -5 22 8 -8 -9 16 10 14 12 -14 -15 -16 -17 -18 18 -20 21 -22 25 23 -25 -26 -27 28 -29 -30 -31
leaf_value=0.11721747747147587 -1.9792274139079937 -2.2319777530991014 -0.12807471525226952 -0.12402387992436981 -7.4622484212380265 -0.030952544403381618 -0.20842807226374749 0.13808369469445292 -0.004325408095558615 -0.90639793289402015 -1.9511432110628109 3.0802048293089328 -0.82303333066435413 3.4054014282193847 -0.4968966670428519 3.0641719389921338 -0.089643975250482802 -0.056837278113185542 1.4812122254267375 -0.18885481950636063 0.39747999238123455 -0.0027173467558452694 0.68860714422177249 -3.970146505813684 2.7283048375412307 -0.11278032713340656 0.31598800737227772 -0.057425225944906899 -0.028396837323348509 0.049276306321210578
leaf_weight=962 2832 1248 48 2448 72 7618 3318 30 130 90 152 57 54 89 2266 226 80 44 82 1102 56 123208 42 200 312 11130 10754 48838 32994 31758
leaf_count=962 2832 1248 48 2448 72 7618 3318 30 130 90 152 57 54 89 2266 226 80 44 82 1102 56 123208 42 200 312 11130 10754 48838 32994 31758
internal_value=-0.000205677 -0.00155759 -0.000168064 -0.000121749 -0.000257905 -0.00124229 -0.00283569 0.0103846 -0.000561983 -0.000899093 0.000214723 0.00862069 0.0135 0.02 -0.000707263 0.00452381 0.00541667 0.00867187 0.0188095 -9.89652e-05 0.00320236 -0.000111902 0.00402556 -0.00128099 0.00736979 -9.765e-05 -5.39697e-05 -0.000219303 0.000322755 0.000744259
internal_weight=282240 7640 274600 263250 4808 11350 3396 78 7954 4182 2934 290 200 146 2644 378 336 256 126 260802 1018 259784 626 242 384 258682 247552 172046 75506 42512
internal_count=282240 7640 274600 263250 4808 11350 3396 78 7954 4182 2934 290 200 146 2644 378 336 256 126 260802 1018 259784 626 242 384 258682 247552 172046 75506 42512
is_linear=0
shrinkage=0.05


Tree=137
num_leaves=31
num_cat=0
split_feature=16 7 8 16 0 8 16 6 3 0 7 14 10 15 1 3 15 1 1 0 15 15 2 14 6 14 3 6 3 1
split_gain=6.17382 5.65847 5.00331 4.8579 6.21041 4.65406 4.42318 6.30572 5.32978 10.692 5.21894 3.92869 6.14525 4.44714 4.10536 5.59557 8.85469 3.99731 5.48767 6.49236 7.14222 6.36297 6.27623 6.30573 8.62553 7.34794 8.57408 14.5027 8.76023 8.08857
threshold=179.13925000000003 1.6294729635636733 1.8461972023374515 21.820250000000001 1.5000000000000002 1.431933031150902 14.559750000000001 1.2015483413646921 2.5000000000000004 1.5000000000000002 1.3301345007876055 -6.0199999999999987 1.8928571428571439 -5.448999999999999 12.500000000000002 6.5000000000000009 7.541500000000001 22.500000000000004 15.500000000000002 1.5000000000000002 -1.7749999999999997 43.765000000000008 4.5000000000000009 40.025000000000013 0.99938336059022215 2.9835000000000007 10.500000000000002 1.0008124909445437 9.5000000000000018 7.5000000000000009
decision_type=2 2 2 2 2 2 2 2 2 2 2 2 2 2 2 2 2 2 2 2 2 2 2 2 2 2 2 2 2 2
left_child=1 2 11 5 -5 -3 7 -4 -9 10 -10 12 14 -13 -1 -16 -17 18 22 20 -20 -22 -15 24 -24 26 28 29 -26 -28
right_child=-2 3 6 4 -6 -7 -8 8 9 -11 -12 13 -14 17 15 16 -18 -19 19 -21 21 -23 23 -25 25 -27 27 -29 -30 -31
leaf_value=-0.16603346443591729 -0.6386239143600585 -0.032558254570981784 -0.28203216504419354 -0.44712609857362939 -0.20071813315183015 0.037769150042680402 -0.41302987443763239 -0.27084016292342178 0.092168041639293943 -0.038658571891975954 0.17837534117090054 -0.1794120785310426 0.37760599276217277 -0.0025814794180530438 -0.019030333406508532 0.68687839442344734 0.019028522983744273 -0.10714131077673623 0.97379329005921 0.16648619222160962 0.021991529573813475 -0.1823911408181853 -0.18149312135558379 -0.18704527913960656 0.10250692591747899 -0.031866656983452278 0.45865110284623056 0.01738910831798033 -0.095603700419850113 3.1176336710867467
leaf_weight=380 7640 3796 550 1734 4106 1714 1234 268 88 176 132 1102 56 123208 286 160 136 11130 276 37140 26122 11968 10036 13644 5442 17684 168 420 1340 104
leaf_count=380 7640 3796 550 1734 4106 1714 1234 268 88 176 132 1102 56 123208 286 160 136 11130 276 37140 26122 11968 10036 13644 5442 17684 168 420 1340 104
internal_value=-0.000201426 -0.000162419 -0.000115291 -0.00125551 -0.00226028 -0.000190564 -0.0023652 -0.000222406 0.00305723 0.00674242 0.0140909 -9.41722e-05 0.00300589 -0.00010632 0.00206861 0.0047079 0.00952703 -9.28179e-05 -5.1142e-05 0.000304213 -0.000151959 -0.00021003 -0.000207097 -0.000686762 -0.000333013 0.000161379 0.00147578 0.00677746 0.000934826 0.0157721
internal_weight=282240 274600 263250 11350 5840 5510 2448 1214 664 396 220 260802 1018 259784 962 582 296 258682 247552 75506 38366 38090 172046 48838 35194 25158 7474 692 6782 272
internal_count=282240 274600 263250 11350 5840 5510 2448 1214 664 396 220 260802 1018 259784 962 582 296 258682 247552 75506 38366 38090 172046 48838 35194 25158 7474 692 6782 272
is_linear=0
shrinkage=0.05


Tree=138
num_leaves=31
num_cat=0
split_feature=5 13 14 13 8 6 16 13 16 0 7 2 13 16 15 2 14 2 2 13 15 8 14 13 16 0 15 13 16 14
split_gain=6.01454 7.24827 5.2614 13.6425 9.52053 6.89904 7.3388 7.23108 7.74688 7.31028 5.98163 7.63201 5.21843 4.72115 8.16545 6.53389 4.91029 4.71795 9.28637 7.71409 7.33876 7.89477 11.2891 7.54658 9.3135 9.84551 4.92121 7.47942 7.54658 12.1081
threshold=1.0000000180025095e-35 39.081500000000005 32.601000000000006 5.9910000000000005 1.2909182634980512 1.3240537565917652 18.835700000000003 -1.0000000180025095e-35 2.5190250000000005 1.5000000000000002 0.67853887889321329 1.5000000000000002 94.249000000000009 262.24450000000007 337.19400000000002 1.5000000000000002 196.61150000000001 4.5000000000000009 5.5000000000000009 67.439000000000007 78.135000000000005 1.1136514582521042 87.804000000000016 104.68500000000002 57.252000000000002 1.5000000000000002 152.26500000000001 282.17000000000007 179.13925000000003 83.556500000000014
decision_type=2 8 2 8 2 2 2 8 2 2 2 2 10 2 2 2 2 2 2 8 2 2 2 10 2 2 2 8 2 2
left_child=2 -2 5 -4 13 -1 7 8 9 -7 11 -6 -13 14 17 16 -16 -5 20 -20 -19 -22 23 24 -23 -26 -21 -28 29 -29
right_child=1 -3 3 4 10 6 -8 -9 -10 -11 -12 12 -14 -15 15 -17 -18 18 19 26 21 22 -24 -25 25 -27 27 28 -30 -31
leaf_value=-0.0085440083204778132 0.045419930923571807 -0.22258548960582802 -0.44806463216820136 0.012505306661778818 -0.52586436858436991 0.13723648318587153 -0.089523340272665147 0.044652427750888513 0.040207491760411558 0.022735867526043618 -0.29186578937002539 0.22530995058213962 -0.12439182381900751 -1.0227227403985362 2.8236843872932074 0.28360641521048585 4.8600390407303458 -0.33056660780946018 0.19900596565661868 -0.1097061170417224 -0.077587155518944032 0.35499745411496747 -0.31858798769172769 -0.22831999602041964 1.1465061314662985 0.35432652786504021 -0.26571881614870646 -0.82244454760759822 -2.8420540892883537 2.4128462629086105
leaf_weight=117614 3618 8662 6487 86076 740 213 4264 13656 410 103 10158 1476 685 3092 212 410 68 8839 3883 8068 2668 70 144 56 47 67 170 55 88 141
leaf_count=117614 3618 8662 6487 86076 740 213 4264 13656 410 103 10158 1476 685 3092 212 410 68 8839 3883 8068 2668 70 144 56 47 67 170 55 88 141
internal_value=-0.000200363 -0.00128257 -0.000151135 -0.000373973 -0.00025992 6.75168e-05 0.000961063 0.00150118 0.00636364 0.0122468 -0.00153879 0.000463632 0.00196437 -0.00011362 -5.99677e-05 0.00536232 0.01125 -9.38656e-05 -0.000709171 0.000247883 -0.0017076 0.00040629 0.00710937 0.01375 0.0186413 0.0274561 -0.000593759 0.00447136 0.00943662 0.014898
internal_weight=282240 12280 269960 133700 127213 136260 18646 14382 726 316 13059 2901 2161 114154 111062 690 280 110372 24296 12405 11891 3052 384 240 184 114 8522 454 284 196
internal_count=282240 12280 269960 133700 127213 136260 18646 14382 726 316 13059 2901 2161 114154 111062 690 280 110372 24296 12405 11891 3052 384 240 184 114 8522 454 284 196
is_linear=0
shrinkage=0.05


Tree=139
num_leaves=31
num_cat=0
split_feature=16 8 7 17 3 15 14 15 15 4 8 14 14 15 15 3 1 15 3 1 1 7 14 0 15 8 3 3 7 1
split_gain=5.75807 6.58113 7.25036 7.1191 7.76537 14.1772 11.7552 12.1756 9.45868 8.9182 6.60707 6.50386 6.37048 5.77251 7.27044 6.7364 7.9085 6.23961 5.45959 7.05848 5.07016 4.98373 6.5146 9.10962 5.89935 4.8907 4.75794 4.80311 5.13286 6.28402
threshold=115.5305 1.118366024076878 0.45866769543872149 54.000000000000007 10.500000000000002 111.69250000000001 154.36050000000003 27.615000000000006 294.7000000000001 1.0000000180025095e-35 0.99857713534972048 130.98400000000001 212.04000000000005 89.783500000000018 56.091500000000011 11.500000000000002 17.500000000000004 34.272500000000008 9.5000000000000018 15.500000000000002 6.5000000000000009 1.502739726016894 23.271500000000003 1.5000000000000002 30.061000000000003 1.808390484862757 4.5000000000000009 8.5000000000000018 2.3646020039433977 13.500000000000002
decision_type=2 2 2 2 2 2 2 2 2 2 2 2 2 2 2 2 2 2 2 2 2 2 2 2 2 2 2 2 2 2
left_child=21 2 11 -4 8 6 -6 -8 -5 10 -9 -2 18 14 15 17 -17 -12 19 -10 -7 25 -23 -24 -25 -1 -26 -28 -29 -30
right_child=1 -3 3 4 5 20 7 9 12 -11 13 -13 -14 -15 -16 16 -18 -19 -20 -21 -22 22 23 24 26 -27 27 28 29 -31
leaf_value=-0.0057748942746867257 1.4372360650450737 -0.56397601221863791 -0.41946524574623223 -0.42334686594742293 -0.69043901859086398 -0.67916137994529535 0.01587269576673549 -1.2679192695553079 2.3856818727374414 -0.51515501679399278 6.7271795367478093 0.16803972061306185 -6.1273833885853399 4.0131051076232458 3.2700391777310105 -5.7120417771533463 3.4968980674846786 6.1381742070539804 0.1295418124556196 4.1636784896489276 0.62859811455482062 -0.0011153138133970075 -0.46720873709820521 -0.39640082872307675 -0.48058605139926647 -0.14248530731502571 0.45229831307504997 -0.19915605775236475 1.9122332373876501 0.16794232382958502
leaf_weight=238868 212 4082 9824 5282 372 634 217 49 87 73 46 330 105 108 131 72 30 48 77 69 2424 9062 2434 1872 1336 2214 828 1272 32 50
leaf_count=238868 212 4082 9824 5282 372 634 217 49 87 73 46 330 105 108 131 72 30 48 77 69 2424 9062 2434 1872 1336 2214 828 1272 32 50
internal_value=-0.000191151 -0.000927407 -0.000557208 -0.000714578 0.000237173 0.00186251 0.00660558 0.0101163 -0.000978649 0.0140305 0.0164876 0.0051476 0.00713018 0.0184483 0.0217584 0.0156633 0.0067647 0.0253191 0.0117382 0.0171154 8.50217e-05 -0.000121877 -0.000952269 -0.0020092 -0.00086271 -6.3714e-05 0.000343944 0.00178277 -5.16999e-05 0.0120732
internal_weight=282240 24272 20190 19648 9824 4204 1146 774 5620 557 484 542 338 435 327 196 102 94 233 156 3058 257968 16886 7824 5390 241082 3518 2182 1354 82
internal_count=282240 24272 20190 19648 9824 4204 1146 774 5620 557 484 542 338 435 327 196 102 94 233 156 3058 257968 16886 7824 5390 241082 3518 2182 1354 82
is_linear=0
shrinkage=0.05


Tree=140
num_leaves=31
num_cat=0
split_feature=16 7 8 17 8 15 7 14 15 17 15 16 6 8 1 15 15 2 16 14 2 14 15 15 0 12 8 10 2 15
split_gain=5.57909 5.5739 5.10595 5.6336 5.03495 4.58238 7.2447 4.51415 5.19285 4.42108 4.40966 4.05847 5.14213 3.77422 3.89857 3.88263 7.89884 7.71186 8.0746 10.1192 5.62683 7.61759 7.07247 12.3072 3.7175 5.99308 7.98317 5.5668 4.97228 5.414
threshold=148.69947500000001 1.6294729635636733 0.79308329380229947 54.000000000000007 1.8461972023374515 108.42250000000001 1.262498710849405 26.861500000000003 29.811000000000003 54.000000000000007 -1.115 18.835700000000003 1.2015483413646921 1.0995170348194236 5.5000000000000009 37.38150000000001 108.42250000000001 1.0000000180025095e-35 262.24450000000007 285.76500000000004 4.5000000000000009 196.61150000000001 58.933500000000009 77.185000000000016 2.5000000000000004 0.57375000000000009 0.88496692339787264 1.2357142857142887 4.5000000000000009 6.1650000000000009
decision_type=2 2 2 2 2 2 2 2 2 2 2 2 2 2 2 2 2 2 2 2 2 2 2 2 2 2 2 2 2 2
left_child=1 4 5 -4 24 -2 -7 9 -9 10 -3 12 -6 14 -5 -16 17 -17 19 20 21 -19 -23 -24 -1 26 -26 28 -28 -30
right_child=2 7 3 13 11 6 -8 8 -10 -11 -12 -13 -14 -15 15 16 -18 18 -20 -21 -22 22 23 -25 25 -27 27 -29 29 -31
leaf_value=-0.018411534557093441 -0.6000991460514149 0.45267865329786716 -0.84277277489940383 -0.72240529190930947 -0.27308202439775225 1.6192394421060106 3.9550116559970103 -0.44276001502123752 -0.14460920117053741 -0.062287391398868436 0.01998414249615231 -0.43570909172618788 0.046621241025025878 -1.1105499820367912 -1.8427379000286306 -0.83034197525304398 0.0079300193089353148 0.39998645828866553 -7.3592010416468119 2.8565920641035891 -0.80636141704769726 4.0180602218342205 -0.80687095561405775 4.1765236640922323 0.28970724850688673 -0.17782968965549961 0.12989060967648663 -0.33705642907256222 -0.36890107790194687 0.0083643905725692119
leaf_weight=194462 282 75 5681 554 586 340 72 2340 2780 3079 3004 1106 732 754 463 180 3149 146 99 57 77 45 77 80 10314 6888 28360 3446 2772 10240
leaf_count=194462 282 75 5681 554 586 340 72 2340 2780 3079 3004 1106 732 754 463 180 3149 146 99 57 77 45 77 80 10314 6888 28360 3446 2772 10240
internal_value=-0.000186013 -0.000139055 -0.00123839 -0.0014927 -9.16561e-05 0.00292507 0.00628641 -0.00122717 -0.00232422 -0.000315039 0.00102468 -0.00235974 -0.000485585 -0.000379336 0.000124821 0.000625428 0.00113811 0.00570959 0.00851119 0.0111826 0.00852941 0.0112356 0.0175248 0.0125159 -7.02205e-05 0.000266848 0.000440578 0.000151947 0.000312771 -0.000496466
internal_weight=282240 270184 12056 11362 258906 694 412 11278 5120 6158 3079 2424 1318 5681 4927 4373 3910 761 581 482 425 348 202 157 256482 62020 55132 44818 41372 13012
internal_count=282240 270184 12056 11362 258906 694 412 11278 5120 6158 3079 2424 1318 5681 4927 4373 3910 761 581 482 425 348 202 157 256482 62020 55132 44818 41372 13012
is_linear=0
shrinkage=0.05


Tree=141
num_leaves=31
num_cat=0
split_feature=14 10 13 10 15 2 13 10 2 14 13 1 5 13 16 0 2 16 15 2 0 15 1 1 1 2 0 15 12 14
split_gain=5.54394 8.71033 7.65366 6.88512 6.7916 5.80884 5.8942 7.57959 8.05354 7.0635 6.88239 5.79645 5.87362 5.51096 5.89594 5.56259 5.3536 5.23733 4.70929 4.70157 4.66892 4.66824 4.66714 4.54473 4.53913 4.51266 4.47211 4.44352 5.91192 5.41146
threshold=92.041500000000028 1.3928571428571437 -0.15899999999999997 5.3642857142857174 29.811000000000003 1.5000000000000002 59.905000000000008 -1.0142857142857127 5.5000000000000009 50.77150000000001 27.473500000000005 4.5000000000000009 1.0000000180025095e-35 inf 168.90877500000002 1.5000000000000002 1.0000000180025095e-35 63.841000000000008 125.26250000000002 5.5000000000000009 2.5000000000000004 441.51000000000005 5.5000000000000009 21.500000000000004 9.5000000000000018 1.0000000180025095e-35 2.5000000000000004 35.462500000000013 0.23375000000000004 37.242500000000007
decision_type=2 2 10 2 2 2 10 2 2 2 10 2 2 8 2 2 2 2 2 2 2 2 2 2 2 2 2 2 2 2
left_child=2 13 3 11 -4 22 7 -7 20 -8 -10 25 21 14 15 -2 18 19 -17 -11 -9 23 -6 27 -24 -1 -12 29 -29 -13
right_child=1 -3 4 -5 5 6 9 8 10 17 26 12 -14 -15 -16 16 -18 -19 -20 -21 -22 -23 24 -25 -26 -27 -28 28 -30 -31
leaf_value=-0.22124176240860582 -0.35843711632524555 -0.5896068099067594 0.037081267391140045 -0.16752859244064283 -0.079346494309174356 0.15097725293015241 -0.098854155457009096 -0.2235881567637602 -0.1055561467288342 0.35359613002414791 0.19333045517815034 0.0060714926308165513 -0.21505896296449697 0.036663789824298125 -0.87364675105646783 0.17426465756967058 -0.08408258524806396 0.079771343386930968 1.0113560836943152 0.56979286891957548 -0.089509790253522292 3.6583553705747018 0.61970372506000804 -0.12705112854853279 0.07512997750157592 -0.088153614850053449 -0.2305291247776583 0.18833343325543592 -0.14435462801829288 -0.24231906663869518
leaf_weight=4041 4433 5630 59078 2804 3748 2588 8221 12683 2275 1425 1622 35613 4131 20991 4197 1534 10287 4336 540 231 3603 49 2705 9806 9341 23887 592 26167 6255 9427
leaf_count=4041 4433 5630 59078 2804 3748 2588 8221 12683 2275 1425 1622 35613 4131 20991 4197 1534 10287 4336 540 231 3603 49 2705 9806 9341 23887 592 26167 6255 9427
internal_value=-0.000183533 -0.000675461 -8.37082e-05 -0.00035767 0.000213964 -0.000194867 -0.000533054 -0.00102149 -0.00133935 0.000269822 0.000535753 -0.000300145 -0.000107603 -0.000427804 -0.00100067 -0.000581757 -3.68105e-05 0.00157543 0.00228062 0.00396739 -0.0018562 -2.04439e-05 0.000609724 -2.91069e-05 0.00108916 -0.000930608 0.00252032 9.92733e-05 0.000545616 -0.000222026
internal_weight=282240 47612 234628 122180 112448 53370 37576 23363 20775 14213 4489 119376 91448 41982 20991 16794 12361 5992 2074 1656 16286 87317 15794 87268 12046 27928 2214 77462 32422 45040
internal_count=282240 47612 234628 122180 112448 53370 37576 23363 20775 14213 4489 119376 91448 41982 20991 16794 12361 5992 2074 1656 16286 87317 15794 87268 12046 27928 2214 77462 32422 45040
is_linear=0
shrinkage=0.05


Tree=142
num_leaves=31
num_cat=0
split_feature=14 6 3 3 6 15 15 10 8 15 1 8 15 14 6 8 7 10 8 7 10 8 0 3 15 8 15 2 8 5
split_gain=5.40918 10.7225 6.2689 6.53195 10.6776 16.1877 13.293 8.13084 13.4532 6.85681 6.75637 6.37017 11.2348 10.3793 7.1254 6.01005 5.95689 5.64634 5.36232 5.09074 5.08487 6.98807 5.39377 6.98409 13.711 15.9926 10.3328 8.01409 7.88965 8.36071
threshold=44.741000000000007 1.4852693472893501 10.500000000000002 11.500000000000002 1.2595073080218377 14.101000000000001 66.007500000000007 6.8250000000000002 1.0168306545709338 -0.81499999999999984 17.500000000000004 1.6631071998897591 16.531000000000002 4.0810000000000004 1.5684561516199567 1.6207102205488242 0.6972043456550211 -8.2607142857142843 1.1035440681000188 1.7785225864191649 -0.84285714285714219 1.2370981468828388 1.5000000000000002 3.5000000000000004 87.756500000000003 1.0517211997345159 72.715000000000018 4.5000000000000009 0.94759464941667637 1.0000000180025095e-35
decision_type=2 2 2 2 2 2 2 2 2 2 2 2 2 2 2 2 2 2 2 2 2 2 2 2 2 2 2 2 2 2
left_child=2 20 19 4 7 -6 10 17 -9 18 -7 -11 13 14 -13 -12 -3 -4 -5 -1 -2 22 23 24 -22 -26 27 28 -25 -30
right_child=1 16 3 9 5 6 -8 8 -10 11 15 12 -14 -15 -16 -17 -18 -19 -20 -21 21 -23 -24 26 25 -27 -28 -29 29 -31
leaf_value=-0.0077634988171523924 0.05837997550331249 0.18470593369495503 1.498074622665871 0.34103654713964671 0.060147355825607811 1.4381552792185837 0.014183454517175851 3.4869859852329448 0.02178908990927847 -0.042404711178199515 1.8122350167326049 0.075891080264018612 -0.10242287348045501 0.10665375826874571 0.28655831341363874 3.735883090942111 -0.55378386943379432 0.11958654379846086 -0.10455113386280211 -0.063256470647915397 -0.4319168580494106 -0.36829556213807263 -0.014078018426449283 -0.59490051299162072 0.17559067429213543 0.75701780946345576 -0.61043006814230072 -0.20615455026363386 0.35814024030955888 -0.8876055506731142
leaf_weight=143596 17006 864 122 74 1482 444 244 34 62 9176 140 30 294 324 42 32 6476 10778 46 3142 8184 4828 53212 1428 1428 118 6750 2898 8534 452
leaf_count=143596 17006 864 122 74 1482 444 244 34 62 9176 140 30 294 324 42 32 6476 10778 46 3142 8184 4828 53212 1428 1428 118 6750 2898 8534 452
internal_value=-0.000185482 -0.000454992 -7.70427e-06 0.000753729 0.00147773 0.00454312 0.01 0.000824844 0.0153125 -0.0002133 0.0139123 -0.000357796 0.00427536 0.00977273 0.0269444 0.0223256 -0.00230245 0.000697247 0.0116667 -0.000128734 -0.000325646 -0.00047887 -0.000371309 -0.000909977 -0.00200925 0.00230918 -0.000376833 0.000431189 0.00107835 0.00162697
internal_weight=282240 112178 170062 23324 13338 2342 860 10996 96 9986 616 9866 690 396 72 172 7340 10900 120 146738 104838 87832 83004 29792 9730 1546 20062 13312 10414 8986
internal_count=282240 112178 170062 23324 13338 2342 860 10996 96 9986 616 9866 690 396 72 172 7340 10900 120 146738 104838 87832 83004 29792 9730 1546 20062 13312 10414 8986
is_linear=0
shrinkage=0.05


Tree=143
num_leaves=31
num_cat=0
split_feature=10 16 13 16 13 7 8 12 14 7 16 3 8 3 1 1 2 3 15 1 16 15 16 15 14 15 15 8 7 1
split_gain=6.34634 5.38284 5.79125 4.92657 6.79695 6.73857 8.79913 7.56301 5.1528 4.57753 4.41251 4.38056 4.35925 4.06529 3.88131 7.82971 10.6291 7.16369 10.5668 8.01862 6.65038 10.8734 9.73189 12.4316 13.3171 7.65875 6.73894 6.22813 8.88615 6.53333
threshold=5.1922619047619065 236.19477499999999 282.17000000000007 6.05375 18.331000000000003 1.0042859353365239 0.9245852913966307 0.17375000000000002 3.0815000000000006 1.6661101906708728 1.7362500000000003 10.500000000000002 1.8874168711463624 4.5000000000000009 6.5000000000000009 8.5000000000000018 3.5000000000000004 1.5000000000000002 4.2010000000000014 19.500000000000004 43.977200000000003 69.991000000000014 34.339750000000009 24.022500000000004 34.233500000000006 35.462500000000013 48.795000000000009 1.5409342563367612 1.2682649393426357 21.500000000000004
decision_type=2 2 8 2 8 2 2 2 2 2 2 2 2 2 2 2 2 2 2 2 2 2 2 2 2 2 2 2 2 2
left_child=1 9 -3 4 5 -2 7 8 -7 12 -11 -6 14 -12 -1 16 -16 18 27 20 21 22 -20 -24 26 -22 -25 -17 29 -29
right_child=3 2 -4 -5 11 6 -8 -9 -10 10 13 -13 -14 -15 15 17 -18 -19 19 -21 25 -23 23 24 -26 -27 -28 28 -30 -31
leaf_value=-0.033166278378006363 -0.11050557253613585 -2.7525734173252778 -0.22707608560679243 -0.13301751311199569 -0.20032285304503478 0.15852532907669747 0.044041538369632205 -0.05012301054190027 0.37411229952546532 0.065593620505016603 -0.23833022488769862 0.13656348231602447 -0.12323105332779238 -0.038746344760416662 0.46235092983813186 0.44167620077219327 -0.027786374775590962 -0.019742978019324273 0.80445041058151046 -0.20882351755604087 -0.46209082297250864 -0.35856152363544269 -1.0707127724413865 8.5758940483653774 1.1853727862452328 0.21912393062813537 2.2290870787779129 0.88554576758970949 0.094896422304588932 0.12547326441754689
leaf_weight=77422 234 1468 2858 4838 803 64 285 41 59 602 2268 180 1792 5992 12224 706 9384 148202 1128 3328 1274 610 80 100 182 5808 48 120 100 40
leaf_count=77422 234 1468 2858 4838 803 64 285 41 59 602 2268 180 1792 5992 12224 706 9384 148202 1128 3328 1274 610 80 100 182 5808 48 120 100 40
internal_value=-0.000189025 -0.000152611 -0.00190245 -0.00173278 0.000612244 0.00444363 0.00802895 0.0172561 0.0234553 -0.00012472 -0.00124238 -0.00204985 -8.69948e-05 -0.00154358 -7.0105e-05 5.52532e-05 0.000949184 -6.41838e-05 0.00103741 0.000649784 0.00140845 0.00384544 0.00608582 0.0126829 0.0169697 0.000669301 0.0281081 0.0060766 0.0126923 0.02
internal_weight=282240 275736 4326 6504 1666 683 449 164 123 271410 8862 983 262548 8260 260756 183334 21608 161726 13524 12558 9230 2148 1538 410 330 7082 148 966 260 160
internal_count=282240 275736 4326 6504 1666 683 449 164 123 271410 8862 983 262548 8260 260756 183334 21608 161726 13524 12558 9230 2148 1538 410 330 7082 148 966 260 160
is_linear=0
shrinkage=0.05


Tree=144
num_leaves=31
num_cat=0
split_feature=10 16 13 16 13 14 15 15 7 15 8 10 3 15 15 6 14 3 15 16 15 14 13 15 14 16 3 16 13 1
split_gain=6.00106 5.18694 5.544 4.68862 6.05346 4.14615 5.05807 4.81378 4.56679 4.16827 4.12545 3.968 6.7229 5.97657 3.9118 4.07628 4.4709 4.65676 5.37034 4.02706 3.7826 3.75565 9.52941 3.71002 4.173 4.0656 5.85188 5.06789 7.27349 5.15253
threshold=5.1922619047619065 236.19477499999999 252.66000000000003 22.953500000000002 94.249000000000009 -6.0199999999999987 9.9210000000000012 0.17500000000000002 1.7095514940666547 -5.448999999999999 1.8874168711463624 0.61428571428571421 6.5000000000000009 6.4225000000000003 9.5915000000000017 1.1376493452268197 21.211000000000002 2.5000000000000004 3.1015000000000006 9.3087500000000016 34.272500000000008 285.76500000000004 6.4640000000000013 337.19400000000002 212.04000000000005 47.135250000000006 9.5000000000000018 119.81022500000002 121.47500000000001 15.500000000000002
decision_type=2 2 8 2 8 2 2 2 2 2 2 2 2 2 2 2 2 2 2 2 2 2 10 2 2 2 2 2 10 2
left_child=1 5 -3 4 20 6 7 -1 9 -7 21 12 -9 -14 15 -12 17 -17 -19 -20 -2 23 -23 -11 25 -25 27 -27 29 -29
right_child=3 2 -4 -5 -6 8 -8 11 -10 10 14 -13 13 -15 -16 16 -18 18 19 -21 -22 22 -24 24 -26 26 -28 28 -30 -31
leaf_value=0.068503072251398692 0.053361911564691611 -4.3226568483610226 -0.19722715608345787 -0.40537029970560151 -0.12182999628025022 -0.16954974255904251 -0.072072529195022383 -0.034596571487394388 -0.060285713795320398 -0.0099863450406736595 -0.22079557118748677 0.402258569987266 0.67541890246726111 0.020400011896540261 -0.27711544343918892 -0.14705074961874118 -0.28020811939756046 0.0450694191939843 0.28573114556172113 0.095859445178034797 -0.099333424348032287 3.1233158689001961 -1.385645290530396 6.8889414006442706 4.7204111762228482 -0.77378657933151107 -1.3573000886894724 3.191229493412322 -0.011548946361803671 4.1982855373463721
leaf_weight=368 1771 1333 2993 2232 2164 1082 376 124 7392 259092 278 44 128 78 1106 104 114 104 42 66 337 68 68 32 36 112 384 68 87 57
leaf_count=368 1771 1333 2993 2232 2164 1082 376 124 7392 259092 278 44 128 78 1106 104 114 104 42 66 337 68 68 32 36 112 384 68 87 57
internal_value=-0.000185482 -0.000150072 -0.00186778 -0.00168666 -0.000716293 -0.000122694 0.00291592 0.00530997 -0.000135262 -0.0001008 -8.80013e-05 0.00930481 0.00742424 0.0129612 -0.00246417 0.000437852 0.00348837 0.00655063 0.0108019 0.0186111 0.0011907 -7.14232e-05 0.00823529 -7.57704e-05 0.00337629 0.00256757 0.00177966 0.00672839 0.0112736 0.019
internal_weight=282240 275736 4326 6504 4272 271410 1118 742 270292 262900 261818 374 330 206 1814 708 430 316 212 108 2108 260004 136 259868 776 740 708 324 212 125
internal_count=282240 275736 4326 6504 4272 271410 1118 742 270292 262900 261818 374 330 206 1814 708 430 316 212 108 2108 260004 136 259868 776 740 708 324 212 125
is_linear=0
shrinkage=0.05


Tree=145
num_leaves=31
num_cat=0
split_feature=10 16 13 3 15 16 2 10 0 1 16 2 3 1 14 2 7 2 0 16 8 8 8 14 14 8 3 0 13 3
split_gain=5.80638 5.09847 6.17717 4.7977 7.40049 9.99495 8.22572 7.30021 6.99742 6.64287 6.41462 12.3473 11.6497 5.79764 6.2392 6.05047 5.78249 5.43736 9.67538 12.1423 13.1972 10.5861 8.53287 7.33097 5.35021 13.4163 8.29202 7.49398 7.24123 7.03779
threshold=5.1922619047619065 148.69947500000001 194.76050000000004 2.5000000000000004 78.135000000000005 24.34215 1.5000000000000002 -1.0000000180025095e-35 1.5000000000000002 7.5000000000000009 61.213775000000005 5.5000000000000009 1.5000000000000002 18.500000000000004 29.086000000000002 5.5000000000000009 1.310081621192966 3.5000000000000004 1.5000000000000002 4.2537250000000011 1.1866261163179455 1.2861914839609752 0.90420062924454203 4.9925000000000006 44.741000000000007 1.3146451805844623 3.5000000000000004 1.5000000000000002 5.7825000000000015 11.500000000000002
decision_type=2 2 8 2 2 2 2 2 2 2 2 2 2 2 2 2 2 2 2 2 2 2 2 2 2 2 2 2 8 2
left_child=1 3 -3 4 5 6 -1 10 -9 -8 11 -7 16 14 -6 -16 -13 18 19 20 22 -20 -11 -23 -5 26 27 -26 -28 -30
right_child=-2 2 -4 24 13 7 9 8 -10 17 -12 12 -14 -15 15 -17 -18 -19 21 -21 -22 23 -24 -25 25 -27 28 -29 29 -31
leaf_value=-0.23754698156454035 -0.070155173073404908 -1.1524896539851153 -0.095161312191175698 -0.0013373646471909768 -0.26944023811870527 0.32563345575521396 0.050843183074321147 -0.27182493639011335 -0.0078273188805910773 1.4065568647827369 -0.012698195100164672 -0.060180072424958833 2.5655583336651091 -0.085243494189398916 0.39556055791937478 -0.048235948887039581 1.278677171634454 0.20881486050969245 0.33645116099680156 0.082609000807026822 0.42157073715284482 0.56192802431193545 2.3278537335072031 3.0164337713111835 -0.53400488600693208 -0.46390724521686277 -0.59769477926866255 -0.1510104654953861 0.035705141687591535 -0.37573154738735898
leaf_weight=1512 6504 3964 8054 147550 1448 898 2256 8678 8404 32 1956 66 58 3030 8420 1192 32 1840 72 534 120 46 56 78 3542 6392 3246 6654 49109 6497
leaf_count=1512 6504 3964 8054 147550 1448 898 2256 8678 8404 32 1956 66 58 3030 8420 1192 32 1840 72 534 120 46 56 78 3542 6392 3246 6654 49109 6497
internal_value=-0.000179281 -0.000144451 -0.00115161 -9.85534e-05 0.00040046 -8.97226e-05 0.00160709 -0.000642545 -0.00104262 0.00257847 0.00162791 0.00477229 0.0177564 0.00132718 0.00185805 0.00231898 0.0072449 0.00421526 0.00731343 0.0047035 0.0149519 0.0171939 0.0296591 0.0260484 -0.000189696 -0.000532212 -0.000329337 -0.00164574 -0.000101272 3.27291e-05
internal_weight=282240 275736 12018 263718 40728 26638 6546 20092 17082 5034 3010 1054 156 14090 11060 9612 98 2778 938 742 208 196 88 124 222990 75440 69048 10196 58852 55606
internal_count=282240 275736 12018 263718 40728 26638 6546 20092 17082 5034 3010 1054 156 14090 11060 9612 98 2778 938 742 208 196 88 124 222990 75440 69048 10196 58852 55606
is_linear=0
shrinkage=0.05


Tree=146
num_leaves=31
num_cat=0
split_feature=16 13 10 16 6 13 3 7 15 3 3 10 12 14 7 13 14 2 14 13 15 14 16 3 16 13 14 16 7 10
split_gain=4.94461 5.4853 4.9723 6.00175 8.97998 8.76304 8.12469 4.30226 4.21189 5.61612 8.28043 6.4138 6.76459 5.625 3.93701 4.27598 5.67081 5.32791 3.75719 9.52941 3.72251 4.164 4.06089 5.18125 4.71079 6.66851 5.50957 3.72747 4.94941 8.48255
threshold=236.19477499999999 252.66000000000003 4.4285714285714306 7.0055000000000005 1.1616602035052177 18.331000000000003 10.500000000000002 1.0042859353365239 34.272500000000008 4.5000000000000009 6.5000000000000009 6.8250000000000002 0.058750000000000004 26.462500000000002 1.7095514940666547 0.37100000000000005 5.5515000000000008 3.5000000000000004 285.76500000000004 6.4640000000000013 337.19400000000002 212.04000000000005 47.135250000000006 9.5000000000000018 119.81022500000002 121.47500000000001 85.421000000000006 115.5305 0.45866769543872149 0.33571428571428613
decision_type=2 8 2 2 2 8 2 2 2 2 2 2 2 2 2 8 2 2 2 10 2 2 2 2 2 10 2 2 2 2
left_child=2 -2 14 4 -4 -6 -7 8 9 -5 13 -12 -13 -11 18 16 17 -16 20 -20 27 22 -22 24 -24 26 -26 -1 29 -29
right_child=1 -3 3 7 5 6 -8 -9 -10 10 11 12 -14 -15 15 -17 -18 -19 19 -21 21 -23 23 -25 25 -27 -28 28 -30 -31
leaf_value=-0.0040980930162218734 -4.0678164404211472 -0.18298017514983472 -0.13571234135743301 -0.36812710100526624 0.097221506460452647 -0.12720777099140243 0.20639860681407254 -0.14091250429268762 -0.46693081874474729 0.99952601540420716 -0.077881307914768008 2.8239946699101157 -0.071454544426771724 0.90073572133966795 0.43473626870660786 -0.073086246657688411 -0.13312127835927343 0.022862938211048706 2.9719081410647452 -1.3116049603943163 6.5445611988444163 4.4891486830212646 -0.75307595356284485 -1.223782063587475 4.5384184244519972 -0.0062134334341539827 3.2842138977433217 0.1355086529035899 -0.25165968941248523 2.096817079137594
leaf_weight=241576 1335 2995 1400 506 551 611 234 4422 1084 80 510 64 52 80 107 6690 219 140 68 68 32 36 112 376 46 87 79 788 17774 118
leaf_count=241576 1335 2995 1400 506 551 611 234 4422 1084 80 510 64 52 80 107 6690 219 140 68 68 32 36 112 376 46 87 79 788 17774 118
internal_value=-0.000170955 -0.00184758 -0.000144832 -0.00126329 0.000686694 0.00352435 0.000325443 -0.00206531 -0.000349328 0.00157895 0.00422392 0.00162939 0.0122414 0.014375 -0.00010484 -0.00126188 0.0033691 0.00856275 -7.31364e-05 0.00823529 -7.74653e-05 0.00339844 0.00258197 0.00178571 0.00641975 0.0108019 0.0182 -8.77225e-05 -0.000768202 0.00283664
internal_weight=282240 4330 277910 9594 2796 1396 845 6798 2376 1292 786 626 116 160 268316 7156 466 247 261160 136 261024 768 732 700 324 212 125 260256 18680 906
internal_count=282240 4330 277910 9594 2796 1396 845 6798 2376 1292 786 626 116 160 268316 7156 466 247 261160 136 261024 768 732 700 324 212 125 260256 18680 906
is_linear=0
shrinkage=0.05


Tree=147
num_leaves=31
num_cat=0
split_feature=10 16 13 16 13 5 13 3 15 14 3 15 1 14 8 12 15 7 15 10 14 8 1 3 1 10 14 15 16 0
split_gain=5.30773 4.73622 5.15789 4.30761 5.58672 4.10616 6.33835 6.02823 5.80578 4.64663 4.55767 9.36811 8.59767 6.69088 7.24345 6.52913 6.41843 6.5343 8.95245 9.36433 4.32404 3.98541 3.98028 6.23293 8.80021 7.17061 7.64786 14.9215 32.6975 13.512
threshold=5.1922619047619065 236.19477499999999 252.66000000000003 18.835700000000003 94.249000000000009 1.0000000180025095e-35 39.081500000000005 5.5000000000000009 337.19400000000002 212.04000000000005 10.500000000000002 3.6910000000000003 16.500000000000004 2.0515000000000003 0.7189828394805643 0.031250000000000007 1.0000000180025095e-35 0.95870484456311134 9.9210000000000012 -0.74285714285714255 2.4510000000000005 1.9280603271430354 6.5000000000000009 1.5000000000000002 19.500000000000004 -4.4642857142857117 36.33100000000001 69.991000000000014 38.877299999999998 1.5000000000000002
decision_type=2 2 8 2 8 2 8 2 2 2 2 2 2 2 2 2 2 2 2 2 2 2 2 2 2 2 2 2 2 2
left_child=1 5 -3 4 -2 8 7 -7 21 -10 11 -9 13 -13 -15 -14 -12 18 -18 -20 -19 22 -1 24 25 -24 27 28 29 -27
right_child=3 2 -4 -5 -6 6 -8 10 9 -11 16 12 15 14 -16 -17 17 20 19 -21 -22 -23 23 -25 -26 26 -28 -29 -30 -31
leaf_value=-0.033377537790194312 0.041491657451472694 -3.8596642535810397 -0.17345872391223416 -0.3403763304034092 -0.10601398334915689 -0.13664908127221229 -0.19806800483529194 -0.02699096734315062 1.6754879492610137 4.349111435013163 0.21630229919820218 0.89412782412287539 0.36392334514833213 2.3234208313368905 0.099317260666645937 0.12965068145317918 -0.43063043359167569 0.17105465211231571 1.519135512034306 -0.0054313141329836515 -0.18408128149101605 -0.098147238229709832 0.58173649317157838 -0.0028221194003609342 -0.15245345036105315 0.20868594801117563 0.10576047439374446 -0.51313623424375965 12.412798936579048 2.0389859641317543
leaf_weight=76072 1974 1333 2993 2506 2024 1476 8212 325 656 32 30 33 97 33 280 55 75 76 65 47 802 1368 928 166936 3480 1092 7726 778 144 592
leaf_count=76072 1974 1333 2993 2506 2024 1476 8212 325 656 32 30 33 97 33 280 55 75 76 65 47 802 1368 928 166936 3480 1092 7726 778 144 592
internal_value=-0.000167235 -0.000133934 -0.00177531 -0.00157903 -0.000560281 -0.000107772 -0.00102792 0.000789628 -6.66668e-05 0.00452035 0.00263816 0.00544957 0.00975903 0.00540462 0.00314696 0.0196711 0.000525113 -0.000117372 0.00836898 0.0173214 -0.00192483 -7.88462e-05 -6.45604e-05 6.25827e-05 0.00104817 0.00172735 0.00134921 0.00369148 0.00615974 0.00420427
internal_weight=282240 275736 4326 6504 3998 271410 11606 3394 259804 688 1918 823 498 346 313 152 1095 1065 187 112 878 259116 257748 181676 14740 11260 10332 2606 1828 1684
internal_count=282240 275736 4326 6504 3998 271410 11606 3394 259804 688 1918 823 498 346 313 152 1095 1065 187 112 878 259116 257748 181676 14740 11260 10332 2606 1828 1684
is_linear=0
shrinkage=0.05


Tree=148
num_leaves=31
num_cat=0
split_feature=10 16 6 13 3 8 16 13 3 15 15 13 2 15 15 7 2 15 3 3 10 12 8 12 16 7 16 8 15 13
split_gain=5.03391 5.10609 7.05422 7.97929 6.35794 6.2127 4.52091 7.96591 4.47052 8.76263 8.23979 10.8714 4.58335 4.53198 4.06242 3.8961 3.70749 3.67475 4.55267 8.43244 4.67658 5.38686 7.35 4.24242 3.99787 3.59135 3.8411 4.92078 4.7939 3.76767
threshold=4.4285714285714306 7.0055000000000005 1.1616602035052177 18.331000000000003 5.5000000000000009 0.9245852913966307 179.13925000000003 181.19500000000002 10.500000000000002 89.783500000000018 43.765000000000008 252.66000000000003 2.5000000000000004 141.68250000000003 441.51000000000005 1.0042859353365239 2.5000000000000004 32.642500000000005 4.5000000000000009 6.5000000000000009 6.8250000000000002 0.058750000000000004 1.0900215495746772 1.4337500000000003 46.562500000000007 1.6294729635636733 21.820250000000001 1.431933031150902 70.857500000000016 25.564500000000006
decision_type=2 2 2 8 2 2 2 8 2 2 2 10 2 2 2 2 2 2 2 2 2 2 2 2 2 2 2 2 2 8
left_child=6 2 -2 5 -5 -4 25 -8 -9 10 -10 16 14 -14 -11 17 -12 18 -3 23 -21 22 -22 24 -20 -1 27 -27 -28 -29
right_child=1 15 3 4 -6 -7 7 8 9 12 11 -13 13 -15 -16 -17 -18 -19 19 20 21 -23 -24 -25 -26 26 28 29 -30 -31
leaf_value=-0.0058090533939405796 -0.12763206851406098 -0.33357519323837392 0.1544359752295259 -0.14469121527069037 0.18246828114121227 0.045997659746298721 -2.9404849966847966 -1.4713154510003363 -1.0280608283539139 0.27744795521326254 3.3837466845121762 -0.28898301572772278 1.1323421585052429 -0.9753547282218209 1.8324213632994089 -0.1325664514555929 2.9012607379115778 -0.3929329622292988 1.0523998688272058 -0.10480615509460485 3.3664130094014326 -0.069956400078006825 0.20285038953532109 -0.29471876121003054 0.86672760857108244 -0.0348651304242256 -0.36700709594760234 0.075812563778803896 0.04837921256088399 0.0028181149016831336
leaf_weight=255220 1400 492 218 528 317 333 2026 1483 102 1345 57 68 310 1805 344 4422 82 1138 76 498 30 52 30 30 34 3224 3640 609 1498 829
leaf_count=255220 1400 492 218 528 317 333 2026 1483 102 1345 57 68 310 1805 344 4422 82 1138 76 498 30 52 30 30 34 3224 3640 609 1498 829
internal_value=-0.000165463 -0.0012909 0.000507867 0.00302292 -2.9587e-05 0.00770417 -0.000125844 -0.00132642 -0.000353825 0.000494771 0.00859223 0.0143237 -0.000162988 -0.00171395 0.00177916 -0.00203029 0.0223381 -0.000399161 0.00148148 0.00393333 0.00139344 0.010625 0.0208333 0.015 0.0195455 -9.13151e-05 -0.00103061 8.57882e-06 -0.00197353 0.00244089
internal_weight=282240 9598 2796 1396 845 551 272642 7622 5596 4113 309 207 3804 2115 1689 6802 139 2380 1242 750 610 112 60 140 110 265020 9800 4662 5138 1438
internal_count=282240 9598 2796 1396 845 551 272642 7622 5596 4113 309 207 3804 2115 1689 6802 139 2380 1242 750 610 112 60 140 110 265020 9800 4662 5138 1438
is_linear=0
shrinkage=0.05


Tree=149
num_leaves=31
num_cat=0
split_feature=10 14 14 8 3 0 7 8 3 14 3 15 15 4 14 5 8 1 7 15 15 6 14 8 3 8 15 3 1 1
split_gain=5.23915 4.59211 4.09839 8.35436 7.12269 6.0796 12.1712 6.60365 11.1455 9.55441 7.98172 9.2702 9.01444 6.8126 7.44375 6.65862 7.05781 6.63618 6.63043 5.73545 9.00046 5.7279 7.91868 6.92123 6.60901 9.50814 12.5822 10.1997 10.3523 11.6217
threshold=4.4285714285714306 73.515000000000015 44.741000000000007 1.3948037491109841 2.5000000000000004 1.5000000000000002 1.2103491747220745 1.0086913317609019 2.5000000000000004 96.338000000000008 3.5000000000000004 104.16350000000001 72.715000000000018 1.0000000180025095e-35 55.145000000000003 1.0000000180025095e-35 0.83226736545657365 18.500000000000004 0.98537783620355135 38.903500000000001 17.235000000000003 1.1788083778716205 -0.99899999999999989 1.1504193778226113 4.5000000000000009 0.99423265811021311 43.765000000000008 2.5000000000000004 8.5000000000000018 17.500000000000004
decision_type=2 2 2 2 2 2 2 2 2 2 2 2 2 2 2 2 2 2 2 2 2 2 2 2 2 2 2 2 2 2
left_child=2 -2 21 5 -5 6 7 10 9 18 11 -4 13 15 17 16 -12 -15 -9 20 -19 23 -23 24 25 -1 27 -27 -29 -30
right_child=1 -3 3 4 -6 -7 -8 8 -10 -11 12 -13 -14 14 -16 -17 -18 19 -20 -21 -22 22 -24 -25 -26 26 -28 28 29 -31
leaf_value=-0.11814211211472886 -0.031658304079237302 -1.1389612067396611 -0.3447542646130547 -0.00012467953733949865 -0.56354788560256652 0.010358426664768907 -1.0805083138418721 0.26323298886027097 -0.27338842667548952 0.15073918491399654 -0.38849341426681983 0.3996290648637788 -0.52616606726389326 -0.082217105763715284 -0.37965575020844983 -0.89036060575073184 0.36349803907173617 0.24952899949257651 0.73958433626069919 0.017852016186705202 2.6309810763920765 0.14023714162125808 0.024506255481204775 -0.13864981109192168 -0.019680484091510408 0.07480042369500689 0.0088180208531241418 0.60743688951352648 -0.012922836615124549 0.81993396215564429
leaf_weight=9648 8282 1316 9220 3066 5068 66372 1978 498 1470 914 1680 1198 6650 694 1816 484 8546 54 70 124 68 1028 25214 12256 93188 4240 11500 2606 1992 1000
leaf_count=9648 8282 1316 9220 3066 5068 66372 1978 498 1470 914 1680 1198 6650 694 1816 484 8546 54 70 124 68 1028 25214 12256 93188 4240 11500 2606 1992 1000
internal_value=-0.000158377 -0.00130652 -0.000117958 -0.000353734 -0.00189575 -0.000230568 -0.000759081 -0.000533956 0.00172425 0.00478407 -0.000752277 -0.0018756 -0.000170512 0.000573295 -0.00164369 0.00114379 0.00141502 0.00196808 0.00987676 0.00902439 0.0167213 4.14319e-05 0.000717932 -8.86914e-05 2.31921e-05 0.000655779 0.00124473 0.00255743 0.00395856 0.00195187
internal_weight=282240 9598 272642 109970 8134 101836 35464 33486 2952 1482 30534 10418 20116 13466 2756 10710 10226 940 568 246 122 162672 26242 136430 124174 30986 21338 9838 5598 2992
internal_count=282240 9598 272642 109970 8134 101836 35464 33486 2952 1482 30534 10418 20116 13466 2756 10710 10226 940 568 246 122 162672 26242 136430 124174 30986 21338 9838 5598 2992
is_linear=0
shrinkage=0.05


Tree=150
num_leaves=31
num_cat=0
split_feature=5 13 8 3 2 3 8 13 2 2 13 13 3 3 8 14 2 7 1 12 14 13 3 8 13 14 6 13 8 3
split_gain=4.88328 6.06861 4.73797 4.24656 4.17777 5.07111 9.4802 11.1454 14.9703 16.5661 6.26503 5.57429 4.52705 9.84064 7.76573 8.75403 10.6969 9.24361 6.05 4.47443 4.0224 11.1903 7.05314 9.41716 6.8795 7.02759 7.15007 7.00927 5.84422 6.29532
threshold=1.0000000180025095e-35 8.1890000000000018 1.9280603271430354 5.5000000000000009 1.0000000180025095e-35 2.5000000000000004 1.201342073901374 103.36500000000002 5.5000000000000009 4.5000000000000009 64.911000000000016 100.79000000000001 5.5000000000000009 10.500000000000002 1.4255815362477298 69.941000000000017 3.5000000000000004 0.6823309208035121 17.500000000000004 0.21875000000000003 33.871500000000005 5.9910000000000005 10.500000000000002 1.4918569986219337 59.228500000000004 3.9510000000000005 1.1788083778716205 -1.3584999999999998 1.2909182634980512 2.5000000000000004
decision_type=2 8 2 2 2 2 2 10 2 2 8 8 2 2 2 2 2 2 2 2 2 8 2 2 8 2 2 10 2 2
left_child=2 3 20 -2 -3 6 7 8 9 10 -6 -11 -7 14 15 -14 -17 19 -16 -18 22 -22 24 -24 25 26 -1 -28 -23 -30
right_child=1 4 -4 -5 5 12 -8 -9 -10 11 -12 -13 13 -15 18 16 17 -19 -20 -21 21 28 23 -25 -26 -27 27 -29 29 -31
leaf_value=0.049112520835743412 -0.10498087976230241 -0.59184466878860842 -0.084375641654825806 0.16035008745524615 1.7076673724743323 -0.31879052161294458 -1.6205007932767459 -1.04465061832961 -1.7917375248705565 0.11455278278205333 0.4957460613165206 0.89245832857049079 -0.029426431285522449 -0.17766097969581812 0.11231365563782601 1.213297405469415 1.2229607212079585 -0.097308178199639273 0.85855835321911445 0.33773468740565871 -0.41767577734325967 -0.01439797586929503 0.071284098717697919 0.2349544953661957 -0.046731397318077121 -0.0011614195276945982 0.15526807446816848 0.080131852058355615 0.025567916951102283 -0.31319056335147905
leaf_weight=13664 725 1597 1704 987 30 2958 324 193 140 32 232 97 1546 2982 45 69 56 199 36 32 6182 111524 14950 1518 70003 34690 214 3135 4644 7732
leaf_count=13664 725 1597 1704 987 30 2958 324 193 140 32 232 97 1546 2982 45 69 56 199 36 32 6182 111524 14950 1518 70003 34690 214 3135 4644 7732
internal_value=-0.000156783 -0.00113192 -0.000112425 0.00162967 -0.0015793 -0.00115985 0.00210878 0.00529005 0.00903013 0.0140537 0.00683206 0.0287209 -0.0015922 -0.000669689 0.00206001 0.0014143 0.00848314 0.00423345 0.0172222 0.0177273 -9.57306e-05 -0.000295276 9.2129e-05 0.00106327 -3.92762e-05 0.000398138 0.00123053 0.00330098 -0.000191688 -0.00122253
internal_weight=282240 12280 269960 1712 10568 8971 1048 724 531 391 262 129 7923 4965 1983 1902 356 287 81 88 268256 130082 138174 16468 121706 51703 17013 3349 123900 12376
internal_count=282240 12280 269960 1712 10568 8971 1048 724 531 391 262 129 7923 4965 1983 1902 356 287 81 88 268256 130082 138174 16468 121706 51703 17013 3349 123900 12376
is_linear=0
shrinkage=0.05


Tree=151
num_leaves=31
num_cat=0
split_feature=10 16 6 13 8 14 3 16 3 3 2 8 8 7 1 1 1 7 2 14 6 0 3 14 0 1 1 2 6 16
split_gain=5.12304 4.24812 5.83999 6.36306 5.89975 5.53986 5.14854 4.00829 3.73039 4.53399 5.63777 4.56357 3.89864 3.68668 3.38278 4.90434 7.92305 7.11844 7.01372 6.43205 7.75195 7.042 6.45957 7.33337 5.2061 5.20398 8.92533 8.39722 7.4966 7.47469
threshold=4.4285714285714306 7.4155000000000006 1.1616602035052177 18.331000000000003 0.93594573270719039 2.4510000000000005 5.5000000000000009 262.24450000000007 5.5000000000000009 7.5000000000000009 5.5000000000000009 0.50160996434444838 1.2413805778006395 1.7095514940666547 22.500000000000004 16.500000000000004 19.500000000000004 0.9126695241885362 4.5000000000000009 40.587500000000013 0.99938336059022215 1.5000000000000002 10.500000000000002 -1.9789999999999999 2.5000000000000004 4.5000000000000009 10.500000000000002 1.0000000180025095e-35 1.1505216241342457 21.060350000000003
decision_type=2 2 2 8 2 2 2 2 2 2 2 2 2 2 2 2 2 2 2 2 2 2 2 2 2 2 2 2 2 2
left_child=7 2 -2 4 5 -4 -5 13 -3 10 12 -11 -10 14 15 18 17 -17 25 20 -20 -22 -23 -24 -18 27 -27 -1 -28 -30
right_child=1 8 3 6 -6 -7 -8 -9 9 11 -12 -13 -14 -15 -16 16 24 -19 19 -21 21 22 23 -25 -26 26 28 -29 29 -31
leaf_value=-0.16421483194096201 -0.12703693430847063 -0.31738604374448975 0.18006074483741877 -0.13924616521062477 0.041597263661850729 0.10556218490857944 0.13670278666973101 -0.96248601547654289 -0.024348431923832736 2.7198146235952461 0.74727940877021548 -0.068180067396986704 1.0154540961901517 -0.051585064914265136 -0.096715357910697089 0.37351442868696016 -0.063271387788781025 0.072212726939119565 -0.17304231973247888 -0.18006358481555576 0.042019703691519528 -0.13992795922488732 0.63452743897471908 0.19205485228866465 0.18231879928668385 0.11498934758056166 -0.071731546953608935 -0.0081354154447003633 0.21050403527048483 -0.038232861037441855
leaf_weight=8004 1474 3518 72 558 357 167 334 3262 540 40 118 2390 30 7158 11098 7182 24762 25346 10298 14988 14662 11474 30 1680 8416 46662 38536 31632 3336 4116
leaf_count=8004 1474 3518 72 558 357 167 334 3262 540 40 118 2390 30 7158 11098 7182 24762 25346 10298 14988 14662 11474 30 1680 8416 46662 38536 31632 3336 4116
internal_value=-0.000155543 -0.0012909 0.000283591 0.00249328 0.00649329 0.0125732 -0.000179373 -0.000115574 -0.00199367 -0.000734446 0.00284884 -0.00174897 0.000789472 -9.44774e-05 -6.39165e-05 -2.61636e-05 0.000345021 0.000899532 -0.000157699 -0.000642928 -0.000298082 0.000135386 -0.000703126 0.00216374 -0.000198627 3.7191e-05 0.000242309 -0.000442276 -0.000252023 0.00119968
internal_weight=282240 9598 2962 1488 596 239 892 272642 6636 3118 688 2430 570 269380 262222 251124 65706 32528 185418 53132 38144 27846 13184 1710 33178 132286 92650 39636 45988 7452
internal_count=282240 9598 2962 1488 596 239 892 272642 6636 3118 688 2430 570 269380 262222 251124 65706 32528 185418 53132 38144 27846 13184 1710 33178 132286 92650 39636 45988 7452
is_linear=0
shrinkage=0.05


Tree=152
num_leaves=31
num_cat=0
split_feature=10 5 13 14 13 2 3 2 2 13 3 0 3 2 15 15 14 13 10 8 8 15 3 14 10 13 15 15 2 2
split_gain=4.88166 4.34108 6.35975 4.28323 5.12929 3.95086 4.56083 8.90622 11.6736 20.0208 3.90065 3.87845 5.94551 18.7673 3.78155 9.7841 11.3552 6.51854 5.77455 4.62669 3.79961 3.7788 4.7136 3.52631 7.21061 6.09405 6.7377 5.7025 5.51106 8.60257
threshold=5.1922619047619065 1.0000000180025095e-35 39.081500000000005 33.422500000000007 98.538500000000013 1.0000000180025095e-35 2.5000000000000004 4.5000000000000009 5.5000000000000009 79.719000000000008 5.5000000000000009 2.5000000000000004 11.500000000000002 1.5000000000000002 10.071000000000002 30.061000000000003 15.721500000000002 2.2990000000000004 -1.4285714285714279 0.77670995573938817 1.5587884947916668 79.045000000000016 5.5000000000000009 92.041500000000028 0.94999999999999962 9.2340000000000018 14.501000000000003 132.93500000000003 5.5000000000000009 4.5000000000000009
decision_type=2 2 8 2 8 2 2 2 2 10 2 2 2 2 2 2 2 10 2 2 2 2 2 2 2 10 2 2 2 2
left_child=1 23 10 4 -2 -4 7 -7 9 -9 -3 -8 13 -13 20 16 -16 -18 -17 -19 -12 -15 -23 25 -25 27 -27 -1 29 -28
right_child=3 2 5 -5 -6 6 11 8 -10 -11 14 12 -14 21 15 18 17 19 -20 -21 -22 22 -24 24 -26 26 28 -29 -30 -31
leaf_value=-0.024820992188903695 0.030520020519180863 -0.13226481635709209 -0.85030486003874306 -0.5770084895474541 -0.11308005643426916 -0.23107633313750797 -0.24878290808410861 0.85504559810203495 -2.0846905131244569 -0.0034921015438809291 -0.036156481072299851 0.79871308243252204 -0.88903360647474661 -0.19870144891304525 0.9644669908461273 1.4816311997386209 0.25826524333329437 2.2240934066943785 -0.0055580980183290059 -0.011540303134317531 0.14813948642344396 0.0063002379598874449 1.1414812322071137 -0.04681416460228844 -0.47333946844909491 0.099375364163132821 0.023875478245509157 0.53842107088949598 0.117041599641993 -0.16331788194043928
leaf_weight=136242 2368 1476 1296 1712 2424 605 4298 96 96 96 760 48 497 829 79 59 33 31 740 183 33 296 189 39246 6308 20744 41771 3815 7366 8504
leaf_count=136242 2368 1476 1296 1712 2424 605 4298 96 96 96 760 48 497 829 79 59 33 31 740 183 33 296 189 39246 6308 20744 41771 3815 7366 8504
internal_value=-0.000155897 -0.00012396 -0.00106474 -0.00150984 -0.000742906 -0.00180685 -0.00134043 0.00199888 0.00923611 0.0163542 0.000760164 -0.00182475 8.3377e-05 0.00179148 0.00224713 0.00411111 0.011411 0.0061336 0.00113266 0.00294392 -0.000397227 0.00066971 0.00417526 -8.21236e-05 -0.000482286 1.32639e-06 0.00035434 -0.000196243 7.62466e-05 -0.000110891
internal_weight=282240 275736 11740 6504 4792 8346 7050 893 288 192 3394 6157 1859 1362 1918 1125 326 247 799 214 793 1314 485 263996 45554 218442 78385 140057 57641 50275
internal_count=282240 275736 11740 6504 4792 8346 7050 893 288 192 3394 6157 1859 1362 1918 1125 326 247 799 214 793 1314 485 263996 45554 218442 78385 140057 57641 50275
is_linear=0
shrinkage=0.05


Tree=153
num_leaves=31
num_cat=0
split_feature=5 13 8 3 15 15 16 13 7 10 8 16 13 0 7 14 0 6 10 1 1 6 15 3 13 13 16 8 15 3
split_gain=4.44165 6.27734 4.22943 4.11088 3.91381 11.7377 9.79623 10.9937 5.91956 5.19601 4.77413 3.89641 4.17462 3.91288 6.27574 17.9399 10.7044 8.17574 6.34516 5.87192 7.84536 7.57934 5.76957 5.86967 5.61322 5.5395 7.6361 5.19966 7.29255 9.63354
threshold=1.0000000180025095e-35 39.081500000000005 1.9280603271430354 5.5000000000000009 10.071000000000002 31.732500000000005 13.004750000000001 2.0515000000000003 1.0646584394530738 -1.5571428571428581 0.69483301236606598 -3.1539999999999995 22.641000000000002 2.5000000000000004 1.1634246460465347 20.541500000000003 1.5000000000000002 1.2770880512574194 -7.5392857142857119 6.5000000000000009 19.500000000000004 1.1616602035052177 3.8110000000000004 10.500000000000002 35.333500000000008 -1.0000000180025095e-35 2.1647500000000006 1.520904907277727 18.952500000000004 10.500000000000002
decision_type=2 8 2 2 2 2 2 10 2 2 2 2 8 2 2 2 2 2 2 2 2 2 2 2 10 8 2 2 2 2
left_child=2 3 11 -2 -5 6 8 -8 -6 -7 -9 12 -1 14 19 17 -17 18 -16 -13 21 -21 23 -15 -24 26 -19 -27 29 -29
right_child=1 -3 -4 4 5 9 7 10 -10 -11 -12 13 -14 22 15 16 -18 25 -20 20 -22 -23 24 -25 -26 27 -28 28 -30 -31
leaf_value=0.16759638028407542 -0.13864397530643915 -0.16870237551464715 -0.076336556716926074 -0.02139173263865457 1.204472228161948 1.1594656431202701 0.31168290286388789 2.1055452614336918 0.045429332269159711 -0.020532308180614786 0.0096750815988949461 -0.05072306916678411 0.025523544876639943 -0.24131349510296302 1.4242935148644245 -0.47510912755069068 -0.14600775548277986 0.15812784991882492 -0.099695317875525213 0.024503004024458087 -0.073674137777811094 0.18785168044088141 0.14550151647380405 0.5828074077372144 -0.045768170132518653 0.012990882418070837 0.02356425782096648 0.045655249514572588 -0.050823734080307617 0.29273994128823194
leaf_weight=541 1538 8662 1704 838 63 49 30 33 39 805 223 49978 707 6340 102 6536 7230 188 6364 83674 28938 6784 39406 734 20276 8631 324 770 445 288
leaf_count=541 1538 8662 1704 838 63 49 30 33 39 805 223 49978 707 6340 102 6536 7230 188 6364 83674 28938 6784 39406 734 20276 8631 324 770 445 288
internal_value=-0.000153062 -0.00108306 -0.000110758 0.000666113 0.00211538 0.00389694 0.0111082 0.00636364 0.0244118 0.000620608 0.00300781 -9.49851e-05 0.00269231 -0.000108013 -0.000218526 -0.000874086 -0.00221778 0.000206871 -0.00119549 -9.90128e-05 9.14592e-05 0.0003207 0.000223499 -0.00112666 0.000383532 0.00105861 0.00613281 0.000802249 0.0035163 0.00577505
internal_weight=282240 12280 269960 3618 2080 1242 388 286 102 854 256 268256 1248 267008 200252 30878 13766 17112 6466 169374 119396 90458 66756 7074 59682 10646 512 10134 1503 1058
internal_count=282240 12280 269960 3618 2080 1242 388 286 102 854 256 268256 1248 267008 200252 30878 13766 17112 6466 169374 119396 90458 66756 7074 59682 10646 512 10134 1503 1058
is_linear=0
shrinkage=0.05


Tree=154
num_leaves=31
num_cat=0
split_feature=14 13 6 10 13 14 16 6 13 15 2 13 15 2 1 8 16 15 5 15 2 3 8 8 10 10 3 8 10 14
split_gain=4.46591 9.27668 6.31886 6.37518 5.37497 9.51482 7.92161 7.47695 7.96402 7.73152 5.99884 6.90662 11.8292 7.73142 5.61256 5.59653 5.58895 11.6033 5.33593 5.03495 4.96182 4.74071 10.5538 4.61876 4.54508 4.17577 4.06029 4.74411 4.6041 5.71029
threshold=52.901500000000006 12.334000000000001 0.71869427899949256 1.0571428571428585 55.635000000000012 5.7815000000000012 3.49275 1.1788083778716205 -0.99899999999999989 -3.0749999999999997 2.5000000000000004 16.174000000000003 6.7010000000000014 5.5000000000000009 8.5000000000000018 1.5700079377321494 81.538750000000007 164.14500000000001 1.0000000180025095e-35 71.75500000000001 1.0000000180025095e-35 10.500000000000002 0.98313213066730398 0.79718805139296023 -3.7535714285714294 -7.5392857142857119 1.5000000000000002 0.88011390970954617 -3.928571428571427 82.555000000000021
decision_type=2 8 2 2 8 2 2 2 10 2 2 10 2 2 2 2 2 2 2 2 2 2 2 2 2 2 2 2 2 2
left_child=4 20 25 18 5 7 -6 19 -9 -10 16 -12 14 -14 -13 -8 -7 -18 24 -1 -2 -21 23 -23 -4 -3 28 -28 -27 -30
right_child=1 2 3 -5 6 10 15 8 9 -11 11 12 13 -15 -16 -17 17 -19 -20 21 -22 22 -24 -25 -26 26 27 -29 29 -31
leaf_value=0.032987894376892167 -0.029692363412959541 -0.19082770146284683 0.16128401356464089 -0.31880103115080344 -0.1011064629678389 0.048627287141203873 0.00060009891193307276 0.16112610281013467 0.18424327557703246 0.052193667662646465 -0.088733740690504548 0.31418881122827491 -0.11010161583314906 0.1015195639595862 0.069455672599534599 -0.10007820970339998 1.353853978217175 -0.25106426673638227 -0.50193608089779607 0.52958035092329825 -0.84819104927923661 0.33842236453691577 -0.16347252235507548 1.4699781350773065 -0.048129844796665627 0.58034626909382081 0.19021424082082994 -0.16513547829264774 0.66920215997453214 -0.15062494976724206
leaf_weight=18642 1709 1037 2381 9277 12948 20378 94276 341 100 5339 11640 1256 9640 3147 1654 3791 30 50 2839 864 4144 30 89 65 64111 342 8818 2383 326 593
leaf_count=18642 1709 1037 2381 9277 12948 20378 94276 341 100 5339 11640 1256 9640 3147 1654 3791 30 50 2839 864 4144 30 89 65 64111 342 8818 2383 326 593
internal_value=-0.000148811 -0.000421602 -0.000298947 -0.000470564 -3.79976e-06 0.0003286 -0.000223169 0.00110915 0.00269031 0.00222559 -8.73534e-05 -0.000571937 0.000112441 -0.000542349 0.00298969 -6.96984e-05 0.000560171 0.01375 -0.000305853 0.000644996 -0.00235179 0.00401717 0.0113043 0.0228947 -0.000215215 0.000700421 0.000954099 0.00065128 0.00364393 0.00180087
internal_weight=282240 97960 92107 78608 184280 73265 111015 25470 5780 5439 47795 27337 15697 12787 2910 98067 20458 80 69331 19690 5853 1048 184 95 66492 13499 12462 11201 1261 919
internal_count=282240 97960 92107 78608 184280 73265 111015 25470 5780 5439 47795 27337 15697 12787 2910 98067 20458 80 69331 19690 5853 1048 184 95 66492 13499 12462 11201 1261 919
is_linear=0
shrinkage=0.05


Tree=155
num_leaves=31
num_cat=0
split_feature=14 10 13 15 10 3 3 1 16 8 3 3 2 1 7 14 16 3 15 10 0 12 15 15 16 16 15 14 16 14
split_gain=4.23743 7.82088 6.44705 6.12297 5.08473 5.20072 8.82578 9.13054 10.172 7.65534 14.0086 15.4119 7.52005 6.84375 6.13943 6.09773 5.97294 10.4869 16.1194 14.1727 9.7786 30.0445 8.85008 5.58735 5.56099 8.27981 5.28801 5.25988 13.3554 14.5095
threshold=92.041500000000028 1.9714285714285715 -0.15899999999999997 14.501000000000003 5.3642857142857174 6.5000000000000009 7.5000000000000009 6.5000000000000009 136.46672500000003 0.69099317142571826 4.5000000000000009 5.5000000000000009 2.5000000000000004 19.500000000000004 1.1867897264676883 1.5915000000000001 5.0282500000000008 5.5000000000000009 56.091500000000011 -0.55714285714285661 1.5000000000000002 1.0000000180025095e-35 18.611500000000003 30.473500000000005 31.254750000000005 3.1982500000000003 78.135000000000005 15.721500000000002 21.060350000000003 24.771500000000003
decision_type=2 2 10 2 2 2 2 2 2 2 2 2 2 2 2 2 2 2 2 2 2 2 2 2 2 2 2 2 2 2
left_child=2 -2 4 -4 5 9 15 -8 13 10 -1 12 -12 23 16 -7 -11 -18 22 -20 21 -21 27 -9 25 -14 -27 -19 29 -29
right_child=1 -3 3 -5 -6 6 7 8 -10 14 11 -13 24 -15 -16 -17 17 18 19 20 -22 -23 -24 -25 -26 26 -28 28 -30 -31
leaf_value=-0.012487136600738727 -0.07400094598735861 -0.70551531759638508 0.04226960388748123 -0.0056069895744069956 -0.12563737067768838 0.20223030389242355 -0.13373877083339825 -0.004948703554649791 2.8624687299730964 -0.17172356024475288 0.48565218632083768 0.0208539131755354 0.38892759881852207 -0.15004687678332079 -0.094789973077510872 -0.22873938529392981 -0.010236344968839789 -0.014163898072519034 -0.73641308540763983 1.7455237516559532 0.67045407204177254 -0.24739419785551783 -0.22905153758274893 0.47865740829127645 0.37666895120787952 1.068341397802854 0.00037020846730165881 0.30172734305183546 0.096136712249628109 0.5553250430675174
leaf_weight=4039 43492 4120 38817 73631 2804 1070 16513 15729 42 4719 393 1011 192 8403 7519 10008 33206 1004 250 154 917 121 2205 9651 247 401 40 432 1022 88
leaf_count=4039 43492 4120 38817 73631 2804 1070 16513 15729 42 4719 393 1011 192 8403 7519 10008 33206 1004 250 154 917 121 2205 9651 247 401 40 432 1022 88
internal_value=-0.000145622 -0.000575696 -5.83489e-05 0.000214854 -0.00030979 -0.000260355 -0.000580957 -0.000299775 0.000170731 7.93639e-05 0.00172149 0.00485114 0.00851139 0.000140158 -0.000121716 -0.00185864 0.000103358 0.000304702 0.0021936 0.00682385 0.00909396 0.0173636 0.000788254 0.000549644 0.0110795 0.0135624 0.0173356 0.00279654 0.00463035 0.0111538
internal_weight=282240 47612 234628 112448 122180 119376 61416 50338 33825 57960 6323 2284 1273 33783 51637 11078 44118 39399 6193 1442 1192 275 4751 25380 880 633 441 2546 1542 520
internal_count=282240 47612 234628 112448 122180 119376 61416 50338 33825 57960 6323 2284 1273 33783 51637 11078 44118 39399 6193 1442 1192 275 4751 25380 880 633 441 2546 1542 520
is_linear=0
shrinkage=0.05


Tree=156
num_leaves=31
num_cat=0
split_feature=14 8 7 0 15 10 13 16 14 0 8 15 3 3 5 2 13 14 13 8 14 15 1 3 2 15 1 3 10 15
split_gain=4.09361 10.5 7.19277 20.9398 6.07844 7.34972 6.06675 7.12445 6.45749 5.62063 5.5465 7.54033 4.88653 15.3484 6.99897 6.02695 6.72528 7.64337 6.22803 5.88992 5.80901 8.7371 10.8832 10.089 6.62423 7.11393 6.35248 6.20915 8.48094 10.7424
threshold=29.401000000000003 1.7361126636483661 1.2316304240647085 1.5000000000000002 29.451500000000003 -1.2499999999999991 39.081500000000005 4.112750000000001 5.7815000000000012 2.5000000000000004 1.431933031150902 18.952500000000004 6.5000000000000009 7.5000000000000009 1.0000000180025095e-35 1.5000000000000002 413.92000000000002 79.955000000000013 123.80150000000002 0.90420062924454203 105.98150000000003 75.482500000000016 4.5000000000000009 11.500000000000002 3.5000000000000004 441.51000000000005 5.5000000000000009 10.500000000000002 -1.0000000180025095e-35 3.6910000000000003
decision_type=2 2 2 2 2 2 8 2 2 2 2 2 2 2 2 2 8 2 10 2 2 2 2 2 2 2 2 2 2 2
left_child=6 2 12 -4 -5 9 8 -8 -1 -6 -10 -12 -2 -14 15 -15 17 18 -17 -16 26 22 23 -22 25 -23 -18 -24 -29 -30
right_child=1 -3 3 4 5 -7 7 -9 10 -11 11 -13 13 14 19 16 20 -19 -20 -21 21 24 27 -25 -26 -27 -28 28 29 -31
leaf_value=0.054878333504880528 0.013703196889843242 -0.39679684804035692 -0.60884530256032754 -0.29321953515087057 0.05913957804008052 -0.074968901025548124 -0.087131898485071677 0.0022407412076564273 -0.015823793246215068 0.74893591135687476 0.086074269157995376 -0.059268356221005604 -0.28867728620554023 0.22894188565674267 0.23126040418953142 -0.0813818085901028 -0.66648162555410007 -0.51979074010174153 1.2939344236874735 -1.1359752534833887 2.4405157040271401 -1.1704997806845177 -0.22851458651515669 4.8692367976088189 0.88889175187746661 1.9662963542532219 0.13237758931867785 -1.0199996949029697 2.4869775402917829 3.1116640802304474
leaf_weight=23816 75220 2100 4248 2982 1192 5844 15991 66608 24862 1260 1572 817 9328 14666 176 6779 2336 7052 866 1228 116 1621 697 35 1687 338 7709 200 97 797
leaf_count=23816 75220 2100 4248 2982 1192 5844 15991 66608 24862 1260 1572 817 9328 14666 176 6779 2336 7052 866 1228 116 1621 697 35 1687 338 7709 200 97 797
internal_value=-0.000142256 -0.000322871 -0.000272541 -0.0012901 -0.000163151 0.000532786 5.85028e-05 -0.00020636 0.000486908 0.00283034 -3.87154e-05 0.00226245 -0.000151894 -0.000506748 -0.000134699 -2.62257e-05 -0.00042862 -0.0011965 -0.000101375 -0.00361111 0.000293289 0.00158554 0.00429454 0.0171854 0.000142621 -0.00183512 -0.000425586 0.0032077 0.00555759 0.00763982
internal_weight=282240 148574 146474 15526 11278 8296 133666 82599 51067 2452 27251 2389 130948 55728 46400 44996 30330 14697 7645 1404 15633 5588 1942 151 3646 1959 10045 1791 1094 894
internal_count=282240 148574 146474 15526 11278 8296 133666 82599 51067 2452 27251 2389 130948 55728 46400 44996 30330 14697 7645 1404 15633 5588 1942 151 3646 1959 10045 1791 1094 894
is_linear=0
shrinkage=0.05


Tree=157
num_leaves=31
num_cat=0
split_feature=14 13 8 15 3 10 10 5 3 13 1 8 14 10 10 3 8 13 6 15 2 6 2 15 10 14 8 3 10 1
split_gain=4.21312 9.41118 5.37673 7.32226 7.18179 11.2429 6.89628 6.51083 6.02195 8.79025 8.89779 10.6015 9.285 6.8162 5.64912 6.1804 5.94539 4.99988 4.99968 4.95316 4.87492 4.83263 10.1411 8.38148 4.59465 4.63089 4.87987 4.94807 6.67403 5.50598
threshold=45.985000000000007 11.532500000000001 0.79718805139296023 108.42250000000001 9.5000000000000018 -3.0285714285714267 1.9320512820512807 1.0000000180025095e-35 2.5000000000000004 139.13000000000002 10.500000000000002 0.57227953193875536 119.73500000000001 0.049999999999997609 -4.3422619047619042 1.5000000000000002 0.90920676890055263 50.015000000000008 0.99938336059022215 1.2410000000000003 1.0000000180025095e-35 1.0258029007694829 3.5000000000000004 90.711500000000015 -4.7499999999999973 108.91250000000001 0.54753896495067644 8.5000000000000018 1.5500000000000063 5.5000000000000009
decision_type=2 8 2 2 2 2 2 2 2 8 2 2 2 2 2 2 2 10 2 2 2 2 2 2 2 2 2 2 2 2
left_child=18 20 3 24 8 -6 7 14 9 -5 11 -11 -13 -12 15 16 -4 -18 19 -1 -2 -17 -23 -24 -3 26 27 28 -26 -30
right_child=1 2 6 4 5 -7 -8 -9 -10 10 13 12 -14 -15 -16 21 17 -19 -20 -21 -22 22 23 -25 25 -27 -28 -29 29 -31
leaf_value=-0.20619799368097849 -0.025381679905312662 -0.57177985322658254 4.4306208337742419 -0.44420691343710272 14.247618981485395 1.4813762180454051 -0.36675180518377165 -0.43653784111235994 0.025320444220143647 -0.72148164523454139 -0.43157154595355501 1.4043855063035027 8.2663182356335145 2.3902026196207955 -0.046977096015852676 -0.097221659759064397 0.47971646824025194 0.042156550136336048 0.011902106094517785 -0.037796933953619341 -0.68809944340803875 -0.19061817511767123 -0.084897678263764403 0.7459237567457252 0.36655199889271772 -0.31258599408891907 0.014292629092502016 -0.35386992251986982 0.79340169740669597 0.82106103263893948
leaf_weight=5400 1949 1022 50 316 80 346 6591 3271 1964 52 267 100 89 145 75903 1356 478 452 124286 42592 4742 309 56 114 1572 2408 5587 481 47 215
leaf_count=5400 1949 1022 50 316 80 346 6591 3271 1964 52 267 100 89 145 75903 1356 478 452 124286 42592 4742 309 56 114 1572 2408 5587 481 47 215
internal_value=-0.000146153 -0.000387953 -0.000270213 0.000615682 0.00266597 0.00873239 -0.000417138 -0.000292053 0.00178486 0.00501032 0.00832312 0.0159544 0.021455 0.00385922 -0.000201226 0.00199822 0.00520408 0.00430107 8.18325e-06 -0.00042528 -0.0022052 0.000286102 0.00460334 0.0144118 7.94092e-06 0.000324926 0.000909895 0.00284017 0.00402399 0.0114122
internal_weight=282240 109962 103271 14691 3359 426 88580 81989 2933 969 653 241 189 412 78718 2815 980 930 172278 47992 6691 1835 479 170 11332 10310 7902 2315 1834 262
internal_count=282240 109962 103271 14691 3359 426 88580 81989 2933 969 653 241 189 412 78718 2815 980 930 172278 47992 6691 1835 479 170 11332 10310 7902 2315 1834 262
is_linear=0
shrinkage=0.05


Tree=158
num_leaves=31
num_cat=0
split_feature=14 13 6 0 14 3 15 10 15 10 6 3 13 13 13 16 15 2 0 14 16 3 6 13 16 0 2 13 0 14
split_gain=4.07617 9.16786 5.17662 5.83471 4.73489 4.58234 5.3507 6.64181 6.97425 8.22377 6.49425 11.804 5.97122 5.9379 5.27856 7.44715 6.4656 7.42316 8.16988 6.58688 5.17378 4.93338 4.85692 6.85794 11.5307 6.46258 6.13685 5.86993 7.067 5.58311
threshold=45.985000000000007 13.825000000000001 1.4583881390427926 1.5000000000000002 123.80150000000002 10.500000000000002 33.922500000000007 -1.3999999999999948 119.13600000000001 1.5214285714285722 1.2988455984364415 11.500000000000002 107.41500000000001 228.58500000000004 55.635000000000012 5.882975000000001 10.741000000000001 2.5000000000000004 2.5000000000000004 -6.0199999999999987 50.926750000000006 3.5000000000000004 1.1839061703319149 18.331000000000003 42.037975000000003 1.5000000000000002 1.0000000180025095e-35 -1.0000000180025095e-35 1.5000000000000002 -0.72899999999999987
decision_type=2 8 2 2 2 2 2 2 2 2 2 2 10 10 8 2 2 2 2 2 2 2 2 10 2 2 2 10 2 2
left_child=5 -2 -3 -4 -5 14 -7 10 13 20 -8 12 -12 -9 16 -16 19 18 21 -1 -10 -18 23 26 25 -25 -21 28 29 -24
right_child=1 2 3 4 -6 6 7 8 9 -11 11 -13 -14 -15 15 -17 17 -19 -20 22 -22 -23 27 24 -26 -27 -28 -29 -30 -31
leaf_value=0.2854021703704156 -0.4101125606869791 -0.027252273321392857 -0.95742919679833394 -0.00050244178358287942 -0.91056274917646407 0.11315688815404767 0.22586435969148591 -0.11925309272261626 1.7771086839506574 -0.96625572774437762 3.3356285295745667 -0.018201776631430834 0.81424590284138176 1.4078517751936532 -0.093652020929684901 -0.015495296007728553 0.25884568520062867 -0.059785105996381739 0.6725913833366749 0.17671595135471094 -1.6146226037211635 -0.025226866958476504 0.18055046823092891 0.16659243900734388 1.337921637659587 -0.059098045961394334 -0.036714143766635114 0.040621791829410975 -0.02456287119177741 0.090580863678252743
leaf_weight=390 7362 95999 1409 3957 1235 13964 1102 7059 716 318 63 104 31 39 19164 68876 2796 19307 2309 2154 260 10114 47 3523 48 2236 12097 5007 214 340
leaf_count=390 7362 95999 1409 3957 1235 13964 1102 7059 716 318 63 104 31 39 19164 68876 2796 19307 2309 2154 260 10114 47 3523 48 2236 12097 5007 214 340
internal_value=-0.000144205 -0.000382042 -0.000259748 -0.00161415 -0.000839755 7.6028e-06 0.000653956 -0.00024866 -0.000763824 0.00261205 0.00307692 0.0114141 0.0242553 -0.00137926 -9.52765e-05 -0.000342459 0.000263939 -0.000184789 0.000640974 0.000858534 0.00488729 0.000151045 0.000760538 0.000396848 0.00184519 0.00164178 -0.000193321 0.00206134 0.00673045 0.0107623
internal_weight=282240 109962 102600 6601 5192 172278 23656 9692 8392 1294 1300 198 94 7098 148622 88040 60582 34526 15219 26056 976 12910 25666 20058 5807 5759 14251 5608 601 387
internal_count=282240 109962 102600 6601 5192 172278 23656 9692 8392 1294 1300 198 94 7098 148622 88040 60582 34526 15219 26056 976 12910 25666 20058 5807 5759 14251 5608 601 387
is_linear=0
shrinkage=0.05


Tree=159
num_leaves=31
num_cat=0
split_feature=7 3 14 1 16 0 16 10 14 13 13 7 3 6 1 1 7 2 16 12 13 0 10 3 1 1 6 16 3 14
split_gain=4.28339 4.2283 4.70293 4.42876 3.86968 3.51727 4.94521 3.25964 4.12407 3.14538 3.10893 3.06953 3.12686 6.54737 2.87424 9.43682 6.5299 6.01989 6.00035 5.8106 5.97188 5.23781 4.80195 14.4433 4.42928 13.2435 7.26234 7.84247 6.87934 9.63663
threshold=1.6661101906708728 4.5000000000000009 -1.9789999999999999 14.500000000000002 262.24450000000007 1.5000000000000002 24.007000000000001 4.4285714285714306 75.33250000000001 194.76050000000004 3.0010000000000003 2.3646020039433977 11.500000000000002 1.1616602035052177 20.500000000000004 16.500000000000004 0.71047649234106702 4.5000000000000009 63.194750000000006 0.16875000000000004 3.5610000000000004 1.5000000000000002 -9.1607142857142829 1.5000000000000002 6.5000000000000009 9.5000000000000018 1.1505216241342457 21.060350000000003 1.5000000000000002 212.04000000000005
decision_type=2 2 2 2 2 2 2 2 2 8 10 2 2 2 2 2 2 2 2 2 8 2 2 2 2 2 2 2 2 2
left_child=4 2 3 -2 7 6 -3 14 10 -6 -9 -7 13 -13 15 17 -17 24 19 -19 -21 22 23 -18 -1 -26 28 -28 -27 -30
right_child=1 5 -4 -5 9 11 -8 8 -10 -11 -12 12 -14 -15 -16 16 21 18 -20 20 -22 -23 -24 -25 25 26 27 -29 29 -31
leaf_value=-0.02986299138637882 -0.099628378466846537 -0.010490491661506748 -0.17920300971210726 0.085266054711788206 -5.1482040760573522 0.029082246125856876 -0.33199103517967038 -0.070656529925096842 -0.99604923189634931 -0.39026230640319337 0.026743065295974769 -0.13207534601682711 -0.8270829643713391 1.3586979634697132 -0.054770005297153181 0.41630468555954059 0.88890699538385121 -0.0080984434551042012 -0.20894544361519618 0.048764747351285276 -0.14951017071110231 0.22218320707049335 -0.022226219469588457 -0.58052087172307576 0.27375461538580903 0.37462233415642965 0.21488278789180337 -0.023385562504111015 -0.086184316435381422 2.1312261471222858
leaf_weight=55140 36 2628 2770 34 726 3336 876 4242 1158 2532 2864 54 40 74 33174 5142 44 36508 7796 996 7490 19146 18916 68 23068 3784 3600 4722 40718 558
leaf_count=55140 36 2628 2770 34 726 3336 876 4242 1158 2532 2864 54 40 74 33174 5142 44 36508 7796 996 7490 19146 18916 68 23068 3784 3600 4722 40718 558
internal_value=-0.000147393 -0.00117181 -0.0027993 0.01 -0.000110357 -0.000512273 -0.00163242 -8.9622e-05 -0.00106728 -0.00182321 -0.000616382 0.000607876 0.00720238 0.0110156 -5.86511e-05 4.69806e-06 0.000668805 -0.000151319 -0.000602388 -0.000380496 -0.00155904 0.000443494 -0.000144 0.0101786 2.96363e-05 0.000275996 -0.000156608 0.00120043 -0.000407236 -0.000594293
internal_weight=282240 9848 2840 70 272392 7008 3504 269134 8264 3258 7106 3504 168 128 260870 227696 43316 184380 52790 44994 8486 38174 19028 112 131590 76450 53382 8322 45060 41276
internal_count=282240 9848 2840 70 272392 7008 3504 269134 8264 3258 7106 3504 168 128 260870 227696 43316 184380 52790 44994 8486 38174 19028 112 131590 76450 53382 8322 45060 41276
is_linear=0
shrinkage=0.05


Tree=160
num_leaves=31
num_cat=0
split_feature=7 14 8 3 13 15 2 2 14 15 15 16 12 13 15 2 2 13 10 14 13 8 3 3 15 14 15 7 16 10
split_gain=4.27944 4.02135 5.99156 7.31659 4.98044 4.54883 4.32632 6.26524 5.88044 4.55429 9.20547 9.20111 8.30123 4.07622 6.29687 4.83992 4.7738 7.18869 7.09442 6.61197 4.73224 8.45999 4.61283 12 4.36783 5.64105 4.33865 4.32926 10.4988 4.1141
threshold=1.6294729635636733 92.041500000000028 1.1735660386918843 2.5000000000000004 81.306000000000012 2.0710000000000002 4.5000000000000009 1.5000000000000002 128.57000000000002 83.592500000000015 100.51600000000001 90.3185 0.17375000000000002 0.56900000000000006 29.811000000000003 1.5000000000000002 5.5000000000000009 59.905000000000008 -0.92857142857142794 50.096000000000011 27.473500000000005 0.78969216486271387 4.5000000000000009 5.5000000000000009 56.091500000000011 44.071000000000005 120.80600000000003 0.50013865813216063 5.882975000000001 0.44285714285714334
decision_type=2 2 2 2 8 2 2 2 2 2 2 2 2 10 2 2 2 10 2 2 10 2 2 2 2 2 2 2 2 2
left_child=1 13 -3 4 -4 -6 7 -7 9 -9 11 -11 -13 -1 -15 -16 17 18 27 -19 21 22 -18 -24 -20 29 -22 28 -17 -26
right_child=-2 2 3 -5 5 6 -8 8 -10 10 -12 12 -14 14 15 16 20 19 24 -21 26 -23 23 -25 25 -27 -28 -29 -30 -31
leaf_value=-0.029503243931634872 -0.041310822120526759 -0.057545143528186717 -0.80631006080372247 -0.87736242094224193 0.65446098735045644 -0.26674230814749611 -0.29946061021470644 0.06352850925733497 -0.1103609895638738 0.66863398940343322 0.10167907723232916 0.34235945189047912 1.2095934828413606 0.04370497818642563 0.080108513225309569 1.1686190853993836 0.00049816360057933977 -0.12800878505437679 -0.25086950638391159 0.16987683480405963 0.16533859503333914 -0.17040005052815002 1.6000808484615394 0.10204652149867133 0.10861502939320018 -0.46896661785185345 -1.0000259777560225 0.092663224000563482 0.55402284834597759 -0.27489263466427027
leaf_weight=120859 11392 38402 521 3736 34 830 689 467 766 40 399 324 36 53231 14836 35 128 6955 7447 5144 3953 1990 50 100 3393 3200 255 1741 116 1171
leaf_count=120859 11392 38402 521 3736 34 830 689 467 766 40 399 324 36 53231 14836 35 128 6955 7447 5144 3953 1990 50 100 3393 3200 255 1741 116 1171
internal_value=-0.000148811 -0.000108881 -0.000533476 -0.00179291 -0.000336095 0.000327753 0.000153477 0.00100978 0.00250492 0.00459716 0.00688986 0.01225 0.00972222 -2.14612e-05 0.000208443 -0.000191433 -0.000507036 -0.0007794 -0.00143922 0.000153317 0.000721123 -0.00111993 0.00705036 0.013 -0.00179837 -0.000968574 0.0017134 0.0014482 0.00956954 0.000159946
internal_weight=282240 270848 46244 7842 4106 3585 3551 2862 2032 1266 799 400 360 224604 103745 50514 35678 29202 17103 12099 6476 2268 278 150 15211 7764 4208 1892 151 4564
internal_count=282240 270848 46244 7842 4106 3585 3551 2862 2032 1266 799 400 360 224604 103745 50514 35678 29202 17103 12099 6476 2268 278 150 15211 7764 4208 1892 151 4564
is_linear=0
shrinkage=0.05


Tree=161
num_leaves=31
num_cat=0
split_feature=5 15 3 3 8 16 15 16 15 15 1 10 6 10 13 15 1 13 8 16 12 8 16 6 13 15 16 12 15 0
split_gain=3.76141 6.23475 5.92259 9.07555 9.99445 8.89359 5.89458 4.63806 7.9172 7.01083 9.8195 9.0842 5.26316 4.74074 4.48442 7.77442 6.79029 5.41083 5.4106 4.37713 4.20215 4.04578 4.69201 4.30719 3.75167 3.75149 3.67101 3.57369 4.60982 3.57272
threshold=1.0000000180025095e-35 179.04650000000001 5.5000000000000009 10.500000000000002 1.4255815362477298 66.45665000000001 -0.81499999999999984 16.533150000000003 14.911000000000003 39.365000000000002 16.500000000000004 -0.050000000000000482 0.87360161279460868 8.0607142857142886 41.042500000000011 6.1650000000000009 16.500000000000004 18.681500000000003 0.7189828394805643 10.981825000000001 0.3262500000000001 1.8874168711463624 19.430150000000001 1.12200464476734 2.6125000000000003 113.11250000000001 2.5190250000000005 0.17875000000000002 58.933500000000009 2.5000000000000004
decision_type=2 2 2 2 2 2 2 2 2 2 2 2 2 2 8 2 2 10 2 2 2 2 2 2 10 2 2 2 2 2
left_child=21 2 -2 4 5 14 -5 8 -8 10 11 12 -10 -13 15 -4 18 -18 -17 -20 -6 29 23 -23 -21 -11 -22 28 -7 -1
right_child=1 -3 3 6 20 27 7 -9 9 25 -12 13 -14 -15 -16 16 17 -19 19 24 26 22 -24 -25 -26 -27 -28 -29 -30 -31
leaf_value=-0.017984511817638271 -0.1702960731601102 -2.703897802075149 -0.035853463061951092 0.2000214395075017 0.69376403724265856 0.17774681832967915 -0.15734096024280975 -0.25739191121536142 0.734793907883594 -0.056852580536414767 -0.090536005171106063 0.0051965392493800123 2.0031789021109652 0.041978924425527919 -0.14205066054413792 2.0158105182106203 0.41121019328590952 0.23326504768877113 0.74976285703177248 0.27337350337640193 0.17269812768894285 -0.23681596788176212 -0.29160865730711155 0.025341180365044177 -0.23630645250007337 2.3098251994737309 0.058116148893295638 0.072145975421513062 1.1290647182866669 0.04088861899223821
leaf_weight=200802 5822 928 388 32 30 110 464 1884 38 330 102 72 38 36 1200 31 65 58 30 45 32 392 1086 746 197 42 50 90 166 66934
leaf_count=200802 5822 928 388 32 30 110 464 1884 38 330 102 72 38 36 1200 31 65 58 30 45 32 392 1086 746 197 42 50 90 166 66934
internal_value=-0.000149874 -0.0010057 -0.000683581 0.000488245 0.00272472 0.00203781 -0.00134628 -0.00157352 0.000971478 0.00449848 0.0103846 0.0172826 0.0305263 0.00796296 0.000734855 0.00359951 0.00826291 0.0181707 0.00424092 0.00198529 0.0173214 -0.000110944 -0.00223471 8.78615e-06 -0.000247935 -2.68829e-05 0.0114634 0.00920765 0.012029 -9.33021e-05
internal_weight=282240 12280 11352 5530 2492 2380 3038 3006 1122 658 286 184 76 108 2014 814 426 123 303 272 112 269960 2224 1138 242 372 82 366 276 267736
internal_count=282240 12280 11352 5530 2492 2380 3038 3006 1122 658 286 184 76 108 2014 814 426 123 303 272 112 269960 2224 1138 242 372 82 366 276 267736
is_linear=0
shrinkage=0.05


Tree=162
num_leaves=31
num_cat=0
split_feature=5 15 3 3 8 15 16 13 7 15 16 15 15 13 10 6 16 10 1 1 16 10 7 8 16 3 15 15 6 10
split_gain=3.93773 6.18332 5.12422 7.36638 8.64867 7.0453 14.5451 9.16972 8.04042 10.4323 5.33804 4.83005 4.83486 8.34938 6.89414 4.63875 4.33344 4.28236 4.06772 4.00804 3.7755 5.68486 7.0433 3.67785 8.81975 8.48445 6.98607 8.66105 12.6289 5.15304
threshold=1.0000000180025095e-35 179.04650000000001 5.5000000000000009 10.500000000000002 1.4255815362477298 9.2410000000000014 7.6397500000000003 2.0515000000000003 0.6823309208035121 26.471500000000002 71.567525000000003 -1.0000000180025095e-35 14.911000000000003 4.7010000000000014 0.15714285714285617 1.703155686606898 17.223749999999999 7.5607142857142859 4.5000000000000009 19.500000000000004 11.863625000000001 -1.3285714285714294 0.81979597625402112 1.7361126636483661 22.18975 11.500000000000002 14.501000000000003 1.6025000000000003 1.4378065360473788 -7.5392857142857119
decision_type=2 2 2 2 2 2 2 8 2 2 2 2 2 8 2 2 2 2 2 2 2 2 2 2 2 2 2 2 2 2
left_child=23 2 -2 4 5 15 -7 -8 9 -9 -11 -5 -13 14 16 -4 -14 -16 -12 -6 21 22 -15 -1 25 29 27 -27 -29 -25
right_child=1 -3 3 11 19 6 7 8 -10 10 18 12 13 20 17 -17 -18 -19 -20 -21 -22 -23 -24 24 -26 26 -28 28 -30 -31
leaf_value=-0.0082388050593634361 -0.16178126950210472 -2.5687029119713918 -0.082297549782822305 0.18003101147119016 0.14086279987134673 0.71227471418018384 0.23500283338392025 1.9344980185635319 0.073572467881276582 -0.21901016777189 1.1728701721263792 -0.22436367764741455 1.3400372849315954 -0.021314249173527179 -0.038669534378188514 0.09246047201514139 0.33185937418639977 0.053863355683302187 0.85070788579371992 0.63759138682678484 -0.16490643045007986 0.012067493071571419 1.3367654814099332 1.9768101195265211 -0.27968260093987535 -0.015736368428701665 -0.086360177137678185 0.027654313976345081 0.26169255092106608 -0.018606315822150925
leaf_weight=265256 5822 928 856 68 80 30 34 43 1199 98 30 962 37 32 75 36 32 34 54 32 1493 270 35 30 2364 78 102 74 90 1966
leaf_count=265256 5822 928 856 68 80 30 34 43 1199 98 30 962 37 32 75 36 32 34 54 32 1493 270 35 30 2364 78 102 74 90 1966
internal_value=-0.000146331 -0.00102199 -0.000701199 0.000388787 0.00240369 0.0017647 0.00387097 0.00316186 0.00254916 0.0112222 0.00598901 -0.00126399 -0.00156566 -0.000169324 0.0101685 -0.00174888 0.0225362 0.00233945 0.0152381 0.0159821 -0.00117486 0.00360534 0.0166418 -0.000106498 -0.00149235 0.000683759 0.00793605 0.012562 0.0190854 -0.000566133
internal_weight=282240 12280 11352 5530 2492 2380 1488 1458 1424 225 182 3038 2970 2008 178 892 69 109 84 112 1830 337 67 269960 4704 2340 344 242 164 1996
internal_count=282240 12280 11352 5530 2492 2380 1488 1458 1424 225 182 3038 2970 2008 178 892 69 109 84 112 1830 337 67 269960 4704 2340 344 242 164 1996
is_linear=0
shrinkage=0.05


Tree=163
num_leaves=31
num_cat=0
split_feature=14 6 0 16 6 16 0 5 10 15 8 0 3 6 3 16 14 15 14 6 0 3 3 16 16 1 8 12 15 16
split_gain=3.86114 8.31845 6.4624 4.89458 4.6545 5.10914 4.27991 5.26402 4.72243 4.04792 6.46695 13.2549 16.7884 8.74187 5.60265 5.77703 5.32367 6.15828 5.41574 5.19787 7.96894 9.52668 17.4927 17.995 7.41886 6.43947 6.59554 13.2947 5.99196 8.89977
threshold=46.63150000000001 1.4774581247732965 1.5000000000000002 47.707500000000003 0.99938336059022215 1.7362500000000003 2.5000000000000004 1.0000000180025095e-35 4.3285714285714327 10.741000000000001 1.5587884947916668 1.5000000000000002 1.5000000000000002 1.3731534971766692 7.5000000000000009 29.464625000000002 20.191000000000006 5.9615000000000009 18.621000000000006 1.0008124909445437 1.5000000000000002 5.5000000000000009 4.5000000000000009 21.820250000000001 42.497675000000008 8.5000000000000018 0.68018516175408583 1.4337500000000003 -1.115 11.863625000000001
decision_type=2 2 2 2 2 2 2 2 2 2 2 2 2 2 2 2 2 2 2 2 2 2 2 2 2 2 2 2 2 2
left_child=4 3 -3 -2 5 -1 7 8 -5 10 14 12 -12 -14 19 16 17 18 -16 20 21 22 23 -6 -25 -21 27 -27 29 -23
right_child=1 2 -4 6 9 -7 -8 -9 -10 -11 11 -13 13 -15 15 -17 -18 -19 -20 25 -22 28 -24 24 -26 26 -28 -29 -30 -31
leaf_value=-0.20435340796265267 -0.18484358545880933 -0.84851596596840051 -0.16687837096434924 -0.042493556853943182 0.76853585147555625 -0.036348864542286571 0.044702308688213371 -0.44136259509373554 -0.70831723961903037 -0.0042246608278479845 -0.33159967036872012 -0.090533101899809204 0.075158645892598755 0.14510791998568986 -0.035795014738730979 0.38810922728844693 -0.3036059335965296 0.13616713297473027 0.28630083182487825 -0.072503589951402714 0.0082235920824260435 -0.24171173331156243 -0.49559106900378663 -0.14935481620552693 1.1562660112971341 0.33230634382095986 0.017284397270347258 1.2594183386068725 0.26483368604262753 1.080162517630896
leaf_weight=3840 5720 1820 5450 56414 276 44392 36144 2326 998 82384 498 874 486 848 12844 1002 2510 4010 330 3422 3898 464 1080 460 52 792 5260 160 3414 72
leaf_count=3840 5720 1820 5450 56414 276 44392 36144 2326 998 82384 498 874 486 848 12844 1002 2510 4010 330 3422 3898 464 1080 460 52 792 5260 160 3414 72
internal_value=-0.000141016 -0.000374386 -0.00200825 -0.000257476 5.53616e-06 -0.000411761 -0.000172713 -0.000432557 -0.000338084 0.000166378 0.000561142 0.00292683 0.00534389 0.00826836 0.000401287 -0.000170566 -0.000358994 -4.48103e-05 -0.000567027 0.00101292 0.00182894 0.00300103 5.88853e-05 0.00572335 0.00017578 0.000189951 0.00114939 0.00497899 0.0043924 -0.000522389
internal_weight=282240 108872 7270 101602 173368 48232 95882 59738 57412 125136 42752 2706 1832 1334 40046 20696 19694 17184 13174 19350 9716 5818 1868 788 512 9634 6212 952 3950 536
internal_count=282240 108872 7270 101602 173368 48232 95882 59738 57412 125136 42752 2706 1832 1334 40046 20696 19694 17184 13174 19350 9716 5818 1868 788 512 9634 6212 952 3950 536
is_linear=0
shrinkage=0.05


Tree=164
num_leaves=31
num_cat=0
split_feature=7 8 14 6 3 0 14 8 3 0 3 17 16 15 14 8 15 2 15 14 7 15 8 14 2 6 14 12 3 3
split_gain=4.42804 4.12558 4.81859 4.72267 4.27787 7.22926 3.7807 4.88619 5.93298 4.81335 5.74534 10.4415 6.8703 5.75905 4.99982 4.84043 8.18076 15.5411 5.91158 5.223 4.70767 7.0629 11.7705 4.08239 3.91161 3.3988 6.90753 4.91226 5.93987 7.6606
threshold=1.7785225864191649 1.8461972023374515 24.001000000000001 1.12200464476734 3.5000000000000004 1.5000000000000002 92.041500000000028 1.0755673765529044 5.5000000000000009 1.5000000000000002 10.500000000000002 54.000000000000007 236.19477499999999 441.51000000000005 97.405000000000015 0.99857713534972048 24.431500000000003 4.5000000000000009 20.491000000000003 285.76500000000004 0.99007744986289747 157.36250000000004 0.86126287633233611 321.39500000000004 1.5000000000000002 1.1284287348471584 5.9810000000000008 0.88375000000000015 6.5000000000000009 7.5000000000000009
decision_type=2 2 2 2 2 2 2 2 2 2 2 2 2 2 2 2 2 2 2 2 2 2 2 2 2 2 2 2 2 2
left_child=1 6 3 -3 -5 -6 25 9 -9 10 20 -12 14 -14 -13 -16 17 18 -17 -18 21 -8 -23 -15 -11 27 -27 28 -1 -30
right_child=-2 2 -4 4 5 -7 7 8 -10 24 11 12 13 23 15 16 19 -19 -20 -21 -22 22 -24 -25 -26 26 -28 -29 29 -31
leaf_value=0.030981260525108675 -0.04986990730128836 -0.24117061901970172 -0.33964942403142123 -0.13050272395662182 0.10612307112874778 -0.039570916093042176 -0.17286945363160278 -0.056249130108149227 -0.65537524336279296 0.23858648444538688 -0.68042352413757579 -2.5999569760477192 -2.352605483888929 0.30197394127199151 -6.0796321415472594 3.7952659605193264 2.3343225267314955 -0.35574524247606765 3.8091802195944768 2.7555220141054395 -0.9742879927411785 2.1817435648607173 -0.63741493226543067 3.5496158592030711 -0.064526712658700011 0.054276899677835055 -0.0036490378467353528 -0.12197541405879442 -0.10635064448226726 -0.013793481949055442
leaf_weight=88036 6192 608 1142 504 328 258 1630 5974 3678 9690 2360 177 568 56 112 67 1216 64 40 30 3322 56 52 30 17494 11796 24816 10784 16290 74870
leaf_count=88036 6192 608 1142 504 328 258 1630 5974 3678 9690 2360 177 568 56 112 67 1216 64 40 30 3322 56 52 30 17494 11796 24816 10784 16290 74870
internal_value=-0.000140839 -0.000111178 -0.00200704 -0.000318022 0.00165137 0.00455631 -9.147e-05 -0.000501546 -0.00150332 -0.000239964 -0.00119121 6.35581e-05 0.00241525 -0.0019419 0.00408558 0.00500654 0.00579746 0.0160526 0.0277103 0.00439005 -0.00236166 -0.000253166 0.0121296 0.0101163 0.000102265 -7.10647e-06 0.00043401 -9.21162e-05 -2.97452e-05 -0.000312638
internal_weight=282240 276048 2840 1698 1090 586 273208 46616 9652 36964 9780 4720 2360 654 1706 1529 1417 171 107 1246 5060 1738 108 86 27184 226592 36612 189980 179196 91160
internal_count=282240 276048 2840 1698 1090 586 273208 46616 9652 36964 9780 4720 2360 654 1706 1529 1417 171 107 1246 5060 1738 108 86 27184 226592 36612 189980 179196 91160
is_linear=0
shrinkage=0.05


Tree=165
num_leaves=31
num_cat=0
split_feature=8 16 6 0 10 2 6 16 5 15 2 1 7 8 13 15 15 0 7 14 0 6 13 14 1 1 2 6 15 15
split_gain=4.27393 7.34635 6.62372 5.37689 6.35035 5.37444 6.35563 5.77578 4.20392 6.11768 4.55346 5.05044 4.75265 4.37143 4.47238 3.81217 8.56557 3.39417 6.8446 13.632 9.77786 6.99057 6.65324 6.26105 5.57983 6.80103 7.6391 7.03314 5.77203 5.30307
threshold=1.7566616291275821 22.18975 1.1376493452268197 1.5000000000000002 3.8071428571428587 3.5000000000000004 2.1919214105136726 3.49275 1.0000000180025095e-35 179.04650000000001 1.0000000180025095e-35 4.5000000000000009 1.1867897264676883 1.1604702845722512 5.5565000000000007 10.071000000000002 26.102500000000003 2.5000000000000004 1.1634246460465347 28.357500000000005 1.5000000000000002 1.3294609182192656 24.951500000000003 -2.2874999999999996 6.5000000000000009 19.500000000000004 5.5000000000000009 1.2015483413646921 -1.115 1.7810000000000004
decision_type=2 2 2 2 2 2 2 2 2 2 2 2 2 2 8 2 2 2 2 2 2 2 10 2 2 2 2 2 2 2
left_child=8 2 -2 4 5 6 -4 -7 17 10 12 13 -10 14 15 -12 -17 18 24 21 -21 -20 23 29 -1 27 28 -26 -27 -23
right_child=1 -3 3 -5 -6 7 -8 -9 9 -11 11 -13 -14 -15 -16 16 -18 -19 19 20 -22 22 -24 -25 25 26 -28 -29 -30 -31
leaf_value=-0.042808814678418017 -0.21334903882589262 -0.24793192928177896 0.1328124757450426 -0.073578451289946931 -0.01919050904073101 0.14761432844953334 0.2362747305689902 0.0026913233492448212 -0.60203092580810791 -2.4177469753495942 0.031401926058034636 -0.057554418678399825 0.17902567470278474 -0.26522544485491556 0.13033188824024503 1.1643393026575346 0.21829711863304577 0.042633011957645892 -0.08537556209783842 -0.5473012583554685 -0.14880388490910268 0.12574530242826748 0.55193319902028692 0.0085668440638660415 0.0304614832178439 0.47896945687635206 0.13166149071716876 0.18706439379058218 -0.12361758077838168 0.064290470811432868
leaf_weight=50070 858 2304 324 640 276 30 60 324 1272 924 127 7388 36 208 1546 51 120 66438 8190 4928 6136 76 795 9635 84748 402 4128 5738 24306 162
leaf_count=50070 858 2304 324 640 276 30 60 324 1272 924 127 7388 36 208 1546 51 120 66438 8190 4928 6136 76 795 9635 84748 402 4128 5738 24306 162
internal_value=-0.000138713 -0.00161545 0.000254776 0.00210399 0.00436884 0.00678862 0.0108854 0.00234463 -0.000113077 -0.00104181 -0.000706179 -0.000323094 -0.00347095 0.00187134 0.00264642 0.00825503 0.0131287 -7.22866e-05 -0.000175453 -0.000872603 -0.00226591 -5.51502e-05 0.000788338 0.000434011 -5.23059e-05 0.000133587 -0.000535096 0.000346682 -0.000867736 0.00844538
internal_weight=282240 4816 2512 1654 1014 738 384 354 277424 11672 10748 9440 1308 2052 1844 298 171 265752 199314 29922 11064 18858 10668 9873 169392 119322 28836 90486 24708 238
internal_count=282240 4816 2512 1654 1014 738 384 354 277424 11672 10748 9440 1308 2052 1844 298 171 265752 199314 29922 11064 18858 10668 9873 169392 119322 28836 90486 24708 238
is_linear=0
shrinkage=0.05


Tree=166
num_leaves=31
num_cat=0
split_feature=6 16 0 8 6 16 8 5 2 3 16 13 2 13 15 10 10 16 1 10 15 8 12 2 15 8 15 14 3 15
split_gain=4.36111 9.01219 4.6955 4.46163 4.21272 9.42315 5.9351 4.44224 5.68334 7.37651 10.8477 16.0383 10.6478 5.80665 6.32628 6.87605 4.39903 4.88279 4.91682 4.21017 4.99084 4.16635 4.15195 8.66558 5.67597 5.43918 4.91537 4.00673 9.31386 3.92766
threshold=1.5817078953507449 24.007000000000001 1.5000000000000002 1.7804483559979489 1.3647559385888377 34.339750000000009 1.2370981468828388 1.0000000180025095e-35 1.0000000180025095e-35 2.5000000000000004 80.671225000000007 39.591500000000011 4.5000000000000009 22.641000000000002 14.911000000000003 -2.1285714285714272 0.58571428571428819 10.6759 16.500000000000004 -3.5928571428571416 100.51600000000001 0.91285673052031935 0.80875000000000019 2.5000000000000004 66.895000000000024 0.73621651167655922 5.1365000000000007 -2.2874999999999996 4.5000000000000009 98.427500000000023
decision_type=2 2 2 2 2 2 2 2 2 2 2 10 2 8 2 2 2 2 2 2 2 2 2 2 2 2 2 2 2 2
left_child=4 21 -3 -4 6 22 7 -1 -9 10 11 12 -10 14 -11 -16 17 -17 -19 20 -8 -2 -6 24 -24 26 -25 28 -23 -20
right_child=1 2 3 -5 5 -7 19 8 9 13 -12 -13 -14 -15 15 16 -18 18 29 -21 -22 27 23 25 -26 -27 -28 -29 -30 -31
leaf_value=-0.0022828299998833403 -0.053026911110261449 -0.33155129363639468 -0.057581434819758595 -0.35704032850002643 0.059824729571426455 -0.13284271722698496 0.093051150118621404 -0.64167324934863201 0.95244087877687267 -0.035665675710552423 -1.4990853113261182 -0.018679691320588533 0.86627935194460015 -0.17453655089607478 1.1407977524548762 1.0390441082427484 -0.15767262425600559 0.08486294621060371 0.43138475185166802 -0.11180755295256042 -0.32981659070563446 0.17549630597523913 0.75471067255447755 1.0123649181849905 0.99533844622352685 0.0027602578421374959 -0.22434896573598029 0.015137998108918914 0.04331355303967372 -0.24464464693154461
leaf_weight=221766 1998 2654 4610 1292 6086 5462 2986 1332 170 915 268 226 104 6169 35 65 188 384 86 16118 692 34 532 46 52 850 30 6920 134 36
leaf_count=221766 1998 2654 4610 1292 6086 5462 2986 1332 170 915 268 226 104 6169 35 65 188 384 86 16118 692 34 532 46 52 850 30 6920 134 36
internal_value=-0.000140662 -0.000901826 -0.00206639 -0.00128092 -8.99112e-05 0.000785724 -0.000135367 -6.43826e-05 -0.00109641 -0.000628037 0.00404948 0.0084 0.0165328 -0.00108403 0.00149503 0.0047607 0.00376153 0.00594571 0.00428854 -0.000966358 0.000560086 0.000194804 0.0019247 0.00427152 0.00904109 0.0012635 0.0140789 0.000763261 0.00839286 0.0130328
internal_weight=282240 17642 8556 5902 264598 13058 251540 231744 9978 8646 768 500 274 7878 1709 794 759 571 506 19796 3678 9086 7596 1510 584 926 76 7088 168 122
internal_count=282240 17642 8556 5902 264598 13058 251540 231744 9978 8646 768 500 274 7878 1709 794 759 571 506 19796 3678 9086 7596 1510 584 926 76 7088 168 122
is_linear=0
shrinkage=0.05


Tree=167
num_leaves=31
num_cat=0
split_feature=6 16 0 10 15 0 14 6 7 7 1 2 13 1 12 6 13 14 13 2 16 1 10 10 13 10 7 16 6 12
split_gain=4.34286 8.78615 4.58781 3.95026 3.89307 3.73855 5.56191 8.85443 7.19293 7.10547 5.09231 7.26018 7.66926 5.91785 5.58717 5.52443 4.96624 4.46259 4.3776 4.38611 6.58555 7.79451 4.30786 4.10034 4.19253 4.05848 8.05407 5.06316 5.80775 8.31957
threshold=1.5817078953507449 24.007000000000001 1.5000000000000002 -0.58571428571428441 6.9615000000000009 2.5000000000000004 79.071000000000012 1.3647559385888377 1.1634246460465347 1.1326437944287546 17.500000000000004 4.5000000000000009 35.333500000000008 20.500000000000004 0.33875000000000005 0.99938336059022215 47.095000000000006 22.401000000000003 -0.028999999999999995 1.0000000180025095e-35 11.57625 5.5000000000000009 -3.3642857142857121 -7.5392857142857119 103.36500000000002 -2.3928571428571415 1.3834054739966144 87.329750000000004 1.0736357645101189 0.96375000000000011
decision_type=2 2 2 2 2 2 2 2 2 2 2 2 8 2 2 2 10 2 10 2 2 2 2 2 8 2 2 2 2 2
left_child=5 4 -3 -4 -2 6 7 8 -1 -8 11 12 18 16 15 -13 17 -12 -7 20 21 -20 -21 -10 -25 26 -14 28 -28 -30
right_child=1 2 3 -5 -6 10 9 -9 23 -11 13 14 25 -15 -16 -17 -18 -19 19 22 -22 -23 -24 24 -26 -27 27 -29 29 -31
leaf_value=-0.005913767186448776 0.024514020207409563 -0.31497372895457493 0.046694198786932928 -0.25153160696396965 -0.017112426247068876 -0.31464027295577462 -0.096768207146242693 0.076337339382326744 1.2070083660924753 -0.69287606668460999 1.8119366443759981 0.18666722690046744 0.13487750211311986 0.013934338398752525 -0.47165872649263846 -0.20391174322679728 0.055238830556467666 0.49494153597450624 0.90962241503037122 0.98961003765491251 0.54277964982423033 2.5178519462412154 0.28209031790683542 -0.021741229004372344 -0.25766297579960346 -0.020574090373907936 0.11673544709294104 2.3863100465408711 2.9435587770769964 -0.92732092261285115
leaf_weight=142048 4408 2654 2092 3810 4678 774 30520 8254 144 3100 735 2320 1182 8324 2338 9664 3115 4444 84 46 1457 92 3860 6690 7226 27853 172 95 31 30
leaf_count=142048 4408 2654 2092 3810 4678 774 30520 8254 144 3100 735 2320 1182 8324 2338 9664 3115 4444 84 46 1457 92 3860 6690 7226 27853 172 95 31 30
internal_value=-0.000139422 -0.000898992 -0.00204886 -0.00127245 0.000183798 -8.87774e-05 -0.000197797 -7.79389e-05 -0.000162325 -0.000783761 0.000235228 -1.68019e-05 0.00036495 0.0009935 -0.000967743 -0.000531543 0.00193875 0.00288762 0.00194598 0.00243816 0.00461421 0.01375 0.00152842 -0.00124111 -0.00132797 2.50303e-05 0.00254967 0.00948171 0.00551502 0.0187705
internal_weight=282240 17642 8556 5902 9086 264598 197982 164362 156108 33620 66616 49998 35676 16618 14322 11984 8294 5179 6313 5539 1633 176 3906 14060 13916 29363 1510 328 233 61
internal_count=282240 17642 8556 5902 9086 264598 197982 164362 156108 33620 66616 49998 35676 16618 14322 11984 8294 5179 6313 5539 1633 176 3906 14060 13916 29363 1510 328 233 61
is_linear=0
shrinkage=0.05


Tree=168
num_leaves=31
num_cat=0
split_feature=7 14 13 8 16 13 3 1 14 2 14 1 16 2 13 8 14 14 2 2 2 1 7 8 3 3 10 8 14 16
split_gain=4.27173 5.66192 4.3991 4.0301 3.8878 6.48858 5.7741 4.89448 6.28578 8.17955 7.72203 9.5706 6.44623 11.0802 10.2153 9.26399 8.79905 7.85404 9.69099 4.27011 4.26972 4.65385 3.56552 3.56402 3.56036 5.18779 6.58538 6.70755 6.26794 14.9522
threshold=1.4402052251940416 26.861500000000003 29.701500000000003 1.7804483559979489 154.37575000000001 194.76050000000004 10.500000000000002 5.5000000000000009 418.15500000000003 4.5000000000000009 196.61150000000001 20.500000000000004 262.24450000000007 1.0000000180025095e-35 316.99500000000006 1.0397931913617606 285.76500000000004 256.86350000000004 1.5000000000000002 2.5000000000000004 2.5000000000000004 13.500000000000002 1.262498710849405 0.76614300053182782 11.500000000000002 10.500000000000002 7.1857142857142868 1.118366024076878 2.0515000000000003 3.8072500000000002
decision_type=2 2 10 2 2 8 2 2 2 2 2 2 2 2 10 2 2 2 2 2 2 2 2 2 2 2 2 2 2 2
left_child=3 23 -3 4 24 -6 -7 -8 9 10 -9 12 13 -12 15 17 -14 18 -15 -18 -19 -22 -5 -2 25 -1 28 -28 29 -27
right_child=1 2 -4 22 5 6 7 8 -10 -11 11 -13 16 14 -16 -17 19 20 -20 -21 21 -23 -24 -25 -26 26 27 -29 -30 -31
leaf_value=-0.0051806991465376487 -0.11043788600849365 -0.27082405773381746 0.016039081996086332 -0.1874259731987703 -1.2798004420443903 -0.79840988304871596 -0.4255426424168115 -1.6781889242846209 -0.60708487948404055 -0.50524550462630735 0.95974695158254419 -0.69690969212259679 -5.2090740361564771 3.72785926800811 0.076156695845198796 -4.6246900573433329 2.8436034179083949 0.56046213117039201 2.6181520377687204 0.56341732118696752 4.4208074386267926 2.9396268367497727 0.048988887588669386 0.0093839159809925594 -0.077674663254896789 0.065136739971542484 3.6931206409533348 0.056546279058840888 0.13008530054533207 1.4318256741559752
leaf_weight=212172 1504 7571 2441 2024 3348 2597 765 358 866 849 236 320 208 150 146 42 304 36 126 199 52 52 488 10284 14950 1120 54 62 18550 366
leaf_count=212172 1504 7571 2441 2024 3348 2597 765 358 866 849 236 320 208 150 146 42 304 36 126 199 52 52 488 10284 14950 1120 54 62 18550 366
internal_value=-0.000137296 -0.000809634 -0.00168398 -8.10179e-05 -6.16075e-05 -0.00099681 -0.000161512 0.000882352 0.00159229 0.00265107 0.00424181 0.00552913 0.00715345 0.010119 0.0137086 0.0173799 0.00364979 0.0196394 0.0147464 0.00722664 0.0292857 0.0344231 -0.00207405 -6.70185e-05 -2.13136e-05 2.68148e-05 0.000793468 0.0126724 0.000724694 0.00384926
internal_weight=282240 21800 10012 260440 257928 10654 7306 4709 3944 3078 2229 1871 1551 840 604 458 711 416 276 503 140 104 2512 11788 247274 232324 20152 116 20036 1486
internal_count=282240 21800 10012 260440 257928 10654 7306 4709 3944 3078 2229 1871 1551 840 604 458 711 416 276 503 140 104 2512 11788 247274 232324 20152 116 20036 1486
is_linear=0
shrinkage=0.05


Tree=169
num_leaves=31
num_cat=0
split_feature=5 16 8 13 14 16 13 2 3 13 8 14 1 6 2 8 2 16 16 3 8 14 3 14 8 14 8 10 10 2
split_gain=4.04682 5.29559 4.37407 3.54982 3.46943 3.3985 3.18622 3.1417 17.5791 13.3594 3.37187 7.45455 4.06694 3.16995 6.11168 7.95145 4.17813 3.59078 3.43123 3.09836 5.55361 7.18304 5.5297 6.87872 6.24102 5.23048 6.00987 6.88708 4.99374 15.2574
threshold=1.0000000180025095e-35 94.65155 1.8874168711463624 39.081500000000005 24.001000000000001 262.24450000000007 37.693500000000007 4.5000000000000009 2.5000000000000004 102.02250000000002 0.69931304696121943 23.271500000000003 7.5000000000000009 1.12200464476734 3.5000000000000004 1.0478822096742719 1.5000000000000002 24.700750000000003 9.8197500000000009 10.500000000000002 0.55245798538270108 -3.3899999999999992 11.500000000000002 256.86350000000004 1.6755321962425711 18.962500000000002 0.75496400316949874 4.9000000000000021 -2.6357142857142843 4.5000000000000009
decision_type=2 2 2 8 2 2 8 2 2 10 2 2 2 2 2 2 2 2 2 2 2 2 2 2 2 2 2 2 2 2
left_child=2 3 5 -2 6 19 -4 13 9 -9 11 -10 -13 -5 16 -16 17 18 -15 20 21 -1 25 24 -24 26 27 -21 29 -28
right_child=1 -3 4 7 -6 -7 -8 8 10 -11 -12 12 -14 14 15 -17 -18 -19 -20 22 -22 -23 23 -25 -26 -27 28 -29 -30 -31
leaf_value=0.40187566837724653 0.03218645463910632 -1.1018362022037733 0.029294223594982363 -0.41108621026847852 -0.27831772655770104 -0.81469102800325099 -0.072193010399643917 0.75649546106930698 -0.28675603419982604 -0.56027621911736403 -0.09791338369845469 1.4431956373671104 0.32003615856024381 0.034248315926487881 -0.031987792090909364 0.48676555491371176 -0.1999878898599256 -0.074917135055598535 0.35481909423489744 -0.10273682981953641 -0.018421445890461494 0.1250748143086324 -0.076680776885024546 1.0359287983276892 0.09319004665606466 0.099722316509845796 1.866973048091126 2.5527202300370018 0.36729717402752876 -0.29723258997372287
leaf_weight=38 3395 1592 571 3857 954 3206 699 146 116 64 2041 49 39 68 125 109 476 142 61 1704 212990 11762 16464 868 630 15428 364 30 3988 264
leaf_count=38 3395 1592 571 3857 954 3206 699 146 116 64 2041 49 39 68 125 109 476 142 61 1704 212990 11762 16464 868 630 15428 364 30 3988 264
internal_value=-0.000134284 -0.00102199 -9.3904e-05 -0.000621259 -0.00230216 -7.55607e-05 -0.000590552 -0.00124297 0.000213848 0.0140476 -0.00108018 0.00504902 0.0160227 -0.00198223 0.000555554 0.00760684 -0.00165328 0.00330258 0.00934108 -5.59495e-05 -0.000127898 0.000927965 0.000351031 -0.000298409 -0.000518897 0.000886673 0.00209449 -0.000415226 0.00303726 0.00718153
internal_weight=282240 12280 269960 10688 2224 267736 1270 7293 2455 210 2245 204 88 4838 981 234 747 271 129 264530 224790 11800 39740 17962 17094 21778 6350 1734 4616 628
internal_count=282240 12280 269960 10688 2224 267736 1270 7293 2455 210 2245 204 88 4838 981 234 747 271 129 264530 224790 11800 39740 17962 17094 21778 6350 1734 4616 628
is_linear=0
shrinkage=0.05


Tree=170
num_leaves=31
num_cat=0
split_feature=5 15 3 3 16 2 8 7 8 7 2 15 13 15 7 7 13 15 7 12 1 8 15 8 2 1 2 14 10 13
split_gain=4.21806 5.95158 4.94915 6.68644 6.85695 7.92661 6.71997 4.42158 4.28183 4.18639 3.86589 9.00607 9.41623 7.16763 3.85896 15.0657 8.28381 3.74947 3.26966 5.33014 3.79217 4.20907 3.45702 10.0204 5.09085 5.42846 3.76192 3.26403 8.12733 5.31884
threshold=1.0000000180025095e-35 179.04650000000001 5.5000000000000009 10.500000000000002 59.231000000000002 3.5000000000000004 1.3738107310215708 0.6823309208035121 1.8874168711463624 1.4858866909239083 4.5000000000000009 9.2410000000000014 17.295000000000005 17.235000000000003 0.946208415801853 0.92511226475331731 2.4540000000000002 -0.028999999999999995 0.50013865813216063 0.5162500000000001 16.500000000000004 0.63227696128097133 157.36250000000004 0.76997929250216102 1.5000000000000002 14.500000000000002 1.0000000180025095e-35 92.041500000000028 0.72500000000000064 18.331000000000003
decision_type=2 2 2 2 2 2 2 2 2 2 2 2 8 2 2 2 8 2 2 2 2 2 2 2 2 2 2 2 2 10
left_child=8 2 -2 4 6 -6 9 -7 18 10 -4 -12 -13 -14 15 16 -5 -16 19 22 -21 -22 26 24 25 -24 -1 29 -29 -20
right_child=1 -3 3 14 5 7 -8 -9 -10 -11 11 12 13 -15 17 -17 -18 -19 27 20 21 -23 23 -25 -26 -27 -28 28 -30 -31
leaf_value=-0.24761074320973628 -0.14684913688248613 -2.2482411772521402 -0.11291147670342597 0.76252797277000373 1.1902652504691311 0.98619218599168035 0.22296408013259536 0.021372849352757163 -0.05844509893027991 0.33029824774033612 -0.11037132553664933 0.60940620295587111 1.1295632654705983 0.0022465749891760335 0.17428265741872512 1.7212728851351227 -0.048514662511146465 -0.094273847052446846 -0.018614113654573085 -0.29555729895608757 1.7168363872008812 0.12047930694045753 2.1518895305863697 0.002410859327698303 0.55715888220673004 3.0470495204287555 0.19024176496693654 -0.044782555333128957 -0.46005441372255718 0.039499660991226905
leaf_weight=1218 5822 928 926 31 76 118 124 242 2224 36 462 124 58 326 48 32 593 2334 150135 1716 34 116 60 292 42 54 6804 36006 7110 64149
leaf_count=1218 5822 928 926 31 76 118 124 242 2224 36 462 124 58 326 48 32 593 2334 150135 1716 34 116 60 292 42 54 6804 36006 7110 64149
internal_value=-0.000136056 -0.00104235 -0.000727626 0.000343579 0.00226324 0.00795871 0.00105545 0.00486111 -9.48301e-05 0.000331262 1.05473e-05 0.00221649 0.00681102 0.00294271 -0.00123107 0.00216463 0.000448717 -0.00216625 -7.66812e-05 0.000795277 -0.0016238 0.006 0.00132822 0.00560268 0.0158333 0.0213158 0.0010895 -0.000111695 -0.000508629 -3.18281e-05
internal_weight=282240 12280 11352 5530 2492 436 2056 360 269960 1932 1896 970 508 384 3038 656 624 2382 267736 10336 1866 150 8470 448 156 114 8022 257400 43116 214284
internal_count=282240 12280 11352 5530 2492 436 2056 360 269960 1932 1896 970 508 384 3038 656 624 2382 267736 10336 1866 150 8470 448 156 114 8022 257400 43116 214284
is_linear=0
shrinkage=0.05


Tree=171
num_leaves=31
num_cat=0
split_feature=5 15 3 15 13 1 15 3 16 8 16 8 2 16 10 1 8 14 15 8 10 10 14 13 15 1 1 2 3 3
split_gain=4.11003 6.00204 4.00122 6.40423 10.308 10.4498 7.05876 6.48226 7.49533 5.16064 5.44982 5.12436 4.50682 4.03679 4.88253 6.50896 3.62056 3.77275 3.40214 5.59944 3.46117 3.07098 3.70531 3.59636 3.40896 3.08762 6.67264 10.1103 5.89664 5.31418
threshold=1.0000000180025095e-35 179.04650000000001 5.5000000000000009 10.071000000000002 4.7010000000000014 8.5000000000000018 30.473500000000005 10.500000000000002 6.6202500000000013 1.4255815362477298 70.050350000000009 1.7361126636483661 3.5000000000000004 11.863625000000001 -1.3285714285714294 13.500000000000002 1.8874168711463624 24.001000000000001 17.575000000000003 0.69931304696121943 -1.5571428571428581 5.3642857142857174 38.246000000000002 3.7015000000000007 4.541500000000001 6.5000000000000009 8.5000000000000018 4.5000000000000009 4.5000000000000009 1.5000000000000002
decision_type=2 2 2 2 8 2 2 2 2 2 2 2 2 2 2 2 2 2 2 2 2 2 2 10 2 2 2 2 2 2
left_child=16 2 -2 11 5 6 -5 8 -6 10 18 -4 -12 14 15 -9 21 -18 19 -10 -20 25 23 -23 -25 -1 27 28 -27 -28
right_child=1 -3 3 4 7 -7 -8 13 9 -11 12 -13 -14 -15 -16 -17 17 -19 20 -21 -22 22 -24 24 -26 26 29 -29 -30 -31
leaf_value=-0.027851389427498815 -0.13950668003836186 -2.1358291183895335 -0.08388008948933201 1.0842516703900775 0.41528959305679014 0.023233057718678372 0.3097149996618731 1.2528551214990067 1.7210864260678975 0.6712155691979238 1.1307520224996945 0.12520181381565662 0.32871659015040866 -0.15424605343314013 0.01860640077903725 -0.20429523247197592 -0.0058541691813428585 -0.26147958528330201 0.34346826385036278 0.13631721599072463 -0.19670540803136183 -0.058058804825591531 -0.51389370616589169 0.1330248762328777 -0.010388299962864576 0.62538032736749249 0.14581389639577211 -0.085434860204544938 0.21453725700483323 -0.015405076903214063
leaf_weight=76748 5822 928 1838 58 33 153 79 40 38 36 56 38 250 1606 272 31 1270 954 36 122 844 2545 1238 512 857 5036 13062 6142 10692 150904
leaf_count=76748 5822 928 1838 58 33 153 79 40 38 36 56 38 250 1606 272 31 1270 954 36 122 844 2545 1238 512 857 5036 13062 6142 10692 150904
internal_value=-0.00013145 -0.00102606 -0.000710008 0.000253163 0.00147236 0.0105172 0.0205474 0.000692627 0.00326855 0.00270622 0.00220654 -0.00212154 0.00807189 -0.00117753 0.00374635 0.0154225 -9.07554e-05 -0.00209982 0.000480768 0.0071875 -0.000738638 -7.40667e-05 -0.001283 -0.000528872 0.00153762 -5.0347e-05 5.98365e-05 0.0008802 0.00155201 -4.95846e-05
internal_weight=282240 12280 11352 5530 3654 290 137 3364 1415 1382 1346 1876 306 1949 343 71 269960 2224 1040 160 880 267736 5152 3914 1369 262584 185836 21870 15728 163966
internal_count=282240 12280 11352 5530 3654 290 137 3364 1415 1382 1346 1876 306 1949 343 71 269960 2224 1040 160 880 267736 5152 3914 1369 262584 185836 21870 15728 163966
is_linear=0
shrinkage=0.05


Tree=172
num_leaves=31
num_cat=0
split_feature=10 16 13 3 3 15 15 2 13 6 14 2 14 3 15 15 15 15 10 2 3 15 16 2 0 3 13 13 2 15
split_gain=4.10873 3.45654 5.2285 4.90672 4.66932 8.80014 8.69496 7.84877 9.50295 12.3107 11.7076 7.40488 9.42072 6.12101 7.57819 5.3047 4.60607 4.14088 3.90414 3.67133 3.34685 6.61939 8.21891 7.27099 6.7029 5.84399 5.75038 9.18168 5.85944 9.32771
threshold=5.1922619047619065 133.26500000000001 194.76050000000004 9.5000000000000018 10.500000000000002 101.55500000000002 27.615000000000006 1.0000000180025095e-35 252.66000000000003 1.0095795620477201 285.76500000000004 5.5000000000000009 166.36000000000004 11.500000000000002 37.38150000000001 83.592500000000015 441.51000000000005 86.592500000000015 -3.0925824175824173 1.0000000180025095e-35 2.5000000000000004 78.135000000000005 24.34215 1.5000000000000002 1.5000000000000002 1.5000000000000002 47.744000000000007 9.5710000000000015 2.5000000000000004 9.5915000000000017
decision_type=2 2 8 2 2 2 2 2 10 2 2 2 2 2 2 2 2 2 2 2 2 2 2 2 2 2 8 10 2 2
left_child=1 20 3 -3 16 6 -6 -8 9 10 11 12 -9 17 -15 -16 -4 -14 -7 -18 21 22 23 -1 25 -24 27 -25 -29 -30
right_child=-2 2 4 -5 5 18 7 8 -10 -11 -12 -13 13 14 15 -17 19 -19 -20 -21 -22 -23 24 26 -26 -27 -28 28 29 -31
leaf_value=-0.21519010396181307 -0.04723320321858019 -0.19782534722452799 -0.54195903277986657 -2.3033915196106887 -0.97566871955581547 3.9876951790993651 -0.79369733710212054 -2.6483616458205761 -0.13158509162704632 -2.4391363010853619 2.2445653709259932 -0.13484743207051733 5.3831455012845888 -5.7955025199007224 2.8037370797507588 2.0668722226005216 -5.7703218926572504 3.2119854064476261 -0.057214721247166839 2.7990741085595428 -0.013119494814075773 0.14573160374478381 -0.035351020703429235 0.092969767755697361 0.044561474911267496 -0.33969008866220762 0.10294739656392954 2.1642132538543413 0.98530262456019946 0.0081462044547249493
leaf_weight=1512 6504 3458 4678 2460 249 31 122 51 148 83 44 82 98 42 49 38 50 47 4502 132 219988 13098 5426 908 9826 4488 3351 119 371 285
leaf_count=1512 6504 3458 4678 2460 249 31 122 51 148 83 44 82 98 42 49 38 50 47 4502 132 219988 13098 5426 908 9826 4488 3351 119 371 285
internal_value=-0.000129324 -0.000100024 -0.000804817 -0.00199223 -0.000132109 0.000853919 0.00497151 0.0075 0.00958944 0.0126966 0.0159534 0.0133047 0.0166923 0.020365 0.0124419 0.0208621 -0.00126543 0.0274138 -0.000102582 0.00653846 -5.55585e-05 0.00036893 -8.86415e-05 0.00144668 -0.000597772 -0.00151503 0.00235995 0.0047445 0.00874193 0.00689024
internal_weight=282240 275736 16364 5918 10446 5586 1053 804 682 534 451 407 325 274 129 87 4860 145 4533 182 259372 39384 26286 6546 19740 9914 5034 1683 775 656
internal_count=282240 275736 16364 5918 10446 5586 1053 804 682 534 451 407 325 274 129 87 4860 145 4533 182 259372 39384 26286 6546 19740 9914 5034 1683 775 656
is_linear=0
shrinkage=0.05


Tree=173
num_leaves=31
num_cat=0
split_feature=5 15 3 15 13 10 2 8 0 3 2 0 7 15 7 16 12 14 12 16 3 8 14 3 15 15 6 10 13 14
split_gain=3.86812 5.77086 3.63996 5.61393 6.98224 7.85471 5.38358 5.09953 5.08315 4.31389 4.74797 10.5713 5.42837 8.44637 5.83112 8.78586 7.22913 4.67328 3.87516 3.54372 4.70329 3.50596 6.32342 5.62116 5.28447 6.89274 8.53126 4.36791 3.23372 3.05749
threshold=1.0000000180025095e-35 179.04650000000001 5.5000000000000009 10.071000000000002 17.295000000000005 -0.050000000000000482 4.5000000000000009 1.6917612474432648 1.5000000000000002 10.500000000000002 3.5000000000000004 2.5000000000000004 0.71047649234106702 26.471500000000002 1.1583011476025151 13.635250000000001 0.2687500000000001 72.622500000000016 0.11125000000000002 12.707525 10.500000000000002 1.7361126636483661 21.211000000000002 11.500000000000002 14.501000000000003 1.6025000000000003 1.4378065360473788 -7.5392857142857119 35.333500000000008 -6.0199999999999987
decision_type=2 2 2 2 8 2 2 2 2 2 2 2 2 2 2 2 2 2 2 2 2 2 2 2 2 2 2 2 8 2
left_child=21 2 -2 7 5 8 -7 -4 -5 10 11 -6 13 -12 15 -14 -16 -15 -19 -8 -21 29 23 27 25 -25 -27 -23 -29 -1
right_child=1 -3 3 4 9 6 19 -9 -10 -11 12 -13 14 17 16 -17 -18 18 -20 20 -22 22 -24 24 -26 26 -28 28 -30 -31
leaf_value=0.11910743681821589 -0.13187537129573998 -2.0090020778822675 -0.082816330087754922 1.6820082457220467 -0.60426416792683535 -0.0062346969751227201 0.57461524953285914 0.11055935763677782 0.25155064167774294 -0.050548054210766649 1.6945385860929545 1.026110452658006 0.33224386025853964 -0.21653150671653756 0.51097401273515641 -0.22955567423228232 -0.18780151773609222 1.1069097954845024 0.23639473307984227 0.38978951433907333 -0.080485939360066872 1.7596613921808826 -0.21261609123761424 -0.015801685149670806 -0.083753440456413267 0.040491840533041397 0.22830185032183214 0.018612617833615872 -0.079744714104072037 -0.0077565544381443113
leaf_weight=1064 5822 928 1834 41 47 294 33 42 55 1820 30 60 40 117 63 750 64 45 40 103 52 30 2418 78 104 74 88 840 1072 264192
leaf_count=1064 5822 928 1834 41 47 294 33 42 55 1820 30 60 40 117 63 750 64 45 40 103 52 30 2418 78 104 74 88 840 1072 264192
internal_value=-0.000125604 -0.000993487 -0.000683581 0.00023508 0.00137657 0.00641868 0.00381743 -0.00198827 0.0194792 0.000429128 0.00268312 0.012757 0.00174499 0.00857759 1.63565e-05 -0.00158228 0.00996063 0.00490099 0.0138235 0.0104255 0.00725806 -8.61251e-05 -0.0014392 0.000446193 0.00633721 0.0104167 0.0162963 -0.000597324 -0.000894353 -6.21299e-05
internal_weight=282240 12280 11352 5530 3654 578 482 1876 96 3076 1256 107 1149 232 917 790 127 202 85 188 155 269960 4704 2286 344 240 162 1942 1912 265256
internal_count=282240 12280 11352 5530 3654 578 482 1876 96 3076 1256 107 1149 232 917 790 127 202 85 188 155 269960 4704 2286 344 240 162 1942 1912 265256
is_linear=0
shrinkage=0.05


Tree=174
num_leaves=31
num_cat=0
split_feature=5 16 13 8 16 13 3 7 6 10 0 8 13 7 8 16 6 1 16 10 7 7 13 16 13 2 8 8 3 8
split_gain=3.62284 4.68898 3.95431 3.55438 2.99399 3.28402 2.93725 7.07413 5.93922 5.20652 9.22435 9.07235 11.5395 9.58033 8.52856 8.29286 10.5136 7.81091 7.01905 6.98004 14.7727 6.56584 6.12688 5.5201 20.188 8.02445 7.3815 5.31221 6.12352 5.17122
threshold=1.0000000180025095e-35 94.65155 45.822500000000012 1.9280603271430354 262.24450000000007 194.76050000000004 10.500000000000002 1.5406628569491547 1.891089340916341 -1.3285714285714294 1.5000000000000002 0.99423265811021311 105.99100000000001 0.99897078088854441 1.1087050266638239 2.8765250000000004 1.4852693472893501 5.5000000000000009 62.527250000000002 6.8250000000000002 1.1682339042014689 0.61645545211561215 36.205000000000005 15.891275 133.35400000000001 4.5000000000000009 1.0000797180590746 0.61272916276183542 11.500000000000002 0.55245798538270108
decision_type=2 2 8 2 2 8 2 2 2 2 2 2 8 2 2 2 2 2 2 2 2 2 8 2 8 2 2 2 2 2
left_child=3 2 -2 4 6 -6 7 29 9 10 15 19 13 -13 23 16 -8 -12 -15 22 -21 27 -11 24 -14 -26 -27 -19 -29 -1
right_child=1 -3 -4 -5 5 -7 8 -9 -10 11 17 12 14 18 -16 -17 -18 21 -20 20 -22 -23 -24 -25 25 26 -28 28 -30 -31
leaf_value=0.13127953699442513 0.023634681558672821 -1.0329172025823652 -0.089856300424366042 -0.059788608406361882 -4.6943406803135028 -0.3262796238594291 0.40466102313488639 -0.056317077109965467 0.17041882524393062 0.060825145567778342 -0.085692527816535802 0.25485756218455263 2.785301187488038 -0.038742398395113356 -0.087727205936865504 -0.13047254819145568 5.0801821523944097 -0.79292684356843091 -0.87475062408378901 3.1524835330419219 -0.32135042550091808 0.81164416332525868 -0.54336548312036548 0.5185440092769763 -0.10362426163586134 4.3336056898439503 -0.078219567605968779 3.311445677104643 1.1976009881584646 -0.011865347493699475
leaf_weight=11544 3789 1592 6899 1704 713 2495 370 10982 1254 1429 726 1577 66 4984 3478 3158 32 50 3207 36 52 1952 3773 12660 415 261 142 132 120 202648
leaf_count=11544 3789 1592 6899 1704 713 2495 370 10982 1254 1429 726 1577 66 4984 3478 3158 32 50 3207 36 52 1952 3773 12660 415 261 142 132 120 202648
internal_value=-0.000120998 -0.000960913 -0.000583834 -8.27912e-05 -6.83314e-05 -0.00158666 -4.99544e-05 -0.000119997 0.000345587 0.000235628 0.00152141 -2.64975e-05 0.000347143 -0.00102273 0.00113324 -0.00019663 0.00656716 0.00357382 -0.0017098 -0.00191872 0.0120455 0.00502662 -0.00215494 0.00170038 0.00552036 0.00337408 0.0083995 0.0118874 0.0148413 -5.65393e-05
internal_weight=282240 12280 10688 269960 268256 3208 265048 225174 39874 38620 6540 32080 26790 9768 17022 3560 402 2980 8191 5290 88 2254 5202 13544 884 818 403 302 252 214192
internal_count=282240 12280 10688 269960 268256 3208 265048 225174 39874 38620 6540 32080 26790 9768 17022 3560 402 2980 8191 5290 88 2254 5202 13544 884 818 403 302 252 214192
is_linear=0
shrinkage=0.05


Tree=175
num_leaves=31
num_cat=0
split_feature=10 16 13 3 15 15 13 14 2 15 14 16 13 2 1 14 13 3 1 1 7 10 3 13 2 13 2 1 16 13
split_gain=3.51308 3.58225 6.92996 4.99998 7.44954 7.56637 10.8855 8.47231 4.91613 4.35161 4.92343 7.6651 7.1792 3.95883 3.61991 3.57015 4.04526 3.99502 3.04792 7.45722 6.21425 5.20109 9.93482 4.83173 4.41134 4.89574 10.5128 20.103 8.95705 5.82462
threshold=5.1922619047619065 179.13925000000003 181.19500000000002 10.500000000000002 89.783500000000018 43.765000000000008 252.66000000000003 256.86350000000004 2.5000000000000004 441.51000000000005 256.86350000000004 365.85675000000009 282.17000000000007 3.5000000000000004 16.500000000000004 35.866000000000007 98.538500000000013 4.5000000000000009 15.500000000000002 19.500000000000004 0.9126695241885362 -4.4642857142857117 4.5000000000000009 104.68500000000002 4.5000000000000009 -1.0000000180025095e-35 1.0000000180025095e-35 5.5000000000000009 1.0797500000000002 92.006000000000014
decision_type=2 2 8 2 2 2 10 2 2 2 2 2 10 2 2 2 8 2 2 2 2 2 2 10 2 10 2 2 2 10
left_child=1 18 -3 -4 5 -5 7 -7 9 -6 -11 12 -12 -10 -13 16 -2 -18 24 20 -20 22 23 -22 25 -1 27 28 -27 -29
right_child=15 2 3 4 8 6 -8 -9 13 10 11 14 -14 -15 -16 -17 17 -19 19 -21 21 -23 -24 -25 -26 26 -28 29 -30 -31
leaf_value=-0.044082175804827629 0.022031391301464268 -2.6898189609555372 -1.3237391570160444 -0.91579910491766447 0.27779469285636377 2.3722336310607366 -0.37593042272419552 2.2111358832531738 -1.2054146863019928 -0.38699813492996926 4.1798417853321075 0.25190531277126793 1.2393519278042242 -0.025818129572935423 2.9921629534704532 -0.44258703879649758 -0.21616502235195978 0.0032389646454447649 0.28326303376969675 -0.027683847183685373 0.82813347047410668 0.029970906296809149 0.046168778078903835 -0.063259934429886838 -0.043874505306137186 0.21820675599040659 -0.0010600484302338139 0.35360832617264126 -0.11507692730482395 1.2294453564151298
leaf_weight=67391 2403 2028 1485 102 1345 66 68 73 623 142 34 104 32 1492 32 1638 1315 1148 9292 44896 170 33912 510 38 51660 164 48913 6442 4335 387
leaf_count=67391 2403 2028 1485 102 1345 66 68 73 623 142 34 104 32 1492 32 1638 1315 1148 9292 44896 170 33912 510 38 51660 164 48913 6442 4335 387
internal_value=-0.000122946 -9.58537e-05 -0.00116444 -0.000257236 0.00064065 0.00810679 0.013599 0.0216187 3.41734e-05 0.00204559 0.00706395 0.0120792 0.0260606 -0.00157211 0.00529412 -0.00127153 -0.000591863 -0.00201584 -6.54594e-05 0.000174063 0.000637265 0.000329193 0.00454039 0.01375 -0.000184114 -2.63269e-05 0.000301206 0.00167373 -0.000921317 0.00338336
internal_weight=282240 275736 7626 5598 4113 309 207 139 3804 1689 344 202 66 2115 136 6504 4866 2463 268110 88818 43922 34630 718 208 179292 127632 60241 11328 4499 6829
internal_count=282240 275736 7626 5598 4113 309 207 139 3804 1689 344 202 66 2115 136 6504 4866 2463 268110 88818 43922 34630 718 208 179292 127632 60241 11328 4499 6829
is_linear=0
shrinkage=0.05


Tree=176
num_leaves=31
num_cat=0
split_feature=16 8 13 3 7 13 2 2 14 15 13 14 2 10 15 3 14 13 10 1 3 1 7 1 3 1 15 14 15 14
split_gain=3.62854 5.43292 5.34634 5.46866 4.6798 3.84659 6.41136 10.8462 6.84295 5.61675 5.49186 7.24073 5.89013 7.17876 5.05988 5.8447 5.38333 5.75195 4.84097 4.70382 4.65233 4.64727 5.32081 4.23735 4.34483 4.16929 8.13846 5.54343 4.15955 7.26153
threshold=115.5305 1.332604416611143 158.84000000000003 9.5000000000000018 0.52902891245333616 3.0010000000000003 5.5000000000000009 4.5000000000000009 -1.9789999999999999 29.811000000000003 59.905000000000008 40.025000000000013 1.5000000000000002 -0.050000000000000482 56.765000000000008 1.5000000000000002 80.579000000000022 158.84000000000003 5.3642857142857174 5.5000000000000009 7.5000000000000009 6.5000000000000009 0.81979597625402112 11.500000000000002 6.5000000000000009 9.5000000000000018 190.16000000000003 34.233500000000006 88.835000000000022 46.63150000000001
decision_type=2 2 8 2 2 10 2 2 2 2 10 2 2 2 2 2 2 10 2 2 2 2 2 2 2 2 2 2 2 2
left_child=5 2 3 -2 -5 18 7 9 23 -7 12 -12 19 -14 15 -13 17 21 28 -11 -21 22 -17 -8 -25 26 -15 -28 29 -1
right_child=1 -3 -4 4 -6 6 8 -9 -10 10 11 14 13 25 -16 16 -18 -19 -20 20 -22 -23 -24 24 -26 -27 27 -29 -30 -31
leaf_value=-0.0058816658110794773 -0.10599203979303636 -0.57459856333612447 0.03170434857009552 1.1591955331985984 -1.811841565099316 0.066698441261252878 0.14269494352012133 -0.075109617047767849 0.05684975599424328 -0.16371628100915642 -0.13767477512504753 -0.11325703364620376 0.20550388756758331 -0.093788853018375362 0.08174192262123367 -0.010618978285620128 0.17197797347970251 3.9934662576937705 -0.06575397962385128 0.0087403025999605085 0.48537214915652432 0.36623988747268754 0.69430452323090042 0.17994817652975947 0.55500138293259638 -0.31237838343021918 4.9414586891311743 5.5690446822352744 0.088109229631866903 -0.15159505234167658
leaf_weight=91485 4876 2312 14392 31 2661 33874 185 17279 15399 2635 6047 530 2373 4896 9520 115 1032 88 3615 5437 2650 980 318 83 130 7176 33 30 18045 34013
leaf_count=91485 4876 2312 14392 31 2661 33874 185 17279 15399 2635 6047 530 2373 4896 9520 115 1032 88 3615 5437 2650 980 318 83 130 7176 33 30 18045 34013
internal_value=-0.000120466 -0.000704929 -0.000462205 -0.00153806 -0.00334696 -6.54744e-05 0.000157024 1.94591e-06 0.00108976 0.000253813 -0.0001197 0.0005314 -0.000600477 -0.00125724 0.00121473 0.00298237 0.00398144 0.00589274 -0.000233016 0.000288191 0.000885989 0.00512031 0.00943418 0.00756281 0.0123709 -0.00174907 -0.000634202 0.0172222 -0.000187506 -0.000289568
internal_weight=282240 24272 21960 7568 2692 257968 110810 95013 15797 77734 43860 18630 25230 14508 12583 3063 2533 1501 147158 10722 8087 1413 433 398 213 12135 4959 63 143543 125498
internal_count=282240 24272 21960 7568 2692 257968 110810 95013 15797 77734 43860 18630 25230 14508 12583 3063 2533 1501 147158 10722 8087 1413 433 398 213 12135 4959 63 143543 125498
is_linear=0
shrinkage=0.05


Tree=177
num_leaves=31
num_cat=0
split_feature=16 3 2 15 0 1 10 16 17 3 7 3 3 15 6 8 16 15 10 3 17 1 1 15 1 7 0 3 3 10
split_gain=3.58928 3.32176 4.63972 7.27576 12.4283 3.4518 3.10705 3.60812 3.9641 3.84824 2.86841 2.871 4.28467 9.68934 7.06341 5.1935 2.7695 2.69201 3.34801 2.93446 3.77358 2.61269 4.28912 7.99059 5.76803 5.52769 4.69873 5.10952 8.26374 5.54481
threshold=236.19477499999999 11.500000000000002 1.0000000180025095e-35 241.35000000000005 1.5000000000000002 13.500000000000002 5.1922619047619065 34.339750000000009 54.000000000000007 4.5000000000000009 1.8231230113191974 10.500000000000002 11.500000000000002 24.431500000000003 1.1454716954565594 0.85038508141324576 -0.49174999999999991 -5.448999999999999 -0.81428571428571428 6.5000000000000009 54.000000000000007 22.500000000000004 16.500000000000004 -1.7749999999999997 19.500000000000004 0.9126695241885362 2.5000000000000004 9.5000000000000018 4.5000000000000009 -0.19285714285714298
decision_type=2 2 2 2 2 2 2 2 2 2 2 2 2 2 2 2 2 2 2 2 2 2 2 2 2 2 2 2 2 2
left_child=6 -2 3 4 -3 -6 10 8 -8 -10 17 16 13 15 -15 -13 -12 18 19 -1 -21 22 -19 -24 25 -25 -26 28 -28 -30
right_child=1 2 -4 -5 5 -7 7 -9 9 -11 11 12 -14 14 -16 -17 -18 21 -20 20 -22 -23 23 24 26 -27 27 -29 29 -31
leaf_value=-0.18170898743276009 -3.457787387284657 -0.9459470178417142 -0.43363941358584523 -3.7608840218854236 5.8944727752301507 2.3865083320790488 0.02122360104984106 -0.4654176891487552 -0.20255384397061033 0.0063647153943650857 0.038867807704524672 0.73475912401582089 -0.072514818310022225 0.03860865219164103 1.560770859707115 -0.12443192467222473 -0.075303280505941608 -0.012581593241053355 -0.24243315224606807 0.13138359589271653 -0.012917262272972097 -0.072728203999723587 0.98385333717716206 0.31744447968817352 -0.051192711211238862 0.056635040483017887 -0.086181943565516339 -0.34806286169815925 -0.029272488299311707 0.89578240740721837
leaf_weight=96 1048 64 2930 220 36 32 2437 1626 1289 1148 90 36 596 74 106 304 3468 187714 970 53 53 11266 290 7244 24892 25708 2832 2000 914 2704
leaf_count=96 1048 64 2930 220 36 32 2437 1626 1289 1148 90 36 596 74 106 304 3468 187714 970 53 53 11266 290 7244 24892 25708 2832 2000 914 2704
internal_value=-0.000118872 -0.00154735 -0.000764779 0.00465909 0.0139394 0.0288235 -9.66152e-05 -0.00117692 -0.000496513 -0.00192245 -7.07429e-05 -0.00129867 0.000913977 0.00423077 0.0136111 -0.000735295 -0.00199269 -4.92259e-05 -0.00244027 0.00341584 0.00915094 -3.86736e-05 -5.66384e-06 0.000339119 0.000302892 0.000772031 -0.000160759 0.000857987 0.00154263 0.00312604
internal_weight=282240 4330 3282 352 132 68 277910 6500 4874 2437 271410 4674 1116 520 180 340 3558 266736 1172 202 106 265564 254298 66584 66294 32952 33342 8450 6450 3618
internal_count=282240 4330 3282 352 132 68 277910 6500 4874 2437 271410 4674 1116 520 180 340 3558 266736 1172 202 106 265564 254298 66584 66294 32952 33342 8450 6450 3618
is_linear=0
shrinkage=0.05


Tree=178
num_leaves=31
num_cat=0
split_feature=14 0 7 13 10 3 6 0 14 7 13 6 15 3 7 13 2 15 10 15 16 14 13 16 15 15 2 13 2 13
split_gain=3.45992 8.60823 11.2446 5.76532 5.17777 6.58839 5.47766 6.77623 6.55567 5.49681 4.91225 4.39575 4.84336 4.02492 7.29902 4.98241 4.89829 6.4207 6.53535 5.06011 11.5278 10.6667 8.33333 4.6834 6.05383 4.07061 4.74285 3.96825 3.83688 3.80057
threshold=59.985000000000007 1.5000000000000002 1.2103491747220745 37.693500000000007 -1.1571428571428579 1.5000000000000002 1.0319604418988453 1.0000000180025095e-35 119.73500000000001 0.88065103328362782 52.027500000000011 0.99938336059022215 1.2410000000000003 3.5000000000000004 0.8412677475492979 105.99100000000001 4.5000000000000009 90.711500000000015 0.72500000000000064 152.26500000000001 136.46672500000003 112.08900000000001 209.94500000000002 56.073350000000012 -1.7749999999999997 337.19400000000002 1.5000000000000002 76.03100000000002 2.5000000000000004 52.765000000000008
decision_type=2 2 2 8 2 2 2 2 2 2 10 2 2 2 2 8 2 2 2 2 2 2 10 2 2 2 2 8 2 8
left_child=11 2 3 -2 5 10 -7 -8 9 -9 -5 12 -1 14 -6 -16 17 18 23 -18 21 -21 -23 -15 -25 -19 27 -27 -26 -30
right_child=1 -3 -4 4 13 6 7 8 -10 -11 -12 -13 -14 16 15 -17 19 25 -20 20 -22 22 -24 24 28 26 -28 -29 29 -31
leaf_value=-0.18853860903000394 -0.39795450262919002 -0.0057600925261971827 -1.0315941109730009 0.43199886633445445 0.1997544502091726 -0.1178750337983044 -0.43213418655981894 0.083749717291930426 -2.9142338529197822 0.7592943448220999 0.053856936225143898 0.01106125989176065 -0.031471828230880634 -0.25625115512208502 -0.042316111623927635 -0.85372553526179651 -0.72098826970913577 -0.7336259666271685 -0.5471853807474284 -0.049343277811107103 -2.3790951047821647 2.4771419904592689 0.20652814207893286 1.7808043532911424 0.19419418060099697 -3.3448690951652482 -0.4647875398292442 3.5927103737979813 -0.49712743455940356 1.0993145895268002
leaf_weight=5528 4132 59246 2214 576 613 2185 167 37 40 95 500 142334 47522 408 1668 3061 1662 2583 844 108 384 54 54 43 3443 30 301 96 191 2121
leaf_count=5528 4132 59246 2214 576 613 2185 167 37 40 95 500 142334 47522 408 1668 3061 1662 2583 844 108 384 54 54 43 3443 30 301 96 191 2121
internal_value=-0.000116569 -0.000379134 -0.0011083 -0.000810365 -0.000478274 0.00125 -0.000146594 0.00576696 0.0127326 0.0181061 0.00452602 1.52352e-07 -0.000388314 -0.000830504 -0.00197679 -0.00264221 -0.000333551 0.000139164 0.000964538 -0.0024359 0.0015 0.0107407 0.0218519 0.00152594 0.00189031 -0.00179402 0.00272834 0.010873 0.00175065 0.00332612
internal_weight=282240 86856 27610 25396 21264 3600 2524 339 172 132 1076 195384 53050 17664 5342 4729 12322 10060 7050 2262 600 216 108 6206 5798 3010 427 126 5755 2312
internal_count=282240 86856 27610 25396 21264 3600 2524 339 172 132 1076 195384 53050 17664 5342 4729 12322 10060 7050 2262 600 216 108 6206 5798 3010 427 126 5755 2312
is_linear=0
shrinkage=0.05


Tree=179
num_leaves=31
num_cat=0
split_feature=14 0 6 8 15 6 10 2 1 15 15 2 8 13 2 2 3 8 14 1 3 16 10 6 13 14 15 8 3 3
split_gain=3.65306 7.17467 4.96903 4.68785 7.65465 6.26946 4.29181 3.86958 4.06161 4.71799 9.05308 3.81674 3.74753 3.67986 5.54745 7.86669 5.69548 6.65093 4.63288 4.67518 4.59893 4.39251 4.32825 4.16263 4.15548 4.90487 4.68836 7.66292 4.81332 9.9144
threshold=79.071000000000012 1.5000000000000002 1.3056199373392212 1.4457972241253432 2.2110000000000007 1.9395864835207843 -4.121428571428571 4.5000000000000009 16.500000000000004 26.471500000000002 14.101000000000001 5.5000000000000009 0.85759118537787538 -0.40849999999999992 5.5000000000000009 2.5000000000000004 1.5000000000000002 0.50798848999115143 -0.40849999999999992 10.500000000000002 6.5000000000000009 2.6996750000000005 5.7678571428571441 1.3647559385888377 28.627500000000001 1.2410000000000003 23.678500000000003 0.79718805139296023 4.5000000000000009 5.5000000000000009
decision_type=2 2 2 2 2 2 2 2 2 2 2 2 2 10 2 2 2 2 2 2 2 2 2 2 10 2 2 2 2 2
left_child=13 2 -2 7 5 -5 11 12 -9 10 -10 -6 -3 22 15 -15 17 -17 19 -16 -21 -22 -1 -18 26 -26 -20 28 -28 -30
right_child=1 3 -4 4 6 -7 -8 8 9 -11 -12 -13 -14 14 18 16 23 -19 24 20 21 -23 -24 -25 25 -27 27 -29 29 -31
leaf_value=-0.022849588889751971 -0.17531103102104961 0.20345190593068763 -1.1385107050855519 0.0087612072046540264 0.08866949054076359 0.64569990745160011 -0.47084813818010512 -0.26436860946382529 -0.56806354320128227 -0.057124112142362064 1.4458772329088121 0.25524857875215695 -0.0066961101343549559 0.048557197994413999 -0.010020744921432933 1.9271172487739006 -0.060084043330696793 0.15712805360983004 0.032693437013887681 0.038340826372440719 0.41130326120952621 -0.06494174655322478 -0.083977426993507187 0.026120134704406897 0.73863072420833242 0.11452774435187688 -0.093059982322191148 -0.14998736006893451 1.4800990825463201 0.086752663504267913
leaf_weight=112232 16280 7370 1352 60 90 44 2870 3768 220 2686 188 42 26672 42570 361 30 39120 3353 6293 299 312 51 2258 4367 345 5892 174 2763 59 119
leaf_count=112232 16280 7370 1352 60 90 44 2870 3768 220 2686 188 42 26672 42570 361 30 39120 3353 6293 299 312 51 2258 4367 345 5892 174 2763 59 119
internal_value=-0.000118163 -0.000458455 -0.00131069 -0.00011702 -0.0019897 0.0113462 -0.0024517 2.51797e-05 -0.001058 0.00028442 0.00529412 0.00636364 0.000243522 -2.30748e-05 0.000189051 3.29818e-05 -0.000413912 0.00156222 0.00102652 0.00428641 0.00678248 0.0105647 -0.000219671 -0.000567642 0.000813358 0.00181417 0.000149871 -0.0014366 0.00551136 0.0112921
internal_weight=282240 61642 17632 44010 3106 104 3002 40904 6862 3094 408 132 34042 220598 106108 89440 46870 3383 16668 1023 662 363 114490 43487 15645 6237 9408 3115 352 178
internal_count=282240 61642 17632 44010 3106 104 3002 40904 6862 3094 408 132 34042 220598 106108 89440 46870 3383 16668 1023 662 363 114490 43487 15645 6237 9408 3115 352 178
is_linear=0
shrinkage=0.05


end of trees

feature_importances:
month=752
price_lag_24h=674
price_lag_168h=601
price_lag_336h=524
dow=444
shrunk_level=442
wind_south=389
wind_north=356
hour=329
temp_anomaly=290
zone_idx=209
wind_local=186
is_holiday_se=85
solar_local=84
is_weekend=24
horizon_h=11

parameters:
[boosting: gbdt]
[objective: quantile]
[metric: quantile]
[tree_learner: serial]
[device_type: cpu]
[data_sample_strategy: bagging]
[data: ]
[valid: ]
[num_iterations: 180]
[learning_rate: 0.05]
[num_leaves: 31]
[num_threads: 0]
[seed: 42]
[deterministic: 0]
[force_col_wise: 0]
[force_row_wise: 0]
[histogram_pool_size: -1]
[max_depth: -1]
[min_data_in_leaf: 30]
[min_sum_hessian_in_leaf: 0.001]
[bagging_fraction: 0.85]
[pos_bagging_fraction: 1]
[neg_bagging_fraction: 1]
[bagging_freq: 0]
[bagging_seed: 400]
[bagging_by_query: 0]
[feature_fraction: 0.85]
[feature_fraction_bynode: 1]
[feature_fraction_seed: 30056]
[extra_trees: 0]
[extra_seed: 12879]
[early_stopping_round: 0]
[early_stopping_min_delta: 0]
[first_metric_only: 0]
[max_delta_step: 0]
[lambda_l1: 0]
[lambda_l2: 0]
[linear_lambda: 0]
[min_gain_to_split: 0]
[drop_rate: 0.1]
[max_drop: 50]
[skip_drop: 0.5]
[xgboost_dart_mode: 0]
[uniform_drop: 0]
[drop_seed: 17869]
[top_rate: 0.2]
[other_rate: 0.1]
[min_data_per_group: 100]
[max_cat_threshold: 32]
[cat_l2: 10]
[cat_smooth: 10]
[max_cat_to_onehot: 4]
[top_k: 20]
[monotone_constraints: ]
[monotone_constraints_method: basic]
[monotone_penalty: 0]
[feature_contri: ]
[forcedsplits_filename: ]
[refit_decay_rate: 0.9]
[cegb_tradeoff: 1]
[cegb_penalty_split: 0]
[cegb_penalty_feature_lazy: ]
[cegb_penalty_feature_coupled: ]
[path_smooth: 0]
[interaction_constraints: ]
[verbosity: -1]
[saved_feature_importance_type: 0]
[use_quantized_grad: 0]
[num_grad_quant_bins: 4]
[quant_train_renew_leaf: 0]
[stochastic_rounding: 1]
[linear_tree: 0]
[max_bin: 255]
[max_bin_by_feature: ]
[min_data_in_bin: 3]
[bin_construct_sample_cnt: 200000]
[data_random_seed: 175]
[is_enable_sparse: 1]
[enable_bundle: 1]
[use_missing: 1]
[zero_as_missing: 0]
[feature_pre_filter: 1]
[pre_partition: 0]
[two_round: 0]
[header: 0]
[label_column: ]
[weight_column: ]
[group_column: ]
[ignore_column: ]
[categorical_feature: ]
[forcedbins_filename: ]
[precise_float_parser: 0]
[parser_config_file: ]
[objective_seed: 16083]
[num_class: 1]
[is_unbalance: 0]
[scale_pos_weight: 1]
[sigmoid: 1]
[boost_from_average: 1]
[reg_sqrt: 0]
[alpha: 0.9]
[fair_c: 1]
[poisson_max_delta_step: 0.7]
[tweedie_variance_power: 1.5]
[lambdarank_truncation_level: 30]
[lambdarank_norm: 1]
[label_gain: ]
[lambdarank_position_bias_regularization: 0]
[eval_at: ]
[multi_error_top_k: 1]
[auc_mu_weights: ]
[num_machines: 1]
[local_listen_port: 12400]
[time_out: 120]
[machine_list_filename: ]
[machines: ]
[gpu_platform_id: -1]
[gpu_device_id: -1]
[gpu_device_id_list: ]
[gpu_use_dp: 0]
[num_gpu: 1]

end of parameters

pandas_categorical:[]
