tree
version=v4
num_class=1
num_tree_per_iteration=1
label_index=0
max_feature_idx=32
objective=quantile
feature_names=zone hour dow month is_weekend is_holiday lead p_last p_lag168 p_lag336 shrunk day_mean day_min day_max week_mean spread_se4_se3 spread_se3_se2 temp hdd wind solar wind_north wind_south wind_de solar_de wind_dk temp_ref wind_ref wind_south_ref wind_de_ref solar_ref ttf eua
feature_infos=-1:3:2:0:1 [0:23] [0:6] [1:12] [0:1] [0:1] [1:7] [-74.109999999999999:737.803] [-74.109999999999999:737.803] [-74.109999999999999:737.803] [-50.379999999999995:574.62729999999999] [-7.6940416666666671:309.97166666666664] [-74.109999999999999:127.72199999999999] [-0.51000000000000001:737.803] [-0.0036904761904761963:147.40857142857141] [-10.728749999999994:125.30024999999998] [-4.3090416666666655:204.96916666666667] [-29.299999237060547:34.799999237060547] [0:44.299999237060547] [0:59] [-1:955] [0.34999999403953552:50.899999618530273] [0.90000000099341071:44.800000508626304] [0:46.299999237060547] [0:887] [0:56.200000762939453] [-29.100000381469727:35] [0.40000000596046448:55.400001525878906] [3.0999999841054282:40.56666692097982] [0:36.200000762939453] [0:860] [22.934000000000001:82.566000000000003] [49.664999999999999:86.629999999999995]
tree_sizes=6842 6898 6915 6918 6940 6914 6880 6956 6923 6940 6938 6911 6952 6911 6936 6969 6944 6891 6978 6943 6926 6979 6945 6947 6967 7001 6972 6991 6956 6935 6941 6973 6918 6940 6925 6958 6961 7001 6990 6943 6959 6963 6957 6997 6988 6969 6954 6958 6992 6980 6971 6965 6940 6946 6974 6960 6925 6959 7003 7025 6967 6957 6974 6994 6979 6982 6983 6994 6958 7023 6980 6998 6988 6928 6942 6948 6983 7052 6960 6956 6972

Tree=0
num_leaves=63
num_cat=1
split_feature=8 22 3 0 22 10 8 3 12 32 22 17 18 32 32 7 8 31 22 8 22 14 10 17 10 7 10 7 3 31 7 12 8 8 31 32 3 32 10 12 20 31 12 13 13 22 31 3 31 17 3 32 32 14 8 4 14 8 25 8 31 13
split_gain=3934.48 1994.13 968.626 628.613 492.5 458.678 455.49 291.146 235.298 231.79 231.253 225.766 223.715 194.448 184.054 181.665 170.742 169.296 151.292 151.124 147.752 144.912 143.16 135.924 132.88 95.3503 90.5147 90.2376 90.0871 99.1269 88.5107 86.235 85.1946 76.0684 73.6408 67.117 61.5388 63.4275 60.5909 101.2 60.1062 57.2352 57.1011 61.784 55.9149 55.812 53.9707 53.7679 60.8733 51.6378 48.2297 97.6341 52.8443 47.4562 46.4852 46.4485 141.114 44.1042 43.6733 43.4562 43.4425 44.3827
threshold=7.1910000000000016 16.266666491826381 1.5000000000000002 0 16.933333794275921 31.540375000000001 61.366000000000007 2.5000000000000004 27.425000000000001 79.885000000000005 20.400000413258876 0.35000000894069677 20.750000000000004 68.132500000000007 77.637500000000017 63.281000000000006 3.5760000000000005 58.494000000000007 11.700000166893007 59.144000000000005 11.400000115235647 58.32497023809524 17.878350000000001 1.2500000000000002 2.9331499999999999 6.972500000000001 63.524125000000005 6.972500000000001 7.5000000000000009 31.214000000000002 51.88150000000001 76.689000000000007 135.16350000000003 30.401000000000003 33.148500000000006 73.902500000000018 7.5000000000000009 73.037500000000009 57.105850000000004 28.602500000000003 7.5000000000000009 29.307000000000002 76.689000000000007 144.64000000000001 144.64000000000001 21.233333190282192 28.907500000000002 6.5000000000000009 47.032000000000004 5.9500000476837167 11.500000000000002 80.71250000000002 76.352500000000006 4.2929114906832302 168.35900000000001 1.0000000180025095e-35 112.73762202380955 16.406000000000002 16.650000572204593 33.532500000000006 43.616000000000007 16.291500000000003
decision_type=2 2 2 1 2 2 2 2 2 2 2 2 2 2 2 2 2 2 2 2 2 2 2 2 2 2 2 2 2 2 2 2 2 2 2 2 2 2 2 2 10 2 2 2 2 2 2 2 2 2 2 2 2 2 2 2 2 2 2 2 2 2
left_child=4 3 9 6 16 8 15 21 14 -3 12 -6 19 -8 22 18 50 38 35 30 -15 -7 27 54 -13 53 40 -5 -16 57 -4 -21 46 41 -23 59 37 -29 39 -9 -19 -12 -35 -44 -33 58 -11 48 60 -20 52 -52 -1 -18 -22 -48 -57 -30 -26 -2 -24 -62
right_child=1 2 10 5 11 7 13 17 -10 32 33 24 -14 20 28 -17 25 26 49 31 23 34 47 -25 45 -27 -28 36 29 -31 -32 44 -34 42 -36 -37 -38 -39 -40 -41 -42 -43 43 -45 -46 -47 55 -49 -50 -51 51 -53 -54 -55 -56 56 -58 -59 -60 -61 61 -63
leaf_value=-0.19780000299215317 0.12039996534585962 -1.1038999900221826 -0.88844002336263661 -0.64795001596212387 -0.084650002419948578 -1.6857750281691553 -1.1686875209212304 -1.4993199691176415 0.61762501150369653 -0.057015024125576019 -0.28842501491308215 -0.40460001081228258 -0.031775031983852342 -0.08897501081228254 -0.5750350102782249 0.960475029051304 -0.50615001171827312 -0.56979250758886335 -0.086725006997585286 -2.6176000937819484 0.16491748243570337 -0.31500000804662703 -0.70772501081228256 -0.91421750634908672 -0.62056251615285873 0.17545000463724136 -1.6497125014662744 -0.11667500585317608 0.28397499471902854 0.22778498083353049 -0.60309501737356186 0.0872374668717385 -1.150385032594204 -2.421030078828335 0.7251299515366556 0.67754999548196793 -0.5617500111460686 -0.57332501262426372 -2.8967249259352688 -0.54610001295804977 1.3375125542283059 -0.9420174941420556 -0.12845750898122787 -2.1387249335646628 -1.4920800551772118 -0.6111750110983849 1.0676074638962747 -0.95947502702474596 -0.96717251390218739 -0.56097501367330549 0.46515995413064959 -0.67961751073598864 0.5551600113511086 -0.29198500961065288 -3.1181249961256983 1.0641349449753763 -1.2091725215315821 -0.91382249444723129 -0.4389750137925148 -0.31516750901937485 -1.2455750331282616 0.91060243993997592
leaf_weight=19882.860440298915 4694.9821899235249 1550.9018567055464 13396.123331815004 3681.54629778862 3003.191181153059 736.12947981059551 8047.7249362766743 6360.2989872545004 2446.1134843826294 1699.32699239254 517.93712204694748 4352.638002127409 1840.5597694665194 12391.646136090159 1148.0132367610931 8106.9669293761253 1586.102167725563 1282.450860619545 2811.1302354484797 10946.64852103591 1823.6128798872232 2094.0986958444118 1621.860499471426 11126.069898799062 995.71795251965523 8523.3399457633495 1349.147131383419 3502.1542114913464 346.40918850898743 2630.0206851363182 4056.0301174372435 260.87174969911575 483.92349767684937 14730.267190679908 1194.1976911425591 4289.9850901961327 2784.9633563905954 1191.6316876113415 5900.4785446971655 1566.1654653996229 1150.6024577021599 7195.0964850485325 385.97127741575241 2429.6836743652821 1545.3315159231424 3508.1218215972185 2225.8811265826225 4162.7425423264503 1737.3041702210903 7673.3028335422277 557.14428973197937 363.50752055644989 4742.0708077549934 7575.5954187214375 144.35725253820419 602.20040148496628 336.92938852310181 849.46058905124664 5151.0644086152315 4457.8955179154873 111.32653400301933 718.23546668887138
leaf_count=55429 14611 5402 31554 9218 8557 3201 22443 14000 4794 2824 1719 11462 3926 19711 1798 16507 4475 1346 7857 21092 3382 3966 5449 17315 2481 18609 1419 7721 614 2930 8215 401 787 31194 1893 6625 7357 1777 10942 4663 1221 17470 607 3827 2296 8704 3615 10739 2752 18330 1504 622 6555 17985 275 984 540 1483 11622 11803 166 968
internal_value=-0.491998 -0.49573 -0.502779 -0.491764 -0.48095 -0.496075 -0.488571 -0.501497 -0.491721 -0.48508 -0.50491 -0.488158 -0.502089 -0.492643 -0.493198 -0.484307 -0.478114 -0.50427 -0.486499 -0.503121 -0.490504 -0.489365 -0.495387 -0.494207 -0.490825 -0.481892 -0.494896 -0.491682 -0.484613 -0.480928 -0.500097 -0.507258 -0.480145 -0.508488 -0.484875 -0.482988 -0.488528 -0.485035 -0.506834 -0.503976 -0.489135 -0.504346 -0.510308 -0.503776 -0.497133 -0.494095 -0.478155 -0.500338 -0.496337 -0.491001 -0.4755 -0.486743 -0.475079 -0.485434 -0.482098 -0.474296 -0.483634 -0.492863 -0.491223 -0.485408 -0.491262 -0.481962
internal_weight=238578 178337 64203.7 114133 60241.4 48565.4 65567.7 21633.6 26931.8 6899.16 57304.5 17010.7 32045.6 33533.4 24485.7 32034.3 43230.6 17609.1 23927.3 30205 25485.7 4024.43 19511.8 13094 14007.5 17685 3782.2 11160.3 4973.9 3825.89 17452.2 12752.9 5348.26 25259 3288.3 13442.9 7478.75 4693.79 13826.9 7926.46 2433.05 7713.03 17545.9 2815.65 1806.2 9654.9 4864.34 8351.47 4188.73 10484.4 25545.6 920.652 24624.9 9161.7 1967.97 3165.01 939.13 1195.87 6146.78 9152.88 2451.42 829.562
internal_count=523734 375729 136453 239276 148005 100417 138859 42651 57766 14152 122301 42826 67484 63126 52972 75733 105179 33591 59226 63558 40683 9060 46147 20972 34269 41069 3986 26073 6825 5027 39769 23789 8750 54817 5859 33039 16855 9498 29605 18663 2567 19189 35628 4434 2697 22807 7963 20074 9335 26187 64110 2126 61984 22460 3657 5139 1524 2097 14103 26414 6583 1134
cat_boundaries=0 1
cat_threshold=12
is_linear=0
shrinkage=1


Tree=1
num_leaves=63
num_cat=0
split_feature=8 21 21 8 3 25 19 7 8 25 7 12 8 8 17 23 21 9 8 32 21 3 8 3 8 21 25 16 32 32 3 8 13 8 10 31 17 21 31 25 3 32 6 13 21 12 7 21 6 3 17 31 16 7 10 31 10 8 17 9 25 3
split_gain=3545.97 2219.48 925.427 565.572 574.815 522.512 411.266 329.555 221.364 210.078 206.134 185.592 176.876 131.33 127.655 125.163 123.207 122.149 119.809 109.438 104.472 96.2397 93.6591 92.9947 92.6267 88.6988 86.8846 86.3115 82.5029 80.8842 83.0717 79.921 77.3025 104.854 77.1705 70.0107 69.4103 65.5799 64.7578 63.1449 66.3061 60.4217 60.3466 57.2707 56.7878 54.8842 54.8314 53.4405 52.4507 50.0807 49.4606 47.9195 47.5981 46.8467 46.1664 45.447 47.4031 45.0443 43.9858 43.2422 42.1232 41.2558
threshold=7.1910000000000016 12.949999928474428 13.449999928474428 34.022500000000008 1.5000000000000002 17.94999980926514 14.250000000000002 34.202500000000008 3.9715000000000003 15.050000190734865 46.076500000000003 76.689000000000007 154.23000000000005 72.747500000000016 -0.74999999999999989 10.050000190734865 10.250000089406969 100.31500000000001 3.7615000000000003 79.885000000000005 18.250000119209293 7.5000000000000009 64.57350000000001 1.5000000000000002 132.21150000000003 16.300000309944156 15.550000190734865 9.4395625000000081 77.862500000000011 77.637500000000017 6.5000000000000009 14.115 65.528500000000008 72.747500000000016 0.66025000000000011 37.900000000000006 0.45000000298023229 19.050000309944156 57.45000000000001 20.650000572204593 7.5000000000000009 73.595000000000013 3.5000000000000004 144.64000000000001 10.450000107288362 92.682500000000019 37.531000000000006 9.5499997586011904 3.5000000000000004 7.5000000000000009 0.55000001192092907 75.473500000000016 50.22277083333335 25.151000000000003 1.2632500000000004 29.307000000000002 26.25075 86.553500000000028 -4.3500001430511466 89.767500000000013 19.849999427795414 8.5000000000000018
decision_type=2 2 2 2 2 2 2 2 2 2 2 2 2 2 2 2 2 2 2 2 2 2 2 2 2 2 2 2 2 2 2 2 2 2 2 2 2 2 2 2 2 2 2 2 2 2 2 2 2 2 2 2 2 2 2 2 2 2 2 2 2 2
left_child=2 3 18 7 12 10 9 16 14 32 21 22 19 42 -4 27 29 45 41 -5 53 -6 46 35 50 60 -9 -13 38 30 52 -32 -3 -34 -22 -8 -28 -10 44 40 -31 -1 -12 -17 -20 49 -7 -21 -40 -15 -19 61 -2 54 -16 56 -11 -45 -51 -44 -25 -23
right_child=1 6 8 4 5 11 23 26 37 55 13 15 -14 17 20 43 -18 24 28 47 34 51 -24 25 -26 -27 36 -29 -30 39 31 -33 33 -35 -36 -37 -38 -39 48 -41 -42 -43 59 57 -46 -47 -48 -49 -50 58 -52 -53 -54 -55 -56 -57 -58 -59 -60 -61 -62 -63
leaf_value=0.27856499366462234 0.53543199948966513 -0.36923874564468862 0.47969999127089979 -0.44697999782860287 -0.56635899849236016 -0.76525302477180956 0.24013574533164503 1.2575012653321029 -0.039905752018094071 0.44734200887382036 0.80516876868903653 0.66965560369193566 -1.1810641033202411 -0.58879501171410087 0.11546750478446484 0.51396124534308907 -0.091752999499440199 1.1045016043633222 0.41267425887286663 1.2637246339768173 0.13573999814689161 0.4441083949059248 -1.9347499544173481 -0.57477751560509205 -0.40925060816109182 -1.0997262508422136 2.0142963194102048 -1.4044459659606219 1.2710400264710189 -0.047448251917958262 0.19034749679267407 -0.10089500017464162 0.39085125617682936 -0.64955124564468869 -0.059050000384449963 -0.69323000736534601 0.295148751065135 -0.18099874667823315 0.45904124565422538 -0.086134250834584244 0.99935995750129225 1.0003794925659895 0.062490998134016998 0.51260223202407362 0.11814925543963911 0.31811413697898394 -0.23473348446190356 0.43980625919997696 -0.15191325075924397 -3.2683236963301896 0.46894586257636545 3.0482212572544816 -0.29648373849689963 0.425536235049367 0.028850000724196436 -0.71729850597679623 -0.6147424871474505 -1.2326833970099689 0.10713625244796277 1.0739612071961167 -1.2259275133162737 -0.29481288202106953
leaf_weight=16986.08084961772 6079.2482616603374 5696.4025291651487 1592.9668439328671 792.08241066336632 9638.6336449682713 2970.6223931908607 1117.6433714032173 7418.5272197425365 5036.2812453657389 303.4216261357069 4446.1332086771727 1303.2781867384911 583.15955765545368 6789.3035775274038 1590.4328159093857 449.89017206430435 10000.575064688921 1129.3485683202744 7924.3230979144573 4221.355363547802 613.45343200862408 1797.3093481957912 10155.024554878473 10104.172484427691 2447.2293263971806 20154.946561262012 1000.09634514153 437.82509961724281 2549.5384057462215 530.55357855558395 3414.3587671369314 5946.2372259497643 5554.9308371841908 4399.8808605968952 3317.0496450662613 1056.0242625772953 3450.7230548113585 1826.0914987325668 183.34804743528366 829.68279585242271 3007.2143086791039 7690.0907808840275 4917.1006198972464 354.17797327041626 4097.3851388543844 1038.5889405012131 3945.1393594145775 1461.5191406011581 434.81523358821869 207.52347719669342 3545.0155498832464 573.92568868398666 567.27213275432587 1897.198984503746 4589.0804067701101 7334.364785477519 795.05160671472549 1858.1586905568838 3491.2262495011091 1392.4667899608612 4722.4087984114885 4823.108461394906
leaf_count=51620 15882 13981 4219 2820 23392 7085 2058 15390 11745 610 9523 2065 1159 13105 4515 701 23739 1910 20055 6889 1731 2914 19018 21608 3586 41892 2533 634 3920 843 8560 16334 11954 8024 7785 3300 6902 4001 214 1120 3831 11791 12325 527 10676 1485 10495 2396 507 376 5652 591 1207 3899 11477 14573 2308 2769 6021 2527 10067 8938
internal_value=-6.34789e-05 -0.00360967 0.0104144 0.000426562 -0.00218631 -0.00360179 -0.0113218 0.00505107 0.00177056 -0.00623209 -0.000608415 -0.0100466 0.0113914 0.00191755 0.00546454 -0.000894105 0.00229031 -0.000620255 0.014851 0.013767 0.0036993 -0.00502063 -0.0124073 -0.0146207 0.0045276 -0.0152443 0.0121154 0.00952656 0.0113558 0.00452122 0.0028753 -0.000160006 -0.00280401 -0.000145713 -0.0029858 -0.00458328 0.00659036 -0.00555007 0.00969942 0.0105517 0.0134624 0.017002 0.00631724 -0.00771026 0.010511 -0.00380091 -0.00791759 0.0161935 -0.0060751 -0.00488673 0.00865294 -0.000644427 0.00714943 0.00695255 0.00484118 -0.0125935 -0.0031055 -0.0110168 -0.000205509 0.00317252 -0.0123069 -0.0018466
internal_weight=238581 178253 60328.1 117014 74769.1 67711 61239.2 42244.5 20462.6 24084.1 46236.9 21474.1 7058.12 29403.9 13600.2 4403.33 30375.1 18648.2 39865.6 6474.96 12007.2 16833 17070.8 37155.2 7121.59 34981.5 11869.3 1741.1 15189.4 20374.6 16007.1 9360.6 15651.2 9954.81 3930.5 2173.67 4450.82 6862.37 12639.9 4367.45 3537.77 24676.2 10755.7 2662.23 12021.7 11526.6 6915.76 5682.87 618.163 10488.1 4674.36 7194.34 6646.52 8076.71 6179.51 8432.84 1098.47 2212.34 3698.75 6309.57 14826.6 6620.42
internal_count=523774 375619 148155 245244 148903 135639 130375 96341 49372 51450 92345 43294 13264 56510 33626 6696 71516 32135 98783 12105 29407 35835 36598 78925 11148 73567 24825 2699 35372 47777 41983 24894 33959 19978 9516 5358 9435 15746 31452 5794 4674 63411 24375 3997 30731 20987 17580 9285 721 19502 7562 12443 17089 19891 15992 17491 2918 3296 6397 14852 31675 11852
is_linear=0
shrinkage=0.05


Tree=2
num_leaves=63
num_cat=4
split_feature=8 21 21 22 3 22 0 32 8 0 10 22 8 17 8 8 14 8 8 22 3 3 8 18 21 21 8 8 12 10 10 12 3 3 0 17 32 8 30 14 8 32 32 9 0 31 10 7 8 32 21 14 8 14 14 32 32 32 22 12 10 31
split_gain=3211.38 1944.97 1004.04 776.494 688.692 421.572 509.271 290.321 261.599 239.246 228.987 228.113 194.53 166.563 150.873 143.575 142.287 134.667 130.958 125.379 119.043 139.895 142.806 113.201 113.108 106.754 103.139 99.6722 94.3952 94.3163 93.1872 94.2864 88.7887 87.8727 86.7344 86.3001 85.5053 79.8562 75.8739 74.4095 72.4069 71.6192 76.3545 65.6098 68.2631 65.5298 62.2438 61.5099 61.4145 80.1644 59.1355 57.9274 57.3782 56.6646 55.6346 54.6869 54.1064 52.3166 51.2905 51.0892 51.0124 49.5293
threshold=9.9310000000000027 13.250000119209291 12.650000154972078 16.466666897137966 1.5000000000000002 16.733333647251133 0 77.147500000000022 3.9715000000000003 1 25.456550000000004 17.033333172400795 41.994000000000007 2.3500000238418584 58.45000000000001 66.276500000000013 67.065556547619067 120.38350000000001 141.01750000000001 11.400000115235647 6.5000000000000009 7.5000000000000009 56.845000000000006 16.550000011920933 18.250000119209293 17.44999992847443 4.0710000000000006 132.21150000000003 48.017500000000005 22.477875000000001 57.78990000000001 26.212500000000002 6.5000000000000009 1.5000000000000002 2 11.550000190734865 79.885000000000005 4.0710000000000006 3.5000000000000004 4.2929114906832302 52.368500000000004 78.757500000000007 70.037500000000009 8.2015000000000011 3 50.141000000000012 -0.25750000000000001 42.281000000000006 69.835000000000022 73.395000000000024 7.9000001549720773 47.048357142857149 62.205000000000005 18.687726190476194 32.338333333333345 69.520000000000024 74.335000000000022 68.132500000000007 22.59999982515971 0.30750000000000005 1.8047500000000001 30.113500000000005
decision_type=2 2 2 2 2 2 1 2 2 1 2 2 2 2 2 2 2 2 2 2 2 2 2 2 2 2 2 2 2 2 2 2 2 2 1 2 2 2 2 2 2 2 2 2 1 2 2 2 2 2 2 2 2 2 2 2 2 2 2 2 2 2
left_child=2 3 11 7 27 6 15 9 23 12 32 26 35 18 58 47 30 20 28 57 -9 -22 38 24 53 -10 59 36 40 51 31 -12 50 61 -24 -2 -5 -13 43 -28 -6 42 52 -23 -45 56 -26 -3 -18 -50 -11 -8 -30 60 -36 -34 -37 -14 -15 -1 -4 -7
right_child=1 5 8 4 13 33 29 17 25 10 16 37 19 14 -16 -17 48 -19 -20 -21 21 22 34 -25 46 -27 39 -29 41 -31 -32 -33 55 -35 54 45 -38 -39 -40 -41 -42 -43 -44 44 -46 -47 -48 -49 49 -51 -52 -53 -54 -55 -56 -57 -58 -59 -60 -61 -62 -63
leaf_value=0.2696617493219674 0.91823242111876613 -0.14545806060358882 0.096672501210123302 -0.30231243900582194 -0.036440344255417582 0.10591284545138478 -0.35796235112473368 1.1186806606240569 -0.015545962464064356 0.93355870075896386 -0.48997560540959245 0.18067674847319723 -0.018888377945870151 -0.26226535598561168 -2.0935449121408167 -0.79433867583796391 1.6118990326710045 -0.10197960547730328 -1.9019946164302528 -0.28251004986092448 -0.36664082960411909 0.78628952356055382 0.70870476715639241 0.53052999677136536 0.21327798994258049 -0.15641118846461177 -0.0037762123458087468 -0.65305005983635789 0.46006640716269614 -1.3098720634989443 -1.7536083846502006 0.16538044482842088 0.07255350049212575 -1.1742378478460014 1.0984719149060547 0.18239350374415519 1.2357708508558574 0.021425037968903781 1.8600458206720649 0.58286264290288092 -1.1809360487870872 -0.29471518830582499 0.65685347755625845 1.04537816279009 -0.043632229041308174 -0.77728118709847338 -0.045167498629540205 0.49569212694838644 -0.95419146756455298 0.58324430461600429 0.11595512660220267 0.66926254220679404 -2.3041359708718958 0.34829749668017035 -0.90148231832310555 -0.18720610896870493 1.5010542094744743 0.40597568102553483 -0.59893431977555156 0.78921549840644012 0.0037475002743303774 -0.77526848868653175
leaf_weight=7383.9309227317572 5093.9409032613039 5394.4147077649832 1798.6002221554518 620.63603055477142 2336.8831121772528 951.65370097756386 3932.2880485653877 3376.3423663675785 7580.8990421891212 1876.2812287807465 5637.9282496720552 4800.1090513318777 4697.1753725856543 9250.8371768593788 10038.182546153665 8412.440900221467 778.20405608415604 3965.0089592337608 1146.2423823475838 10487.232204169035 1241.0732790231705 1419.7945930361748 2917.2311403751373 1545.849245518446 349.25301297008991 4141.003035902977 1064.0676531493664 532.5415753275156 367.34997962415218 8203.2700625658035 2991.3239568471909 1778.8164727091789 2860.5333330184221 21984.6499312222 289.2512092590332 4517.9216468036175 3594.7009115815163 3692.5127577781677 3962.8379398584366 13510.570846244693 1365.2548727542162 508.6591959297657 1894.7402975410223 1824.9595558047295 1934.3271235227585 523.11683523654938 3642.0040875822306 4456.7336484342813 1258.8944009840488 582.16618251800537 2472.7991277426481 345.05972301959991 334.9901600331068 4508.6719821542501 1367.5765508413315 2402.3043850362301 965.74945616722107 8489.4918272048235 2439.8493826538324 12134.444431066513 3743.0125466883183 792.36158075928688
leaf_count=21467 14595 13325 5203 2214 6931 1791 8685 6640 17493 3861 14371 13344 13170 21013 18077 16014 1314 5127 1936 23320 1425 1825 3927 4115 970 9017 3004 1012 1784 16458 6382 5988 9758 46590 392 14028 5862 8672 4592 29923 3749 820 3137 2623 2543 601 8754 10011 1916 899 5635 509 837 9885 1725 3843 1228 14478 5359 27395 9835 2310
internal_value=-0.000150263 -0.00388564 0.00886098 -0.000175895 -0.00645063 -0.011659 -0.00779425 0.00253446 0.00137748 0.000653906 -0.00334548 0.0136598 0.00325767 -0.00927881 -0.0115449 -0.00246772 -0.0076661 0.00737625 -0.00308778 0.000697709 0.00918319 0.00726804 0.00872267 0.00562103 0.00420649 -0.00426546 0.0154863 0.0112289 -0.000454201 -0.0155736 -0.0102873 -0.00728099 0.00250709 -0.0166658 0.00150948 0.00871952 0.0138037 0.00632678 0.0123311 0.012302 -0.00584605 0.00597286 0.0093331 0.00834401 0.00488308 0.00465852 -0.00291404 0.00162761 0.0027495 -0.00222931 0.00779259 -0.00956315 -0.00474337 0.00703426 -0.00759964 -0.00186136 0.00627197 0.00394255 -0.00768311 0.0178633 0.0036468 -0.00585852
internal_weight=238511 168616 69894.9 114143 34430.9 54472.9 30744.2 79712.3 27309.3 57413.9 22639.3 42585.6 34774.6 29683 21728.9 18263.6 13027.3 22298.4 7954.12 23673.9 18333.4 14957.1 13716 15587.4 14041.5 11721.9 34093 4747.88 6807.88 12480.6 10408.1 7416.74 9611.92 23728.7 4574.06 11100.7 4215.34 8492.62 9141.92 14574.6 3702.14 3105.74 2597.08 5179.08 3759.29 6006.79 3991.26 9851.15 2619.26 1841.06 4349.08 4277.35 702.34 10050.3 1656.83 5262.84 5483.67 13186.7 11690.7 19518.4 5541.61 1744.02
internal_count=523707 354630 169077 238937 72731 115693 65002 166206 65272 135387 53967 103805 81420 63643 44449 39350 30870 30819 19194 50968 25692 19052 17627 38762 34647 26510 81789 9088 17258 25652 26741 20359 23097 50691 6044 30452 8076 22016 11583 32927 10680 6578 5758 6991 5166 15857 9724 23336 4129 2815 9496 9194 2621 24923 2117 13601 15256 27648 26372 48862 15038 4101
cat_boundaries=0 1 2 3 4
cat_threshold=12 12 12 12
is_linear=0
shrinkage=0.05


Tree=3
num_leaves=63
num_cat=3
split_feature=8 21 21 22 3 22 0 32 8 22 0 8 8 8 8 15 8 2 3 18 8 18 8 32 32 3 21 11 32 21 16 8 22 22 22 32 22 21 8 15 0 31 15 8 22 18 21 22 2 8 11 31 32 6 31 32 13 5 32 31 31 8
split_gain=2899.62 1819.68 902.758 576.354 629.767 558.061 537.936 235.443 225.106 205.051 169.657 165.626 144.937 143.921 142.443 139.498 136.188 129.149 112.197 108.495 108.026 106.936 104.017 101.417 157.328 94.3245 92.8805 92.6746 87.0664 84.3154 80.7936 77.3042 75.0778 74.6923 73.5461 73.2201 66.2665 64.827 62.3172 62.1574 69.6786 56.0481 55.239 53.6761 52.5779 52.2052 52.1478 51.4582 50.0164 49.3417 49.3301 49.262 48.3009 48.0793 47.5865 45.8484 44.7236 43.7652 51.784 42.6997 50.4106 42.2863
threshold=9.9310000000000027 12.199999898672106 12.949999928474428 16.466666897137966 1.5000000000000002 16.000000079472866 0 77.147500000000022 3.6815000000000002 17.033333172400795 1 34.022500000000008 40.13150000000001 72.747500000000016 71.69250000000001 0.33314583333333664 94.848500000000016 1.5000000000000002 6.5000000000000009 23.94999980926514 3.4515000000000007 14.449999988079073 20.812500000000004 69.325000000000017 78.805000000000021 1.5000000000000002 17.44999992847443 66.150416666666686 77.862500000000011 20.07499980926514 48.807125000000006 4.0710000000000006 13.266667127609255 20.400000413258876 11.400000115235647 69.235000000000014 22.466666618982952 14.949999928474428 20.812500000000004 0.33314583333333664 2 30.113500000000005 1.380091666666668 154.23000000000005 10.800000270207724 12.450000047683718 7.774999976158143 14.29999993244807 3.5000000000000004 64.57350000000001 3.1547916666666667 75.473500000000016 79.885000000000005 4.5000000000000009 33.148500000000006 68.46250000000002 49.255000000000003 1.0000000180025095e-35 72.990000000000009 61.875000000000007 27.737000000000005 33.096000000000011
decision_type=2 2 2 2 2 2 1 2 2 2 1 2 2 2 2 2 2 2 2 2 2 2 2 2 2 2 2 2 2 2 2 2 2 2 2 2 2 2 2 2 1 2 2 2 2 2 2 2 2 2 2 2 2 2 2 2 2 2 2 2 2 2
left_child=2 3 9 7 17 6 14 10 21 20 13 18 45 34 32 23 27 -5 30 49 -1 29 -8 -14 43 41 -10 51 50 47 46 -11 57 -27 -2 48 -17 -24 55 -18 -41 -7 -37 -25 -16 -6 -12 -4 -15 56 -22 59 -19 -35 -33 -20 -13 58 -3 60 -9 -61
right_child=1 5 8 4 12 25 22 16 26 31 11 19 15 35 44 36 39 52 38 -21 28 -23 37 24 -26 33 -28 -29 -30 -31 -32 54 -34 53 -36 42 -38 -39 -40 40 -42 -43 -44 -45 -46 -47 -48 -49 -50 -51 -52 -53 -54 -55 -56 -57 -58 -59 -60 61 -62 -63
leaf_value=0.5530597295133397 0.60624329375904051 0.2097204635379836 0.15670865155663344 -0.35350810803491628 -0.20843978419024498 0.14489082521479577 -0.24147514074761423 -0.037347761281020943 -0.014535139213688675 0.17438665843289347 0.96995119805615393 -0.62271976234633475 -1.2794217826338485 -0.18394948689658197 -0.052021133697219168 -1.196595286509581 0.99334249111395323 0.044234620436839768 0.17306582700293513 0.34740253324192016 0.032262597162835298 0.34566538777034728 -0.76998281719405215 0.62802581546586012 -0.7256287987263873 -0.8978217690141872 -0.1433211346866563 1.2187961760846899 1.2737905268905685 -0.053059127131290733 -0.42246260326821361 0.49336879538428041 -0.22928947565574198 -1.3654216928632932 0.15017220841329545 0.67054934261720633 -1.97356127209384 -1.2890539831878618 -0.28540917862374332 0.20756898204963659 -1.3333895982773976 -0.71928008485157047 0.075512219592742624 -2.7609647861214359 -0.96197758362311869 0.24426073620598765 0.2141543962387368 0.021500875404290857 -1.1730753296764567 -1.507537920251675 0.43045064132791017 3.7117716921059412 1.3369009784905241 -1.0696147651823238 -0.049452817033417522 -0.11464329125601798 -0.14562728235740213 -0.78051877158004801 0.82755031206589202 0.16705643790643665 0.78217663591336462 -0.14717219782639296
leaf_weight=17414.347021594644 10237.166475608945 5042.325503334403 4200.3783861398697 778.02134302258492 7057.0990051776171 1205.859837770462 4551.4793654233217 1168.322046995163 7576.9725137352943 5033.12546184659 2353.8539934009314 1877.2191735059023 1203.4983284920454 3463.5559775978327 3328.424756243825 10110.967760741711 855.56371736526489 434.33650121092796 1546.5101770758629 1279.2328259646893 2000.0036673992872 2161.9806870222092 4660.7830454409122 1574.7307716459036 706.04224163293839 15277.561321258545 4490.737207710743 4889.0057539343834 3162.4087189435959 2101.8484555780888 589.38587728142738 810.09848964214325 3908.1734387427568 7415.1314422488213 7671.522071570158 958.87653031945229 3100.8003587722778 5306.4328856766224 2065.2394644469023 4013.8139011561871 1136.7688446044922 1109.7385424673557 7386.6892514824867 115.08622193336487 5654.658993601799 1902.6356969028711 2827.5810694098473 5374.6657511740923 1382.0256208479404 3328.1984928548336 12519.504557281733 1140.1517086029053 3232.7606799602509 5775.075610935688 3033.0080713629723 1913.6367430835962 2551.9462523907423 347.14973475039005 3022.0884484946728 1186.0592651367188 4308.7416206896305 1542.9728626012802
leaf_count=44037 25893 13908 10265 1568 16258 2235 9446 2031 17559 13863 5436 4981 5068 9638 6445 19071 1343 1568 5399 2767 5489 5771 9618 2511 1113 31475 9835 7003 4707 4982 1148 2005 9092 16728 20623 1575 5683 10782 5640 5122 1538 3176 11894 184 10397 5379 6621 13442 3200 6434 29942 1173 5266 12265 6981 3322 6639 854 5218 1273 6802 1631
internal_value=-0.000233758 -0.00378509 0.00832927 0.000416004 -0.00537566 -0.0102117 -0.00596873 0.00285767 0.00092518 0.0126913 0.00105985 -0.00249113 -0.0083736 0.00338116 -0.000906422 -0.0111109 0.00742558 0.0120031 0.00154384 -0.00753741 0.0144084 0.00527732 -0.0133861 -0.00238397 0.0035648 -0.0151487 -0.00406574 0.0100894 0.0116541 0.0033854 0.00641924 0.00590106 0.00258436 -0.0159381 0.00630132 -0.00058094 -0.0134881 -0.0162552 -0.00354837 0.00111133 -0.000962608 -0.00544136 0.00225751 0.0118455 -0.00569458 -0.00323686 0.00841481 0.00537599 -0.00546908 -0.00976208 0.0100154 0.00717031 0.015928 -0.0186957 0.00056076 0.000554431 -0.00630309 0.00524473 0.00599343 0.00581583 0.00836137 0.00070584
internal_weight=238374 168495 69879.1 101890 30216 66604.9 35821.5 71674 25906.6 43972.5 51432.6 20332.8 25770.9 31099.8 21302.8 16811.1 20241.4 4445.12 11296.2 9036.6 35096.3 13838.9 14518.7 3599.36 2395.86 30783.4 12067.7 14235.3 17681.9 11676.9 5770.82 8876.23 12319.7 28467.8 17908.7 13191.1 13211.8 9967.22 5525.39 6006.15 5150.58 2315.6 8345.57 1689.82 8983.08 8959.73 5181.44 9575.04 4845.58 7757.36 14519.5 9346.25 3667.1 13190.2 3843.11 3460.15 4429.17 8411.56 8064.41 8206.1 5477.06 2729.03
internal_count=523312 354434 168878 212795 63669 141639 75760 149126 61854 107024 121210 48387 55267 72823 45914 33630 27916 8402 27566 20821 84175 34460 29846 8876 3808 65879 27394 19913 40138 28689 13205 22849 29072 60468 46516 26307 24754 20400 14361 8003 6660 5411 13469 2695 16842 21637 12057 23707 12838 18054 35431 12910 6834 28993 8986 8721 11620 19980 19126 11737 8833 2904
cat_boundaries=0 1 2 3
cat_threshold=12 12 12
is_linear=0
shrinkage=0.05


Tree=4
num_leaves=63
num_cat=0
split_feature=8 21 21 22 3 22 8 32 19 8 7 7 17 8 22 8 21 8 2 3 3 32 17 21 9 8 13 8 16 3 8 8 15 21 22 10 32 22 7 7 30 13 3 2 8 13 22 3 32 3 28 14 14 8 30 22 32 2 13 8 14 16
split_gain=2505.37 1697.12 819.725 658.409 591.574 368.818 250.829 236.243 207.192 157.327 235.513 194.728 150.208 144.38 141.096 129.034 123.875 117.137 106.784 106.525 131.403 104.123 101.442 116.888 98.0027 94.8361 94.3909 92.9675 84.9985 79.512 77.465 75.9069 74.5102 69.2397 67.2518 64.4387 63.0003 62.3733 61.3975 57.7782 55.9036 51.2109 51.0697 62.7163 60.6429 53.6718 48.3223 47.8152 47.1371 45.8692 45.4692 45.1655 43.1245 42.4328 42.3276 42.2414 41.2312 51.8494 39.4511 39.3075 41.6839 39.2356
threshold=9.9310000000000027 13.300000309944155 11.500000089406969 16.466666897137966 1.5000000000000002 16.899999698003139 3.9715000000000003 77.147500000000022 12.34999990463257 38.749000000000002 38.025000000000013 46.728500000000004 2.1499999761581425 69.835000000000022 18.833333412806194 132.21150000000003 15.799999773502352 100.56750000000001 1.5000000000000002 6.5000000000000009 7.5000000000000009 75.295000000000002 -1.4499999880790708 16.750000119209293 100.31500000000001 33.096000000000011 118.45000000000002 73.720000000000013 7.4220833333333305 1.5000000000000002 3.4515000000000007 161.00500000000002 28.457708333333336 10.04999975860119 22.333333412806194 -0.25750000000000001 78.670000000000002 11.016666690508528 9.0050000000000008 25.495000000000001 3.5000000000000004 12.692500000000001 7.5000000000000009 4.5000000000000009 22.372500000000006 26.490000000000006 13.666666731238367 11.500000000000002 71.457500000000024 8.5000000000000018 20.166666825612392 5.0239880952380949 25.400681547619055 45.689000000000007 1.0000000180025095e-35 22.59999982515971 73.395000000000024 4.5000000000000009 15.989000000000003 34.022500000000008 30.489193452380956 -0.16458333333333838
decision_type=2 2 2 2 2 2 2 2 2 2 2 2 2 2 2 2 2 2 2 2 2 2 2 2 2 2 2 2 2 2 2 2 2 2 2 2 2 2 2 2 2 2 2 2 2 2 2 2 2 2 2 2 2 2 2 2 2 2 2 2 2 2
left_child=2 3 14 7 18 8 22 9 37 10 32 61 15 34 21 28 51 19 -5 52 -21 30 -4 39 27 -22 41 -13 36 -7 -1 56 42 -20 54 -25 48 -3 -32 46 -27 -10 44 -44 -2 -46 -24 50 53 -45 -19 -8 -9 -6 -14 -15 57 -26 -18 60 -39 -11
right_child=1 5 6 4 12 29 16 17 26 11 -12 24 13 55 -16 -17 58 47 33 20 25 -23 23 35 31 40 -28 -29 -30 -31 38 -33 -34 -35 -36 -37 -38 59 -40 -41 -42 -43 43 49 45 -47 -48 -49 -50 -51 -52 -53 -54 -55 -56 -57 -58 -59 -60 -61 -62 -63
leaf_value=0.31454800032374453 0.33958462211784907 0.097827678997935721 0.47981522614237859 -0.29227657072189267 0.69059717458871206 -0.29234108213487081 -0.091059019307447586 -0.13790346676985732 -0.72389614617961462 1.0768357369498629 0.96222290348765438 0.19954108032581397 -0.43877629322024991 -1.9020231722316425 0.09392358432677575 -1.6457168220040483 -0.14179384433048778 -0.026475655620722113 1.29915228358862 -0.34650388683083472 0.77717655961749144 1.1151242742418963 0.15087469566897491 0.19477865786761978 0.44036375706550673 0.023641276169689363 -0.45800613081592129 -0.36427787402364431 -0.28285845272156407 -1.0653956807160658 0.1347248749465961 -2.1144356360549015 -0.16866688704731875 0.20867820795831268 -0.59948404052498749 -0.027134166848389429 -0.25374488457742145 -0.29440368489655672 0.57275314435672953 0.54962297343012878 1.2754453648092321 -0.63425255957978788 0.09578774047222921 -0.55396106547954493 -0.22398724856647664 0.16154887044188568 0.024341832261802629 -2.2880184806341215 0.72311642179873781 -0.08175738527390175 1.2417372452394386 0.062349976180838422 1.2583017522605229 -0.29684701971623112 -0.13874079984637908 -2.9945306616601628 1.0404223863339144 -0.81206131224277434 -0.11191719719338232 -0.83480302804845385 0.5028885379658361 -0.5658148882141989
leaf_weight=11684.561023578048 4648.9230819195509 6245.2013177424669 1890.6531964540482 859.47878910601139 621.60562972724438 1704.7106363624334 975.00602406263351 223.93121013045311 2062.9969480186701 307.73802483081818 6145.3820783495903 6837.1695137768984 3601.3197983056307 6779.5569301694632 4308.3281747698784 1389.5874533653259 2495.8922367990017 4837.8313809335232 2998.5590871870518 1234.4410833120346 5666.6127104759216 9560.9479533731937 4003.6884407252073 493.22925254702568 3655.0894466042519 3843.9908830523491 5218.2509076297283 8879.5829453766346 3193.4528327584267 21231.107196196914 6132.6677336543798 556.7565703690052 3891.5828026086092 915.86448182165623 3083.3549062311649 5381.8645219057798 588.19661891460419 849.14869797229767 4792.6346551924944 2626.2955463677645 3066.6310558319092 11967.931178286672 2899.2532528787851 671.12446637451649 1114.4806858748198 3813.8072658330202 4626.2529186159372 257.76960414648056 1447.371121942997 826.4686054289341 789.66220456361771 7362.6881846487522 2570.3756331205368 709.00247849524021 6751.8166168630123 1787.4245909452438 2230.1619784832001 614.31193408370018 3642.7645908743143 3458.5968829095364 884.41758784651756 10548.861785709858
leaf_count=34494 11707 13941 5129 1731 2935 4009 2758 562 4316 436 14555 17697 7900 11778 11631 2342 6101 6164 5449 1417 7130 13969 10236 1362 6680 5387 10086 17781 7103 44945 16332 965 9819 1942 6846 12926 972 2037 12151 5551 3705 25845 8072 1283 3468 10674 12332 455 2322 2480 1183 16586 5082 3363 15668 3046 3252 1072 7546 6969 1812 26054
internal_value=-0.000294666 -0.00359763 0.00765763 -0.0001688 -0.00591923 -0.010942 0.00201029 0.00232329 -0.00735663 0.000627402 0.00371877 -0.00157983 -0.00852458 -0.0106527 0.0128433 -0.00263325 -0.00294918 0.00666932 0.0104257 0.00881734 0.00701513 0.0139813 0.00578457 0.00457096 0.0010472 0.00854307 -0.0105234 -0.00115063 0.00029957 -0.0157384 0.0121304 0.00594196 0.000814278 0.0139292 -0.00741774 -0.00114568 0.0058424 -0.0020264 0.00910218 0.00755455 0.00461045 -0.0126587 0.0025183 -0.00194247 0.00456621 0.000701563 0.00557724 0.000607955 0.00898971 -0.0102476 0.00157403 0.00101956 0.0177196 0.00219395 -0.00548636 -0.015725 0.00746008 0.00458006 -0.00833892 -0.00607539 6.97428e-05 -0.00708994
internal_weight=238458 168481 69977.5 114859 34726.6 53622.4 33498.3 80131.9 30686.5 57640.7 24011 33629.7 29952.7 22003.5 36479.1 7949.22 14476.4 22491.2 4773.9 16606 13811.7 32170.8 19022 17131.3 22773.1 12577.2 19249.2 15716.8 6559.63 22935.8 22609.9 7056.32 17865.6 3914.42 13436.5 5875.09 3366.18 11437.4 10925.3 11256.2 6910.62 14030.9 13974.1 4396.85 9577.21 4928.29 8629.94 5885.26 2777.98 1497.59 5627.49 8337.69 2794.31 1330.61 10353.1 8566.98 6499.56 4269.4 6138.66 5192.16 1733.57 10856.6
internal_count=523541 354437 169104 240477 73397 113960 80527 167080 65006 135995 62058 73937 64275 45238 88577 19037 32991 31085 9122 23283 17639 76946 47536 42407 47447 16222 40247 35478 16695 48954 62977 11969 47503 7391 30414 14288 9592 24759 28483 28119 9092 30161 37684 11835 25849 14142 22568 7802 8620 3763 7347 19344 5644 6298 23568 14824 11004 7752 13647 10818 3849 26490
is_linear=0
shrinkage=0.05


Tree=5
num_leaves=63
num_cat=4
split_feature=8 21 21 3 25 0 25 8 7 7 8 0 8 10 8 12 21 8 0 21 32 28 6 8 18 21 2 17 3 19 17 12 19 8 10 8 12 7 32 8 32 10 7 25 3 7 12 23 12 32 3 3 6 32 8 32 16 16 32 0 21 7
split_gain=2326.64 1579.13 736.123 400.502 532.087 352.701 324.128 259.297 357.221 245.159 225.623 189.483 151.716 136.612 121.873 119.241 113.691 109.613 109.381 109.88 104.933 100.661 100.234 94.5828 92.6511 92.9652 89.654 86.0638 84.3925 80.6213 79.6416 72.673 70.4803 69.9819 69.1345 68.4652 64.4915 62.8871 62.1922 60.4689 57.0417 57.001 56.1477 55.3976 54.6333 53.1411 51.0173 49.1293 49.1039 47.5365 46.7134 45.9766 45.6417 43.2647 42.6907 41.0473 42.3215 38.447 38.3275 38.2174 37.0066 36.9417
threshold=10.082500000000001 13.149999737739565 11.450000345706941 1.5000000000000002 20.44999980926514 0 14.34999990463257 56.845000000000006 56.443500000000007 89.663500000000013 3.6815000000000002 1 154.23000000000005 23.206250000000001 66.276500000000013 69.524000000000015 17.44999992847443 3.6815000000000002 2 8.3000000864267367 79.885000000000005 16.133333365122478 5.5000000000000009 71.69250000000001 18.350000023841861 17.750000119209293 3.5000000000000004 13.050000190734865 1.5000000000000002 11.650000095367433 4.5499999523162851 25.230000000000004 12.34999990463257 145.27400000000003 18.870750000000005 53.105000000000011 1.5225000000000002 10.041500000000001 74.15000000000002 99.450500000000019 77.637500000000017 0.66025000000000011 65.592500000000015 11.650000095367433 2.5000000000000004 25.885000000000002 27.425000000000001 9.7500000000000018 21.226500000000005 76.610000000000014 3.5000000000000004 5.5000000000000009 3.5000000000000004 77.485000000000014 31.215000000000003 69.235000000000014 12.798520833333336 0.36243750000000224 78.407500000000013 3 10.099999964237215 8.1535000000000011
decision_type=2 2 2 2 2 1 2 2 2 2 2 1 2 2 2 2 2 2 1 2 2 2 2 2 2 2 2 2 2 2 2 2 2 2 2 2 2 2 2 2 2 2 2 2 2 2 2 2 2 2 2 2 2 2 2 2 2 2 2 1 2 2
left_child=2 3 17 12 7 6 23 8 18 11 24 29 20 31 30 -16 37 36 27 54 59 22 43 32 25 48 49 38 -8 50 42 61 -3 47 -21 53 -1 -12 -5 60 -36 -27 -6 -11 -23 -28 -15 -17 -4 -19 -9 -25 -10 -30 -20 -45 -57 -29 -42 -2 -22 -7
right_child=1 5 10 4 14 13 28 9 52 21 16 -13 -14 46 15 33 -18 26 19 34 39 44 -24 51 -26 41 45 57 35 -31 -32 -33 -34 -35 40 -37 -38 -39 -40 -41 58 -43 -44 55 -46 -47 -48 -49 -50 -51 -52 -53 -54 -55 -56 56 -58 -59 -60 -61 -62 -63
leaf_value=0.21667326868829459 0.45862364897938401 0.42792621529568314 0.08079048827632844 0.31816402764466734 -0.10776972836605876 -0.34906540737142838 0.04790946062390089 -0.40481697228021596 1.4589325055285167 0.55722221555622242 -0.043897434114162338 -1.244423101255965 -1.2208959385725451 -1.241098891961482 -1.974062905172032 0.35481117377169757 -0.12788034455368344 0.43771361775245848 0.17589462659100025 0.03043320896099834 1.3250871311710211 0.88158850429628366 -0.59454699715165471 -1.2585952389144492 0.59779695896062579 0.11880311972604832 0.082038049827482085 -0.15890773075987075 -0.59859136961689263 -0.66657057537822106 -0.31746145737847359 0.40744058454607013 -0.23366521032880672 -1.6600126326483904 -0.4045611006738809 -1.8865358583807019 0.73080489210231936 0.16993688026982501 0.998227919936854 0.36696677203694317 2.2449935345328633 -0.041748206818741286 0.92826917652495533 -1.1541636934315231 0.39123011100020211 0.783932963411476 -1.28216013048878 -0.25579116533152435 0.60997212509823173 2.3878741628639135 0.21421748163716822 -0.22009253643518362 0.69904075271573995 -0.11560281704654961 -0.096125013046708424 0.67677370189571717 -0.088444739062246425 0.15353134741850527 -0.070830468417775364 -0.67318841593759926 0.6163556894799691 -0.23364392446270257
leaf_weight=9042.8021627366543 1126.6647715568542 4668.0341631174088 10585.279576525092 5465.491506293416 2500.2369621396065 2837.1424870193005 1314.8403802216053 1495.1627660542727 5071.2042590379715 3954.0273114591837 6569.7807144075632 6429.8849507272243 594.23983895778656 11167.062653034925 6312.0896018892527 829.01106388866901 4564.9943163990974 7289.7438354194164 6519.2483822703362 4350.7015175521374 3442.3286422491074 1454.4452814906836 4209.8940648585558 2932.1453955620527 1255.5318769663572 724.88230456411839 5953.7120554149151 1639.86347463727 5256.6068149954081 7324.3613789975643 7121.2127665579319 598.24474011361599 3859.2160203158855 896.32820796966553 6068.6565585434437 10159.534746080637 9843.1188342571259 5136.7501656115055 2097.7927202284336 1955.1030687093735 265.94697353243828 3697.0867115557194 805.81824766099453 889.25623908638954 1658.1222035735846 2415.7598037421703 3493.7889571338892 1733.4991630315781 1627.7082244604826 2151.134863525629 6483.7471032291651 3047.3717991858721 4525.2527956068516 1595.8211859762669 2622.6336754560471 869.79849265515804 2639.8339926600456 5690.2415708452463 1980.323042601347 415.41805340349674 1000.5471333861351 4465.5282968431711
leaf_count=26248 3838 11179 27472 16402 7819 6615 3104 4239 10059 6399 16515 12533 1185 21858 11794 1306 10052 18144 14462 9712 5634 2389 7186 5878 3300 2060 14118 6784 14322 15854 15505 1082 9154 1330 15607 19312 22440 10623 3917 3180 336 8738 2172 2130 2598 4937 7162 2642 3315 3237 11963 5691 8999 2240 5945 1392 3598 10707 2356 1489 1652 9980
internal_value=-0.000349879 -0.00355741 0.00724737 -0.000153157 -0.00100842 -0.0104671 -0.00715195 0.000749216 0.00325067 -0.00234663 0.00196539 -0.00578412 0.0102585 -0.015281 -0.00829216 -0.0123042 -0.00229531 0.0121644 0.00100472 -0.00125131 0.0120825 0.00241936 0.000424689 -0.00157018 0.00584043 0.0048512 0.00934939 0.0043059 -0.0115738 -0.00275009 -0.00453182 -0.00998571 0.0018106 -0.00484063 -0.00426705 -0.0125171 0.0148184 0.000314781 0.00805024 0.0149041 -0.0069389 -0.00136046 0.00188104 0.00359526 0.0104674 0.00558067 -0.0181442 -0.000632357 0.00710019 0.0126895 0.000725242 -0.00639092 0.0118391 -0.00865261 0.00292549 -0.000265449 0.00216629 0.000447743 -0.000131739 0.000374133 0.0181286 -0.0113582
internal_weight=238692 167834 70858.3 112438 103904 55395.3 32833.6 83705.9 46297.4 37408.5 34162 21733.2 8534.3 22561.8 20198.2 9770.93 16271.5 36696.3 36700.9 21807.5 7940.06 15675.4 12562.8 14506.8 17890.5 16635 17810.4 14893.4 18326.8 15303.3 10427.3 7900.92 8527.25 3458.84 12665.6 17012 18885.9 11706.5 7563.28 6397.98 8314.93 4421.97 3306.06 8352.92 3112.57 8369.47 14660.9 2562.51 12213 9440.88 7978.91 5979.52 9596.46 6852.43 9141.88 4398.89 3509.63 7330.11 2246.27 1542.08 4442.88 7302.67
internal_count=523889 352690 171199 235113 218135 117577 70880 175567 105286 70281 82075 44589 16978 46697 42568 17072 37190 89124 86228 48418 15793 25692 20705 31902 44885 41585 40436 37810 38978 32056 25496 17677 20333 5278 28011 35874 48688 27138 20319 10466 18299 10798 9991 13519 4987 19055 29020 3948 30787 21381 16202 11569 19058 16562 20407 7120 4990 17491 2692 5327 7286 16595
cat_boundaries=0 1 2 3 4
cat_threshold=12 12 12 12
is_linear=0
shrinkage=0.05


Tree=6
num_leaves=63
num_cat=6
split_feature=19 8 8 21 11 0 8 21 21 17 0 8 25 17 8 8 32 0 8 32 21 8 8 0 32 8 8 25 8 0 0 8 6 19 3 2 32 8 14 17 8 25 9 2 17 8 11 8 32 9 13 32 25 31 32 3 3 21 31 31 5 6
split_gain=2073.24 1261.54 776.338 476.398 421.127 321.727 287.853 244.614 239.797 180.183 170.291 169.645 161.259 146.139 140.301 121.096 115.973 104.746 130.523 104.726 103.855 102.324 96.28 90.4965 88.3926 93.9557 86.1896 85.1148 79.8256 83.3685 76.9456 105.115 71.0549 70.5185 69.2759 67.9857 65.3546 64.8615 63.8309 61.5968 56.9253 56.3533 53.3589 52.4852 52.0623 50.1652 49.5116 48.6548 47.6307 47.572 47.4577 47.1989 46.7696 45.3166 52.9485 66.9602 44.6221 43.7266 43.3062 41.1868 41.0864 40.5778
threshold=14.449999809265138 14.867500000000001 4.8685000000000009 14.800000309944155 67.48937500000001 0 94.848500000000016 10.799999773502352 9.4999998211860675 1.8499999642372134 1 69.835000000000022 21.550000190734867 -1.2499999999999998 33.096000000000011 34.022500000000008 77.862500000000011 2 98.172500000000014 83.987500000000026 18.625000000000004 45.689000000000007 3.9715000000000003 3 72.990000000000009 141.01750000000001 4.613500000000001 16.550000190734867 49.081500000000005 4 5 19.191000000000006 3.5000000000000004 21.750000000000004 5.5000000000000009 3.5000000000000004 72.990000000000009 29.301000000000005 49.304476190476194 -1.6500000357627866 76.711500000000015 15.050000190734865 124.03850000000001 2.5000000000000004 -2.0499999523162837 -1.8349999999999997 74.804583333333355 145.27400000000003 67.687500000000014 4.2345000000000015 48.073500000000003 73.395000000000024 13.949999809265138 39.895500000000006 66.022500000000022 6.5000000000000009 11.500000000000002 13.300000309944155 75.473500000000016 32.69850000000001 1.0000000180025095e-35 4.5000000000000009
decision_type=2 2 2 2 2 1 2 2 2 2 1 2 2 2 2 2 2 1 2 2 2 2 2 1 2 2 2 2 2 1 1 2 2 2 2 2 2 2 2 2 2 2 2 2 2 2 2 2 2 2 2 2 2 2 2 2 2 2 2 2 2 2
left_child=1 7 20 9 5 11 13 16 14 17 60 27 28 59 50 -15 26 18 -4 40 46 57 -12 -8 -25 34 53 36 38 -30 33 44 52 -5 42 49 -3 -19 -11 -22 43 58 -26 56 -32 -41 -2 51 -37 -28 -7 -20 -17 54 -1 -56 -16 -10 -13 -6 -9 -33
right_child=2 4 3 30 6 8 23 10 21 12 22 41 -14 15 19 32 -18 37 47 -21 39 -23 -24 24 25 -27 35 -29 29 -31 31 61 -34 -35 -36 48 -38 -39 -40 45 -42 -43 -44 -45 -46 -47 -48 -49 -50 -51 -52 -53 -54 -55 55 -57 -58 -59 -60 -61 -62 -63
leaf_value=0.5876211254802024 0.069611015273567042 0.15751382251188617 0.70053830559227337 -0.4922076015715911 0.65911209443944929 0.010648571777297666 0.28805197885899481 0.82518455233997168 -0.21120345796215673 -0.16263785675204012 0.081866590912911791 -0.26949391135164114 -1.0264621089865578 1.0418892743224786 0.1454551175848679 0.80519402728618172 1.1556412211241835 0.046704249397634116 -2.318815128485904 2.0753054003448921 0.28790893413305335 -1.627521221245305 -0.034856995186011 -1.7941669529376278 0.12772035947514931 -1.0489946617899217 0.10826122648735842 -0.14380046035102151 -0.54753545651265745 -1.5473472311901875 0.12207925202023849 -1.2256277267283637 -0.00051129960663158502 -1.2378704055791214 -0.47470865784739025 0.24319381855968883 0.75792371120314428 -1.018777590149307 0.28465015520911047 0.17549996839087514 -1.3326712661847926 -1.1623848350416399 1.3677095602252627 -0.37222694054141708 -0.1975933603332187 -0.068392937087090946 0.72456393426723198 -1.4684693679593304 0.0019438161755030326 0.58627795670126126 0.65604708394740097 0.23963027391734842 -0.0036586584197296546 0.79256499070191844 0.016952542741266376 0.16963960639828901 -0.67322473898772217 -0.48388421737861026 2.7664351486834091 1.3022576568813709 -0.16871694312923241 -0.99491394629529251
leaf_weight=2431.3414378911257 10393.518080800772 10698.123705863953 2383.4036888927221 4197.6476842164993 1734.5236778259277 6002.9469832628965 5329.244698241353 6112.4876004606485 7043.9674662202597 7415.5396016687155 6846.1918995678425 7382.3483706861734 7691.4895061403513 3915.693500071764 2321.4358571469784 3633.3675623089075 5686.9481634497643 1346.1639431416988 269.59518173336983 320.80810654163361 385.74350632727146 5357.6713636368513 7986.464273661375 2713.3839815855026 2610.3013314902782 1726.2424201965332 1702.1729516088963 4008.4076981395483 9123.9123137891293 3470.5967865437269 520.83897928893566 8395.2432913333178 6884.0710841417313 4036.880860298872 1899.2416834831238 2408.328589707613 5173.5985465347767 1431.7813805490732 4025.201997756958 319.39803819358349 2773.1003690958023 2653.1955154687166 759.94608968496323 3447.7358517050743 6975.2608420699835 3187.7689827531576 1422.3820142149925 530.23740416765213 3758.6097232848406 5747.8091849684715 2054.7797646969557 1425.1476533412933 1379.5977225750685 5832.4089811742306 2197.7828474342823 4531.9157460480928 246.97935652732849 3313.8349144160748 260.075075507164 2308.7976489216089 373.11695317924023 5964.8122774064541
leaf_count=8993 26922 31696 5868 8832 3753 14282 8520 14926 15946 18170 16911 15454 16608 6595 6856 6735 8073 3388 555 524 1021 11101 18394 4731 4293 2614 4542 10430 18759 6148 1499 17579 12535 8790 2354 7414 8255 3554 7653 856 4716 4849 1221 7237 15395 7615 2873 965 7464 13140 3967 2374 2360 12836 7567 11587 512 7355 268 4441 832 11855
internal_value=-0.000439526 0.00302705 -0.00670899 -0.00898677 -0.000387699 -0.00282646 0.00401943 0.00904121 -0.00624656 -0.00534786 0.00483491 0.000902361 -0.00698526 0.0079714 -0.00216307 0.00580166 0.0116555 0.00168534 0.00630071 -0.00641374 0.0033255 -0.010711 0.00187358 -0.00119878 -0.00407015 -0.00110262 0.0103585 0.00360052 -0.00496839 -0.00771458 -0.0137164 -0.0152747 0.00329085 -0.00954885 0.00221423 0.00747788 0.0052446 -0.00597188 -0.00194484 -0.00375664 -0.00743873 -0.00430657 0.00651719 -0.00470547 -0.01048 -0.00584349 0.00565893 -0.00239465 0.0035939 0.010692 0.00264293 0.00174308 0.00781838 0.0129741 0.0107784 0.00849131 0.000705424 -0.007808 -0.00212637 0.0164534 0.0115854 -0.0177874
internal_weight=238482 153569 84912.6 69203.8 97953.4 63059 34894.4 55615.6 32883.3 39113.1 21318.3 30175.7 31726.7 19856.1 17167.8 15812.7 34297.3 7386.33 4608.38 9110.06 15708.8 15715.5 14832.7 15038.4 9709.12 6995.73 28610.4 19880.1 24035.3 12594.5 30090.7 21856.2 11897 8234.53 5269.49 13616.9 15871.7 2777.95 11440.7 3892.91 8789.25 10295.6 3370.25 6016.15 7496.1 3507.17 11815.9 2224.98 6166.94 7449.98 8057.73 1694.74 5012.97 14993.4 9161.04 6729.7 2568.42 10357.8 7642.42 4043.32 6485.6 14360.1
internal_count=523558 336279 187279 147992 203600 143448 60152 132679 72496 84042 51063 70952 67338 36419 38094 28225 81616 16704 9762 19845 39287 34402 35305 23733 15213 10482 73543 50381 50730 24907 63950 46328 21630 17622 7868 32560 39951 6942 25823 9492 19321 20571 5514 14605 16894 8471 29795 3894 14878 17682 18249 2929 9095 40983 28147 19154 7368 23301 15722 8194 15758 29434
cat_boundaries=0 1 2 3 4 5 6
cat_threshold=12 12 12 8 8 8
is_linear=0
shrinkage=0.05


Tree=7
num_leaves=63
num_cat=0
split_feature=21 10 10 22 17 22 22 11 10 22 3 10 32 3 32 21 11 10 6 11 16 17 14 10 21 14 6 32 10 22 31 31 1 3 22 21 9 25 24 11 6 31 10 11 32 11 12 6 9 10 10 2 2 9 31 32 24 31 2 10 10 31
split_gain=1937.08 1151.52 542.631 465.341 484.861 322.325 290.162 259.362 200.077 199.464 189.064 187.863 178.608 167.567 156.408 154.543 136.71 126.911 122.249 119.293 116.737 113.591 111.438 107.548 88.4391 87.2766 84.4507 80.4966 79.4311 75.3058 73.2833 98.0007 72.5836 64.4528 63.5128 62.6553 60.7953 61.4695 60.4735 58.2604 63.0902 56.9565 56.738 65.0804 55.8056 54.6067 54.3131 51.705 51.2444 50.5488 50.0455 70.3653 46.8093 44.7015 43.3113 42.8613 40.3355 39.5871 41.923 39.5787 39.4538 39.3067
threshold=13.300000309944155 28.517475000000001 22.120675000000002 12.966666936874391 1.3499999642372134 15.666667024294538 17.033333172400795 32.556458333333339 136.91460000000004 18.333333412806194 1.5000000000000002 1.8047500000000001 73.395000000000024 11.500000000000002 77.485000000000014 17.850000143051151 43.828750000000007 14.923600000000002 5.5000000000000009 67.48937500000001 32.671875000000007 2.8500000238418584 23.62735416666667 95.503500000000017 9.3500001728534716 21.586488095238096 3.5000000000000004 81.855000000000018 70.546250000000015 19.800000230471294 75.473500000000016 61.875000000000007 6.5000000000000009 6.5000000000000009 22.466666618982952 15.850000262260439 117.52100000000002 28.750000000000004 2.5000000000000004 76.44154166666668 4.5000000000000009 39.972000000000001 81.790950000000009 85.436083333333343 77.547500000000014 69.503500000000017 18.585000000000004 5.5000000000000009 96.766000000000005 59.838500000000003 3.2985000000000002 2.5000000000000004 2.5000000000000004 100.31500000000001 27.737000000000005 67.537500000000009 49.500000000000007 45.699500000000008 4.5000000000000009 12.675125 108.62230000000001 38.727000000000011
decision_type=2 2 2 2 2 2 2 2 2 2 2 2 2 2 2 2 2 2 2 2 2 2 2 2 2 2 2 2 2 2 2 2 2 2 2 2 2 2 2 2 2 2 2 2 2 2 2 2 2 2 2 2 2 2 2 2 2 2 2 2 2 2
left_child=1 6 10 14 8 19 7 17 12 42 27 -12 28 23 16 22 20 24 49 35 -3 41 38 46 44 33 -9 57 61 -24 31 54 -23 -19 -11 -4 -25 -38 59 40 -17 -8 43 48 52 47 -14 -7 -6 -18 -34 -52 -1 -51 -16 -54 -26 -2 -59 -13 -47 -5
right_child=2 3 5 4 9 45 21 26 -10 34 11 15 13 -15 30 39 18 25 -20 -21 -22 32 29 36 56 -27 -28 -29 -30 -31 -32 -33 50 -35 -36 -37 37 -39 -40 -41 -42 -43 -44 -45 -46 60 -48 -49 -50 53 51 -53 55 -55 -56 -57 -58 58 -60 -61 -62 -63
leaf_value=0.42989846832237683 -0.24971213060046502 -0.055134775529685737 -0.41350191694342925 0.20518477775337091 -0.35073022084222566 -1.2779851310878381 1.6839324863902601 1.2185007261819529 -1.5142888379020041 -1.0306347787768624 0.07509387656084926 -0.079493051371699819 0.036179552322205759 -0.5970872193205109 -0.020204837128547218 -0.17953514512754559 0.80626845523455093 0.4245575509324363 -0.18811665799718782 -0.09806439289177743 -0.83271304833378468 -0.18367475969134958 0.3726474221449792 -0.012388539648555776 0.054541986890620231 0.42363082983687805 0.70806560049584544 1.9687348054533704 -1.9966534377447946 -0.13628168034565277 3.718325880847126 0.0023123740988738929 0.092380164251974914 -0.10016424634037224 -1.5829853134771354 -0.88447511798062095 1.0381526816275135 -0.35542106955368657 -0.025573992247151341 0.37005920264331649 -0.093251343469739859 0.095037934944848579 -0.92472496638495927 0.46324076047287205 0.8269181049682196 -0.84900166175890546 0.87208185619669853 -0.82825979109335535 0.44419726871839932 0.079215481554626557 0.22435644665266824 -0.11454942885052986 0.26902483670529298 0.6128240014664148 1.3382621407902724 0.066616981931513788 0.20135912076524934 0.26250206527102166 -0.095934814633847842 -0.40212463679282129 -2.8063647435479222 -0.68719336651936114
leaf_weight=5374.3181464523077 166.34839424490929 8960.0846643745899 6820.2193631231785 1808.427607178688 9366.2173426002264 10960.868580877781 1548.1306684762239 8409.6515233665705 1513.2261051982641 7966.5662213116884 3823.2974151074886 3577.9341978877783 527.00247338414192 862.19244247674942 723.7233738899231 5450.5981163978577 4103.0117366909981 1953.8530649244785 6308.2982072085142 7189.5398161709309 2181.5644312500954 2842.3056168407202 5189.6183369606733 2459.4063149094582 7682.1933283507824 4674.6381972432137 7989.4401289820671 1147.9224447011948 1191.6634189933538 1254.2888520210981 1285.5825107693672 3522.2956436276436 1621.4937595278025 4908.9749784916639 3916.3209301531315 8042.6101865172386 904.81370064616203 215.13357174396515 6382.4039249569178 764.18890538811684 3556.6674532443285 2529.7268980145454 7592.9861951470375 2173.6874462515116 2616.3199601471424 5787.9747929722071 4477.8548301458359 3452.3401274234056 1533.0096838772297 5499.1342952251434 2663.4681469798088 4250.274412587285 3134.6508682221174 3227.7346044182777 4477.8382981717587 5286.935716971755 5682.5541701614857 642.77980297803879 222.91440057754517 1273.4952629208565 2245.676300868392 683.2241590321064
leaf_count=13811 558 24256 15241 8511 21815 24281 3945 17206 2511 16276 10636 9516 1117 1509 1250 12845 9892 4675 13366 13417 3495 7003 10200 4031 20376 10225 16414 1931 2523 2434 1323 3701 4246 12477 7668 17313 1453 343 16177 1442 8268 7352 12271 3655 3800 10594 7600 7469 2705 10771 6453 10153 10597 5247 7285 12959 13841 2125 730 3125 3625 1764
internal_value=-0.00046694 0.00267125 -0.00693436 -0.00120019 -0.00456961 -0.0105513 0.00729991 0.00892929 0.00298638 -0.00796886 -0.00212287 -0.00311543 0.0049708 0.00861204 0.0027465 -0.00456178 0.000955247 0.00681725 0.00351859 -0.00625756 -0.00344776 0.00121531 -0.00177227 0.0107227 0.0085422 0.00236499 0.0142494 0.0121108 -0.00436747 0.00346896 0.00816465 0.00652081 -0.00135103 -0.00122417 -0.0131305 -0.00881512 0.00410322 0.0137541 -0.00477877 -0.00960763 -0.0107321 0.00837418 -0.00500043 -0.00300341 0.0110012 -0.0147691 0.015455 -0.016611 -0.00457886 0.00632055 0.000953747 -0.000900746 0.00973017 0.00416778 0.010881 0.00740199 0.00552189 0.00197358 0.00627064 -0.00898589 -0.0114628 0.000711525
internal_weight=238602 160650 77951.7 87481 47191.7 44499.2 73168.9 57713.5 14642.9 32548.8 33452.5 31272.5 13129.7 9446.4 40289.3 27449.2 30279.8 41314.4 19138.2 22052.4 11141.6 15455.4 17677.7 8584.21 29777 11537.5 16399.1 2179.97 3683.32 6443.91 10009.4 8723.86 11377.5 6862.83 11882.9 14862.8 3579.35 1119.95 11233.8 9771.45 9007.27 4077.86 20665.9 13072.9 16412.2 22446.9 5004.86 14413.2 10899.2 12829.9 8535.24 6913.74 13795.9 8726.87 5201.56 8421.59 13364.7 1032.04 865.694 4851.43 8033.65 2491.65
internal_count=523798 351871 171927 176338 95752 91940 175533 136381 31362 64390 79987 74643 28851 16053 80586 64007 67027 102761 39276 45971 27751 39152 41452 14544 75384 27377 33620 5344 12798 12634 13559 12236 27855 17152 23944 32554 5827 1796 28818 22555 21113 11297 40446 28175 41167 45969 8717 31750 24520 25910 20852 16606 37367 16018 8535 23556 34217 3413 2855 12641 14219 10275
is_linear=0
shrinkage=0.05


Tree=8
num_leaves=63
num_cat=4
split_feature=21 10 10 0 22 3 22 0 7 21 22 14 10 22 7 3 22 22 32 10 17 10 32 10 10 21 32 22 32 10 3 17 10 3 2 32 5 2 0 22 17 31 32 10 31 2 7 5 32 17 2 31 3 10 6 10 32 31 32 1 3 0
split_gain=1813.91 893.266 600.783 464.902 491.348 334.398 504.425 296.572 247.742 189.469 144.355 141.657 131.917 129.291 115.869 109.497 103.326 100.728 93.3687 92.7087 91.8893 91.604 119.03 91.4382 90.8895 87.4942 84.1101 78.991 78.2764 72.0461 98.8066 71.9433 71.9264 70.8681 65.0578 65.3347 64.3759 61.4227 57.8573 58.5627 55.8225 55.4226 55.2599 54.6986 53.5411 53.3511 52.7673 52.309 51.8108 49.894 49.4574 49.026 48.9513 48.822 48.2096 46.705 46.3788 45.6145 45.2981 45.2875 44.8559 44.5798
threshold=12.199999898672106 28.517475000000001 21.346000000000004 0 15.299999952316286 1.5000000000000002 16.600000103314724 1 33.721000000000011 17.750000119209293 17.033333172400795 92.35045238095239 57.78990000000001 12.133333404858908 25.885000000000002 5.5000000000000009 20.866666873296108 15.566666364669802 77.547500000000014 136.91460000000004 -2.0499999523162837 130.10275000000004 70.850000000000009 1.8047500000000001 7.6980500000000012 15.625000000000002 72.990000000000009 22.466666618982952 79.885000000000005 14.606375000000002 6.5000000000000009 2.0499999523162846 65.806900000000013 7.5000000000000009 3.5000000000000004 67.847500000000011 1.0000000180025095e-35 1.5000000000000002 2 17.16666674613953 18.550000190734867 28.907500000000002 79.312500000000014 80.786650000000023 49.169000000000004 4.5000000000000009 50.505000000000003 1.0000000180025095e-35 69.287500000000009 3.6499999761581425 5.5000000000000009 43.216500000000003 1.5000000000000002 3.2985000000000002 4.5000000000000009 83.933975000000018 73.395000000000024 27.780000000000005 77.485000000000014 6.5000000000000009 1.5000000000000002 3
decision_type=2 2 2 1 2 2 2 1 2 2 2 2 2 2 2 2 2 2 2 2 2 2 2 2 2 2 2 2 2 2 2 2 2 2 2 2 2 2 1 2 2 2 2 2 2 2 2 2 2 2 2 2 2 2 2 2 2 2 2 2 2 1
left_child=1 8 9 4 32 19 7 13 10 14 18 12 40 26 24 21 58 -10 29 28 -11 22 37 -22 -2 -5 36 -17 -3 34 -31 -19 46 52 51 -36 -7 -8 39 -25 -9 45 44 -28 -24 -30 -4 -16 -15 -18 57 -1 -20 -12 -40 -50 -13 -35 -6 -33 -60 -34
right_child=2 5 3 25 16 6 15 11 17 20 53 56 -14 48 47 27 49 31 33 -21 23 -23 42 38 -26 -27 43 -29 41 30 -32 59 61 50 35 -37 -38 -39 54 -41 -42 -43 -44 -45 -46 -47 -48 -49 55 -51 -52 -53 -54 -55 -56 -57 -58 -59 60 -61 -62 -63
leaf_value=0.20631871882728198 0.028325238822377655 -0.27991899463444575 -0.0011821377240365362 -0.78500782408911829 -0.9515619963601335 0.26661347547460384 0.15155514306849077 -0.062989769045552521 1.1034474135779477 0.2348121796130708 0.09129069846495233 -0.1159101707653527 -1.1167588620839801 -0.29684524307313737 0.36516048356046105 -0.7792707128004881 -0.60474703058067192 1.7868802469191323 3.8138847289230444 -0.75312567388965901 0.048484704706472613 -1.4878383104142185 0.51096260953910699 0.28404707525187994 -0.1204963966951309 -1.1197803258015926 1.2086035653625389 -1.4692618312817913 -0.061894986103136464 0.52475253323348292 -0.051336891104236407 -0.24677862522721081 -0.04324183160101186 -0.095507902455515381 0.1699405979007137 0.024205520259750958 -1.4768687688109459 -0.94277609614915336 -0.16418956314370758 -0.17051564707464725 -0.66334040617810108 0.95530836487653525 -0.25963001561823856 0.47502106871947247 -1.5875419111062183 0.78384178421672646 0.67567176523444594 -0.38817594378816694 0.46388774832618085 -1.5729991973406396 0.12994222414481402 0.63333583620712064 -0.094635052782632914 -0.035932856867630238 -0.089444837643911423 -0.14738119571802297 1.0412200871765329 0.9943752384311294 0.55251395195516062 0.35232008028968043 -0.66193323813432547 -0.75243092239521392
leaf_weight=9008.9223220646381 11493.522885978222 899.18884289264679 5800.2003427296877 9377.7879914194345 8230.9275066405535 11814.797183290124 1263.9153436422348 8080.2115440815687 9875.1682411730289 845.57286374270916 1873.0621434301138 576.91769444942474 5348.6371100842953 4581.7744841724634 6349.8880800306797 8727.0763224065304 1530.978737026453 1165.4333924204111 253.53491312265396 504.58312359452248 1332.4533258080482 1299.4689027667046 2013.0283033549786 1386.0066661834717 10150.439694285393 9478.4725169241428 4619.0618405342102 3079.5000876635313 1020.5260267853737 4178.2068333625793 5332.4930777698755 724.98837113380432 5389.8281812667847 320.88048678636551 4985.7421452850103 6494.3468667417765 438.02300342917442 2958.6025852262974 4312.8001515269279 1462.6307774931192 621.35039579868317 4100.1494557261467 366.35534480214119 4739.8084959387779 240.10050240159035 453.33704721927643 3611.1078716665506 246.59601368010044 4728.5012677460909 5688.9200179725885 1010.1980976462364 3249.0251251161098 924.74785315990448 8034.9879315793514 2730.0979360789061 4557.6286712139845 878.57918101549149 4550.7986596822739 405.62184250354767 2205.8891251832247 2740.0258176326752 3591.3665937632322
leaf_count=26132 30563 3184 14018 18988 19095 28949 4331 17936 20591 2230 5257 889 9340 13784 13293 14672 3454 3113 425 952 3611 2152 3092 3189 24077 18518 6875 5128 1695 10259 14656 1329 10435 557 16036 15363 1027 10803 9772 3647 1290 6661 606 6358 600 753 8150 484 7693 12068 1212 6113 1764 20609 6091 6576 1377 5897 672 4492 3799 6369
internal_value=-0.000506123 0.00308265 -0.00580964 -0.0091674 -0.00590442 -0.000515619 -0.00154306 0.00109434 0.00745013 -0.00115771 0.00581145 -0.00467223 -0.00621354 0.00361487 0.00108333 -0.0082837 -0.0116368 0.0133391 0.00714051 0.00992762 -0.00640095 -0.00382204 -0.00150971 -0.00759854 -0.000684836 -0.0155561 0.00603363 -0.0113597 0.0115369 0.00603129 0.00235388 0.00674501 -0.000111336 0.0123626 0.00750449 0.00479904 0.00330709 -0.00670345 -0.00925482 -0.0031989 -0.00241459 0.0137449 0.00686179 0.00960253 0.00979026 0.00542429 0.00294298 0.00688415 -0.000152071 -0.0163155 0.0146044 0.0100377 0.0011691 0.000404264 -0.0116823 0.00199462 0.0101683 0.016692 -0.00866644 0.00256434 -0.00356137 -0.0033119
internal_weight=238255 142100 96155.2 55845.2 36989 77911.1 70933.3 50985.3 64188.4 40310 50216.9 15505.7 14050.2 35479.6 28240.4 19948 18596.5 13971.5 40308.9 6977.78 12069.6 8141.47 6842 11224 21644 18856.3 21611.7 11806.6 6473.2 33248.7 9510.7 4096.31 18392.5 7060.16 23738 11480.1 12252.8 4222.52 9891.54 2848.64 8701.56 5574.01 2619.48 9358.87 2253.13 1473.86 9411.31 6596.48 13867.9 7219.9 5881.88 12257.9 1178.28 9908.05 7042.9 9286.13 1455.5 4871.68 11376.6 2930.88 3145.65 8981.19
internal_count=523051 310528 212523 115566 78060 156723 143478 102094 153805 96957 124280 30832 28566 71262 68417 41384 39088 29525 98414 13245 28540 21584 19432 26310 54640 37506 43209 19800 12293 88559 24915 8934 38972 9855 63644 31399 29976 15134 22699 6836 19226 9109 4298 13233 3692 2448 22168 13777 28053 15522 7666 32245 2189 25866 15863 14269 2266 6454 23566 5821 4471 16804
cat_boundaries=0 1 2 3 4
cat_threshold=12 12 12 8
is_linear=0
shrinkage=0.05


Tree=9
num_leaves=63
num_cat=3
split_feature=19 8 8 21 0 21 22 22 7 17 3 32 21 8 14 0 12 17 8 8 3 8 8 17 21 8 6 12 22 8 13 8 8 32 32 8 12 7 7 7 25 32 8 8 22 32 22 14 3 8 0 3 7 8 32 32 14 1 3 16 17 14
split_gain=1679.15 847.576 672.638 480.114 358.375 340.035 253.62 246.191 199.561 191.2 186.528 139.351 136.039 134.633 115.048 109.156 108.321 98.9775 127.513 96.8437 92.5409 92.2021 87.1813 84.0125 81.9781 80.5376 78.5329 77.0275 76.0727 75.2293 73.5009 72.9689 71.1794 62.3217 58.7872 55.6213 55.5081 53.2446 50.5371 49.2007 49.1925 57.0396 48.7841 48.2417 47.5959 46.5275 46.5758 45.802 44.5555 45.958 43.2511 43.2253 42.306 41.9879 41.7675 40.8295 40.6873 39.061 38.0492 45.4593 37.9827 37.7587
threshold=13.84999990463257 14.867500000000001 4.8685000000000009 15.549999833106996 0 9.1499997079372424 12.866666555404665 19.533333222071331 24.088500000000003 2.0499999523162846 1.5000000000000002 72.990000000000009 9.6499997079372424 69.835000000000022 92.35045238095239 1 37.773500000000006 -11.550000190734862 54.662500000000001 94.848500000000016 1.5000000000000002 59.144000000000005 47.048500000000004 2.5499999523162846 18.250000119209293 3.7615000000000003 4.5000000000000009 38.235000000000007 14.53333353996277 88.996500000000012 117.12600000000002 98.172500000000014 63.821500000000007 77.547500000000014 79.885000000000005 38.749000000000002 57.306500000000007 64.822500000000005 92.001000000000019 25.885000000000002 25.849999427795414 73.395000000000024 31.215000000000003 61.366000000000007 22.333333412806194 77.637500000000017 19.800000230471294 7.1696972049689434 1.5000000000000002 -1.8349999999999997 2 11.500000000000002 89.663500000000013 2.0010000000000003 72.767500000000027 77.637500000000017 39.912717261904767 5.5000000000000009 11.500000000000002 6.0433333333333339 13.84999990463257 7.1696972049689434
decision_type=2 2 2 2 1 2 2 2 2 2 2 2 2 2 2 1 2 2 2 2 2 2 2 2 2 2 2 2 2 2 2 2 2 2 2 2 2 2 2 2 2 2 2 2 2 2 2 2 2 2 1 2 2 2 2 2 2 2 2 2 2 2
left_child=1 8 24 7 6 10 11 15 12 31 34 32 33 16 -15 19 42 -7 27 23 -8 56 -17 -4 45 -14 30 55 -10 52 -5 50 39 53 -6 -28 -24 -34 -25 -3 41 -16 57 -11 -32 46 -2 -27 -26 -50 -9 -44 -22 -1 -37 -19 60 -12 59 -23 -13 -55
right_child=2 4 3 26 5 17 20 9 28 43 13 21 25 14 40 22 -18 18 -20 -21 29 58 36 38 48 47 35 -29 -30 -31 44 -33 37 -35 -36 54 -38 -39 -40 -41 -42 -43 51 -45 -46 -47 -48 -49 49 -51 -52 -53 -54 61 -56 -57 -58 -59 -60 -61 -62 -63
leaf_value=0.17143808131819549 0.084563803621395595 0.0055616970939209032 0.75932596336971114 -0.60020747502269012 -0.89506126317566059 0.30038054461840963 0.49671967769742081 0.60623443336647753 1.0993233326216925 -0.41786628218981775 -0.11028551506443229 1.0977994579052637 0.098132868684578323 -1.1671883966655039 -1.5495255302015509 -0.093231208394678966 0.90267939763336347 -0.36202754478603211 -1.6141141385548199 -0.41725336372334731 -0.14800016358081117 0.94764576413824708 -1.3065202667175972 -0.012309369908664936 0.25320134305059033 -0.073834007560997811 -0.17778393263236147 0.50320452097659707 0.37037479977930704 -0.93536911433203729 -0.48536410008855857 -0.48666020926279718 -0.57550959684293812 0.80102904291489507 1.4772946531958819 -1.6749634379748963 0.015310240480782689 0.12552391551680198 0.86374390869006668 0.47172448233311237 -0.41782864765668415 0.54096860748049891 -0.1024912676063293 -2.3169955758680953 -1.3977361548156975 0.49907367805953656 -0.033335165040034323 0.053202207783901903 0.16179048408156141 -0.049608958079051968 -0.11382897898026774 -0.85243997544962458 0.45246205580578025 0.030975857870992298 -1.0860380276891661 -0.088922263777660993 1.453955531382469 0.18150620369416237 -0.94139992129952921 0.34800055010857006 -0.39302886725576253 0.26358253303655477
leaf_weight=4305.595820710063 8161.9439415931702 3327.9203625321388 1029.1959777325392 12503.909911721945 171.77315549552441 1121.0570864230394 1457.1189013123512 1181.5372474938631 9454.0573444366455 5043.1769070625305 1713.6817888766527 603.99392384290695 8891.8881109952927 3678.8231737464666 472.9488046169281 10770.017966657877 2062.7892936766148 8319.7238390445709 6040.7980328649282 6678.7904738336802 8190.6248940378428 1344.8666326701641 4794.2372884899378 7850.750171661377 362.16021746397018 2206.7601839751005 5756.4247853159904 904.29551477730274 4169.1507860869169 4666.1811833828688 3177.7453612238169 1530.6862345635891 3296.0408472716808 3355.0817848145962 2211.1646837592125 2991.2224577218294 1033.3643063753843 6095.342455431819 2100.8285752236843 7364.7606892287731 600.01358813047409 1004.4346019625664 5060.6063565462828 4686.3216803222895 801.98030872642994 2309.5648954808712 2334.0520187914371 7948.8258467316628 381.30493821203709 3669.9742946326733 716.18598857522011 336.78483608365059 1537.2262440919876 3596.5938983857632 2790.491174608469 3305.7733381390572 4627.3846024572849 5072.5475924611092 409.40914541482925 7410.2297478914261 515.75920355319977 9095.5575355887413
leaf_count=13001 22403 10476 2493 27872 641 2099 2871 2804 20181 12573 3792 1154 23285 6386 729 23970 5546 21159 11264 11633 19411 1986 9532 19692 789 6293 12868 2272 8627 7569 5909 2592 8465 4704 3606 6681 1943 12784 3831 19614 950 1576 10852 8804 1657 3078 6762 18067 1035 8903 1799 670 2642 10126 4417 4159 7576 11199 715 10581 617 22043
internal_value=-0.000548464 0.00279359 -0.0058127 -0.00784801 -8.46959e-05 -0.00349757 0.00273971 -0.00478137 0.0078377 -0.0105945 0.000717287 0.00511679 0.00603374 -0.000858295 -0.00731096 -0.00254834 0.00174922 -0.0082906 -0.00916158 0.000189301 -0.00250659 0.00877832 -0.00545781 0.00307699 0.00310403 0.0029965 -0.0130367 -0.00628394 0.0130542 -0.00372227 -0.0152517 -0.000440662 0.00239794 0.00887589 0.0139377 -0.0098712 -0.0103869 -0.000778196 0.00166973 0.00518735 0.00209523 0.00699773 -4.51147e-05 -0.0141721 -0.00932972 0.00512929 0.00371484 -4.584e-05 -0.00277211 -0.00427513 0.00610915 -0.00359242 -0.00121847 0.00764583 -0.0133352 -0.0073774 0.0137429 0.00277633 0.00566382 0.00636074 0.00518473 0.00619756
internal_weight=238603 145948 92655.9 75436.9 92924.1 42077.2 50846.9 47415.1 53023.5 13157.9 22385.6 34995.7 39400.3 20002.6 5756.22 34257.2 14246.4 19691.6 18570.6 17659.6 15851.2 14911.6 16597.6 10980.8 17219 19047.5 28021.8 12529.8 13623.2 14394 16483.6 3428.41 20084.1 20352.8 2382.94 11538.1 5827.6 9391.38 9951.58 10692.7 2077.4 1477.38 12183.6 9729.5 3979.73 12805.6 10496 10155.6 4413.44 4051.28 1897.72 5397.39 9727.85 16997.7 5781.71 11625.5 5747.14 6786.23 9164.51 8755.1 1119.75 12692.2
internal_count=523728 319688 204040 161070 193361 86900 106461 101666 126327 28572 45947 73968 97519 41700 9641 73094 32059 40953 38854 37649 32493 22629 35445 26016 42970 47645 59404 27590 28808 29622 35438 7195 51339 49874 4247 23966 11475 21249 23523 30090 3255 2305 26513 21377 7566 32243 29165 24360 10727 9938 4603 11522 22053 45170 11098 25318 9347 14991 13282 12567 1771 32169
cat_boundaries=0 1 2 3
cat_threshold=12 8 12
is_linear=0
shrinkage=0.05


Tree=10
num_leaves=63
num_cat=5
split_feature=21 10 10 0 19 7 10 7 21 21 10 12 17 10 9 10 17 10 9 14 0 10 18 10 4 1 0 4 0 19 17 10 19 12 10 12 18 17 0 9 14 5 14 19 10 11 1 23 13 7 5 1 10 12 20 21 10 10 14 23 23 9
split_gain=1582.98 668.907 656.781 495.811 393.591 216.173 221.792 210.806 189.483 139.39 121.129 109.331 103.442 99.8593 96.4607 95.1393 91.0633 86.3625 107.272 79.0655 77.9006 77.827 75.8803 78.6358 75.6883 74.7828 74.0976 71.768 70.1823 114.806 67.1901 63.8527 61.9116 60.0915 58.6257 58.4931 58.3192 58.3101 58.3052 55.964 55.9065 57.4912 53.8036 49.0283 46.123 45.6541 45.2802 43.1273 42.9282 39.8384 39.393 38.9009 38.8454 41.1325 38.7198 38.1373 38.0816 37.8368 36.9926 36.7079 36.4302 34.0297
threshold=11.000000089406969 31.923674999999999 18.870750000000005 0 14.449999809265138 77.416000000000011 133.42172500000001 34.716500000000011 17.750000119209293 15.625000000000002 80.786650000000023 21.226500000000005 2.3500000238418584 14.923600000000002 102.89900000000002 43.852150000000002 3.3500000238418584 93.04887500000001 126.37750000000001 41.202827380952385 1 2.1315000000000004 18.250000000000004 2.2650000000000001 1.0000000180025095e-35 5.5000000000000009 2 1.0000000180025095e-35 3 23.44999980926514 4.9500000476837167 45.567025000000001 13.34999990463257 39.905000000000008 63.524125000000005 22.425000000000004 19.149999856948856 -6.0499999523162833 4 38.292500000000011 6.0830654761904777 1.0000000180025095e-35 7.571636904761907 21.550000190734867 83.933975000000018 76.44154166666668 5.5000000000000009 11.449999809265138 16.291500000000003 51.88150000000001 1.0000000180025095e-35 4.5000000000000009 36.706675000000004 27.425000000000001 77.500000000000014 6.6500001400709161 99.401200000000003 53.23787500000001 64.808333333333351 14.84999990463257 16.650000572204593 117.52100000000002
decision_type=2 2 2 1 2 2 2 2 2 2 2 2 2 2 2 2 2 2 2 2 1 2 2 2 2 2 1 2 1 2 2 2 2 2 2 2 2 2 1 2 2 2 2 2 2 2 2 2 2 2 2 2 2 2 8 2 2 2 2 2 2 2
left_child=1 7 8 4 15 10 12 13 11 31 14 21 17 27 26 49 56 -7 -19 39 50 -2 23 -10 -9 48 30 42 29 57 -3 35 -32 -33 -14 54 -28 -27 43 -15 -39 -42 -1 61 -22 -25 -44 -12 -23 -4 -17 -41 53 -11 -5 -29 -6 -18 -16 -8 -26 -36
right_child=2 5 3 9 16 6 59 24 22 52 47 -13 34 19 58 20 28 18 -20 -21 44 25 -24 45 60 37 36 55 -30 -31 32 33 -34 -35 38 -37 -38 40 -40 51 41 -43 46 -45 -46 -47 -48 -49 -50 -51 -52 -53 -54 -55 -56 -57 -58 -59 -60 -61 -62 -63
leaf_value=0.079141515977877802 0.068982279425130494 0.32503181223439975 0.14058351773465938 -0.53478663079178579 0.068586700964021197 0.74949697129275938 -0.48357155530373702 1.7924742188573513 0.033545386104122124 -0.5488513295710008 -0.57343005532800884 0.50143473973591401 0.80638530519736684 -0.038279807708027025 0.3218587480203709 0.22123620864335122 0.016927460225626547 0.017878590871906186 1.1205034213875404 0.72721888872523932 -0.15709626518610445 -0.12870339407119308 0.3267462815438128 -0.11706453843615293 0.50075920844296062 0.47614077053923176 -0.32143701464187147 0.20065388035016724 -1.0102518213951854 -1.3745466655260756 0.072508753023442549 -1.6515615351738615 -0.57538529091717605 -0.66800211752090721 0.11051685766926891 0.040166994087000446 0.16229037640096619 -0.05069425288684986 -0.90736983596420517 -0.17430503882213111 0.073823858308180737 -0.28521505171488976 0.29903906818103815 -1.0217024351640653 -0.93237566574874386 0.33107081338221045 0.59297406713484158 -1.4050565501581673 -0.041101775162602751 0.94148639753641761 -1.7433012256376903 0.60117133558200964 -1.7409294238579773 -0.013078191760626324 -0.25965234612277904 0.035413034850092805 -1.7268515700705855 -0.86056246338202846 1.3424094650004865 -1.8939929872827463 -0.16536502437934641 0.85926149980716515
leaf_weight=5730.7989591658115 4650.1207031905651 3724.8569587618113 5241.1686971485615 3524.9525098204613 2786.2661322206259 4354.2541345059872 3689.6729896068573 6838.2024035155773 1687.1559206396341 4276.2398330271244 5715.4994412958622 3954.0270476490259 3654.2708862870932 9344.3876215219498 2037.4915041923523 6649.9689380526543 2597.418878108263 3703.7059415727854 1127.0220005810261 2998.3272782862186 5178.0262721329927 2491.4974763393402 619.39510801434517 8236.9479714483023 5956.6571527272463 892.52723221480846 8221.2733061611652 3502.2261264175177 6822.2141419947147 4594.3797765672207 5955.8496755212545 4780.7774741649628 3819.8088129609823 1876.3723296821117 6429.5873064994812 1564.5409764945507 1541.234987065196 3469.6910455822945 1280.6719931364059 535.09532602131367 14344.37668903172 742.94993829727173 5265.122051730752 1096.8010305464268 3592.7985317856073 699.98639579117298 7806.5050453096628 2953.036246150732 3773.3020606786013 1963.880830258131 299.58630964159966 2237.4915481805801 5635.3494194746017 481.22950917482376 3130.0512808710337 7455.0791561603546 972.27523756027222 5565.0517790913582 1202.3958528488874 862.45241406559944 439.16221271455288 1914.9689504057169
leaf_count=16136 12908 11157 13082 7282 6988 8403 5480 15116 4499 8807 10205 7764 6513 23746 4013 13793 6086 6182 1827 5676 10285 6198 1615 19246 11987 2463 17943 8362 13872 10065 12908 8602 9576 3989 11050 3554 5161 9745 1764 1184 34153 1707 13130 2069 6017 1337 18688 5367 8961 4310 647 4920 10545 1043 6904 18762 1963 11071 1919 1373 870 2842
internal_value=-0.000557095 0.00344366 -0.00470474 -0.00769327 -0.00461313 -0.000112881 0.00315564 0.00731692 -1.26797e-05 -0.0133248 -0.0027255 0.00183295 0.00510771 0.00568126 -0.00104726 3.90496e-05 -0.00918493 0.00925225 0.00464775 0.00237151 -0.00214155 0.000814414 -0.00564575 -0.00663779 0.0128624 -0.000262132 -0.00217305 0.00736219 -0.0105533 -0.00833873 0.000228424 -0.010225 -0.0019488 -0.0138651 0.00245931 -0.00727552 -0.00548833 0.00126822 0.000595037 0.000572359 0.000667459 0.00198359 0.00923661 0.0019555 -0.00527084 -0.00850668 0.0110076 -0.00785581 -0.00501267 0.00479644 0.001813 0.00680922 -0.0177734 -0.0144397 -0.00932037 0.00414518 -0.00205576 -0.00478566 0.00703431 -0.00694696 0.00895018 0.00326405
internal_weight=238488 121394 117095 71532.5 46263 63284.9 28113.4 58109.1 45562 25269.5 35171.4 34318.5 23561.3 44875 26502.9 22925.4 23337.6 9184.98 4830.73 15115.3 15720.4 30364.5 11243.5 10624.1 13234 25714.3 23263 29759.7 19579.1 12756.9 13500.5 14876.7 9775.66 6657.15 14376.3 8219.54 9762.51 19449.5 10722 12117 18557 15087.3 18802.4 9441.36 8770.82 8936.93 13071.6 8668.54 6264.8 7205.05 6949.56 2772.59 10392.8 4757.47 6655 10957.3 3758.54 8162.47 3239.89 4552.13 6395.82 8344.56
internal_count=523830 264329 259501 148905 98179 125752 47503 138577 110596 50726 78249 83899 40650 110604 62677 48134 50045 16412 8009 35526 30742 76135 26697 25082 27973 63227 56745 75078 41094 27222 33641 30331 22484 12591 24238 17740 23104 48068 17725 29850 45605 35860 47954 15961 16302 20583 31818 15572 15159 17392 14440 6104 20395 9850 14186 27124 8951 17157 5932 6853 12857 13892
cat_boundaries=0 1 2 3 4 5
cat_threshold=12 8 12 8 12
is_linear=0
shrinkage=0.05


Tree=11
num_leaves=63
num_cat=5
split_feature=21 10 22 17 10 0 22 0 22 12 10 22 32 21 3 0 17 17 3 32 10 31 10 10 10 10 10 12 32 3 31 1 5 14 10 22 17 9 11 12 17 2 10 30 2 6 17 9 10 12 31 2 10 6 0 0 31 3 3 5 21 10
split_gain=1517.69 822.189 399.213 394.291 327.115 303.604 303.136 297.654 300.548 259.947 188.352 160.857 152.941 138.91 127.031 123.967 119.294 109.158 107.24 104.819 99.0589 96.7599 96.7407 95.6535 91.5217 89.2315 89.2176 85.1677 82.0637 73.6205 72.6671 67.9286 67.816 77.4735 63.6162 63.2927 62.9938 58.5526 58.4682 58.3291 57.8214 57.1192 62.3057 55.7505 54.5812 53.4295 53.3007 52.9447 52.1611 52.1324 49.8055 49.5122 47.4983 44.3955 43.7952 43.5345 43.1129 42.4289 41.6094 39.9736 39.7841 39.4956
threshold=14.35000002384186 32.785725000000006 13.333333412806196 1.3499999642372134 13.746 0 17.033333172400795 1 17.16666674613953 28.602500000000003 136.91460000000004 21.233333190282192 73.395000000000024 8.3000000864267367 11.500000000000002 2 2.5499999523162846 -1.2499999999999998 2.5000000000000004 68.132500000000007 17.878350000000001 58.494000000000007 43.257750000000001 1.8047500000000001 93.04887500000001 45.002200000000009 86.247850000000014 27.425000000000001 77.547500000000014 1.5000000000000002 75.473500000000016 6.5000000000000009 1.0000000180025095e-35 22.965565476190477 81.790950000000009 15.299999952316286 11.949999809265138 117.52100000000002 85.436083333333343 34.130000000000003 12.550000190734865 2.5000000000000004 2.9331499999999999 50.500000000000007 1.0000000180025095e-35 4.5000000000000009 9.3499999046325701 100.31500000000001 57.78990000000001 18.585000000000004 38.727000000000011 1.5000000000000002 53.914850000000008 4.5000000000000009 3 4 31.428000000000001 1.5000000000000002 9.5000000000000018 1.0000000180025095e-35 17.750000119209293 19.424525000000006
decision_type=2 2 2 2 2 1 2 1 2 2 2 2 2 2 2 1 2 2 2 2 2 2 2 2 2 2 2 2 2 2 2 2 2 2 2 2 2 2 2 2 2 2 2 2 2 2 2 2 2 2 2 2 2 2 1 1 2 2 2 2 2 2
left_child=1 6 5 10 17 19 9 8 22 13 12 34 26 28 24 36 39 57 47 -3 43 44 -6 -19 49 27 -4 60 46 -10 40 -18 33 45 38 -35 -15 -26 54 -8 51 -33 -43 56 -20 -25 -1 -7 -46 -14 -39 -21 -53 -11 -5 -24 59 -2 -23 -17 -9 -48
right_child=4 2 3 11 7 18 16 25 29 53 -12 -13 14 15 -16 20 31 23 21 30 -22 58 55 32 37 -27 -28 -29 -30 -31 -32 41 -34 35 -36 -37 -38 50 -40 -41 -42 42 -44 -45 48 -47 61 -49 -50 -51 -52 52 -54 -55 -56 -57 -58 -59 -60 -61 -62 -63
leaf_value=0.55491142445410779 0.71681065662504517 -0.0082228379709277325 0.0044364292167600626 -0.2687948118195797 0.25414040651171954 -0.097961371041633785 0.12965710854764675 -0.37952777769016471 0.047654540265053981 1.1812235061206537 -1.4718190445353705 -1.4323210316616333 -0.2341878318642987 0.84183157019759003 -0.69627511536084563 0.60836782551914637 -0.18646058827835801 0.049469267404888821 -0.0059294137693517435 1.157576448177053 -0.12869249716661332 0.21781961702089575 -0.17756658043811058 -0.088325880651448779 -0.0076379082206144535 -1.9213350254819574 -2.3051367850377531 0.056793001206141551 0.84054078376940788 -1.029239374578659 3.5631194671863633 0.13235558169323453 -0.31167656425287094 0.48845656516530928 -1.2006427367339723 -0.070083307658553334 0.24762258897858025 0.9790395531225049 0.19435368936239686 2.1805590024051407 0.23626910717399366 0.062279073993220961 -0.12895316332245121 0.15320501282293666 -0.36979376352399285 -0.030101550281377884 0.14348968473707119 1.454470622135934 -1.7430846862658371 0.78606508704624278 -0.10051548907491835 0.81249319356504413 0.22410962234981244 0.55078809929048345 -0.52997332583600065 -0.72226229045070223 0.0098424888445928903 0.032589327072828404 -0.32292655841775791 -0.39677203519983967 -0.50628023322165372 -0.0065611541912269818
leaf_weight=7698.300378292799 902.93150246143341 8492.420312717557 2559.3521721810102 8114.3305481225252 5124.8100231140852 1196.323341101408 4130.0911451727152 5320.6555485278368 899.75650356709957 5819.7231674194336 1585.4032010734081 5985.1860179305077 515.04334846138954 4132.9583863317966 743.41377681493759 1080.8490463197231 3619.9863966107368 2947.5940105319023 1172.1054302453995 3217.9914902001619 6231.1852529942989 1813.5058215856552 5612.17235635221 5456.282821431756 2864.0261117219925 5828.3931498378515 987.77770683169365 1049.6631670147181 4882.3891456723213 10197.843264892697 788.25642013549805 3893.302737608552 779.78735896945 2099.2154414504766 10362.097838625312 3131.0426135063171 6353.2851932048798 776.84719234704971 2706.7830505520105 721.17611712217331 11352.109273165464 1334.7324544787407 5660.6713351160288 7510.9696581065655 3449.1626242101192 3891.5600123852491 8487.766045987606 926.9830069988966 2649.8412678539753 4065.2761963009834 365.8316967189312 1874.3845636248589 4387.4697604179382 1811.3232160955667 4666.4913465380669 4497.8519839793444 11321.344293743372 1128.453148201108 188.8342416882515 131.93331179022789 4422.2737101018429 2763.040509685874
leaf_count=19657 1951 24464 10356 20042 12297 3255 11400 11215 2141 11511 2644 11772 1071 11723 1302 2408 8746 8023 2805 5971 12960 1917 11647 14038 4700 10778 1808 2271 6617 21662 812 9612 1605 4147 16852 6278 16450 1233 4546 1968 16813 3479 13434 17212 7819 9721 22838 1479 4912 6914 598 3921 8232 3645 8837 8627 28052 3506 190 246 9264 7424
internal_value=-0.000616899 0.00177815 -0.00164085 -0.00483308 -0.00725407 0.00191966 0.00520581 -0.00972743 -0.0064119 0.00677274 0.00201258 -0.0079431 0.00401494 0.00567729 0.00737444 0.00374962 -0.000316146 -0.00202988 -0.00502854 0.00454958 0.00191237 -0.00735366 -0.001855 -0.00325028 0.00909126 -0.0149666 -0.00482155 -0.0122812 0.00865064 -0.0126727 0.00639987 -0.00258572 -0.00483369 -0.00406447 -0.00623245 0.000808406 0.00834298 0.00357088 -0.00420312 0.00647062 0.00583532 -0.000612821 -0.0033143 0.00362472 -0.0100336 -0.00679072 0.00716062 0.00510135 -0.0119324 0.0139185 0.0131347 0.00871784 0.0061258 0.0154692 -0.00561684 -0.00469159 0.00158326 0.00896374 0.002378 0.0105387 -0.013739 0.00496634
internal_weight=238683 175392 87807.2 46297.9 63290.3 41509.4 87585 42953.4 26332.4 68225.1 14463 31834.9 12877.6 60594 9330.44 36762.5 19360 20336.9 11396.8 30112.6 26276.3 9273.45 15234.8 18305.5 8587.02 16621 3547.13 10792.6 23831.5 11097.6 21620.2 14508.7 15357.9 14578.1 25849.7 5230.26 10486.2 4006.71 15487.6 4851.27 20832 10888.7 6995.4 20045.1 7271.11 9347.84 18949.1 2123.31 6099 4580.32 1142.68 9479.85 6261.85 7631.05 12780.8 10110 12534.1 2031.38 2002.34 1212.78 9742.93 11250.8
internal_count=523818 384647 175265 92675 139171 82590 209382 89902 56374 160743 30626 62049 27982 145587 15818 89051 48639 49269 22377 60213 60878 17643 32571 43812 14516 33528 12164 22750 56536 23803 35749 35271 35789 34184 50277 10425 28173 6531 33425 13368 34937 26525 16913 47918 15536 23759 49919 4734 12731 7985 1831 18124 12153 15156 28879 20274 30706 5457 2107 2654 20479 30262
cat_boundaries=0 1 2 3 4 5
cat_threshold=12 12 12 12 8
is_linear=0
shrinkage=0.05


Tree=12
num_leaves=63
num_cat=3
split_feature=22 8 17 0 8 3 22 0 32 31 12 8 8 8 10 7 32 5 5 14 2 22 10 14 8 32 14 20 16 8 32 12 8 8 32 17 0 3 31 8 11 31 17 32 8 10 8 2 2 32 15 1 31 2 3 20 32 32 2 16 14 8
split_gain=1363.42 663.648 658.317 491.531 489.98 252.552 238.375 188.431 179.24 156.145 181.459 151.089 137.349 127.015 125.475 120.129 117.437 108.817 104.588 99.072 92.585 92.5621 89.3067 98.4118 87.9477 86.4212 75.9244 72.7779 72.5991 72.0087 71.5946 77.0895 110.793 76.8242 72.7076 68.5601 68.3987 67.851 68.8941 67.8365 67.4609 64.7733 68.6481 64.7449 61.7616 61.0485 59.1212 58.6955 58.2568 57.5397 56.9491 55.6934 55.0413 58.5816 48.7866 48.4409 47.83 46.3186 52.3765 44.2407 46.8903 43.7935
threshold=15.366666515668234 13.401000000000002 0.55000001192092907 0 5.8610000000000015 1.5000000000000002 21.833333492279056 1 72.990000000000009 59.45900000000001 27.425000000000001 145.27400000000003 85.378500000000017 72.747500000000016 30.817499999999999 9.0050000000000008 76.352500000000006 1.0000000180025095e-35 1.0000000180025095e-35 63.536172619047626 4.5000000000000009 9.9666668971379604 31.923674999999999 92.35045238095239 3.3465000000000003 78.492500000000021 39.912717261904767 1.0000000180025095e-35 0.1819166666666712 100.56750000000001 80.617500000000021 43.341500000000003 52.368500000000004 96.995000000000019 73.395000000000024 14.650000095367433 2 7.5000000000000009 44.130500000000005 53.105000000000011 3.5668541666666669 65.46050000000001 10.449999809265138 79.885000000000005 226.77150000000003 -0.77474999999999994 77.745000000000019 2.5000000000000004 4.5000000000000009 71.537500000000009 0.29333333333334194 4.5000000000000009 59.163000000000004 2.5000000000000004 11.500000000000002 19.500000000000004 72.64500000000001 75.100000000000009 4.5000000000000009 5.0196666666666774 4.0656845238095265 41.356500000000004
decision_type=2 2 2 1 2 2 2 1 2 2 2 2 2 2 2 2 2 2 2 2 2 2 2 2 2 2 2 8 2 2 2 2 2 2 2 2 1 2 2 2 2 2 2 2 2 2 2 2 2 2 2 2 2 2 2 10 2 2 2 2 2 2
left_child=1 7 5 8 45 29 12 20 17 10 14 30 15 26 27 -6 24 21 37 28 -1 -3 -12 -24 -9 -11 35 -5 -16 43 31 32 -7 -33 -35 -10 -14 38 -18 -8 -26 42 -22 -2 50 -4 55 -20 -37 -29 -15 -17 53 56 -52 -27 -47 -51 -59 -42 -61 -53
right_child=2 3 4 9 6 11 39 16 13 25 22 -13 36 44 19 51 18 -19 47 -21 41 -23 23 -25 40 46 -28 49 -30 -31 -32 33 -34 34 -36 48 -38 -39 -40 -41 59 -43 -44 -45 -46 52 -48 -49 -50 57 54 61 -54 -55 -56 -57 -58 58 -60 60 -62 -63
leaf_value=1.4817607918143008 0.07382636393637769 0.26542856677312204 0.14785267397001922 -0.30432239159395436 -0.31164028836206437 0.048220473308878777 -0.35458966649970408 0.090945683375968936 0.86198164230244501 1.0360423445561002 0.76054283578040482 -1.9234797107144876 -1.2813473389364896 0.64400007039969198 -0.00037743250675905673 -0.45008133937844497 1.2143127931513069 -1.2854986802120114 4.7801849633308917 -0.23929399522367092 0.81032269517362965 -0.094783845292990956 -0.35811908953952248 0.51733009008887698 -0.060250060824189468 -0.065384351345940145 0.85094068234772946 0.062149707460949458 -1.0116659373274561 0.048869807811501256 -0.39196838716331728 0.73833406572568627 -1.2514926355369038 -2.5117985702144021 0.19210104520378113 0.037163435345204568 -2.0235997239499421 0.6274630778698489 -0.020442911828174315 -2.0273152521646334 0.29103346940973995 1.5599852355573602 0.063589028415787882 0.89415194693457645 -2.9943651277567214 0.0015133170568907507 -1.2894485088272016 -0.36675526734619068 -1.0541224459732041 -0.46812980233142548 0.2245651693575729 -0.055381596119350007 0.2623138653299204 -0.044425162016173803 -0.85827253443490903 0.42602141509636021 0.31605159862583182 0.091997280067854043 -0.43155176637995396 -0.14103645027917686 0.060295513488568743 -0.49126656836497828
leaf_weight=7762.3233850002289 1356.4268317967653 12860.526131555438 875.22690330445766 4625.7848327457905 7562.1012275964022 5097.4903065115213 8725.8583690822124 11129.168182462454 1204.2400337457657 1367.0290403366089 1288.3743152320385 1217.7566922605038 5827.9114946573973 1053.4924750030041 780.03708048164845 4323.0227868556976 638.30285483598709 1249.6835955232382 78.039247334003448 2077.7742218971252 1906.1406309455633 17146.364959806204 4564.0490858703852 1185.4587891101837 3355.8489837348461 1984.2142179012299 9746.5422060787678 4462.8163944333792 7850.6934059709311 1614.6957238316536 1566.9071892499924 1855.1503461301327 1506.141012892127 333.53723137080669 1863.0532916784286 714.21886646747589 5474.6336915045977 5294.7061402201653 1514.0377861559391 6578.1220158338547 2147.7615024447441 585.41366869211197 4129.2680663466454 4344.3147201538086 273.1903740465641 3569.9543753117323 737.45150834321976 329.19894498586655 359.47062999010086 1104.8951827287674 11330.13674223423 12042.475441470742 1783.2762194871902 9548.2449256032705 621.60025262832642 1557.7176723480225 1117.4448210895061 1378.6263361871243 536.70710805058479 572.9165007174015 10359.709420412779 8592.6920238435268
leaf_count=20138 4633 32946 2577 10741 17841 15514 20704 30034 2269 1519 2976 2021 10654 1697 3869 8986 918 3189 131 3150 5111 44807 11363 1849 8873 2064 15682 13156 15355 2735 2604 5406 3918 557 2968 821 8717 7240 3412 12851 7277 604 9981 7162 396 10912 771 564 438 1826 15882 26469 1957 24331 1088 1645 1848 1847 735 1499 22099 18560
internal_value=-0.000632846 0.00248864 -0.00520859 -2.66868e-05 -0.00736335 0.0026836 -0.00950901 0.00713816 0.00286768 -0.0046373 -0.00608065 -0.00138559 -0.00763258 0.00599648 -0.00824547 -0.00598203 0.00517306 0.000335648 0.0105678 -0.0121881 0.0119648 0.000937907 0.000938037 -0.00172875 0.00363746 0.00298588 0.00971894 -0.00475805 -0.0145476 0.0101587 0.000288375 0.00175611 -0.00157522 0.00718464 0.000856093 0.00149984 -0.0123807 0.0119174 0.0044292 -0.0148813 0.00131334 0.00762763 0.006085 0.0127984 0.00262506 0.000146255 -0.00051114 -0.0140803 -0.00768295 -0.00170989 0.00311996 -0.00430897 -0.00055665 -0.00159414 0.00213701 0.00217142 0.00298325 -0.00703837 -0.00233279 0.00293586 0.00164659 -0.0032276
internal_weight=238640 141864 96776.4 92061.1 76021 20755.5 59126.8 49802.8 56559.5 35501.6 29855.2 13440 43822.8 25302.9 22817.3 32520.3 35419.7 31256.6 7854.28 10708.5 14383.1 30006.9 7037.88 5749.51 27565.4 5646.41 12024.5 12108.8 8630.73 7315.44 12222.3 10655.4 6603.63 4051.74 2196.59 2277.93 11302.5 7447.05 2152.34 15304 16436.2 6620.82 6035.41 5700.74 13278.4 16894.1 4279.38 407.238 1073.69 7483.05 13005.2 24958.2 16018.9 14235.6 11951.7 3541.93 4687.4 3020.23 1915.33 13080.4 10932.6 20635.2
internal_count=523887 309962 213925 192081 166407 47518 124782 117881 119215 72866 66867 32988 91227 38273 50679 71856 82047 80942 12265 22374 35834 77753 16188 13212 69782 5999 19210 28305 19224 14530 30967 28363 19432 8931 3525 3528 19371 11570 4330 33555 39748 15696 15092 11795 19063 41625 4480 695 1259 17564 18667 54015 39048 37091 16970 3709 12760 4408 2582 30875 23598 45029
cat_boundaries=0 1 2 3
cat_threshold=12 12 8
is_linear=0
shrinkage=0.05


Tree=13
num_leaves=63
num_cat=5
split_feature=21 8 21 8 25 0 0 3 8 7 7 19 8 8 3 23 7 8 21 8 4 32 19 3 32 8 7 31 6 8 31 31 7 32 17 15 32 16 25 28 17 28 0 32 10 8 0 19 31 1 0 8 11 11 8 7 17 8 5 20 6 11
split_gain=1414.01 846.695 377.679 360.319 218.193 242.003 203.43 198.244 160.882 165.263 158.152 143.532 143.034 110.051 112.674 101.105 94.7048 93.7032 90.9814 84.3296 82.7988 82.2517 72.5961 66.9277 68.0139 63.0603 62.8629 61.9716 61.0132 59.4228 59.1204 58.7909 58.2052 56.4815 56.0774 53.6746 52.3496 47.6614 46.991 45.2874 44.1324 43.482 43.3565 41.9101 48.0791 41.3539 41.2202 49.8717 40.8487 40.0375 39.7843 39.5998 39.5265 37.9924 37.9724 45.8707 37.3427 36.7259 36.1673 39.8805 35.7377 34.2882
threshold=14.800000309944155 13.401000000000002 9.2500000596046466 5.2115000000000009 16.550000190734867 0 1 1.5000000000000002 67.25500000000001 68.432500000000019 25.885000000000002 15.84999990463257 45.689000000000007 85.378500000000017 2.5000000000000004 12.250000000000002 89.663500000000013 154.23000000000005 9.3249998986721057 33.532500000000006 1.0000000180025095e-35 81.672500000000014 11.949999809265138 1.5000000000000002 81.672500000000014 3.7615000000000003 83.761500000000026 45.748500000000007 4.5000000000000009 -0.79499999999999993 58.494000000000007 48.526500000000006 5.3310000000000004 78.757500000000007 1.1500000357627871 31.547479166666673 67.802500000000023 7.5637500000000006 21.44999980926514 21.70000060399374 12.949999809265138 20.733333746592205 2 79.885000000000005 78.77170000000001 58.45000000000001 3 23.349999427795414 63.610500000000009 5.5000000000000009 4 5.8610000000000015 88.939479166666686 53.855000000000004 94.848500000000016 81.445000000000007 -11.550000190734862 161.00500000000002 1.0000000180025095e-35 13.500000000000002 2.5000000000000004 36.552687500000012
decision_type=2 2 2 2 2 1 1 2 2 2 2 2 2 2 2 2 2 2 2 2 2 2 2 2 2 2 2 2 2 2 2 2 2 2 2 2 2 2 2 2 2 2 1 2 2 2 1 2 2 2 1 2 2 2 2 2 2 2 2 8 2 2
left_child=1 10 7 23 5 22 11 17 9 35 18 19 32 14 -6 16 42 43 33 -5 -12 51 36 -2 29 27 -15 -20 57 -25 31 45 -8 -1 -13 40 -4 53 -17 -30 58 -28 -10 -3 -45 61 47 -36 -42 -16 -21 -22 -47 -34 55 -24 -14 -18 59 -9 -11 -7
right_child=3 2 4 6 13 30 12 8 15 60 20 34 56 26 49 38 28 -19 25 50 21 -23 54 24 -26 -27 41 -29 39 -31 -32 -33 37 -35 46 -37 -38 -39 -40 -41 48 -43 -44 44 -46 52 -48 -49 -50 -51 -52 -53 -54 -55 -56 -57 -58 -59 -60 -61 -62 -63
leaf_value=0.17385084080965529 0.45885565686304441 0.033913658033767703 -0.031823287249271991 0.27966032031892513 0.45125977624620567 -0.22444600069882439 -0.26423071273920107 0.12536346868381218 -0.12254994090188892 1.6865360451585194 1.3139189774593456 0.10908638841814344 0.89723422909064654 -2.050335103357054 -0.59447723317365042 -0.32160213202636112 0.45681239051651534 -1.2405213196467582 0.041984340393763878 -0.15804334595813341 0.31197769573773126 1.078541250631776 -0.096875763815804414 0.10604114673738496 -0.2167134099649741 0.010939212580539216 -1.3071170935525946 0.45455948188531159 -0.19563517866501998 -0.017685358930207427 0.0063315535798907589 -0.53345395043013588 -0.18335759321039735 0.95354342484900634 -0.46562451429388346 -0.12022177513171839 0.45220895228085506 -0.24524451286561866 -0.90451072814828459 0.84652369327915844 -0.054070957034410144 0.18223959735797657 -0.85100762984185574 1.3387269576200742 0.42702236798342624 -1.584280446693747 -0.79950520035271311 -1.0449579154580142 1.0031119091808358 -0.25784214861122406 -0.64756033223159881 -0.029223544530806535 -0.10924059643206059 0.34970315515600481 -0.6769040853683882 0.70216255075310008 -1.8059981644197955 -0.45284562265519934 -0.50678791349810859 0.55231016673917288 0.58209238690308529 0.083859070089806934
leaf_weight=18269.792379423976 994.0593838095665 615.67606975138187 3837.857171267271 3475.7589804530144 1907.3596669286489 4369.5419362485409 3976.4476935118437 7638.2094289958477 5692.5941631942987 2103.3011361956596 7706.4595778733492 897.21259205043316 126.18799881637096 3301.2156252115965 2874.310838341713 4036.3871465623379 4361.3002589046955 353.18918505311012 8854.967508032918 3884.1296059191227 4429.6523151695728 713.28501260280609 5499.8172548264265 1354.3730766773224 523.14445155858994 12756.236203297973 4304.2091584801674 2842.9898174703121 3399.5331498533487 9894.2075320482254 2691.9964839816093 2589.3123320937157 1909.833777487278 1965.7072570919991 3898.3498567044735 4274.8245634138584 9475.258185878396 8251.063003718853 2791.9618021547794 309.60975852608681 6940.6367664933205 555.68440620601177 2568.5973650366068 2174.0528938174248 2216.6332108974457 2074.1450070440769 4400.5520065873861 3083.881774097681 738.53239220380783 10823.922371134162 5023.9019906371832 2046.1654517650604 747.95368033647537 420.63667446374893 3205.8474981784821 1607.328000202775 5145.4552464336157 482.11097659170628 465.17508117854595 4663.785861119628 4007.2692089080811 1962.8003208190203
leaf_count=47493 2206 2181 11539 8107 4947 12364 9245 17599 11558 3904 16974 1907 223 5750 6432 7333 6895 694 25862 8326 10235 824 13449 4009 856 30563 6923 5145 5545 24004 2889 3771 6291 2617 8228 8871 16642 15032 4894 493 16381 923 4601 3567 3601 4682 9692 6892 776 25329 9927 4061 1192 893 5883 3247 9873 664 1307 14820 7497 4935
internal_value=-0.000676366 0.00148752 -0.000904095 -0.00752579 -0.00364458 -0.00129739 -0.0096503 0.00192778 0.00102494 0.00340432 0.00637068 -0.00660902 -0.0134224 -0.00740333 -0.00494234 -0.00207805 5.78335e-06 0.0111023 0.00488331 -0.00281307 0.0108325 0.0069713 0.00181942 -0.000120936 -0.00117338 0.00283091 -0.012108 0.00548216 0.00369363 -0.00035298 -0.00639508 -0.00793137 -0.0108724 0.00736333 -0.0104419 0.00158416 0.00425946 -0.00893278 -0.0072084 -0.00113214 0.00264946 -0.00848841 -0.00381211 0.0128587 0.0145714 -0.00604872 -0.0113904 -0.00895069 -0.000345776 -0.0065277 -0.00539022 0.0051943 -0.0110819 -0.00261728 -0.00132879 0.000709012 -0.0204863 0.00738873 0.00445092 0.00496861 0.0107666 -0.00380424
internal_weight=238506 181247 121662 57259.2 61828.6 38061.9 44493.4 59833.4 54473.8 30831.7 59585.3 24663.8 19829.6 23766.7 15605.6 23642.1 16813.7 5359.55 44689.7 12383.8 14895.6 7189.1 23626.1 12765.8 11771.7 24454.2 8161.11 11698 8552.55 11248.6 14435.7 11743.8 14558 20235.5 12280 24721.2 13313.1 10581.5 6828.35 3709.14 20446.3 4859.89 8261.19 5006.36 4390.69 9154.44 11382.8 6982.23 7679.17 13698.2 8908.03 6475.82 2822.1 2330.47 10313 7107.15 5271.64 4843.41 12767.2 12302 6110.57 6332.34
internal_count=523563 397852 254078 125711 130897 80593 94636 123181 113138 71155 143774 53079 41557 50304 36708 41983 29756 10043 111680 26360 32094 15120 50760 31075 28869 61570 13596 31007 13597 28013 29833 26944 31461 50110 26719 59754 28181 22216 12227 6038 50883 7846 16159 9349 7168 23173 24812 15120 17157 31761 18253 14296 5874 7184 22579 16696 10096 7559 33726 32419 11401 17299
cat_boundaries=0 1 2 3 4 5
cat_threshold=12 12 12 8 8
is_linear=0
shrinkage=0.05


Tree=14
num_leaves=63
num_cat=3
split_feature=21 8 8 12 0 11 8 8 25 0 25 18 32 6 14 1 14 18 32 8 8 2 2 31 8 0 8 25 14 9 3 6 8 2 31 21 8 3 25 32 31 8 2 21 21 32 19 19 20 1 2 1 32 21 19 8 2 21 28 8 2 2
split_gain=1320.04 696.21 418.304 274.896 272.376 258.458 206.411 201.516 163.005 158.8 156.318 140.607 107.578 102.288 97.1844 106.786 96.3716 95.1799 92.9757 95.2287 91.8909 89.7118 86.4931 81.0655 78.4231 75.1926 81.0716 68.3801 68.3379 66.5124 66.3935 62.1625 60.4241 60.1112 56.8717 56.655 53.8115 53.4351 52.6583 51.7745 66.9545 61.9583 51.3743 50.752 49.8185 49.2617 48.4475 47.476 45.6009 43.418 42.5465 41.7126 41.4677 39.9741 39.53 39.4297 38.9284 38.2394 38.071 37.4746 37.0082 34.8295
threshold=13.949999928474428 34.022500000000008 14.867500000000001 21.226500000000005 0 74.804583333333355 132.21150000000003 7.9315000000000007 14.949999809265138 1 16.849999427795414 13.250000000000002 70.352500000000006 3.5000000000000004 39.912717261904767 5.5000000000000009 11.141071428571431 14.449999988079073 84.490000000000023 85.378500000000017 45.689000000000007 2.5000000000000004 4.5000000000000009 75.473500000000016 81.864000000000019 2 -0.79499999999999993 16.94999980926514 66.781946428571445 117.52100000000002 1.5000000000000002 3.5000000000000004 67.25500000000001 2.5000000000000004 66.226500000000001 20.750000238418583 109.06750000000001 1.5000000000000002 13.150000095367433 65.762500000000017 44.408000000000008 -0.11749999999999998 4.5000000000000009 17.750000119209293 6.9499998539686212 61.477500000000006 14.84999990463257 15.150000095367433 101.50000000000001 15.500000000000002 4.5000000000000009 5.5000000000000009 70.697500000000005 6.5999999493360528 11.449999809265138 62.205000000000005 3.5000000000000004 10.500000089406969 17.266666968663539 14.115 3.5000000000000004 4.5000000000000009
decision_type=2 2 2 2 1 2 2 2 2 1 2 2 2 2 2 2 2 2 2 2 2 2 2 2 2 1 2 2 2 2 2 2 2 2 2 2 2 2 2 2 2 2 2 2 2 2 2 2 8 2 2 2 2 2 2 2 2 2 2 2 2 2
left_child=1 3 17 7 10 8 11 16 9 23 32 27 -13 50 15 59 39 25 19 57 28 -18 34 36 -14 46 -27 31 43 -26 -12 -7 54 55 44 -28 49 -19 -8 45 41 -41 52 48 -17 -1 -2 -16 -6 61 -5 -43 -42 -23 -4 -11 -29 60 -55 -9 -10 -3
right_child=2 5 4 13 20 6 38 14 18 33 30 12 24 -15 47 22 21 37 -20 -21 -22 53 -24 -25 29 26 35 56 -30 -31 -32 -33 -34 -35 -36 -37 -38 -39 -40 40 42 51 -44 -45 -46 -47 -48 -49 -50 -51 -52 -53 -54 58 -56 -57 -58 -59 -60 -61 -62 -63
leaf_value=-0.12245933991392322 0.37247915676034116 0.097703573705520699 0.29252533195839769 1.8561484359486462 -0.4099126487457686 0.52470621613173229 0.025946932389660216 -0.03052875426266401 -0.053599132803260119 0.10266462892520611 0.14740492553249251 -0.24801894918303466 1.0441669031631111 0.37169805898624464 0.58818163776972632 0.34408236545238496 0.72688282647463676 0.68256803709003511 0.7905942267899051 -1.6296449338756673 -1.646988786126206 0.46710478011342699 -0.12036224706698606 3.279507450167205 0.16249282122316711 0.11096109146718756 -0.044710335394462897 -0.046697974396286229 0.26011403584585024 1.0413004267216668 -0.87425690883472196 -0.017739052407589617 -0.72884472569442604 -0.58282180418405116 3.2716472784200414 -0.10165315989825496 -0.56121755593018108 0.023596364567487395 -0.87439714448418204 0.086818597466065572 0.062741424794359624 -0.065228759164084937 -0.020983170217676553 -0.48663529194012001 0.039998807487058856 0.25192469682027824 -0.039525569154605568 -0.072141484051858482 -0.15361455343416056 0.40658574178966839 0.47163984879896859 0.0027840760203775797 0.71767062413823679 0.067843086148916945 -0.19897856505570033 -0.62452300918832826 -0.86568366749866077 -0.60630042733604139 0.37247410332419673 -0.26627639267039049 -0.41362466580981166 -0.46120900960376265
leaf_weight=358.99135079979897 3113.5412028133869 6921.8411121368408 3053.4191787391901 4698.4342573732138 3457.6668001711369 4845.3783717006445 2282.4716514796019 2497.4691965430975 5474.8956869989634 2025.1851953566074 837.04411622881889 1535.0264891833067 2284.4801722764969 6244.3489477783442 5816.1586105525494 3268.1633532643318 7495.4052049517632 1235.1843776404858 504.05707263946533 7049.4910218566656 6436.477444678545 3182.9435007125139 5541.7372376173735 441.9103342294693 5109.6238932609558 853.02994531393051 11428.092238411307 3136.2649448662996 525.03044699132442 1420.0211567282677 10718.038676142693 6287.3182500451803 7280.3064138144255 4596.5298590958118 461.73590505123138 2547.3594309091568 2853.7111907601357 2269.025353088975 4854.8069501817226 1289.9941880255938 688.39131531119347 2488.6199165135622 943.62247303128242 3973.8703356534243 11425.49644164741 3126.7376021295786 3962.9248022288084 1942.1078845560551 2170.9638948142529 5355.2238218933344 3663.6219805181026 5900.5934736728668 1148.7633081376553 7657.7489501535892 4908.6255628019571 2172.701168268919 2021.0320582836866 5107.6609757840633 4086.790947958827 4382.6890929192305 3353.006784722209 1721.5897332429886
leaf_count=1310 7264 16001 7467 10431 7373 7996 3385 5929 14276 5725 1928 3746 4272 13236 10505 8145 17100 2697 824 12773 12389 7397 12966 454 8418 2391 25644 5254 803 2338 22614 10735 14032 8759 476 5632 5631 6660 7362 4044 1961 6754 2059 8525 29255 10190 9658 4176 4769 12393 6960 15904 2083 18398 11695 4005 3339 12367 9639 10710 8271 3959
internal_value=-0.000669466 0.00169909 -0.00651291 0.00477324 -0.00949795 -0.00163793 0.00170684 0.00353128 -0.00401244 -0.0013562 -0.00637384 0.00373003 0.00828717 0.0110395 0.000806903 -0.00058396 0.00604021 -0.00141868 -0.007237 -0.00774691 -0.0145388 0.00815334 0.00120998 0.00142648 0.0104144 -0.0026427 -0.00466446 0.000834506 -0.0115766 0.00762271 -0.010762 0.00303932 -0.00305092 -0.00682177 0.00316448 -0.00558117 0.000872306 0.00623128 -0.00584396 0.0030684 0.00156116 -0.00040363 0.0083978 -0.012537 0.00262077 0.00845415 0.00159823 0.00575026 -0.00947969 0.00214803 0.0146552 -0.00197262 0.0132663 0.00591161 -4.04927e-05 -0.00250304 -0.00392454 -0.00535067 0.00456393 -0.00597994 -0.00335779 -4.39236e-05
internal_weight=238435 169665 68770.6 88310.6 43361.4 81354.2 33776.4 73704.2 47577.8 26088.7 26797.4 26639.1 10349.2 14606.4 35335.6 27577.3 38368.6 25409.2 21489.1 20985.1 16564 22422.9 20697.1 17294.3 8814.13 21904.9 14828.5 16290 10127.5 6529.65 11555.1 11132.7 15242.4 8794.42 15155.4 13975.5 16852.4 3504.21 7137.28 15945.7 12460 9679.21 2780.78 9602.5 14693.7 3485.73 7076.47 7758.27 5628.63 13998.7 8362.06 8389.21 1837.15 14927.5 7962.04 4197.89 5157.3 13935.6 11744.5 6880.16 8827.9 8643.43
internal_count=523452 371911 151541 209628 91595 162283 56845 179001 105438 56927 57736 46098 18774 30627 82162 67481 96839 59946 48511 47687 33859 52534 50842 38438 15028 50589 33667 27324 21470 10756 24542 18731 33194 18489 37876 31276 37984 9357 10747 44305 32805 26702 6103 20667 37400 11500 16922 14681 12142 32353 17391 22658 4044 35434 19162 9730 8593 34914 28037 16639 22547 19960
cat_boundaries=0 1 2 3
cat_threshold=12 12 12
is_linear=0
shrinkage=0.05


Tree=15
num_leaves=63
num_cat=0
split_feature=21 8 8 22 7 8 7 11 32 5 22 14 8 21 22 17 8 17 2 2 22 2 17 8 10 32 6 14 28 31 14 8 14 21 32 24 19 2 22 10 8 17 25 9 8 22 32 31 32 8 2 31 1 17 2 31 22 31 32 32 7 8
split_gain=1238.51 612.236 442.704 435.818 230.675 183.296 236.6 175.951 133.611 131.144 131.683 134.335 127.791 123.883 120.642 120.126 112.875 101.376 98.9211 79.3316 73.6849 73.1046 69.937 67.8235 59.6427 59.1534 59.1188 58.6243 58.4188 56.662 53.8001 51.1528 77.2259 50.4728 50.9 50.2365 48.7513 47.7968 46.9348 45.1981 44.4723 44.0635 43.4634 45.0807 42.3236 40.9313 41.8005 40.8185 53.5485 40.7377 40.1548 41.8379 39.8298 45.8377 42.9508 39.9053 39.8191 39.5804 42.4114 39.4033 38.3347 42.5661
threshold=10.799999773502352 14.867500000000001 36.308500000000009 16.899999698003139 37.531000000000006 161.00500000000002 83.761500000000026 67.48937500000001 84.490000000000023 1.0000000180025095e-35 14.866666505734127 22.965565476190477 13.401000000000002 16.000000119209293 16.400000333786014 0.35000000894069677 94.848500000000016 1.0500000119209292 3.5000000000000004 4.5000000000000009 21.833333492279056 4.5000000000000009 2.3500000238418584 59.144000000000005 -0.77474999999999994 77.485000000000014 4.5000000000000009 41.202827380952385 12.50000007947286 31.521000000000004 11.141071428571431 66.276500000000013 21.284107142857145 20.975000143051151 78.122500000000016 16.500000000000004 15.050000190734865 1.5000000000000002 22.466666618982952 5.3042500000000006 122.49900000000001 13.949999809265138 29.250000000000004 110.08500000000002 84.20650000000002 10.300000051657362 75.350500000000025 44.408000000000008 65.885000000000005 5.2115000000000009 3.5000000000000004 32.313000000000009 5.5000000000000009 16.550000190734867 4.5000000000000009 46.563500000000012 17.099999984105434 79.51900000000002 74.335000000000022 78.492500000000021 13.689000000000002 88.996500000000012
decision_type=2 2 2 2 2 2 2 2 2 2 2 2 2 2 2 2 2 2 2 2 2 2 2 2 2 2 2 2 2 2 2 2 2 2 2 2 2 2 2 2 2 2 2 2 2 2 2 2 2 2 2 2 2 2 2 2 2 2 2 2 2 2
left_child=2 9 4 7 12 6 8 13 14 10 11 35 18 31 25 29 22 40 30 28 60 -6 -8 -9 -17 37 -22 52 -18 -12 47 32 -3 34 50 -2 -15 -4 -32 -11 -5 -7 43 -30 -16 -25 -47 48 -1 -37 -26 -52 -14 54 -54 -55 -24 58 -23 -27 -19 -62
right_child=1 3 5 17 21 41 16 23 -10 39 15 -13 27 36 44 24 19 20 -20 -21 26 57 56 45 33 59 -28 -29 42 -31 38 -33 -34 -35 -36 49 -38 -39 -40 -41 -42 -43 -44 -45 -46 46 -48 -49 -50 -51 51 -53 53 55 -56 -57 -58 -59 -60 -61 61 -63
leaf_value=0.49552671439060741 -0.025212313563399782 -0.2790813650829298 0.08227889584213309 -0.1974994294186132 1.6722951629200651 -2.1029108001396994 0.6165304360117928 0.41691745152941045 1.223139472359386 0.00089540105709986497 1.5677496007282619 0.54110614420217473 -0.15782004351114753 -0.44474721638061471 -0.34393653419601544 0.13786604121677426 -0.090112934833261174 -0.6952827560099738 0.066109509192043572 -0.35959494399308056 -0.99883145854065702 0.20285795479850549 0.5601958516448905 0.21427349012349009 -0.012884521174762305 1.0570285958675891 -0.72429396733749396 0.41289052722831487 0.22518771088220993 0.030270209156175665 0.83019494238163305 -0.83715821399952339 -0.010874528156857322 -0.086610770003477597 0.14867705972455977 0.10629643115586576 -0.64873597408707928 -0.28497639619638065 -0.16034174609702667 -0.31119486744470087 -2.4587663955121699 -0.60931726134334419 -0.18692758472461271 0.91018766762017977 -1.4717427751354233 -0.86077975678494778 0.042989138830564155 0.3534299636324576 0.0046056110294946167 -0.0083504878054258113 0.021204718150448238 -0.10282691772020713 0.29481983876063472 -0.0032069583453879559 -0.15529571543156387 -0.43597276095160142 -0.23469326467639462 -0.63396402710144983 0.55747510589551863 0.063601570774823021 -0.44458545434487917 -1.9068167015002289
leaf_weight=1434.8365421742201 6959.7988649904728 4640.9724489152431 5227.8861598074436 4513.0485503077507 7727.2112556546926 1922.5330181717873 3267.0179004818201 5015.166598379612 682.3542428612709 603.12055051326752 1149.3875479698181 7546.339953199029 3781.8967586606741 4662.5121960639954 5901.2495156824589 654.94736459851265 4302.2348588258028 3273.7155213057995 14428.726686701179 2414.2071541696787 4907.8272394388914 3319.6061441302299 4467.0811055898666 3106.420960739255 6397.3103659301996 1454.2674605846405 3927.2747713029385 3735.7866925150156 2789.6517536342144 1888.487438455224 8793.6539973318577 6406.0440514832735 11278.552551954985 2435.5209104418755 2110.3826967775822 3722.4012106508017 5373.2260445058346 10955.292857185006 420.24233147501945 1557.4216359108686 911.49444894492626 1425.3379398584366 626.83226205408573 2449.3651148974895 2683.8831190764904 4151.729841068387 2979.6348025500774 1228.4348868429661 3795.1345285624266 2930.1129383891821 1362.9985282421112 5390.2771362960339 4620.8815739601851 2398.7768221944571 1545.6968955248594 1023.7545714378357 1100.3066771626472 117.12582540512085 2961.5851898193359 3821.4091255664825 8374.1407518535852 3687.8253040760756
leaf_count=4778 18214 11521 14051 10483 16645 3493 6033 10034 1114 1693 2171 15418 9535 10622 15229 1936 7017 7178 35840 3756 11154 8903 7687 5511 16736 2146 8391 7243 4604 6070 19759 12773 26213 5532 2469 9714 11295 25385 1175 3151 1570 1717 1008 3818 4947 8041 4451 2600 10378 6753 3481 13239 11471 7888 3717 1170 1964 121 3852 5044 17927 6278
internal_value=-0.000666875 -0.00419209 0.00301206 -0.00688828 0.00593969 -0.000223871 0.000504372 -0.00392652 -0.00230751 0.000464153 0.00107449 0.00387113 0.00426221 -0.00601317 -0.00280467 -0.00169204 0.00453847 -0.011653 0.00622328 0.00149663 -0.0130393 0.0115452 0.0088701 0.000500706 -0.00321665 -0.00080048 -0.0166774 0.000811342 0.00343123 0.00751597 0.00897345 -0.00393874 -0.00242026 -0.00376524 -0.0026981 0.000904584 -0.0106271 -0.00229934 0.0114262 -0.0115502 -0.00547441 -0.011563 0.00667651 0.0081652 -0.00781352 -0.00183287 -0.00391931 0.00547306 0.00354515 0.00401113 -0.00385488 -0.00654369 -0.000735922 0.000977938 0.00355314 -0.00366164 0.00546062 0.00759034 0.00812849 0.00379685 -0.0109425 -0.00963854
internal_weight=238742 121918 116824 77209.6 61333.4 55490.9 52143 47614.3 30726.3 44708.5 42548 21158.7 47207.8 32361.3 30044 21389.3 21416.7 29595.3 30101 12582.3 24170.8 14125.5 8834.41 15253 18351.4 21458.9 8835.1 17106.8 10168.1 3037.87 15672.3 22325.6 15919.5 17696.5 15261 13612.3 10035.7 16183.2 9213.9 2160.54 5424.54 3347.87 5865.85 5239.02 8585.13 10237.8 7131.36 6458.41 5229.97 6652.51 13150.6 6753.28 13371 9589.11 6166.58 3422.53 5567.39 6398.32 6281.19 5275.68 15335.7 12062
internal_count=524107 270019 254088 163442 145075 109013 103803 100461 67916 106577 101733 50099 115554 72424 66802 51634 35887 62981 74530 20203 50928 29521 15684 28037 43393 46626 19545 41024 16447 8241 38690 50507 37734 41457 35925 34681 21917 39436 20934 4844 12053 5210 9430 8422 20176 18003 12492 17756 15156 16467 33456 16720 33781 24246 15188 9058 9651 12876 12755 7190 31383 24205
is_linear=0
shrinkage=0.05


Tree=16
num_leaves=63
num_cat=5
split_feature=21 22 8 18 8 0 8 0 8 12 22 32 31 32 8 22 1 21 0 31 8 31 18 22 18 24 18 3 8 12 10 0 8 31 12 8 18 22 8 4 3 20 3 32 10 18 14 0 8 31 14 4 32 8 4 8 13 32 1 31 10 4
split_gain=1154.76 700.143 374.682 369.462 323.525 282.81 276.617 201.216 184.794 173.804 128.654 125.687 116.607 114.183 138.859 111.267 109.211 108.147 101.115 90.7725 93.2589 83.7889 78.9513 74.3682 71.7668 69.7591 68.1034 67.4833 74.6676 75.5061 67.4388 68.7417 67.0713 65.6871 80.699 60.9407 59.4505 56.8641 56.0986 59.1418 54.8542 54.2105 50.7602 55.4311 50.561 49.95 48.8755 48.5557 48.5537 46.7227 46.4713 46.073 45.1709 44.5374 44.2362 42.5847 40.8387 40.5627 39.1577 38.3842 41.844 38.3832
threshold=15.625000000000002 15.166666746139528 17.142500000000002 13.150000035762789 47.048500000000004 0 16.811000000000003 1 132.21150000000003 21.226500000000005 17.783333142598476 68.132500000000007 73.786000000000016 73.395000000000024 63.821500000000007 21.233333190282192 6.5000000000000009 7.9500000774860391 2 75.473500000000016 112.444 31.261000000000003 4.2500000000000009 23.666666785875961 0.94999980926513683 1.0000000180025095e-35 17.250000000000004 11.500000000000002 92.566000000000017 18.585000000000004 -0.77474999999999994 3 56.043500000000002 59.45900000000001 27.425000000000001 49.672500000000007 15.05000000074506 17.099999984105434 5.8610000000000015 1.0000000180025095e-35 1.5000000000000002 47.500000000000007 9.5000000000000018 77.217500000000015 4.7207500000000007 3.3499999046325688 40.529464285714297 4 3.9715000000000003 32.313000000000009 66.781946428571445 1.0000000180025095e-35 80.71250000000002 26.664000000000005 1.0000000180025095e-35 226.77150000000003 11.189000000000002 78.492500000000021 16.500000000000004 37.494500000000009 20.072375000000005 1.0000000180025095e-35
decision_type=2 2 2 2 2 1 2 1 2 2 2 2 2 2 2 2 2 2 1 2 2 2 2 2 2 2 2 2 2 2 2 1 2 2 2 2 2 2 2 2 2 8 2 2 2 2 2 1 2 2 2 2 2 2 2 2 2 2 2 2 2 2
left_child=1 2 9 4 16 11 26 10 13 12 -8 32 18 14 -5 47 48 42 22 20 24 36 54 38 46 59 30 28 29 -15 -2 37 45 34 41 50 52 -32 -18 56 -12 -19 43 -7 -33 -4 51 -6 -3 -41 -9 -13 -20 -29 -1 -22 -40 -35 -51 -23 -61 -30
right_child=6 3 5 8 15 17 7 35 -10 -11 40 19 -14 27 -16 -17 23 33 21 -21 55 25 -24 -25 -26 -27 -28 53 61 -31 31 44 -34 57 -36 -37 -38 -39 39 49 -42 -43 -44 -45 -46 -47 -48 -49 -50 58 -52 -53 -54 -55 -56 -57 -58 -59 -60 60 -62 -63
leaf_value=0.82559041933989086 0.161594058994908 -0.0071734431066155851 -0.084862200829639967 0.096484160586277845 -0.69363479437342912 0.0055402803346831682 -0.35059259777882484 -0.42299860687537144 -0.84662158606306748 0.97050464353229793 0.092936566992255012 0.053837208658172167 2.4575170950476921 0.17336765171933621 -1.4457969577129997 -1.5709729258312397 0.072494973695625256 -0.54132831657000946 0.29781631383306817 3.1706325382168083 0.044078484174789039 -0.029362083963791565 1.2992003472068334 -0.18645932240446156 0.5632935675323667 0.13257657661376854 0.22999376344690417 0.35146612011207418 0.30212309926550535 0.91134399160662327 0.388330308275393 -0.013917852960343547 -0.32182073613809592 0.86269768434364424 -0.0073676354673858583 -1.6933955946062889 2.6510490988996085 -0.079092041487622167 -0.15094068196847624 0.34338539388820083 -0.97857919174075669 -0.26223045761189573 -0.39098500215230658 0.60821563607125761 -0.11156301201766901 0.35537046378209847 0.31243659502622978 -1.2359110435509342 -0.26851879485985281 -0.25899724994220436 0.12941749761085083 -0.86535915584322098 -0.37983362279716615 -0.57000876659827326 0.060097485343585035 -2.6393435998346728 0.10556116244335677 -0.043190733732434809 -0.082603582367176936 0.076983052930423276 -0.61076319048113248 -0.13343045452029131
leaf_weight=3917.5484947860241 505.42458082735538 2141.6993516534567 2717.1870772987604 5949.0705674737692 11251.752777144313 6329.0429065078497 10900.381704375148 6576.6246436834335 2299.5227980464697 5718.5009223371744 564.98184382915497 1504.7607829719782 870.25725650787354 1530.0255734920502 1305.7013102918863 5118.4318323731422 7317.9112128168344 5141.0392502993345 930.17333643138409 1046.8191305398941 6995.5977856516838 5896.879250138998 3188.2934474945068 2673.0036386102438 13514.024060979486 13836.673271998763 1263.4169651567936 626.68328350782394 2943.4771852791309 3841.8028325438499 2962.561735033989 4153.8420717716217 6821.1800934076309 604.22534692287445 3402.2507468312979 4094.9050244241953 1331.1121225059032 2440.6725351959467 906.15847969055176 615.59446142613888 7040.9272271096706 5352.8961817026138 940.92106576263905 2219.0679862201214 7502.2384803444147 4300.0586032122374 8091.0895238369703 3429.402462720871 5900.505446434021 2210.5893213450909 392.35821530222893 595.25013865530491 123.13662672042847 813.03943073749542 3134.8651542961597 271.82849179208279 7821.9219090640545 2428.516484439373 1698.5897886157036 7596.7474003434181 204.42513191699982 1088.2401197254658
leaf_count=10599 1453 5873 9436 20658 21943 14778 23234 14019 3927 11312 1373 3193 892 3587 3498 9745 17781 11419 2488 1078 10289 15441 8905 6872 26274 31851 3311 1097 4831 6699 6542 10305 19344 673 8061 7690 2987 5923 2306 1931 14985 12281 1815 2718 16307 13180 11783 5564 12738 4074 598 1072 211 1425 7792 410 18584 2535 3404 17145 286 1752
internal_value=-0.000690019 0.0010621 0.00341113 -0.0028492 -0.00512057 0.00115493 -0.00758666 -0.0106029 0.00283941 0.00689924 -0.00739933 0.0035284 0.0057608 0.00453592 -0.000319508 -0.0101221 -0.00195505 -0.00296526 0.00536805 0.00524998 0.00476015 0.00389555 0.00965604 -0.000217311 0.00627923 0.00311793 -0.0028493 0.00778421 0.00932749 0.013187 -0.00365592 -0.00418949 -0.000452543 -0.00536137 -0.00681629 -0.0159391 0.0128866 0.000476852 0.000802315 -0.00113795 -0.0123938 -0.00898566 0.00130651 0.00252011 -0.00634741 0.0029792 0.00311074 -0.00790804 -0.00697686 -0.00577628 -0.0131053 -0.00368467 0.00400554 -0.00229521 0.00671201 -0.000195004 0.00126702 0.0013052 -0.00779246 0.000588441 0.00288945 0.00418313
internal_weight=238906 190507 119024 71483.1 51085.6 72275.8 48398.3 29570.2 20397.6 46748.6 18506.3 45857.8 41030.1 18098 7254.77 19799.6 31286 26418 40159.9 32019.4 30972.6 29919.1 10240.7 23243.8 23705.1 27534.7 18828.2 10843.3 9403.55 5371.83 17564.7 17059.3 13838.4 16928.9 13896.2 11063.9 2384.42 5403.23 20570.8 13252.9 7605.91 10493.9 9489.03 8548.11 11656.1 7017.25 10191.1 14681.2 8042.2 4524.77 6968.98 2100.01 1053.31 1439.72 7052.41 7267.43 8728.08 3032.74 3909.18 13698.1 7801.17 4031.72
internal_count=524277 418537 260248 158289 110815 150339 105740 61899 47474 109909 39592 96059 98597 43547 24156 37252 73563 54280 97705 54099 53021 70409 27296 54952 42322 64723 43841 19391 16869 10286 40530 39077 41960 34969 31761 22307 5686 12465 48080 30299 16358 23700 19311 17496 26612 22616 16048 27507 18611 9409 14617 4265 2699 2522 18391 10699 20890 3208 7478 32872 17431 6583
cat_boundaries=0 1 2 3 4 5
cat_threshold=12 12 12 12 12
is_linear=0
shrinkage=0.05


Tree=17
num_leaves=63
num_cat=6
split_feature=19 8 21 8 7 7 22 8 8 0 17 0 8 3 0 21 0 8 22 32 22 8 17 21 32 21 32 7 22 32 32 3 1 7 8 4 17 3 22 22 8 9 0 7 22 10 7 22 31 8 8 15 9 0 21 17 7 3 9 1 21 32
split_gain=1107.75 430.741 375.552 361.267 297.08 226.785 196.81 130.815 130.528 129.252 127.653 100.29 91.6035 90.1944 88.8902 107.218 75.204 89.853 72.3976 68.2406 65.3019 63.0793 66.3854 61.9075 67.117 61.5735 61.3265 60.5256 59.4724 65.3087 58.6376 57.1495 56.0817 55.1395 52.2646 51.5604 49.4082 47.8674 47.6993 46.9205 43.9189 43.7586 43.6381 43.5885 41.1859 40.9463 40.4025 40.1487 43.2895 38.9105 37.9287 37.722 37.4324 37.1486 35.9252 34.6553 34.4142 33.5904 33.5896 33.2026 33.1888 32.8038
threshold=13.050000190734865 5.5210000000000008 15.900000452995302 34.022500000000008 34.716500000000011 57.251500000000007 20.09999982515971 4.0710000000000006 94.848500000000016 0 3.8500000238418584 1 63.087500000000013 2.5000000000000004 2 10.250000089406969 3 37.305000000000007 11.766666809717817 73.595000000000013 18.66666674613953 129.59150000000002 3.4500000476837163 19.349999666213993 81.855000000000018 9.5499997586011904 73.395000000000024 64.822500000000005 11.299999905129274 73.395000000000024 83.987500000000026 9.5000000000000018 6.5000000000000009 100.18900000000001 132.21150000000003 1.0000000180025095e-35 13.34999990463257 9.5000000000000018 13.666666731238367 9.6666668653488177 154.23000000000005 99.155000000000015 4 5.4910000000000005 20.000000079472866 60.466024999999995 7.9210000000000003 10.366666674613954 47.502000000000002 79.921000000000006 94.848500000000016 2.3918750000000029 7.4910000000000005 5 7.274999976158143 3.8500000238418584 37.022500000000008 7.5000000000000009 82.697500000000005 6.5000000000000009 9.9000001549720782 77.750000000000014
decision_type=2 2 2 2 2 2 2 2 2 1 2 1 2 2 1 2 1 2 2 2 2 2 2 2 2 2 2 2 2 2 2 2 2 2 2 2 2 2 2 2 2 2 1 2 2 2 2 2 2 2 2 2 2 1 2 2 2 2 2 2 2 2
left_child=3 23 6 4 7 11 9 19 13 21 34 39 46 26 36 32 20 43 -6 47 -4 22 -3 24 44 30 -7 -14 41 -30 45 -26 -16 42 60 61 -9 40 -24 57 -31 -10 -15 -18 53 -13 -11 -1 -49 -12 -27 -20 -25 -2 -21 -22 -19 -5 -28 -40 -8 -34
right_child=1 2 16 5 18 8 10 14 28 12 49 25 27 33 15 -17 17 56 51 54 55 -23 38 52 31 50 58 -29 29 37 -32 -33 35 -35 -36 -37 -38 -39 59 -41 -42 -43 -44 -45 -46 -47 -48 48 -50 -51 -52 -53 -54 -55 -56 -57 -58 -59 -60 -61 -62 -63
leaf_value=0.17129514294737239 0.49541420852563606 0.40681373181105385 -0.1887547785867395 -0.025446777463617745 1.0959296008486281 0.0030644986714553294 0.23064714436111303 0.55707201233744008 -0.11042630080371484 -0.18955135570922751 -0.41674144960388126 -0.080501504571136057 -1.484244494403183 0.20188226340663765 -0.048315020253521856 -0.090085255306432896 -0.22573828448988362 -1.2693781758613185 1.0672035420729453 0.74071190064849146 0.16697216710490448 -0.61570355262297383 0.39780221353481038 0.0071340091297347422 2.1590226400847121 -0.58029018916524799 0.54948758286542376 -0.6482906304932019 -1.501811846091859 0.12230332460928413 1.3759428554604705 -0.24113760825441669 0.15368321485960312 0.92872152243233708 -1.2849382175442789 -0.031072941786341526 0.084142962971393565 -1.7538654611684104 -0.47655119163362941 -0.23835538746366094 -0.76826745832766807 0.5156843646630741 -0.24747917214728499 -0.17549669964963288 -0.039588652431870694 -0.91075824925331927 -0.059544722256676078 0.013021895244795779 0.44434786277375321 -2.2260438735615935 -2.4433858579441345 0.29365726523299324 -0.085129526762845728 0.023723415540475325 0.27806375680400802 -0.98512440714604443 -1.179102036701815 0.65935587344787094 1.1087047441965321 0.034035780541340134 -0.1696050829245882 1.425806561196832
leaf_weight=5144.5190485566854 3467.2343109101057 2667.5208583772182 3559.2450505644083 3898.9465941041708 8672.008659273386 863.94477827847004 1499.0492393821478 4756.8292719721794 4057.1561045348644 4259.3654636889696 5375.283867418766 4473.2167171388865 2750.2800025343895 7321.1977525353432 6260.445281535387 10556.926762029529 2917.881713539362 3512.6903300881386 1823.7235084623098 1687.8487693667412 426.63404086232185 3672.3400814682245 4515.7358369529247 1844.8718479275703 808.09553104639053 4880.1592276394367 1640.4404142796993 3200.7669851779938 2330.8818559795618 4569.4847210347652 306.63667511940002 134.24665725231171 7406.5470669716597 3471.2598275840282 661.32269920408726 3414.4442093372345 4752.3879871964455 580.06268188357353 2695.5244095921516 8505.7661180943251 1038.3083708882332 3230.1778318732977 2780.4150141775608 7984.7245254814625 3309.3157143741846 2741.1865913569927 11467.176755651832 7723.5120498538017 1000.236578732729 3171.8269839882851 953.91615106165409 6336.024670407176 1988.7942079752684 9845.3008201122284 3839.5257540941238 3091.4877678453922 5178.0132568180561 2141.465702265501 1410.2663261294365 6756.6088620126247 1955.4661441743374 1729.0505270957947
leaf_count=14990 8979 5876 7404 9401 18408 3013 3366 12812 6980 9820 12761 10517 5304 14269 14056 24278 6870 7194 4703 2626 876 5824 10000 4563 1237 10693 3049 5447 4243 6729 501 211 18194 5812 1161 7554 12246 896 5987 19019 1535 5040 6306 17322 8909 4884 25441 24497 2124 5530 1554 11411 4597 24755 6401 6842 9664 4265 2543 15561 4629 2566
internal_value=-0.00073168 -0.00465272 -0.00631361 0.00222328 0.00454687 -0.000628467 -0.00393972 0.00285669 0.00215796 -0.00229174 -0.00940319 -0.00395336 -0.00497552 0.00513422 0.00118332 -0.000178039 -0.0111774 -0.0127755 0.0103978 0.00621056 -0.00672429 0.000575353 0.00188498 0.00165923 0.0029157 -0.0070796 0.0118196 -0.0102611 -0.00113504 -0.00397152 -0.00409392 0.0158896 0.00208516 0.00320531 -0.00216814 0.00401329 0.00538171 -0.00128394 0.000504409 -0.00107721 0.000131503 0.00218084 0.00133681 -0.00975737 0.00217926 -0.00500491 -0.00297806 0.00433767 0.0022713 -0.0128865 -0.0109394 0.00701587 -0.00409661 0.00342014 0.010908 -0.0115636 -0.016575 0.00229159 0.015149 -0.00151518 0.000298567 0.0059724
internal_weight=239016 102717 81318.9 136299 75104 61194.9 54648.3 58272.3 33293.6 41985.3 12662.9 27901.3 21677.6 17487.5 38876.6 29367.4 26670.7 19593.3 16831.8 19395.6 7077.37 20307.7 16635.4 21397.9 17564.2 13355.1 3914.65 5951.05 15806.1 8518.74 7521.04 942.342 18810.5 13572.9 4115.84 12550 9509.22 6187.86 13967.9 14546.2 5607.79 7287.33 10101.6 10902.6 16621.9 7214.4 15726.5 13868.3 8723.75 8547.11 5834.08 8159.75 3833.67 13312.5 5527.37 3518.12 8690.7 6040.41 3050.71 9452.13 3454.52 9135.6
internal_count=524245 226130 172879 298115 176866 121249 116707 142344 60415 89260 27447 60834 46012 34992 91706 66648 56172 41050 34522 50638 15122 43248 37424 53251 44091 28149 8605 10751 25423 13403 15902 1448 42370 26387 9156 28314 25058 9160 31548 32685 8264 12020 20575 24192 42643 15401 35261 41611 26621 18291 12247 16114 9160 33734 9027 7718 16858 13666 5592 21548 7995 20760
cat_boundaries=0 1 2 3 4 5 6
cat_threshold=8 12 12 8 12 8
is_linear=0
shrinkage=0.05


Tree=18
num_leaves=63
num_cat=3
split_feature=21 22 0 10 10 10 11 10 3 22 21 6 6 17 20 0 14 22 22 32 11 32 3 22 3 24 10 18 10 10 10 4 18 0 4 24 15 31 17 4 13 32 31 31 9 3 3 31 15 21 31 10 17 14 31 23 1 10 32 25 10 31
split_gain=1032.06 488.565 291.789 329.621 284.631 264.716 172.147 168.596 138.887 175.146 116.745 114.281 112.259 101.932 101.74 98.7144 128.816 86.1256 85.4972 75.3819 68.5983 66.8703 65.6537 65.2032 63.9439 60.8823 60.7115 54.1934 56.6853 53.9593 53.5939 53.3553 51.0687 50.6554 49.9138 54.9932 49.5667 48.8096 55.9003 58.3423 49.7476 47.843 47.5385 53.9765 46.9511 46.8201 46.1945 59.2785 45.5816 44.6753 43.4996 42.9229 41.8187 41.8166 41.2863 39.9831 39.6795 39.3369 40.5396 42.0662 38.7172 37.6845
threshold=10.375000000000002 16.733333647251133 0 19.786800000000003 21.346000000000004 45.567025000000001 41.138187500000008 36.706675000000004 1.5000000000000002 18.000000476837162 15.499999642372133 4.5000000000000009 4.5000000000000009 -1.2499999999999998 69.500000000000014 1 92.35045238095239 18.09999982515971 21.966666698455814 77.547500000000014 92.05358333333335 69.235000000000014 6.5000000000000009 13.333333412806196 7.5000000000000009 579.50000000000011 78.77170000000001 23.150000095367435 2.1315000000000004 22.477875000000001 2.7992500000000002 1.0000000180025095e-35 14.849999997764828 2 1.0000000180025095e-35 32.500000000000007 2.3918750000000029 65.46050000000001 10.750000000000002 1.0000000180025095e-35 30.385000000000002 67.687500000000014 55.016000000000012 48.242500000000007 22.551000000000005 8.5000000000000018 2.5000000000000004 39.972000000000001 28.457708333333336 20.250000238418583 27.780000000000005 146.91130000000001 11.050000190734865 37.4898796583851 28.167500000000004 12.550000190734865 4.5000000000000009 153.14272500000001 70.352500000000006 29.250000000000004 88.527450000000002 47.502000000000002
decision_type=2 2 1 2 2 2 2 2 2 2 2 2 2 2 8 1 2 2 2 2 2 2 2 2 2 2 2 2 2 2 2 2 2 1 2 2 2 2 2 2 2 2 2 2 2 2 2 2 2 2 2 2 2 2 2 2 2 2 2 2 2 2
left_child=5 2 7 14 13 6 17 25 26 15 42 18 31 -3 27 21 -17 19 20 29 -6 -10 57 33 32 37 -7 28 -4 34 -15 -8 -21 -9 35 52 -23 38 -2 40 -40 -36 43 45 -28 -5 47 51 -31 56 55 -13 -1 54 -30 -26 -32 58 60 61 -11 -60
right_child=1 4 3 10 11 8 12 23 9 22 -12 46 -14 30 -16 16 -18 -19 -20 24 -22 36 -24 -25 50 -27 44 -29 53 48 49 -33 -34 -35 41 -37 -38 -39 39 -41 -42 -43 -44 -45 -46 -47 -48 -49 -50 -51 -52 -53 -54 -55 -56 -57 -58 -59 59 -61 -62 -63
leaf_value=0.26747100980454325 0.63966982293191832 0.16462906494483329 0.036207679495787001 -0.25148271275728568 -0.84532762172892828 0.73501973823863853 1.5364466625829101 0.31693150417791904 -0.10320340435255955 -0.18329750190543131 -0.69809686582390462 0.38079584718646786 0.22292068107646373 0.0081096463999153941 0.058736457244623834 -0.51398514369534432 0.52712518824292154 -0.053122727244626945 -0.9713909195267153 -0.22318061553862245 -0.29529766572657412 0.67082603324168633 -1.1381238996760548 -0.39563311847610305 -0.33354174251750884 -0.056818392513635768 -0.89553004900338351 0.67796006136291398 -0.28385729195016068 0.065547597458134335 -0.16834497223969666 0.37110789752371176 1.0534175511667747 -0.14752184640108418 0.11750835696989935 0.36036120092931578 0.23303258309993208 1.7877962940039251 -0.11705625058669322 -0.089603995353714105 0.7843385418029597 -0.033732987404173874 -0.0069331546286639069 -0.67335237100661893 0.26008089863295725 -0.76742285405791921 -0.64568440710856112 -0.96125046746101983 -0.2462549764749965 -0.10868664403472528 0.59410958411807391 -4.3720061975640663 -0.005919188396685305 0.27285974965927323 -0.073883973016745097 0.5016276924273726 -0.050025483585455312 -1.6462305814667872 0.34022030422700339 -0.27377078332667504 -1.8240135881472623 -0.85583025133134005
leaf_weight=5381.87291264534 5858.4973320066929 2385.0396690368652 1802.488682359457 5546.4429095238447 8660.9745169430971 1939.547305315733 6783.1647061407566 8749.1529964208603 7679.0938377231359 1336.3669696301222 5463.060135871172 1638.0079267024994 5984.1283129006624 3469.6138134151697 9565.5897815823555 6760.8651503920555 1518.9180546402931 6550.0199795216322 5801.4524927586317 400.41832104325294 2229.4315700381994 2387.4998857825994 3900.8815928250551 9039.8949845731258 390.62044608592987 2157.8641983568668 434.78628256917 653.99110497534275 579.43301033973694 6003.3438864052296 2061.0573877990246 5029.8048885166645 439.92309829592705 7230.7161672860384 3504.7210421413183 6087.9696501940489 13810.098655417562 734.77048861980438 921.03256526589394 2544.2515150606632 3032.3156798630953 4674.8057671189308 2108.9447286128998 1834.8655983805656 2627.844897761941 1440.4094778746367 9993.0259288102388 660.99477723240852 1591.5000682920218 2555.4228604882956 5918.9049198627472 165.21023637056351 3898.4887621700764 903.2040496468544 10321.819926396012 172.55566376447678 9736.5562451332808 391.75464543700218 1593.1606298536062 634.95131008327007 570.18474628031254 464.99636527895927
leaf_count=14089 15997 6393 4973 14201 18690 3625 14377 18428 21420 5427 10799 3072 12417 9154 21381 13254 2367 17196 12771 481 3620 3589 6270 18119 680 4482 852 1711 1067 17123 4930 10095 1032 14309 11482 15768 20633 761 3442 5828 7346 10705 2300 2671 4527 3075 19865 1781 4160 5911 7449 255 11187 1386 25174 298 23733 640 2544 1018 1275 704
internal_value=-0.000737259 -0.00374758 -0.00134582 -0.00435743 -0.00766415 0.00285328 0.00496439 0.00166288 -2.62653e-05 -0.000984869 -0.00981518 -0.0108255 0.00912725 -0.00310366 -0.000603823 0.00073267 -0.00396866 0.0033184 -0.0135302 0.00422088 -0.0109166 0.00236373 -0.00719525 -0.000862453 0.00878542 0.00580726 0.00783884 -0.00327962 -0.00395559 0.0031474 -0.00440276 0.0119535 -0.00418734 0.00105736 0.00432933 0.00600866 0.00418656 0.00708989 0.00634426 0.00315012 0.00695032 0.00117374 -0.00683119 -0.00844325 0.00345326 -0.00643732 -0.00720058 -0.0010686 -0.000517278 -0.00575074 0.0104676 0.0036274 0.00358553 -0.00521664 -0.00607327 -0.00280664 -0.00445177 -0.0033961 -0.0020987 0.00185081 -0.00767563 0.00532167
internal_weight=238709 129846 80488.7 40220.2 49356.8 108863 62812.2 40268.5 46051 41048.8 16393.7 29149.1 17797.1 20207.7 23826.5 32156.5 8279.78 45015.1 16691.9 38465.1 10890.4 23876.7 8892.3 25019.8 7322.42 15248.7 5002.18 14260.9 13606.9 31142.7 17822.7 11813 840.341 15979.9 23547.9 15368.3 16197.6 13090.9 12356.1 6497.6 3953.35 8179.53 10930.7 8821.72 3062.63 6986.85 12457.2 2464.21 7594.84 14353 6482.08 1803.22 9280.36 11804.5 10901.3 563.176 11797.6 4991.41 4599.66 2693.11 1906.55 2058.16
internal_count=524309 287625 177450 88738 110175 236684 148539 88712 88145 79141 33046 60054 36889 50121 55692 61263 15621 111650 35081 94454 22310 45642 17878 50856 9940 37856 9004 34311 32600 84514 43728 24472 1513 32737 63231 41044 24222 33374 32613 16616 10788 22187 22247 19947 5379 17276 24973 5108 21283 34574 8427 3327 25276 27627 26241 978 28663 11608 10968 4266 6702 3248
cat_boundaries=0 1 2 3
cat_threshold=12 12 8
is_linear=0
shrinkage=0.05


Tree=19
num_leaves=63
num_cat=0
split_feature=21 22 10 10 7 21 7 22 22 10 28 18 6 31 6 1 11 32 2 22 13 10 18 1 3 32 31 2 9 21 16 13 6 13 10 14 31 16 2 22 6 12 28 10 20 3 2 32 31 3 16 3 12 18 13 18 14 9 21 10 14 9
split_gain=971.043 409.965 318.465 270.686 191.688 159.023 134.02 125.1 123.285 112.222 104.13 99.7162 93.0247 89.5547 89.0626 84.8088 76.5856 75.7228 74.3608 71.7422 69.9109 72.5468 68.0129 65.5581 62.4317 58.2951 57.0774 55.6705 59.204 54.0294 53.3017 52.5802 62.9455 50.1229 49.9491 46.4338 46.4217 45.9291 43.1279 42.8237 41.5101 41.4391 40.4511 40.2402 39.756 39.0998 39.0724 72.8763 57.241 40.3265 36.74 50.4452 35.9977 35.5047 35.3546 35.3397 34.6335 34.602 34.3166 33.1169 34.1365 32.8084
threshold=10.799999773502352 13.666666731238367 23.206250000000001 59.838500000000003 56.443500000000007 16.000000119209293 59.994000000000007 19.433333476384487 12.933333317438764 153.14272500000001 15.000000059604647 15.250000007450582 4.5000000000000009 75.473500000000016 2.5000000000000004 5.5000000000000009 74.804583333333355 75.557500000000019 4.5000000000000009 16.533333698908489 118.45000000000002 17.878350000000001 3.2500000000000004 5.5000000000000009 1.5000000000000002 81.980000000000004 29.307000000000002 3.5000000000000004 100.31500000000001 19.750000238418583 50.22277083333335 123.82650000000002 5.5000000000000009 27.218500000000002 12.199125 21.586488095238096 75.473500000000016 37.176583333333348 5.5000000000000009 22.59999982515971 3.5000000000000004 3.4200000000000004 13.666666746139528 47.828275000000005 49.500000000000007 10.500000000000002 4.5000000000000009 78.122500000000016 33.785500000000006 7.5000000000000009 14.6726875 10.500000000000002 72.326000000000008 13.449999988079073 56.855000000000011 10.149999856948854 4.2929114906832302 90.946500000000015 6.5999999493360528 21.346000000000004 40.529464285714297 2.1225000000000005
decision_type=2 2 2 2 2 2 2 2 2 2 2 2 2 2 2 2 2 2 2 2 2 2 2 2 2 2 2 2 2 2 2 2 2 2 2 2 2 2 2 2 2 2 2 2 8 2 2 2 2 2 2 2 2 2 2 2 2 2 2 2 2 2
left_child=3 5 11 4 8 20 19 16 13 10 27 23 24 22 52 55 42 -18 59 36 21 44 34 -3 -9 38 -13 28 -8 46 58 32 -7 37 56 54 -5 -23 -16 57 -22 -34 -4 -35 -2 -32 -25 48 -48 -49 51 -14 -6 -30 -36 -10 -1 -12 -24 -17 -61 -51
right_child=1 2 7 6 14 31 9 12 15 -11 39 26 50 -15 25 18 17 -19 -20 -21 40 33 30 29 -26 -27 -28 -29 53 -31 45 -33 41 43 35 -37 -38 -39 -40 -41 -42 -43 -44 -45 -46 -47 47 49 -50 61 -52 -53 -54 -55 -56 -57 -58 -59 -60 60 -62 -63
leaf_value=-0.025077387790790096 0.0053195653198156558 -0.10939078481395868 -0.78572491665008648 -0.29269410499602661 0.99338220480968609 -0.21800081770583085 -0.10129890034420415 -0.12311751780676095 -0.13467258243846439 -1.1160180951149685 0.15973936663206639 1.1073915221178747 -0.029332495577078177 2.847933590246094 0.50654852382353066 0.23302538429764921 -0.79429696711112863 0.20887218110416417 -0.049635768687141195 -1.1303666724283363 0.67869269743021787 -0.18024373838203139 0.7294440965017257 0.017338001842058505 -0.99753126582332874 1.4710243852147422 0.0097909645425610769 -0.3308433686770087 0.30244867974088979 -0.072602650584961778 -0.10104652840952984 0.044171481960548209 0.11624022600248962 0.10846013097872076 -0.14028869360604174 0.14324484871607651 2.6846922475249406 -0.50387641359808033 -0.07410683072847446 -0.091080756548474723 0.17928167691515071 -0.220033988274147 -0.50957822697626642 -0.30296990492311454 0.1442388441819227 1.4691513266601479 0.017976657229053974 -0.23170812407910649 -0.11932342776740196 -0.15171715120766574 -0.77453773947928806 -1.4602450628475894 2.7148149761053504 0.82084378280984804 2.2720612548199455 0.019740558257992993 0.18013325993739804 0.54060081379288505 0.25725627027292569 -0.04887240557945019 0.47237941722923182 0.38724022391936652
leaf_weight=1044.3166783601046 6969.1698385477066 5598.9326679706573 7113.758381485939 8055.4250702410936 4108.6200263500214 7877.0625745356083 6129.8035012185574 841.7722002863884 5074.622803747654 2365.7836670875549 3600.8097657561302 1368.2057427316904 2169.7373591512442 1182.3288601636887 6266.2215248644352 7274.2637128829956 3871.5508992671967 3561.1894920766354 6435.9278245419264 3506.6828832626343 4038.495178103447 2259.7701788544655 5470.9021109044552 9764.78275385499 8579.6540344059467 1062.1136630773544 2508.3074799776077 5469.8742848932743 2927.4887364953756 3901.9462483227253 1552.7180204093456 3145.1560728549957 1512.8751349896193 5575.5993160903454 3558.1377053558826 5238.6131368428469 230.47725123167038 866.94346794486046 2091.0870440751314 1294.8290054947138 5588.462842553854 1392.2892778515816 9583.5596630275249 5708.3403731137514 5233.2298957407475 303.94420045614243 1843.1959249079227 151.20245754718781 4479.0714390873909 201.00183665752411 4709.0776563882828 441.59190979599953 1160.8154090791941 986.35657551884651 232.23749430477619 3051.6708731949329 5754.211733981967 4854.8327220976353 10231.292389035225 3903.8924133479595 2341.9495044201612 1067.2123509645462
leaf_count=2881 17656 13729 15339 15876 9285 17798 11978 1939 11836 3551 6610 2524 5501 1215 13643 18579 7862 5043 15615 7242 8052 5598 12975 24939 17995 1471 7862 9094 4640 8896 3299 6448 3282 13018 9330 10541 237 1335 4775 2186 10800 2913 20762 12024 12446 935 4721 182 10633 228 8191 957 1775 1647 495 8264 14319 7827 25921 10555 5228 1258
internal_value=-0.000788639 -0.00390956 -0.00633381 0.00247023 0.004189 -0.000442026 -0.000901717 -0.00922928 0.0029836 0.00100288 0.00197812 -0.00250175 -0.0125504 0.00498266 0.00932969 0.000522715 -0.00692464 -0.00270221 0.00227611 -0.00536386 0.00130312 -1.7751e-05 0.0045034 -0.00357815 -0.0158359 0.00641655 0.00499643 -0.000566797 0.00164359 -0.00231813 0.00664592 -0.0049828 -0.00664192 -0.00241989 0.00212624 -0.000311168 -0.00282615 -0.00802068 0.00501299 0.00602685 0.00495421 -0.000351046 -0.00880397 -0.000867374 0.00281907 -0.00136478 -0.00113207 -0.00378473 -0.00608326 0.00645033 -0.00832027 -0.00356166 0.0145349 0.00644697 -0.00452587 -0.0037829 0.00536287 0.00732343 0.00759315 0.00438182 0.00171084 0.0093628
internal_weight=238685 121923 71755.8 116762 77339.9 50167.4 39422.4 40871.9 62651 27629.8 25264 30883.9 16741.8 34568.7 14688.9 28082.3 24130.1 7432.74 19956 11792.6 36240 26613.1 33386.4 27007.3 9421.43 9419.42 3876.51 15513.5 10043.6 21408.4 17558.9 13927.4 10782.2 14410.7 15827.5 9028.99 8285.9 3126.71 8357.31 9750.47 9626.96 2905.16 16697.3 11283.9 12202.4 1856.66 17506.5 7741.68 6322.27 1419.42 7320.41 2611.33 5269.44 3913.85 3790.38 8126.29 6798.53 8455.64 15702.2 13520.1 6245.84 1268.21
internal_count=523756 269931 158561 253825 182937 111370 70888 83589 151988 47533 43982 74972 34583 81911 30949 70077 49006 12905 49977 23355 80929 62077 80696 64586 19934 19889 10386 27359 18265 50857 43130 30441 23993 31975 37566 20366 16113 6933 18418 16623 18852 6195 36101 25042 30102 4234 41961 17022 15354 1668 14649 6458 11060 6287 9825 20100 17200 14437 38896 34362 15783 1486
is_linear=0
shrinkage=0.05


Tree=20
num_leaves=63
num_cat=7
split_feature=19 8 8 0 7 8 7 8 19 8 14 7 12 27 17 2 8 7 28 7 20 0 2 17 8 18 5 0 17 2 14 7 5 8 3 0 14 8 0 20 17 27 32 2 17 0 24 32 8 2 3 31 8 20 3 0 16 32 8 8 2 16
split_gain=902.987 333.168 291.708 273.165 246.464 241.703 179.754 142.845 124.361 117.828 110.267 105.303 101.649 96.4211 86.1641 84.0595 77.279 77.7797 93.0149 74.1048 70.3873 64.969 64.8483 61.9556 61.6014 59.68 59.0992 59.0414 56.8231 55.5032 55.1153 55.0329 53.5954 51.7436 50.1096 50.6809 49.6612 49.0154 48.7489 48.3435 44.9009 44.0017 43.1834 42.2202 41.0786 38.6675 37.7777 36.8763 36.7782 35.8578 37.6438 35.9674 35.6821 35.3562 35.2547 34.8741 34.6389 34.0165 34.0043 33.8542 33.5823 33.4654
threshold=14.949999809265138 17.142500000000002 9.0315000000000012 0 54.121500000000005 72.747500000000016 18.493500000000001 59.144000000000005 23.849999427795414 49.672500000000007 41.202827380952385 8.1535000000000011 38.235000000000007 12.800000190734865 4.7500000000000009 4.5000000000000009 132.21150000000003 117.40350000000002 14.766666809717817 81.445000000000007 28.500000000000004 1 3.5000000000000004 0.55000001192092907 94.848500000000016 15.949999988079073 1.0000000180025095e-35 2 -0.45000000298023218 4.5000000000000009 64.808333333333351 86.08250000000001 1.0000000180025095e-35 132.21150000000003 1.5000000000000002 3 7.1696972049689434 0.62600000000000011 4 465.50000000000006 16.550000190734867 11.699999809265138 77.147500000000022 4.5000000000000009 5.9500000476837167 5 12.500000000000002 81.980000000000004 4.2310000000000008 3.5000000000000004 8.5000000000000018 28.167500000000004 53.105000000000011 28.500000000000004 7.5000000000000009 6 41.142541666666673 69.235000000000014 95.961500000000015 114.12600000000002 3.5000000000000004 -0.35095833333333343
decision_type=2 2 2 1 2 2 2 2 2 2 2 2 2 2 2 2 2 2 2 2 8 1 2 2 2 2 2 1 2 2 2 2 2 2 2 1 2 2 1 10 2 2 2 2 2 1 2 2 2 2 2 2 2 10 2 1 2 2 2 2 2 2
left_child=1 6 26 8 7 19 13 10 24 11 20 -5 -11 46 33 38 17 18 -7 52 45 54 36 -13 31 -21 34 -18 55 59 -23 44 39 -10 42 49 -15 -37 -8 47 43 -12 -2 -22 -4 -3 -1 -17 -24 -36 -51 -52 -6 -45 61 -14 -40 -26 -32 -19 -48 -9
right_child=2 4 3 9 5 16 15 21 14 12 41 23 28 22 -16 32 27 29 -20 25 40 30 48 -25 57 -27 -28 -29 -30 -31 58 -33 -34 -35 35 37 -38 -39 56 -41 -42 -43 -44 53 -46 -47 60 -49 -50 50 51 -53 -54 -55 -56 -57 -58 -59 -60 -61 -62 -63
leaf_value=-0.031486640860114039 0.019776800946487563 -0.090550043651066614 0.32535224678430108 -0.29015229925567093 0.41356956814253404 -0.3111067947683448 1.4587668762733967 1.2133038568189316 0.1810867348964309 -1.3892884740255029 -0.032379830818652165 0.13483662692862408 0.31919197738365174 0.031608374132450601 -0.86351305407794432 0.23994230979403738 0.013401747441077383 1.0827152780342011 0.17206574874455002 0.72010865997393836 0.17718528925055918 -1.2062061490050764 0.073734407858961154 -0.21411707091152118 -1.4797128573040397 1.4134873951786995 -0.18360503677971618 -0.98780693833650668 -1.1617817380580746 -0.13137190773848939 0.29236417083520266 0.55187680831863284 -0.31877187167464865 -0.95587672994762007 0.085045758525184395 0.032302554395024545 0.47721870564035146 -0.0620470028001225 0.55393534477796769 -0.077771275671837267 -0.10941703770452511 0.29982988215928552 2.7321414726559543 0.90395236527739731 -0.21678954582108304 -0.28378192464122315 0.14936656330248008 0.91847223838181202 -0.035654218703713859 -0.044244858956510494 -0.18979714314157969 0.073995993564569859 0.040600944827359965 -0.32245877830042319 -0.0099542564076873907 -0.89059014431891326 0.097333248210660639 -0.20553112464702999 -1.4307021960206749 0.35323789674091643 -0.010923684472200802 -0.65372338166071442
leaf_weight=11880.097636058927 658.77467253804207 3940.227173268795 2125.3366368412971 5053.2350927889347 4698.086511105299 9225.398069858551 3873.5187302231789 210.02265042066574 1788.960280045867 8520.0511948764324 5369.3920305371284 1973.2868066132069 837.16562438011169 3421.4019062966108 6952.4593447446823 6632.9420013576746 2837.9926043897867 1984.0843110531569 6274.7349966317415 6749.2323040962219 6117.4507769346237 4542.4667715877295 6031.2070183008909 11324.029965937138 1591.7891395390034 1589.851049810648 965.81992109119892 3942.4991030395031 2479.5300873368979 1531.154777020216 827.85907323658466 2866.6069255620241 334.91952076554298 430.65947960317135 5125.1211148351431 1873.7991206198931 8135.2497932761908 5039.0775093883276 5527.7721113711596 1154.5567196160555 5513.3513629585505 7830.6058877259493 580.17184498906136 106.70290793478489 6183.1077960878611 7558.9300884902477 3930.0524105578661 547.7664932012558 4653.3399335592985 4215.0377793163061 157.27375835180283 2359.1729599833488 4687.7040071338415 1494.7240357846022 3399.2811527401209 599.06062471866608 1546.6023474186659 5706.7220520526171 1062.9209500849247 1875.214663490653 3750.2163981199265 4500.8197495043278
leaf_count=31038 2180 10866 5905 11691 10824 16608 9212 289 3998 16431 11238 5116 1613 9622 15074 14354 4426 3245 10795 11891 15893 8893 14954 24413 4160 3203 2221 6221 4544 2429 1503 5537 705 786 12843 5262 18346 11677 11792 2464 14740 16378 991 645 15118 16585 9986 635 10504 9667 270 5683 11333 3506 6270 1254 2947 8701 1522 2997 9409 10428
internal_value=-0.000767634 0.00140367 -0.00512327 -0.0069389 -0.000407818 0.00228981 0.00429019 -0.00274154 -0.00332686 -0.0101779 -0.00112614 -0.00763403 -0.0139389 0.00243703 -0.00808699 0.00823851 -0.000630201 0.000875213 -0.000924027 0.00684816 -0.0030956 -0.00695439 0.00468896 -0.00529844 -0.000964959 0.0102779 -6.50225e-05 -0.0052678 -0.00726816 0.0060481 -0.0107048 0.00136839 0.00455995 0.000489822 0.000518362 -0.000124746 0.0072848 -0.00352414 0.0111511 0.00534853 -0.000608875 0.00256378 0.0102534 0.00185262 -0.000692808 -0.00595681 -0.000123639 0.00687531 0.00188082 0.00185877 -0.000538985 0.00429914 0.00380016 -0.00537258 -0.00396041 0.000646021 0.00863551 -0.00453735 -0.00354573 0.00924318 0.00260905 -0.00676515
internal_weight=238697 159290 79406.2 58432 97870.7 45396 61419.6 52474.8 27645.6 30786.4 37931.4 18350.6 12435.8 41801.6 9172.08 19618.1 27671.1 20890.6 15500.1 17724.9 24731.4 14543.4 22241.2 13297.3 18473.6 8339.08 20974.2 6780.49 3915.76 5390.45 6433.25 11175.1 8670.18 2219.62 20008.4 18769.5 11556.7 6912.88 10947.9 8335.27 13232.2 13200 1238.95 7718.88 8308.44 11499.2 19560.4 7180.71 10684.5 11856.6 6731.48 2516.45 9385.79 1601.43 8110.12 1436.23 7074.37 7298.51 1890.78 3859.3 7680.27 4710.84
internal_count=523831 348696 175135 124341 202728 83972 145968 118756 59279 65062 89851 41220 23842 103859 19858 42109 46721 36074 27403 37251 62235 28905 53426 29529 39421 15094 50794 10647 7411 8671 11918 26560 18158 4784 48573 45402 27968 16939 23951 17453 34784 27616 3171 20044 21023 27451 50433 14989 25458 28463 15620 5953 22157 4151 16987 2867 14739 12861 3025 6242 19395 10717
cat_boundaries=0 1 2 3 4 5 6 7
cat_threshold=8 12 8 9 12 12 6
is_linear=0
shrinkage=0.05


Tree=21
num_leaves=63
num_cat=2
split_feature=22 3 8 0 8 14 14 10 32 12 5 20 5 32 32 8 2 20 1 22 8 32 28 7 24 1 14 2 8 22 16 8 5 8 3 28 22 18 22 12 13 32 2 8 25 3 16 0 25 2 3 8 8 32 8 22 9 3 8 8 1 3
split_gain=813.237 437.401 352.229 372.503 294.899 196.878 170.345 176.29 153.26 143.876 118.01 117.073 109.487 108.439 104.241 100.913 98.1735 96.6869 94.6191 93.8664 92.1983 83.4716 81.6964 80.313 77.9691 74.3039 72.4545 73.2283 77.5913 68.6109 64.9925 64.9578 61.2269 87.158 56.5676 56.536 55.9176 55.8502 58.9108 50.3533 49.6652 48.2996 47.7091 47.1169 46.5997 46.2954 44.1977 42.8668 42.5672 42.4809 51.4544 42.3826 40.8536 40.4724 39.4163 38.2995 38.0544 37.7413 37.6452 37.1557 42.118 36.9709
threshold=16.733333647251133 1.5000000000000002 17.142500000000002 0 49.672500000000007 30.489193452380956 64.384791666666686 60.466024999999995 72.990000000000009 41.144000000000005 1.0000000180025095e-35 21.500000000000004 1.0000000180025095e-35 79.885000000000005 77.547500000000014 79.921000000000006 4.5000000000000009 461.50000000000006 6.5000000000000009 22.466666618982952 114.12600000000002 69.822500000000005 21.000000476837162 113.47100000000002 421.50000000000006 6.5000000000000009 4.7776904761904779 4.5000000000000009 4.8685000000000009 10.933333436648054 47.532083333333325 54.662500000000001 1.0000000180025095e-35 78.903500000000022 4.5000000000000009 16.20000048478445 20.400000413258876 13.050000011920931 12.866666555404665 37.773500000000006 38.490000000000002 62.110000000000007 4.5000000000000009 -0.79499999999999993 21.44999980926514 7.5000000000000009 0.073312499999994798 1 25.650000572204593 1.0000000180025095e-35 2.5000000000000004 226.77150000000003 3.9715000000000003 67.240000000000023 91.231500000000025 9.5333333412806223 90.946500000000015 8.5000000000000018 33.096000000000011 -3.2384999999999997 15.500000000000002 4.5000000000000009
decision_type=2 2 2 1 2 2 2 2 2 2 2 8 2 2 2 2 2 10 2 2 2 2 2 2 2 2 2 2 2 2 2 2 2 2 2 2 2 2 2 2 2 2 2 2 2 2 2 1 2 2 2 2 2 2 2 2 2 2 2 2 2 2
left_child=2 13 5 8 19 12 7 11 10 36 24 39 18 31 21 56 55 57 37 25 23 30 46 35 29 52 43 28 -28 42 -13 -2 33 -15 -14 -10 47 38 40 -5 -1 -21 -4 -20 -27 -16 -11 -6 -24 -17 -51 -22 -3 -45 -31 -7 58 -18 -8 -29 -61 -56
right_child=1 4 3 6 9 16 15 -9 20 22 -12 14 34 32 45 49 17 -19 26 41 51 -23 48 -25 -26 44 27 59 -30 54 -32 -33 -34 -35 -36 -37 -38 -39 -40 -41 -42 -43 -44 53 -46 -47 -48 -49 -50 50 -52 -53 -54 -55 61 -57 -58 -59 -60 60 -62 -63
leaf_value=-0.026955131058267325 0.021281090838940898 -0.0043095989616271984 0.33806818684725126 -0.31630165928028475 -0.85917675567281548 1.7432196666459054 1.4388157530985528 -1.4881041501592216 0.15562749012867397 0.11503220117433198 -1.2525367073234903 0.074331027378937625 0.073554518845529993 1.2000723153601265 -0.12444484120898863 0.54400561516270085 0.30693817057038653 -0.12002953014985783 0.15300069522480808 0.066861218589983284 0.032074771286261239 -0.35403495960254655 0.45693902551325466 1.3748815796397573 -0.49834393322771292 -0.046859370126405155 0.55824337039765748 0.54936660821123984 0.16850272160004384 0.017474197258808843 -0.68881458975449616 -2.0218551686091861 -0.27057988001833932 0.19818780699674587 -0.22205374638412181 0.54717384207956954 -1.4345007213116416 0.13735288758706918 -0.091063422990259615 0.14795962150494316 0.25718889435546233 -0.14783570834268486 -0.084436551739795696 0.16773602180304514 0.056068466046887158 1.209672057145889 -0.91083387042331165 -1.2583210335301229 -0.089671351096256791 0.014785966022824405 -1.6371120268752215 -2.6885051414208823 -0.23487538881851577 -0.050428544381564057 -1.3858800236959139 0.88943187924801193 1.1393965997808764 0.48986778437147827 0.10746624749000296 -0.028532023803468077 0.11077152651548952 -0.11546094796952176
leaf_weight=5553.2541446238756 2070.7608200460672 2050.2451909631491 10746.079014390707 10028.17573697865 6161.3870031088591 2628.6098985224962 528.65973088145256 5624.2369317114353 10768.303904473782 943.69456996023655 1411.5573724657297 5609.1824464648962 521.74968791007996 2502.7024824023247 375.93146276473999 674.27289366722107 4027.3339484632015 1817.5759455859661 438.73393724858761 1117.187741458416 6798.598790794611 4800.2935490608215 814.90690745413303 3091.4537960588932 3371.8260946273804 14927.342170834541 6183.9140731394291 296.98501707613468 9518.2561394274235 10307.926625818014 433.9983406662941 448.91704024374485 278.28417211771011 3089.487327337265 1356.9941308647394 7238.7626263797283 7982.2648261189461 3982.8698011338711 3549.0107505023479 865.19757428765297 2134.4773343503475 9970.8657292723656 3441.5685462206602 1307.7092802226543 7832.5514235198498 1943.1778270602226 7211.3651079684496 2798.0899061709642 942.1031936109066 1853.5949562489986 1342.9111834317446 322.85793536901474 5717.9532437473536 3301.4079188108444 2143.1438120007515 5868.2884138673544 877.54211862385273 2647.9776038080454 1482.5092141926289 4352.3232901990414 3604.1095100641251 2584.7294174879789
leaf_count=14229 6967 5804 28027 20889 12440 5266 770 9917 16838 2661 3552 19933 1201 4150 462 1059 8039 3329 1398 5320 9302 7067 1589 4684 8257 35151 15406 1051 21902 29482 900 1668 471 5021 3247 11588 15802 10155 8987 2269 5056 22967 8268 4267 18673 2130 12881 4961 1536 2980 1909 465 12709 8924 4315 11759 1341 4441 3065 10354 8618 5968
internal_value=-0.000762405 -0.00499694 0.00124967 -0.000616068 -0.00631731 0.0041674 -0.00462994 -0.00626261 0.00173494 -0.0104022 -0.00052522 -0.004399 0.00247172 0.00577772 -0.00122562 0.00253197 0.0087682 0.00496563 0.00297402 -0.00368127 0.0044591 -0.0032835 -0.00561661 0.00611943 8.79266e-05 -0.00225002 0.00464935 0.00579647 0.0078006 0.000918663 0.000626448 -0.00289792 0.00950127 0.0106408 -0.00934701 0.00484071 -0.0132016 -0.000218686 -0.00202196 -0.00823297 0.000438034 -0.00762127 0.00341262 -0.000794652 -0.000808793 0.00839365 -0.00772346 -0.0104879 0.00416102 -0.00274557 -0.00515147 -0.00046007 -0.00647201 -0.00228612 -0.00143468 0.0125679 0.0096022 0.00774921 0.00580634 0.00198313 0.00133376 -0.00521421
internal_weight=238618 76860.1 161758 98666.5 68470 63091.6 36439.7 29680.2 62226.8 26853.8 34006.8 24056 46101.8 8390.15 13162.6 6759.49 16989.8 8492.89 44223.1 41616.1 28220 10843.5 9912.07 21098.5 32595.3 30528.1 29003.4 23955.6 15702.2 29223.4 6043.18 2519.68 5870.47 5592.19 1878.74 18007.1 16941.7 15219.6 11236.7 10893.4 7687.73 11088.1 14187.6 5047.85 22759.9 2319.11 8155.06 8959.48 1757.01 3870.78 3196.51 7121.46 7768.2 4609.12 15035.8 8496.9 2888.71 6675.31 2011.17 8253.42 7956.43 4727.87
internal_count=523837 170771 353066 205437 152494 147629 74691 63567 130746 51870 87869 53650 114795 18277 30492 11124 32834 15809 110347 100624 42877 27900 18667 33110 84317 72337 71920 57331 37308 76060 20833 8635 9642 9171 4448 28426 33203 38427 28272 23158 19285 28287 36295 14589 53824 2592 15542 17401 3125 5948 4889 9767 18513 13191 39765 17025 5176 12480 3835 20023 18972 10283
cat_boundaries=0 1 2
cat_threshold=12 12
is_linear=0
shrinkage=0.05


Tree=22
num_leaves=63
num_cat=2
split_feature=21 22 8 18 8 0 32 1 12 0 8 8 22 14 12 6 32 22 22 2 17 2 8 3 16 20 7 8 8 7 11 14 11 6 14 16 8 3 16 12 3 32 16 3 6 8 8 2 14 2 32 12 8 7 12 32 8 14 9 16 8 12
split_gain=880.705 446.754 284.074 288.497 245.876 218.815 167.274 163.196 152.428 123.101 141.728 138.455 114.481 99.0163 94.4323 98.6697 92.4917 91.6012 91.5624 81.5496 76.08 70.5404 70.268 66.7213 67.8061 61.4799 60.4597 69.8567 58.9032 56.553 56.4056 56.138 54.2089 56.4538 53.2263 53.0216 52.4942 52.2659 51.8511 55.178 51.1283 49.283 47.9778 47.3716 45.0227 43.4725 42.9441 41.4399 40.9344 40.3952 40.0077 39.7462 39.4043 43.055 38.9537 37.4143 37.0489 36.7187 35.3196 36.4221 46.5674 35.165
threshold=14.800000309944155 12.933333317438764 85.378500000000017 16.15000003576279 27.083500000000004 0 77.547500000000014 5.5000000000000009 74.285000000000011 1 20.812500000000004 36.797500000000007 18.833333412806194 65.767464285714297 27.425000000000001 4.5000000000000009 69.325000000000017 17.933333436648052 22.899999698003139 2.5000000000000004 10.84999990463257 4.5000000000000009 78.903500000000022 8.5000000000000018 33.178062500000003 354.50000000000006 81.445000000000007 4.2310000000000008 18.162500000000005 11.001000000000003 10.536041666666668 7.571636904761907 120.23454166666669 3.5000000000000004 59.948035714285723 2.326000000000001 3.9715000000000003 1.5000000000000002 47.532083333333325 8.9160000000000021 6.5000000000000009 81.855000000000018 14.6726875 11.500000000000002 4.5000000000000009 1.7610000000000003 10.082500000000001 4.5000000000000009 38.685227380952384 3.5000000000000004 70.850000000000009 92.682500000000019 112.444 113.47100000000002 36.446500000000007 76.045000000000002 2.2310000000000003 67.065556547619067 3.7690000000000006 0.89583333333333048 15.606000000000002 3.6910000000000003
decision_type=2 2 2 2 2 1 2 2 2 1 2 2 2 2 2 2 2 2 2 2 2 2 2 2 2 8 2 2 2 2 2 2 2 2 2 2 2 2 2 2 2 2 2 2 2 2 2 2 2 2 2 2 2 2 2 2 2 2 2 2 2 2
left_child=1 6 3 7 14 12 9 36 17 11 38 20 -6 41 15 30 -10 -4 19 28 -1 25 34 24 57 52 27 55 31 -30 45 -9 47 51 35 -8 48 -14 39 49 50 56 -7 -24 -41 -2 -37 -18 -3 -11 -38 -34 53 -13 -19 -21 -5 -12 -22 60 -60 -17
right_child=4 2 8 13 5 42 22 18 16 10 23 21 37 -15 -16 61 32 54 -20 26 58 -23 43 -25 -26 -27 -28 -29 29 -31 -32 -33 33 -35 -36 46 40 -39 -40 44 -42 -43 -44 -45 -46 -47 -48 -49 -50 -51 -52 -53 -54 -55 -56 -57 -58 -59 59 -61 -62 -63
leaf_value=0.88519493847531217 -0.009618721269899955 -0.033347445760913426 -0.66865619241418051 0.50294145211238817 -0.34770134824591525 -0.54833931820273651 2.4558617498338986 -0.015184900612841945 -2.1448739552545795 0.1092624254330456 -0.089582202152294427 0.3071056077126626 0.15774336039433035 0.83344475201632706 0.27704672299231653 0.028991958612665365 0.34894674428198852 -1.8786276063475928 -0.17465618395717009 0.010862732650243401 -0.019494752128056094 -0.23661621877385178 0.31077722214232834 -0.85905787742151429 -0.52312411730752417 -0.25084583421626977 0.31565034835737582 -0.12160385032798496 -0.27209110428582572 0.18677166378832802 -0.059603784263862813 0.44246561561285302 -0.72743931710730569 -0.52561788632399897 1.5224641188315997 0.46868511597532037 -0.32197015856316269 -0.94278655539361944 -0.059965298998534956 0.53926340337946621 -0.27594487026603137 1.5917399682380551 -0.89619718029133433 -1.5237598367308922 0.04590807621939233 -0.11881694499502259 0.1603348963231227 -0.15128373585721475 0.51902484546603966 -0.011798961115912922 0.21718046779753478 0.34320196063292696 0.027090579862393049 1.285856648239933 -0.69453036710858984 0.28705125615261329 0.056120008858186313 0.38444437284716021 0.34808476913003911 0.69185157664888486 -0.17281619719221603 -0.073959459179122389
leaf_weight=5647.6888234913349 1318.0716332197189 2721.5423270761967 8807.3108750134706 902.60856539011002 12877.098341211677 2937.456010133028 1191.8403197526932 1343.8393168896437 610.56909230351448 8282.8434765189886 6529.1739240586758 9108.6758399307728 475.58601099252701 2628.892978772521 2810.6012892872095 6813.3736162185669 2822.1491874754429 4311.7242633551359 4887.2903833836317 4533.6897531151772 1810.3029089272022 4174.997626081109 4559.7670508921146 1145.8682226985693 2693.1847776174545 2344.344620719552 4106.7842295765877 15691.43219833076 2093.3184271007776 7434.2221635133028 8111.353621289134 4981.1917457431555 381.78306955099106 2437.2304013371468 3255.6348083019257 3711.4039177000523 2927.6811560094357 6087.7302934378386 3189.5898677706718 2727.7566169798374 7104.1278944015503 1065.6751644611359 6209.9986079484224 302.3919729590416 1310.9054738134146 5733.3228360414505 5300.5668020248413 605.1573925614357 698.38732154667377 6741.0994511693716 1585.1860431134701 1139.2547399699688 3772.2713495194912 1081.9266341328621 2229.6347103863955 1259.7802300453186 5190.0352962911129 1642.0887608677149 1034.3056096285582 4374.3889864832163 868.21017311513424 3744.7221538126469
leaf_count=15890 3803 7785 15124 3087 27046 7704 1541 3922 1057 21136 18346 20480 1100 4617 5492 16708 4360 7807 12179 12680 5284 8778 5955 2732 4238 5583 7236 36742 5034 17585 17954 11170 541 3715 4488 5637 8901 12593 6852 6097 13346 1791 10431 531 2745 14481 7150 948 1567 17693 2722 1738 7078 2029 3882 1560 17131 2542 4073 9314 3699 8135
internal_value=-0.000806665 0.000899045 -0.0014797 9.05371e-05 -0.00622066 -0.00949783 0.00348877 -0.00118093 -0.00626563 0.00235338 0.000234073 0.00447404 -0.00648523 0.00806229 -0.00293679 -0.0038877 -0.00066787 -0.00918165 0.000288002 0.00105134 0.00835916 0.00187068 0.00773212 -0.00414287 -0.0029318 0.00335536 -0.000694284 -0.00175684 0.00386927 0.00138568 -0.00647174 0.00760955 0.000879349 -0.00310632 0.00959313 0.00781569 -0.0057067 -0.0118626 0.00259665 0.00358392 -0.00730949 0.0050133 -0.0158744 0.00257956 0.00877165 -0.00974234 0.00650354 0.00548204 -0.000261739 0.00218889 -0.0031467 0.0044505 0.00461332 0.00622924 -0.0136635 0.00293493 0.0032769 -0.000663681 0.00524835 0.00702263 0.00124643 -0.00017642
internal_weight=238421 181302 94500.5 71155.7 57119.3 28587.9 86801.2 61368.5 23344.8 68479.6 34262.5 34217.1 19440.4 9787.21 28531.4 25720.8 7996.14 15348.7 46331.5 41444.3 13734.9 20482.2 18321.6 12010.3 10864.4 16307.2 25591.7 21484.9 15852.6 9527.54 15162.7 6325.03 7385.57 3958.27 13459.4 10203.8 15036.9 6563.32 22252.2 19062.6 11617 7158.32 9147.45 4862.16 4038.66 7051.39 9011.97 3427.31 3419.93 15023.9 4512.87 1521.04 13962.9 10190.6 6541.36 5793.47 6092.64 8171.26 8087.21 6276.9 1902.52 10558.1
internal_count=523565 398118 208227 169055 125447 58874 189891 142429 39172 164589 82381 82208 40739 26626 66573 61081 12359 26813 108108 95929 38260 43948 25302 27858 25126 35170 58218 50982 37711 22619 36238 15092 11302 5994 18816 14328 34321 13693 54523 47671 24969 22009 18135 6486 8842 18284 12787 5308 9352 38829 11623 2279 29587 22509 11689 14240 20218 20888 22370 17086 7772 24843
cat_boundaries=0 1 2
cat_threshold=12 12
is_linear=0
shrinkage=0.05


Tree=23
num_leaves=63
num_cat=4
split_feature=21 22 8 17 8 0 31 1 8 0 7 31 14 22 16 22 8 5 8 2 16 7 8 2 13 8 3 31 31 2 3 8 7 21 10 11 3 31 18 2 3 7 20 10 10 14 20 14 10 11 3 21 2 7 1 17 16 31 17 0 5 0
split_gain=784.041 447.086 286.572 296.454 219.364 188.351 168.798 168.711 154.482 197.133 128.82 125.878 114.32 101.853 88.9327 82.3167 78.2539 75.2662 73.9788 72.3244 74.7206 71.9452 87.1564 68.1244 63.0695 61.4477 59.8956 61.8992 59.8583 56.9524 58.7715 56.0109 85.401 52.1909 50.0759 52.2743 48.4774 47.2866 46.793 46.3698 46.0749 44.5682 44.1847 44.7588 44.0537 43.1639 42.8927 41.9892 64.8056 52.356 41.0101 39.826 39.6198 39.4186 39.0094 38.9088 39.2055 38.9084 38.3673 56.6828 37.7299 37.3967
threshold=15.799999773502352 12.866666555404665 98.172500000000014 -1.0500000119209287 16.811000000000003 0 75.473500000000016 5.5000000000000009 13.401000000000002 1 89.663500000000013 40.284500000000008 11.141071428571431 22.59999982515971 38.570062500000013 18.833333412806194 154.23000000000005 1.0000000180025095e-35 46.415000000000006 4.5000000000000009 38.268229166666679 94.438500000000019 22.775000000000002 2.5000000000000004 29.885000000000002 3.9715000000000003 8.5000000000000018 34.052000000000007 42.415500000000002 4.5000000000000009 1.5000000000000002 67.25500000000001 66.557500000000019 7.3499999493360528 -0.77474999999999994 76.44154166666668 1.5000000000000002 45.748500000000007 18.250000000000004 4.5000000000000009 6.5000000000000009 16.712500000000002 390.50000000000006 162.09627500000002 5.6957500000000012 40.812985119047632 361.50000000000006 66.218324404761916 42.1038 36.552687500000012 7.5000000000000009 24.924999713897709 3.5000000000000004 10.672500000000001 9.5000000000000018 13.34999990463257 0.36243750000000224 29.381500000000003 -1.0000000180025095e-35 2 1.0000000180025095e-35 3
decision_type=2 2 2 2 2 1 2 2 2 1 2 2 2 2 2 2 2 2 2 2 2 2 2 2 2 2 2 2 2 2 2 2 2 2 2 2 2 2 2 2 2 2 8 2 2 2 10 2 2 2 2 2 2 2 2 2 2 2 2 1 2 1
left_child=1 6 3 11 17 15 8 25 12 31 33 54 53 21 26 60 29 34 41 20 37 22 23 28 -24 45 47 -28 -9 30 -12 32 55 -4 -2 38 -17 58 51 42 -27 -7 43 -33 -13 -5 -21 48 49 -11 -50 -36 -49 -1 -3 -10 -57 -25 -14 -60 -6 -46
right_child=4 2 10 7 5 18 -8 13 9 14 16 44 19 -15 -16 36 -18 -19 -20 46 -22 -23 24 57 -26 40 27 -29 -30 -31 -32 39 -34 -35 35 -37 -38 -39 -40 -41 -42 -43 -44 -45 61 -47 -48 52 50 -51 -52 -53 -54 -55 -56 56 -58 -59 59 -61 -62 -63
leaf_value=0.0017948425572141158 0.15707542287630202 0.32147293942361915 -0.43533333851297479 -0.033133081472763747 -0.26117909542425249 -0.3088421302934547 2.6624110355816635 0.056087519622597726 0.32610811302503923 -0.012412443688980802 0.7888232342104472 0.18414098441500762 2.7492083424101006 -0.18037109378567898 -0.32553804650189755 0.16673619775522397 -1.3864364707044139 -0.21529208131667979 -1.2935380106592782 0.2218543885435878 0.17328529382908059 0.43673139385721937 -0.37506089309560164 0.73958870292069534 -0.085230816482774863 -0.19937730904819745 -0.55306593120872538 0.024812339088256155 0.37688612983374364 -0.69663612439063771 -0.11702890826514212 0.29902060020289606 1.0713022461384423 -1.7528782237469362 -0.031573620989449526 0.35035341981757201 -0.74445037995547436 1.6686831145879812 0.26760297847967485 -0.26621286821326207 -0.2876054116119901 -0.26261390022429043 -0.41076421264598251 -0.88286363753743091 -0.16771857915617625 0.53099300679430783 -0.04705623688067493 0.7537280297197454 -0.46902501448394518 0.56409681248889465 0.81363102488717631 -0.10120223065830536 -0.16189319206433728 0.22678131324715758 0.76841003084661519 -0.21897521716886273 0.14441003536843613 -0.010200031544288481 0.95215919398273852 0.10850665116896994 -1.3309680515070701 1.2107065269274544
leaf_weight=8972.5395330488682 477.25934508442879 4364.0677252560854 1708.9008469283581 3052.3597287088633 10984.716680273414 2791.4795343279839 2256.920069038868 4527.3180528581142 7719.1916210055351 5679.8241193145514 1125.29085034132 1275.3641050457954 1146.0019528120756 6371.6874319165945 4915.9548366218805 466.6008176356554 2860.5006096959114 931.32794758677483 4331.9913301020861 5807.7186382114887 2981.7736171483994 5104.169819265604 3254.6004753410816 424.50514651834965 16593.464723959565 5227.4471175819635 1682.0356508493423 1248.4902713745832 3202.2490302622318 1953.9698235541582 5975.6311345696449 12405.986342132092 4609.0520579069853 5540.4768669754267 13139.604227542877 1573.9642220139503 5836.0091209858656 2771.5405705273151 874.23440952599049 2787.0947344899178 7987.3373990356922 3641.2644168138504 1224.2280700802803 809.58447137475014 2064.3407267034054 724.16369615495205 1988.856017947197 1486.0246758013964 3333.675526753068 1913.7207548320293 376.59912520647049 1191.9181582331657 797.64325505495071 2074.9085649102926 4135.163725271821 1121.1213699132204 4453.1151029616594 14070.945956587791 2660.2110569924116 2670.6574945896864 422.16659705340862 410.30670937895775
leaf_count=24778 1371 10109 2883 8610 23333 5873 2321 13515 20244 14511 1895 4183 2932 15610 7605 1142 4426 1885 8159 13033 6017 8922 8093 1238 38106 13062 3208 2604 4811 3111 9652 23148 9285 9739 31073 2842 12465 3955 2260 5023 15027 7580 2655 1320 6022 1623 4117 2364 8489 4165 497 2779 1259 5369 9920 4675 8370 32954 8179 6779 901 1362
internal_value=-0.000830913 0.000582902 -0.00168356 -0.000408122 -0.00664357 -0.00938343 0.00315341 -0.00165495 0.00280561 0.00124961 -0.00719299 0.00677156 0.0056378 -0.000277505 -0.00252877 -0.0062004 -0.00399497 -0.00235397 -0.0145996 0.00789017 0.0102892 0.000523926 -0.000156218 0.00199432 -0.00256428 -0.00599574 -0.000772757 -0.0072546 0.00578486 -0.00171701 0.000363461 0.00355468 0.0055141 -0.0124481 -0.00160628 -0.00206087 -0.0107896 0.0125082 -0.00295883 0.00152028 -0.00760304 -0.0112085 0.00265998 0.00350188 -0.000859052 -0.000370975 0.00412608 0.000625667 -0.000623825 0.00202251 -0.00603898 -0.00364404 0.00680804 0.00155436 0.010138 0.00348018 0.000296802 -2.72075e-05 0.0101665 0.00837938 -0.00366948 -0.00474904
internal_weight=238511 191849 101954 82789.5 46662.5 28474.2 89894.5 70540.2 87637.5 56563.3 19164.8 12249.2 31074.2 53548.9 21434 17709.5 11915.4 18188.3 10764.7 20026.8 12230.2 47177.3 42073.1 22225 19848.1 16991.3 16518 2930.53 7729.57 9054.89 7100.92 35129.4 17902.5 7249.38 17257 16779.7 6302.61 9248.41 15205.8 17226.9 13214.8 6432.74 14439.8 13215.6 3750.01 3776.52 7796.57 13587.5 11303.8 7593.54 3710.27 14331.5 2283.67 11047.4 8499.23 13293.4 5574.24 14495.5 6476.87 5330.87 11406.9 2474.65
internal_count=523438 421775 224873 193167 101663 59453 196902 161571 194581 119422 31706 31596 75159 123249 44702 37841 19084 42210 21612 45012 27862 107639 98717 52518 46199 38322 37097 5812 18326 14658 11547 74720 42574 12622 40325 38954 13607 21845 36112 32146 28089 13453 27123 24468 11567 10233 17150 31285 27662 18676 8986 33852 3623 30147 20029 33289 13045 34192 17890 14958 24234 7384
cat_boundaries=0 1 2 3 4
cat_threshold=12 12 12 3
is_linear=0
shrinkage=0.05


Tree=24
num_leaves=63
num_cat=2
split_feature=21 8 0 8 22 7 0 22 8 8 7 21 21 14 24 8 2 17 17 8 2 2 1 17 14 6 24 17 12 18 2 7 8 8 22 20 18 5 22 6 28 31 27 6 6 31 13 17 2 17 7 14 1 22 22 31 14 31 2 14 2 2
split_gain=761.62 360.449 292.339 225.886 206.671 194.305 165.019 158.197 133.814 116.376 107.016 95.9224 88.8407 87.5792 77.4894 76.7826 77.7475 76.4642 73.0677 69.1429 69.132 69.0061 91.0824 76.4809 61.3599 61.3348 58.9024 58.1331 56.9216 56.2857 54.9269 54.2133 66.5059 54.1332 54.0387 53.671 53.4951 53.1184 52.1502 50.8887 68.4446 49.4911 47.6101 47.4912 46.4073 42.313 42.1948 40.9187 39.8816 37.0212 36.5306 36.154 33.8895 33.7717 33.6101 33.4493 35.1052 33.1634 32.947 32.4265 32.3587 31.6962
threshold=10.799999773502352 38.749000000000002 0 70.69250000000001 17.783333142598476 75.326500000000024 1 19.800000230471294 5.698500000000001 7.4315000000000007 89.663500000000013 16.200000524520878 17.750000119209293 11.141071428571431 552.50000000000011 161.00500000000002 4.5000000000000009 1.3499999642372134 0.35000000894069677 -0.79499999999999993 4.5000000000000009 4.5000000000000009 4.5000000000000009 16.550000190734867 39.912717261904767 2.5000000000000004 2.5000000000000004 1.6500000357627871 27.425000000000001 22.549999952316288 4.5000000000000009 64.032500000000013 122.49900000000001 87.802500000000023 16.533333698908489 4.5000000000000009 16.750000000000004 1.0000000180025095e-35 20.633333285649623 5.5000000000000009 21.000000476837162 79.51900000000002 13.150000095367433 4.5000000000000009 4.5000000000000009 33.785500000000006 12.261000000000001 0.25000000745058065 4.5000000000000009 15.650000095367433 119.44100000000002 4.7776904761904779 15.500000000000002 10.100000093380611 20.866666873296108 59.45900000000001 67.065556547619067 28.167500000000004 5.5000000000000009 125.75181250000001 4.5000000000000009 1.5000000000000002
decision_type=2 2 1 2 2 2 1 2 2 2 2 2 2 2 2 2 2 2 2 2 2 2 2 2 2 2 2 2 2 2 2 2 2 2 2 8 2 2 2 2 2 2 2 2 2 2 2 2 2 2 2 2 2 2 2 2 2 2 2 2 2 2
left_child=3 6 4 5 31 9 7 14 19 13 34 28 26 -1 24 16 39 59 -7 -8 38 22 49 37 45 -20 27 -10 33 35 46 -3 -33 55 61 57 -36 42 -15 50 -41 -23 -24 54 -14 -2 -28 -9 -47 -11 -12 -37 -22 -26 -19 56 -4 -21 -27 -6 -16 -5
right_child=1 2 11 10 17 18 8 47 12 21 15 -13 44 20 60 -17 -18 43 25 29 52 41 23 -25 53 58 30 -29 -30 -31 -32 32 -34 -35 36 51 -38 -39 -40 40 -42 -43 -44 -45 -46 48 -48 -49 -50 -51 -52 -53 -54 -55 -56 -57 -58 -59 -60 -61 -62 -63
leaf_value=0.022238352128859051 0.40705562691244079 -0.34273920097638549 -0.81164235322820577 0.061561463915983029 0.14428946945889906 1.328829210930933 0.10709826552454577 1.4048571610624663 -0.05489459508467727 -0.039972682248546332 0.16417728468054518 -1.0494228655840363 -0.20412746686659045 0.79626177589632752 0.017665501387623597 -0.82157178695426847 -0.17252867600769492 -0.94516817646569651 1.4370512746865478 -0.1635931970758227 0.045525380113816322 -0.060278998217531556 0.18037912911708676 -0.038378626264533158 1.1394746184285884 0.53715583049708693 -0.10552374260252534 -0.21063712070279672 -0.43743120640119487 0.50366934143696851 -0.13513856585182002 0.21808919611508407 -0.52942889787280267 -2.0932832810042195 -1.0381833209038287 -0.023049827458970752 0.055578507407823712 -0.39494456040130238 -0.10410010481955584 -0.14732500841569171 0.7787521200023515 -0.90624026292721538 0.63836325117468007 -0.79450758666803079 -0.10502446851060641 0.12607795530482682 0.095530545342942627 -0.13851871674829877 -0.16402277231559823 -0.26294543749171523 0.78735391437814584 0.042661290619591286 0.45586647786960993 0.41399077225912945 -1.3763961538252456 0.021904845487421911 0.32387739788292974 -0.034414428888717222 -0.083529399499506218 -1.7178995676008602 -0.19287455695039046 -0.38082638751247944
leaf_weight=10215.209141910076 2373.5545975416899 10975.63538621366 3455.0187299251556 4145.7799741923809 1429.5398421883583 2285.235347121954 1692.9514578729868 320.33047884702682 3451.3065382391214 7080.8970610648394 4387.4847310185432 4710.5971962064505 3853.5065886825323 8777.4058499187231 1931.1419014185667 2355.0119379162788 3498.7273243069649 2729.4050102382898 3247.0230853110552 608.11958871781826 5044.6903928667307 11650.079600811005 9651.1577400118113 6333.0274810343981 2118.531564861536 4214.3059168308973 1796.830730766058 5243.7826904803514 3357.978777334094 940.38650153577328 3388.3599297702312 9299.836011916399 3527.4978761970997 1757.6052853912115 3770.4666161984205 2752.2823916822672 1050.2438451051712 574.80158470571041 681.35191577672958 3877.7141337692738 529.60879755020142 335.32132226228714 8573.8545205146074 4338.5279706120491 2608.2509627342224 3398.6660047620535 6560.6478325724602 5055.3512633740902 1635.7701752334833 1139.2022353261709 3569.369709327817 6121.8950205147266 1346.1748223006725 7540.8413727730513 3031.3477541059256 652.09156852960587 263.52564105391502 7647.6452246755362 1520.2195334136486 202.21814987063408 1060.3400959521532 6943.0432291477919
leaf_count=28501 6988 24364 7839 7897 2898 4777 4889 751 8412 16713 7224 9146 8428 20257 4165 3549 5583 5407 5830 1160 11610 27615 23942 14814 4540 7376 4332 10566 7143 2294 6938 18162 5973 2869 7624 7434 1888 1408 1831 6577 847 346 20528 8560 5507 10519 14404 13330 4907 2537 5556 13319 3188 15671 6392 686 415 19073 2804 316 2075 13161
internal_value=-0.000810971 -0.00357672 -0.00685135 0.00207398 -0.00442369 0.00348676 -0.001318 0.0019218 -0.00308355 0.00252378 -0.0013483 -0.0129147 -0.00537899 0.00518597 0.00396392 0.00126818 0.00251898 -0.00985633 0.00958884 3.96541e-05 0.00751265 0.000993224 0.00216255 0.00365682 0.00526495 0.00755627 -0.00376317 -0.00688248 -0.0100258 -0.000865763 -0.00145365 -0.00174782 0.000459458 -0.0128927 -0.00434432 -0.00151983 -0.0087634 0.00525761 0.0102269 0.00438099 7.08407e-05 -0.00226068 0.00572975 -0.0114788 -0.010489 0.00184122 0.000723589 -0.0056939 -0.000753671 -0.00240604 0.00676809 0.00117959 0.00349455 0.00789022 -0.0144546 -0.00990868 -0.0117399 -0.00442125 0.00444583 0.000186269 -0.00345817 -0.00242257
internal_weight=238629 121831 49730.8 116797 35534 82670 72100.5 25434.5 46666 71403.2 34127.5 14196.8 26902.7 26064.8 20058.8 18217.9 15862.9 11731 11266.8 19763.3 15849.6 45338.3 33352.9 25132.8 17067.4 8981.55 20440.9 8695.09 9486.22 18070.3 11745.8 23803 12827.3 6128.24 15909.5 17129.9 4820.71 18799.8 9458.76 12364.2 4407.32 11985.4 18225 10099.3 6461.76 7407.99 8357.48 5375.68 5034.44 8220.1 7956.85 8874.18 6390.87 9659.37 5760.75 4370.64 3718.54 8255.76 5734.53 1631.76 2991.48 11088.8
internal_count=523855 269872 100170 253983 72072 194077 169702 62946 106756 173290 59906 28098 58587 65387 48865 29336 25787 23573 20787 48169 36886 107903 79942 60692 42625 16010 44652 18978 18952 43280 25674 48499 24135 11809 30570 40986 9512 45878 22088 20204 7424 27961 44470 20359 13935 22414 18736 14081 15426 19250 12780 20753 14798 20211 11799 8940 8254 20233 10180 3214 6240 21058
cat_boundaries=0 1 2
cat_threshold=12 12
is_linear=0
shrinkage=0.05


Tree=25
num_leaves=63
num_cat=1
split_feature=22 17 0 10 10 10 14 3 17 12 32 16 32 24 7 22 32 2 16 22 5 24 9 10 22 17 32 2 32 20 10 15 32 10 5 2 20 2 32 24 3 10 9 10 10 11 10 10 1 10 17 3 2 6 16 10 14 2 10 10 5 9
split_gain=622.765 349.778 239.972 289.665 235.5 186.125 163.863 155.142 149.675 142.953 111.919 106.043 124.876 94.1734 90.979 78.7868 73.1673 79.6377 71.1097 70.7577 70.4443 70.1263 69.3662 68.0648 62.046 59.6697 58.3491 51.4339 50.4756 50.0254 49.0443 46.3683 46.0784 58.2185 64.1389 52.1751 45.9111 44.2077 57.016 47.7725 43.7947 43.6715 78.6709 42.548 42.4714 42.3455 41.852 41.8417 44.7039 40.8872 40.5668 49.1077 39.3273 39.0571 38.3637 37.7322 48.0069 37.5163 37.0143 36.9635 35.4768 46.8841
threshold=16.600000103314724 1.4499999880790713 0 28.517475000000001 46.122875000000008 44.449650000000013 64.384791666666686 1.5000000000000002 10.050000190734865 21.226500000000005 65.222500000000011 1.4358333333333346 76.045000000000002 2.5000000000000004 45.283500000000004 23.666666785875961 79.812500000000014 4.5000000000000009 1.0000000180025095e-35 11.400000115235647 1.0000000180025095e-35 2.5000000000000004 85.00500000000001 162.09627500000002 22.466666618982952 -6.8500001430511466 58.517500000000005 4.5000000000000009 80.617500000000021 43.500000000000007 24.285950000000003 0.037124999999988979 79.885000000000005 78.77170000000001 1.0000000180025095e-35 4.5000000000000009 35.500000000000007 3.5000000000000004 74.662500000000009 407.50000000000006 7.5000000000000009 133.42172500000001 108.39900000000002 71.35945000000001 1.4353750000000001 85.436083333333343 64.30510000000001 2.7992500000000002 16.500000000000004 5.1779000000000002 13.050000190734865 3.5000000000000004 4.5000000000000009 1.5000000000000002 7.4220833333333305 19.143500000000003 4.7776904761904779 2.5000000000000004 89.693300000000008 110.41940000000001 1.0000000180025095e-35 36.312500000000007
decision_type=2 2 1 2 2 2 2 2 2 2 2 2 2 2 2 2 2 2 2 2 2 2 2 2 2 2 2 2 2 10 2 2 2 2 2 2 8 2 2 2 2 2 2 2 2 2 2 2 2 2 2 2 2 2 2 2 2 2 2 2 2 2
left_child=2 7 5 9 15 8 11 32 30 13 -7 -5 26 25 -6 21 17 18 -10 37 52 49 43 28 59 -4 -13 -23 31 -14 -1 54 -2 34 57 -35 -28 39 -39 -12 -31 42 -21 -8 -27 -20 -42 -29 -49 -3 51 -46 55 -11 -9 56 -15 -34 -24 -16 61 -53
right_child=1 4 3 6 14 10 22 23 16 53 19 12 29 20 24 -17 -18 -19 45 41 -22 27 58 -25 -26 44 36 47 -30 40 -32 -33 33 35 -36 -37 -38 38 -40 -41 46 -43 -44 -45 50 -47 -48 48 -50 -51 -52 60 -54 -55 -56 -57 -58 -59 -60 -61 -62 -63
leaf_value=0.89314600141971145 -0.019179741604963479 -0.0028587947777153791 0.63966408833226951 0.076926447164073042 -1.1629664694083015 -0.46140576703738551 0.16959764496577048 0.40874145002611384 -0.084018264079729121 1.260321777055309 0.48058155025268923 0.13308453816696675 -0.3096071628079532 -0.00078523254787084837 -0.40712335491742896 -0.13885106361895136 1.9264400451857548 -0.048249729017664049 0.37663283548876103 -0.092128802526267609 -0.19806890341864083 0.027658231210502773 0.93984729484228946 -2.9967145395145955 -1.2962641172469924 0.033744036108570442 -0.92397562619016049 0.018730834254734052 -0.32912725475636828 -0.38273239322376207 0.45772641760873284 -0.055724248128611056 0.15730520955305854 0.30897746276766319 -0.23277873092859747 -0.33026487838353102 -0.62194296070021304 -0.22797769983233032 0.40236870452747403 -0.30676653614175997 1.6569283299579176 -0.86805993055079211 0.55184637452971175 -0.69784460000363091 -0.11977374731017326 1.7891430097673955 -0.39283850366834711 -0.14329939125659497 0.023395697413121131 -0.22411942145616434 -0.1270945162664886 -0.02517206275067544 -0.00042933346686504505 0.26844218557348298 -0.13520564343805461 -0.004906355037996058 0.22786159104551978 0.98208843427118619 0.2195269109231974 -1.4478660525542792 -0.16671602826263621 0.31924616557831498
leaf_weight=6281.5675276219845 1424.1316892206669 2383.307191863656 1575.7484558075666 2292.9183751344681 8110.0607950687408 4480.7882175147533 1779.6644788831472 1960.0008453279734 2615.9639208167791 1012.1548618674278 12170.385223716497 481.45433460175991 3483.2695119082928 2938.2956238687038 7753.1618755310774 6403.6569596379995 1503.8639949560165 7894.2491888105869 8437.9641398638487 14035.85457341373 938.05545315146446 11066.540166705847 1008.468133866787 430.32630091905594 3654.7611594200134 2060.2858849465847 3978.7751460671425 1815.279287442565 1731.7347000837326 971.43690353631973 6650.920808956027 8549.7953951209784 535.27478420734406 1679.5151682496071 206.20571488142014 610.59687304496765 5828.0689361989498 3920.3812598735094 2640.8212152719498 1027.7199405878782 1158.2058800458908 2765.2765178978443 4355.3274712562561 2027.8945850282907 2876.2478282749653 1316.9397788494825 670.37438982725143 4349.9391005933285 1562.847218438983 8048.6578882336617 4422.6284935921431 10894.990333721042 7982.3466317504644 3966.9617305696011 574.10134667158127 3748.1163657009602 9938.2163263708353 2494.6481550931931 1401.9689430445433 3372.0926189422607 794.61908277869225 1732.6828971505165
leaf_count=17049 4876 6244 4425 10011 16228 15922 3511 6064 11116 1928 21787 2836 4698 8083 15124 16117 1549 18089 18896 25846 2123 26872 1559 718 7037 5769 7624 4348 2866 1242 17734 21188 883 2723 349 986 10884 7881 3853 1674 1258 4225 7205 3090 7288 1988 711 8711 3402 18597 10376 24393 17862 7661 1807 8088 22284 4127 2177 5226 1742 3136
internal_value=-0.000834662 -0.00447584 0.000956044 -0.000981607 -0.00643383 0.0028902 -0.00543303 0.0011976 0.00564726 0.00105272 0.000783237 -0.00775315 -0.00914753 0.000246573 -0.010391 -0.00389135 0.00311602 0.00232599 0.0048297 0.00160485 0.0023675 -0.0027906 0.00160597 -0.00197681 -0.00805505 -0.00197779 -0.0125393 -0.000965806 -0.00131918 -0.00359275 0.00990748 -7.85429e-05 0.00724678 0.00931313 0.0136294 0.00321056 -0.0133736 0.0037563 0.000401931 0.00542371 0.00138317 -0.000404601 0.000476383 -0.00259584 -0.00262874 0.00679264 0.00593994 -0.00409557 -0.00613385 -0.00607782 -0.00330951 -0.00215682 0.00288031 0.00913048 0.00586029 0.00426533 0.0055504 0.0154662 0.00824153 -0.00619728 -0.000886081 -0.000240847
internal_weight=238779 78716.6 160062 79963.8 58520.3 80098 25082.5 20196.3 34701.5 54881.3 45396.6 18864.5 16571.6 49902.2 22890.1 35630.2 21769 20265.1 12370.9 40915.8 25545 29226.6 6218 13246 14780 24357.2 10288.3 18794.6 12815.6 6283.29 12932.5 11083.9 6950.37 5526.24 3236.13 2290.11 9806.84 19759.3 6561.2 13198.1 2800.02 21156.5 18391.2 3807.56 22781.5 9754.9 1828.58 7728.07 5912.79 10432 20721.2 16298.5 24607 4979.12 2534.1 16624.6 12876.5 3029.92 2410.44 11125.3 13422.3 12627.7
internal_count=524066 174493 349573 174759 127906 174814 49601 46587 86421 125158 88393 39264 29253 115569 43615 84291 51638 50089 32000 72471 58440 68174 10337 32643 27387 57129 21344 43333 31925 7909 34783 29059 13944 9068 5359 3709 18508 35195 11734 23461 3211 37276 33051 6601 52704 20884 1969 16461 12113 24841 46935 36559 56317 9589 7871 38455 30367 5010 3736 20350 29271 27529
cat_boundaries=0 1
cat_threshold=12
is_linear=0
shrinkage=0.05


Tree=26
num_leaves=63
num_cat=0
split_feature=21 8 21 13 8 18 12 31 22 8 6 31 8 1 2 11 8 2 31 14 22 10 11 31 13 18 2 22 1 22 1 14 21 2 15 21 22 15 8 18 18 24 2 31 18 27 18 31 13 20 18 29 21 13 8 31 31 2 14 25 6 8
split_gain=709.146 346.544 206.287 179.277 175.759 135.557 126.827 123.359 111.758 108.298 97.3319 95.467 103.311 89.3852 88.3431 75.8796 75.4241 79.446 73.944 72.1659 68.2185 65.9808 79.0287 62.3414 61.1736 58.3204 57.7857 57.2518 57.0413 56.112 55.2522 53.4682 52.7903 46.6625 46.4699 46.4561 43.313 47.7559 42.814 49.5149 38.7763 46.4442 49.767 38.6399 36.551 36.3249 36.2883 42.2577 35.9561 35.5526 35.2333 35.1614 34.8354 34.4596 33.6646 34.0094 41.834 33.6877 35.6949 33.3507 33.2116 32.0449
threshold=10.375000000000002 61.366000000000007 17.44999992847443 103.99500000000002 67.25500000000001 8.8500001430511492 28.602500000000003 47.032000000000004 20.400000413258876 3.9715000000000003 4.5000000000000009 40.284500000000008 9.9310000000000027 4.5000000000000009 4.5000000000000009 85.436083333333343 161.00500000000002 3.5000000000000004 30.113500000000005 39.912717261904767 18.66666674613953 10.825725 68.801416666666682 33.608000000000011 12.261000000000001 17.649999976158146 4.5000000000000009 9.8000000516573618 6.5000000000000009 18.16666674613953 6.5000000000000009 49.605375000000009 6.6500001400709161 2.5000000000000004 4.8755624999999965 15.400000214576723 16.266666491826381 31.547479166666673 132.21150000000003 13.050000011920931 1.0000000180025095e-35 69.500000000000014 3.5000000000000004 33.685500000000012 13.349999964237215 8.8000001907348651 16.349999964237217 44.670000000000009 38.035000000000004 39.500000000000007 18.350000023841861 10.449999809265138 15.900000452995302 14.285000000000002 -6.4449999999999994 45.748500000000007 33.785500000000006 4.5000000000000009 39.912717261904767 23.150000572204593 1.5000000000000002 126.83500000000002
decision_type=2 2 2 2 2 2 2 2 2 2 2 2 2 2 2 2 2 2 2 2 2 2 2 2 2 2 2 2 2 2 2 2 2 2 2 2 2 2 2 2 2 2 2 2 2 2 2 2 2 10 2 2 2 2 2 2 2 2 2 2 2 2
left_child=4 2 6 20 5 11 9 15 35 54 21 27 29 48 24 26 17 18 -6 40 52 -4 53 -16 -15 -19 32 -1 -20 -13 -29 -30 -7 -31 -9 61 -21 49 39 -33 -14 -42 -43 -18 60 -26 47 -34 -11 -38 -12 -36 -3 -23 -2 56 59 -57 -59 -56 -8 -5
right_child=1 3 10 8 16 7 44 34 -10 13 50 12 19 14 23 -17 43 25 28 36 -22 22 -24 -25 45 -27 -28 30 31 33 -32 38 46 -35 51 -37 37 -39 -40 -41 41 42 -44 -45 -46 -47 -48 -49 -50 -51 -52 -53 -54 -55 55 57 -58 58 -60 -61 -62 -63
leaf_value=0.081649896749767623 0.40992659512356905 -0.69259090672756285 -0.031120499770413271 0.060291850004576243 -0.37686597657436427 1.2691912489775425 0.60415248280766498 0.41604858010704765 -1.1486409602302947 -0.18329000738061205 -0.046872754705551883 0.44657190132660229 -0.18745397783952777 -0.090970270379002655 0.011953756682834818 1.1249723911134641 -3.0449955841208225 -0.4556029084563637 -0.088587835858573716 0.48711307227394096 -1.3757481617546494 -0.31729724023425682 -0.037500749353524744 -0.16520632089267492 -0.078810564840360448 0.082526218716167679 0.08161279545198373 -0.10995123824271336 -0.21230247381832329 0.61426011107837108 0.00038830199348298682 0.35755738970677342 0.13518009431648204 -0.20078652004844433 -0.17786256535405132 -0.779122871295721 -0.16109156111063483 -0.54992210423730492 0.021483549451386974 0.72620394006386713 -0.10586863943782371 2.0419169806753699 -0.090835266440400617 -0.61460447387127726 0.61113563577521346 0.11887410743184645 0.98602645836830305 1.3142597409854109 -0.16176653714199177 0.62952435587060873 0.73847430665835379 0.13456110866695212 -1.281938376323799 -0.31997400678950005 0.090645195432848602 0.38603062181087666 -0.02025106147820668 -0.041635561142632185 0.39437515990526073 -0.072025105367218054 0.089373093644159962 -0.48537266486796959
leaf_weight=7603.8520103693008 347.32373043894768 7394.7411500364542 5193.0023025870323 8181.2789311408997 2220.0990204811096 5189.9323861151934 1065.3466020822525 1378.2414251565933 4545.7039983868599 4071.1495084762573 8555.879164353013 7150.7706113606691 3140.3612063974142 4640.3134433925152 3284.7557937949896 2594.3207782506943 709.12948398292065 7397.9586421251297 5167.7399114817381 6506.7287830114365 4238.0822262167931 1603.2764295935631 1458.5375809073448 7519.031023979187 5122.2091820985079 2554.9335084557533 4620.7796038687229 5318.0750142782927 2591.6074236929417 286.98564310371876 11289.992784708738 5196.7932431697845 4668.3600275814533 620.90537731349468 2876.4794012010098 5727.0909943580627 738.46207165718079 737.89293965697289 2456.7857603728771 2980.9693742245436 2573.0038944929838 935.39244344830513 731.06214448809624 2369.9005295783281 2375.9190083742142 15288.417189329863 2790.8957641720772 554.45282450318336 4549.0354062914848 957.31855097413063 434.36682404577732 1865.4118787050247 3419.5636427253485 5385.6505934745073 3889.6864232420921 1741.9798531234264 7004.0016175955534 1226.8160735666752 832.22906470298767 589.57972723245621 6915.0107911527157 3233.7324593663216
leaf_count=22955 1041 15357 12768 14711 6844 14482 2245 3270 7888 9537 19125 9439 3810 11642 8392 5222 1281 13109 8263 7864 8780 3594 2992 15911 12283 4219 14082 16683 5326 397 35775 8313 13762 903 5973 10258 895 826 3835 5036 3389 1249 985 3531 7081 36315 8408 1216 9664 1186 1012 4033 6767 12303 9614 3436 21096 2226 1117 1631 13529 5074
internal_value=-0.000850673 -0.00334564 -0.00172279 -0.00745749 0.0021273 0.00347229 -0.00038889 0.00634606 -0.0045474 -0.00126942 -0.00587583 0.00190262 0.0041112 -0.00252765 -0.00142847 0.00821227 -0.000876007 -0.000124546 0.00164667 0.00182378 -0.0116498 -0.00853776 -0.0112642 -0.00520751 0.000201464 -0.00379281 0.00704868 -0.000321274 0.00268713 0.00874284 -0.00196641 0.00442749 0.00873276 -0.00296352 0.000119438 -0.00269877 0.00484432 -0.00084598 0.00599675 0.00773544 -0.00183566 0.00128371 0.00778408 -0.00833363 0.00472124 0.00137962 0.0061872 0.00372645 -0.00709887 0.00377449 -0.0018365 -0.00222969 -0.00954102 -0.0134732 0.00231041 0.00196 0.000602858 0.00605882 0.00172767 0.00437607 0.00309973 -0.000854889
internal_weight=238609 129834 93093.5 36740.2 108776 75129.7 70462.8 26538.9 21687.8 60106.5 22630.7 48590.8 24378.9 44474.9 35854.7 20418.7 33645.9 30566.9 20614 16320.2 15052.4 13640.5 8447.46 10803.8 25050.9 9952.89 17824.4 24211.9 18393.9 8058.66 16608.1 13226.2 13203.6 907.891 6120.13 17142.1 8940.4 2433.67 10634.5 8177.76 7379.82 4239.46 1666.45 3079.03 10356.3 20410.6 8013.71 5222.81 8620.18 1695.78 8990.25 4741.89 10814.3 6988.93 15631.6 15284.3 11483.3 3801.02 2059.05 4479.27 7980.36 11415
internal_count=523950 287389 218554 68835 236561 176804 166760 70448 37931 143905 51794 106356 30943 103744 84543 57172 59757 54945 37617 20204 30904 31657 18889 24303 60240 17328 51950 75413 30773 10739 52458 22510 37868 1300 13276 30043 10771 2907 17184 13349 9433 5623 2234 4812 22855 48598 23386 14978 19201 2081 20137 10006 22124 15897 40161 39120 32341 6779 3343 11245 15774 19785
is_linear=0
shrinkage=0.05


Tree=27
num_leaves=63
num_cat=2
split_feature=21 22 17 8 0 8 8 0 14 31 10 12 22 1 21 8 5 17 1 10 31 22 22 3 20 3 3 22 7 14 8 8 7 6 31 31 8 31 17 24 7 5 1 7 23 8 9 5 18 8 14 5 3 5 18 6 8 7 4 4 24 8
split_gain=656.717 332.486 229.976 211.067 222.301 183.432 160.529 146.698 123.409 120.693 108.098 93.8889 93.7006 87.7457 85.0237 83.4055 75.1136 73.7029 75.5375 68.6473 62.7125 58.8309 57.4331 52.0645 51.93 50.3586 49.8817 49.6378 49.2595 48.5321 62.7008 47.3149 51.9156 46.4671 44.3528 43.9256 42.7512 44.2302 42.1355 41.7665 41.647 41.2555 41.2456 41.1681 41.0807 41.0767 47.6566 40.9046 39.8561 53.5888 43.596 38.7414 57.0114 37.4541 36.1443 35.7811 35.7689 35.6 34.588 34.5436 34.2315 33.812
threshold=14.899999737739565 15.566666364669802 2.0499999523162846 16.811000000000003 0 82.982500000000016 7.9315000000000007 1 11.141071428571431 75.473500000000016 96.775850000000005 39.905000000000008 15.866666853427889 5.5000000000000009 7.274999976158143 52.368500000000004 1.0000000180025095e-35 0.25000000745058065 15.500000000000002 8.2312500000000011 33.148500000000006 22.466666618982952 9.0666666328907031 4.5000000000000009 41.500000000000007 3.5000000000000004 1.5000000000000002 24.200000286102298 81.445000000000007 44.086577380952384 0.98100000000000009 110.90250000000002 111.92100000000001 4.5000000000000009 59.163000000000004 32.405000000000008 73.720000000000013 32.69850000000001 13.750000000000002 246.50000000000003 16.712500000000002 1.0000000180025095e-35 6.5000000000000009 4.2310000000000008 14.449999809265138 5.8610000000000015 51.481500000000004 1.0000000180025095e-35 25.750000000000004 84.20650000000002 64.384791666666686 1.0000000180025095e-35 4.5000000000000009 1.0000000180025095e-35 25.050000190734867 4.5000000000000009 103.18150000000001 10.355000000000002 1.0000000180025095e-35 1.0000000180025095e-35 600.50000000000011 3.9715000000000003
decision_type=2 2 2 2 1 2 2 1 2 2 2 2 2 2 2 2 2 2 2 2 2 2 2 2 8 2 2 2 2 2 2 2 2 2 2 2 2 2 2 2 2 2 2 2 2 2 2 2 2 2 2 2 2 2 2 2 2 2 2 2 2 2
left_child=1 6 10 16 12 13 8 9 43 17 11 42 47 61 55 40 29 -8 22 23 -12 28 25 35 48 -19 -14 45 -7 30 -2 32 -20 -32 -26 -10 37 -13 41 -31 -6 -27 -3 -1 -22 -15 -47 -5 49 50 -16 -21 -53 58 -17 -9 57 -28 -25 -37 -60 -4
right_child=3 2 5 4 15 21 7 14 19 -11 20 36 26 27 24 54 -18 18 31 51 44 -23 -24 53 34 38 56 -29 -30 39 33 -33 -34 -35 -36 59 -38 -39 -40 -41 -42 -43 -44 -45 -46 46 -48 -49 -50 -51 -52 52 -54 -55 -56 -57 -58 -59 60 -61 -62 -63
leaf_value=-0.017426304555177709 0.038064409598608746 -0.10263161527238918 -0.010977138268617726 -0.067098544631824103 -0.28353536470300345 -1.2157060749272839 0.51032294898910791 0.18921343215027178 2.1473270939517337 2.7483668760312785 -1.4254864646921661 0.41184482524179739 0.17699826685266729 0.048416367286680063 -0.17068365172096459 -1.2358500494495512 -0.18949076815958873 -0.30708336674536096 0.30571664182277791 1.0866916622310396 0.1586458829860721 -1.8662015566748089 -0.086443924635664179 0.57531567998797262 -0.079733873334229655 0.67815222596936331 -0.63058368249688179 -0.21112554349769416 -0.62919171521290862 0.49978225786740049 -0.059054242217265698 -0.0038786630776516118 1.5305882267460924 -0.0021600251773969069 0.32256644295342174 0.068755483567891226 0.16443736078503177 1.0827126193371395 0.067150082560263696 -0.036978018935669009 -0.24390940309713011 -1.3475520111895722 0.15688903114442032 0.073811173092120777 -0.30484278807357001 -0.12483733368398681 0.11326399351115427 -1.2246378867630208 0.25338115073524464 -1.8393442233443644 0.3952124800077102 3.1192426572348566 -0.57779316240569567 -0.16571007508298569 0.71646202956368621 -0.042846834887233343 -1.9284367973705381 -0.31895414589184057 0.20155428946447188 -0.15049320724074775 -0.083530714705836756 -0.27269904159566533
leaf_weight=6223.5767507553101 3341.5019115209579 3006.5595966428518 1630.5635962486267 10026.443735599518 3602.5539688766003 3679.5052978247404 4622.7767121046782 5918.6132433116436 250.93829533457756 1211.4155517220497 1662.7084177583456 1648.6595273315907 822.57377225160599 6621.0380448102951 9855.7662686258554 4428.5833587497473 1143.7165309637785 1217.9882954508066 9944.471456348896 6586.80093331635 2241.4133518636227 1819.2453982979059 18619.513483151793 4958.1344703584909 10397.226239711046 3933.1579819917679 1406.4748865664005 2682.821563705802 4383.4164444804192 2292.384896710515 8084.6136176139116 4165.1412769407034 1685.3631062656641 5430.9078312814236 2022.4955250620842 1472.6418425142765 2695.5058622211218 996.35293346643448 4172.4730505645275 1799.3082489967346 4768.6854253858328 218.45539943873882 5627.3174918740988 6059.6804997324944 1273.6304116547108 11782.986735671759 5602.3390708565712 423.55147530138493 974.61472907662392 1273.9439316689968 768.03664821386337 141.62550231814384 289.53916335105896 341.54110296070576 167.0777101367712 4753.9991468042135 2648.8551276922226 6263.283484429121 4990.3710466623306 961.03198601305485 730.64243403077126 6167.6203279346228
leaf_count=17993 9521 7997 4573 21625 7656 6491 10784 11926 866 1247 2695 5591 2036 16115 20863 8208 2376 3168 23555 13435 3769 3162 39593 11814 24130 8257 3245 6598 6846 4323 19351 7169 3046 12939 2187 3627 4615 1784 7787 3134 10159 480 15911 15993 2154 27658 11581 943 1862 2140 1311 267 615 884 295 9896 4819 13742 10662 2662 1432 12860
internal_value=-0.000841696 0.00061964 -0.00230019 -0.00554374 -0.00798389 -0.00427674 0.00218136 0.00104088 0.00514435 0.00279811 0.00227887 0.00456531 -0.00486802 -0.00255567 -0.00139229 -0.0131575 -0.00172656 0.00240973 0.00177804 0.00749807 -0.00389177 -0.0102822 0.000225721 0.00543813 -0.00297187 0.00337969 -0.00806011 -0.00119228 -0.00844778 -0.001045 -0.00223069 0.00454556 0.00618315 -0.00374691 -0.000665232 -0.000805602 0.00977566 0.014291 0.00476918 0.00383916 -0.0101943 0.00833483 0.00134167 0.00117307 -0.000106373 -0.000471295 -0.00174765 -0.00146901 -0.00519717 -0.00599348 -0.00483051 0.0115196 -0.00299428 0.00695902 -0.0185803 0.00234965 -0.00900468 -0.00727296 0.00748049 -0.00286192 0.00483012 -0.00722109
internal_weight=238934 182284 63521.7 56650.5 34558.1 44369.5 118762 85755.5 33006.5 49790.8 19152.1 13974.4 21591.2 34487.4 35964.7 12966.9 22092.4 48579.3 43956.6 20723.3 5177.75 9882.17 28161.6 13705.3 25292.1 9542.07 11141.2 26689.2 8062.92 20948.7 16857 15795 11629.8 13515.5 12419.7 2684.61 5340.52 2645.01 8324.09 4091.69 8371.24 4151.61 8633.88 12283.3 3515.04 24006.4 17385.3 10450 12872.4 11897.7 10623.8 7017.97 431.165 11020.7 4595.66 10672.6 10318.6 7669.76 10679.1 2433.67 5721.01 7798.18
internal_count=524423 400051 140400 124372 72728 95884 259651 179401 80250 105086 44516 35898 46410 79385 74315 26318 51644 103839 93055 46264 8618 16499 59285 31947 52493 19692 23842 61952 13337 49268 41811 33770 26601 32290 26317 7155 11990 7375 16524 7457 17815 8737 23908 33986 5923 55354 39239 22568 26176 24314 22174 14317 882 24792 8503 21822 21806 16987 23908 6289 12094 17433
cat_boundaries=0 1 2
cat_threshold=12 12
is_linear=0
shrinkage=0.05


Tree=28
num_leaves=63
num_cat=0
split_feature=21 22 8 17 8 31 20 7 32 7 2 31 32 31 2 5 31 15 11 5 8 31 31 8 27 21 14 6 7 8 8 8 16 27 31 8 14 6 13 8 32 32 31 13 31 31 21 32 11 2 24 10 17 31 14 31 25 2 32 31 21 8
split_gain=617.313 316.493 232.716 218.19 187.512 139.401 136.015 135.937 125.806 124.881 120.807 101.442 98.9244 89.4991 121.438 87.3927 80.5624 90.3298 145.498 71.974 68.3607 70.3729 67.9465 87.483 64.0163 62.9783 62.4968 63.8633 60.0336 70.2571 59.6891 57.4378 54.9824 54.9517 54.8024 59.0431 54.1623 50.4449 48.8902 48.1617 47.0791 45.9329 45.0171 44.9014 44.4914 72.5001 51.3361 47.3304 61.3201 43.9154 43.7189 43.6339 42.3253 41.1431 40.5497 39.6373 52.6438 40.3277 36.7167 38.2393 36.2897 35.7496
threshold=15.799999773502352 12.133333404858908 92.566000000000017 -0.35000000894069666 27.083500000000004 40.284500000000008 3.5000000000000004 89.663500000000013 77.485000000000014 26.814000000000004 4.5000000000000009 27.737000000000005 69.235000000000014 50.073 4.5000000000000009 1.0000000180025095e-35 43.488500000000009 30.839562500000003 42.040916666666668 1.0000000180025095e-35 26.231000000000005 45.876500000000007 43.532500000000006 10.696000000000002 10.59999990463257 7.3499999493360528 44.086577380952384 4.5000000000000009 49.32500000000001 47.048500000000004 154.23000000000005 5.2115000000000009 21.075104166666673 12.400000095367433 32.297000000000004 17.462500000000002 42.96913988095239 5.5000000000000009 12.261000000000001 0.98100000000000009 74.407500000000013 66.52500000000002 33.958500000000008 2.9450000000000007 75.473500000000016 61.875000000000007 8.6999998688697833 80.71250000000002 126.74395833333334 2.5000000000000004 589.50000000000011 83.933975000000018 0.75000000000000011 79.51900000000002 23.62735416666667 48.242500000000007 26.849999427795414 3.5000000000000004 77.637500000000017 48.699500000000008 8.4499998688697833 124.53500000000001
decision_type=2 2 2 2 2 2 8 2 2 2 2 2 2 2 2 2 2 2 2 2 2 2 2 2 2 2 2 2 2 2 2 2 2 2 2 2 2 2 2 2 2 2 2 2 2 2 2 2 2 2 2 2 2 2 2 2 2 2 2 2 2 2
left_child=1 8 3 5 19 34 28 25 13 -6 22 -10 -9 15 32 16 24 20 -19 26 38 -22 42 -24 37 -4 27 39 29 36 55 50 -15 -11 35 -3 -5 -1 -18 -2 -17 -25 -8 -26 45 46 -13 -47 -49 -50 -12 -36 -28 58 -48 56 -14 -57 59 -33 -43 -35
right_child=4 2 7 6 9 -7 10 12 11 33 31 44 30 14 -16 40 17 18 -20 -21 21 -23 23 41 43 -27 52 -29 -30 -31 -32 53 -34 61 51 -37 -38 -39 -40 -41 -42 60 -44 -45 -46 47 54 48 49 -51 -52 -53 -54 -55 -56 57 -58 -59 -60 -61 -62 -63
leaf_value=0.033511311938514421 0.012428749920337975 1.6612579218847454 -0.25327040857025518 -0.10301939342902831 -0.64838679965347967 -0.035284829963350632 0.11882155591638233 -1.7212308636602103 -0.31879178772894234 -0.61580066144784118 0.04031576513968136 1.536968643888345 0.25427026928743834 0.46848305555046121 -0.44681742664883634 -0.36899987238627774 0.093330067849799386 -0.37945194616711364 0.503747617820132 -0.20303480920350495 0.80737378578569752 0.047609961040544248 0.60521770540157371 -0.6564545762263585 -0.1137249358139 -1.3599893884801582 0.8530460272557332 0.0012712445748482627 -0.018885249699606546 -0.79926247206302237 -0.86337678951444863 -0.13361546730000615 -0.073843511105465123 -0.15422286145074546 0.80009831435076517 0.19032821459107985 0.030365020610332395 -0.15297236904110045 1.1527116280420333 -0.079130912251586374 0.26969929059546677 0.71050886774946265 -0.047038091776031563 0.14858549714130964 2.3901748206873372 0.23403803960751751 -0.031624151965150525 -0.22253492582601161 -0.90091500594535823 2.2286724381099812 -0.13722537436843282 -0.0040382661728913588 0.047417297463154089 -0.84630214925239733 0.84110329359116887 -0.0031947634589987728 -0.18954380913865343 -1.4192563276739079 0.113364915990954 -0.3466318033911624 0.072308838228693162 -1.764142163499373
leaf_weight=12185.624191746116 1617.3137532174587 1829.5537237524986 2189.5286961346865 13535.748916387558 6562.9549262076616 4768.2199458479881 8813.6775086820126 2005.4667114913464 1053.5784298181534 9727.9232281297445 4782.3877121657133 4515.7977557778358 5095.5709580779076 1190.0204055309296 2296.776653856039 1569.3145439773798 1351.0625499784946 1472.5040791332722 1412.1259140372276 1083.8992437720299 2479.7248703837395 4645.6493217647076 2949.8446344435215 402.50856161117554 912.88176749646664 6913.6417571008205 421.42422580718994 7040.7096133381128 8312.4237921237946 3287.1504329442978 2591.8714837431908 5759.6102039515972 3825.5055339932442 5901.8657820224762 2069.1740345954895 4646.1361754238605 4452.9870557785034 5034.6134140789509 4370.9855883717537 8759.2621522396803 404.40498858690262 2543.7331959307194 8813.029145732522 20415.716122925282 2097.5703291296959 2928.3560932278633 1453.3445115983486 1505.6957510709763 122.4290629029274 343.82561779022217 1080.2522814720869 374.37671899795532 4194.0703052580357 319.13147783279419 2608.4772697389126 1926.9928421974182 1782.1518073678017 937.7042281627655 1617.2102091908455 1824.6119136214256 6410.1847694516182 1195.2240586280823
leaf_count=34099 4678 4358 3775 34382 13946 14344 28743 4629 1820 19243 11346 6917 8212 1516 3383 4183 3413 2092 1930 2159 3762 8029 3992 720 2673 12195 959 17020 16613 6940 3761 15640 5820 12408 3716 13532 8776 14413 7497 20977 534 3231 25708 58940 2157 3162 2589 1542 124 348 2327 592 7845 329 4421 2381 2879 1278 1935 2399 8282 2235
internal_value=-0.000847256 0.000403302 -0.00131318 -0.000140923 -0.00601644 0.00566358 -0.00120165 -0.005743 0.00280124 -0.00917284 0.000519995 0.00667303 -0.00270907 0.00178829 -0.00341512 0.00246471 0.00284055 0.00585571 -0.00213937 -0.00282274 0.00765087 0.0043815 0.00237068 0.00522154 0.00160992 -0.0105214 -0.00220355 -0.00357435 -0.00383839 -0.00524609 -0.00103406 -0.00308103 0.000945687 -0.00689024 0.00935264 0.00694325 -0.00401741 -0.000657695 0.0117206 -0.0060681 -0.00786774 0.00285381 0.000380138 0.00344069 0.00768879 0.00663364 0.00940517 0.00178137 -0.0042055 0.0116224 0.000812325 0.0157324 0.00296902 -0.00547834 0.00532465 0.00076018 0.00281839 -0.00418055 -0.00486469 -0.00632303 0.00359711 -0.00354408
internal_weight=238736 192231 112035 88592 46504.6 13687.5 74904.5 23442.9 80196 23388 45316.2 16629.1 14339.8 63566.9 7312.3 56254.6 54280.9 15732.1 2884.63 23116.7 12847.4 7125.37 29933 12306.3 38548.8 9103.17 22032.8 17417.3 29588.3 21275.9 12334.3 15383.2 5015.53 16825 8919.24 6475.69 17988.7 17220.2 5722.05 10376.6 1973.72 9356.43 17626.7 21328.6 15575.5 13477.9 8577.62 4900.31 1971.95 466.255 5862.64 2443.55 4615.49 9520.56 4061.82 9742.42 6877.72 2864.7 9201.43 7584.22 8953.92 7097.09
internal_count=523849 422379 247015 207905 101470 36542 171363 39110 175364 47832 104652 23080 23140 152284 10719 141565 136848 26723 4022 53638 22701 11791 70676 16225 110125 15970 51479 42675 66711 50098 18511 33976 7336 33886 22198 17890 43158 48512 10910 25655 4717 12233 54451 61613 21260 19103 13927 5176 2014 472 13673 4308 8804 20303 7010 14750 11091 3659 19974 18039 11513 14643
is_linear=0
shrinkage=0.05


Tree=29
num_leaves=63
num_cat=4
split_feature=21 8 0 21 22 7 17 22 8 8 12 16 2 2 24 1 24 32 3 2 7 32 8 32 32 8 11 0 14 0 22 5 5 22 17 8 17 21 17 9 22 23 8 8 8 7 9 0 32 8 9 12 3 32 32 3 3 7 15 9 32 9
split_gain=576.283 319.14 262.447 181.178 158.603 153.847 117.646 122.371 122.159 111.92 95.3101 89.5674 93.2344 84.5073 109.482 83.1092 74.6326 72.6049 71.2211 72.4987 60.178 57.812 60.4309 57.5273 57.1246 69.2416 51.9776 49.947 65.2078 49.1592 53.4313 48.7446 47.3708 47.083 55.5594 46.7328 46.6771 45.9986 44.5214 44.431 44.0803 43.1749 42.3624 41.5987 41.4105 55.1175 41.0324 40.2663 39.9608 39.6489 39.8689 35.8958 35.7011 41.1794 35.511 40.9311 35.1924 34.844 41.4236 34.68 33.8818 33.3176
threshold=9.6499997079372424 59.144000000000005 0 19.200000047683719 18.09999982515971 51.88150000000001 9.7500000000000018 18.09999982515971 145.27400000000003 3.9715000000000003 37.773500000000006 50.22277083333335 4.5000000000000009 4.5000000000000009 10.500000000000002 6.5000000000000009 1.0000000180025095e-35 81.855000000000018 7.5000000000000009 4.5000000000000009 82.565000000000012 77.862500000000011 27.941500000000005 79.885000000000005 84.490000000000023 19.191000000000006 13.106312500000003 1 90.888095238095261 2 20.633333285649623 1.0000000180025095e-35 1.0000000180025095e-35 14.53333353996277 2.3500000238418584 129.59150000000002 -11.550000190734862 12.949999928474428 -6.4500000476837149 129.21750000000003 9.9666668971379604 13.84999990463257 86.553500000000028 168.35900000000001 9.0315000000000012 9.6125000000000025 58.372500000000009 3 55.70750000000001 -6.4449999999999994 42.531000000000006 27.425000000000001 10.500000000000002 80.617500000000021 65.885000000000005 11.500000000000002 9.5000000000000018 5.0515000000000008 28.457708333333336 104.05000000000003 67.200000000000003 50.086000000000006
decision_type=2 2 1 2 2 2 2 2 2 2 2 2 2 2 2 2 2 2 2 2 2 2 2 2 2 2 2 1 2 1 2 2 2 2 2 2 2 2 2 2 2 2 2 2 2 2 2 1 2 2 2 2 2 2 2 2 2 2 2 2 2 2
left_child=6 3 4 5 20 9 8 15 11 49 37 12 16 14 29 40 24 43 21 56 -3 22 61 -9 25 26 -1 -27 42 30 -11 60 57 47 -35 59 -12 -4 -31 -24 -8 -14 -29 46 -5 -46 -6 -7 -15 -2 -51 -49 -50 54 -54 -56 -20 -16 -59 -22 -18 -17
right_child=1 2 10 44 17 33 7 23 -10 13 36 -13 41 48 32 18 31 -19 19 -21 35 -23 39 -25 -26 27 -28 28 -30 38 -32 -33 -34 34 -36 -37 -38 -39 -40 -41 -42 -43 -44 -45 45 -47 -48 51 52 50 -52 -53 53 -55 55 -57 -58 58 -60 -61 -62 -63
leaf_value=0.1398860087473722 0.35915339463216134 -0.38725710835607363 -1.0014816920575955 -0.029213047387482535 -1.1994165901853164 0.73719994194676852 0.045676650729540018 -0.12047692712226082 -0.75026513470755385 0.094019813350720169 0.26386965127842049 -0.083177477534498945 0.10910533085545498 0.43335523667922937 -0.04928844096569316 0.063834939840229046 0.39687270041416983 0.062099965898045187 0.7458075221819539 0.002384654543739817 0.052661576225293188 -0.72440235061035307 -0.16462489209947587 -0.9531893740174846 1.0907177228086522 0.22086533903662239 1.0573398811966432 -0.14424979067214694 0.27014942952812365 0.26300781374721904 -0.4137959017072067 -0.28807877469039245 -0.298268921493624 0.50182320817477954 -0.048528317008983253 -0.40154496500791348 -0.80390357045466598 -1.3565390610916268 -0.14760339947129014 0.9954569929460878 -0.11324743402209024 -0.15729327407557656 -1.4551558995776153 -4.239024180324634 -0.27648945922461854 -0.20848124134420509 -0.78339846096789501 -0.17503672272728207 -0.13862846668695081 0.0067743420800110924 0.33836161478083848 0.36625167931243596 -0.19173911925994577 -0.41487206519454461 -0.012601280001397975 0.41443280399243521 -0.14407485073602985 0.17344222671138329 -0.046627747465635853 0.70380823387652747 1.1328983429342674 1.2836923990577018
leaf_weight=2832.0164707750082 441.13243164122105 11466.466990679502 3062.7886397540569 5696.1121274083853 2854.4535072445869 5511.5131353139877 5241.1162975877523 5463.3308098763227 2215.9092580080032 4793.5800019800663 736.4655354321003 4662.0878302454948 8730.4599367082119 224.40706987679005 5577.200885489583 5804.3828278630972 3458.2953062951565 1290.0610290765762 8145.5762169063091 3886.5266371071339 4880.1543641835451 329.00152379274368 6895.2151456624269 1072.3471614718437 807.9745060801506 6242.719546303153 3478.1772785931826 3069.4811409264803 1302.6854829788208 698.51562198996544 822.88904769718647 397.2193196862936 666.6716430336237 1870.7239791154861 6020.5787674337626 3351.4587730765343 2816.4184755533934 4282.368003487587 10438.26468591392 819.95440828800201 7448.4393066316843 2320.6049309819937 480.86805982887745 795.62133668363094 2349.0643607079983 5554.828142568469 4762.832240447402 1179.4397063106298 12191.468533217907 16212.248464003205 2705.6884107887745 1439.59277972579 532.00956803560257 442.55348211526871 933.72308880090714 595.79900240898132 694.11669139564037 10576.186801224947 4050.9992276728153 2420.5862711369991 7620.8225946575403 1097.1508821099997
leaf_count=7223 1381 23561 5182 13282 6392 11880 11126 11851 4181 12774 1256 10939 20104 1352 13826 14360 13345 1967 14023 7174 9263 375 14207 1109 1318 14177 7912 7650 2058 2058 2253 1007 1665 4761 11486 5417 5473 7632 22970 1235 15455 5509 803 1523 5383 12751 8588 2321 27353 42430 6083 2922 1868 765 1814 1402 1478 25474 8793 4036 14030 1975
internal_value=-0.000790793 -0.00277921 -0.00640479 -0.0012536 -0.00410651 -0.000422859 0.0022438 0.000466222 0.00399437 -0.00141015 -0.0130988 0.00455388 0.0053051 -0.00260751 -0.00134472 0.00149403 0.00676433 -0.00943703 0.00303043 0.0057792 -0.00176967 0.00068963 0.00115679 -0.00588032 0.00477401 0.00417008 0.00835146 0.00179158 -0.00201285 -0.00435504 -0.000533859 0.00992244 0.00107175 0.00400772 0.00125621 0.000936162 -0.00638515 -0.0163628 -0.00627579 -0.00188382 -0.00185636 0.0013844 -0.00552749 -0.0111305 -0.00662397 -0.00896607 -0.00999174 0.0066778 -0.00579162 0.00183969 0.00149369 0.0015451 -0.00611173 -0.000673627 0.00229889 0.00616863 0.00828131 0.0015047 0.0027868 0.00317991 0.0105395 0.00455565
internal_weight=238761 144245 42719.7 101525 31821.6 87925.2 94516.5 46897.2 47619.3 71903.3 10898 45403.4 40741.3 52544.3 37624.3 40361.5 29690.3 9702.97 27671.9 12726.2 22118.7 14945.7 14616.7 6535.68 18213.9 17405.9 6310.19 11095.8 4853.03 16753.2 5616.47 11476.3 20871.1 16021.8 7891.3 10652.2 3552.88 7345.16 11136.8 7715.17 12689.6 11051.1 3550.35 8412.91 13600 7903.89 7617.29 8130.55 14920 19359.1 18917.9 2619.03 14695.6 2504.09 2061.53 1529.52 8839.69 20204.4 14627.2 7300.74 11079.1 6901.53
internal_count=523961 319337 80290 239047 60747 207631 204624 94368 110256 174261 19543 106075 95136 124367 89813 81408 69523 18470 54827 22675 42277 32152 31777 12960 41141 39823 15135 24688 10511 40055 15027 28382 49758 33370 16247 18716 6729 12814 25028 15442 26581 25613 8453 16503 31416 18134 14980 17123 34554 49894 48513 5243 33202 5849 5084 3216 15501 48093 34267 13299 27375 16335
cat_boundaries=0 1 2 3 4
cat_threshold=12 12 12 12
is_linear=0
shrinkage=0.05


Tree=30
num_leaves=63
num_cat=0
split_feature=19 8 21 22 22 3 8 13 18 11 31 17 27 30 2 8 13 11 27 32 8 15 32 8 14 2 30 31 15 8 31 21 32 14 32 11 32 31 8 3 32 3 31 8 31 8 8 32 3 14 32 8 32 15 2 32 2 9 32 12 12 3
split_gain=546.857 249.855 230.098 154.236 116.133 115.666 109.018 90.7564 88.212 77.8753 76.6876 73.8143 72.0862 71.6211 66.1184 64.638 69.3373 65.1314 57.9813 57.7936 52.8059 52.8007 52.6926 52.5841 49.6689 45.9435 48.7533 46.7357 46.7266 47.93 44.6521 44.4931 43.1899 42.4172 41.2296 39.6448 38.7939 38.1046 52.1739 41.0545 44.222 42.7456 39.1596 37.7661 36.9375 36.7134 35.2901 34.8455 59.6565 33.1761 38.8499 32.7912 37.3458 32.4819 31.0202 36.5608 30.7454 30.3721 30.0538 29.6043 29.4291 28.8076
threshold=12.34999990463257 13.761000000000001 16.000000119209293 10.366666674613954 20.73333366711935 1.5000000000000002 71.69250000000001 16.291500000000003 23.550000190734867 11.156458333333335 75.473500000000016 4.0499999523162851 16.400000572204593 3.5000000000000004 4.5000000000000009 13.401000000000002 32.035000000000004 21.47633333333334 20.69999980926514 81.855000000000018 68.19250000000001 8.7689583333333339 69.287500000000009 38.282500000000006 83.63749702380953 2.5000000000000004 24.500000000000004 65.46050000000001 2.3918750000000029 -2.2149999999999994 41.453500000000012 6.7499998956918725 81.855000000000018 42.96913988095239 85.917500000000004 76.44154166666668 84.490000000000023 43.532500000000006 4.8685000000000009 3.5000000000000004 72.64500000000001 7.5000000000000009 33.958500000000008 98.172500000000014 73.786000000000016 87.802500000000023 4.8685000000000009 80.71250000000002 6.5000000000000009 11.887767857142858 67.21250000000002 86.553500000000028 73.395000000000024 14.674833333333327 3.5000000000000004 74.335000000000022 4.5000000000000009 57.602500000000006 77.862500000000011 9.4750000000000032 34.130000000000003 1.5000000000000002
decision_type=2 2 2 2 2 2 2 2 2 2 2 2 2 2 2 2 2 2 2 2 2 2 2 2 2 2 2 2 2 2 2 2 2 2 2 2 2 2 2 2 2 2 2 2 2 2 2 2 2 2 2 2 2 2 2 2 2 2 2 2 2 2
left_child=3 18 4 10 7 34 8 -3 13 -4 15 51 35 31 37 17 21 49 25 20 -11 -17 -8 -18 -24 26 -2 28 59 -30 -28 -7 -26 -33 -5 45 54 42 -39 -40 -41 58 -15 -37 -13 -9 -35 -31 -49 50 -1 -6 -53 -51 -25 -56 -19 -22 -42 -27 -14 -21
right_child=1 2 9 5 11 6 22 12 -10 19 -12 44 60 14 -16 16 23 56 -20 61 57 -23 24 36 32 27 30 -29 29 47 -32 33 -34 46 -36 43 -38 38 39 40 41 -43 -44 -45 -46 -47 -48 48 -50 53 -52 52 -54 -55 55 -57 -58 -59 -60 -61 -62 -63
leaf_value=0.24036503686508742 -0.019694331182420744 -0.34155296036067612 -0.32333437874304138 0.28178061751141137 0.11582110128552153 0.068017008621076944 -0.98917760204489624 -0.17114363611943695 0.77428095404561115 -0.23717184775992611 2.5274895542741698 -0.53024326626650253 0.0027311195359241537 0.1749580953992981 -0.031964726852406901 0.069060170410344388 0.38862981045450218 1.172715514744181 0.078020572213327019 0.36618101932349739 -1.4447186723344227 -0.23077677810411315 -0.50603837684224739 0.18082535163428021 0.14653480982689154 -0.0042136235985048122 0.018566706592088745 0.31408351915945759 0.11655888074566803 -0.047495592308168057 0.41360659843164344 -0.092240404073104118 -0.53812177825472907 0.45130248758079117 0.91021974904431335 0.14436659351249986 1.5470705010261021 1.082021817132375 -0.24193031670080212 1.1392113362160494 0.037237580094919669 0.51578922603859734 -0.024906460756476415 -0.40347522115333456 -1.5356049872254758 -1.0756344699267377 -0.049986675071484646 0.44265391238440732 -0.24057296086511568 0.53345850599860778 -0.026152449781310906 -1.6526660378856974 -0.12567586858819144 0.01253966910388722 -0.25221965755750181 0.19387303954905677 0.28104791942985913 -1.181229025094872 -0.19977912485501356 0.43364619709108859 0.25551136750264919 -0.34384409510384534
leaf_weight=1635.2370700240135 5389.0768183022738 2732.8156471252441 4037.7126581072807 5106.4445644468069 1676.3043755441904 5971.7388160675764 3481.4912736713886 12618.053188621998 1620.1993607133627 10150.187063246965 1304.674058675766 6062.7405246794224 10141.474690273404 5892.2380105406046 10182.73282507062 2224.0354317426682 7788.9074524492025 3563.4881274104118 6602.490718960762 688.40428131818771 2720.0285588502884 2638.6837058067322 7289.9554345011711 12364.351905062795 4222.4062766134739 2581.9053211659193 2803.8548326194286 1082.3438895940781 661.54231083393097 13935.38453476131 1859.3177805244923 12095.844994500279 655.74634116888046 648.15777918696404 951.3930281996727 5632.6298064440489 268.37921106815338 1204.639701962471 700.71654790639877 1669.0447472035885 1654.0772251486778 2530.4530530571938 5913.0446524471045 4711.024484038353 778.24053299427032 3123.2569226771593 5152.4693315476179 231.1362938284874 679.78879326581955 3038.0499024689198 3801.5195312798023 382.4689719825983 1589.236046642065 1441.8301481604576 4291.1414843201637 2321.519971370697 2221.4480789154768 4052.7747954875231 475.58615261316299 847.33690105378628 3802.7090741991997 716.25536072254181
leaf_count=5193 14054 5851 9038 11276 4573 13060 8937 31151 5007 22875 1341 13493 22016 19044 22378 5868 17369 8341 16427 1140 5640 6207 10308 25474 6272 7466 7959 1131 1934 32468 2872 30557 880 1119 1549 10613 438 1700 1413 2518 1992 2716 17019 7514 802 6002 10547 390 1128 6787 9707 814 2641 3038 9029 3345 5171 6954 542 2250 7436 1018
internal_value=-0.000814724 -0.00335351 -0.00499602 0.00144207 -0.00320843 5.3485e-05 -0.000509644 -0.0020519 0.000526161 -0.00925187 0.00364029 -0.0079228 -0.00144989 0.000181715 0.00179855 0.00331228 0.00201943 0.00593836 3.31451e-05 -0.00786625 -0.00867513 -0.00347669 -0.0041968 0.00300812 -0.00264446 -0.000898441 0.00185946 -0.00228327 -0.00286095 -0.00402885 0.00560222 -0.00186556 0.00126054 -0.00311253 0.00668606 -0.0030012 0.0016051 0.00346556 0.00607591 0.00442705 0.00569855 0.00319597 0.0016444 -0.000596462 -0.0109854 -0.00458122 0.000402549 -0.00461578 -0.0140856 0.00347821 0.000852668 -0.00217811 -0.00654759 0.00666364 0.00133757 -0.00142652 0.0101543 -0.0120945 -0.00202353 0.00242019 0.0014521 0.00187817
internal_weight=238612 112290 75616.3 126322 53251 77418.4 71360.5 42762 55710.9 22365.4 48903.3 10489 40029.1 54090.7 30222.5 47598.6 31897 15701.6 36674.2 18327.7 16923 4862.72 15649.6 27034.3 12168.1 30071.7 10052.2 20019.4 18937.1 15507.9 4663.17 23868.2 4878.15 17896.5 6057.84 26085 19245.4 20039.8 8234.52 7029.88 6329.16 4660.12 11805.3 10343.7 6840.98 15741.3 5800.63 14846.3 910.925 9916.64 5436.76 3648.01 1971.71 4479.88 18977 6612.66 5784.94 6772.8 2129.66 3429.24 13944.2 1404.66
internal_count=523792 247650 159571 276142 112906 168834 156009 90583 129612 46665 107308 22323 84732 124605 69322 105967 67730 38237 88079 37627 35469 12075 26397 55655 17460 71652 24885 46767 45636 35920 10831 55283 7152 42223 12825 55280 38286 46944 10881 9181 7768 5250 36063 18127 14295 37153 11666 33986 1518 24725 14900 8028 3455 9825 37848 12374 13512 12594 2534 9716 29452 2158
is_linear=0
shrinkage=0.05


Tree=31
num_leaves=63
num_cat=3
split_feature=19 8 0 0 21 22 17 8 8 8 7 17 14 10 18 3 5 10 9 17 3 21 8 31 3 32 31 32 0 2 21 26 31 32 22 13 31 24 32 9 3 2 24 8 31 24 2 10 9 8 14 18 22 31 8 7 22 28 32 8 3 16
split_gain=491.717 237.755 266.055 155.52 172.309 146.536 133.144 169.998 132.973 114.512 110.503 105.888 90.4555 87.4673 77.7951 73.6166 68.9293 68.0216 59.2182 56.9751 56.0967 56.0216 55.6341 55.05 84.9403 69.7741 56.7875 54.8037 53.9042 49.4922 48.4627 47.1149 46.167 57.0104 45.9155 44.9825 44.0145 54.8991 43.9284 42.5989 41.1185 56.8576 44.0389 46.1406 43.444 40.1694 41.6749 40.1687 39.5785 43.4719 39.5641 38.8706 38.1774 37.7852 37.1815 37.6231 36.6733 35.6537 35.6201 35.5576 35.3218 34.768
threshold=12.34999990463257 13.761000000000001 0 1 7.7499997913837442 18.66666674613953 -3.1499999761581416 91.231500000000025 37.305000000000007 94.848500000000016 12.361500000000001 4.3500001430511483 64.384791666666686 26.947450000000003 6.7500000000000009 1.5000000000000002 1.0000000180025095e-35 38.090050000000005 1.7725000000000002 -10.550000190734862 9.5000000000000018 17.750000119209293 -6.4449999999999994 32.297000000000004 4.5000000000000009 80.71250000000002 42.513000000000005 65.635000000000005 2 3.5000000000000004 17.649999737739567 1.6500000357627871 65.46050000000001 72.690000000000012 8.1999999880790728 45.935000000000009 31.353000000000005 2.5000000000000004 68.397500000000022 8.5090000000000021 7.5000000000000009 4.5000000000000009 323.50000000000006 88.996500000000012 28.167500000000004 1.0000000180025095e-35 4.5000000000000009 5.3042500000000006 117.52100000000002 129.59150000000002 123.09940773809525 20.149999856948856 11.400000115235647 45.748500000000007 124.53500000000001 105.45150000000002 23.166667362054191 20.866666316986088 75.987500000000011 132.21150000000003 4.5000000000000009 14.559354166666665
decision_type=2 2 1 1 2 2 2 2 2 2 2 2 2 2 2 2 2 2 2 2 2 2 2 2 2 2 2 2 1 2 2 2 2 2 2 2 2 2 2 2 2 2 2 2 2 2 2 2 2 2 2 2 2 2 2 2 2 2 2 2 2 2
left_child=3 16 5 8 15 38 28 10 14 12 21 59 13 36 18 39 22 35 -1 -11 57 -8 -2 24 -24 -26 58 -10 -4 31 45 -28 33 53 -20 -17 60 -38 -3 -5 42 44 43 -29 -42 -12 -47 -18 -45 -50 -43 -27 -46 -31 55 -40 -13 -19 -25 -7 -6 -15
right_child=1 2 6 4 9 11 7 -9 27 19 30 56 -14 61 -16 17 47 20 34 -21 -22 -23 23 26 25 51 29 40 -30 32 -32 -33 -34 -35 -36 -37 37 -39 54 -41 41 50 -44 48 52 46 -48 -49 49 -51 -52 -53 -54 -55 -56 -57 -58 -59 -60 -61 -62 -63
leaf_value=-0.080791098433706632 0.35523917508177172 -0.20148657359762137 0.39164445972246265 -0.11202355576674217 1.4042959944219628 0.21717137272166021 -0.26629731660073314 -1.6650058281315734 -0.26936434678508975 -0.0025710125648823468 -0.28218447109783656 -0.56497157217516492 0.36882933392872225 -0.082823994083142255 0.74064656723221733 0.048856807484022796 0.023626478211376544 -0.11271082741851651 0.78039569854958957 -1.4938950135021121 -1.4308391559231621 -0.33556296472490976 1.6050300024002351 -0.035662890996123409 0.041114402201110199 -0.23884577557646819 -0.029223977039271178 0.24454174318289451 -0.14844565584693017 -0.073080172459340051 -0.30487224136987251 0.26177828841016154 0.33064506516062098 -0.090758975960719301 0.19459291069669235 0.42908907275538138 -0.06062318549865886 0.016486067312007035 0.1754800801578428 1.1205046663852378 -0.35020018309992179 -0.35191382213835903 -0.37133162438393913 -0.20079594717689428 0.83262792091409921 0.013491671335510347 -0.27801102474095524 -0.21340715297716106 0.58728766027418988 -0.25735613089938136 2.4803568355753658 2.8482581931583937 0.25548984350110276 0.19989674634135654 -0.17601354503496608 0.74539178368532866 -0.86423503755447517 0.3195114084809092 0.10385143329671978 -0.54742734314845409 0.066460148085980136 -0.45040973840763332
leaf_weight=1945.9052400439978 390.75278170406818 6306.1751770526171 1266.251452460885 450.35347214341164 664.01515942811966 2217.8532971888781 6095.0053838193417 6532.1406203210354 3722.1607799679041 899.28607878088951 6743.446338430047 5577.3536414504051 2816.2287713289261 3544.5245039910078 7177.9706002920866 13362.877860888839 490.74717542529106 5717.7246151566505 3287.5827315449715 2623.9307924062014 597.49441695213318 2632.0193490535021 1341.3230563700199 13902.898736611009 4166.3091324418783 457.43535166978836 1678.6884146034718 8137.59697458148 2830.8017278015614 1115.6371932327747 6107.6188191175461 4856.836754322052 1207.0488430261612 3540.1775330007076 9267.2734732180834 5834.6005321145058 11044.562655761838 13761.818513929844 8491.9478081762791 1625.9098468720913 636.95989596843719 1529.6858656108379 2393.6174888461828 5415.0663964152336 4636.2560588419437 7487.0420903712511 3079.1205807179213 1228.0955439060926 1437.597349613905 1165.0548875778913 123.28520634770393 58.911845207214355 3251.0671949237585 1633.3942133188248 3886.6435899138451 2889.0694369822741 2761.481848180294 1051.1651324778795 707.85397201776505 505.08813953399658 1786.7508514970541 6223.4627185761929
leaf_count=5524 1255 19994 2408 1027 2428 4690 13218 11340 13583 1437 14518 12019 4736 11971 19092 31967 1402 11389 7814 4079 1114 5547 4193 41442 9448 782 5082 15161 6666 2919 12807 7908 1261 5291 21764 10877 26720 31317 15599 3078 1103 2770 4054 9235 8334 16727 6496 2472 2237 1749 125 100 5184 3515 5596 4574 6292 2044 1130 905 4173 9672
internal_value=-0.000827312 -0.00323551 -0.00484294 0.00131462 -0.000207802 -0.00144092 -0.00743648 -0.00834613 0.00333926 -0.00219557 -0.00685142 -0.00612002 -0.00143137 -0.00208849 0.00637175 0.00280182 6.05612e-05 0.00209287 0.00426392 -0.0108345 -0.00199148 -0.0116535 0.000539991 0.000328245 0.00467251 0.0014936 -0.000585553 0.00131415 0.00113254 0.00168619 -0.00506139 0.00486612 -0.00108647 -0.00280569 0.00552182 0.00366012 -0.000633596 -0.0012652 0.000957747 0.0118668 0.00205385 0.00460752 0.00065255 0.00159041 0.00625314 -0.00370988 -0.00178537 -0.00971245 -0.00110156 0.00396467 -0.00387749 -0.0158255 0.00726758 0.00259604 0.00240774 0.00384958 -0.00891519 -0.000694033 -0.00276724 0.00244012 0.00575735 -0.00614782
internal_weight=238317 112185 75409.1 126132 72004.7 32635.6 42773.4 38676.4 54127.1 43364.6 32144.3 11061.8 39841.4 37025.1 21678.7 28640.1 36776.1 26563.9 14500.8 3523.22 7366.38 8727.02 35057.3 34666.5 6023.98 4682.66 28642.5 32448.3 4097.05 14031.8 23417.2 6535.53 7496.26 6289.21 12554.9 19197.5 27257.1 24806.4 21573.8 2076.26 28726.2 10177.3 18548.9 16155.3 8524.28 17309.6 10566.2 1718.84 8017.72 2602.65 1652.97 516.347 7887.32 2749.03 15267.7 11381 8338.84 6768.89 14610.8 2722.94 2450.77 9767.99
internal_count=523354 247596 159396 275758 158029 69669 89727 80653 117729 96533 69313 23906 91017 86281 54194 61496 88200 57391 35102 5516 14547 18765 84326 83071 14523 10330 68548 63535 9074 25976 50548 12990 12986 11725 29578 42844 64638 58037 45763 4105 49952 17516 32436 28382 14621 37741 23223 3874 13221 3986 2895 882 13518 6434 25769 20173 18311 13433 42572 5595 6601 21643
cat_boundaries=0 1 2 3
cat_threshold=8 12 4
is_linear=0
shrinkage=0.05


Tree=32
num_leaves=63
num_cat=4
split_feature=21 22 17 8 0 0 8 8 31 8 2 19 10 32 20 12 32 6 31 17 32 11 32 24 2 0 31 8 16 32 17 1 2 24 22 8 17 10 17 24 1 17 2 0 30 8 11 32 12 31 2 18 11 16 31 26 8 31 2 8 31 21
split_gain=481.227 257.704 179.071 154.634 187.753 153.792 141.603 135.208 114.547 94.8862 93.076 87.431 85.3717 117.922 83.9156 79.8631 75.0041 69.0604 63.353 61.855 59.4139 59.1924 59.0031 52.7693 52.5229 52.414 49.8873 54.1185 51.9684 49.1925 49.1362 48.379 47.76 46.7322 44.8412 44.0607 43.2507 41.6483 41.14 41.1219 40.5331 51.6756 53.7582 52.6987 49.426 40.4888 44.9072 38.7313 38.2474 38.1655 37.0336 36.9764 36.4856 36.0174 35.927 37.7549 35.1328 44.254 43.2842 35.0112 41.7974 34.7883
threshold=15.799999773502352 17.099999984105434 2.5499999523162846 34.022500000000008 0 1 20.812500000000004 85.378500000000017 31.261000000000003 49.672500000000007 4.5000000000000009 10.449999809265138 95.503500000000017 73.395000000000024 2.5000000000000004 37.773500000000006 80.15000000000002 4.5000000000000009 65.46050000000001 0.35000000894069677 84.490000000000023 67.48937500000001 68.397500000000022 364.50000000000006 4.5000000000000009 2 45.110500000000009 4.8685000000000009 41.142541666666673 83.190000000000012 10.050000190734865 15.500000000000002 1.5000000000000002 3.5000000000000004 18.833333412806194 161.00500000000002 5.9500000476837167 6.7069250000000009 21.550000190734867 548.50000000000011 5.5000000000000009 16.94999980926514 4.5000000000000009 3 3.5000000000000004 129.59150000000002 20.18354166666667 75.295000000000002 28.950500000000002 56.568000000000005 1.5000000000000002 18.250000000000004 9.6920833333333345 7.5637500000000006 75.473500000000016 8.2500000000000018 226.77150000000003 69.062500000000014 3.5000000000000004 85.378500000000017 27.780000000000005 6.6500001400709161
decision_type=2 2 2 2 1 1 2 2 2 2 2 2 2 2 10 2 2 2 2 2 2 2 2 2 2 1 2 2 2 2 2 2 2 2 2 2 2 2 2 2 2 2 2 1 2 2 2 2 2 2 2 2 2 2 2 2 2 2 2 2 2 2
left_child=1 5 12 17 29 9 8 16 19 10 36 20 15 -14 25 -3 18 21 33 -7 35 37 -11 -12 26 30 38 -28 49 34 -10 39 -15 -4 -5 40 -1 -2 -16 -26 -8 42 43 -42 -45 46 -13 -19 -34 -29 -35 -48 -39 -6 55 -9 57 58 -24 60 -17 -27
right_child=3 2 7 4 53 6 11 54 14 22 23 45 13 32 24 59 -18 47 -20 -21 -22 -23 56 -25 31 61 27 28 -30 -31 -32 -33 48 50 -36 -37 -38 52 -40 -41 41 -43 -44 44 -46 -47 51 -49 -50 -51 -52 -53 -54 -55 -56 -57 -58 -59 -60 -61 -62 -63
leaf_value=1.7470848043329015 -0.016548893086875793 0.017155688986266914 -0.15090509000928967 -0.36455436900508942 -0.42246511491498656 1.8141263837128516 -0.11516586704206842 -1.4250891232194272 0.60474725969821763 -0.17521971089326219 0.30614972842483817 -0.32411428497256956 -1.8457856666823869 -0.41008333184107432 0.043940200696364416 -0.021676592638338557 -0.38609215104049666 -0.027207785960309195 0.24576418276967474 0.12429036176424682 0.96583534083270417 0.083630610300677088 0.37326028128373806 -0.15590808502286801 0.003836243037516607 0.062427857136982026 1.3155475663058187 1.3536571249610543 -0.069826966987710612 0.69529057856948806 -0.020984849007362839 0.14123467896870975 -2.0287182552535095 0.087890033308188481 -0.73016029353463829 -1.863540973731648 1.0102045723642723 -0.14453493881245089 0.27657615977890709 -0.14191700745711233 0.64698485606141398 -0.13396446829987596 -0.12549148460706469 -0.23800132018046669 0.28382092833303235 -1.7114871476250055 -0.1617222187057927 0.11206867631416501 0.20822419432951877 0.072169084392630464 -0.069901789353700533 0.24405199372086042 -0.11537052995302438 -0.72892766898563477 -2.4882553482912333 -0.75788722395700858 -2.0095244629665134 1.5231038654951228 -0.045062830860729132 0.086222848409390457 0.63974711142551621 -0.050462225966850772
leaf_weight=1655.4705253839493 4695.760877892375 7337.1352151483297 7631.3367856889963 9190.3154040277004 1398.9114371538162 2546.7789516448975 7901.9674633592367 1755.7554776221514 1789.3605729788542 5863.6390319913626 4646.9354089945555 4906.173154130578 911.64114572107792 1219.5831586718559 9170.3562357127666 504.44202721118927 2542.2998841404915 6991.7418704032898 1706.198017001152 1909.1363100111485 820.21621710062027 2335.335992962122 8736.7981585711241 1395.2883847504854 5950.5010281950235 3925.6414111405611 1578.5796284079552 1687.8998616039753 1369.404064655304 267.78534811735153 2095.115091919899 2677.0054492950439 123.03668820858002 4029.5136029422283 4987.0861915946007 688.83247423171997 6917.3376986980438 3450.4749520272017 1151.540038228035 1363.4529528170824 6318.9683915674686 4404.033220499754 4313.3716664761305 2720.2778908163309 5696.0629740506411 1204.0080904662609 13163.243201896548 3343.0788863003254 2463.759063065052 1361.2124307155609 10918.446901738644 1610.9223845005035 5111.6355009675026 4703.7236094176769 704.50530302524567 4785.4947505146265 255.46324221789837 1235.7052255272865 4615.237168520689 1670.7519918978214 2386.0775857269764 13587.036640927196
leaf_count=4697 12215 20645 19939 18935 3872 6210 15704 4055 4790 17050 11071 10745 1647 2011 25024 2441 2822 18462 1809 5582 1339 4496 14677 2914 13020 8544 2303 2486 2124 424 5477 5919 243 9519 10317 1092 16869 8379 3182 2667 13592 8837 8978 5731 11507 2072 26724 5235 3997 1548 28020 3895 11053 8106 726 7344 373 1269 8304 2807 5115 32642
internal_value=-0.000853828 0.000251641 -0.00280659 -0.00541879 -0.00865845 0.00134928 0.000396169 -0.00488184 0.002252 0.00420575 0.00729148 -0.00140487 0.00144897 -0.00424189 0.00153582 0.0037057 -0.00324475 -0.00285114 -0.0023891 0.0099177 0.000202728 -0.00495183 0.00202961 0.00253805 0.00342688 -0.000789479 0.0051748 0.00880135 0.00595996 -0.00553791 0.00445752 0.00057165 -0.000371578 -0.00309118 -0.00594312 -0.000137603 0.0106411 -0.00624468 0.0030671 -0.00153341 0.000137397 0.00118091 0.00230943 0.00374649 0.00114873 -0.00393449 -0.00338954 0.000318555 0.003474 0.00959298 -0.0014657 -0.00201291 -0.00831991 -0.0160075 -0.010942 -0.0097837 0.00370707 0.00402935 0.00319098 0.00890032 0.01223 -0.00195493
internal_weight=238399 191923 50690 46475.9 20547.8 141233 105911 34073.6 52163 35321.9 14615 53748.1 16616.4 4718.02 47707.1 11898.4 26827.8 25928 24285.5 4455.92 32863.7 15593.2 20706.8 6042.22 26310 21397.2 16319 5997.1 4418.52 14445.2 3884.48 9990.96 3806.38 22579.3 14177.4 32043.5 8572.81 13257.9 10321.9 7313.95 31354.7 23452.7 19048.7 14735.3 8416.34 20884.3 19680.3 10334.8 2586.8 3049.11 14948 14774.2 8562.11 6102.64 7245.76 6541.25 14843.2 14587.7 13352 4561.27 2890.52 17512.7
internal_count=523592 422098 113140 101494 41654 308958 231734 74234 121518 77224 35551 110216 38906 7898 109726 31008 62109 59840 59287 11792 66780 36143 41673 13985 58273 51453 36667 8461 6158 29676 10267 21606 6251 57478 29252 65441 21566 31647 28206 15687 64349 48645 39808 30830 17238 43436 41364 23697 4240 4034 37539 30619 19432 11978 12125 11399 24623 24250 22981 10363 7556 41186
cat_boundaries=0 1 2 3 4
cat_threshold=12 8 4 4
is_linear=0
shrinkage=0.05


Tree=33
num_leaves=63
num_cat=0
split_feature=19 8 7 27 22 3 8 8 32 8 7 5 9 5 31 4 27 31 31 3 3 14 8 6 31 31 31 32 32 8 1 27 11 6 7 8 7 13 8 7 8 15 32 3 32 13 10 15 32 10 7 4 32 32 31 7 31 11 28 13 22 16
split_gain=430.139 213.84 198.025 141.831 129.787 96.0413 91.2159 90.4555 82.1865 74.3982 76.5918 71.5953 71.0367 66.4319 57.4965 57.4921 56.6247 56.4899 53.2924 86.7756 79.4597 78.3024 54.9869 52.6541 51.3081 60.3731 49.9133 49.8986 54.669 49.4512 51.0033 49.187 48.0873 46.1494 44.7916 40.4497 39.962 39.9612 39.9312 39.3802 38.9431 38.6238 38.4183 38.2536 40.7315 36.5594 36.0137 36.0075 35.8032 40.4895 35.1864 34.3775 32.848 37.2854 31.7241 31.6104 34.9067 31.2863 39.0143 30.7801 30.0808 33.5857
threshold=12.34999990463257 18.162500000000005 18.493500000000001 15.300000190734865 11.066666642824812 1.5000000000000002 129.59150000000002 85.378500000000017 77.485000000000014 103.18150000000001 75.326500000000024 1.0000000180025095e-35 94.521000000000015 1.0000000180025095e-35 50.073 1.0000000180025095e-35 12.800000190734865 27.737000000000005 43.488500000000009 3.5000000000000004 5.5000000000000009 40.529464285714297 8.1710000000000012 3.5000000000000004 33.785500000000006 40.067000000000007 30.247000000000003 73.395000000000024 79.020000000000024 4.0710000000000006 4.5000000000000009 11.34999990463257 66.150416666666686 5.5000000000000009 93.268500000000003 110.90250000000002 110.04250000000002 14.285000000000002 56.845000000000006 76.361500000000021 74.715000000000018 2.3918750000000029 74.407500000000013 3.5000000000000004 80.71250000000002 99.809000000000012 5.3042500000000006 10.343583333333335 79.885000000000005 61.260925 64.032500000000013 1.0000000180025095e-35 82.795000000000016 81.672500000000014 30.113500000000005 27.603500000000004 31.729000000000003 134.81770833333334 20.733333746592205 49.255000000000003 19.700000206629436 31.102375000000006
decision_type=2 2 2 2 2 2 2 2 2 2 2 2 2 2 2 2 2 2 2 2 2 2 2 2 2 2 2 2 2 2 2 2 2 2 2 2 2 2 2 2 2 2 2 2 2 2 2 2 2 2 2 2 2 2 2 2 2 2 2 2 2 2
left_child=4 11 23 9 8 48 36 12 13 10 38 16 29 14 18 -16 32 -10 31 47 35 22 -22 37 43 -26 -9 -28 -29 -7 -31 33 -2 -1 -11 -21 40 -3 -4 51 -5 -19 -15 -18 -45 -8 -13 -20 -6 54 -42 -32 53 55 -50 56 -43 58 -55 -14 61 -39
right_child=1 2 3 6 5 7 45 26 17 34 -12 46 59 42 15 -17 24 41 19 20 21 -23 -24 -25 25 -27 27 28 -30 30 39 -33 -34 -35 -36 -37 -38 60 -40 -41 50 52 -44 44 -46 -47 -48 -49 49 -51 -52 -53 -54 57 -56 -57 -58 -59 -60 -61 -62 -63
leaf_value=0.048368896354327354 -0.035910212559482589 -0.42293732600885897 -0.18733294615225962 0.16239459388457861 -0.028040407682834625 0.037068079711685659 -2.0499995290524469 -1.4622091124294394 -0.36049502868844596 -1.615283339851401 -0.020786782798638905 0.018791779137415254 -0.056364892829621462 -0.47940879717093143 0.031879193782256808 -0.416209356489597 1.8518908768687272 1.7860503428943084 0.23852930368214942 1.0604535093142702 0.49485829479651766 0.51111876363989794 -0.36368220303457149 -0.2524903242410465 -0.05187551039817704 0.057029391184412893 -1.0119192743065637 0.099888076435580161 -0.6182789614890476 -0.14137207534306748 2.9334594401131397e-05 0.16784116393056805 0.17628348227624416 -0.16023494689993126 -0.80488962503058026 0.030193778723575627 0.55327109934198704 -0.28356826468570562 -0.64574331636447924 0.31435383002604128 -0.58438630841394912 3.0411260579678232 0.22669169719346841 0.068105005993536055 -0.1808875637868512 -0.4222521813768827 -0.20907621463157491 -0.23873449496443497 0.85564023194183858 0.18744585522792312 0.036456976755137663 -0.099547638756166401 1.9726815640681825 -0.29164385102364182 1.4415688648486733 0.99588349224239892 0.035395154265563014 1.765507719619047 2.8306225714775053 0.45421994457688053 -0.63242328062655617 -0.56641237275682133
leaf_weight=9911.288554161787 15132.735735610127 2809.995057374239 11461.826539888978 8255.1340679973364 1537.472236469388 11164.797176346183 884.73636467754841 613.7051123380661 673.59232473373413 2557.2227036207914 9715.9759006798267 496.89282712340355 1170.9418116211891 1198.509521856904 3285.0014955699444 1405.0991109311581 851.66850127279758 2225.4441767930984 887.61732852458954 4597.8786613345146 488.19744229316711 2721.7844848930836 1071.2505566179752 6380.4628348648548 4832.8761604428291 10715.271327659488 3831.7045426219702 4455.3176316022873 1990.6104121208191 7816.8552764505148 18402.81558047235 13816.549278572202 2988.5563747137785 3997.0232548117638 6900.1173692792654 662.30052721500397 2184.7561297267675 3439.3610868304968 5509.777899518609 3488.7630219608545 2307.9082698971033 362.89972215890884 302.2367559671402 4843.2530158013105 309.76453453302383 2541.6354438364506 1444.7510408759117 1134.1786226928234 866.09985685348511 2653.3511077165604 3290.1869507879019 7332.0999908596277 510.94995653629303 1172.9400742650032 629.95331740379333 3148.0167456865311 2429.1373351812363 361.00542235374451 210.12656456232071 3453.617582410574 1570.83246332407 1027.2617441117764
leaf_count=27545 37893 5927 27796 20009 5216 28255 1840 1672 1163 4585 18711 1426 2282 3006 4781 2084 2211 3015 2558 6195 953 4229 1814 13951 16031 20764 6846 6490 2427 17318 45501 39635 5600 11393 11464 878 3952 7939 12206 6271 4826 659 404 12126 529 3989 2958 3014 1448 4320 6053 17110 809 1350 1025 4426 3335 366 271 5441 3510 1702
internal_value=-0.000842131 -0.00308992 -0.0047611 -0.00337759 0.00116429 -0.00028459 6.34328e-05 -0.000840257 0.00294186 -0.00523056 -0.00387992 -0.000245241 1.51301e-05 0.00200052 0.0023536 -0.00287847 0.000213657 0.00680025 0.00297825 0.00582959 0.0078233 0.00276464 -0.00616622 -0.00981283 0.00194567 0.00042949 -0.00498904 -0.00416082 -0.00147426 -0.000552798 -0.00143202 0.00178887 -0.00184633 -0.000310196 -0.0090411 0.0119392 0.00164561 -0.0123098 -0.00590652 -0.000472377 0.000654199 0.00770745 -0.0083408 0.00587085 0.00424662 -0.00734064 -0.00961731 -0.00357852 0.00594068 0.00835512 -0.00256476 -0.00114822 0.00611981 0.00530195 0.0149305 0.00718893 0.00331419 -0.00112526 -0.00454755 0.00593393 -0.0100142 -0.00791811
internal_weight=238434 112453 70837.2 55609.3 125981 69408.1 19464.4 63721.2 56573 36144.9 26687.6 41615.8 52829.9 45478.9 43978.2 4690.1 39674.1 11094.1 39288.1 11563.2 9541.41 4281.23 1559.45 15227.9 21552.8 15548.1 10891.3 10277.6 6445.93 48205.3 37040.5 27724.9 18121.3 13908.3 9457.34 5260.18 16038 8847.45 16971.6 29223.7 13853.2 10420.5 1500.75 6004.69 5153.02 3426.37 1941.64 2021.8 5686.88 4149.4 5598.1 25734.9 8195.08 7684.13 1496.05 5940.05 2792.04 1744.07 1383.07 4624.56 6037.46 4466.62
internal_count=523503 247998 148460 115431 275505 151622 40669 139613 123883 74762 58713 99538 122178 108489 105079 6865 95154 15394 98214 19641 14069 6996 2767 33029 51661 36795 17435 15763 8917 114455 86200 78573 43493 38938 16049 7073 34840 19078 40002 68882 30888 14231 3410 14866 12655 5829 4384 5572 12009 6793 10879 62611 11216 10407 2473 8420 3994 1987 1621 7723 13151 9641
is_linear=0
shrinkage=0.05


Tree=34
num_leaves=63
num_cat=5
split_feature=19 0 8 7 8 0 8 22 32 3 32 5 8 24 7 8 2 24 6 31 5 0 0 2 3 1 10 3 9 19 10 14 12 14 10 8 20 3 3 14 10 32 31 31 0 31 32 3 7 12 32 24 14 2 32 2 2 9 3 5 31 32
split_gain=387.178 185.123 213.641 157.127 145.891 227.557 113.186 109.943 97.817 136.874 81.1655 73.1518 76.2891 78.0809 68.4907 73.7356 66.4783 83.6663 61.6249 59.0108 58.9378 53.9992 53.5233 53.4614 52.8676 51.6269 50.4001 47.2551 47.1545 42.8796 42.4625 46.9794 42.2673 41.3317 42.4185 40.7439 40.5221 40.2986 40.2329 39.9923 43.5608 38.7394 43.3333 41.0257 38.0813 37.6983 40.9106 49.8724 37.6806 37.269 34.7772 34.4656 38.7379 34.2917 33.8923 45.1047 46.6212 34.4627 33.7844 33.6962 33.296 33.1398
threshold=15.449999809265138 0 79.921000000000006 77.416000000000011 24.771500000000003 1 4.613500000000001 20.400000413258876 73.395000000000024 8.5000000000000018 82.702500000000015 1.0000000180025095e-35 70.69250000000001 432.50000000000006 23.311000000000003 100.56750000000001 4.5000000000000009 1.0000000180025095e-35 2.5000000000000004 65.46050000000001 1.0000000180025095e-35 2 3 4.5000000000000009 2.5000000000000004 5.5000000000000009 12.675125 2.5000000000000004 113.45150000000002 6.6499998569488534 19.424525000000006 4.2929114906832302 69.524000000000015 19.996572023809524 38.090050000000005 149.63000000000002 238.50000000000003 6.5000000000000009 2.5000000000000004 12.402886904761907 -1.0000000180025095e-35 65.762500000000017 39.189000000000007 43.532500000000006 4 50.073 77.637500000000017 4.5000000000000009 105.45150000000002 78.939000000000007 68.397500000000022 370.50000000000006 44.872901785714291 4.5000000000000009 76.780000000000015 3.5000000000000004 1.5000000000000002 10.752500000000003 9.5000000000000018 1.0000000180025095e-35 79.51900000000002 64.325000000000017
decision_type=2 1 2 2 2 1 2 2 2 2 2 2 2 2 2 2 2 2 2 2 2 1 1 2 2 2 2 2 2 2 2 2 2 2 2 2 10 2 2 2 2 2 2 2 1 2 2 2 2 2 2 2 2 2 2 2 2 2 2 2 2 2
left_child=1 11 3 6 20 7 26 50 22 28 16 12 13 23 -7 38 17 29 32 30 25 -11 -4 61 -9 -2 39 -20 54 -8 31 -19 -5 37 -35 -30 -24 -32 -16 40 -3 42 -42 -43 -27 -18 47 -47 53 -17 -6 52 -36 -14 -10 56 -56 -57 -21 -41 -48 -1
right_child=4 2 8 18 5 14 10 24 9 21 -12 -13 48 -15 15 49 45 19 27 58 -22 -23 36 -25 -26 44 -28 -29 35 -31 33 -33 -34 34 51 -37 -38 -39 -40 59 41 43 -44 -45 -46 46 60 -49 -50 -51 -52 -53 -54 -55 55 57 -58 -59 -60 -61 -62 -63
leaf_value=0.28544804065118728 -0.059828534527889589 0.090433764552331639 -0.47299320008812845 0.57909108871512449 -0.34188927894935101 -0.47837873568824296 0.02743397477508638 -0.011148238530254062 -0.30717535137373797 -0.45981891788030471 0.84225972533407067 -0.57207314764385286 0.047389852478421535 -0.036246740554161154 0.046273326258853414 -1.8486230589738477 -0.061079795939535768 -0.088314154729606908 0.60704827378060089 0.97275033404716715 -0.14075254245394139 -1.4628975889856191 -1.5176814687140088 0.29929266207327843 -0.78614874091486131 0.033237765150228249 1.4732349293283631 0.098252072125533288 0.71077048198381487 -0.12331742718748898 0.16122219016726744 0.15520236262486098 1.5268371533218545 0.20426971125165602 -0.1840873979010601 -0.39714339229464246 -0.27731569116823351 -0.18744520596102157 -0.37570213005771064 0.17249580163913728 0.29473672350845032 -0.033838482063499598 -0.035845706162701774 0.10480196240812965 -0.027473697328591173 -0.14423639203659971 -0.034783531642894563 -0.40609095156643882 0.40919828022170823 -0.58274203371260747 0.093869876779719169 -0.42607279487793115 0.32168011023833404 -0.679975187973894 -0.072678662043747885 0.45700508973516413 0.44568201918745942 -0.22644028534213645 -0.32364579489234946 -0.15594040000930023 -0.6221310615886203 1.3691722200829677
leaf_weight=1495.998167693615 7245.3688035160303 1229.4496018886566 4979.2154356539249 2686.2802568227053 4565.4789936542511 5942.2051528245211 6915.4262546747923 1841.9995114505291 2434.548415184021 2795.715315669775 1259.9084810018539 1070.7284468114376 5857.1189643889666 2803.575494915247 1610.2899798303843 2293.5272130519152 14161.045197963715 954.58935835957527 1491.9134673923254 1855.3404988646507 1488.6195710301399 1966.6541973054409 3033.6383027732372 4601.3724765479565 5343.8457092344761 14099.480434164405 1663.3204714953899 6282.592888712883 1710.1999036073685 16547.22448630631 1515.9431007653475 9320.6465763151646 1320.7868058532476 4900.4376117438078 3026.7935855686665 575.96684724092484 824.67444141209126 3451.0163895040751 9072.5275086015463 10787.760435655713 1466.5843772739172 7347.7165213376284 1308.669183075428 2509.3844893574715 8009.3673053085804 1520.695289760828 2337.1992839574814 1007.6949337124825 5315.9935812950134 829.58345729112625 11923.706216424704 1917.5092200487852 2401.0126704573631 978.07083086669445 1557.8226116597652 263.40217912197113 2056.5743156373501 1773.0902110636234 104.6011780500412 540.58924503624439 264.3476037979126 6140.0037692636251
leaf_count=6004 17518 3783 10141 4907 14658 12270 15590 3760 3668 3795 1954 2325 12410 5811 4306 4142 37367 2675 2982 1937 3294 2683 5707 10788 11369 33331 3388 10246 2649 39206 4264 21714 2089 11819 7880 897 1412 8780 18444 24825 4895 20255 4300 5442 19387 2473 2856 1159 8685 1298 20136 4144 5890 2081 2408 412 2958 2638 105 1294 273 13648
internal_value=-0.000855939 0.000498095 -0.000266879 0.000649303 -0.00385202 -0.00571968 7.74725e-06 -0.00240984 -0.00455113 -0.00211016 -0.00100769 0.00417947 0.0046858 0.0070661 -0.00968124 -0.00775332 -0.00122731 -0.000311185 0.0061114 0.00146354 -0.00122247 -0.00912642 -0.0087305 0.00879029 -0.00757182 -0.000730082 0.00278557 0.00351452 0.0011121 -0.0025386 0.000865697 0.00340902 0.0111477 -0.000652668 0.000907789 0.00745067 -0.0131495 -0.00449929 -0.00577663 0.00222869 0.000427603 -0.000447109 0.00477012 -0.00191635 0.000470344 -0.00373987 -0.00741189 -0.01194 0.00173908 -0.0145107 -0.000161436 -0.00149581 0.000540191 -0.000716437 -0.00068084 0.00144404 0.00479668 -0.0045057 0.00984348 0.00443234 -0.00300822 0.0113556
internal_weight=238597 164331 136068 112096 74266 43423.2 100315 23675 23971.5 15134 73461.4 28262.9 27192.1 15040.9 19748.1 13805.9 72201.5 52910.5 11781.6 29447.9 30842.8 4762.37 8837.53 12237.4 7185.85 29354.2 26853.5 7774.51 10371.6 23462.7 27487.9 10275.2 4007.07 17212.7 12245.8 2286.17 3858.31 4966.96 10682.8 25190.2 13861.8 12632.4 2775.25 9857.1 22108.8 19291 5129.94 2528.39 12151.2 3123.11 16489.2 7345.32 5427.81 6835.19 8085.44 5650.89 3614.4 2036.49 1959.94 11328.3 2601.55 7636
internal_count=523525 359612 297860 258492 163913 90383 238268 49923 39368 22108 170086 61752 59427 36251 40460 28190 168132 124004 20224 69208 73530 6478 17260 30440 15129 70236 68182 13228 15630 54796 67166 24389 6996 42777 29733 3546 7119 13044 22750 64794 38675 34892 9195 25697 52718 44128 6761 3632 23176 5440 34794 17914 13770 14491 12084 8416 5366 3050 2042 26119 3129 19652
cat_boundaries=0 1 2 3 4 5
cat_threshold=8 8 4 4 9
is_linear=0
shrinkage=0.05


Tree=35
num_leaves=63
num_cat=3
split_feature=21 8 7 21 0 27 17 8 22 2 16 22 24 3 8 10 2 10 7 7 7 8 12 7 32 7 10 8 0 0 17 12 22 22 16 18 18 8 17 23 3 32 16 30 14 30 2 22 14 7 3 15 8 32 16 28 15 28 3 32 27 3
split_gain=409.595 261.785 181.22 156.035 141.12 110.192 105.187 108.102 93.8592 83.6591 79.4518 77.3451 75.7117 92.0006 74.6188 67.2871 65.8808 64.5149 89.7671 61.7024 60.904 67.5784 59.0831 58.6851 58.5496 51.5528 49.3565 46.4377 45.9839 43.9831 45.4397 45.1318 42.8177 41.1391 40.6287 35.593 35.1783 34.5372 34.2546 32.873 32.5533 32.0869 34.9788 32.0373 30.8576 30.7075 39.2089 30.6942 30.5598 30.3671 29.959 30.1417 29.6894 29.4398 29.3564 29.3315 29.1375 29.0296 28.809 28.8044 28.7348 28.1629
threshold=9.9000001549720782 90.062500000000014 76.361500000000021 19.450000047683719 0 16.400000572204593 10.650000095367433 168.35900000000001 18.933333158493046 4.5000000000000009 47.628333333333337 20.400000413258876 4.5000000000000009 7.5000000000000009 13.401000000000002 10.294900000000002 4.5000000000000009 51.486674999999998 38.025000000000013 103.99150000000002 5.4910000000000005 6.7910000000000013 33.506000000000007 12.361500000000001 79.885000000000005 89.663500000000013 99.401200000000003 22.775000000000002 1 2 1.0000000180025095e-35 34.492500000000007 11.066666642824812 17.633333285649623 45.200875000000003 25.750000000000004 18.350000023841861 132.21150000000003 -6.8500001430511466 13.84999990463257 4.5000000000000009 77.750000000000014 22.271250000000002 7.5000000000000009 4.2929114906832302 3.5000000000000004 3.5000000000000004 20.533332904179897 39.912717261904767 39.932500000000012 4.5000000000000009 4.8755624999999965 3.1190000000000002 70.77500000000002 28.208083333333338 12.233333309491476 28.457708333333336 12.366666555404665 4.5000000000000009 77.015000000000015 10.59999990463257 5.5000000000000009
decision_type=2 2 2 2 1 2 2 2 2 2 2 2 2 2 2 2 2 2 2 2 2 2 2 2 2 2 2 2 1 1 2 2 2 2 2 2 2 2 2 2 2 2 2 2 2 2 2 2 2 2 2 2 2 2 2 2 2 2 2 2 2 2
left_child=6 2 3 5 11 14 7 9 12 10 17 25 32 27 45 -5 41 18 34 49 21 -7 -6 54 -10 40 38 44 -17 30 -4 -31 -8 -32 43 -24 -13 -21 -11 -40 -3 42 52 47 -14 48 -47 60 -2 -19 51 -12 -15 -28 -16 -25 -22 58 -27 -46 -1 -23
right_child=1 4 29 15 22 20 8 -9 24 26 50 36 13 16 23 28 -18 19 -20 37 56 61 35 55 -26 57 53 -29 -30 31 33 -33 -34 -35 -36 -37 -38 -39 39 -41 -42 -43 -44 -45 59 46 -48 -49 -50 -51 -52 -53 -54 -55 -56 -57 -58 -59 -60 -61 -62 -63
leaf_value=0.017495027734988965 -0.042041172584680812 -1.2851758432151577 1.0763914565418853 -0.01688250792062582 -1.6884552384814151 0.025728321202566174 0.022111008703465586 -1.4051199955724734 -0.12232456666269052 0.27136381237705598 0.94218451779432189 -1.4726005422513879 -0.048093918218588064 0.46750925357406797 -0.19000130803288764 -0.28304853607917302 0.0015801982738919307 -0.23723106456402823 1.0818047120181153 0.60795392263060499 0.18281648920221213 -0.29457852822917613 -1.279700040737346 -0.22595137096821 -0.86050078740703828 -1.0456267339336418 -1.5369061813890124 -0.12148965645524533 -0.25706704748640768 -0.21778277560613848 0.51266144574898409 0.16982589092311412 -0.12974235136675991 -0.032908128784012905 1.8129511543088883 0.14040632016560226 0.12607558273583788 0.033825578253035893 0.040083140298025378 -0.14975616736822117 -0.42166877798182079 1.2156313891154895 1.137819794003935 0.86429080225618549 0.1681623908664768 0.063255317892738527 -0.025019494184109155 -0.23722690501988553 0.17358674711094296 0.11836748626610244 0.15654711781561892 -0.36076728724678769 -0.026909019379300503 -0.11668769088475242 -0.33293139315271197 -0.07251316145404392 -0.046267948477822868 0.15849448880138139 -0.11058387676912274 -0.16597932268365159 0.42674624427710928 -0.084512596949983282
leaf_weight=3279.2738569974899 10840.673789680004 1977.6441489905119 979.82645918428898 4515.719115242362 2881.8262737840414 6818.1195686608553 7748.0866846442223 1132.0676543563604 4448.4506592154503 1714.2727907299995 298.55504837632179 3341.9081978350878 804.01542699337006 359.83243182301521 4893.7759365439415 4467.4848476797342 3267.8527763932943 3028.3763289451599 5294.1249790340662 3287.9605994075537 12321.974653631449 2203.1416478902102 1766.3730837702751 12230.74494984746 944.79486262798309 1310.4546309709549 358.35574465990067 8651.7630738019943 4373.5547412186861 1654.6809562444687 7020.9820344001055 2463.0742167383432 8081.4112949371338 3081.5505453795195 556.02781400084496 580.47290775179863 404.00546625256538 1126.2572621554136 9181.2451247423887 2115.4704905897379 4003.2512094825506 3616.2857242822647 1305.7397548407316 3342.1215460896492 5333.3904722630978 6499.0987582653761 7430.8925661444664 787.42704083025455 1464.6638220399618 8106.7121810466051 2560.0104776024818 2029.8614104986191 1947.1963407546282 591.50189062952995 2093.02004994452 12977.537311241031 2627.6579878032207 3775.3083751499653 3157.9852136969566 300.22841215133667 4829.4897572696209 4032.4920052140951
leaf_count=7836 28800 4355 2361 10994 4821 17479 16357 2157 9441 3826 930 6197 1971 1193 12136 10299 5984 7236 13060 5504 29070 5330 2701 28860 979 2643 565 17693 9164 3033 13483 4005 16086 6179 965 920 647 1840 21861 5309 7086 3862 2458 8713 12640 15504 17366 2153 2961 18690 5317 4615 5163 976 3930 30246 4831 6391 5047 347 12091 9172
internal_value=-0.000804005 -0.00256998 -0.00159246 -0.00236714 -0.00741492 -0.00158987 0.00162599 0.00313788 -0.000105901 0.00346768 0.0046693 -0.00530071 0.000702101 0.00238357 -0.00282577 -0.00739647 0.00597806 0.00553488 0.00756507 0.00317283 0.0009889 -0.00150641 -0.0146408 -0.00443869 -0.00630969 -0.00361986 0.000151595 -0.000117161 -0.00993255 0.00349323 0.00512997 -0.00092224 -0.00201575 0.00413657 0.00529859 -0.00877328 -0.011695 0.00817461 0.000955186 -4.44599e-05 -0.00715336 0.00864099 0.00530594 0.00469705 0.00309815 -0.000846352 0.00076139 0.00312843 -0.00266628 0.00118945 -0.00128672 -0.00538988 0.00160299 -0.0108453 -0.00849331 -0.00331461 0.00316772 -0.00105573 -0.00378261 0.004406 0.00404378 -0.00526783
internal_weight=238618 138190 114991 99790.6 23199.2 86433.8 100428 53619.1 46809 52487 38526.2 17970.6 41415.8 25586.3 58430.4 13356.8 10496.9 33637.8 18088.5 15549.3 28003.4 13053.8 5228.67 32195.1 5393.25 14224.6 13960.8 15089.4 8841.04 15200.1 11082.4 4117.76 15829.5 10102.5 12794.3 2346.85 3745.91 4414.22 13011 11296.7 5980.9 7229.05 3612.77 12238.3 6437.63 26235.3 13930 8896.19 12305.3 11135.1 4888.43 2328.42 2307.03 949.858 6986.8 25208.3 14949.6 8243.75 4468.44 5633.62 8108.76 6235.63
internal_count=523829 306011 265203 236142 40808 205685 217818 123644 94174 121487 88950 32366 83754 51311 139803 30457 18660 78088 44818 33270 65882 31981 8442 75172 10420 25522 32537 32651 19463 29061 22023 7038 32443 19662 31758 3621 6844 7344 30996 27170 11441 12676 8814 30793 14958 64631 32870 22080 31761 25926 10862 5545 6356 1541 16066 59106 33901 14081 7690 12987 19927 14502
cat_boundaries=0 1 2 3
cat_threshold=12 12 12
is_linear=0
shrinkage=0.05


Tree=36
num_leaves=63
num_cat=2
split_feature=21 8 8 0 11 27 2 8 9 6 5 5 21 0 8 18 8 31 11 8 31 23 31 18 8 20 31 12 11 23 16 2 31 3 24 5 8 24 31 31 12 31 12 18 22 11 15 2 3 22 22 17 8 20 2 31 17 15 20 22 31 15
split_gain=385.28 192.545 177.876 213.227 148.769 128.206 107.167 90.1173 99.1946 89.2669 78.9803 73.4402 73.2331 69.5326 68.9813 66.525 65.4622 63.7447 62.7528 63.2687 60.4986 59.5665 59.2023 53.0681 51.9564 51.7409 51.4837 50.518 49.747 45.9963 45.9218 45.3183 65.1724 57.9107 43.6305 39.0781 38.4416 40.4643 38.0384 37.9772 49.0722 37.8658 36.7441 36.6176 34.5391 33.9669 42.8661 33.6667 36.4136 33.5134 31.7961 31.6757 31.5629 39.2846 30.9563 38.4469 30.8365 30.7804 30.5874 29.8399 29.7259 36.8132
threshold=14.400000154972078 79.921000000000006 35.324000000000005 0 85.436083333333343 12.049999713897707 4.5000000000000009 177.56600000000003 117.52100000000002 2.5000000000000004 1.0000000180025095e-35 1.0000000180025095e-35 5.5000001490116128 1 114.12600000000002 14.849999997764828 0.98100000000000009 50.073 20.46179166666667 14.115 60.410000000000004 12.449999809265138 79.51900000000002 14.849999997764828 33.096000000000011 5.5000000000000009 65.46050000000001 72.326000000000008 49.530208333333341 10.250000000000002 14.872979166666671 4.5000000000000009 30.745000000000001 1.5000000000000002 443.50000000000006 1.0000000180025095e-35 122.49900000000001 450.50000000000006 29.740500000000004 48.669000000000004 3.6910000000000003 33.685500000000012 4.3290000000000015 21.350000143051151 20.400000413258876 2.6135416666666669 3.3406874999999934 1.5000000000000002 3.5000000000000004 16.06666664282481 17.566666364669803 1.2500000000000002 33.096000000000011 5.5000000000000009 3.5000000000000004 44.199000000000005 15.150000095367433 59.537916666666668 560.50000000000011 12.399999976158144 33.958500000000008 46.624375000000008
decision_type=2 2 2 1 2 2 2 2 2 2 2 2 2 1 2 2 2 2 2 2 2 2 2 2 2 8 2 2 2 2 2 2 2 2 2 2 2 2 2 2 2 2 2 2 2 2 2 2 2 2 2 2 2 10 2 2 2 2 10 2 2 2
left_child=1 4 10 21 5 12 11 8 28 27 13 18 -1 15 -10 34 -15 39 19 45 -19 35 -22 57 56 43 -21 -6 49 -18 -5 32 -30 -34 50 36 37 -4 -33 42 -41 -9 60 -14 -40 51 -47 48 -13 54 -2 -7 53 -27 55 -3 -20 -11 -26 -16 -8 -62
right_child=2 7 3 30 9 6 17 41 14 23 -12 47 25 16 59 -17 29 20 24 26 22 -23 -24 -25 58 52 -28 -29 31 -31 -32 38 33 -35 -36 -37 -38 -39 44 40 -42 -43 -44 -45 -46 46 -48 -49 -50 -51 -52 -53 -54 -55 -56 -57 -58 -59 -60 -61 61 -63
leaf_value=0.12950763210305852 0.33527667109634979 -0.85585988739869701 0.037401576214214138 -0.43309362630505555 0.58583696717267164 0.48724667195088411 0.032164567910664778 -3.9289539644741511 0.59503252700886888 0.15440205136190877 -0.16354669262839525 2.4853121996385217 -0.094343503025460074 0.032813354234017232 0.40840853794683663 1.7706425176578571 -0.07788524950566128 -0.24147227911645183 0.9268874398779321 -0.072501866024410319 0.10663052110538072 -0.63369644868036734 -0.50892819280972346 0.52805584615784318 0.27117629688100225 1.1121669521829831 0.6611822190042036 1.5707452580446228 -0.61042397387170322 -0.017747650609796484 -0.69253172491983506 0.20353520003187758 0.33764384295319222 -0.057562592738853627 -0.095278776372831928 -1.1886051907618638 -1.0624036876995384 -0.93293934298381886 -0.27830808882736158 0.95685997294409963 -0.11055098466868243 -0.9256915908924811 0.12492634046052215 0.30489982031320129 -1.1719853365103674 0.77624678983046402 0.1067082515509899 -0.37082522189094358 -0.25129801009440439 -0.91896370878689615 -0.020481982424996128 -0.030226380253608576 -0.1363942213500729 0.019301028717383574 -0.98048143069841487 0.34754577546814053 0.2984164895874864 -0.41157566223848241 -0.30364956916609431 -0.28550787883458373 -0.094073484867998325 0.14944572672762413
leaf_weight=7599.1655509024858 4814.0227697044611 1984.1834579855204 8945.6875962466002 2513.5630367696285 3154.5998429208994 794.25764144957066 2974.4853793233633 789.30187655985355 3425.1836005747318 7579.0342416614294 1615.9023185223341 222.56841063499451 22967.057373896241 2709.665609523654 1892.5501767098904 598.18284553289413 10141.834138572216 2409.9592709541321 5838.5197995007038 8672.9934092760086 2007.3051162362099 6587.5866460651159 293.78177630901337 1809.4831947535276 9195.1845619231462 223.38138408958912 846.74248433113098 1897.7983823120594 1804.727867603302 9563.6387046426535 5359.4670061022043 474.18367029726505 1696.4783128499985 14350.792197957635 2790.1564926356077 439.85255569219589 2313.2008095681667 797.01010800898075 3624.8400640338659 705.70865669846535 397.52468019723892 2085.7719143927097 5361.2532824873924 1503.5724117904902 694.83615469932556 2708.6054448634386 6749.6997195929289 1250.0810255259275 112.85697098076344 2505.553907468915 3312.7121369093657 2637.6492502391338 7472.2526651620865 16742.870350122452 1487.7966367155313 1576.9803187847137 2922.5576652884483 452.281031280756 695.14296521246433 3959.4719870835543 5050.8949212431908 557.21691508591175
leaf_count=18156 11810 4821 18814 6552 5893 2273 8560 1419 5469 12555 3409 516 54503 7344 2920 1511 22294 3474 13718 21268 2143 13712 303 3493 21702 1372 882 3030 4465 21616 8954 873 2938 23220 6015 911 4197 1453 5859 1053 744 3209 14032 4426 1110 7330 15405 3053 312 5157 8870 7658 19494 41282 2940 2357 6562 970 1558 6092 14343 1663
internal_value=-0.000818483 0.00037816 -0.0041911 -0.00725401 0.00130816 0.000718121 0.00228037 -0.00256001 -0.00193743 0.00601895 -0.0018682 0.00369067 -0.00100716 -0.00135367 0.00258443 0.00180374 -0.00297517 -0.000763718 0.00409843 0.00231505 -0.00583865 -0.0043891 -3.9462e-05 0.0032447 0.00624096 -0.00171668 -0.000776367 0.0114208 -0.00332653 -0.00397848 -0.0141732 -0.00215428 -0.000995051 1.83273e-05 0.00091491 -0.0023628 -0.00182797 -0.000451938 -0.00647007 0.000825461 0.00975136 -0.0111049 0.000118598 -0.00334183 -0.00794578 0.00459803 0.00614396 -0.00686544 0.00718423 -0.00683979 0.00276701 0.000336908 -8.93226e-05 0.00110317 -0.00449232 -0.00196052 0.00904476 0.00150127 0.00375662 -0.000714254 -0.00190994 -0.0040527
internal_weight=238662 176159 62502.5 26956.4 133806 118913 62405 42352.7 39477.6 14893.2 35546.1 42646.9 56508.3 33930.2 9277.21 11515.1 22415.1 19758.1 41061.4 22409.9 4711.05 19083.3 2301.09 9840.8 18651.4 48909.1 9519.74 5052.4 30200.4 19705.5 7873.03 22645.9 17852 16047.3 10916.9 12495.8 12055.9 9742.7 4793.86 15047.1 1103.23 2875.07 13943.9 24470.6 4319.68 12890.2 9458.31 1585.51 335.425 7554.51 8126.73 3431.91 24438.5 16966.3 5048.96 3561.16 8761.08 8031.32 9890.33 5852.02 8582.6 5608.11
internal_count=524037 386575 137462 54593 313726 287785 148552 72849 68221 25941 82869 102237 139233 79460 14481 28206 51254 46315 98356 54816 5920 39087 2446 17018 43540 121077 22150 8923 53740 43910 15506 38465 30623 26158 26695 25375 24464 20267 7842 40395 1797 4628 38598 58929 6969 32666 22735 3881 828 15275 20680 9931 62148 42654 10118 7178 20280 13525 23260 9012 24566 16006
cat_boundaries=0 1 2
cat_threshold=12 12
is_linear=0
shrinkage=0.05


Tree=37
num_leaves=63
num_cat=2
split_feature=21 10 0 22 21 17 12 10 27 17 32 24 7 6 3 2 22 32 2 9 25 24 7 6 21 32 2 27 32 18 20 6 17 2 22 23 32 14 10 10 24 0 10 7 23 10 20 2 10 7 27 32 26 22 32 1 32 10 32 10 14 32
split_gain=349.112 196.646 281.353 165.43 107.285 97.8864 95.4522 89.9288 88.6928 75.2587 66.552 66.4484 65.1421 63.8454 59.9405 61.0307 58.3089 55.3177 85.8371 66.9968 61.1591 53.3153 53.0199 77.4311 50.3613 49.0442 48.4068 48.3006 47.0339 44.5004 52.6346 43.5664 42.9418 41.9676 41.6521 39.7539 38.6963 42.3515 46.2579 38.3003 37.7875 37.4707 36.3928 35.8517 34.5584 32.9159 32.7763 32.4464 31.8284 31.8199 34.4579 31.6919 30.2965 29.9522 29.5463 29.539 39.5816 29.2091 28.4745 28.4547 31.3847 29.4181
threshold=9.2000001072883624 36.706675000000004 0 17.783333142598476 13.699999928474428 9.0500001907348651 21.226500000000005 51.486674999999998 9.1999998092651385 3.6499999761581425 72.767500000000027 3.5000000000000004 51.88150000000001 1.5000000000000002 7.5000000000000009 4.5000000000000009 11.199999769528707 70.445000000000007 3.5000000000000004 87.398500000000027 18.849999427795414 450.50000000000006 4.3550000000000013 3.5000000000000004 6.5000000447034845 77.985000000000014 4.5000000000000009 19.599999427795414 76.780000000000015 22.750000000000004 53.500000000000007 4.5000000000000009 0.65000000596046459 4.5000000000000009 21.333333810170497 18.050000190734867 61.920000000000009 64.384791666666686 89.693300000000008 6.2492500000000009 121.50000000000001 1 -0.77474999999999994 103.99150000000002 14.34999990463257 99.401200000000003 12.500000000000002 2.5000000000000004 200.53172500000002 113.47100000000002 17.44999980926514 75.295000000000002 -0.35000000894069666 17.266666491826381 72.690000000000012 7.5000000000000009 81.980000000000004 79.733750000000001 64.205000000000013 23.887975000000001 4.2929114906832302 68.397500000000022
decision_type=2 2 1 2 2 2 2 2 2 2 2 2 2 2 2 2 2 2 2 2 2 2 2 2 2 2 2 2 2 2 8 2 2 2 2 2 2 2 2 2 2 1 2 2 2 2 8 2 2 2 2 2 2 2 2 2 2 2 2 2 2 2
left_child=5 6 3 10 29 7 8 12 46 28 21 16 24 -8 25 53 -7 18 -9 55 -21 41 23 42 44 35 -14 33 -5 30 -4 34 -15 39 -11 59 -6 54 -39 -24 -22 -3 -10 -34 -1 -20 -2 -44 49 50 -12 -25 -41 -16 -38 -19 -57 58 -43 60 -13 -61
right_child=1 2 4 9 36 11 13 17 22 31 48 14 26 32 15 -17 -18 19 45 20 40 -23 27 51 -26 -27 -28 -29 -30 -31 -32 -33 43 -35 -36 -37 37 38 -40 52 -42 57 47 -45 -46 -47 -48 -49 -50 -51 -52 -53 -54 -55 -56 56 -58 -59 -60 61 -62 -63
leaf_value=0.542158297449851 -0.084741311803528868 0.053248380978766052 -0.80403819185304393 -0.51583508678646139 -0.037773938491467624 0.026738051953671127 0.60698725393433461 0.082460405489064442 0.10710231076063458 -0.62111820569947762 -0.061364702225529658 -0.046990353771143537 1.2509388397398791 0.47492603043184256 0.74199593890713844 -0.026764039397812668 -0.14888768610650524 -0.16289228650360493 -0.41724563584978658 0.78546751848433949 0.12668024183855983 -1.0917422540321549 0.098507361310975289 -0.016764570014503544 0.078921448629902011 -0.66237169660964135 0.2743698145148783 0.14914456261902004 0.20749446480033412 0.090390519422113874 -0.22848280862807435 -0.51464710103558819 -0.030206403962585518 -0.043060215118311818 -0.98322478371925381 -0.24207243966847605 -0.82234261716203449 0.0055372533885392986 -1.739779077543818 -0.13794745837489719 -0.38733608021285382 -0.5097977267416115 -0.048962149186924236 0.41849972704160199 -0.031452401531503152 -1.7295540816607347 -0.033556756830562605 -0.094202916099140721 -2.3659609912612787 0.55964179171334105 0.36405906526060089 0.10362704425347591 0.032915963277278061 0.051833513295422629 -0.66064138635858716 -0.2601772960954376 0.38006227322950309 -0.77425941223447714 0.0010498372172655923 -0.21094599979291573 0.15073922782900728 0.050741002803999471
leaf_weight=6535.1869160830975 10838.371182337403 8882.0566965192556 4332.2485199421644 1507.2221768051386 590.27512975037098 8131.1942791044712 2004.2894564121962 4953.9916628450155 329.94030110538006 3465.3859666883945 7520.1467176675797 826.91094017028809 3011.3650452792645 1852.7395174950361 5913.2999533414841 3435.8736964911222 9657.449962541461 2127.4890733957291 1838.6674775779247 2419.4095433652401 3293.2839738726616 1481.0491399914026 2740.4071209579706 9283.4046656340361 10129.852882191539 343.54680615663528 2066.693178832531 6080.0070357769728 1743.9798183739185 1660.063489317894 4423.1996665894985 4886.4236045479774 7842.6318762749434 9183.3047192543745 3049.8746255040169 1027.8279772549868 3174.7315396666527 909.67528611421585 949.64864736795425 1414.9251589626074 353.57856658101082 908.6570832580328 4196.3510089814663 1682.19618691504 1134.3621570020914 632.6303985118866 8403.1609734743834 4478.0450140237808 261.17623236775398 3907.7233642339706 3942.5206088274717 3011.8059040307999 12361.604150131345 1485.3752700388432 2900.3822161257267 1853.3148231953382 1418.6352065205574 2460.2827378809452 3698.327226549387 2357.393261179328 4880.3886565417051 6156.0963237136602
leaf_count=15630 26689 22632 8331 4054 3306 16895 4307 14253 978 6740 11677 2036 7262 4872 10449 6217 18930 3389 4705 4092 5339 3319 7435 26487 26365 392 5261 13945 3002 3196 8704 9495 16484 20553 6331 2175 5980 1374 1453 4095 585 3710 11085 2656 3037 1066 20457 11683 349 5807 6305 4739 27716 2588 4091 3630 2292 4956 8030 8493 11840 9214
internal_value=-0.000802935 -0.00224049 -0.00427734 -0.00222875 -0.00943165 0.00174433 -0.000656323 0.00348004 -0.00137411 -0.00665138 -0.0002692 0.000104634 0.00558821 0.0032227 0.0016949 0.00455136 -0.00225782 0.00092684 -0.00243512 0.0031041 0.00670952 -0.00239353 -0.000319847 -0.00225006 0.0041627 -0.00029014 0.010583 0.000973838 5.9084e-05 -0.00603127 -0.00745423 -0.00856471 0.00177268 2.56812e-05 -0.0112413 0.000131359 -0.0135961 -0.0145148 -0.00790544 0.00153224 0.00261904 -0.00155049 -0.00577256 0.000417561 0.00721901 -0.0100445 -0.00428222 -0.00639281 0.00209958 0.0023941 0.00106557 0.00032988 0.000458193 0.00710837 -0.0165361 -0.000947091 0.00203491 -0.00426379 -0.00192002 0.000817961 0.00354929 -0.00101328
internal_weight=238342 152358 66655.1 47714.8 18940.2 85983.8 85703.2 41768.5 72321.3 14652.9 33061.9 44215.4 22877.5 13381.9 26426.7 10834.5 17788.6 18891 7425.29 11465.7 6066.27 17430.4 53079.8 21299.5 17799.4 15592.2 5078.06 31780.2 3251.2 10415.5 8755.45 11401.7 11377.6 25700.2 6515.26 15248.6 8524.71 7934.44 1859.32 16516.9 3646.86 15949.3 9004.34 9524.83 7669.55 2471.3 19241.5 8674.4 15631.6 15370.4 11462.7 12295.2 13776.5 7398.68 6075.11 5399.44 3271.95 7067.27 4606.98 14220.8 5707.3 8513.49
internal_count=523158 337023 132842 96407 36435 186135 204181 96906 175862 29622 66785 89229 57555 28319 53404 19254 35825 39351 20024 19327 10016 42647 128716 54972 45032 34150 12523 73744 7056 20231 17035 22566 24012 59799 13071 33758 16204 12898 2827 39246 5924 39328 23746 19140 18667 5771 47146 22768 24138 23789 17982 31226 31811 13037 10071 9311 5922 16696 11740 31583 13876 17707
cat_boundaries=0 1 2
cat_threshold=12 8
is_linear=0
shrinkage=0.05


Tree=38
num_leaves=63
num_cat=1
split_feature=21 8 7 8 8 0 2 1 31 2 13 8 31 32 31 8 6 1 14 8 7 10 9 6 8 2 3 13 15 32 10 31 32 3 9 8 7 14 23 7 8 20 3 2 28 13 8 17 17 14 31 3 31 3 9 32 7 31 28 31 31 9
split_gain=333.377 209.742 186.726 164.606 130.45 160.746 126.274 154.657 110.96 90.8112 88.3366 119.028 79.4381 75.9432 74.022 71.1604 67.6408 63.915 61.7534 58.9224 56.5676 56.3647 50.8423 50.3186 46.5397 49.5449 45.7542 44.0244 43.1443 46.2152 81.3661 41.9794 41.6141 41.3146 42.4413 45.7676 41.044 40.1121 39.0869 37.7936 37.1703 35.8535 34.7441 36.8355 34.7178 34.6056 48.1951 53.5933 34.0958 33.7734 33.6049 33.5494 44.4971 33.2048 32.5488 32.2482 32.2397 31.1839 30.6682 30.6109 30.4557 29.8612
threshold=16.200000524520878 129.59150000000002 105.45150000000002 5.8610000000000015 30.822500000000002 0 4.5000000000000009 5.5000000000000009 48.699500000000008 4.5000000000000009 28.920000000000005 46.415000000000006 29.381500000000003 74.335000000000022 48.526500000000006 226.77150000000003 5.5000000000000009 15.500000000000002 39.912717261904767 22.372500000000006 94.438500000000019 14.606375000000002 117.52100000000002 4.5000000000000009 -6.4449999999999994 3.5000000000000004 11.500000000000002 20.248500000000003 0.26864583333333264 76.045000000000002 23.566225000000003 79.51900000000002 55.397500000000008 1.5000000000000002 52.165000000000006 122.49900000000001 102.80250000000002 65.767464285714297 15.150000095367433 8.7325000000000017 69.835000000000022 600.50000000000011 1.5000000000000002 1.0000000180025095e-35 19.583333492279056 28.920000000000005 63.821500000000007 5.3500001430511483 3.5499999523162846 12.278065476190477 32.086000000000006 7.5000000000000009 43.958500000000008 11.500000000000002 83.875000000000014 77.147500000000022 31.331000000000003 52.610000000000007 14.899999777475996 49.169000000000004 34.83100000000001 4.9410000000000016
decision_type=2 2 2 2 2 1 2 2 2 2 2 2 2 2 2 2 2 2 2 2 2 2 2 2 2 2 2 2 2 2 2 2 2 2 2 2 2 2 2 2 2 10 2 2 2 2 2 2 2 2 2 2 2 2 2 2 2 2 2 2 2 2
left_child=1 2 3 12 23 33 7 45 13 16 28 18 27 14 17 20 -4 32 26 -10 -3 24 42 36 -14 49 -12 44 -9 30 57 40 -8 55 56 -36 -2 41 58 -19 -11 -27 -13 59 -1 -5 47 53 -21 -26 -48 52 -31 -47 61 -6 -35 60 -22 -44 -30 -15
right_child=4 15 9 6 5 -7 8 10 19 31 11 22 21 54 -16 -17 -18 39 -20 48 38 -23 -24 -25 25 37 -28 -29 29 51 -32 -33 -34 34 35 -37 -38 -39 -40 -41 -42 -43 43 -45 -46 46 50 -49 -50 -51 -52 -53 -54 -55 -56 -57 -58 -59 -60 -61 -62 -63
leaf_value=-0.27032195417283 -0.049134240969465906 -1.0792869742875923 0.83724669628290371 -0.16957887454431711 -0.61053815192232175 -0.49808486510404215 0.35279146371372189 0.14572222398354368 -0.080618485745057103 0.31864776856013416 0.18565652295022136 0.3329034604127632 0.42229300072323633 0.16620605940147756 1.6800607207121203 -4.4281024680009802 0.14997605524878474 -0.19811117096816619 0.62094524898262549 -0.22590968548721513 -0.3203708313350761 1.3843174524542348 0.42243452874826687 0.01206187569763042 0.019182940836809145 -0.0014804060767790617 -0.4120073229009184 1.7477474785425802 0.033873921959944882 1.0723648051071781 -0.44073674987108902 -0.9646326258503628 -0.24769428632185497 -0.73767001436068169 -0.072805780392717165 -1.3527738316097073 0.41165656505776183 0.37091949137337921 -0.77096992516709206 0.071373715322265871 -0.14438117952392809 -0.12968537194535448 0.27524365165822184 -0.16033240786710792 1.9672681967061003 0.25643571324701242 -0.58104165950597875 -0.13468806742203787 -0.69253512204559353 0.29719513551114035 -0.16273953958215248 0.22618207348589545 -0.14031196977880664 -0.23960570999451034 0.38097432804287162 0.59220563227381329 -0.40522820729832604 0.14802848602616545 0.29569718924828836 -0.35673203116887803 -0.13885891385846019 -0.039359386900907706
leaf_weight=305.55959677696228 12820.952639207244 4655.9326521754265 8641.1405190229416 4703.2594610750675 267.90336015820503 6119.2886214107275 339.9559431374073 3272.1947547644377 4241.6053351759911 3801.0676800310612 12514.758813068271 1379.5300236046314 510.01661305129528 1760.8171101808548 245.62053203582764 921.31851153075695 3137.3849155902863 928.55398105084896 8705.8644317835569 1092.9550347924232 4609.4151640981436 2725.4812581986189 4251.6879004389048 8724.8188138008118 9385.3949838429689 17473.589418187737 627.50905293226242 1637.4049116373062 2232.7559773772955 218.47203785181046 3393.1738893538713 180.2986541390419 8893.1302505582571 1814.9936112165451 5811.6547126173973 1838.0004279017448 632.69948348402977 1206.9313220977783 1447.0726366639137 4619.9561508744955 3041.4224062711 1625.1227480173111 3538.5856453031301 16537.128057926893 267.62889549136162 4581.0236202031374 1755.5008013546467 7556.9938364177942 3913.6907413601875 7406.2459479421377 5438.2782677710056 2861.4180314540863 1684.8839143812656 649.98965114355087 1045.5240862667561 415.64737057685852 3600.6128419488668 721.84583449363708 2123.0094861835241 947.81477910280228 2835.7006852924824 3944.5378569364548
leaf_count=548 29980 7993 14828 10741 946 11934 2048 10274 5690 6569 31860 2727 1668 2725 382 1633 5382 2970 17394 2206 7036 5105 7264 20084 26414 44302 1598 4616 6391 275 8640 186 25809 4385 11210 3159 1260 1926 2338 14065 4992 4103 9015 36688 650 12334 4247 15366 4641 17939 8881 4000 2660 1387 1641 711 8029 954 3309 1190 8226 6388
internal_value=-0.000777931 8.6572e-05 0.000534695 -6.45753e-06 -0.00481874 -0.00776114 -0.000944116 4.2825e-07 -0.00369636 0.00525418 0.00126781 0.00236004 0.00266993 -0.00174766 -0.00372658 -0.00586704 0.00793721 -0.00417959 0.0050958 -0.00828453 -0.00490265 0.00216394 0.000117517 -0.00218263 0.00166062 0.00145414 0.00293191 0.0118966 -0.00180851 -0.00302068 -0.0050936 0.000753748 -0.0067281 -0.00474799 -0.00537848 -0.00298009 -0.00410042 -0.000207512 -0.00239782 6.17594e-05 0.00138276 -0.000766339 -0.000833852 -0.00133836 -3.02039e-05 -0.00337387 -0.00246538 -0.000623491 -0.0119576 0.00346343 -0.00573906 0.000974836 -0.00416811 0.00326665 0.00265725 0.00722396 -0.00876509 -0.00149018 -0.000794802 0.00267943 -0.00287527 0.00117021
internal_weight=238583 196536 182779 163978 42046.6 19868.1 121435 90408.4 31026.3 18801.3 65723.3 48502.9 42543.4 21778.1 15027.2 13756.7 11778.5 14781.6 21848.1 9248.25 12835.4 40332.8 26654.7 22178.5 37607.3 37097.3 13142.3 2210.59 17220.4 13948.3 9183.48 7022.79 9233.09 13748.8 13065.3 7649.66 13453.7 20305.6 8179.5 5548.51 6842.49 19098.7 22403.1 21023.5 573.188 24685 19981.8 12788 5006.65 16791.6 7193.78 4764.77 1903.36 5231.01 6750.88 683.551 5415.61 5790.3 6732.42 4486.4 5068.46 5705.35
internal_count=523912 432214 409905 377948 91698 40374 270677 202112 68565 31957 149156 107736 107271 56028 45274 22309 20210 44892 50852 12537 20676 101457 56884 51324 96352 94684 33458 5814 41420 31146 24211 11747 27857 28440 26783 14369 31240 50331 12683 17035 11561 48405 49620 46893 1198 52956 42215 29087 6847 44353 13128 6935 2935 13721 10754 1657 12414 15571 10345 10205 14617 9113
cat_boundaries=0 1
cat_threshold=12
is_linear=0
shrinkage=0.05


Tree=39
num_leaves=63
num_cat=4
split_feature=21 8 7 7 8 0 8 10 18 9 8 27 6 5 7 31 17 1 23 0 24 31 17 16 28 26 10 9 6 7 7 8 8 25 31 12 21 8 31 0 31 10 17 10 24 15 31 31 7 9 7 25 15 31 5 23 28 31 20 18 0 23
split_gain=324.35 196.674 196.993 146.99 120.399 150.587 108.022 83.2539 79.7862 77.0702 75.4342 71.2419 65.0138 54.4839 53.554 51.6327 60.1098 49.7824 45.3651 44.9059 42.8323 42.5267 42.3577 41.1284 39.258 43.9374 39.0369 39.0338 38.9882 43.8168 37.8929 37.3962 36.5118 35.7008 35.3107 33.8484 33.3137 31.295 31.2773 61.6046 32.6036 33.4746 29.9454 29.8509 29.128 28.3315 32.5156 27.9709 28.8003 27.6951 27.599 26.549 26.1178 25.6297 25.4447 25.3942 28.3584 25.2899 25.18 24.86 35.8679 24.8443
threshold=16.200000524520878 61.366000000000007 45.283500000000004 59.417500000000011 31.215000000000003 0 4.0710000000000006 175.43465 14.849999997764828 117.52100000000002 132.21150000000003 16.750000000000004 1.5000000000000002 1.0000000180025095e-35 4.3550000000000013 45.748500000000007 -2.2499999999999996 15.500000000000002 13.250000000000002 1 1.0000000180025095e-35 65.46050000000001 12.150000095367433 7.5637500000000006 14.749999920527143 6.2500000000000009 -0.77474999999999994 42.531000000000006 4.5000000000000009 47.392500000000005 31.331000000000003 91.231500000000025 96.995000000000019 21.349999427795414 33.907500000000006 60.269000000000005 7.9000001549720773 -6.4449999999999994 41.104500000000009 2 32.297000000000004 36.24710000000001 1.2500000000000002 22.477875000000001 421.50000000000006 44.832791666666679 65.46050000000001 79.51900000000002 139.15750000000003 52.865000000000002 2.8725000000000005 17.849999427795414 28.457708333333336 37.494500000000009 1.0000000180025095e-35 16.349999427795414 17.500000079472866 28.128000000000004 265.50000000000006 27.550000190734867 3 12.84999990463257
decision_type=2 2 2 2 2 1 2 2 2 2 2 2 2 2 2 2 2 2 2 1 2 2 2 2 2 2 2 2 2 2 2 2 2 2 2 2 2 2 2 1 2 2 2 2 2 2 2 2 2 2 2 2 2 2 2 2 2 2 8 2 1 2
left_child=1 2 6 18 13 30 15 9 12 24 42 20 35 26 21 16 33 44 19 -3 22 34 -8 -7 25 32 -2 -17 29 -28 49 55 -5 -1 -13 -4 -21 -18 40 -40 41 -10 -11 -22 61 46 -45 48 -27 -6 -39 -34 54 -36 -16 56 -32 -30 -38 60 -26 -14
right_child=4 3 8 7 5 23 11 -9 38 10 -12 14 17 -15 52 27 37 -19 -20 36 43 -23 -24 -25 59 47 28 -29 57 -31 31 -33 51 -35 53 -37 58 50 39 -41 -42 -43 -44 45 -46 -47 -48 -49 -50 -51 -52 -53 -54 -55 -56 -57 -58 -59 -60 -61 -62 -63
leaf_value=1.7368835187523122 0.13033302838637764 -0.21624727054556914 0.47220698105409387 -0.10077599536304974 -0.69299854172697328 -0.28439991560685168 -0.062575588528895429 -1.5114109099737281 1.29336135172802 0.64825973649061774 -0.17967657800814402 0.062279131295036552 0.15461199688687183 -0.14343669265871625 0.23042159960233005 0.12820657016367384 0.29988696133110609 0.36491780114771788 -0.7414405998739465 -0.16132746857295716 0.019747225701889089 0.83461886476157954 -0.15423643113557817 -0.51034750895084857 0.06467384685274534 -0.12189577189299389 -0.050295661332614788 0.97807307569582003 0.94265744083781033 0.077219566776419057 -0.057229741462592902 -0.78637763037174224 -0.57914266338708986 -0.14786812804717017 -0.21501968031526586 1.7449451506738911 -0.92633210555279533 -0.020469608867707142 1.5311846014048556 -0.28721846226378744 0.9816809334476746 0.19546895115069704 0.44197037563180008 -0.10208064709060305 -0.1833400888065255 -0.29358347692955117 0.47700039070735123 -1.5590422431818891 0.44305708723276782 -0.44791983271688668 0.029932103713347716 -1.09854746671217 -0.034565415594477678 -0.099833871876673988 -0.33576635128697635 -0.39807169314536622 0.55903877012742287 -0.0011935033417884184 -0.068463817956803563 0.24199513167700087 -0.29218860570758204 -0.15547687050557035
leaf_weight=1267.2688110023737 431.72154654562473 9439.8623271286488 3756.0664732009172 3555.6516949534416 1843.7356321066618 1358.8672912120819 17825.979031190276 1705.8027270436287 1928.3430765122175 1931.1808715909719 3489.6248826980591 2289.8257451355457 10562.391310840845 1042.3056786507368 11263.296962633729 5562.5848956108093 431.30213224887848 7762.938933417201 4679.9918971210718 1809.700023829937 15302.938249021769 506.91449224948883 6955.4004790186882 4599.9261129945517 7739.05580753088 10483.964303344488 10398.807535812259 1545.166498541832 503.98746743798256 2141.1639902293682 4237.6802793890238 4339.0028136223555 2109.9287297278643 236.29447659850121 1134.6252750903368 669.75303941965103 3207.8646230697632 8261.1888492256403 603.0490817129612 519.87924167513847 969.55346241593361 1537.9151139110327 4167.055636703968 9672.8171059936285 2007.3051889687777 1301.8082212358713 1029.6718612313271 213.8915496468544 1707.6691503375769 1419.8729338347912 10893.468938991427 1319.0781516581774 2524.5315660387278 3482.9028178304434 472.2665399312973 1007.7702054232359 714.67901153862476 7824.2557823807001 595.83721931278706 1458.6955275088549 2176.1587045937777 2528.1128023266792
leaf_count=3317 1244 19681 7747 8824 4461 3763 41513 2677 5224 3289 5217 6346 20660 2062 26178 9744 1515 15954 9651 3252 36745 528 16537 7894 14242 17680 24732 2571 1204 4390 8938 7860 4310 672 3494 1300 5828 24450 1836 1409 1847 5620 6495 24925 3767 3255 1069 221 2401 2921 30967 2488 4594 7787 1121 2241 1617 17956 1128 2394 3879 5414
internal_value=-0.000790658 6.02926e-05 0.00113098 -0.00227554 -0.00478672 -0.00765523 4.61362e-05 -0.000605075 0.00449852 -0.000147558 0.0037664 -0.000960089 0.00338601 -0.00228012 0.00144875 0.00267832 0.00143607 0.00231192 -0.00583563 -0.00449838 -0.00196243 -0.0019979 -0.00346747 -0.0142759 -0.00136746 -0.00273537 -0.00173359 0.00636353 -0.00204172 -0.00380287 -0.00473159 -0.00324678 -0.00590706 0.011067 -0.00302428 0.00893222 -0.00803622 0.0006962 0.00995799 0.00250099 0.0118447 0.00957269 0.0071209 -0.000596526 0.000638715 -0.00246293 -0.00161531 -0.00094929 -0.000634043 -0.00942935 0.000395931 -0.00958757 0.00324079 -0.00554136 0.00423319 -0.000675792 0.000796921 0.000610203 -0.0107069 0.000964598 6.77271e-05 0.0014988
internal_weight=238460 196597 134806 61791 41863.8 19521.5 101960 42057.8 32845.3 40352 9587.86 73763 27286.6 22342.2 21674.4 28197.3 21089.5 22860.7 19733.3 15053.3 52088.6 7414.27 24781.4 5958.79 30764.1 19390.2 21299.9 7107.75 20868.2 12540 13562.7 10299.1 6984.66 1503.56 6907.35 4425.82 5613.4 19586 5558.74 1122.93 4435.81 3466.26 6098.24 27307.2 15097.8 12004.3 10702.5 12405.5 12191.6 3263.61 19154.7 3429.01 14260.1 4617.53 11735.6 5960.13 4952.36 8328.24 3803.7 11373.9 9915.21 13090.5
internal_count=523046 431763 318106 113657 91283 39695 247328 74117 70778 71440 15001 174092 54842 51588 50048 73236 60921 45795 39540 29889 124044 18155 58050 11657 56439 35924 49526 12315 48282 29122 28038 20656 15622 3989 17627 9047 10208 56932 15936 3245 12691 10844 9784 65994 29841 29249 25994 20302 20081 7382 55417 6798 31893 11281 27299 12796 10555 19160 6956 20515 18121 26074
cat_boundaries=0 1 2 3 4
cat_threshold=12 12 12 12
is_linear=0
shrinkage=0.05


Tree=40
num_leaves=63
num_cat=2
split_feature=22 17 8 0 21 7 3 8 8 8 9 20 2 26 28 0 2 8 3 32 32 25 17 3 32 13 6 1 8 3 22 22 17 17 3 21 32 16 20 2 9 3 32 8 2 1 8 23 3 20 8 8 3 2 1 8 21 20 7 9 3 8
split_gain=315.857 187.414 185.262 177.36 117.787 106.324 96.2083 83.9161 82.8111 81.7895 75.9732 72.965 70.9364 69.7119 63.8727 63.7815 59.909 84.0409 56.1092 55.3453 61.4976 49.9898 48.7426 60.3531 45.5173 44.7256 53.2286 44.2201 46.8022 50.1111 43.2071 42.7579 42.2631 41.3743 40.2975 40.1873 39.5705 38.6796 38.4142 38.3907 38.2978 38.117 38.0934 45.1518 50.2051 46.3091 36.9209 36.1889 35.7374 33.9464 32.1382 31.3016 41.1477 31.1596 31.0714 34.3002 30.9201 30.3323 30.1252 29.8559 29.6766 29.4639
threshold=13.466666936874391 1.8499999642372134 39.255000000000003 0 18.050000309944156 40.411500000000004 1.5000000000000002 20.812500000000004 135.16350000000003 92.566000000000017 113.45150000000002 2.5000000000000004 4.5000000000000009 8.3499999046325701 21.000000476837162 1 4.5000000000000009 39.711000000000006 11.500000000000002 77.637500000000017 77.985000000000014 14.84999990463257 -11.550000190734862 2.5000000000000004 80.617500000000021 28.920000000000005 4.5000000000000009 15.500000000000002 5.2115000000000009 7.5000000000000009 18.66666674613953 18.833333412806194 3.8500000238418584 -0.25000000745058054 4.5000000000000009 11.625000000000002 79.385000000000005 31.102375000000006 390.50000000000006 3.5000000000000004 96.766000000000005 3.5000000000000004 79.885000000000005 67.25500000000001 3.5000000000000004 6.5000000000000009 161.00500000000002 17.250000000000004 9.5000000000000018 2.5000000000000004 -1.2749999999999997 57.682500000000012 11.500000000000002 1.5000000000000002 5.5000000000000009 96.995000000000019 20.250000238418583 504.50000000000006 72.197500000000005 4.6390000000000002 9.5000000000000018 31.215000000000003
decision_type=2 2 2 1 2 2 2 2 2 2 2 8 2 2 2 1 2 2 2 2 2 2 2 2 2 2 2 2 2 2 2 2 2 2 2 2 2 2 8 2 2 2 2 2 2 2 2 2 2 8 2 2 2 2 2 2 2 10 2 2 2 2
left_child=3 6 11 16 7 30 42 15 14 40 18 21 56 -11 24 32 17 58 19 25 -21 -3 -17 -24 54 37 -27 28 29 50 34 -23 -5 46 -4 -10 -18 -9 -19 -15 53 -35 61 44 47 -45 -12 59 -22 -25 -14 52 -6 -7 55 -8 -13 -31 -1 -44 -30 -2
right_child=1 2 5 4 51 9 8 10 35 13 33 12 27 39 -16 22 36 38 -20 20 48 31 23 49 -26 26 -28 -29 60 57 -32 -33 -34 41 -36 -37 -38 -39 -40 -41 -42 -43 43 45 -46 -47 -48 -49 -50 -51 -52 -53 -54 -55 -56 -57 -58 -59 -60 -61 -62 -63
leaf_value=0.93820088785047473 0.05557361405555037 -0.15907814887134358 -0.86219672908455913 1.0385848082522839 -0.047514626292463551 0.078114554951058859 -0.048230679339954799 -0.11153395090685191 -0.41703470160267209 -1.3056562969182548 1.4704487808744391 0.049181827781052248 0.029224499332338384 -0.36386608106421364 0.17947009106600711 2.2498357807418965 -0.021439371825797516 0.36628191676716448 -0.37970258849689353 1.729667141180089 0.14264998146217298 -0.0075679944201567208 -0.12756436065907764 -0.006868667897347064 -0.25205998675751928 0.034654099456387311 -0.23089237754881947 0.020751991832514458 -0.17947167386376353 0.079186068823617548 -0.72636890800059928 -0.085905166553526646 0.20793171700126367 -0.67564182243192394 -0.40554937159448046 -2.5282806370155342 1.034646644829754 -0.40717481944470268 -0.19836318637023106 -1.0462700612502365 0.25109483705998253 0.37913687317142436 -0.27391705576809905 -0.12288343879204655 0.97060963182470283 0.28018267003112846 -3.8134755154620112 -0.36761317174127267 -0.23706572929196457 0.064773739259489593 -0.096160517743373267 -0.94508133240498005 -0.16217411369962453 -0.31711852357661102 0.04256098104827355 -1.3173753535014265 -0.058137318912578596 -0.10303614879650275 2.2067182658982212 1.2307984789828703 0.017735670878040646 -0.78345035489799486
leaf_weight=5015.7984275966883 1696.221044510603 3730.1932587921619 1672.102614402771 1040.2896873652935 3805.1557079404593 3090.8443921655416 3816.538457006216 3176.821446955204 1325.7194497734308 3489.1954965144396 999.41368068754673 19341.716343954206 732.07315346598625 6517.5944007635117 4094.5551806092262 703.49864192306995 6814.7480484694242 12612.624189391732 1389.289047062397 865.42086118459702 4866.3709876537323 7858.1607084721327 1886.113902837038 13987.034879282117 2070.4574805498123 11776.71283107996 10757.833862006664 4072.7780663967133 4170.1723840981722 1954.9232164770365 5670.986596763134 7155.2265884280205 6201.4289682209492 479.68779169023037 6372.5145676732063 658.8128337264061 820.25004726648331 1536.3705477416515 1720.7616890668869 2278.0700020492077 2878.9131486415863 2013.9912958294153 182.95067852735519 970.49095922708511 1687.9031594395638 3407.3166598677635 104.56134644150734 230.02264499664307 1128.8322741389275 16024.721220642328 2302.448552057147 1222.3123793303967 456.08551636338234 8520.8741790950298 9277.3632247298956 535.28941428661346 2052.0047960430384 372.17216791212559 1127.5055908113718 696.7869610786438 687.54902316629887 406.70918983221054
leaf_count=12705 5641 9292 4321 2999 8663 6336 10387 9135 2245 7625 1793 47262 2194 9327 10191 1749 15821 25586 2945 1116 6304 17895 5865 31255 3486 26657 24366 8710 8045 3724 11623 17099 15179 988 11495 1195 1051 2469 3915 3323 5035 3100 306 1576 2806 5555 171 387 1465 35304 5453 2173 1089 18219 25882 863 4702 751 2451 1153 1702 1523
internal_value=-0.000761698 -0.0024814 -0.00358452 0.00116346 1.77241e-05 -0.00614554 0.000890083 0.000510004 -0.000926364 -0.00431151 -0.00113573 -0.00167924 -0.000352461 -0.00731265 5.00995e-05 0.00212484 0.00460242 0.00601345 -0.00183747 -0.00143609 0.00257752 -0.00420515 0.00118029 0.000893306 -0.00140046 -0.00244672 -0.00152012 -0.00307976 -0.00483539 -0.00161411 -0.00972535 -0.00291768 0.00636591 0.00578682 -0.0073675 -0.010661 0.000823864 -0.00687567 0.00391591 -0.00493939 -0.00176687 0.00221706 0.00515338 0.00688756 0.0118481 0.00371549 0.013841 0.00358302 0.0007779 0.00143862 -0.0058463 -0.00706765 -0.00504226 -0.00304676 -0.000350883 -0.00383611 0.00146958 0.00390479 0.0109059 0.00820028 -0.00838976 -0.000764311
internal_weight=238511 125978 94920.5 112534 84421.9 40491.1 31057.1 78938.4 21778.7 26775.5 39095.3 54429.4 35685.8 12284.9 19794.2 39843.1 28111.7 20476.7 35497.7 34108.4 6860.62 18743.6 32601.4 31897.9 15699.6 27247.7 22534.5 14292.1 10219.3 5361.62 13715.6 15013.4 7241.72 3597.65 8044.62 1984.53 7635 4713.19 14333.4 8795.66 14490.6 2493.68 9278.4 7175.47 2797.66 4377.81 1103.98 1109.76 5995.2 30011.8 3034.52 5483.55 4261.24 11611.7 13629.2 4351.83 21393.7 2327.1 6143.3 879.738 4857.72 2102.93
internal_count=523643 277329 204133 246314 184785 77304 73196 172860 54249 49865 80509 126829 82543 20275 50809 92351 61529 44657 74457 71512 8885 44286 74173 72424 40618 62627 51023 30579 21869 12122 27439 34994 18178 6052 15816 3440 16872 11604 29501 12650 29590 4088 18947 11783 4652 7131 1964 1846 7769 66559 7647 11925 9752 24555 37132 11250 51964 4475 15156 1459 9747 7164
cat_boundaries=0 1 2
cat_threshold=8 4
is_linear=0
shrinkage=0.05


Tree=41
num_leaves=63
num_cat=0
split_feature=21 8 7 7 21 2 1 8 17 27 5 10 8 8 1 5 7 8 1 32 22 6 32 14 8 14 11 2 26 27 8 11 32 32 6 28 10 9 9 32 32 8 22 22 22 16 32 7 15 2 8 8 7 16 16 32 27 22 8 8 32 17
split_gain=294.642 207.278 140.656 124.764 114.754 91.8403 105.844 97.9715 93.837 87.4565 73.2882 66.8047 62.0798 61.9671 59.931 59.4847 59.1365 88.6609 58.3066 53.6809 52.2895 51.8425 45.4389 53.1689 59.2297 54.6503 42.4188 41.8739 41.0115 40.8892 37.1421 38 36.9876 36.6187 36.5917 36.3923 35.2631 35.0456 70.4173 34.845 34.8305 33.9977 33.0495 32.4957 31.9527 31.7221 30.7155 30.3145 30.1369 30.0867 28.5353 28.4942 28.8769 28.2521 30.6041 28.0637 27.2929 26.9243 26.9159 26.4929 27.3482 26.2302
threshold=9.9000001549720782 86.553500000000028 75.326500000000024 83.761500000000026 19.450000047683719 4.5000000000000009 5.5000000000000009 129.59150000000002 14.34999990463257 10.59999990463257 1.0000000180025095e-35 10.825725 92.566000000000017 9.6510000000000016 15.500000000000002 1.0000000180025095e-35 21.631500000000003 22.775000000000002 21.500000000000004 77.750000000000014 20.866666873296108 5.5000000000000009 67.290000000000006 10.927644280538306 33.532500000000006 57.852470238095243 26.851395833333335 5.5000000000000009 12.250000000000002 14.950000286102297 -0.23749999999999996 2.6930625000000004 67.347500000000011 72.64500000000001 1.5000000000000002 15.600000460942587 6.5652500000000007 4.769000000000001 37.861000000000011 67.687500000000014 77.547500000000014 36.308500000000009 17.16666674613953 8.833333373069765 15.566666364669802 32.988687500000005 73.395000000000024 7.4315000000000007 2.2036041666666644 1.0000000180025095e-35 226.77150000000003 2.9515000000000007 130.69850000000002 3.3376249999999996 46.209708333333339 78.407500000000013 20.69999980926514 18.933333158493046 11.361500000000001 154.23000000000005 72.990000000000009 0.25000000745058065
decision_type=2 2 2 2 2 2 2 2 2 2 2 2 2 2 2 2 2 2 2 2 2 2 2 2 2 2 2 2 2 2 2 2 2 2 2 2 2 2 2 2 2 2 2 2 2 2 2 2 2 2 2 2 2 2 2 2 2 2 2 2 2 2
left_child=5 2 4 28 9 6 13 8 10 48 18 -6 14 26 27 16 17 30 22 51 29 47 -8 -24 -25 55 -1 33 49 59 -11 -32 -12 -7 -4 42 -17 -35 44 41 45 -29 -18 -15 -39 -19 -14 -13 -2 -3 -9 -10 -53 -21 -55 -26 -33 -30 -16 60 -5 -34
right_child=1 3 34 20 11 12 7 50 19 15 32 21 46 43 58 36 35 40 -20 53 -22 -23 23 24 25 -27 -28 39 57 -31 31 56 61 37 -36 -37 -38 38 -40 -41 -42 -43 -44 -45 -46 -47 -48 -49 -50 -51 -52 52 -54 54 -56 -57 -58 -59 -60 -61 -62 -63
leaf_value=0.010065998563589362 -0.0075409055811571923 -0.44246018843313273 0.77904369700757481 -0.58846496410808269 -0.010072480789175109 -0.054151715499462717 0.23170501087921488 -0.13261473957144787 0.25383504282828911 0.09139801907761598 -1.0681605362601325 -0.26019324540997463 -1.0858368454118386 0.064145272544031948 0.21082113031792504 0.020544055917602111 0.11023936825897139 -0.20806874629678376 0.055364777639215483 2.2748715783553459 -0.8431894482519966 -0.10611844684663536 0.020191718419419094 1.6993095523369075 0.67466778999540156 0.66065168135509855 0.72581991349868114 0.065163583908410469 -0.47959628899517387 0.23876012960680312 -0.042736509897949526 -0.0018770506756947915 0.93797184910532594 0.31363781864564655 0.13799472041941119 0.2517815897780844 -0.35901531848460089 -0.034456573517978532 0.45423402106017774 -0.17491109384765649 0.035085092270427068 -0.46619792952802319 -0.13754661539091939 -0.1472153392227494 -0.49373149885779721 -0.39331487590512587 -0.151986464064643 -0.25093202377541707 -0.086418651498957916 -1.2473241554352066 -2.9486762320856492 -0.055632415834607901 1.3784579245938926 0.14577868852219805 2.1753456718927473 -0.077109184573581943 0.10428941030255608 -1.2791510296021205 0.055202955967456849 -1.4322602475239483 0.057383342024718245 -0.26645004717409687
leaf_weight=4310.168482452631 5899.6114213168621 885.90283951163292 2039.8525802791119 3201.6885501742363 4677.3008099347353 4531.9880337715149 6937.1376470476389 6125.8420754373074 1189.2496297955513 2056.1043055355549 290.19333885610104 2259.0440282225609 1133.6369391828775 3374.1576171815395 2712.3294131308794 544.46138305962086 7396.2284191399813 5889.6478949338198 4720.5178797841072 311.95358222723007 2955.3951232135296 2418.0737396627665 1887.8608383238316 5623.6764758229256 2889.0247027724981 5933.8132242709398 1949.7911379486322 2223.2724995613098 3441.5778053104877 3042.1603046357632 4724.4474605321884 13930.589959308505 203.2988351136446 1322.5640490502119 12814.542734563351 7895.6341474205256 1634.6087523549795 1302.2447649389505 1191.023943811655 5329.4966710209846 1875.9550938010216 552.51013125479221 3170.7651417255402 10499.810677185655 499.49685072898865 1734.6549939662218 1839.3839658796787 3927.5645917505026 24123.4821716398 5172.942646548152 404.40922884643078 10786.45475512743 367.34412398934364 1976.4225906729698 510.29579859972 1800.5929569900036 4436.5653446465731 1288.2036493122578 5134.1265144795179 1409.8423306494951 3593.8045565783978 435.80933572351933
leaf_count=11164 18026 1990 4102 6167 11348 12875 24716 9837 3414 6032 1051 4954 2018 7048 6759 1473 16843 15189 10223 337 4969 5019 4504 10369 6038 9847 4229 7428 5430 5195 13252 32466 414 1803 24507 18401 3758 1812 1689 9651 2556 1955 7281 21600 665 3144 2678 8910 54670 10848 707 24905 570 2149 545 2519 10257 1953 11225 2289 5285 927
internal_value=-0.000726725 -0.00222183 -0.00131375 -0.00634384 -0.00199711 0.00133692 0.00227315 0.0034572 0.00427304 -0.00132401 0.00586076 -0.00632012 -0.00110809 -0.000808072 -0.000289444 -0.000144317 0.00018795 -0.00102996 0.00629213 0.00105143 -0.00326446 -0.00893429 0.00725189 0.00856841 0.00949122 0.00729352 0.00332112 -0.00196166 -0.0103971 -0.00170895 0.000524673 -4.88421e-05 -0.00796042 0.000416866 0.00322185 0.00247347 -0.00823904 0.00371293 0.000716521 -0.00455766 -0.00514477 -1.48889e-05 0.000554473 -0.00267128 -0.00551826 -0.00664633 -0.00793428 -0.0113604 -0.00349643 -0.0131211 -0.00227245 -0.000366354 -0.001151 0.00730224 0.00551779 0.00325855 0.000979898 -0.00690557 0.00332323 -0.00354449 -0.00224965 -0.00122884
internal_weight=238741 138441 113449 24991.5 98594.7 100300 72527.8 52393.9 45863.6 85312.8 30721.9 13282 27772.1 20133.9 24799.1 55289.7 53110.6 34648 29792.6 15141.7 14202.9 8604.68 25072.1 18135 16247.1 10623.4 6259.96 16952.6 10788.6 11247.5 25147.7 23091.6 929.302 8847.32 14854.4 18462.6 2179.07 4315.33 2992.77 8105.28 9500.26 2775.78 10567 13874 1801.74 7624.3 2973.02 6186.61 30023.1 6058.85 6530.25 12343 11153.8 2798.67 2486.72 4689.62 18367.2 4729.78 7846.46 8205.34 6795.49 639.108
internal_count=523985 306314 262188 44126 233579 217671 157113 113072 102528 203348 70608 30231 60558 44041 55862 130652 125421 82896 68216 31920 23905 18883 57993 33277 28773 18404 15393 37878 20221 18936 62007 55975 2392 18844 28609 42525 5231 5969 4166 19034 20889 9383 24124 28648 2477 18333 4696 13864 72696 12838 10544 28889 25475 3031 2694 8557 42723 7383 17984 13741 11452 1341
is_linear=0
shrinkage=0.05


Tree=42
num_leaves=63
num_cat=3
split_feature=22 0 8 18 1 21 32 8 3 9 32 31 21 22 32 12 1 3 32 32 20 13 6 8 8 8 0 17 14 8 8 1 9 18 3 31 32 4 31 16 8 3 3 18 14 0 31 3 9 4 8 8 14 20 3 8 31 10 16 8 9 6
split_gain=284.363 175.742 166.495 157.769 117.936 117.561 78.9078 78.4217 76.981 73.2676 70.3279 76.0113 72.9098 66.995 64.627 61.1416 56.1419 55.8137 59.2614 64.5519 55.6478 47.3031 55.1573 45.7003 45.2012 41.8435 40.6036 40.0669 39.9185 59.0943 39.9011 39.3664 39.0715 38.5662 57.7263 37.845 37.1604 36.5685 36.3049 36.2557 35.9543 35.0453 34.5076 33.7133 33.1071 41.492 32.4533 92.4655 32.421 32.0435 52.0651 31.731 42.7022 31.8041 31.6807 31.4295 42.9786 31.0728 30.9196 30.7772 30.7404 30.6989
threshold=14.133332928021749 0 110.90250000000002 18.250000000000004 5.5000000000000009 18.050000309944156 70.850000000000009 21.971500000000002 8.5000000000000018 113.45150000000002 73.595000000000013 79.51900000000002 13.500000119209291 20.533332904179897 69.885000000000005 21.226500000000005 15.500000000000002 11.500000000000002 77.637500000000017 77.985000000000014 338.50000000000006 28.920000000000005 4.5000000000000009 39.711000000000006 3.9715000000000003 72.747500000000016 1 -0.15000000223517415 41.202827380952385 17.861500000000003 30.822500000000002 5.5000000000000009 82.697500000000005 26.94999980926514 2.5000000000000004 27.737000000000005 55.397500000000008 1.0000000180025095e-35 40.76850000000001 32.346875000000004 161.00500000000002 9.5000000000000018 3.5000000000000004 6.0500001907348642 56.33961011904762 2 43.532500000000006 3.5000000000000004 55.991000000000007 1.0000000180025095e-35 47.048500000000004 -0.53849999999999987 3.2354613095238096 3.5000000000000004 5.5000000000000009 56.845000000000006 40.76850000000001 99.401200000000003 15.347604166666668 38.749000000000002 26.072500000000002 5.5000000000000009
decision_type=2 1 2 2 2 2 2 2 2 2 2 2 2 2 2 2 2 2 2 2 10 2 2 2 2 2 1 2 2 2 2 2 2 2 2 2 2 2 2 2 2 2 2 2 2 1 2 2 2 2 2 2 2 8 2 2 2 2 2 2 2 2
left_child=1 16 3 4 24 7 -4 15 -8 17 12 28 36 -10 -14 26 20 18 21 -20 23 39 -23 -1 -2 -18 43 40 29 -12 -7 -5 55 34 -28 -31 -6 46 -33 -9 -11 -21 -29 -3 45 -24 -38 -48 -19 50 -22 -36 -53 -54 -49 56 -30 -44 -16 -60 -13 -26
right_child=2 5 6 31 10 30 8 9 13 27 11 60 14 -15 58 -17 25 48 19 41 49 22 44 -25 61 -27 33 42 32 35 -32 38 -34 -35 51 -37 37 -39 -40 -41 -42 -43 57 -45 -46 -47 47 54 -50 -51 -52 52 53 -55 -56 -57 -58 -59 59 -61 -62 -63
leaf_value=0.66226025722750392 -0.014074348518156988 0.087745530528771279 -1.6536558966263941 -0.0076008491240766142 0.41856089334781105 -0.039650959767161112 -0.16456995061379376 -0.1270926247017985 -0.66533558493953826 1.2750620983532812 0.027535541789172349 -0.62247521020546237 -0.057318811149968889 -2.0933596527257312 -0.036605076101427561 0.38586611486668104 1.1564742780645827 -0.48686416324369308 1.6709440201212939 0.1435252242377576 0.48667624081967492 0.030525509752671189 0.093461831782505389 0.15120913333359853 -0.22504694809838438 0.350628166986588 -0.12890971495022707 -0.63616096106194275 0.46851648695421561 -1.0797176274005367 -0.49240576693934313 0.42833342223023296 0.36075593829103458 2.1035557517116725 0.093916051651471752 -0.10964639862839753 -0.036971787044628168 -0.091800971212931515 0.0009138793508870702 -0.39798528678604317 -3.324676333178743 -0.24173344514326989 0.65191674425202528 0.67169795809912081 -0.47373533449952065 -0.30926322055314276 -0.35787820702907647 1.011180881473374 0.032763010320382958 -0.25810217683807873 -0.66365173480687756 -0.059748351700157402 -0.015701678873115466 0.060232214429120745 0.15420433588683638 -0.12793446898353908 0.0083025049365556217 -0.46250848985050114 -0.079649575387725949 -0.73592705009747272 -0.309274068588345 -0.10990002256182665
leaf_weight=5957.3162306547165 4282.060481518507 4550.7527377307415 3202.5771506130695 3504.8383254110813 552.85656563937664 3703.92653170228 7293.3675210028887 3156.4215948581696 2499.8981171548367 1082.6871272921562 7269.7786012887955 424.8384462594986 12833.776328518987 1863.828325599432 1045.4297813773155 4597.2354498207569 4361.9926815629005 1116.132561981678 916.93596786260605 5314.4000313282013 1914.4483037590981 12550.614097222686 3484.7800459265709 10510.207313895226 11727.301956608891 5513.5834834128618 2016.7459004074335 486.07014398276806 2245.0413319170475 509.68888503313065 2559.4370195865631 5294.1455852240324 4560.9765420556068 584.79850646853447 1381.4289007335901 5500.3669553995132 10416.903516873717 7057.5374660938978 1810.8798595666885 1418.5525997430086 110.61108234524727 1185.0380452275276 1519.7252040803432 1868.6819786280394 4295.7228596508503 3530.2272858917713 1244.5981514453888 1786.1703453063965 422.99439641833305 1150.8217183053493 1259.5703842192888 2194.4497827589512 12973.495962813497 14111.791878059506 1203.3142912983894 4122.2279770970345 4236.4950541257858 668.70801143348217 2406.8273284435272 2022.8633448034525 754.8900660276413 4512.7863269746304
leaf_count=14665 11526 11898 7698 7938 3326 8440 11198 8803 3167 1928 11316 438 39254 2787 2663 9019 10951 2324 1183 6912 4162 28485 8531 21616 25111 10798 6324 1012 4022 883 5099 11223 6743 1479 4063 7679 35913 19836 6035 2273 184 1540 2395 5138 8142 9068 2848 2424 907 2435 2380 6133 28342 30286 2440 6267 5059 953 4879 3223 781 9415
internal_value=-0.000700429 0.000980624 -0.0024724 -0.00174753 -0.00242226 -0.000114333 -0.00741476 0.000369855 -0.00550415 -0.00119848 -0.00144744 0.00040465 -0.0027998 -0.0107563 -0.00513696 0.00183123 0.00425685 -0.00187617 -0.00147576 0.00250449 0.00278366 -0.00251388 -0.00162078 0.00410921 -0.00575636 0.00736226 0.00119874 0.00535183 0.000920623 -0.00108094 -0.00672609 0.00402131 0.00267336 0.000495086 0.000267279 -0.00474887 -0.000877461 -0.0012037 0.00616015 -0.00717061 0.0129665 0.000751428 0.0019508 0.00483583 -0.00415289 -0.00203555 0.000220652 0.00391123 -0.0111965 -0.00226338 0.000328859 0.000806345 0.000456828 0.00100042 0.00867802 0.00100864 0.00317933 0.0046279 -0.00968462 -0.0115097 -0.0120263 -0.00696124
internal_weight=238657 122470 116186 101327 90716.7 91802.4 14859.7 85539 11657.1 41259.6 70194.6 29624.3 40570.3 4363.73 18308.9 44279.4 30667.9 37391.8 35852.7 7416.37 20792.4 28436.3 23861.3 16467.5 20522.1 9875.58 39682.1 3867.8 28444.6 13279.8 6263.36 10609.9 15164.7 33262.7 32677.9 6010.06 22261.4 21708.5 7105.03 4574.97 1193.3 6499.44 2674.5 6419.43 11310.7 7015.01 14651 4234.08 1539.13 4324.84 3174.02 30661.2 29279.7 27085.3 2989.48 10603.8 6481.54 2188.43 5475.12 4429.69 1179.73 16240.1
internal_count=523960 267868 256092 231242 206046 200861 24850 187322 17152 84640 159994 43188 116806 5954 50019 102682 67007 78168 74937 9635 45258 65302 54226 36281 46052 21749 93663 6472 41969 19878 13539 25196 22091 76627 75148 8562 66787 63461 17258 11076 2112 8452 4360 17036 25741 17599 43625 7712 3231 8977 6542 68824 64761 58628 4864 15348 9081 3348 10765 8102 1219 34526
cat_boundaries=0 1 2 3
cat_threshold=8 4 4
is_linear=0
shrinkage=0.05


Tree=43
num_leaves=63
num_cat=3
split_feature=22 17 0 22 20 21 28 21 32 31 14 31 4 15 13 6 31 31 32 32 17 4 1 32 29 14 11 14 0 19 32 32 26 32 31 14 0 32 13 15 32 32 14 32 31 31 15 9 32 13 14 11 17 32 11 16 17 32 31 11 4 24
split_gain=256.989 151.949 147.019 130.324 106.59 93.1155 85.1224 66.1165 61.3011 90.8908 61.2499 58.0761 64.328 50.4405 51.0633 46.5527 43.4619 97.3701 55.1535 48.5412 56.9863 43.3106 42.2327 39.0326 38.8618 38.616 53.6659 38.2162 38.1045 43.7376 37.3099 44.1327 35.8402 35.0773 33.629 46.1446 39.7545 37.9282 33.4413 33.3639 41.0754 36.7457 33.3322 33.1891 53.9166 36.8763 33.0998 32.9171 32.5688 32.5093 34.5513 32.5092 31.9563 33.1276 31.7804 31.5285 30.7795 29.6583 29.876 29.5102 29.3945 29.0958
threshold=13.166666726271313 1.8499999642372134 0 22.466666618982952 3.5000000000000004 17.950000524520878 15.833333094914755 12.800000309944155 77.547500000000014 27.737000000000005 16.274690476190482 69.062500000000014 1.0000000180025095e-35 28.457708333333336 65.528500000000008 5.5000000000000009 43.532500000000006 47.032000000000004 65.762500000000017 65.635000000000005 12.949999809265138 1.0000000180025095e-35 14.500000000000002 82.90000000000002 9.8499999046325701 14.375491071428575 4.2773958333333342 92.35045238095239 1 6.0499999523162851 73.395000000000024 69.822500000000005 -0.35000000894069666 65.695000000000007 35.583000000000006 57.170551371635618 2 69.715000000000018 63.415000000000006 7.0323958333333403 77.985000000000014 82.702500000000015 28.268166666666669 81.50500000000001 79.382000000000019 31.132500000000004 24.789166666666667 8.8015000000000025 75.100000000000009 15.989000000000003 18.368244047619054 21.830208333333335 3.3500000238418584 67.652500000000018 109.05460416666669 22.149375000000003 15.750000000000002 69.790000000000006 33.785500000000006 4.2773958333333342 1.0000000180025095e-35 407.50000000000006
decision_type=2 2 1 2 8 2 2 2 2 2 2 2 2 2 2 2 2 2 2 2 2 2 2 2 2 2 2 2 1 2 2 2 2 2 2 2 1 2 2 2 2 2 2 2 2 2 2 2 2 2 2 2 2 2 2 2 2 2 2 2 2 2
left_child=2 6 11 4 28 8 23 22 13 -10 47 12 52 16 25 -12 18 19 33 -18 42 39 60 32 -19 -15 -27 34 56 -30 31 57 -2 38 35 36 -20 46 -4 54 -41 43 -21 45 -45 -42 49 -5 -39 -38 -51 -22 -1 -54 -11 -28 -3 58 -9 -44 -6 -14
right_child=1 3 5 10 7 -7 -8 30 9 21 15 -13 61 14 -16 -17 17 24 27 20 51 -23 -24 -25 -26 26 55 -29 29 -31 -32 -33 -34 -35 -36 -37 37 48 -40 40 41 -43 59 44 -46 -47 -48 -49 -50 50 -52 -53 53 -55 -56 -57 -58 -59 -60 -61 -62 -63
leaf_value=0.79069530597116833 -0.17028430376324277 -0.055677161193431336 0.086630140480649792 0.024917151806101191 0.0068867364921292307 -0.10718748135496657 0.11566316217305328 0.031749662940230294 -0.27260745033182515 1.2739641752101727 -0.31500676158094154 1.9149697016649694 0.048228671635321518 -0.018464988870708243 0.065546039335344738 -0.1749162486012999 -0.34874359118545245 -0.15153466902085855 0.20668230092979917 0.79608887726746735 -0.26599905486079456 -0.0063525830426145909 0.099794696923854009 0.18578360598396701 0.08363087894621693 0.85704901460672611 -0.022992876847241397 0.27359175492043858 0.0023650975373361582 -0.14829807249892965 -0.014348133438324685 -0.20211709300011843 -4.186405755648437e-05 1.1026960094374176 -0.1191707577352686 -0.50984063591783746 -0.050985317438209422 -0.13564161132950364 -0.12397155778114372 1.6045062295723889 2.7310158612029407 1.5761933367211427 -0.28358734364885102 -0.35758012034399134 2.2564816721485057 0.070474707880017862 1.7753743587134112 -0.066032276577842455 -0.010587706722004554 0.1401820911673449 -0.090166659015613215 0.23111639007119367 0.061346393342196409 0.46427051849057838 -0.16534680905191312 -0.30923381066140365 -0.52116929537740464 1.4629614543739962 -0.094323771511638246 0.5741832208198453 -0.095157950587346829 -0.24129904841714481
leaf_weight=2866.6394869834185 7404.5879611521959 7907.5709380805492 6267.6168815791607 1589.9888728111982 11875.647918701172 5264.3458602279425 16379.291143134236 2714.978153988719 1192.0834017395973 3355.944763481617 8417.6078084558249 1524.304612994194 5920.9968207478523 3201.5530561357737 3674.2657262533903 3359.1741804629564 274.31451213359833 4070.5690996944904 3875.7593127191067 2873.2579621374607 586.25065958499908 3689.3700484931469 12978.26246355474 2210.7516372799873 4720.7942648530006 273.78855642676353 776.15901114046574 1288.2785499095917 2514.1281878352165 17865.366918906569 9330.8274614214897 5652.5877647846937 6074.2204498052597 638.14440211653709 5625.5317038595676 2039.812942057848 1686.1654024124146 2083.6872686743736 2561.228988841176 1048.5348784923553 455.69035160541534 439.87221628427505 145.31225878000259 1107.1883864402771 292.30883407592773 3451.0641821324825 193.13610453903675 1245.3905474096537 1567.0686542391777 1914.9064394086599 1713.9503871649504 1370.7986220121384 4554.4018413424492 11088.634195253253 488.14207309484482 3458.154086202383 2094.01862180233 252.20512266457081 6123.4429715126753 2909.1202791035175 4950.8641437590122 868.30453090369701
leaf_count=7092 18306 18237 25057 4420 26346 11509 37836 8904 2060 4504 18501 1564 13718 9372 6173 7005 948 7114 10105 5121 717 5058 27507 3633 8191 438 3543 2015 4648 37958 12276 10454 15880 1960 12697 3694 4172 4622 10702 1236 822 676 395 1248 299 4903 493 3516 2993 5487 5456 1739 14758 19827 827 5364 3770 434 17478 4611 10803 1857
internal_value=-0.000712538 -0.00219946 0.00110034 -0.00316948 -0.00241348 3.26786e-05 0.000791254 -0.00107804 0.000482113 0.0032819 -0.00752847 0.00430575 0.00373593 -0.0002447 -0.00323922 -0.00911675 0.000459594 0.00250047 -0.000640223 0.00643382 0.00715367 0.00438574 0.000496118 -0.00184073 -0.0011503 -0.00555077 -0.00853235 -0.00201399 -0.00478167 -0.00602188 -0.00302686 -0.0045927 -0.00285076 0.0025504 -0.00253409 -0.00130279 -0.000208196 -0.00200408 0.00173135 0.00600445 0.00389742 0.00223566 0.00959573 0.00108303 -0.00552133 0.00344969 0.000613331 -0.000930663 -0.00595774 -0.000127342 0.00253815 -0.000244172 0.00526283 0.00437296 0.00972677 -0.0099201 -0.00224598 -0.00243511 -0.00291817 0.00595619 -0.00115682 -0.000427033
internal_weight=238338 130941 107397 98872.1 84259.9 80574.2 32068.9 53878.8 75309.8 15520.2 14612.2 26823.3 25299 59789.6 11383.9 11776.8 48405.7 16950.4 31455.3 8159.05 7884.74 14328.1 29804.8 15689.6 8791.36 7709.65 4508.1 21988.3 30381.1 20379.5 24074 14743.2 13478.8 9466.99 20700 15074.5 13034.7 9158.91 8828.85 10638.7 6794.66 5746.12 5927.69 5306.25 1399.5 3906.75 5508.16 2835.38 3650.76 5315.02 3628.86 1957.05 18509.7 15643 3844.09 4234.31 10001.6 9090.63 8838.42 3054.43 16826.5 6789.3
internal_count=523049 287912 235137 212257 178815 176321 75655 114202 164812 21633 33442 58816 57252 143179 24890 25506 118289 28836 89453 13531 12583 19573 64656 37819 15305 18717 9345 51734 64613 42606 49546 37270 34186 37719 49719 37022 33328 23223 35759 14515 9184 7948 10127 7272 1547 5725 15608 7936 7615 15115 10943 2456 41677 34585 5331 8907 22007 26816 26382 5006 37149 15575
cat_boundaries=0 1 2 3
cat_threshold=8 8 4
is_linear=0
shrinkage=0.05


Tree=44
num_leaves=63
num_cat=2
split_feature=21 8 0 5 0 22 8 1 18 18 8 12 31 31 21 2 22 7 7 13 24 5 21 32 1 24 32 8 15 8 9 10 10 6 32 2 32 5 2 31 31 32 31 8 1 24 8 31 24 22 9 1 31 8 18 6 18 2 31 9 31 11
split_gain=241.598 210.399 194.437 122.526 116.889 96.9697 93.8661 91.7555 81.2113 81.0647 79.6702 73.6563 72.1161 71.3155 63.4862 59.4182 58.1053 55.575 53.5672 51.0151 50.7126 50.5262 48.3589 47.4788 45.5826 45.4896 43.6281 42.9547 41.6642 41.6444 53.3833 40.2536 40.1238 39.8499 39.4405 39.3502 40.9781 42.4768 36.5718 57.8844 48.1337 37.7715 35.9838 35.3744 36.6005 35.1145 34.9119 34.3467 32.7418 32.5689 32.373 31.997 31.9309 34.931 31.7128 31.0817 30.7147 33.2781 40.1602 43.3875 38.6491 30.6658
threshold=8.8000002801418322 62.205000000000005 0 1.0000000180025095e-35 1 20.866666873296108 2.2310000000000003 4.5000000000000009 5.4499998092651376 11.649999976158144 49.081500000000005 27.927500000000006 47.032000000000004 30.923000000000005 22.000000238418583 4.5000000000000009 15.600000460942587 64.032500000000013 16.311000000000003 15.375000000000002 411.50000000000006 1.0000000180025095e-35 13.649999737739565 81.672500000000014 15.500000000000002 4.5000000000000009 82.050000000000011 -6.4449999999999994 31.547479166666673 168.35900000000001 124.03850000000001 6.5652500000000007 5.9632500000000013 4.5000000000000009 70.445000000000007 4.5000000000000009 80.617500000000021 1.0000000180025095e-35 3.5000000000000004 79.51900000000002 73.388500000000008 74.335000000000022 27.303000000000001 110.90250000000002 16.500000000000004 425.50000000000006 19.511000000000006 54.233500000000006 135.50000000000003 11.066666642824812 33.932500000000012 21.500000000000004 47.205500000000008 3.8515000000000006 27.849999904632572 5.5000000000000009 21.950000047683719 4.5000000000000009 65.46050000000001 5.5515000000000008 45.110500000000009 9.9114583333333357
decision_type=2 2 1 2 1 2 2 2 2 2 2 2 2 2 2 2 2 2 2 2 2 2 2 2 2 2 2 2 2 2 2 2 2 2 2 2 2 2 2 2 2 2 2 2 2 2 2 2 2 2 2 2 2 2 2 2 2 2 2 2 2 2
left_child=8 3 5 4 9 17 27 61 13 16 12 22 18 -1 15 19 24 -3 -10 31 42 29 -4 33 45 49 35 -6 51 30 -12 -9 -5 -7 -13 36 37 55 40 41 -27 -40 -17 44 -19 -2 -44 -33 -32 -15 -48 -21 -14 -54 -36 -20 57 60 -59 -60 -29 -8
right_child=1 2 11 32 6 23 7 14 10 -11 21 34 52 25 -16 20 -18 43 26 28 -22 -23 -24 -25 -26 38 -28 56 -30 -31 48 47 -34 -35 54 -37 -38 -39 39 -41 -42 -43 46 -45 -46 -47 50 -49 -50 -51 -52 -53 53 -55 -56 -57 -58 58 59 -61 -62 -63
leaf_value=-0.6278485738051055 0.39834447943179935 -0.42551928993041799 -0.75727661160035464 0.0042968497995453441 0.34352359032383889 -1.0731350231755343 -0.10087131110711374 0.019894277743552503 0.17903651244278312 1.1186656082232478 0.011897355278704148 -1.0941655296095931 -0.20916367617554421 0.019813968757057765 -0.10558285186760585 0.36725501949855355 -0.043268085490703115 -0.026175002986449147 1.1952885363546877 0.12135060106384965 -0.14171572599416668 -1.8767271133372647 -1.0032325037781973 0.088624531056958139 1.0310053533424173 0.13076723527397943 1.3688582429721585 0.022256535157114499 -0.082581744107032617 -0.94998157264207073 0.6098923225454902 -0.11411981660053071 -0.2663430484191906 -0.62131147590201585 -0.40578714520275555 0.16649109221388159 -0.11277913026855213 -0.90322764103983533 -0.065380378508986245 -0.82768659829949076 2.1305781735765779 0.13980628612976009 -0.0022100183104620196 -0.2312263885486229 0.39111060665407477 -0.143321623977781 -0.21406645093192811 0.053298949576242996 -0.2460947760406981 -0.11271828870775158 -0.018546432076827438 -0.076043600972595715 0.39602544302766995 -0.046698630685345133 0.3288226493141797 0.57862985957658242 1.1261537986000014 -0.018725253216836334 -0.23444979186053791 0.36955173357787657 0.40042104676303653 -0.1031940799777003
leaf_weight=753.31430734694004 5321.8536986559629 9626.7180744707584 3672.3269760757685 920.4956965893507 453.77679093182087 2710.4550267159939 4700.9204037040472 3362.7154011130333 6865.0333425402641 2065.6363609731197 14044.533685177565 1123.850808814168 250.72398233413696 7067.1277126669884 3367.8412737101316 686.05952015519142 7501.0250515341759 6535.0011273026466 4052.9832701385021 21672.889063164592 2684.2405840754509 347.69047433137894 2991.5500044226646 799.01338237524033 2472.1192335188389 11493.586213618517 651.61483043432236 5272.3813898414373 5408.8320513963699 861.66169874370098 2416.4722656011581 6434.0663969814777 3581.4287007451057 2218.1931104362011 3104.4851132780313 2955.7391638308764 516.96050900220871 116.62996655702591 5472.3554710000753 342.17728328704834 561.24273872375488 4682.7466317117214 7983.1682469248772 8206.5858737975359 3931.6069012135267 2030.5903236865997 3947.2831073254347 1255.533826559782 498.79456658661366 8479.7584474384785 2218.1420236229897 2503.7480945587158 936.60456100106239 3972.0366758108139 694.35523951053619 1217.8212384283543 514.98896968364716 5512.547895476222 116.57351160049438 518.78792834281921 1249.0156946182251 10689.367592394352
leaf_count=3939 12789 19989 6153 2542 1394 5532 11241 9147 18329 5809 31029 3291 764 14555 7548 2695 18682 12242 10831 50649 5107 914 5361 1240 6165 23129 1073 15638 11689 1637 4270 16058 7817 4102 4451 8117 893 404 14104 353 579 5449 18135 13650 7570 4230 8130 1657 876 16203 4784 5879 1869 6850 1112 3625 1386 13865 121 543 2555 23229
internal_value=-0.000717505 -0.0018321 -0.00470351 -0.000687626 -0.000356535 -0.0027954 -0.001111 -0.00178899 0.00155346 0.00316546 0.00314369 -0.0102952 0.00520082 -7.17228e-05 -0.000925216 -0.000538642 0.00205046 -0.00159528 0.00682473 0.000510713 -0.00297267 0.000705192 -0.0137304 -0.00872868 0.00458037 0.000229688 0.00925403 0.00271172 0.00159349 0.00107394 0.00161895 -0.00238761 -0.00877151 -0.0105613 -0.00566411 0.00833381 0.0106912 0.0119814 0.00166415 -0.000493552 0.00354295 0.000188939 -0.00182804 -4.30866e-06 0.00192262 0.00260482 -0.00237052 -0.00438287 0.00777482 -0.00185109 -0.00519642 0.00248097 4.58999e-05 0.000936384 -0.00322803 0.0126426 0.00219041 0.00170325 -0.000935955 0.0109574 0.00419106 -0.00524174
internal_weight=238618 160060 45614.1 114446 109944 34027.6 90552.9 76914.8 78557.6 19391.2 39705.3 11586.6 21536.1 38852.3 61524.5 58156.7 17325.6 28299.9 16376.8 40637.8 17518.9 18169.2 6663.88 5727.66 9824.56 38099 9511.75 13638.1 29585.5 17821.5 16959.8 11052.3 4501.92 4928.65 4922.69 8860.13 5904.39 5387.43 22552.1 10497.3 12054.8 10155.1 14834.7 18673.2 10466.6 7352.44 14148.6 7689.6 2915.27 15546.9 6165.43 24176.6 5159.37 4908.64 3798.84 5270.8 13184.3 12669.3 6147.91 635.361 6521.4 15390.3
internal_count=523969 354177 84693 269484 259125 64325 211450 175948 169792 47675 91481 20368 52755 78311 141478 133930 41866 53451 43272 95079 38851 38726 11514 10874 23184 74372 24943 35502 68217 37812 36175 26862 10359 9634 8854 23870 15753 14860 43614 19906 23708 19553 33744 33462 19812 17019 31049 17715 5146 30758 12914 56528 9483 8719 5563 14456 34108 32722 14529 664 18193 34470
cat_boundaries=0 1 2
cat_threshold=12 8
is_linear=0
shrinkage=0.05


Tree=45
num_leaves=63
num_cat=4
split_feature=8 7 7 28 21 27 8 4 22 22 8 0 22 20 3 21 7 0 12 24 4 7 24 17 6 4 24 21 16 11 31 31 8 3 3 8 4 31 1 4 8 31 8 8 0 21 23 6 8 31 12 31 12 16 8 8 3 14 1 0 14 17
split_gain=232.487 240.847 136.01 123.74 104.167 96.6597 78.5178 68.3174 67.2427 64.8362 60.6384 56.9614 53.7047 52.8453 51.756 49.6652 46.336 45.1216 45.2044 44.3301 43.672 52.4818 42.1969 44.0381 41.2074 39.0305 38.1413 37.9459 37.4968 47.1693 37.9241 36.8689 36.765 36.6683 37.7895 36.2669 35.688 43.1032 34.9217 40.6941 33.9726 37.1923 32.1691 31.9538 30.8717 30.3571 32.1566 29.4449 29.1946 28.9838 28.5036 28.0899 27.815 27.3599 28.3015 27.0094 30.2705 26.8332 26.2011 26.0295 25.4002 25.3348
threshold=37.305000000000007 38.025000000000013 51.88150000000001 13.166666746139528 16.650000214576725 16.750000000000004 132.21150000000003 1.0000000180025095e-35 20.866666873296108 16.600000103314724 3.0325000000000002 0 16.933333794275921 358.50000000000006 7.5000000000000009 6.6500001400709161 2.7615000000000003 1 18.585000000000004 532.50000000000011 1.0000000180025095e-35 117.40350000000002 2.5000000000000004 12.150000095367433 2.5000000000000004 1.0000000180025095e-35 557.50000000000011 17.549999952316288 -0.16458333333333838 11.649583333333336 57.45000000000001 31.881000000000004 226.77150000000003 8.5000000000000018 7.5000000000000009 73.720000000000013 1.0000000180025095e-35 29.381500000000003 15.500000000000002 1.0000000180025095e-35 2.4340000000000006 66.226500000000001 -6.4449999999999994 86.553500000000028 2 13.149999737739565 14.84999990463257 5.5000000000000009 145.27400000000003 31.464000000000002 60.269000000000005 31.132500000000004 40.376500000000007 15.172812500000001 96.995000000000019 110.90250000000002 4.5000000000000009 62.863785714285719 15.500000000000002 3 98.662455357142861 1.4499999880790713
decision_type=2 2 2 2 2 2 2 2 2 2 2 1 2 10 2 2 2 1 2 2 2 2 2 2 2 2 2 2 2 2 2 2 2 2 2 2 2 2 2 2 2 2 2 2 1 2 2 2 2 2 2 2 2 2 2 2 2 2 2 1 2 2
left_child=2 4 5 8 9 10 19 12 11 14 42 38 17 50 28 47 40 -4 -19 20 21 35 23 -17 -20 31 -24 33 -2 -30 -31 49 45 34 53 -5 -18 -38 39 57 -7 -42 -1 -10 -6 46 60 -12 -11 -16 -9 -37 -14 54 -13 -40 -57 -3 -15 -59 -8 -53
right_child=1 3 7 6 44 16 32 13 43 48 15 27 52 58 25 22 36 18 24 -21 -22 -23 26 -25 -26 -27 -28 -29 29 30 -32 -33 -34 -35 -36 51 37 -39 55 -41 41 -43 -44 -45 -46 -47 -48 -49 -50 -51 -52 61 -54 -55 -56 56 -58 59 -60 -61 -62 -63
leaf_value=0.31919246330438167 0.82400392533797351 0.14633281634931414 1.368534724300972 0.3109925361178455 -0.61974433031498344 0.039130521477266103 -0.31051726542897473 0.070308623098015319 -0.22458308944401689 -0.46149299667870136 0.11222424309629297 0.14756544953138509 -0.079913205852526842 -0.20840265411410394 -0.053990695638221453 -0.049671275014423345 0.1930830570834462 -0.13689789834267749 1.5181795984063688 -0.5134959458710896 -0.033092605002255658 0.79832523147137724 -0.0045642090791217288 -0.13786552382996459 0.22702519709425159 -0.72331239764745525 -0.11327277409266834 -0.70835107204084979 -0.75571765148963488 -0.22219123995592371 -2.3051404287344646 0.26517512590215786 -3.8846441696142366 -0.80092922491010476 0.45846295391531966 -0.2586671874361301 0.71895812649298907 -0.0042713125214577374 0.22140249566406159 -0.4896561765893741 -0.053419788864647245 1.1425167088664889 0.015767589036280699 -1.1440373831286355 -0.45093214955372041 -1.0494712705414482 -0.49505360830805734 -0.073245728034385629 -2.9739929392416204 -1.0018456322329157 0.5822334331285921 0.15535608619432387 0.52937258012201227 -0.61799116563967649 -0.9253782563401487 -0.9553311674233772 0.043096881732055441 -0.031426024560416058 0.23601591416913426 -0.36363048158527983 0.33569352820743231 -0.00018352673352026728
leaf_weight=421.61509793996811 372.28163394331932 4155.2636195868254 4099.4481438547373 7985.490159124136 3044.0954305678606 5287.1908641755581 1807.4333638846874 6518.2109615504742 2590.0815115720034 7183.9874143153429 6274.0036510825157 1626.1769450157881 1822.5585515350103 1285.1236837357283 1343.7590965032578 17862.326896071434 13778.756707713008 1106.932981222868 1114.1442296653986 1033.488947942853 8113.3452576994896 2705.5396408140659 23311.470997810364 5782.8804496228695 1322.1149506121874 622.45156502723694 4021.3438958376646 836.53634409606457 1655.6835690587759 7151.5805164575577 353.59255841374397 4315.6575680077076 487.76624359190464 1266.0141271352768 743.23879140615463 1946.3262535333633 689.76796534657478 6961.8972550332546 6043.3765879720449 3210.0596435070038 6678.9691811203957 259.11554229259491 17686.396661564708 2440.1669416427612 2306.3605979681015 1474.5883941650391 901.99775850772858 3412.7731679826975 509.80323901772499 491.15153177082539 1651.4272456616163 3535.0185098797083 1118.296621710062 2406.5594305247068 903.92920117080212 982.37730911374092 2826.7211628109217 5173.2061763852835 408.58185984194279 3639.0144455134869 1755.0222013890743 5823.7964648008347
leaf_count=1358 515 9898 9092 19636 6900 14111 3011 13083 5585 15448 14773 5578 4208 2172 2449 42573 31650 2245 2061 1868 16253 4648 56732 13819 2191 1192 8254 1458 4348 16906 432 7267 873 1840 889 4964 1878 14829 12799 6027 17502 268 46864 4142 4601 2648 1488 7921 953 1002 2961 5895 2319 3857 1527 1940 4358 8960 695 5905 2584 9732
internal_value=-0.000686062 -0.00243531 0.000706274 -0.000956518 -0.00628513 2.40659e-05 0.00108934 0.00445726 -0.00293531 -0.00487832 -0.000934221 -0.00213276 0.00724718 0.00146321 -0.00309288 -0.00169214 0.00226694 0.00945636 0.00527071 0.00212772 0.0024773 0.00363376 -0.00231576 -0.00386236 0.00909124 0.000249119 -0.000977726 -0.00588281 -0.00546705 -0.00609947 -0.00441317 0.00145724 -0.00394199 -0.00467727 -0.00296098 0.0027188 0.00366814 0.000929908 -0.00100874 -0.00243828 -0.000189387 -0.00249014 0.00160487 -0.00832841 -0.0125934 -0.00285666 -0.000801512 0.00158967 -0.00866148 -0.00447805 0.00312969 0.000896576 0.00150474 -0.00454361 -0.000912569 0.00133753 -0.00195965 -0.00119033 -0.00657223 -0.00275207 0.00133433 0.00203322
internal_weight=238638 105763 132875 76412.5 29350.4 112429 37569.8 20446.8 38842.7 23999.9 78772.8 33812.5 10583.5 9863.34 16306.2 60664.8 33655.7 7642.64 3543.19 31143 30109.5 21996.2 50978 23645.2 2436.26 6773.02 27332.8 7782.45 9533.14 9160.86 7505.17 6150.57 6426.81 6945.92 5679.9 19290.6 21430.4 7651.67 26030 16177.5 12225.3 6938.08 18108 5030.25 5350.46 5939.04 4464.45 9686.78 7693.79 1834.91 8169.64 11305.1 2940.86 4936.67 2530.11 9852.48 3809.1 12967.5 1693.71 8812.22 3562.46 9358.81
internal_count=523935 210376 313559 148363 62013 272532 73600 41027 74763 50512 192294 65036 22116 18911 34111 144072 80238 15589 6497 62996 61128 44875 121378 56392 4252 11910 64986 15149 22201 21686 17338 10718 10604 13691 11851 40227 48357 16707 49887 30790 31881 17770 48222 9727 11501 9731 7083 22694 16401 3451 16044 20591 6527 10962 7105 19097 6298 24763 2867 14865 5595 15627
cat_boundaries=0 1 2 3 4
cat_threshold=12 12 12 8
is_linear=0
shrinkage=0.05


Tree=46
num_leaves=63
num_cat=3
split_feature=8 7 7 8 28 22 2 7 27 22 20 0 14 8 9 31 8 24 22 0 2 15 32 32 32 32 27 11 32 16 2 2 31 12 2 31 32 16 31 32 32 31 31 31 0 31 10 1 10 12 7 2 32 32 14 23 8 25 15 32 32 8
split_gain=220.46 199.731 160.282 102.981 98.0846 83.6079 81.8908 77.4008 101.031 62.654 61.804 57.9913 61.99 56.4339 80.1146 52.3698 49.1218 54.4045 48.1382 47.5353 46.2772 41.6461 45.9132 76.9586 53.1642 50.5541 41.3273 42.1811 39.7699 38.7103 38.644 36.3785 47.3598 36.0588 35.1813 66.7558 51.2346 33.4587 34.8167 40.1395 46.7873 45.9213 33.1554 32.2699 32.1882 31.8702 31.1254 30.7032 30.4466 30.1872 29.5056 28.9052 28.7166 28.5333 28.476 28.276 28.1819 27.9705 27.955 27.7942 27.6064 26.7696
threshold=54.662500000000001 48.671000000000006 56.443500000000007 5.5210000000000008 13.066666344801586 15.600000460942587 4.5000000000000009 5.3310000000000004 16.750000000000004 18.66666674613953 322.50000000000006 0 63.536172619047626 132.21150000000003 87.398500000000027 65.46050000000001 -6.4449999999999994 584.39999389648449 16.600000103314724 1 4.5000000000000009 28.457708333333336 69.822500000000005 69.100000000000009 77.547500000000014 79.020000000000024 12.400000095367433 2.6135416666666669 81.980000000000004 2.326000000000001 3.5000000000000004 4.5000000000000009 45.748500000000007 49.818500000000007 2.5000000000000004 57.45000000000001 74.335000000000022 -0.35095833333333343 33.958500000000008 72.690000000000012 67.537500000000009 42.415500000000002 35.649000000000008 45.748500000000007 2 33.685500000000012 200.53172500000002 16.500000000000004 26.947450000000003 18.585000000000004 108.38900000000002 2.5000000000000004 72.64500000000001 76.045000000000002 29.815363095238101 14.150000095367433 99.450500000000019 18.150000572204593 2.3918750000000029 68.397500000000022 70.002500000000012 141.01750000000001
decision_type=2 2 2 2 2 2 2 2 2 2 10 1 2 2 2 2 2 2 2 1 2 2 2 2 2 2 2 2 2 2 2 2 2 2 2 2 2 2 2 2 2 2 2 2 1 2 2 2 2 2 2 2 2 2 2 2 2 2 2 2 2 2
left_child=2 5 3 16 9 11 18 15 21 19 28 30 29 14 -6 37 -1 26 44 -3 -10 22 23 48 34 58 -18 -28 -8 -13 59 32 42 -20 60 36 -36 -5 -39 40 -40 -41 -19 45 50 -25 55 -12 -9 -46 -4 -29 -16 -31 -55 -15 -11 -38 -26 -2 -24 -7
right_child=1 4 6 7 13 61 10 8 20 56 47 12 -14 46 52 -17 17 31 33 -21 -22 -23 24 43 25 -27 27 51 -30 53 -32 -33 -34 -35 35 -37 57 38 39 41 -42 -43 -44 -45 49 -47 -48 -49 -50 -51 -52 -53 -54 54 -56 -57 -58 -59 -60 -61 -62 -63
leaf_value=0.32235537048635088 -0.41535900005355464 -0.066118587464055287 0.75335240674280168 0.21773400970716442 -0.034548701536699422 -0.58963638897876869 0.085851614161725653 0.043168081503329715 0.25174300684053419 -0.23557001324982585 -0.22393916037085973 0.20420783069782522 0.0093622515002825587 -0.020570806958459011 0.056195273192756724 0.28583564267605882 0.0038370737433660596 0.045878280812895383 -0.034490223591618241 -0.53716472448309183 -0.028499052985025489 -0.10560637459187366 -0.52522504519049384 0.57777513473535702 0.59164603270973848 -0.1035482663149236 -0.0022367796261719198 0.25976470611230534 0.94023144784036783 -0.87952046671829087 -0.59433901312363235 -0.1042653688901934 0.82421294719134741 0.55323835878664984 -0.21074728893807998 -0.40022017537188459 -0.07839820765052033 -0.038933581710962797 -0.08685273545935486 0.51894221988757128 -0.19481111954226385 -0.09761436420142465 -0.10920274047701733 1.6892618630444216 -0.10488617305034059 -0.28578042021167288 -3.5603099245093706 0.44796969465443709 -0.098578614911576601 0.73644496082777566 2.3095375917004484 0.054718954301314196 0.30402008575715167 0.42372264954742089 -0.71478826634647696 -0.47989562160364518 -1.1349973219443281 0.17933331330562635 0.10786501712696817 0.20511863467923616 -0.022763971751751155 -2.6856781055559331
leaf_weight=687.59047444164753 1972.078593865037 18392.253447756171 4154.1036012470722 644.90859216451645 12060.820232450962 8885.640914067626 8780.4356180131435 11504.328263431787 10629.109800949693 3075.1475578248501 1740.4593880027533 298.22831262648106 1481.7362800985575 4203.18316796422 2816.4390054196119 1069.3013991713524 19069.233956500888 1072.9263970851898 2850.1652474999428 4305.7682765126228 4684.2385524362326 11826.818533524871 174.95459543168545 270.35743384063244 725.1141762137413 4026.4704053997993 5704.8460276722908 5531.9814175963402 829.71934622526169 2189.0032595843077 2357.8065490871668 1906.6596599072218 459.39024037122726 1344.5709022730589 3371.6669626832008 757.7376457452774 2016.6230888366699 5726.6083016842604 3698.2672374993563 476.88578885793686 4538.7114932537079 3042.9953693449497 995.40215729176998 633.66701310873032 1101.1975361704826 186.82447326183319 509.04773654043674 318.50246354937553 7956.2899209558964 2822.1618750840425 1462.1544892936945 10961.095065265894 7687.0960322916508 343.33001416921616 763.71063697338104 1392.1210889220238 3036.8525865226984 787.87611508369446 2546.614537358284 4176.269642829895 4429.4328097105026 972.11677794158459
leaf_count=2206 6277 33703 9550 1034 25418 18513 18243 34857 24283 6212 2998 1271 2234 6775 5768 1115 49755 3247 6289 7801 10402 24921 501 528 947 5543 16181 13470 1086 4228 4873 4098 544 2653 6547 848 3308 15814 12224 608 11612 4425 2301 855 2181 569 856 578 27110 5118 2734 26251 11718 542 977 2332 5017 1265 3579 6886 7850 1848
internal_value=-0.000661121 -0.00278234 0.000428582 -0.000270814 -0.00119597 -0.0066722 0.00406577 -0.0012977 -0.000490611 -0.0032563 0.000985803 -0.0041277 -0.0083506 0.000874569 0.00202841 -0.00409444 0.00162683 0.00142708 0.00668234 -0.00204616 0.00307261 -0.00155606 -0.000774724 0.000859576 -0.00255777 0.000782155 0.0019926 0.0034591 0.0026702 -0.0119139 -0.00159532 -0.00383504 9.87329e-05 0.00221766 -0.00467023 -0.00691983 -0.00519944 -0.00472875 -0.00514139 -0.00669854 -0.0086082 -0.00222851 -0.00312822 0.0137766 0.00864511 0.00364002 -0.00339015 -0.00687354 0.00013485 0.00512305 0.0110753 0.00474091 0.00522072 -0.0134745 -0.00692388 -0.00231184 -0.00774932 -0.000205733 0.00539781 0.000490033 -0.0012817 -0.0101773
internal_weight=238437 80918.7 157518 132115 57478.7 23439.9 25403.5 85725.8 66528.1 28810 11669.1 13582.2 5076.01 28668.7 22564.4 19197.7 46389.1 45701.5 13734.4 22698 15313.3 51214.8 39388 20551.5 18836.5 7298.2 41267.2 22197.9 9610.15 3594.27 8506.15 4434.38 2527.72 4194.74 11538.3 6933.9 6176.17 18128.4 17483.5 11756.9 8236.98 3519.88 2068.33 1090.85 9539.62 457.182 6104.35 2058.96 19460.6 3923.36 5616.26 16493.1 10503.5 3296.04 1107.04 5595.3 6112 2804.5 3271.73 6148.35 4604.39 9857.76
internal_count=523477 153249 370228 318798 105600 47649 51430 200745 153913 52733 22905 27288 9252 52867 42904 46832 118053 115847 28525 41504 34685 119228 94307 63919 30388 10069 105657 55902 19329 7018 18036 10190 6092 8942 20319 11968 11120 45717 44683 28869 23836 5033 5548 1952 19583 1097 9963 3576 61967 7299 12284 39721 17486 5747 1519 9107 11229 4573 4526 13163 8351 20361
cat_boundaries=0 1 2 3
cat_threshold=12 12 12
is_linear=0
shrinkage=0.05


Tree=47
num_leaves=63
num_cat=5
split_feature=19 5 0 23 17 20 0 9 21 21 23 6 32 17 24 1 0 14 1 2 17 20 14 17 14 32 11 14 14 14 5 17 1 14 2 32 15 2 12 20 17 32 21 6 17 16 9 17 32 9 25 6 0 20 0 14 15 32 23 32 25 2
split_gain=214.886 120.26 116.473 97.8312 90.6633 112.687 90.4522 85.5631 80.2301 69.4096 67.5541 65.5276 59.6455 56.3065 56.0369 50.4344 49.5545 45.2129 44.6635 47.6365 42.75 46.2824 41.1328 36.1129 35.7084 41.6674 34.7711 36.7908 33.3236 32.2821 31.6034 31.6618 30.2753 29.0341 27.8201 27.2097 26.56 26.4648 26.2323 26.0064 25.8239 24.6693 39.141 24.0131 23.4168 23.3282 22.7854 22.2913 25.1615 22.1851 22.1167 21.8462 21.6 21.5603 22.1047 21.2641 23.133 21.2591 21.2584 21.1142 20.768 20.6592
threshold=10.750000000000002 1.0000000180025095e-35 0 13.84999990463257 -3.1499999761581416 5.5000000000000009 1 8.5090000000000021 7.774999976158143 19.750000238418583 16.550000190734867 4.5000000000000009 83.21250000000002 3.3500000238418584 435.50000000000006 14.500000000000002 2 50.089345238095248 5.5000000000000009 4.5000000000000009 -13.949999809265135 89.500000000000014 19.996572023809524 1.7500000000000002 16.274690476190482 78.492500000000021 5.6954166666666675 15.399679606625261 10.927644280538306 48.15309523809524 1.0000000180025095e-35 15.650000095367433 14.500000000000002 61.909110119047625 5.5000000000000009 84.490000000000023 28.457708333333336 4.5000000000000009 -0.80499999999999994 2.5000000000000004 13.750000000000002 74.407500000000013 12.549999773502352 6.5000000000000009 17.150000572204593 1.3112499999999991 8.2015000000000011 -11.550000190734862 64.887500000000017 19.721500000000002 6.7500000000000009 5.5000000000000009 3 199.50000000000003 4 52.763303571428587 10.969999999999999 81.855000000000018 13.449999809265138 62.027500000000011 20.050000190734867 4.5000000000000009
decision_type=2 2 1 2 2 8 1 2 2 2 2 2 2 2 2 2 1 2 2 2 2 8 2 2 2 2 2 2 2 2 2 2 2 2 2 2 2 2 2 8 2 2 2 2 2 2 2 2 2 2 2 2 1 8 1 2 2 2 2 2 2 2
left_child=6 2 3 13 16 7 10 24 11 32 14 38 26 17 18 44 29 -2 50 30 -10 35 49 -9 40 -26 27 -13 -3 -4 31 33 37 59 -27 -22 43 46 -8 -17 60 55 -43 -5 -15 -40 -7 -18 -49 -11 -1 -25 -24 54 -34 56 -30 -32 -55 -20 -6 -19
right_child=1 28 4 36 5 9 8 23 20 22 -12 12 -14 15 -16 39 47 61 19 -21 21 -23 52 51 25 34 -28 -29 41 -31 57 -33 53 -35 -36 -37 -38 -39 45 -41 -42 42 -44 -45 -46 -47 -48 48 -50 -51 -52 -53 -54 58 -56 -57 -58 -59 -60 -61 -62 -63
leaf_value=0.28464014602995835 1.6688389626668212 0.020814303555082583 2.0884475637126463 -0.16780331879954014 0.0032384395927810062 0.036888358679473224 -0.065864921391818237 -0.098576717737960534 0.3424304718131545 0.0069480882698397034 -0.20058609152109075 -0.015153213831574863 1.1101683887844851 0.019250678890465611 -0.11752036686857213 0.049620472165082141 0.34362885524415748 0.41287854429479492 0.10143904014761618 0.074173726733544817 -0.090082920689115345 0.0047458453606738617 -0.18685418565308001 -0.24135063214027008 -0.13417727843256327 0.23025283335307095 -0.11375234213672841 0.65354985729129289 -0.36584059484038556 0.18791090699171722 -0.91728911433783511 0.21389650820677117 0.0082848860114571009 0.42142512070117066 -0.13819322786004537 0.79021559038579103 -0.46446033408377912 -0.069462550230852751 0.25200875274497675 0.56238295455835507 -0.085351613044715169 0.27055547757242915 -0.14157597595847279 0.15783814645514926 -0.19025965995111516 0.1378087883094225 -0.070498390817280224 0.20332438871520872 -0.078654322301444521 -0.14354456158065787 0.01046856674614487 -0.17336271787883936 -0.30457084813333801 0.12498467534357389 -0.11703179867704137 -1.0141335911979419 -0.085887148063071989 1.8005501032303468 -0.012163290648477277 1.147293679359582 0.063309900947744607 -0.010809012552712362
leaf_weight=3275.7015813291073 628.85409951210022 514.39584033191204 387.50117932260036 7418.7020006775856 3706.6241131871939 4468.6046833693981 1088.2530815154314 5601.5913794636726 1293.6967753916979 1855.4570209234953 2834.4018838256598 1774.6322024911642 395.37775182723999 13401.175481855869 3651.0495444089174 4044.9214815348387 1492.9015897214413 3073.790037676692 700.38572825491428 6370.8791106790304 18350.659372717142 11927.489252433181 1849.3548488467932 11432.958081200719 4477.6353342980146 981.36324936151505 9181.6419797539711 1000.6125998497009 989.72730945050716 1588.4585429280996 335.42700779438019 4957.7260684967041 5831.5722485780716 5333.8113410770893 386.49347341060638 239.06013000011444 2073.8337455391884 7055.0612927228212 2465.5290334969759 6220.3583970814943 681.76757629215717 392.59855329990387 759.65760838985443 1927.2737198621035 3687.5665356069803 12158.383417308331 12914.803255692124 702.18030768632889 4225.4755292534828 676.00051979720592 8656.249324247241 4215.8042909353971 1977.173414170742 5223.8298202008009 1742.5106691122055 1232.4381415396929 890.22187314927578 104.2848829627037 3558.8238407671452 5836.9609426259995 1173.1941110938787 1227.3926366865635
leaf_count=6980 1953 1405 1017 17178 9849 10901 3358 13106 2817 4386 6336 4624 623 29359 7352 8898 2942 6324 3356 13972 40524 26629 3670 23126 11375 1439 19418 2097 2934 2928 801 10049 12195 9850 467 390 4121 15277 7559 13489 2108 615 1254 4291 7506 22723 27354 3366 9881 1633 18728 8486 3760 11436 3712 2466 2192 176 7831 13567 3108 2679
internal_value=-0.000635174 -0.00193087 -0.00164854 0.000462357 -0.00269417 -0.00321441 0.00110235 -0.00547195 -0.000146163 -0.0016508 0.00287913 0.00180239 -0.000922471 0.00186943 0.00341853 0.000982831 0.00224745 0.00678746 0.004024 0.0052827 -0.00186527 -0.00224274 -0.00650963 -0.007347 -0.00197855 -0.00470692 -0.00155492 0.00334858 -0.00972175 0.00914651 0.00664595 0.00699177 -0.000893409 0.00839333 0.00292914 -0.00380239 -0.00351488 -0.00200773 0.00394448 0.00375273 0.000889418 -0.0111715 -0.00491577 -0.00237848 -0.000681182 0.00450182 -0.000959396 0.000108724 -0.00151286 -0.00156421 0.00153005 -0.00858023 -0.00978003 0.000771505 -0.00118319 -0.0134852 -0.0101295 -0.00657553 0.00245716 0.0106271 0.00216334 0.00495398
internal_weight=238622 136690 131911 43703.9 88207.1 79810.6 101932 32657.4 59875.3 47153.2 42056.9 28064.4 12352.3 32284.1 39222.5 27354 8396.52 4930.04 35571.4 23639.5 31810.9 30517.2 6357.99 21250.4 11407.1 5845.49 11956.9 2775.24 4779.04 1975.96 17268.6 16828.9 40795.2 11871.2 1367.86 18589.7 11419.8 24438.5 15712.2 10265.3 5561.59 4264.64 1152.26 9345.98 17088.7 14623.9 17383.4 6420.56 4927.66 2531.46 11932 15648.8 3826.53 16356.7 7574.08 3112.39 1879.95 439.712 8782.65 6537.35 4879.82 4301.18
internal_count=523946 302017 291151 95798 195353 175219 221929 73064 130762 102155 91167 60402 26762 70208 84831 59252 20134 10956 77479 51771 70360 67543 13449 44718 28346 13281 26139 6721 10866 3945 37799 36822 88706 26773 1906 40914 25590 53532 33640 22387 15065 9461 1869 21469 36865 30282 38255 16189 13247 6019 25708 31612 7430 35174 15907 7592 5126 977 19267 16923 12957 9003
cat_boundaries=0 1 2 3 4 5
cat_threshold=8 12 4 4 5
is_linear=0
shrinkage=0.05


Tree=48
num_leaves=63
num_cat=0
split_feature=8 7 7 8 9 8 19 6 13 31 5 32 28 31 18 27 31 4 14 3 31 8 32 32 12 32 32 9 8 13 32 3 3 31 32 1 31 3 3 23 32 17 3 16 14 9 16 31 3 4 25 31 31 31 15 3 32 4 8 16 31 9
split_gain=218.491 195.343 131.568 91.0857 102.953 90.6779 75.5005 70.9299 65.0677 64.7573 61.5173 59.9198 58.1581 56.6434 56.2252 55.1066 51.8074 51.2211 52.0755 66.2576 49.9645 49.383 48.4141 60.0239 46.1466 45.3854 45.145 44.6758 43.8577 43.6806 42.2795 39.511 62.6932 53.4183 52.4216 37.9414 37.0519 64.8823 43.5399 59.0044 52.8112 36.2114 36.0485 47.5009 35.4319 39.0055 35.1763 37.4432 35.289 34.8771 34.8232 34.4254 33.4528 45.6464 41.5676 33.2591 32.3756 32.2398 31.9244 31.7637 31.496 31.3289
threshold=46.415000000000006 48.671000000000006 45.283500000000004 161.00500000000002 129.21750000000003 6.0010000000000003 16.94999980926514 1.5000000000000002 15.989000000000003 33.528500000000008 1.0000000180025095e-35 73.037500000000009 14.03333353996277 48.526500000000006 14.849999997764828 14.199999809265138 45.748500000000007 1.0000000180025095e-35 46.175901785714295 11.500000000000002 39.895500000000006 -3.2384999999999997 75.100000000000009 67.21250000000002 72.326000000000008 69.885000000000005 76.045000000000002 19.059000000000001 14.478500000000002 10.005000000000001 73.595000000000013 8.5000000000000018 7.5000000000000009 50.141000000000012 70.445000000000007 15.500000000000002 48.526500000000006 7.5000000000000009 6.5000000000000009 16.44999980926514 80.71250000000002 1.2500000000000002 5.5000000000000009 39.052020833333337 7.1696972049689434 3.2290000000000005 31.102375000000006 43.532500000000006 3.5000000000000004 1.0000000180025095e-35 28.750000000000004 27.094000000000005 33.958500000000008 45.110500000000009 18.168729166666669 9.5000000000000018 57.065000000000005 1.0000000180025095e-35 76.711500000000015 -0.35095833333333343 59.45900000000001 55.991000000000007
decision_type=2 2 2 2 2 2 2 2 2 2 2 2 2 2 2 2 2 2 2 2 2 2 2 2 2 2 2 2 2 2 2 2 2 2 2 2 2 2 2 2 2 2 2 2 2 2 2 2 2 2 2 2 2 2 2 2 2 2 2 2 2 2
left_child=2 6 5 4 10 21 26 24 22 -5 15 -12 13 16 35 31 -10 18 19 -14 -16 -1 23 -7 -4 -18 29 -22 -24 -2 59 32 33 34 -3 -9 38 -38 39 -32 44 50 -36 -44 45 -40 47 56 -49 -41 -6 -19 54 -54 -25 -46 -31 -30 -17 -23 -15 -33
right_child=1 3 7 9 41 8 -8 14 12 -11 11 -13 17 60 20 58 25 51 -20 -21 27 30 28 52 -26 -27 -28 -29 57 46 36 61 -34 -35 42 -37 37 -39 40 49 -42 -43 43 -45 55 -47 -48 48 -50 -51 -52 -53 53 -55 -56 -57 -58 -59 -60 -61 -62 -63
leaf_value=0.19048104949828765 -0.84569643388514404 -0.26448655417241546 0.49699724895420022 -2.6631670848786833 0.79303818957929217 -0.022966333294180564 -0.60570989104727091 -0.0013328727758738391 -0.037568118260953035 -0.45464993818611971 -1.4288329597151652 0.36917806753900317 0.062903897545704787 -0.18460497641499979 0.80092622983932393 0.27679593766661359 1.5049834267469939 0.43339949471661793 0.46649026920988501 -0.34681612162581088 -0.23558912008096522 0.60112847964994764 0.10213482084148487 -0.086659834197424845 1.9688045302960562 -0.054741311594346614 -0.093216637098102864 0.95528244199210155 -0.040868583239887006 0.13335617889855392 1.0870475904629164 -0.60455836438876087 0.39664331827589927 -0.55237672145199712 0.10619564790683517 0.28488644480117414 -0.093162601245442248 0.090236405579121298 0.052066529267192067 -0.41956060978506909 -0.10979858564960759 0.26762760461674945 -0.41970039684294069 0.29541146917238592 -0.015807977475361158 -0.041127535558695333 -0.64627930597388605 -0.61922281879947705 0.22901016612793051 0.88415583317828483 -0.1949359813064355 -0.075336026508873388 -0.1932036916064874 -0.077299699398954189 0.13007764479223086 0.22013385296293031 -0.53218212454797831 -0.17256701454319145 -0.0015244911028982956 0.00037043689288458471 -0.028788739842871183 -0.12275603516989726
leaf_weight=1333.6487369984388 950.67546255886555 7779.6537902355194 4183.471981048584 1256.1492146700621 1919.9239944666624 3783.7908040136099 8081.0907824188471 13587.252042025328 17466.21781206131 3765.4845868051052 1072.7222619205713 379.15547382831573 13516.195037603378 5829.4941541850567 2708.2825427949429 5007.5955069065094 857.00987014174461 317.25542508065701 5474.5888749659061 1008.1264241635799 505.24720656871796 549.78654217720032 2378.7624696493149 826.74459980428219 664.25534069538116 731.66704913973808 7703.3217938244343 414.84966421127319 2748.0473059415817 583.42089854180813 2320.3874554038048 3967.1957904547453 2462.5790923386812 3551.7061141133308 8542.2697808742523 6497.1068408638239 1767.2853798568249 4239.0332336425781 463.57794886827469 317.9826166331768 684.1580798625946 5706.0203237980604 2752.2414381206036 1113.4660028815269 855.25722253322601 969.52870225906372 3143.9950447231531 833.42832058668137 2572.4454332590103 106.93391507863998 236.83553260564804 7789.7381470799446 3110.2930825650692 1750.9105058312416 593.72667850553989 2852.5859811306 5137.2414702922106 618.35536807775497 9887.0596374571323 30618.626094833016 2683.0606018900871 3287.0870020389557
leaf_count=3970 2175 23239 9265 2253 3319 11770 17646 26277 52443 5764 2370 544 32818 8286 6887 11501 1523 1373 10766 2733 1396 953 4090 1820 1033 1431 10865 1255 4049 3501 4065 7417 3761 5761 13510 13034 3703 4600 905 544 1170 9079 3692 1330 1530 1903 5840 1876 3928 186 378 16468 9247 3378 1284 5361 14833 910 17898 90680 2873 5729
internal_value=-0.000602916 -0.00251861 0.000591022 -0.00094874 -0.000386249 -0.000142846 -0.00591126 0.00363742 -0.001265 -0.00740669 -0.00122572 -0.0113631 -0.000461076 -0.00209278 0.00251057 -0.000921086 -0.000577827 0.00113939 0.00249837 0.000931761 0.0082379 0.00156101 -0.00409562 -0.00618578 0.00914777 0.00806387 -0.00432561 -0.00182714 -0.00043323 -0.00609827 0.00128438 -0.00204735 -0.00114314 -0.00193094 -0.000935921 0.00147553 0.00350703 0.000495651 0.00561716 0.0108074 0.00316963 0.00493043 0.00108157 -0.00292416 0.00490671 -0.00176921 -0.0052974 -0.00372541 0.000425226 -0.00631019 0.0104482 -0.00221293 -0.00918209 -0.0111542 -0.00242998 0.00748678 -0.00619618 -0.00410501 0.00160868 0.000244825 -0.00548346 -0.00531267
internal_weight=238816 91692.8 147123 62687.1 57665.5 118563 29005.6 28560.5 71484 5021.63 49802.7 1451.88 55673.4 27567.4 23712.7 48350.9 19054.9 28105.9 19998.9 14524.3 3628.38 47078.8 15810.6 10065.5 4847.73 1588.68 20924.5 920.097 5745.17 13221.2 45745.1 33456.2 26201.9 23739.3 20187.6 20084.4 14576.7 6006.32 8570.41 2745.3 5825.11 7862.78 12408 3865.71 5140.95 1433.11 12270.5 9126.54 3405.87 424.917 2156.76 8106.99 6281.67 4861.2 1420.47 3707.84 5720.66 3366.4 14894.7 31168.4 8512.55 7254.28
internal_count=524188 178209 345979 117545 109528 286832 60664 59147 167262 8017 96752 2914 130714 66556 48849 93838 55397 64158 46317 35551 9538 119570 36548 27499 10298 2954 43018 2651 9049 32153 115600 64439 51293 47532 41771 39311 23967 8303 15664 4795 10869 12776 18532 5022 9699 2808 29978 24138 5804 730 3697 17841 15729 12625 3104 6891 18334 4959 29399 91633 11159 13146
is_linear=0
shrinkage=0.05


Tree=49
num_leaves=63
num_cat=1
split_feature=8 7 7 28 8 22 2 20 22 32 22 0 8 2 8 9 13 31 6 13 2 24 3 1 20 8 32 16 7 7 32 17 31 15 13 15 23 12 1 26 8 2 1 8 17 32 31 3 24 2 16 32 32 20 17 31 16 8 3 31 17 8
split_gain=204.622 192.515 110.342 95.0835 91.4074 79.4189 70.4522 89.6804 65.9893 64.6301 60.6087 65.9454 59.7021 58.847 53.0666 73.1851 51.9806 48.9272 47.4224 47.3455 47.0068 46.8504 46.7121 46.0887 42.9951 42.5837 42.0548 42.014 40.0758 38.8881 37.7005 35.242 43.0969 35.2319 38.3885 37.4379 34.0311 33.3985 32.3051 31.6589 31.5178 31.3758 30.9345 37.8518 30.702 30.1646 30.6609 29.331 28.6472 28.6249 28.2961 27.974 46.7605 27.6773 27.2772 27.0177 26.6953 26.6351 26.4862 26.1298 28.1439 27.4699
threshold=41.994000000000007 44.666500000000006 28.957500000000003 14.133333603541059 14.115 16.600000103314724 4.5000000000000009 358.50000000000006 18.66666674613953 76.045000000000002 17.700000206629436 0 -0.79499999999999993 1.5000000000000002 122.49900000000001 87.398500000000027 32.715000000000011 29.381500000000003 2.5000000000000004 10.005000000000001 2.5000000000000004 579.50000000000011 3.5000000000000004 4.5000000000000009 7.5000000000000009 145.27400000000003 70.445000000000007 38.856875000000009 125.73850000000002 80.383500000000012 81.77500000000002 -4.6499998569488517 43.532500000000006 27.425416666666671 4.9650000000000007 2.2036041666666644 15.050000190734865 60.269000000000005 15.500000000000002 -0.84999999403953541 94.848500000000016 1.5000000000000002 5.5000000000000009 99.450500000000019 0.35000000894069677 77.547500000000014 57.902500000000011 3.5000000000000004 495.50000000000006 5.5000000000000009 -0.16458333333333838 68.265000000000015 70.042500000000018 7.5000000000000009 3.2500000000000004 79.51900000000002 0.7274583333333392 8.7525000000000031 11.500000000000002 32.682000000000009 1.0500000119209292 168.35900000000001
decision_type=2 2 2 2 2 2 2 10 2 2 2 1 2 2 2 2 2 2 2 2 2 2 2 2 8 2 2 2 2 2 2 2 2 2 2 2 2 2 2 2 2 2 2 2 2 2 2 2 2 2 2 2 2 10 2 2 2 2 2 2 2 2
left_child=2 5 4 8 12 9 10 17 18 19 11 23 -1 26 15 -5 24 22 28 -2 -21 33 -8 57 -6 -10 54 31 40 -25 -24 -13 -33 34 -15 45 59 39 -9 -19 -3 -20 -7 48 -12 46 58 -22 -44 -23 -26 -34 -53 -52 -14 -41 -11 -4 -36 61 -61 -16
right_child=1 3 6 14 16 42 7 38 25 56 44 27 13 21 36 -17 -18 37 41 20 47 49 30 29 50 -27 -28 -29 -30 -31 -32 32 51 -35 35 -37 -38 -39 -40 55 -42 -43 43 -45 -46 -47 -48 -49 -50 -51 53 52 -54 -55 -56 -57 -58 -59 -60 60 -62 -63
leaf_value=0.089226182969884993 -0.72880258932837505 0.12626964654893028 0.77395690165215647 -0.0014347459317091806 -0.14175683201993169 -0.68069039701465073 0.85548850362756967 -0.19092765466912606 -0.30569301194725224 1.4619950215759774 0.39123702143545425 1.4557693677464285 0.14443167175783886 -0.03126256116685746 -0.23816426232550614 0.29110424218501302 -0.008064127584770998 -0.18887884284870904 -0.0042835088589217923 -0.1224254276190397 -0.87850817960989736 -0.066106872601885067 0.23228718501499604 0.59245155731778032 0.62818855461389722 -2.2186650898367111 0.1602569348362208 -0.15119332257555987 0.62267129756415229 1.9390727330433972 -0.31865823648481956 -0.033279953515310372 -0.18358537200199396 -0.045481249185889944 0.092368188314470606 0.0037719565149311601 -0.5311480020474747 0.51115828733991664 0.097936441406564378 0.036525694747249829 -0.36235825788721876 -0.29676206109675823 -0.2225263468543055 -1.2711952714852679 -0.065970948797784076 0.67336513153634137 -0.26910639443455031 -0.38226395060603657 -0.57270446684525467 -0.14390223828368273 1.0526981699284998 2.0728043594599508 0.2879051726365629 -0.065519415623864138 -0.014571271069555081 -0.29884401007359535 -0.031330633955421308 -0.01515197719627448 -0.12801016363725271 0.37776105659319903 -0.18312836302005062 -2.3841677287887806
leaf_weight=4070.9889497309923 1103.2971899658442 3956.437094643712 731.71253716945648 11885.140991672873 8138.4504135996103 2084.5497289299965 845.75369529426098 2631.3361550569534 7238.5469948798418 425.48204410076141 1341.1240594238043 747.99288409948349 2462.6123245060444 6014.2815629094839 1021.6394262611866 9111.2171064913273 14013.642564535141 962.7644075602293 7921.9882642626762 6246.6352999359369 1579.107941865921 3083.5044629573822 803.48351937532425 5255.7782755792141 348.78045329451561 1190.6552770137787 6332.3511086404324 2095.6655730605125 2235.6120720505714 1982.8004130721092 222.87989950180054 3265.7811107486486 327.87923568487167 7035.276370242238 5259.3372906297445 20238.711546584964 1384.8572044819593 1619.4438879489899 790.45407818257809 10810.11575242877 2240.6616467982531 14945.446802377701 5277.1062030494213 2310.924245133996 5030.7462037205696 1217.8291425704956 262.79870170354843 4095.0342879146338 977.89862377941608 810.08798630535603 171.85724909603596 576.67791712284088 2530.6450143456459 10553.267945095897 5906.2123968601227 244.56744790077209 5873.2778067588806 1898.0386949926615 511.97455927729607 1382.5364742577076 2703.6691099405289 360.67739437520504
leaf_count=12410 2358 8285 1711 26763 19787 4525 3893 5059 14205 511 3168 1881 6811 16276 1808 15430 30342 2488 15420 16089 4003 6576 1863 13104 543 1907 11923 3820 3537 4214 382 9301 586 17712 16651 46217 2336 2497 1669 21338 3766 28152 11953 4539 11544 1461 295 9044 1964 1548 1047 781 3030 26555 16963 253 8377 4479 1772 2394 4056 634
internal_value=-0.000648077 -0.00240898 0.000568954 -0.000929682 -0.000383019 -0.00574411 0.00262191 0.00030562 -0.00249992 -0.00383299 0.0043224 0.00571115 0.0007331 0.000329854 0.00131036 0.00255729 -0.00250618 0.00192218 -0.00144234 -0.00584383 -0.00492582 -0.000577412 0.0094995 0.00857534 -0.00419514 -0.00642639 0.00307189 0.00273739 0.00176241 0.0106434 0.00232524 0.0044997 0.0033494 -7.41962e-05 0.000601258 0.00139289 -0.00250962 0.000881318 -0.00701973 -2.72759e-05 -0.000308172 -0.00262416 -0.00921071 -0.00787969 9.11229e-05 0.00447508 0.0030253 -0.0082198 -0.00585782 -0.00581555 -0.0021671 0.00725823 0.00872391 -0.00262329 0.000745462 0.000730376 0.000325139 0.00291349 0.00378665 -0.000735907 0.00127458 -0.00667565
internal_weight=238700 97552.4 141148 67579.1 96432 29973.3 44715.6 18930.8 39729.3 19322.8 25784.8 19413 63206 59135 27849.7 20996.4 33226 15509 31300.1 13024.1 11920.8 44433.8 1872.12 9868.33 19212.4 8429.2 14701.2 9544.64 8432.71 7238.58 1026.36 7448.98 6700.98 40540.2 33504.9 27490.7 6853.38 13636.9 3421.79 12017.4 6197.1 22867.4 10650.5 8565.93 6371.87 7251.94 6034.11 5674.14 6255 3893.59 11073.9 3435.2 3107.32 10725.1 8368.82 11054.7 6298.76 2629.75 5771.31 5468.52 4086.21 1382.32
internal_count=524006 192056 331950 128693 234889 63363 97061 39442 75272 40382 57619 42907 156615 144205 53421 42193 78274 32714 59160 31494 29136 108508 6138 23508 47932 16112 35697 19399 15588 17318 2245 15579 13698 100384 82672 66396 11228 26576 6728 24079 12051 43572 22981 18456 14712 20179 18718 13047 13917 8124 28145 4397 3811 27602 23774 21591 8888 6190 18423 8892 6450 2442
cat_boundaries=0 1
cat_threshold=12
is_linear=0
shrinkage=0.05


Tree=50
num_leaves=63
num_cat=0
split_feature=8 7 7 27 21 21 7 2 10 8 10 13 9 8 21 32 8 2 6 1 17 12 13 31 5 31 3 3 24 16 8 2 30 24 13 16 21 27 31 31 2 32 32 32 31 8 32 31 32 32 23 7 11 16 9 2 3 8 5 1 8 17
split_gain=190.352 153.467 149.721 111.214 99.7143 79.1848 76.9418 73.6516 70.4069 66.6024 65.0142 84.8978 59.7691 61.0478 46.2438 44.1306 43.3881 42.3526 41.3461 40.344 39.9792 38.0523 37.7348 35.303 33.7812 33.4579 41.726 33.0827 33.0339 32.8033 31.9237 35.4926 53.2378 43.7525 32.1587 31.4507 31.2893 31.1584 30.6691 29.5992 40.3039 28.8087 28.3895 28.3441 27.7175 26.9499 26.7123 26.5605 33.7791 25.912 25.9081 25.8031 28.8616 25.6902 25.5354 25.3382 25.3222 25.2082 25.1414 24.7571 24.392 24.2102
threshold=67.25500000000001 75.326500000000024 75.326500000000024 17.44999980926514 12.949999928474428 6.5999999493360528 24.474000000000004 4.5000000000000009 200.53172500000002 24.771500000000003 18.5566 28.920000000000005 129.21750000000003 145.27400000000003 19.750000238418583 67.652500000000018 168.35900000000001 3.5000000000000004 2.5000000000000004 16.500000000000004 8.5500001907348651 48.750000000000007 51.340000000000011 79.51900000000002 1.0000000180025095e-35 47.032000000000004 11.500000000000002 3.5000000000000004 311.50000000000006 -0.35095833333333343 -6.4449999999999994 3.5000000000000004 10.500000000000002 557.50000000000011 12.261000000000001 103.70833333333336 19.625000000000004 8.4500002861022967 32.297000000000004 48.699500000000008 4.5000000000000009 75.987500000000011 60.722500000000004 73.037500000000009 27.345500000000005 6.1925000000000017 81.855000000000018 43.532500000000006 76.390000000000015 65.717500000000015 12.650000095367433 119.44100000000002 109.05460416666669 -0.35095833333333343 92.264500000000012 4.5000000000000009 8.5000000000000018 112.444 1.0000000180025095e-35 4.5000000000000009 -3.2384999999999997 2.9500000476837163
decision_type=2 2 2 2 2 2 2 2 2 2 2 2 2 2 2 2 2 2 2 2 2 2 2 2 2 2 2 2 2 2 2 2 2 2 2 2 2 2 2 2 2 2 2 2 2 2 2 2 2 2 2 2 2 2 2 2 2 2 2 2 2 2
left_child=1 3 4 5 16 20 9 18 12 38 30 29 15 -14 37 50 17 59 21 28 25 -3 -6 24 35 26 47 -27 -9 -12 -7 32 -32 44 -34 51 41 -13 -5 56 -41 -11 -40 -26 -33 -28 58 48 49 -1 -4 52 57 -44 -46 -55 61 -17 -8 -2 -57 -39
right_child=2 7 8 6 22 10 46 19 -10 36 11 14 13 -15 -16 23 -18 -19 -20 -21 -22 -23 -24 -25 43 27 45 -29 -30 -31 31 33 34 -35 -36 -37 -38 39 42 40 -42 -43 53 -45 54 -47 -48 -49 -50 -51 -52 -53 -54 55 -56 60 -58 -59 -60 -61 -62 -63
leaf_value=0.41733547552322348 -0.35715704001578041 0.73371792990781437 -0.31829572846797538 0.12899697179710029 -0.94125626699077503 0.26627940897161223 0.31751447938622024 0.024533919026717046 -3.0404585209302293 -0.17840585611185525 0.23319746739079911 -0.15545884570899418 0.51752605436436194 -0.30943916201700894 -0.21868390241925742 0.065087254048328755 -2.261251515918842 -0.50201211999257089 0.38108433887959142 0.38786449329741179 -0.0024825411639165075 1.4007207274436486 -0.61573896606478662 -1.6520029684269941 -1.8675594001493758 -0.35853089554538087 1.6338008622924631 0.15988611846943379 -0.23229981160453203 -0.18449374895238677 -0.020327347785791441 0.46128057312124859 -0.010814482936333442 -0.10188328289686857 0.12989229158128551 -1.5126624726691622 -0.25235943811770661 0.29864770815226904 -0.13282910391402672 -0.04135452329540748 -0.41541229008133823 0.11534464067721602 0.89988775159115963 0.16180912092233929 -0.017975505256218226 -0.3843155764734516 1.3071154856460665 0.98563487999794619 1.1910103936090746 -0.074062038276308112 -0.91289451064649585 0.1574693934804885 -0.17128570414363847 0.064057649561288163 0.33640796811607826 0.23438091874360456 -0.12643725508906423 -0.24647843944320594 -0.3435558360346801 -0.026303514335262259 -0.024604809026433097 0.037617808769140205
leaf_weight=1966.1173266172409 2235.9507568776608 2483.5403817296028 2813.5378819555044 4001.5475209653378 3021.0760809928179 428.92214515805244 8029.7300120741129 5403.0685205757618 911.39435578882694 4539.1765154004097 332.22582104802132 10301.725793167949 4906.6813166737556 2425.6535021215677 3034.5120952278376 9158.8862541019917 828.33672177791595 4784.1273741424084 6516.6353098899126 2775.1962670087814 9376.6726859658957 1865.5784361511469 6891.4962594509125 422.00534862279892 487.42757834494114 647.84906852245331 193.02327331900597 1018.3274940550327 1150.6057641655207 8676.3530207276344 13117.17865973711 253.48799265921116 3204.1010263860226 2682.9234609156847 8343.3033691048622 351.74050787091255 748.55045318603516 2436.3485807180405 621.97043147683144 4537.9445913732052 1644.3562251329422 2292.1054510772228 464.53046822547913 211.49659639596939 22291.799661710858 597.1077162027359 782.17437797784805 1091.8991872370243 745.44265556335449 1194.4796404987574 1310.5010367482901 8548.9399667531252 4117.8244192302227 11641.203329801559 249.12966437637806 277.41577853262424 3634.8470768779516 3288.4974150210619 328.3501620143652 10195.133009552956 5956.690815448761 9432.6875810325146
leaf_count=8301 4047 5071 7818 9637 6486 1367 20165 10148 1475 12265 501 25063 7767 3513 6543 15128 1450 9316 12603 5291 21519 3526 13129 436 691 1502 410 1391 1779 20461 34226 1051 8551 5691 19739 865 1637 9108 2172 5835 2176 3189 690 300 54658 1246 1186 1815 1351 2990 3376 13030 6215 28288 445 825 8485 5216 862 20650 13486 25128
internal_value=-0.000614069 0.000269246 -0.00287558 -0.000277839 -0.00566744 -0.00108729 0.00199511 0.00436289 -0.000871883 0.000790638 -0.00164949 -0.00305421 -0.000542679 0.00351299 -0.00194058 -0.00151107 -0.00345381 -0.00291549 0.00716057 0.00110388 0.00207257 0.0109358 -0.00969608 -0.000764473 -0.000532794 0.00480541 0.00660242 -0.00143736 -0.00103592 -0.00738292 -0.000426398 -0.000542711 0.00080928 -0.00185155 0.00328497 -0.000234942 -0.00327301 -0.00138085 0.00213207 -0.000305258 -0.00323022 -0.00220861 0.00129249 -0.0113694 -0.00114052 -0.0040705 0.00601946 0.00829019 0.00636013 0.00409926 -0.00632286 -2.67002e-05 -0.00117803 0.00164896 -0.00132572 0.00134689 0.000861229 2.24808e-05 0.00519131 -0.00137673 -0.0012254 0.00197946
internal_weight=238222 171311 66910.7 151116 27956.1 111433 39683.4 20194.6 38954.6 30543.2 94601.8 44031 38043.2 7332.33 35022.4 30710.9 18043.5 17215.2 10865.8 9328.87 16830.9 4349.12 9912.57 26586.8 26164.8 7454.25 5788.07 1666.18 6553.67 9008.58 50570.8 50141.9 24664.6 25477.3 11547.4 25465.9 7579.83 31987.9 22963.4 21686.2 6182.3 6831.28 18961.8 698.924 22794.4 790.131 9140.25 4997.94 3906.04 3160.6 4124.04 25114.1 16565.2 18339.8 22540.9 17875.3 15503.9 12447.4 8358.08 12431.1 6234.11 11869
internal_count=523281 402373 120908 363955 55078 269553 94402 38418 65830 72189 229028 103300 64355 11280 82338 53075 35463 34013 21200 17218 40525 8597 19615 41881 41445 19006 16113 2893 11927 20962 125728 124361 62516 61845 28290 40454 17091 75795 55098 50732 8011 15454 45461 991 56154 1656 22213 14457 12642 11291 11194 39589 26559 43289 55103 42599 42721 20344 21027 24697 14311 34236
is_linear=0
shrinkage=0.05


Tree=51
num_leaves=63
num_cat=3
split_feature=22 10 0 21 0 1 21 3 3 10 31 2 31 1 3 9 2 10 31 9 10 2 24 6 17 3 31 10 12 1 0 5 3 16 31 3 14 3 2 10 31 31 3 3 5 3 2 14 24 5 18 3 31 21 23 14 17 22 2 31 20 10
split_gain=196.989 131.359 120.618 115.264 119.01 88.2122 71.4284 85.6176 66.2258 69.355 58.7389 62.1062 65.8247 64.4866 59.0447 68.1994 61.0288 56.5899 73.8935 55.6588 55.1341 54.2027 53.9247 52.3527 46.9594 53.0179 46.1953 44.236 43.3396 42.9727 42.2944 41.8455 40.3677 40.3524 38.6951 38.03 38.9248 37.3561 37.0642 39.29 37.0474 35.8665 98.9908 52.1083 50.8999 44.0572 39.5925 39.2483 38.4192 34.0615 34.0033 33.3452 56.2048 36.0608 32.8989 32.6294 32.4336 32.1974 31.7443 30.8352 35.2396 34.6445
threshold=12.866666555404665 26.25075 0 12.199999898672106 1 6.5000000000000009 7.9500000774860391 11.500000000000002 1.5000000000000002 162.09627500000002 33.907500000000006 5.5000000000000009 45.110500000000009 16.500000000000004 3.5000000000000004 13.118500000000003 4.5000000000000009 40.063000000000009 29.381500000000003 53.69100000000001 133.42172500000001 4.5000000000000009 417.50000000000006 4.5000000000000009 4.0499999523162851 4.5000000000000009 77.191000000000017 67.276500000000013 4.9800000000000013 20.500000000000004 2 1.0000000180025095e-35 2.5000000000000004 14.872979166666671 72.144500000000008 5.5000000000000009 66.781946428571445 4.5000000000000009 4.5000000000000009 45.567025000000001 31.817500000000003 40.448500000000003 5.5000000000000009 7.5000000000000009 1.0000000180025095e-35 6.5000000000000009 4.5000000000000009 25.822288690476189 1.0000000180025095e-35 1.0000000180025095e-35 18.250000000000004 3.5000000000000004 30.776500000000002 16.650000214576725 16.349999427795414 41.202827380952385 15.550000190734865 21.733333071072899 1.0000000180025095e-35 61.875000000000007 1.0000000180025095e-35 6.4082500000000007
decision_type=2 2 1 2 1 2 2 2 2 2 2 2 2 2 2 2 2 2 2 2 2 2 2 2 2 2 2 2 2 2 1 2 2 2 2 2 2 2 2 2 2 2 2 2 2 2 2 2 2 2 2 2 2 2 2 2 2 2 2 2 10 2
left_child=2 10 22 5 20 -3 23 17 50 21 14 12 -12 -13 16 -16 28 18 -8 59 24 29 34 -4 -5 -26 -23 33 -2 31 -19 54 -32 -6 38 36 -35 40 39 -1 -20 -39 44 45 -43 47 48 -44 -45 -41 -7 52 -34 -53 -10 -17 -11 -27 -9 60 -14 -62
right_child=1 3 6 4 27 8 7 58 9 56 11 13 19 -15 15 55 -18 30 37 -21 -22 26 -24 -25 25 57 -28 -29 -30 -31 32 -33 51 35 -36 -37 -38 41 -40 49 -42 42 43 46 -46 -47 -48 -49 -50 -51 -52 53 -54 -55 -56 -57 -58 -59 -60 -61 61 -63
leaf_value=0.9872911132718013 -0.23253291892202965 -0.24790588752671672 0.17105198854594139 0.11130296336377157 -0.071413162599596181 0.035358690368956849 0.89125566555811386 0.53490141273105485 0.19946621425280534 -2.4112667603576252 -0.029492487135858704 -0.090858893152161058 -0.016269377210991798 0.068417592531448537 0.044297766730766776 -0.090134478043573663 1.7968177554539935 -0.05169435338962345 1.3101227277995946 0.48564880467841348 -1.4122253576670645 -0.16743974594681543 -0.10594758311046269 -0.0061492860948968667 -0.57391152544075474 -0.066429942803108766 -0.81638993407799421 -1.0219188054995563 0.79478875213309608 -0.22872672017137852 0.13747228936727468 -1.0074977568744312 0.44785358511976625 -0.33646867893614574 2.3338529622144457 -0.19115594455640289 0.37775736060281018 -0.0072739288813754134 0.0696905775775081 0.34251794670006191 -0.056246701857076434 1.2414017257660708 0.85075475287037472 0.092566045210607947 -0.47016140025210618 -0.11017664690903169 -0.040790780986931542 -0.11733583434057571 1.042684926417913 -1.1009626621742947 0.55518545384247531 -0.29145649993644807 -0.8499258848019704 -0.63563137137557746 -0.12358630084044404 0.18406451857272046 -0.17614969798314065 -0.3118020495840515 -0.21802861887501168 -0.10480035466367799 0.46780293834242742 0.060483421686758826
leaf_weight=4059.8575766682625 475.67550481855869 11500.332486256957 13250.152867659926 4550.2661665827036 2361.4604288041592 1847.1314505040646 904.99493829905987 170.17300942540169 13743.75190281868 977.13714282214642 16584.386368155479 7308.9252873659134 4904.6312536001205 1839.335646212101 8725.2117728739977 4866.5483071506023 709.6213067471981 8654.2296973913908 155.15508508682251 1925.4950117766857 2346.7813362032175 5273.172192260623 3169.9031215310097 11342.300239175558 3614.0402455925941 9702.5441552698612 383.24488914012909 3688.6853314191103 837.64062517881393 3838.2693229615688 1074.7168603539467 323.22300636768341 152.16116242110729 2228.1721214205027 873.19047796726227 2804.0203067809343 171.08574941754341 13983.554481878877 5914.7727748304605 11271.646044790745 8741.5274161845446 1527.7482533454895 683.51541393995285 1665.391180574894 157.83026468753815 2466.2795430719852 1646.6558739840984 1118.9570220112801 1533.6312427222729 342.93554399907589 2218.4842414110899 3764.1554300487041 846.93597501516342 752.69749590754509 3259.1419771015644 1541.1941238790751 458.31596176326275 2826.5556993335485 2174.8124834895134 2050.1562598347664 1012.0586865842342 5495.8797287940979
leaf_count=11163 1199 22540 28270 10883 7268 3925 3706 458 29234 1582 51748 14811 11964 4210 20780 13337 2245 16233 726 3208 3955 11772 6370 24589 8765 18573 395 6040 2053 7714 2734 956 886 3910 895 4204 271 40995 13420 23575 20364 2016 978 2912 212 2919 2130 1379 2265 716 3766 6606 1392 1219 6794 3436 566 5759 5204 2191 1875 7700
internal_value=-0.000596838 -0.00184116 0.00106055 -0.00318139 -0.00535249 -0.00148228 6.86703e-05 -0.000978414 -0.000144115 -0.00100268 -4.4654e-05 -0.00106998 -3.05214e-05 -0.0047024 0.00241285 0.00134006 0.0104335 -0.000538929 0.000579772 0.00232462 -0.00328877 -0.000429397 0.00402947 0.00229013 -0.00246623 -0.00373074 -0.00477681 -0.00956566 0.00404339 0.000732668 -0.00307674 0.00179312 -0.00609042 -0.0073834 0.00489254 -0.00984318 -0.0144637 0.000200716 0.0044747 0.00574727 -0.00257838 0.00119841 0.00336262 0.00130339 0.0144901 -0.00272424 0.00485133 0.00321652 0.00809311 0.00426661 0.00582171 -0.0078267 -0.0160895 -0.00599587 0.00213231 -0.00257653 -0.0117064 -0.00219142 -0.0103131 0.00118704 0.0022013 0.00461301
internal_weight=238792 136393 102400 78115.8 34293.6 43822.2 76767.6 52175.1 32321.9 28256.3 58276.8 41120.9 31972.6 9148.26 17155.9 15133 2022.94 49830.1 34585.2 15388.2 23040.2 26820.8 25632.3 24592.5 20693.4 16143.1 5656.42 11253.4 1313.32 21164.4 15244.9 17326.1 6590.67 7564.74 22462.4 5203.28 2399.26 33680.2 21589.2 15674.4 8896.68 24783.6 10800 9114.43 1685.58 4268.75 4845.68 1802.47 3199.02 11614.6 4065.62 5515.95 999.097 4516.85 17002.9 6407.74 1435.45 12529.1 2344.99 13462.7 11412.6 6507.94
internal_count=523961 299629 224332 158872 69628 89244 168193 115334 66704 59013 140757 97707 78686 19021 43050 37553 5497 109672 80602 26938 47935 56865 56139 52859 43980 33097 12167 21693 3252 44698 29070 36984 12837 15653 49769 8385 4181 76896 48874 35454 21090 55806 14811 12583 2228 5276 7307 2357 5177 24291 7691 10103 2278 7825 36028 16773 2148 24332 5662 23730 21539 9575
cat_boundaries=0 1 2 3
cat_threshold=8 12 4
is_linear=0
shrinkage=0.05


Tree=52
num_leaves=63
num_cat=3
split_feature=21 8 0 24 0 8 24 2 32 3 31 17 17 8 32 8 7 31 3 3 15 31 3 31 17 3 21 23 31 8 25 31 17 24 31 3 31 2 14 31 3 31 8 3 9 2 8 15 24 0 8 17 9 10 19 32 3 32 7 23 8 16
split_gain=173.292 162.426 125.457 91.0479 99.9687 81.4501 84.9683 71.8228 69.5946 83.8413 67.3699 65.7917 64.7471 61.8524 60.7047 55.0202 53.139 52.9256 52.2253 87.0473 53.4235 53.2508 80.252 75.1422 63.2725 52.7488 48.8231 47.6396 47.2181 47.1953 47.1357 47.0926 45.647 46.8765 43.8684 42.7208 42.409 41.5225 40.8128 40.6775 39.5879 38.0681 37.7163 46.7365 51.5426 37.5446 40.8134 37.3744 36.0186 35.642 64.706 35.8716 34.9751 34.002 40.8023 33.5254 46.0391 56.0524 33.152 33.0911 32.0227 31.6938
threshold=8.8000002801418322 88.996500000000012 0 667.50000000000011 1 2.2310000000000003 2.5000000000000004 3.5000000000000004 72.690000000000012 8.5000000000000018 79.51900000000002 3.3500000238418584 1.6500000357627871 226.77150000000003 74.335000000000022 93.801500000000019 93.268500000000003 75.473500000000016 6.5000000000000009 7.5000000000000009 31.092083333333338 39.895500000000006 3.5000000000000004 47.032000000000004 1.4499999880790713 11.500000000000002 22.000000238418583 15.750000000000002 65.46050000000001 105.93500000000002 18.650000572204593 57.902500000000011 4.6499998569488534 1.0000000180025095e-35 45.876500000000007 5.5000000000000009 42.415500000000002 4.5000000000000009 44.872901785714291 50.141000000000012 11.500000000000002 63.610500000000009 76.711500000000015 6.5000000000000009 76.466500000000011 3.5000000000000004 12.031000000000001 48.06506250000001 407.50000000000006 2 74.715000000000018 -2.2499999999999996 24.961000000000002 9.6217500000000005 8.9499998092651385 69.822500000000005 5.5000000000000009 70.850000000000009 105.45150000000002 6.6499998569488534 -3.2384999999999997 22.882708333333337
decision_type=2 2 1 2 1 2 2 2 2 2 2 2 2 2 2 2 2 2 2 2 2 2 2 2 2 2 2 2 2 2 2 2 2 2 2 2 2 2 2 2 2 2 2 2 2 2 2 2 2 1 2 2 2 2 2 2 2 2 2 2 2 2
left_child=7 3 13 4 11 60 12 17 -4 -10 14 40 38 16 15 55 -3 18 20 31 21 24 23 -23 30 32 37 28 39 36 52 -20 49 -34 42 -22 -24 41 -7 58 -2 -8 43 -16 -45 46 -41 -43 -39 -21 51 -51 -1 -14 -55 59 57 -57 -13 -9 -6 -35
right_child=1 2 8 -5 5 6 26 10 9 -11 -12 27 53 -15 34 -17 -18 -19 19 25 35 22 29 -25 -26 -27 -28 -29 -30 -31 -32 -33 33 61 -36 -37 -38 48 -40 45 -42 47 -44 44 -46 -47 -48 -49 -50 50 -52 -53 -54 54 -56 56 -58 -59 -60 -61 -62 -63
leaf_value=-0.091166435094623577 0.84529390589169096 -0.47090130159062582 -1.3929472137508883 -0.14433713544878532 0.16656498767823474 -0.051737196424428825 0.012710248753787312 0.11789877420574567 -0.13212777517639901 -1.2797198104256688 -0.50053999414470562 0.10805597433355894 -0.019564663709619984 -3.9361786447323994 0.58655161826215652 -0.82245046187830662 -0.027361755513291942 2.0244168066495427 -0.077297101344380489 1.7034000201913142 -0.40102499427007343 0.54771634673223102 0.016448287872278654 -0.35606485271000665 -0.087498320965743517 -0.18291285086852849 -0.10228085743153525 -0.14202092062195323 1.1971887264999974 0.15689611801713665 0.040008183469993776 -0.67729291899072697 -0.03964335749007223 0.11137800561005379 -0.016053964881316496 0.30604928254210312 1.1263106688532425 -0.02109757048307517 0.13183327074147896 3.9276255760553704 -0.27565379935883483 0.56866372857246983 0.0071899136952228385 0.024794605246846582 2.1220007642219714 -0.45631795075294268 -0.37030828901573953 -0.30324012062814082 -0.13005840994888676 2.4739836469040557 -1.955494429837189 0.31784406331305637 0.67129784175087137 -0.067805988405834502 -0.1942626760472447 -0.3265029692762742 -0.19567439059053596 0.51067492394267133 0.89623403155274117 -0.034358944319939959 0.018352554530553067 0.93325715116513774
leaf_weight=608.32821746170521 2806.0208505392075 9350.860064432025 2315.1777725815773 5402.3730674386024 794.00085997581482 9055.1992811560631 30389.595356553793 3892.1361697614193 2662.2821645736694 1522.8808656036854 805.12372368574142 13228.320140108466 7099.2437252253294 675.10157236456871 1589.2784428596497 1812.9435551762581 11656.460567399859 1206.6163935661316 5166.6699538528919 751.8091279566288 1410.2300004512072 1544.4808006286621 555.36865293979645 1389.1675550043583 4453.215774551034 2454.5885269343853 2642.2585664391518 3678.2832780629396 1305.0227350592613 1414.785201728344 3274.1448495686054 491.23589032888412 5316.3512002527714 3161.8099247962236 6661.6312589049339 781.31157964468002 4126.8090990483761 10565.870827913284 4670.6117576807737 356.24858605861664 527.08726409077644 1981.4375157952309 2422.9516803622246 2373.5395474433899 505.51115193963051 1081.5496438145638 840.37300607562065 297.55295830965042 2475.5905876457691 496.14530822634697 282.72788465023041 873.36346343159676 3136.9245196133852 4386.2355588376522 14561.44195689261 882.56088900566101 2540.418654307723 1471.1086775362492 1491.9161540865898 8296.1261842250824 12272.33803626895 2344.6228615045547
leaf_count=1972 7274 17868 4335 10861 2377 24012 71854 11225 4052 2058 831 36396 16818 1276 2311 3298 19686 1242 11790 1540 3697 3901 932 3672 16114 5003 5678 9060 1356 1839 6846 560 10337 6916 7829 1914 5535 23057 11742 422 1158 2071 3840 4000 822 1314 1073 302 4721 1059 543 2153 8025 8245 29875 1777 5697 2592 3388 26207 31891 3611
internal_value=-0.000583367 -0.00152693 -0.00497242 -0.000790757 -0.000519269 -0.00122225 -0.0017686 0.00134106 -0.0110605 -0.00722674 -0.000423067 0.0022903 -0.00348042 -0.00314025 -6.83465e-05 -0.00189989 -0.00266248 0.00263772 0.00235446 0.000578631 0.00402412 0.00481724 0.00768915 0.000893603 0.00255615 0.00249682 -0.000360486 0.00129844 0.00234193 0.0109582 0.00551341 -0.0047373 0.00374605 0.0023612 0.00248511 -0.00339476 0.013376 2.15749e-05 -0.000701292 0.00163791 0.00883611 0.000973722 0.00528166 0.00800502 0.00420323 -0.00457813 0.00152448 0.00720498 -0.00236343 0.00997695 0.0057389 0.01027 0.00934357 -0.00494484 -0.0060506 -0.00102064 -0.00451575 0.000522733 0.00260018 0.000383051 0.00246147 0.0055941
internal_weight=238585 160091 28182.8 131909 126506 101191 88125 78494 6500.34 4185.16 33253.3 25314.8 39772.7 21682.4 32448.2 18895.3 21007.3 45240.7 44034.1 21339.3 22694.8 20503.2 9030.61 2933.65 11472.6 15681.4 48352.3 21981.7 18303.4 6096.96 7019.4 5657.91 13226.8 10822.8 13552.9 2191.54 4682.18 45710 13725.8 16998.4 3333.11 32668.6 6891.28 4468.33 2879.05 2278.17 1196.62 2278.99 13041.5 2404.05 1652.24 1369.51 3745.25 26046.9 18947.7 17082.4 4894.09 2353.67 14720.2 12188.3 13066.3 5506.43
internal_count=523850 354220 49275 304945 294084 232643 198375 169630 10445 6110 70429 61441 90692 38830 69598 50796 37554 99201 97959 43512 54447 48836 15879 7573 32957 31162 107683 53009 43949 8306 16843 12350 26159 20864 18802 5611 6467 102005 35754 42593 8432 74227 10973 7133 4822 2809 1495 2373 27778 5295 3755 3212 9997 54938 38120 47498 10066 4369 39784 37432 34268 10527
cat_boundaries=0 1 2 3
cat_threshold=12 8 12
is_linear=0
shrinkage=0.05


Tree=53
num_leaves=63
num_cat=1
split_feature=5 22 31 0 10 7 31 28 10 14 1 24 10 7 3 31 31 32 14 21 16 31 10 10 4 16 26 16 32 1 31 16 24 25 10 4 14 15 24 3 4 10 1 3 3 3 4 31 3 23 1 10 9 24 23 31 31 3 31 20 32 9
split_gain=174.157 172.044 119.829 110.649 101.429 137.068 94.5624 84.676 81.7812 81.0348 79.1783 70.8839 57.4573 58.217 51.4043 50.6743 50.2314 67.2459 54.6819 49.8884 46.2794 44.5069 42.4321 42.0608 47.1621 42.5353 41.6144 41.1915 39.5416 38.9653 38.7488 38.7169 38.5772 38.4327 37.0627 66.4244 36.5108 36.34 35.3416 34.9401 35.8581 34.1555 33.9888 32.8271 43.5959 34.1926 32.174 30.6462 44.92 48.4966 29.8697 31.5173 29.4633 29.2898 29.0435 28.7855 42.0735 31.3676 28.228 27.5191 27.2576 26.8787
threshold=1.0000000180025095e-35 13.166666726271313 79.51900000000002 0 26.25075 21.992500000000003 75.473500000000016 14.966666936874391 40.566000000000003 64.384791666666686 15.500000000000002 340.50000000000006 133.42172500000001 113.47100000000002 8.5000000000000018 29.307000000000002 40.067000000000007 74.407500000000013 27.826723214285717 19.349999666213993 50.22277083333335 65.46050000000001 175.43465 28.145150000000005 1.0000000180025095e-35 9.117500000000005 9.0500001907348651 1.4358333333333346 75.987500000000011 5.5000000000000009 30.776500000000002 34.638750000000009 1.0000000180025095e-35 14.34999990463257 33.159300000000009 1.0000000180025095e-35 64.384791666666686 19.544583333333339 557.50000000000011 3.5000000000000004 1.0000000180025095e-35 118.93170000000001 5.5000000000000009 4.5000000000000009 8.5000000000000018 7.5000000000000009 1.0000000180025095e-35 31.841500000000003 3.5000000000000004 11.250000000000002 21.500000000000004 65.806900000000013 144.52650000000003 12.500000000000002 15.750000000000002 43.532500000000006 48.699500000000008 3.5000000000000004 58.494000000000007 inf 68.397500000000022 6.0515000000000008
decision_type=2 2 2 1 2 2 2 2 2 2 2 2 2 2 2 2 2 2 2 2 2 2 2 2 2 2 2 2 2 2 2 2 2 2 2 2 2 2 2 2 2 2 2 2 2 2 2 2 2 2 2 2 2 2 2 2 2 2 2 8 2 2
left_child=1 3 4 6 15 21 10 12 20 27 11 23 13 42 52 19 47 18 -18 39 32 31 54 25 29 -1 -14 -10 30 55 -29 59 36 53 35 -13 -5 -19 -35 40 61 -31 -7 -32 45 -45 -4 48 49 -2 51 -12 -11 -17 -9 -25 57 -57 -22 -6 -36 -3
right_child=16 2 46 8 5 7 -8 22 9 14 50 34 26 -15 -16 33 17 37 -20 -21 58 -23 -24 24 -26 -27 -28 28 -30 41 43 -33 -34 38 60 -37 -38 -39 -40 -41 -42 -43 -44 44 -46 -47 -48 -49 -50 -51 -52 -53 -54 -55 -56 56 -58 -59 -60 -61 -62 -63
leaf_value=0.030878364271675098 1.4223162218834728 -0.083380096479953286 -0.48864314483758736 -0.016282989541510817 -0.31877657677747301 -0.3345639475460826 1.9387746029895458 0.099637856126418831 0.17802474758122591 0.1180242562679851 0.75620328678733884 0.30129928326457006 -1.9483637110119343 0.12460759634512193 -1.60832870957681 -0.089976476974530067 -0.10639373488743087 0.40086966910461669 -1.0490927645320165 -0.12389690458163281 -0.080995270789357726 0.035782338215596579 -1.5032150448975705 -0.15723115976958471 -0.24994527062283073 0.50906182848138981 -0.61727857377762951 0.1449180970108401 -0.19931345596578806 0.50433832326872552 -0.7560121966641099 -0.49785819911883222 0.064480222232852658 0.014501161949611508 -0.85239424332646729 -0.20335716669205364 0.53580721248272145 -0.38791311741351431 -0.053284772192922415 0.11041124831889003 1.762996403269149 -0.12958895254431102 -0.1370319677588645 -0.42276935661056925 -0.99073099603339443 2.6456095191191036 -0.47062678290764598 0.0041946718847135972 -0.35852159517575605 -0.29408636923429071 0.11656925808287744 0.34064258004000819 1.7648850931513289 -0.010643789106692688 -0.11635320996387684 -0.65895196765329089 -0.15544235247032523 0.56317203895191992 0.2452086632570156 0.65377073606708347 -0.25934968341824904 1.0146256700420895
leaf_weight=3273.1184033900499 393.27419938147068 467.23497804999352 1630.6737303733826 16940.924795508385 9908.7016368061304 6562.896117284894 1268.23230022192 18185.414520338178 692.86019049584866 2623.8849803209305 5115.8478762954473 2301.1909636706114 1560.8964680731297 6134.7163771390915 348.39084452390671 3815.3863628953695 1312.2844415605068 416.77028316259384 2062.7535038292408 619.4593291580677 4608.3365493714809 1622.1260153651237 720.95931260287762 4000.0454355031252 3886.7927204966545 4844.9051324129105 1685.2341510802507 359.58448372781277 2219.8342587947845 6774.0252912044525 1683.4426299780607 2566.5886217057705 18953.400164186954 36494.184571713209 860.11349026858807 1472.1520206481218 445.72227719426155 198.10650789737701 4200.4402943104506 1492.3818874061108 658.98816676437855 1831.1086742579937 17152.032431229949 1361.0258285850286 518.7066515982151 126.71083655953407 846.12906068563461 2025.4572526216507 1110.1029061973095 436.10119742155075 4587.595025703311 6463.6723423302174 333.55003869533539 4989.6132498830557 5051.2459982931614 128.07330766320229 1978.9085402786732 1385.3172728717327 629.63723206520081 146.12480568885803 1676.9762593060732 391.20641516149044
leaf_count=11092 1147 869 1686 39233 23278 12970 1305 36501 2961 4410 13468 5089 2945 10708 577 10121 3018 525 3172 1266 10113 1697 1273 9724 7880 10529 2236 2108 2779 15563 2964 4818 43039 89628 2318 3073 643 243 9509 3235 2067 3226 38318 1907 1183 273 873 5659 3377 1003 10203 12565 516 11230 10749 341 2706 2010 679 897 2364 1474
internal_value=-0.000611981 -0.000361042 -0.00159558 0.0011498 -0.00137875 -0.00261106 0.00278275 -0.00151561 -0.000483674 -0.00447956 0.00244498 0.00108898 -0.00315444 -0.00246723 0.00196613 0.000274989 -0.00788529 -0.0118455 -0.0146155 0.00597697 0.000503107 -0.00699857 0.000748363 0.00216432 0.000931337 0.00519908 -0.00947098 -0.00753999 -0.00881844 0.0021249 -0.011758 -0.00800048 0.00113645 -0.000143188 -0.00369942 -0.000556844 -0.00056444 0.00335765 0.000504891 0.00863616 0.0139764 0.00442011 -0.00359028 -0.0132846 -0.0089575 -0.004599 -0.0124833 -0.00389811 -0.0083886 0.000416066 0.00533108 0.00668376 0.00410758 -0.00313818 0.00111922 -0.000511442 0.00280497 0.00907773 -0.00389027 -0.00660017 -0.00837123 0.00722879
internal_weight=238552 230597 126903 103694 124426 71296.9 51848.1 57053.4 51846 10268 50579.8 34412.7 33095.8 29849.6 3305.83 53128.9 7954.85 3989.91 3375.04 3629.27 41578 14243.5 23957.6 28102.3 19984.3 8118.02 3246.13 6962.16 6269.3 16097.5 4049.47 12621.4 36340 49499.6 6310.43 3773.34 17386.6 614.877 40694.6 3009.81 1517.43 8605.13 23714.9 3689.89 2006.44 1487.74 2476.8 3964.94 1939.48 829.375 16167.1 11579.5 2957.44 8805 23236.7 7492.34 3492.3 1513.39 5237.97 10054.8 2537.09 858.441
internal_count=523333 505189 278348 226841 275789 146390 113456 115700 113385 19678 112151 75915 67177 61996 5503 129399 18144 6958 6190 8911 93707 30690 48523 63071 41450 21621 5181 14175 11214 33570 8435 28993 82915 120488 12844 8162 39876 768 99137 7645 4410 18789 51288 6327 3363 2180 2559 11186 5527 2150 36236 26033 4926 21351 47250 14781 5057 2351 10792 24175 4682 2343
cat_boundaries=0 1
cat_threshold=12
is_linear=0
shrinkage=0.05


Tree=54
num_leaves=63
num_cat=2
split_feature=22 21 2 1 10 0 10 17 31 21 3 17 1 31 3 31 20 10 14 31 18 9 10 9 31 31 31 31 17 15 14 0 10 24 22 1 3 31 10 10 1 27 2 10 9 10 31 10 17 3 18 17 1 22 20 1 9 3 9 3 17 3
split_gain=161.432 121.114 102.596 115.936 90.8977 87.1418 78.3109 93.0931 67.0916 66.3137 66.0488 66.5113 69.8712 65.2517 82.2859 60.4257 60.2258 58.8322 55.2218 53.291 52.371 55.6458 57.7466 51.6173 51.6001 44.4209 88.0787 81.9458 76.0561 48.2688 43.3935 43.2357 93.8466 42.2692 41.0851 40.739 40.338 40.2945 38.8859 38.0498 38.0487 37.6492 37.6242 37.3227 36.482 36.3413 35.5424 33.1364 32.5768 46.5299 32.4038 32.29 31.8632 32.0864 31.7948 31.0157 36.6781 29.4627 29.2873 30.7526 29.0722 28.1559
threshold=20.09999982515971 14.899999737739565 4.5000000000000009 5.5000000000000009 153.14272500000001 0 44.449650000000013 11.34999990463257 73.786000000000016 6.5000000447034845 7.5000000000000009 1.7500000000000002 16.500000000000004 33.785500000000006 11.500000000000002 43.488500000000009 453.50000000000006 46.122875000000008 64.384791666666686 43.616000000000007 17.950000047683719 11.095000000000001 28.900250000000003 26.072500000000002 32.160500000000006 48.699500000000008 48.669000000000004 59.163000000000004 3.8500000238418584 36.262916666666676 63.536172619047626 1 31.923674999999999 378.50000000000006 8.833333373069765 20.500000000000004 11.500000000000002 79.51900000000002 87.359825000000015 175.43465 9.5000000000000018 11.699999809265138 1.5000000000000002 -4.1574999999999989 9.0565000000000015 14.923600000000002 38.727000000000011 93.04887500000001 8.0500001907348651 10.500000000000002 23.750000000000004 15.250000000000002 5.5000000000000009 25.299999594688419 15.500000000000002 15.500000000000002 21.432500000000001 2.5000000000000004 55.145000000000003 5.5000000000000009 16.150000572204593 7.5000000000000009
decision_type=2 2 2 2 2 1 2 2 2 2 2 2 2 2 2 2 10 2 2 2 2 2 2 2 2 2 2 2 2 2 2 1 2 2 2 2 2 2 2 2 2 2 2 2 2 2 2 2 2 2 2 2 2 2 8 2 2 2 2 2 2 2
left_child=1 2 3 34 8 6 7 -5 20 51 11 -8 40 14 41 46 25 30 54 -9 21 22 -2 -10 -20 26 55 28 -27 45 35 33 -33 -17 -1 50 48 -29 -25 -14 -13 -3 -22 -18 -16 -30 -15 -26 -12 -50 57 -7 -23 -54 -19 56 -4 -11 59 -48 -21 -24
right_child=4 13 16 5 -6 9 10 19 23 17 36 12 39 15 44 31 43 18 24 60 42 52 61 38 47 27 -28 37 29 -31 -32 32 -34 -35 -36 -37 -38 -39 -40 -41 -42 -43 -44 -45 -46 -47 58 -49 49 -51 -52 -53 53 -55 -56 -57 -58 -59 -60 -61 -62 -63
leaf_value=0.063876572736378354 0.016124391266785755 -0.014720040377403532 0.010844112433178977 1.2580250814322098 -2.5229321304469416 0.50348087425803045 0.37984683772706362 0.06782797937025313 -0.46121316746447649 -0.18030737276798592 1.3802657455615794 -0.059424055778070972 0.27271658869438831 -0.045171229244805725 0.54945359812515349 0.21096484007046118 0.27869924432593918 -0.82525813154121408 -0.73703948942825481 1.7353508096184449 -0.16996145115531514 -0.22946030982152871 -0.054097331615784942 0.083464307073723279 0.88753540542822229 -0.014663805694495503 1.8345280440062355 0.063960837721706729 -0.097867522472412427 0.025996453259291563 1.3031370064750118 -0.013119628339960077 -0.41696591665716487 -0.20384210190857829 -0.070591686718413219 -0.070414206375693469 -0.09892908130275041 -0.53608649899028726 -1.5768520119385614 -1.2552140874709128 -0.48945628376686268 0.095098274600946553 0.14231062018384258 -0.1383404109131941 -0.19003071905983671 -0.8260881745030656 -0.25588722672375791 0.10087438581851922 0.62648781990933866 -0.75054779011970008 2.1039617174384384 -0.037178226777989078 -0.089207159541362921 -0.22344997310484455 -0.29555114269468197 0.064395340302929635 -0.13920071770986892 0.046844899676006913 -0.21199344661830796 -0.093403915042275368 0.63488106092005536 -0.37454268715467837
leaf_weight=8428.9798277169466 7529.131256878376 4722.4391829222441 10607.520352140069 4216.3980361819267 1438.8699086904526 6533.5090969651937 3614.7233782559633 5479.5959196090698 740.67256289720535 904.50604639947414 1367.4945152699947 3813.370321303606 6501.3377023339272 4759.3286627084017 164.61938709020615 6852.3512568771839 239.47691924870014 1658.5570025742054 773.63343976438046 812.10564410686493 1193.749125495553 3820.3193989694118 1094.0208441764116 627.90693730115891 748.22372734546661 2450.8391000628471 370.00463950634003 5507.6120314598083 1003.2193044126034 522.56144887208939 552.12390774488449 6162.8126475214958 2617.7121674716473 1925.6088606715202 21961.152575433254 4454.3359477818012 1696.2925405204296 221.41293621063232 316.71666675806046 307.36725229024887 3376.767206043005 5723.0284363180399 4875.3675565719604 4531.6413955539465 1948.1754710078239 2124.4189401865005 2551.4713973104954 1149.1970251202583 7216.0753537714481 417.28884044289589 705.56968508660793 1570.9374282360077 12890.532345324755 3858.1102638840675 4102.8989510685205 10122.452790468931 7622.6124887466431 17730.044745892286 1671.8298044353724 2334.1900857388973 2073.3509503006935 1185.7683483064175
leaf_count=18177 19174 11677 28534 11814 2436 13837 8139 17912 762 2880 3182 7988 13446 14725 289 12285 877 3337 1796 969 2876 8424 2282 647 982 5383 472 5931 1173 687 809 10979 3746 2433 48381 10348 3661 229 326 490 7737 14247 10486 9660 3364 2738 5844 1660 10995 911 1934 3541 29069 9593 8210 25478 17638 40277 3049 7481 2390 2771
internal_value=-0.000583268 -3.06848e-06 0.000629746 0.00144097 -0.00349984 0.00242091 0.00405255 0.00733567 -0.00303409 0.000787683 0.00259473 0.000712558 -0.000848853 -0.00240836 0.000600375 -0.00371688 -0.00137783 -0.000213459 -0.00381252 0.00428129 -0.0025829 -0.00343005 -0.00033112 -0.0127845 0.00212948 -0.000752585 0.000309464 -0.00333098 -0.00736302 -0.0119364 0.00103319 -0.00188043 -0.00435824 0.000602593 -0.0011959 0.000711329 0.0056935 0.000963425 -0.00502711 0.00278097 -0.00428602 0.00242078 0.00165722 -0.00669094 -0.00839645 -0.014286 -0.00656578 0.00656631 0.00702629 0.00575171 0.00170423 0.00483738 -0.00490777 -0.00396747 -0.00656716 -7.25837e-06 -0.00123953 0.00130564 -0.00895282 -0.0109073 0.00977963 -0.00730116
internal_weight=238494 198923 157490 112166 39571.2 81775.7 40892.2 12581.5 38132.3 40883.5 28310.7 17613.6 13998.8 41433.6 12558.3 28875.3 45323.8 32779.1 8432.51 8365.05 36447 30377.9 9808.92 1685.3 2671.05 40552.7 28722.6 11830.1 6101.04 3650.2 24346.6 17558.5 8780.52 8777.96 30390.1 23794.5 10697.2 5729.02 944.624 6808.7 7190.14 10445.5 6069.12 4771.12 2112.79 3127.64 11316.8 1897.42 9000.86 7633.36 19340.1 8104.45 20569 16748.6 5761.46 28352.6 18230.1 18634.6 6557.49 4885.66 2885.46 2279.79
internal_count=523568 434722 344603 245803 88846 179245 89634 33085 86410 89611 56549 37800 29661 90119 29577 60542 98800 72233 15985 21271 84675 71313 24227 1735 4438 88263 72122 16141 9981 4598 56248 29443 14725 14718 66558 55439 18749 6160 973 13936 15725 25924 13362 10537 3653 3911 31099 2642 15088 11906 45091 17378 47086 38662 11547 71650 46172 43157 16374 13325 3359 5053
cat_boundaries=0 1 2
cat_threshold=12 12
is_linear=0
shrinkage=0.05


Tree=55
num_leaves=63
num_cat=3
split_feature=22 10 7 28 0 10 31 31 10 3 23 2 1 3 3 9 3 3 31 3 16 11 12 10 31 3 31 17 9 16 31 3 17 31 16 10 30 0 31 9 31 2 28 2 10 2 2 3 18 10 9 10 3 7 7 21 0 2 31 10 7 31
split_gain=156.083 127.746 139.589 95.5701 83.3648 59.6616 58.6068 72.4296 54.2061 54.0867 57.7747 53.0733 62.7216 52.4866 78.9342 50.3426 49.2536 96.3874 88.042 48.6128 65.2108 56.2517 48.097 48.0248 46.6794 42.7557 61.9016 57.807 48.3103 45.3264 48.3475 47.8533 47.5547 42.5668 41.6402 41.0464 40.8639 39.3936 36.3344 35.8323 35.8249 35.727 35.1648 34.9385 34.0032 33.0315 32.5673 42.1859 31.5978 37.1683 31.2133 31.0868 29.2349 28.1843 28.0635 27.5099 26.7788 26.6836 43.62 26.5184 34.0699 26.2927
threshold=11.299999905129274 26.25075 28.957500000000003 14.966666936874391 0 94.262050000000002 33.907500000000006 40.067000000000007 45.567025000000001 3.5000000000000004 18.650000572204593 5.5000000000000009 15.500000000000002 3.5000000000000004 6.5000000000000009 12.811000000000002 8.5000000000000018 7.5000000000000009 39.189000000000007 5.5000000000000009 0.1819166666666712 11.649583333333336 92.682500000000019 200.53172500000002 33.072500000000012 11.500000000000002 31.428000000000001 1.7500000000000002 86.140000000000015 38.268229166666679 43.488500000000009 3.5000000000000004 16.050000190734867 45.110500000000009 45.200875000000003 2.1315000000000004 2.5000000000000004 1 69.062500000000014 82.697500000000005 48.39950000000001 4.5000000000000009 11.53333353996277 4.5000000000000009 7.6980500000000012 4.5000000000000009 4.5000000000000009 3.5000000000000004 27.849999904632572 76.830224999999999 4.9410000000000016 81.790950000000009 3.5000000000000004 94.438500000000019 105.45150000000002 6.0749999880790719 2 1.5000000000000002 31.964000000000002 60.466024999999995 81.445000000000007 48.955500000000008
decision_type=2 2 2 2 1 2 2 2 2 2 2 2 2 2 2 2 2 2 2 2 2 2 2 2 2 2 2 2 2 2 2 2 2 2 2 2 2 1 2 2 2 2 2 2 2 2 2 2 2 2 2 2 2 2 2 2 1 2 2 2 2 2
left_child=4 6 19 5 38 22 9 16 25 10 -2 13 35 -9 33 -11 17 41 50 20 -3 -22 40 39 -7 26 27 -6 -27 30 -28 -32 -33 -15 44 -13 -21 -31 43 48 54 52 -10 59 -16 -38 55 -48 49 -5 -18 -41 -8 -26 -4 -42 -17 -44 -59 60 -1 -35
right_child=1 2 3 23 8 24 7 11 42 15 -12 12 -14 14 34 56 18 -19 -20 36 21 -23 -24 -25 53 28 29 -29 -30 37 31 32 -34 61 -36 -37 45 -39 -40 51 46 -43 57 -45 -46 -47 47 -49 -50 -51 -52 -53 -54 -55 -56 -57 -58 58 -60 -61 -62 -63
leaf_value=0.49774143958246797 1.084382779743347 0.020596590750160182 -0.089295266716308858 0.032899994327480413 1.1611361919455629 -0.94576568580040965 1.5182320211449172 -0.036194630150717978 -0.33905554920225822 0.041192833543853308 -0.20348076768589529 0.04060708752075709 0.10434209037496563 0.044702289792878429 0.053966414176659219 0.11011065628291279 0.0027402639131435813 -0.18634539350940998 -0.11702341986579423 -0.34817753337774815 -0.52784195159381575 -0.37246013087134494 0.53631969750361164 -3.7893026966328622 -0.77983565495048479 -0.15420232960159339 0.0061560932411695302 0.016770419416602511 1.4248166947693115 0.36179438747669151 -0.046671772608721913 0.39799058023387718 -0.034563338036887895 0.97307705211707407 0.173524710679415 -0.1060433567046794 -0.039884090030936604 -0.070734318618698833 1.7182726742019594 0.40672163166475789 0.30923828018708516 -0.081188086733959594 0.17531527287880638 -0.0018862047091356084 -0.052467611100713296 -0.39204677600722104 0.17733529007594032 -0.70481912340687458 0.35810298351422071 -0.26094151561412443 0.29745176085625519 0.063184533516485078 -0.010918439675180514 -0.2392214624756627 0.2248430948325901 -0.23728469528607779 -0.070950066769565723 -0.56256419590379492 0.00054566972244174394 0.21983463245318205 1.6161852287049372 0.14288244480483089
leaf_weight=4737.3754750937223 1781.3094946146011 1546.0304358452559 15822.214309200644 8684.4628922343254 1833.2312427312136 3375.2450268566608 191.73789808154106 6223.8938958346844 5920.5342994779348 10516.611864641309 415.26603122055531 1108.81603269279 1954.9823818057775 2687.9390679597855 3145.4416705518961 3031.3402103632689 1134.3671342730522 2645.1137914210558 1537.3170890063047 7198.1049501001835 2133.5805190652609 4744.1407763957977 931.70595893263817 383.81001883745193 2179.3382111340761 1506.1025806665421 17148.469852745533 1376.0844424366951 260.99389478564262 1584.1640501469374 2149.3614020347595 7110.7985621392727 1827.1428397297859 2403.2458975315094 2623.1109113395214 5312.5543000847101 7455.0237740725279 7245.9989939928055 1052.2957900166512 3767.3022067248821 688.51989108324051 2840.0403744876385 3592.5685367286205 4787.4282090514898 7500.1255914717913 926.66591115295887 439.98312586545944 1803.1598432064056 775.97307330369949 4536.3527419567108 1469.1498063504696 8748.4295300990343 4987.5379418283701 7108.2128232121468 2779.8133185058832 5851.9657094180584 5053.6780563592911 1383.6711908280849 4453.2967469990253 7745.370731189847 842.20511323213577 1663.1468908190727
leaf_count=12452 5222 6259 41966 22619 6012 6280 516 17016 10643 25329 834 2074 3640 4553 6984 8462 4670 9792 6085 13811 5011 10079 1387 693 3414 3644 49270 5079 556 3213 5088 9040 2112 3137 5521 8644 14264 13333 1079 7095 820 8455 7109 11009 12529 1704 834 2109 1464 8288 5959 14210 14420 10936 6030 7722 12681 3655 7322 15585 1962 2303
internal_value=-0.000564435 -0.00144314 -0.00267024 -0.00151126 0.00129619 -0.00303119 0.000162329 -0.000774624 0.000342274 0.002389 0.00980721 0.000476986 -0.00298805 0.00158288 0.00282944 0.00151254 -0.00370145 -0.00549834 0.000926539 -0.0059474 -0.00900748 -0.011093 -0.00175531 0.000804584 -0.00588401 0.00127082 0.00160487 0.00826544 -0.00633927 0.00102796 0.00200573 0.00457868 0.00618937 0.00722908 0.000589449 -0.00537521 -0.00429238 -0.00209848 0.00415038 0.00105908 -0.00213553 -0.00276755 -0.00220063 0.00362731 -0.000801082 -0.001919 -0.00476709 -0.00996468 -0.000679097 -0.0012549 0.0065281 0.00300284 -0.000295899 -0.00405316 -0.00089275 -0.00298325 -0.00145397 -0.000304209 -0.00239075 0.00494352 0.0075714 0.0104557
internal_weight=238664 162107 91880 67876.5 76557.1 40980.2 70226.7 49428.5 57392.4 20798.2 2196.58 34623.3 8376.35 26246.9 20023 18601.6 14805.3 10664.4 4140.83 24003.5 8423.75 6877.72 28317.4 26896.3 12662.8 42042.3 40275.3 3209.32 1767.1 37065.9 28235.8 11087.3 8937.94 6754.33 13268.7 6421.37 15579.8 8830.16 19164.7 26512.5 27385.7 8019.32 15350.1 18112.4 10645.6 8381.69 8783.63 2243.14 13996.8 13220.8 2603.52 12515.7 5179.28 9287.55 18602 6540.49 8085.02 9429.54 5836.97 13325 5579.58 4066.39
internal_count=523984 355821 186995 135867 168163 81498 168826 116298 126076 52528 6056 66401 14358 52043 35027 46472 49897 33183 16714 51128 21349 15090 60868 54369 20630 97347 93147 11091 4200 82056 65510 16240 11152 9993 25034 10718 29779 16546 42087 53676 59481 23391 28729 41008 19513 15968 11485 2943 32371 30907 10629 21305 14936 14350 47996 8542 21143 18086 10977 29999 14414 5440
cat_boundaries=0 1 2 3
cat_threshold=8 4 12
is_linear=0
shrinkage=0.05


Tree=56
num_leaves=63
num_cat=4
split_feature=8 7 7 24 27 31 21 18 22 31 3 5 3 32 2 31 2 0 21 0 20 21 22 10 32 3 8 14 8 1 31 31 8 2 3 3 15 31 8 9 31 31 14 2 32 3 18 31 18 23 0 22 18 31 32 15 2 0 31 24 15 3
split_gain=166.904 131.928 117.635 106.2 126.144 79.2004 64.7618 64.7461 61.2308 56.6015 76.5486 74.4913 104.35 54.9862 53.3315 50.9125 50.0339 46.1366 45.6258 44.2422 43.0728 42.7359 41.8847 41.7074 41.4887 41.1571 53.235 39.9161 39.7299 39.0895 39.0127 38.3093 38.0982 41.5417 37.652 34.77 34.2963 33.1613 33.0054 53.5481 32.8521 32.2334 45.3918 42.6402 31.5205 48.4728 40.7387 38.4302 31.474 31.2445 30.6001 30.5496 30.2816 30.0577 29.8064 31.1544 28.9084 28.5798 28.386 28.3057 27.8862 36.4434
threshold=86.553500000000028 92.001000000000019 82.565000000000012 579.50000000000011 11.699999809265138 33.958500000000008 14.949999928474428 16.449999988079075 8.666666845480604 40.392000000000003 3.5000000000000004 1.0000000180025095e-35 5.5000000000000009 69.790000000000006 4.5000000000000009 33.072500000000012 4.5000000000000009 0 7.2000000774860391 1 69.500000000000014 14.199999928474428 22.59999982515971 17.26145 65.695000000000007 5.5000000000000009 30.822500000000002 42.043419642857152 9.6510000000000016 5.5000000000000009 45.110500000000009 75.473500000000016 161.00500000000002 4.5000000000000009 3.5000000000000004 11.500000000000002 31.092083333333338 31.132500000000004 129.59150000000002 119.80900000000001 79.51900000000002 32.086000000000006 45.843154761904771 1.0000000180025095e-35 80.617500000000021 11.500000000000002 6.8499999046325692 30.923000000000005 25.44999980926514 12.150000095367433 2 12.56666700045268 2.9499998092651372 31.0395 68.127500000000012 6.0887500000000001 4.5000000000000009 3 49.169000000000004 414.50000000000006 19.791916666666669 5.5000000000000009
decision_type=2 2 2 2 2 2 2 2 2 2 2 2 2 2 2 2 2 1 2 1 8 2 2 2 2 2 2 2 2 2 2 2 2 2 2 2 2 2 2 2 2 2 2 2 2 2 2 2 2 2 1 2 2 2 2 2 2 1 2 2 2 2
left_child=1 3 6 4 18 7 32 15 31 34 59 12 21 17 27 44 51 49 -1 -8 48 -12 29 -16 -17 26 30 28 -14 -15 52 -7 33 41 -10 -9 -29 -35 39 -31 -18 43 -43 -2 46 -46 47 -6 -20 -4 -45 -3 -5 -49 -36 -56 -27 -48 -32 -11 61 -26
right_child=2 16 13 25 5 8 19 35 9 10 11 -13 14 22 23 24 40 -19 20 -21 -22 -23 -24 -25 60 56 -28 36 -30 38 58 -33 -34 37 54 -37 -38 -39 -40 -41 -42 42 -44 50 45 -47 57 53 -50 -51 -52 -53 -54 -55 55 -57 -58 -59 -60 -61 -62 -63
leaf_value=0.030020383373628647 0.21161021455916576 1.1024132448628561 -0.096776693793726359 -0.33693708446513693 -0.38460354391897256 0.09716927204509429 -0.89644178375867511 0.7770968174032481 0.66410143954643663 -0.061407817591493254 0.66857596955134824 -0.33392939025657215 0.13002088556426217 -0.14830187345273407 0.0056493094151932157 -0.048241422065974787 0.09478587715654424 -1.7472064951240727 -0.066435277772469312 -1.1402090909771194 -0.0054846635413815297 0.054964268951466048 -0.27149407343687459 -0.25817569449806793 1.2844883233326132 -0.013990240255586706 -0.69236248739215167 0.57334524893181837 -0.057021459063019767 0.067331422112940784 0.74919105918144746 2.2024874956621696 -1.7459716636117335 0.61170565964083556 -0.022845270130991649 0.01787771908303042 -0.059652772951037769 -0.94232729694830197 -0.080934692673463537 0.63932576657301865 -0.52907627869092322 -0.89601571362915777 0.012150243625144698 -0.16019627464638067 0.31464421738857989 -0.18654795327810111 0.34057881768975773 0.37698676084871852 0.30683179705049057 -0.7166066465391191 -0.9772537468983864 0.28076555157556876 -0.05399830016038866 0.0048693519893626032 -0.23936558910485539 -0.069246926879562506 -0.088707667305528759 0.022053845743080825 -0.1604516714608539 -0.29391748441725069 0.9337556394002493 0.10434364654245787
leaf_weight=15612.042917892337 543.41789941489697 3826.8527789115906 3330.6199343949556 876.47692859172821 978.53448590636253 8926.5096617639065 2932.7320734709501 3961.9404595196247 310.07645350694656 7893.1693342328072 3570.6428323984146 1008.9907778501511 3195.035230115056 3698.7047069072723 4166.0723634660244 799.91589143872261 7451.9964637160301 889.97055897116661 37196.960956513882 1161.4203285872936 19423.585468441248 1591.443429350853 2867.5150979459286 2626.6429864019156 362.91969588398933 5443.8718748539686 1509.1008665859699 3878.5247438102961 5599.499630510807 7363.6576846390963 551.31938505172729 501.39304953813553 1421.9385102838278 122.17563359439373 6481.121767565608 1025.0605291724205 1235.0208490341902 1189.6182550787926 7446.5129133909941 2693.8934683352709 173.42489403486252 1609.1614023596048 7220.4621217250824 758.18385380506516 820.36886209249496 1967.5323594212532 4774.7176017910242 427.61249458789825 861.64095531404018 1487.3328037112951 1420.5690089464188 5449.9724658131599 1301.9874648451805 8241.623209849 935.22030492126942 5115.0922645628452 2228.1101720780134 4143.4901287853718 357.81172406673431 692.28195315599442 858.44424842298031 2250.6631629317999
leaf_count=37720 1115 7191 8102 2433 4958 19040 5964 10681 705 20523 5037 1903 6648 5028 6989 2606 13223 1695 87310 2115 48782 2437 4551 4164 921 11304 3383 5883 8719 11356 728 515 2502 257 22847 1773 1478 2088 10627 3998 179 3351 11571 1811 1367 3388 16047 931 2151 3646 3150 10036 3312 20470 3306 14345 4383 11038 493 1381 2404 5923
internal_value=-0.000577083 8.741e-05 -0.00320704 -0.000322936 1.79011e-05 0.00128926 -0.00635239 0.00334507 0.000199011 -0.00052047 0.000509625 0.00182279 0.00234292 -0.00126552 0.00075679 0.00233049 0.00430426 -0.0056772 -0.00151862 -0.011896 -0.00216964 0.0087022 -0.000219157 -0.00287439 0.00731259 -0.00480737 -0.00854825 0.00253034 0.000487642 0.000547969 -0.00478375 0.00388455 -0.0047629 -0.00390377 -0.00336453 0.00855703 0.0060427 -0.0123324 0.00153487 0.00340294 0.00130346 -0.00294565 -0.00147874 -0.00770139 0.0013335 -0.00362297 0.00207792 -0.000173977 -0.0031474 -0.00371276 -0.0108257 0.00677046 -0.0084134 0.000886619 -0.00379082 -0.00631438 -0.00256519 0.00451379 0.00391333 -0.00360022 0.00967719 0.00710432
internal_weight=238763 190605 48157.9 173702 161434 88339.6 18379.7 30612.8 57726.7 48298.8 35457.3 26871.9 25862.9 29778.2 20700.8 25625.8 16902.2 5707.92 73094.2 4094.15 57482.2 5162.09 24070.3 6792.72 4271.94 12268.7 4596.7 13908.1 8794.53 21202.8 3087.6 9427.9 14285.5 12863.6 12841.5 4987 5113.55 1311.79 17504.1 10057.6 7625.42 11551.8 8829.62 2722.17 21353.9 2787.9 18566 9647.77 38058.6 4817.95 2178.75 9276.83 2178.46 8669.24 12531.4 6050.31 7671.98 8918.21 909.131 8585.45 3472.03 2613.58
internal_count=523982 441055 82927 410426 384390 208427 33924 82507 125920 106365 65162 43258 41355 49003 33881 70053 30629 13443 175963 8079 138243 7474 35560 11153 11854 26036 10349 22728 15367 31009 6966 19555 25845 23343 41203 12454 7361 2345 25981 15354 13402 20998 14922 6076 58199 4755 53444 26359 89461 11748 4961 17227 5745 21401 40498 17651 15687 27085 1221 21904 9248 6844
cat_boundaries=0 1 2 3 4
cat_threshold=12 12 8 12
is_linear=0
shrinkage=0.05


Tree=57
num_leaves=63
num_cat=2
split_feature=8 7 8 21 7 1 2 20 32 7 27 2 32 31 31 3 21 10 8 32 0 22 17 10 2 22 31 0 14 31 3 22 8 6 6 3 2 1 2 8 31 1 3 32 32 31 32 8 22 31 3 10 11 32 1 25 3 31 32 7 17 32
split_gain=166.328 156.402 117.745 103.758 103.692 91.8637 103.582 71.3008 68.4266 64.8904 72.9718 57.5415 51.713 50.2211 48.2289 47.643 47.2344 47.2184 42.9081 43.5042 40.2216 35.5898 35.3638 39.0776 35.3637 34.5831 33.6005 32.5787 39.8829 43.5693 44.062 31.6963 31.4698 31.4409 31.1517 30.9485 38.2829 30.3271 30.0932 30.243 29.6396 29.2829 28.6472 42.6445 46.8333 27.8879 35.7719 35.6076 27.5189 27.1415 26.9917 28.8044 47.4218 26.9615 26.8956 38.466 26.7073 26.3691 45.7901 26.306 26.1282 44.45
threshold=103.18150000000001 105.45150000000002 5.2115000000000009 19.899999856948856 93.268500000000003 4.5000000000000009 4.5000000000000009 364.50000000000006 82.52000000000001 9.3110000000000017 15.650000095367433 4.5000000000000009 69.790000000000006 29.381500000000003 65.46050000000001 11.500000000000002 13.149999737739565 14.034075 -6.4449999999999994 75.295000000000002 0 9.3666668236255664 14.150000095367433 37.142450000000004 3.5000000000000004 20.866666873296108 79.51900000000002 1 64.384791666666686 31.353000000000005 4.5000000000000009 20.633333285649623 -0.23749999999999996 1.5000000000000002 5.5000000000000009 6.5000000000000009 1.5000000000000002 6.5000000000000009 3.5000000000000004 177.56600000000003 31.464000000000002 14.500000000000002 3.5000000000000004 80.617500000000021 78.670000000000002 61.590500000000006 75.987500000000011 42.527500000000011 17.400000333786014 79.51900000000002 7.5000000000000009 26.25075 25.641666666666669 70.445000000000007 16.500000000000004 19.349999427795414 6.5000000000000009 59.45900000000001 78.552500000000023 4.3550000000000013 -7.3500001430511466 80.71250000000002
decision_type=2 2 2 2 2 2 2 10 2 2 2 2 2 2 2 2 2 2 2 2 1 2 2 2 2 2 2 1 2 2 2 2 2 2 2 2 2 2 2 2 2 2 2 2 2 2 2 2 2 2 2 2 2 2 2 2 2 2 2 2 2 2
left_child=1 2 17 5 16 21 8 13 9 14 15 33 24 42 45 22 38 18 -1 32 -18 -4 23 -11 48 37 41 53 29 -29 -31 56 -20 -3 -5 36 -27 -14 39 -2 -30 -13 -8 44 -44 46 47 -7 -6 -15 51 -23 -53 -25 55 -9 -19 -24 -59 -34 -21 -62
right_child=4 11 3 34 12 6 7 54 -10 10 -12 26 25 49 -16 -17 20 31 19 60 -22 50 57 27 -26 35 -28 28 40 30 -32 -33 59 -35 -36 -37 -38 -39 -40 -41 -42 -43 43 -45 -46 -47 -48 -49 -50 -51 -52 52 -54 -55 -56 -57 -58 58 -60 -61 61 -63
leaf_value=0.27798842780399902 -0.21608558149452187 1.3316309498940104 -0.0087553642054675092 -0.13221358633329583 -0.10801905865053776 -0.040862572204339379 0.32344065074868883 -0.29506669679493713 0.51956704919011365 0.20904643730991809 0.24189403780820823 -0.039948081051366026 -0.30744327481049605 -0.06137880924113253 0.59289298780812238 -0.28395913300487774 -0.90433789251474783 1.4719640367274625 0.042657867323701915 1.7377317953980544 -1.4127433866939854 0.01574044678329618 -0.062533823727230514 0.0071860553045004051 -1.223575521868782 -0.44412460165338585 -0.57932607323954743 0.12126642892873747 -0.41886484223337705 -0.7030156474259841 -0.17150066620659246 -0.47822597537861411 -0.021244028310917779 0.51475920567878963 -0.039614752576779072 -1.4515473498016762 0.12679642928510493 0.14256958724102375 -0.94844622711442106 -1.7855053578970896 0.4945705609653992 0.42122950300678375 -0.37393444414994587 -0.34084069423161867 0.40931268929813203 -0.28514098288249184 0.083301316102858625 -0.40416155478632504 -1.2075356619832551 -0.33302795083779896 -0.16622652984874225 -0.43244187150526514 -0.10591135515493662 0.45966172361054647 0.0012387892036697769 -0.032302512899008255 0.17350527408070279 1.2946901140562446 -0.03729894882624283 0.014623551839135086 0.066812024906331868 -0.073916807088410155
leaf_weight=706.97473649680614 6103.1766421496868 1772.0515307784081 7689.6922006309032 7151.1143186688423 1884.5735096931458 10157.868879377842 1440.6990763992071 2508.4925170987844 2771.9562556743622 9146.3277693688869 14874.603078141809 3609.7124152630568 2442.4177128076553 19516.436049103737 793.68258917331696 2218.9764034152031 3020.3053765296936 2033.7998878657818 4640.0047205537558 1105.5846768319607 1099.1027147322893 4086.0537034422159 12397.246498182416 4128.3159022480249 910.67615352571011 623.00135856866837 167.64243525266647 1494.7497736215591 279.17956206202507 1141.2657367140055 2343.192261070013 260.64860732853413 13439.646129697561 6185.4150082617998 2732.5119453966618 1117.8739315420389 1460.5040142089128 10493.313627958298 1929.9869644343853 716.25299793481827 902.24727642536163 2667.7155868858099 360.77084021270275 634.62068355083466 712.63048040866852 552.69585347175598 3762.9744713902473 3455.0183762460947 668.82920573651791 388.46779030561447 9105.0002517700195 1690.5462708622217 7942.3879853338003 2784.4592082500458 730.89224690198898 969.70705519616604 989.35165406763554 648.30349272489548 1424.2836869359016 14008.576491892338 9410.3899948000908 1931.0103003978729
leaf_count=2274 10695 3211 16857 15978 4629 28190 6612 4840 4003 21641 34223 6088 3125 40737 835 4942 6031 4258 14628 2117 1890 9951 28732 12428 1986 1027 173 7446 1170 1952 3187 692 39189 11106 5639 1541 2383 15416 3329 1252 1281 4761 1792 1097 1258 644 6027 8133 1576 401 17621 4209 17686 5213 1692 1877 1929 706 1540 39808 14752 2723
internal_value=-0.000568781 -4.42004e-05 -0.000422196 -0.00114465 -0.00389462 -0.000777474 -6.07779e-05 -0.00270138 0.000895575 0.000600762 0.00148329 0.00498045 -0.00160503 -0.0016086 -0.00193441 0.000344514 -0.00738161 0.00170584 0.00128556 0.00109139 -0.0117961 -0.00318582 0.000774866 0.00202751 -0.00714713 -0.000414965 0.00146842 0.000273579 -0.00236837 -0.00433183 -0.00739454 0.00749419 0.000118064 0.00782444 -0.00608707 -0.00506693 -0.00146415 0.000736622 -0.00530205 -0.00374106 0.00588339 0.00205979 0.00425804 -0.000122813 0.00595044 -0.00246855 -0.00211641 -0.00330914 -0.00412699 -0.0025368 -0.00417694 -0.00277584 -0.00426786 0.0026277 -0.00868483 -0.0105165 0.0089369 -0.00114869 0.0040703 -0.00052577 0.0036004 0.00288456
internal_weight=238336 205866 191463 142937 32470 133054 102540 27262.7 75277.3 72505.4 53783.2 14402.5 19601.2 23053.6 18722.2 38908.5 12868.8 48526 45242.2 44535.2 4119.41 30513.7 36689.6 22219.7 3464.08 16137.1 6445.07 13073.4 6160.63 4979.21 3484.46 3283.8 32088.2 7957.47 9883.63 3201.38 2083.51 12935.7 8749.42 6819.43 1181.43 6277.43 3148.72 1708.02 1073.4 17928.6 17375.9 13612.9 2553.4 19904.9 22824 13719 9632.93 6912.78 4209.09 3478.2 3023.15 14469.8 2072.59 27448.2 12447 11341.4
internal_count=523129 468249 442910 320540 54880 298923 232599 60306 172293 168290 124461 25339 31683 51897 43829 90238 23197 122370 115491 113217 7921 66324 85296 54318 8191 23492 11022 32677 15036 12585 5139 6879 93625 14317 21617 4951 3410 18541 15276 11947 2451 10849 10759 4147 3050 42994 42350 36323 6205 41138 49467 31846 21895 17641 8409 6717 6187 30978 2246 78997 19592 17475
cat_boundaries=0 1 2
cat_threshold=12 12
is_linear=0
shrinkage=0.05


Tree=58
num_leaves=63
num_cat=3
split_feature=8 7 32 24 0 24 21 17 17 22 8 5 19 10 5 4 13 19 27 31 1 8 13 32 4 8 8 10 32 5 32 0 1 8 16 11 32 0 4 8 10 31 31 30 23 18 31 31 1 31 32 31 8 17 19 10 13 4 31 32 32 31
split_gain=158.008 115.736 111.549 103.139 108.859 93.2674 87.692 69.7233 63.9746 63.7766 63.2014 57.6965 55.6352 51.3144 45.1547 45.713 47.8495 46.6529 43.885 43.865 43.3692 42.6866 40.2567 37.1326 36.2884 35.5319 35.3678 33.0752 32.7199 32.3863 32.2232 32.1955 32.1543 31.1791 30.2488 32.1479 29.9826 35.9755 28.5938 36.4787 35.7655 41.0761 27.9407 27.1532 26.4611 26.2836 26.0774 25.5827 25.4909 25.2223 24.877 24.8463 26.6879 23.6407 28.8517 22.7604 22.554 22.5434 28.0379 24.8462 24.6576 22.2168
threshold=67.25500000000001 59.994000000000007 84.490000000000023 575.50000000000011 0 2.5000000000000004 14.949999928474428 -6.8500001430511466 3.2500000000000004 10.566666642824812 226.77150000000003 1.0000000180025095e-35 6.5499999523162851 12.675125 1.0000000180025095e-35 1.0000000180025095e-35 28.248500000000003 16.650000572204593 12.400000095367433 40.587500000000013 5.5000000000000009 20.482500000000005 39.101000000000006 73.037500000000009 1.0000000180025095e-35 161.00500000000002 22.775000000000002 37.142450000000004 76.045000000000002 1.0000000180025095e-35 79.020000000000024 1 16.500000000000004 -0.53849999999999987 -0.35095833333333343 10.836500000000003 70.445000000000007 2 1.0000000180025095e-35 -6.4449999999999994 6.2492500000000009 42.791500000000006 75.473500000000016 436.50000000000006 8.3499999046325701 27.849999904632572 31.261000000000003 33.608000000000011 6.5000000000000009 34.13750000000001 70.985000000000014 29.011000000000006 18.881500000000003 1.3499999642372134 17.150000572204593 1.4353750000000001 4.9650000000000007 1.0000000180025095e-35 31.964000000000002 59.002500000000005 63.672500000000007 48.699500000000008
decision_type=2 2 2 2 1 2 2 2 2 2 2 2 2 2 2 2 2 2 2 2 2 2 2 2 2 2 2 2 2 2 2 1 2 2 2 2 2 1 2 2 2 2 2 2 2 2 2 2 2 2 2 2 2 2 2 2 2 2 2 2 2 2
left_child=2 6 3 4 8 7 25 19 -1 -10 11 18 -9 55 15 16 21 27 36 51 -11 46 -15 -13 29 28 30 42 34 -22 32 -8 33 -17 -2 -36 37 -3 40 -40 41 49 -18 61 -20 50 -7 -26 -30 -5 -38 52 -6 -24 -55 -14 -57 58 59 -37 -60 -28
right_child=1 10 -4 38 5 14 31 12 9 20 -12 23 13 22 -16 26 17 -19 44 -21 24 -23 53 -25 47 -27 43 -29 48 -31 -32 -33 -34 -35 35 57 45 -39 39 -41 -42 -43 -44 -45 -46 -47 -48 -49 -50 -51 -52 -53 -54 54 -56 56 -58 -59 60 -61 -62 -63
leaf_value=0.85778997278328584 1.1759348411322279 -0.20624085255098334 0.80117718012031069 0.14727389245237185 1.2658902393712372 1.3079744314685646 -0.74240574502539014 0.026814811027446286 0.56960784469127901 -0.12991559176740317 -2.9076345284380274 -1.566433853092664 0.024025737538520043 -0.1331610304512818 -0.088263447058110872 0.084512541224665061 0.33044935660167041 -0.023084656864820259 0.23305613716693943 -0.053800458151479984 0.44837574326659291 -0.077886990880500162 0.020717441443271901 0.17275770523197542 0.16272737833936352 -1.8283762371504229 -0.024838117003444984 0.12869045889708078 -0.31072975815142012 -0.49112404962296152 0.22906255946911103 -0.75119746564204926 0.078563161484825408 -0.025378275579850326 -0.85349642113831836 0.094016266005270674 0.3784599003165367 -0.95604707901308261 0.32324203817019365 -0.11737156070069839 -0.14091685436895621 0.91442346256126594 2.5587691383962912 -0.35351950822520739 -0.011458765288181639 0.17807872350426229 0.023838820353220404 -0.096357109354145626 0.10636655210309841 -0.044533057205233068 -0.13652351179824604 0.94934285533888385 -0.096424323839896617 -0.11309854997050635 -0.25140957087884636 -0.044887200334833247 -0.0094553478073342578 -0.68382662390275728 -1.169525466536151 -0.84082110867986248 -0.056164427348600124 -0.26328741401759859
leaf_weight=3203.9934837669134 232.98941767215729 5161.6366088688374 753.9172095656395 506.16869585216045 822.81956546008587 615.07486116886139 3408.4285613298416 13418.414227291942 6708.0735510736704 4947.7302797734737 859.93455965816975 812.59042631089687 2581.3830210417509 9739.8306984752417 2319.0491092652082 842.10105854272842 11476.984691247344 4194.0156719833612 7015.8970400094986 1665.1890891492367 7061.9085506796837 5178.7221397310495 4300.0697800070047 243.88638913631439 1825.8425281643867 1041.2096526324749 4123.5394386351109 7724.110300630331 1838.0160969793797 321.68077141046524 1657.6198162734509 1685.6245581954718 3135.5449944883585 8894.6897517740726 1101.5624139904976 306.87512314319611 1070.8285461515188 1526.841396600008 222.7453980743885 3592.1371542066336 6391.6281179636717 378.40067023038864 370.59961760044098 493.4937722235918 11781.749197393656 2045.487822920084 13165.171836510301 3910.8981783539057 4443.5764879584312 1039.0564482808113 14991.846407577395 1171.3049439191818 728.34318648278713 9717.8696382641792 2198.9593379944563 2674.4943248927593 15766.280244663358 1040.7134150266647 370.21570689976215 1137.5869269669056 4903.2198134511709 1803.0468439459801
leaf_count=9107 331 12238 1229 1383 1711 1607 7157 28923 16364 12125 1459 1533 7559 23033 5477 2694 26718 9157 12161 5479 18266 12542 12215 349 5016 1867 11070 17002 2471 888 2044 3145 7372 20752 2935 1827 1562 3501 665 7116 13209 458 381 959 20734 3262 33438 8116 6324 2803 21971 2630 2678 18075 4495 7522 38416 2264 940 3345 9526 2277
internal_value=-0.000533173 -0.002592 0.00027074 0.00018602 0.000525568 -8.01652e-05 -0.0056142 -0.00142782 0.00335549 0.00249669 -0.00116351 -0.000904761 -0.00186995 -0.00268096 0.0012428 0.00149242 0.00243053 0.003925 -0.000624818 0.00465725 0.000950844 0.000557051 -0.00416807 -0.0124448 0.00245511 -0.00383538 -0.000420734 0.00495045 -0.00322951 0.00477269 0.00094487 -0.0113447 9.96773e-05 -0.00131848 -0.00514646 -0.00561455 -0.00200602 -0.00486653 -0.00425766 -0.00784123 -0.00261284 0.00336327 0.00661005 -0.00351104 0.00119719 -0.000949247 0.00201146 -0.000528089 -0.000454166 -0.00025603 -0.00162908 0.00856602 0.00441078 -0.0026418 -0.00378848 -0.000844683 -0.00146026 -0.00447853 -0.00341666 -0.00958611 -0.00172527 -0.00257137
internal_weight=238664 67020.7 171643 170889 158759 130779 21510 64785 27980.1 24776.1 45510.7 44650.8 60397.3 46978.9 65993.8 63674.7 42724.7 23765.7 43594.3 4387.66 18068.1 18959 25956.7 1056.48 13120.3 16416 20950 19571.7 15374.8 7383.59 14530 5094.05 12872.3 9736.79 9093.16 8860.17 24796.6 6688.48 12130.1 3814.88 8315.25 1923.63 11847.6 6420.08 18797.6 18108.2 13780.2 5736.74 6281.59 1545.23 16062.7 2722.47 1551.16 16216.9 11916.8 21022.2 18440.8 7758.61 6717.9 1444.46 5273.44 5926.59
internal_count=523873 120902 402971 401742 376108 306226 42132 152736 69882 60775 78770 77311 140238 111315 153490 148013 100845 53258 75429 12498 44411 47587 57818 1882 32286 31830 47168 44101 29963 19154 32862 10302 30818 23446 21168 20837 42534 15739 25634 7781 17853 4644 27099 14306 32895 26795 35045 13132 8795 4186 23533 7019 4389 34785 22570 53497 45938 17902 15638 5172 10466 13347
cat_boundaries=0 1 2 3
cat_threshold=8 12 12
is_linear=0
shrinkage=0.05


Tree=59
num_leaves=63
num_cat=2
split_feature=22 27 7 10 32 31 6 0 3 31 10 32 9 22 19 30 17 1 24 24 17 4 13 7 10 32 0 1 10 22 10 10 31 3 3 1 4 24 32 10 24 17 31 31 31 26 10 12 1 3 31 31 31 4 31 16 32 10 13 31 12 10
split_gain=137.674 112.604 83.8682 112.208 77.1262 72.7052 65.8856 62.5096 72.6056 53.7576 51.3631 44.9311 55.1406 43.1128 42.5825 40.6473 39.8448 39.1749 37.684 55.1648 61.2293 51.3166 53.9843 37.0453 62.0998 34.1515 33.2863 32.0471 32.4902 31.3278 31.0147 30.0912 32.4503 30.0808 29.8799 28.6327 29.1925 29.476 36.4106 28.6111 28.5923 28.5423 28.3772 37.3938 27.5119 27.1992 26.9289 26.5922 26.2994 26.1976 45.4012 43.3997 40.6934 31.4663 28.9282 27.9013 26.4092 25.9698 25.8975 25.6499 25.5588 25.3964
threshold=21.233333190282192 16.750000000000004 105.45150000000002 45.567025000000001 76.045000000000002 73.786000000000016 5.5000000000000009 0 2.5000000000000004 44.895500000000006 123.89195000000001 74.335000000000022 19.059000000000001 12.399999976158144 17.550000190734867 3.5000000000000004 4.7500000000000009 6.5000000000000009 662.50000000000011 12.500000000000002 12.050000190734865 1.0000000180025095e-35 27.218500000000002 4.3550000000000013 26.947450000000003 63.672500000000007 1 15.500000000000002 -4.1574999999999989 9.733333309491476 136.91460000000004 91.890174999999999 31.464000000000002 7.5000000000000009 8.5000000000000018 16.500000000000004 1.0000000180025095e-35 311.50000000000006 72.767500000000027 23.206250000000001 198.50000000000003 17.750000000000004 47.432500000000012 33.785500000000006 27.737000000000005 5.5499999523162851 10.071050000000001 97.001000000000019 5.5000000000000009 3.5000000000000004 43.532500000000006 33.608000000000011 48.699500000000008 1.0000000180025095e-35 33.072500000000012 20.701541666666671 65.635000000000005 54.573749999999997 32.715000000000011 48.75950000000001 35.144000000000005 37.615750000000006
decision_type=2 2 2 2 2 2 2 1 2 2 2 2 2 2 2 2 2 2 2 2 2 2 2 2 2 2 1 2 2 2 2 2 2 2 2 2 2 2 2 2 2 2 2 2 2 2 2 2 2 2 2 2 2 2 2 2 2 2 2 2 2 2
left_child=1 2 3 18 23 10 13 35 9 31 11 12 25 -4 15 -10 -14 33 19 20 26 22 -21 24 42 -2 34 28 -23 44 47 32 -9 -13 39 36 37 41 -39 -1 -30 48 43 -3 -6 -44 -42 -15 -5 55 51 54 56 -54 -51 61 -52 -53 -31 -47 -12 -25
right_child=5 4 6 7 29 -7 -8 8 14 -11 60 17 16 30 -16 -17 -18 -19 -20 21 -22 27 -24 49 -26 -27 -28 -29 40 58 -32 -33 -34 -35 -36 -37 -38 38 -40 -41 46 -43 45 -45 -46 59 -48 -49 -50 50 52 57 53 -55 -56 -57 -58 -59 -60 -61 -62 -63
leaf_value=0.53030217377774935 0.10189457517438882 0.064881582870209314 0.54943426416582886 -0.15433892897726384 -0.35525079082202959 -0.44389941503367364 -0.25019853274898674 -0.057765861381042276 -0.59920802018902253 -1.523345043535105 -2.4095618476176153 -0.0029388397580341953 -0.079989871803913468 0.090663652855128882 -0.61297928818587588 -0.25917366550714044 -0.29490221697022578 0.04360368579313998 -0.097103260437413519 -0.0015288577969543903 -0.076327085825717733 0.23439623431435758 0.22987780034794283 0.44341933131913569 -0.32612452009761284 -0.028607936403915214 -0.016572262450965946 0.054035243064543617 0.0017879952740333495 0.0037126415356267374 -0.56409524781939102 -0.22811187956775802 0.36220691641443942 -0.18624757915375711 -0.017889594532931954 0.028406381082182009 -0.47841085565012054 -0.94266328623857487 -0.037419404855801468 0.13402357407363291 -0.03394963403551756 -0.63606484091150151 -0.042747145070764513 -0.037457451682010014 0.83006555319454078 1.5027934290611933 -0.2552532459494124 0.47229192665027853 0.11966270776198017 0.074879420311959266 -0.33462902243749992 -0.0049835669005847908 0.17588718337894657 -0.26801730890604508 0.62455781365251006 -0.18381861519487847 0.53477070425770001 -0.68172311145631337 0.26424515445372204 0.056925979411234631 -0.35597969386117045 -0.03541537942188757
leaf_weight=1526.0188687443733 1189.6912616640329 2746.0556736290455 6783.7700387835503 5526.072442650795 191.33237099647522 1602.2148832082748 6105.0990523695946 959.79181268811226 3517.6773505359888 221.45830905437469 791.51362161338329 1714.5221220552921 2918.0445022881031 6670.4764236956835 1732.6498888134956 5762.1238652169704 4713.1132719814777 8710.2551310062408 3587.0673544555902 10328.30386300385 12305.636112064123 252.14952218532562 14803.714257985353 822.34986998140812 3364.3091989010572 5621.4702060073614 25105.671502768993 4265.164371162653 3920.4412681907415 4530.6036837697029 1322.8771377950907 1422.4784842729568 1172.9804694056511 1702.0499611794949 3976.4887066632509 7983.4878876060247 2647.3721486479044 1579.1513845920563 1304.9621624052525 2685.7186513543129 3431.8862654715776 1018.1716413497925 433.20022231340408 6300.397347599268 3604.4835565686226 476.43528982996941 2088.9640119820833 1317.2428095936775 5935.1554388999939 4083.3267545551062 179.40792521834373 3608.8960360437632 1788.84965467453 661.4473722577095 1058.0201619267464 2659.2381272614002 5160.0955600738525 1741.4690008461475 10918.760237544775 348.99375355243683 1558.2482440918684 2309.2474745512009
leaf_count=4664 4490 7611 11393 10477 330 1649 10219 3368 7149 707 1591 2709 9845 11353 2980 10858 13495 13747 7429 26246 30161 900 34350 3023 8560 16210 57528 9973 9356 6661 1960 2251 1851 2785 9965 16902 5147 3626 1595 8023 7657 1785 1003 19017 5172 712 4247 1880 13341 11931 627 11464 2322 853 2821 6115 8748 4619 15923 464 2550 7386
internal_value=-0.000535429 -7.57808e-05 -0.000789426 -0.00127772 0.00181843 -0.00367152 0.00204929 -0.00344673 -0.00604109 -6.27902e-05 -0.00309682 -0.00246994 -0.00435396 0.00372689 -0.00809664 -0.00675182 -0.00727247 -0.000226002 -0.000275626 -6.29902e-05 -0.0012445 0.00131524 0.00266532 0.00050488 -0.00157384 -0.00108351 -0.000130578 -0.00111554 -0.00270464 0.00439427 0.00151767 0.00142881 0.00518453 -0.00476275 0.00263563 -0.00196744 -0.00307296 -0.00223705 -0.0067918 0.00557317 -0.00317831 -0.00118394 0.00035193 -0.000627021 0.00846376 0.00738309 -0.00549667 0.00269217 -0.000470867 0.00168529 0.00261359 0.000466441 0.00550506 0.000170135 0.0037466 -0.00124529 0.00795277 -0.00268569 0.00339393 0.0127029 -0.010181 0.00195271
internal_weight=238768 208247 151260 129061 56986.9 30521.1 22199.5 40783.5 14789.2 3776.71 28918.9 26569.1 14442.3 16094.4 11012.5 9279.8 7631.16 12126.8 88277.2 84690.2 45599.5 39090.6 25132 37741.7 13669.4 6811.16 33293.9 13958.6 9693.44 19245.2 9310.6 3555.25 2132.77 3416.57 8188.23 25994.4 18010.9 15363.5 2884.11 4211.74 9441.29 12479.4 10305.1 9046.45 3795.82 1258.63 5520.85 7987.72 11461.2 24072.3 18281.5 10491.7 7789.8 2450.3 5141.35 5790.84 5339.5 5350.37 15449.4 825.429 2349.76 3131.6
internal_count=523774 454703 329341 292536 125362 69071 36805 82037 29164 8177 67422 63281 44040 26586 20987 18007 23340 19241 210499 203070 110341 92729 60596 97276 37367 20700 80180 32133 22160 28086 15193 7470 5219 5494 22652 52873 35971 30824 5221 12687 21260 25603 28807 26628 5502 2179 11904 13233 23818 59909 43385 30835 12550 3175 14752 16524 9375 16083 22584 1176 4141 10409
cat_boundaries=0 1 2
cat_threshold=12 12
is_linear=0
shrinkage=0.05


Tree=60
num_leaves=63
num_cat=3
split_feature=8 7 21 5 14 1 17 9 21 0 17 17 10 4 28 8 31 1 0 3 0 10 23 31 23 21 18 3 31 9 32 31 3 31 32 10 23 7 10 32 3 31 31 32 9 3 31 3 32 21 14 3 4 31 31 32 3 8 31 17 31 22
split_gain=149.211 111.234 91.0643 72.9727 76.6043 72.7572 70.2912 65.4782 62.5155 60.585 133.51 63.7615 62.5955 60.3282 59.1882 54.8781 51.0444 41.819 40.9624 40.909 40.8642 37.2165 37.1711 36.9522 36.7491 35.6518 34.5932 47.7872 34.1641 40.3576 33.8106 59.7573 46.8204 33.6648 33.1958 32.9032 32.5 31.2651 30.668 30.4535 30.3458 39.3485 33.3108 28.9042 29.198 50.0884 38.0316 40.5031 47.725 34.33 31.0084 29.2695 28.9067 36.5157 33.3247 29.4048 28.3501 28.3307 28.2589 28.1708 27.4291 29.8315
threshold=54.662500000000001 56.443500000000007 6.7999999821186075 1.0000000180025095e-35 64.384791666666686 4.5000000000000009 8.5500001907348651 102.89900000000002 12.949999928474428 0 0.45000000298023229 15.150000095367433 52.632250000000006 1.0000000180025095e-35 12.366666913032534 -0.53849999999999987 50.073 20.500000000000004 1 10.500000000000002 2 65.06310000000002 9.0500001907348651 45.748500000000007 16.050000190734867 17.149999737739567 23.150000095367435 2.5000000000000004 37.494500000000009 27.741000000000003 77.485000000000014 55.746000000000002 7.5000000000000009 31.841500000000003 72.83750000000002 27.744125000000004 15.150000095367433 130.69850000000002 7.1971250000000007 70.877500000000012 4.5000000000000009 30.923000000000005 79.51900000000002 55.397500000000008 7.9625000000000012 9.5000000000000018 53.411500000000011 7.5000000000000009 66.022500000000022 21.350000143051151 22.965565476190477 4.5000000000000009 1.0000000180025095e-35 44.408000000000008 48.75950000000001 76.352500000000006 6.5000000000000009 103.18150000000001 65.46050000000001 11.650000095367433 47.502000000000002 10.433333436648054
decision_type=2 2 2 2 2 2 2 2 2 1 2 2 2 2 2 2 2 2 1 2 1 2 2 2 2 2 2 2 2 2 2 2 2 2 2 2 2 2 2 2 2 2 2 2 2 2 2 2 2 2 2 2 2 2 2 2 2 2 2 2 2 2
left_child=2 8 6 4 5 35 16 39 -2 10 -7 13 15 23 18 -11 24 26 40 36 22 -22 -10 -12 -1 -20 27 -17 33 34 31 -13 -32 -5 -30 -4 37 -16 -31 -6 57 -42 59 -29 51 46 47 49 -49 -46 -50 -45 53 55 -54 -53 -55 -3 -14 -43 -41 -62
right_child=1 14 3 28 7 9 -8 -9 20 12 11 30 58 -15 19 17 -18 -19 25 -21 21 -23 -24 -25 -26 -27 -28 43 29 38 32 -33 -34 -35 -36 -37 -38 -39 -40 60 41 42 -44 44 45 -47 -48 48 50 -51 -52 52 54 56 -56 -57 -58 -59 -60 -61 61 -63
leaf_value=0.53350325180935776 -0.21299701557184428 -0.098429900962783812 -0.024385319126692496 -0.14890273523565939 -0.082253444903090681 1.4905148942405244 0.021013720121675308 0.84269662392510181 -0.11642197707117391 0.084525456709759667 0.25993346251910687 -0.039004679548514706 -0.87971075583723979 -0.019229634697503075 0.04886662951908427 -0.10386095530440272 -0.11614982635981247 -0.056939409619247663 -0.39118269266921402 -0.5301826220179976 -0.14062285288320417 -0.8582273200744599 -0.65717934705104075 1.0195674565260775 -0.089285336651438632 -0.78684074933741011 0.52670477128905058 0.66196455380031816 -0.098773188660333966 0.29688990211618604 -0.3896314909604881 -0.45540229622830747 0.54030533408512871 0.046260573493873539 0.48208587052888885 -0.2269658695460901 -0.12896786283159453 0.4338590761365122 -0.62543975222042314 0.30166306435335388 -0.56402483873083653 0.3872410822477263 -1.2603853520729145 -0.045894274087406518 0.016069758896216757 -0.091684180680528818 0.066015387430982703 0.17314482915590723 -0.15695532995873288 -0.1196772186122253 0.10768002192494137 0.021195322867877054 0.016880901952900287 2.3738183246576834 -0.079616588425210119 0.75409145942070732 0.20518905036985602 -0.71749941516118809 0.11465201621462545 -0.046054119263098152 0.58228217113034331 -0.048859881241729401
leaf_weight=8952.1762721538544 17075.478966668248 4050.8427183181047 18332.352377817035 1365.4979368597269 3217.7709630131721 1579.7678516060114 14326.416820630431 1963.506563231349 2849.7822859883308 1949.1907297074795 7374.4151418507099 9070.5621841400862 641.54115211963654 5457.3171624392271 17916.709065526724 2400.4861528873444 1414.5231680870056 8813.6345335543156 3970.151413589716 2111.4412008523941 1497.9112895280123 2153.5875130295753 3637.1211272329092 2057.941800236702 891.71073760092258 580.1078047901392 1682.8166269361973 192.05350992083549 1268.8303802609444 72.651361405849457 349.69704097509384 876.02521455287933 1535.3991802930832 1295.4220615327358 175.57716447114944 5790.272318020463 5001.6134841442108 4007.6113132983446 1063.9464754164219 4582.3013896644115 1049.2203535139561 3051.9094919860363 417.69717067480087 2639.2951755076647 11408.043657928705 5099.6250006705523 6259.7563592791557 343.81704653799534 2617.3708574026823 777.25942519307137 438.20759353041649 6162.9951335340738 4453.6805797964334 372.79476982355118 1441.316969037056 456.22872245311737 1225.3716730475426 2557.0914518237114 214.04838263988495 9089.5824695378542 1000.5978246927261 3995.9175952672958
leaf_count=22555 35186 9074 45827 3385 8301 4508 31429 2995 5905 5650 22759 27444 1219 15268 32409 8069 2043 20405 7187 4627 3188 3836 7910 3985 2536 925 4785 1149 2716 186 402 983 1690 3652 221 13361 8948 6326 1907 7341 2214 6349 432 6594 25962 12805 7150 1456 7039 1499 918 17303 11100 490 1558 850 2120 5011 223 13826 1398 5142
internal_value=-0.000537712 -0.00228154 0.00035875 -0.000170366 6.8695e-05 -0.000377477 0.00308884 0.00345446 -0.00488649 0.000290127 0.0021945 0.00135996 -0.000614613 0.00353707 -0.000963897 -0.000419007 0.00604503 -0.000702228 -0.00275951 0.000567665 -0.00799644 -0.0122311 -0.00558374 0.00595771 0.00732118 -0.00704071 -0.000120592 -0.000376668 -0.00595084 -0.0100483 -0.00137991 -0.00254355 0.00475809 -0.00197415 -0.00449706 -0.0028098 0.00109328 0.00192298 -0.0170928 0.00214949 -0.00179124 -0.000442138 0.000335289 -8.70777e-07 -8.61578e-05 -0.00110526 -6.35653e-05 -0.00138578 -0.00621086 -3.93016e-05 -0.00819861 0.00155298 0.00245683 0.0043733 -0.000214943 0.00273464 0.0111542 -0.00457181 -0.0140334 0.00081339 0.00356312 0.00100046
internal_weight=238618 81017.9 157600 132015 126773 112013 25584.8 14760.1 27213.9 87890.7 28301.1 26721.4 59589.5 14889.7 53804 58733.9 11258.4 56784.8 24766.6 29037.4 10138.4 3651.5 6486.9 9432.36 9843.89 4550.26 47971.1 46288.3 5241.93 2581.01 11831.7 9946.59 1885.1 2660.92 1444.41 24122.6 26925.9 21924.3 1136.6 12796.6 20216.3 13608.4 12559.2 43887.8 43695.8 26944.1 21844.5 15584.7 3399.4 12185.3 3055.58 16751.7 14112.4 8217.39 5895 6619.22 1598.17 6607.93 855.59 12141.5 9578.82 4996.52
internal_count=523731 153353 370378 311815 299748 274571 58563 25177 56025 215383 77039 72531 138344 42012 97328 136902 27134 131252 45018 52310 20839 7024 13815 26744 25091 8112 110847 106062 12067 5030 30519 28427 2092 7037 2937 59188 47683 38735 2093 22182 36906 22821 20607 97993 96844 56829 44024 36874 9413 27461 7957 40015 33421 20763 12658 18153 2610 14085 1442 20175 13881 6540
cat_boundaries=0 1 2 3
cat_threshold=12 12 12
is_linear=0
shrinkage=0.05


Tree=61
num_leaves=63
num_cat=2
split_feature=8 7 8 28 7 0 21 31 31 32 32 32 2 31 2 27 22 10 8 14 2 9 13 17 2 1 0 2 31 1 8 18 32 31 31 2 16 31 14 32 32 21 22 10 2 14 31 6 32 8 31 32 13 31 18 14 31 22 2 18 16 24
split_gain=144.768 136.773 103.845 93.206 106.371 72.9723 86.7252 66.7976 113.02 100.43 83.2282 72.5556 70.7034 64.0269 63.7327 57.5395 55.9418 42.9802 42.463 38.8351 36.5812 42.8051 69.6274 40.1454 36.2956 37.2115 36.2451 35.4043 35.3238 33.9687 33.861 36.3735 32.8815 45.083 42.9622 39.6286 33.7091 41.6808 32.6361 32.1551 32.1516 31.4649 29.9951 29.9405 29.6378 29.3505 27.6226 27.417 27.3841 30.8639 26.993 28.8913 27.5794 27.1577 26.6677 26.5892 26.0602 26.7164 25.8463 40.2043 25.7753 25.2068
threshold=110.90250000000002 113.47100000000002 3.5760000000000005 14.03333353996277 3.5725000000000002 0 9.9500003457069415 48.242500000000007 43.532500000000006 68.397500000000022 69.885000000000005 70.445000000000007 2.5000000000000004 65.46050000000001 4.5000000000000009 21.050000190734867 22.59999982515971 14.034075 66.276500000000013 92.35045238095239 4.5000000000000009 23.022500000000004 35.795000000000009 4.2500000000000009 4.5000000000000009 5.5000000000000009 1 4.5000000000000009 33.907500000000006 14.500000000000002 -6.4449999999999994 21.149999856948856 74.935000000000016 36.159500000000008 31.964000000000002 1.5000000000000002 16.024583333333339 31.261000000000003 59.716023809523811 70.445000000000007 75.987500000000011 17.649999737739567 23.866666555404667 17.540750000000003 3.5000000000000004 49.605375000000009 54.109000000000002 1.5000000000000002 82.702500000000015 161.00500000000002 48.699500000000008 74.335000000000022 51.340000000000011 48.669000000000004 16.949999988079075 44.872901785714291 33.573500000000003 9.733333309491476 1.5000000000000002 7.6499998569488534 9.0835416666666671 320.50000000000006
decision_type=2 2 2 2 2 1 2 2 2 2 2 2 2 2 2 2 2 2 2 2 2 2 2 2 2 2 1 2 2 2 2 2 2 2 2 2 2 2 2 2 2 2 2 2 2 2 2 2 2 2 2 2 2 2 2 2 2 2 2 2 2 2
left_child=1 2 17 7 13 16 19 8 18 -10 27 -12 -13 28 47 24 39 30 32 -7 21 54 46 -22 25 -6 -20 -11 -5 -16 -1 -32 33 36 -34 43 60 -38 -14 44 -28 55 -33 -36 -2 -45 -23 -3 49 -8 51 53 -52 -26 -9 -27 -39 -58 59 -35 -4 -40
right_child=5 14 3 4 15 6 48 20 9 10 11 12 38 -15 29 -17 -18 -19 26 -21 23 22 -24 -25 50 41 40 -29 -30 -31 31 42 34 58 35 -37 37 56 61 -41 -42 -43 -44 45 -46 -47 -48 -49 -50 -51 52 -53 -54 -55 -56 -57 57 -59 -60 -61 -62 -63
leaf_value=0.25652624768243026 -0.22600794205333435 1.3626621568637569 -0.017665186755217777 -0.019832759234686571 -0.047330518242483514 -0.57421188759063824 -0.81838350069095878 0.017728985078716532 -0.15453227172647535 1.6368967228564983 -0.22529091755552938 1.1119822269720703 -0.18960277075268447 0.4068339473748685 -0.10332304533593623 0.17820349743773517 -1.1133981217430944 1.1157344294871567 -0.18725011235215985 0.10239817367753688 -0.019904482343501329 -0.337620674392415 -0.1642188377814634 -0.21490066271372271 -0.070084718847146912 0.049124938230949239 -0.56863834126115265 0.14104924724293255 -0.11232776646358839 0.3748997022332004 0.011411962683179767 0.98006840279108653 -0.042373292883685076 -0.1534474985415244 0.58072365659813618 0.2863535293884964 0.5030223214300088 -0.036412199152051052 1.0726071121831486 0.084705806331348846 -0.11082379357474392 -0.056364767050293231 -0.1618407595868713 -0.57082922352812016 -0.99877676434357143 0.27276196236277722 -0.15241163357915666 0.54353613244887689 0.021449684278547567 -2.5278062318395742 -0.015977046374207583 0.067795171364182671 -0.26520790530540533 1.9248660409954461 -0.28334510432915716 0.26483793522684246 -0.024123810246970658 -0.21004210100804133 -0.14882923756560107 0.20334560915881295 0.12193457695755142 -0.13855983143026376
leaf_weight=698.69757196307182 2308.0265806913376 1551.0766113549471 8098.0838008373976 4486.1201663464308 8831.9159719198942 3545.3523546010256 4918.3547016084194 6515.2768121361732 1961.5428587496281 1409.8663067817688 780.54830428957939 1855.941719442606 1345.9406546056271 1092.3884854912758 3149.128011316061 13566.333891198039 1256.2281555533409 2019.5379262119532 7315.0760662704706 2862.0146755278111 1763.9701076447964 1412.3874835371971 8642.7373012304306 5103.9607081413269 6689.0403657704592 15640.112752690911 1852.7152390182018 512.5874517261982 8586.8946094810963 2486.7362152785063 30488.866641193628 1588.1375404000282 5844.9377214312553 1200.00432279706 179.27580636739731 2553.1610422730446 590.93404217064381 6431.0006415843964 568.36380663514137 9365.6724466830492 961.57433444261551 3654.1372235119343 276.44908699393272 576.09508407115936 782.51700353622437 242.99992400407791 939.69347020983696 5332.8396686017513 481.10852247476578 1198.2762313783169 2019.5956217646599 4066.9532091617584 2289.4469519257545 103.43661159276962 519.46246734261513 10553.618657305837 1150.0304437726736 2433.4255966246128 5190.391437843442 1137.7157567888498 3246.9314353466034 357.83355820178986
leaf_count=2246 5971 2759 36114 12133 18403 5829 8342 8464 6068 2060 1656 2858 2150 1142 5201 30460 2243 4377 17278 4385 3384 2205 11448 6032 19666 37222 4565 758 21686 4331 78210 4285 10497 3852 332 3603 2186 14224 787 13219 1562 7941 793 762 1739 320 1137 9414 757 2147 2842 6589 2983 132 1485 21385 2994 6120 16069 3171 10364 462
internal_value=-0.000545874 -0.000108491 -0.000426872 -0.000954168 0.000244927 -0.00401412 -0.00669547 -0.00213709 -0.00120436 0.00401513 0.00687846 0.00342313 0.00606668 -0.00369362 0.00496056 0.00107255 -0.00146482 0.00204292 -0.00214093 -0.00255673 -0.00430219 -0.00311901 -0.00506761 -0.00740735 0.000339324 0.00115222 -0.00502417 0.0156946 -0.00466545 0.00101757 0.0016101 0.00137471 -0.00138956 -0.00221054 0.00118596 0.0055224 -0.00106532 -0.00309176 0.000151743 -0.000451288 -0.00983881 0.00199581 0.00815207 -0.00292167 -0.00487278 -0.00697459 -0.012693 0.00818807 -0.0107239 -0.0116272 -0.00173352 -0.00040472 -0.00508143 -0.00240019 -7.31849e-05 0.00260216 -0.00385347 -0.00726983 -0.00554916 -0.00118302 0.000829108 0.00737104
internal_weight=238583 211866 199346 164274 81580 26717.6 13005.1 82694.5 57797 8792.62 6831.08 4908.63 4128.08 14165.4 12519.8 67414.6 13712.4 35071.7 49004.4 6407.37 24897.5 18029.6 10994.8 6867.93 53848.3 38679.8 10129.4 1922.45 13073 5635.86 33052.2 32353.5 38875 29478.5 9396.47 3551.53 21950.4 10605.4 2272.14 12456.2 2814.29 29847.9 1864.59 998.371 3090.54 819.095 2352.08 6883.92 6597.74 6116.63 15168.5 10859.4 4309.04 6792.48 7034.74 26193.7 10014.5 3583.46 7528.11 2337.72 11345 926.197
internal_count=523799 479167 457462 367551 182584 44632 21460 184967 150812 16799 10731 7913 6257 34961 21705 147623 23172 89911 134013 10214 34155 24739 14790 9416 117163 84951 23405 2818 33819 9532 85534 83288 110608 95094 15514 5017 72002 25524 3399 20929 6127 66548 5078 1414 7710 1082 3342 12173 11246 10489 32212 26387 5825 19798 9949 58607 23338 9114 23092 7023 46478 1249
cat_boundaries=0 1 2
cat_threshold=8 12
is_linear=0
shrinkage=0.05


Tree=62
num_leaves=63
num_cat=2
split_feature=5 8 7 8 7 27 31 0 21 31 16 2 2 24 17 8 1 24 31 22 3 11 31 21 17 12 2 21 31 15 9 8 2 2 16 7 9 3 0 24 20 31 31 3 3 3 2 3 3 3 31 31 31 2 2 3 29 9 1 31 8 31
split_gain=136.597 132.089 120.759 101.279 108.582 94.0725 77.2319 68.1794 79.7591 53.7036 53.7966 51.1349 49.5836 54.3476 53.865 46.7878 46.8971 53.6665 46.0056 45.3764 44.4908 66.4623 43.2318 41.9828 40.9714 42.2805 44.7831 49.5073 42.7956 38.6303 37.9425 44.6702 42.5362 54.4875 36.9429 35.0072 34.2634 33.987 33.9668 51.4232 33.8548 33.3134 84.5033 37.2566 43.737 37.2089 31.5599 31.4781 31.397 31.3812 31.1931 30.1552 30.052 66.9488 39.1086 29.6798 29.647 28.9919 28.9353 28.2711 26.2157 25.9358
threshold=1.0000000180025095e-35 122.49900000000001 123.59950000000002 18.541500000000003 21.992500000000003 16.400000572204593 29.381500000000003 0 11.250000417232515 65.46050000000001 -0.16458333333333838 4.5000000000000009 3.5000000000000004 19.500000000000004 3.1499999761581425 -6.4449999999999994 15.500000000000002 487.50000000000006 40.067000000000007 20.73333366711935 5.5000000000000009 10.836500000000003 47.032000000000004 15.850000262260439 -1.6500000357627866 2.8025000000000007 4.5000000000000009 17.149999737739567 46.923500000000011 31.983958333333337 28.171000000000003 82.982500000000016 5.5000000000000009 3.5000000000000004 31.102375000000006 2.0010000000000003 124.03850000000001 8.5000000000000018 1 417.50000000000006 6.5000000000000009 43.532500000000006 45.876500000000007 3.5000000000000004 6.5000000000000009 3.5000000000000004 4.5000000000000009 2.5000000000000004 8.5000000000000018 6.5000000000000009 79.51900000000002 27.345500000000005 31.964000000000002 1.5000000000000002 1.0000000180025095e-35 5.5000000000000009 8.6500000953674334 2.2110000000000007 9.5000000000000018 69.062500000000014 71.69250000000001 33.958500000000008
decision_type=2 2 2 2 2 2 2 1 2 2 2 2 2 2 2 2 2 2 2 2 2 2 2 2 2 2 2 2 2 2 2 2 2 2 2 2 2 2 1 2 10 2 2 2 2 2 2 2 2 2 2 2 2 2 2 2 2 2 2 2 2 2
left_child=1 2 3 6 9 24 23 19 37 10 -5 -4 13 14 22 -14 17 -17 52 59 21 -12 -8 47 36 -26 27 41 48 -30 31 32 33 -20 35 -23 56 -9 39 -15 -11 61 43 -43 -45 -44 -42 57 -28 -22 -13 -50 53 54 -2 -29 -6 -1 -53 -3 -7 -27
right_child=18 7 11 4 5 60 12 8 -10 40 20 50 15 38 -16 16 -18 -19 30 -21 49 34 -24 -25 25 26 28 55 29 -31 -32 -33 -34 -35 -36 -37 -38 -39 -40 -41 46 42 45 44 -46 -47 -48 -49 51 -51 -52 58 -54 -55 -56 -57 -58 -59 -60 -61 -62 -63
leaf_value=0.023979788211161337 -0.7556668405113911 -0.11001496880492173 0.73406688734848236 0.31022538067950162 -0.14110652301965648 0.2458668690396415 0.25618864438707512 -0.092763599507708794 -1.2696227751642988 -0.074160299279148745 -0.32252707080400322 0.12678349127658892 0.29105277090015119 0.99370033138662139 -0.022748788186539682 -0.010723568686820163 0.03261704715156144 -0.083113258953365576 -0.11361803457356962 -0.91307428986260786 0.081198796600220474 -0.55922478342773563 -0.022682473267235007 0.0020989995704601585 0.097455085541783865 -0.033957953775498109 -0.018296676957725213 -0.36930239155518585 -0.48587400444752299 -0.069411020631210726 -0.6808927201162196 -1.5028039609129273 -0.25335203162676007 0.37962049761599864 -0.32378437908954755 0.034031832535507081 0.70610967860266582 -1.1630311965886759 0.045380926920478175 0.10604407246765218 0.74720044200373126 -1.0631986290455739 -0.44544638681510612 1.203810439614903 -0.12656528553431842 0.044905766684316721 -0.23816235356672941 0.36413231856636219 0.29479300740827025 -0.11607352884009484 -0.58139172241432779 -0.42287409065045367 0.013587084360972758 -0.27919575053422596 1.8949434939267129 -0.095242506607736574 0.098268258962636426 1.6006036404156589 -0.19593086270872817 0.78647174459848035 0.036287147384330969 -0.22815358129995345
leaf_weight=199.81305825710297 91.044607743620872 7406.8153887987137 5790.4107462614775 1037.0608097016811 2500.2844549566507 10951.867813169956 4348.319455742836 4003.0123063325882 3594.5049891471863 1632.5466547608376 3530.6332895159721 4374.8773259967566 555.53825016319752 2645.9901616424322 14790.468038633466 24557.145307511091 10977.742366030812 4866.7900629192591 589.74847865104675 1678.8604251593351 2527.4332389831543 782.57384143769741 2542.912142932415 1335.9794564843178 6977.9049397110939 10302.550234749913 5068.7529517114162 2660.2415555417538 2833.6458534002304 1232.3014892041683 2099.1921124458313 303.69384267926216 397.53159940242767 617.27329412102699 1840.0299014151096 3224.7922843396664 689.0791100114584 1317.6499809026718 14365.235116198659 2674.3457695245743 1167.2227410078049 122.82294693589211 1707.8227659463882 1317.8087949156761 325.35461762547493 10428.2931432724 227.21950852870941 1964.144066914916 293.24278444051743 16332.757038429379 137.66003710031509 799.2797496765852 2008.1372790932655 1576.9343190193176 312.29539757966995 2665.3385151177645 6229.7938753217459 889.81850832700729 1115.2938951253891 1317.197211265564 8070.5988502949476 5624.6463490277529
leaf_count=449 520 12894 10150 1685 6453 26007 12011 6406 6351 1695 9394 7460 1879 6868 35635 57734 26727 10035 1481 2899 5507 2344 6079 2885 17730 29367 13137 5408 3885 1613 3420 433 546 1123 3296 8463 1155 2056 32969 6182 1220 350 3628 1771 625 12527 235 5683 514 37511 142 1747 5659 4567 524 5273 14317 2789 2444 1350 15640 12814
internal_value=-0.000547115 -0.000324285 3.76442e-05 -0.000233075 -0.00121116 -0.000243073 0.00105525 -0.00428166 -0.0074872 -0.0036661 -0.00432166 0.00531685 0.000710635 0.0019316 0.000204702 -0.000522574 -0.000720898 -0.0017614 -0.00697143 -0.00152542 -0.00473247 -0.00754692 0.00385545 0.0075165 -0.00117492 -0.00171051 -0.00225515 -0.00137367 -0.00498684 -0.00909492 -0.0107545 -0.00564733 -0.00231306 0.00236149 -0.00427498 -0.00158104 0.00186565 -0.00360731 0.0038335 0.00724428 0.00267335 -0.000580767 0.00120768 0.0114235 0.0134103 -0.000279696 0.00839199 0.0107498 -0.00269042 -0.00333268 0.0013262 -0.00766541 -0.00316854 -0.00753752 0.0106216 -0.00581388 0.00101772 0.0175632 -0.009952 -7.7883e-05 0.00283781 -0.0021418
internal_weight=238550 230554 211236 200933 114219 81916.9 86714.2 19318 8915.17 32302.3 29275.3 10302.9 82324.5 41367.3 21681.7 40957.2 40401.7 29423.9 7995.85 10402.9 28238.2 9378.03 6891.23 4389.76 62894.5 53475.3 46497.4 35154.9 11342.5 4065.95 4007.44 1908.25 1604.55 1207.02 5847.4 4007.37 9419.16 5320.66 19685.6 5320.34 3026.99 29829.3 13902.1 1765.99 1643.16 12136.1 1394.44 3053.78 7276.57 18860.2 4512.54 2207.82 3988.41 1980.27 403.34 5325.58 8730.08 1089.63 1914.57 8724.01 19022.5 15927.2
internal_count=523661 505388 473432 455680 247755 176405 207925 31956 14813 71350 68200 17752 196119 99744 53725 96375 94496 67769 18273 17143 66515 23497 18090 11806 134758 112833 95103 71763 23340 5498 7003 3583 3150 2604 14103 10807 21925 8462 46019 13050 3150 61082 18901 2746 2396 16155 1455 8921 17842 43018 7602 4705 11270 5611 1044 10681 20770 3238 4191 14244 41647 42181
cat_boundaries=0 1 2
cat_threshold=8 12
is_linear=0
shrinkage=0.05


Tree=63
num_leaves=63
num_cat=2
split_feature=8 7 8 27 20 27 12 22 3 16 18 11 0 6 10 24 24 17 11 22 23 31 8 7 1 4 11 8 31 23 16 24 23 19 4 0 31 16 22 10 1 4 19 9 31 31 3 31 16 19 6 12 4 11 31 8 16 20 20 4 3 16
split_gain=138.039 118.077 80.8543 73.1037 65.1968 58.0951 58.4574 51.316 54.892 66.3481 50.6617 48.6747 47.9869 47.6631 47.5187 40.9203 57.1426 46.027 40.8034 38.2117 36.827 32.1947 31.6254 31.4699 29.3439 34.6579 28.6811 26.7157 25.9781 28.331 25.9471 25.2238 24.733 24.4609 24.0561 48.7631 35.9818 32.9148 34.9614 30.1272 28.9544 23.0295 22.8485 23.2445 22.5091 22.4025 53.0678 35.8819 23.8568 22.2478 22.1414 21.8034 22.4045 21.503 21.0078 21.0073 20.9309 20.6704 20.4179 19.8844 21.0246 19.8156
threshold=33.532500000000006 30.105000000000004 226.77150000000003 12.400000095367433 -1.0000000180025095e-35 19.599999427795414 72.326000000000008 18.400000413258876 5.5000000000000009 1.0000000180025095e-35 18.250000000000004 11.649583333333336 0 2.5000000000000004 63.524125000000005 2.5000000000000004 557.50000000000011 12.050000190734865 2.6930625000000004 22.59999982515971 12.250000000000002 32.69850000000001 81.864000000000019 130.69850000000002 15.500000000000002 1.0000000180025095e-35 122.06458333333335 100.56750000000001 31.261000000000003 16.750000000000004 -0.35095833333333343 443.50000000000006 15.150000095367433 16.550000190734867 1.0000000180025095e-35 1 75.473500000000016 0.26064583333333508 15.433333158493044 32.785725000000006 13.500000000000002 1.0000000180025095e-35 9.3499999046325701 14.871 65.46050000000001 59.45900000000001 7.5000000000000009 62.95900000000001 3.3376249999999996 6.4500000476837167 4.5000000000000009 2.4850000000000008 1.0000000180025095e-35 11.649583333333336 71.981000000000009 141.01750000000001 58.397791666666677 117.50000000000001 1.0000000180025095e-35 1.0000000180025095e-35 11.500000000000002 28.878895833333331
decision_type=2 2 2 2 10 2 2 2 2 2 2 2 1 2 2 2 2 2 2 2 2 2 2 2 2 2 2 2 2 2 2 2 2 2 2 1 2 2 2 2 2 2 2 2 2 2 2 2 2 2 2 2 2 2 2 2 2 8 10 2 2 2
left_child=4 7 3 10 -1 6 15 8 9 -2 12 -11 19 -8 -14 17 30 49 -7 24 23 22 -12 27 25 -3 -23 31 29 -20 -17 -5 50 57 35 37 39 -32 -39 -37 -36 -18 44 -44 -19 51 -47 -48 -49 -6 -28 52 53 -10 -51 -9 -22 -16 -26 60 -30 -13
right_child=1 2 -4 20 5 18 13 55 45 11 21 61 14 -15 33 16 41 42 28 -21 56 26 -24 -25 58 -27 32 -29 59 -31 34 -33 -34 -35 40 36 -38 38 -40 -41 -42 -43 43 -45 -46 46 47 48 -50 54 -52 -53 -54 -55 -56 -57 -58 -59 -60 -61 -62 -63
leaf_value=0.65996309658215968 0.20445522054389237 -0.076992998237331287 -2.9572385196895818 0.17239715125665103 0.07455824593167848 -0.012516757680733504 1.253076253532929 -0.30755206128317564 -0.12367690648367216 -0.51048288580963153 0.15570681343582271 -0.21550426362172825 -0.10727069673742129 0.13105203902996823 -0.67061114638219621 0.82318518376158734 -0.02204507808101748 -0.035009856254188489 0.829014058581233 -0.41051736350197993 -0.032276808822571113 0.25582290901009336 -0.55762008037403843 0.53478811917520341 -0.076284703061990825 -0.41124521390970448 0.22122654315521137 -0.083754257896061599 0.20819981917345487 -0.20143593744138355 -0.020031074886731573 -0.33698308163366858 -0.48782857920647893 -0.8549524924130314 -0.028349934016013448 0.022055272039822785 2.4748667015077253 0.87476218642586867 0.12161468928739883 -0.38963766207769512 0.038600137324428047 -0.076076374439099648 -0.033451765409848469 -0.21623857420238057 0.70182720479133431 -2.2544196860875245 1.7311094210706206 1.0879580433737499 0.0021271313554806605 -0.0096639545638700156 -0.18294332007608338 -0.26600250396051528 -0.52940081640202519 0.29464905622107906 -0.15444553638075365 -2.29551163194605 -0.53193115370252642 -0.21107755101875414 0.26028813711520349 0.016024501891267761 -0.13896389535108009 -0.43823416211744193
leaf_weight=863.77544023096561 1124.2968577593565 12687.069685965776 1010.1982121616602 13931.992079555988 7338.1182924360037 4814.8426817506552 1099.5694055557251 6290.3518055975437 2292.4950271993876 1845.4624266922474 1388.4707578122616 3159.0092450976372 6806.2706824839115 1717.7643018811941 2393.5643734633923 406.13536113500595 5479.2652811855078 5001.6187416613102 1819.2815405279398 2232.561601370573 11747.620026633143 3189.7499237507582 1962.6112612485886 3133.7797325402498 4495.5089710950851 3236.1118326038122 785.40839102864265 6837.5663475841284 8523.1766955852509 270.59211352467537 1496.1795580387115 1019.7258634269238 482.68681472539902 962.39196111261845 9416.829221278429 19688.474274888635 401.98947668075562 3461.6739109903574 2156.1745896339417 635.10056461393833 7362.2862646132708 3134.0041739493608 3583.292725071311 3703.3016368895769 238.77260249853134 271.24745351076126 434.8917989730835 312.50274533033371 2291.759535074234 26298.761318907142 558.41632470488548 4120.094148978591 441.59723670780659 1809.8067381531 1199.8033715486526 398.56169639527798 1019.701806396246 1730.2682613879442 4802.7765095382929 5393.7500200420618 459.22697031497955 1526.1552497148514
leaf_count=5281 4244 24897 1782 30543 15944 13243 1652 13515 5274 4237 5000 7145 14827 2386 3837 625 12159 12541 4293 4630 23499 5448 3335 5197 9324 6299 1262 11867 18856 736 6435 1820 773 1540 21175 46561 413 7546 5161 1205 16934 6532 9326 8168 253 309 476 320 2399 65758 889 8433 1079 4251 1228 770 2449 2832 9217 11517 1600 2813
internal_value=-0.000504627 -0.00177562 -0.000882574 -0.000716146 0.000632869 0.000538289 5.04505e-05 -0.00470775 -0.00341863 -0.0067253 -0.00201628 -0.00865657 -0.00276759 0.00715305 -0.0054195 -0.000147738 0.000797972 -0.00121872 0.0029181 -0.00161612 0.000929755 0.00151661 -0.00227758 0.00204836 -0.00106157 -0.00236477 0.00405125 0.0013744 0.00410196 0.00930984 0.00151177 0.0025583 -0.00094481 -0.00907979 0.00139708 0.00229837 0.00106995 0.00586678 0.0076299 0.00077707 -9.83699e-05 -0.00293306 -0.00381785 -0.00562858 -0.00129949 -0.00130437 0.0021939 0.00408713 0.00186405 -0.000284016 0.00254319 -0.00264111 -0.000252476 0.00090041 -0.00093675 -0.00848976 -0.00125386 -0.00740147 0.00117016 0.00334429 0.00478514 -0.00594522
internal_weight=238696 112733 86414.5 85404.3 125964 125100 103819 26318.2 19629.3 7654.92 47713.9 6530.63 39346.5 2817.33 11892.5 101002 53638.1 47363.7 21280.9 27454 37690.4 8367.34 3351.08 24923.1 25221.5 15923.2 5016.26 21789.3 16466 2089.87 45024.8 14951.7 1826.51 5086.22 44618.7 27839.6 20725.6 7114.03 5617.85 20323.6 16779.1 8613.27 12527 7286.59 5240.39 11974.4 3310.4 3039.15 2604.26 34836.7 1343.82 8663.99 4543.9 4102.3 27498.6 6688.91 12767.3 4123.83 9298.29 14376.2 8982.4 4685.16
internal_count=524060 226532 171267 169485 297528 292247 242002 55265 40980 18439 94110 14195 77403 4038 23036 237964 124746 113218 50245 54367 75375 16707 8335 49427 49737 31196 8372 44230 37002 5029 106055 32363 2924 8209 105430 67321 48179 19142 12707 47766 38109 18691 30288 17494 12794 22541 3504 3195 2719 82930 2151 19037 10604 9525 66986 14285 25948 6669 18541 31973 20456 9958
cat_boundaries=0 1 2
cat_threshold=12 12
is_linear=0
shrinkage=0.05


Tree=64
num_leaves=63
num_cat=1
split_feature=22 10 7 31 0 32 10 31 2 14 32 31 3 20 31 31 3 3 32 3 24 3 2 21 24 3 31 3 32 9 3 13 9 22 21 32 16 16 9 10 32 32 3 3 16 31 12 12 2 32 3 9 31 14 18 2 32 31 31 2 3 31
split_gain=115.734 94.8896 103.986 68.8322 67.1172 62.9414 82.6256 61.0994 49.7339 50.119 48.5522 54.374 47.5185 63.5553 43.8403 56.6562 49.9836 57.2947 47.748 55.9809 42.9011 40.9666 55.0892 41.0825 39.8971 39.5998 39.5393 45.116 46.2026 39.5037 37.1138 35.8082 35.6451 34.9411 34.4187 36.1678 34.3155 32.9928 32.8105 32.6871 32.7948 49.1083 47.2055 53.7447 62.6203 40.1242 31.8244 45.2298 38.9174 32.7745 29.9302 29.7822 29.7374 30.333 32.491 27.8471 27.8316 42.1887 40.8749 61.9506 36.6167 35.3026
threshold=11.400000115235647 31.923674999999999 28.957500000000003 79.51900000000002 0 75.557500000000019 162.09627500000002 50.141000000000012 1.5000000000000002 115.09933630952382 77.547500000000014 27.737000000000005 5.5000000000000009 5.5000000000000009 33.907500000000006 40.067000000000007 3.5000000000000004 5.5000000000000009 67.537500000000009 7.5000000000000009 477.50000000000006 3.5000000000000004 4.5000000000000009 12.77500005066395 532.50000000000011 3.5000000000000004 39.189000000000007 9.5000000000000018 60.835000000000001 3.0315000000000003 8.5000000000000018 117.12600000000002 97.943500000000014 23.166667362054191 19.750000238418583 77.637500000000017 28.208083333333338 53.440250000000006 18.082500000000003 32.785725000000006 69.822500000000005 69.790000000000006 6.5000000000000009 4.5000000000000009 17.120270833333336 39.297000000000004 90.434000000000012 15.990000000000002 5.5000000000000009 68.805000000000021 9.5000000000000018 104.05000000000003 33.072500000000012 42.96913988095239 20.149999856948856 5.5000000000000009 66.022500000000022 46.446500000000007 65.46050000000001 4.5000000000000009 7.5000000000000009 79.51900000000002
decision_type=2 2 2 2 1 2 2 2 2 2 2 2 2 10 2 2 2 2 2 2 2 2 2 2 2 2 2 2 2 2 2 2 2 2 2 2 2 2 2 2 2 2 2 2 2 2 2 2 2 2 2 2 2 2 2 2 2 2 2 2 2 2
left_child=4 14 34 5 24 6 7 8 9 33 39 -12 31 -14 21 18 -17 20 26 25 -18 22 23 -2 -1 -20 27 36 -29 -23 -21 -7 -13 -4 35 38 -16 56 -3 40 41 -6 43 -42 -45 -46 47 -10 49 -48 -28 -9 53 54 -31 -39 -19 -58 59 -59 -61 -60
right_child=1 2 3 -5 10 12 -8 51 46 -11 11 32 13 -15 15 16 17 37 19 30 -22 29 -24 -25 -26 -27 50 28 -30 52 -32 -33 -34 -35 -36 -37 -38 55 -40 -41 42 -43 -44 44 45 -47 48 -49 -50 -51 -52 -53 -54 -55 -56 -57 57 58 61 60 -62 -63
leaf_value=0.3252005573486198 0.86343826545466207 -0.48122802121983349 0.2148348497492755 -0.7006924687144731 0.029582543374836446 0.30199648876741092 -2.3451398091210565 -0.67903359383371809 -0.028643066355338399 -1.1011995384152897 -0.20617122083544326 0.12659198287869838 -0.26298668122390467 0.13059935877188708 0.024790396717055709 -0.052021235019235203 0.2745210100694257 -0.075999048875450281 0.91220421568532406 -0.1679081692927559 -0.024292586257115636 0.058246872924336418 1.1349434773994691 -0.12381152085118359 -0.20977364123185788 -0.038269099489845276 0.06283898284860559 -0.12732753087280674 0.82881770942877075 -0.040467619974643133 0.051528962152554619 0.048118191468880238 1.4127186422875799 -0.50704225914427192 -0.35535044715296249 -0.086250523692049094 -0.17861017441555704 0.1991499872992446 -0.25489822825277031 -0.11442916419161545 -0.089530471795891242 1.8845849719502334 -0.077502633460700687 -0.056460687722466665 -0.10172660707427135 0.82969562891960591 -0.84799939321985862 -0.30438468240947358 -0.40321669521066589 0.45126297547072131 -0.13897623381967791 -0.061934758377783485 0.075963395342920917 0.13284130874717573 1.2302722528652819 -0.034425195936942571 0.098873701109040896 0.006523967691715038 0.14116472693860707 -0.16955354726013072 -0.066463561263624543 -0.18232996118700104
leaf_weight=18199.277838900685 771.05987241864204 3322.6678829342127 7623.0456331074238 1385.245050907135 18155.315173134208 2319.4197780489922 1108.0856117606163 2898.874498128891 7138.3059392720461 409.63286805152893 826.86458295583725 9108.0791074037552 8482.1779742836952 9296.2611057162285 3445.9214018285275 8177.9860189855099 4737.9600047171116 3117.4451550841331 136.49223852157593 2505.8811918348074 1812.4216045737267 4289.3930183500051 894.10469450056553 1052.3675687760115 1343.0616021156311 6207.1440327465534 484.30028304457664 175.41327056288719 690.9022096991539 10335.964583724737 295.43566121160984 8060.198727697134 1171.967472165823 727.70638747513294 2076.8729179799557 5307.2261255085468 545.89998644590378 2554.9484255313873 8487.0895261466503 17018.162410080433 1989.6873579323292 465.72918432950974 6367.1752701103687 1256.3107869029045 275.46176654100418 2137.3399390876293 143.29079380631447 10902.330557495356 302.88124242424965 1189.8898375034332 1223.2180625349283 1024.5298008918762 2540.0158250033855 2945.0721577554941 584.0639044046402 915.88001748919487 3583.8927150219679 5805.4803931117058 3879.4014922380447 1321.0930116772652 2469.4352874755859 462.7455826997757
leaf_count=40343 2438 8156 19561 1432 53971 4221 2216 4475 18723 712 1427 12454 12157 11711 13661 22074 7008 11440 222 8995 2649 11199 3042 2445 2668 17322 1727 690 2744 26210 1253 13743 1663 2310 4464 6926 1437 5204 20548 36100 5097 683 10723 3407 770 2708 274 29950 486 1818 4754 1453 7373 6194 1148 1635 6400 7602 4040 1570 3422 478
internal_value=-0.000497942 -0.00126815 -0.00245331 -0.0014718 0.00107726 -0.00122393 -0.00268957 -0.00222958 -0.00142244 0.00171121 0.000232822 0.0032098 0.000518162 -0.00105127 -1.84492e-05 -0.000795218 0.000229657 0.00115604 -0.0033287 -0.0056641 0.00530237 0.00179135 0.00756193 0.00257352 0.00361475 -0.00306358 -7.54697e-05 0.00222497 0.012561 0.00103325 -0.0115498 0.00320616 0.00420219 0.00254951 -0.00567529 -0.00493722 -2.0758e-05 2.93734e-05 -0.00647787 -0.000460876 0.000514835 0.00182922 -0.00152035 0.0018024 0.00539019 0.0101022 -0.0028176 -0.00342317 0.00385797 0.00753398 -0.00661804 -0.00807792 -8.38876e-05 -0.00099512 -0.00220963 0.004539 -0.000729169 4.53895e-05 -0.00119876 -0.00302006 -0.00799098 0.00282603
internal_weight=238482 160167 82205.7 63011.9 78314.4 61626.6 33468.6 32360.5 28437.1 8760.38 58772.1 11106.9 28158.1 17778.4 77961.3 54549.3 38838.7 30660.7 15710.6 9144.95 6550.38 23412 2717.53 1823.43 19542.3 6343.64 6565.66 4858.14 866.315 20694.5 2801.32 10379.6 10280 8350.75 19193.9 17117 3991.82 24110.3 11809.8 47665.2 30647 18621 12026 5658.8 3669.11 2412.8 19676.7 18040.6 1636.06 1333.18 1707.52 3923.4 16405.1 13865.1 10920 3470.83 20639.5 17522 13938.2 9596.01 3790.53 4342.15
internal_count=523726 351712 165336 125242 172014 123810 81978 79762 73834 22583 129003 15544 41832 23868 186376 126327 73522 51448 52805 27792 9657 60049 7925 4883 43011 17544 25013 18532 3434 52124 10248 17964 14117 21871 40094 35630 15098 41791 28704 113459 77359 54654 22705 11982 6885 3478 51251 48673 2578 2092 6481 5928 40925 33552 27358 6839 34952 23512 17112 12594 4992 4518
cat_boundaries=0 1
cat_threshold=8
is_linear=0
shrinkage=0.05


Tree=65
num_leaves=63
num_cat=2
split_feature=5 22 31 1 0 21 31 27 18 15 31 3 31 3 18 18 31 2 15 18 23 1 20 0 2 31 2 31 13 2 1 11 1 31 2 18 29 31 31 31 20 31 18 12 12 31 3 31 2 2 21 2 3 31 12 31 12 3 31 29 6 21
split_gain=125.181 110.86 85.1538 86.7778 67.5917 65.1114 47.4688 41.2852 37.1502 36.7346 38.157 104.192 63.6738 47.6228 53.0537 47.1587 42.1147 39.0619 47.5306 33.9846 33.8153 34.1777 33.535 33.0472 32.0781 69.1646 31.8148 30.2477 28.7324 28.4521 31.3034 27.4942 27.1815 34.3214 25.5676 30.9383 24.1324 24.0382 23.8514 41.0654 23.8133 25.04 22.9076 22.8834 22.845 23.8967 22.395 22.081 58.5285 36.6598 24.3748 22.2198 21.6219 35.5234 32.5149 26.1825 21.3315 22.7851 21.2662 21.1563 22.6546 33.981
threshold=1.0000000180025095e-35 11.400000115235647 79.51900000000002 6.5000000000000009 0 9.2000001072883624 40.067000000000007 12.400000095367433 12.85000002384186 28.457708333333336 43.532500000000006 3.5000000000000004 40.541000000000004 11.500000000000002 5.2500000000000009 16.65000003576279 48.39950000000001 4.5000000000000009 3.0643125000000038 1.0000000180025095e-35 16.650000572204593 21.500000000000004 397.50000000000006 1 5.5000000000000009 45.876500000000007 3.5000000000000004 63.610500000000009 59.755000000000003 4.5000000000000009 14.500000000000002 18.615062500000004 15.500000000000002 33.785500000000006 4.5000000000000009 4.7500000000000009 14.949999809265138 61.590500000000006 51.771000000000008 42.415500000000002 30.500000000000004 43.488500000000009 16.449999988079075 1.4325000000000003 14.225000000000001 61.590500000000006 5.5000000000000009 31.964000000000002 1.5000000000000002 1.0000000180025095e-35 12.77500005066395 3.5000000000000004 4.5000000000000009 29.381500000000003 99.190000000000012 31.132500000000004 2.9810000000000003 7.5000000000000009 73.388500000000008 14.949999809265138 5.5000000000000009 6.8500001728534707
decision_type=2 2 2 2 1 2 2 2 2 2 2 2 2 2 2 2 2 2 2 2 2 2 8 1 2 2 2 2 2 2 2 2 2 2 2 2 2 2 2 2 8 2 2 2 2 2 2 2 2 2 2 2 2 2 2 2 2 2 2 2 2 2
left_child=1 4 3 19 22 20 47 52 27 10 12 36 15 14 17 -6 -16 18 -13 38 21 29 58 -10 25 -8 42 32 56 -5 -31 -20 33 -9 35 -4 -12 -35 39 -3 -34 -42 -27 -17 46 -46 -19 48 49 -2 -49 -50 53 -7 55 -54 57 -11 -1 60 61 -21
right_child=6 2 34 5 9 7 24 8 23 28 11 13 -14 -15 16 43 -18 44 31 59 -22 -23 -24 -25 -26 26 -28 -29 -30 30 -32 -33 40 37 -36 -37 -38 -39 -40 -41 41 -43 -44 -45 45 -47 -48 50 51 -51 -52 -53 54 -55 -56 -57 -58 -59 -60 -61 -62 -63
leaf_value=0.3364184939653827 -0.71985403645548873 -0.13335481750949721 -0.59279325397037241 0.23978271224585443 -0.004851318891162382 0.089557256009691069 -0.60718981807896932 0.019530599874185862 0.41195542841516081 -0.084223492184155951 -0.13419096153238685 1.1147403728600975 -0.16821019817104885 -0.17005846967186186 0.81600492885319387 1.3084960864433572 0.14720291518191392 0.97159418069453207 -0.13033565971311045 0.016792164885013672 -0.079590861895592016 -0.072284717430975892 -0.061079499060487152 0.013770406256669433 -0.49214936503700546 -0.28358578528873812 0.14593836013802811 0.22405649854870513 0.048677792495774169 -0.064735373855666509 0.14150929309274654 0.30483156627150959 -0.046812426398737908 -0.061282078051187239 -0.33475325737683176 0.24717217675699032 0.17838228392635067 -0.28393562867159794 -0.59027016820091271 0.42883763873899455 -0.0030909831369707597 0.21891141548721335 0.19853630650236254 0.2350840507275995 -0.51055663755797276 0.12655177085692132 -0.055533944981478192 -0.029080043371234668 -0.50517420711581829 1.7189489660176709 0.12426656062087893 -0.10508211218202382 -0.22934501166174456 -0.16124298558497019 1.5463792046329534 -0.02203941174459452 -0.13405221624448185 0.057708251399689603 2.0825336816214235 0.020800432930382851 -0.014492680833894035 -0.085535623797100516
leaf_weight=15434.838466107845 92.970706149935722 2794.0019073337317 1367.8010891079903 18244.370202660561 19970.176160037518 1815.4514934718609 1417.7352074086666 5340.1066780388355 2824.5451854467392 2527.8593788892031 3256.4028749465942 1264.1030169725418 3163.2895454466343 589.98316887021065 3437.5201508402824 572.89450228214264 2031.2889090776443 294.95886468887329 1137.6360414028168 3959.3290456980467 4476.4151871204376 4059.4834527671337 2933.4070307165384 4111.7348728477955 806.54733657836914 614.29979440569878 1030.7730113267899 3344.8929952383041 4463.9997545480728 3688.1111283302307 3354.7793512791395 3529.3683833479881 5357.5952077507973 12195.171820938587 867.21283638477325 365.47965312004089 615.90184456110001 421.01867532730103 2036.4617754817009 524.87106722593307 4784.5055280327797 3830.2262932956219 129.24312153458595 3531.9759432673454 524.46462708711624 245.02954107522964 991.36619514226913 1565.5702543407679 836.87780480086803 323.02676469087601 452.01547539234161 735.15387016534805 2812.3648849576712 8576.8743016421795 277.66639006137848 21885.738011702895 3142.8041309118271 1421.8909181654453 529.62464797496796 4448.5511097311974 8652.1727465391159 18359.014461293817
leaf_count=34186 531 8211 1415 39620 55635 7077 3053 13834 6634 5610 7958 1400 7556 2072 5192 1692 2495 385 1330 8383 10131 8710 6832 11000 1090 1069 1353 3494 7028 8237 7245 4176 13118 26708 895 377 1471 483 2246 637 13934 4851 435 8518 653 258 1107 4436 2162 542 1235 2376 6226 18148 312 46732 6174 3869 543 10272 19153 40893
internal_value=-0.000465379 -0.000251803 -0.0010184 -0.000865053 0.00131742 -0.00014269 -0.00661199 -0.000940852 0.000114992 0.000453962 0.0010978 0.00288975 -8.10492e-05 0.00489165 0.00550145 0.000795328 0.00929526 0.00290292 0.00496136 -0.00283859 0.00168797 0.00230543 0.00390621 0.00345979 -0.0104652 -0.00820949 -0.00162824 -0.000542817 -0.00206127 0.00298909 0.000289638 0.00263051 -0.00101676 -0.0023036 -0.00998816 -0.00647509 -0.00437099 -0.0037257 -0.00655061 -0.00393486 0.00063705 0.00226478 -0.00950466 0.00567563 -0.00303527 -0.00984394 0.00104223 -0.00276384 -0.00650227 0.0101577 0.000921228 -0.0109145 -0.00220091 -0.00411735 -0.00140335 -0.00159492 -0.00403895 -0.00159229 0.0048111 -0.00227717 -0.00274029 -0.00358225
internal_weight=238391 230387 154776 152175 75610.8 111401 8004.21 77577.9 42209.8 56712.9 45156.4 17918 27238.3 14045.7 13455.7 24075 5468.81 7986.93 5931.11 40774.4 33823.2 29346.7 18897.9 6936.28 3998.6 3192.05 1774.32 35273.5 11556.6 25287.3 7042.89 4667 31928.6 17956.3 2600.49 1733.28 3872.3 12616.2 5355.33 3318.87 13972.3 8614.73 743.543 4104.87 2055.82 769.494 1286.33 4005.61 1988.03 415.997 2017.59 1572.03 35368.1 10392.3 24975.8 24698.1 7092.55 3949.75 15964.5 35419.1 30970.5 22318.3
internal_count=523398 505116 338976 336289 166140 246494 18282 172551 94056 124579 101898 28497 73401 19068 16996 65845 7687 9309 6906 89795 73943 63812 41561 17634 7000 5910 2857 76422 22681 55102 15482 5506 72928 41025 2687 1792 9429 27191 11094 8848 31903 18785 1504 10210 2403 911 1492 11282 5611 1073 5671 4538 78495 25225 53270 52958 15653 9479 34729 78701 68429 49276
cat_boundaries=0 1 2
cat_threshold=8 12
is_linear=0
shrinkage=0.05


Tree=66
num_leaves=63
num_cat=1
split_feature=10 0 14 3 5 10 1 24 2 1 32 24 32 32 32 10 32 21 17 3 17 10 2 24 24 14 10 2 14 10 31 3 2 31 31 10 24 3 3 31 31 3 21 9 11 2 31 3 29 26 9 3 31 31 3 24 17 13 31 2 1 18
split_gain=116.995 107.578 133.017 77.7089 73.8092 73.7315 69.1451 80.275 86.125 88.2412 68.4517 65.0763 60.5062 71.9005 57.5821 56.7127 68.4466 53.5612 52.3342 52.2695 50.4224 52.2623 44.2534 42.0594 57.284 54.6322 56.0012 53.8158 61.6911 41.7811 56.216 40.2834 39.4735 38.4688 36.8319 36.4551 38.0652 36.1605 41.7768 32.5485 67.6965 46.7232 32.2781 31.461 31.2048 32.8789 30.8547 38.8525 30.557 30.4832 29.4644 28.5639 63.9021 29.5984 55.871 28.5296 27.2127 27.045 25.9654 25.3944 25.2625 24.9897
threshold=43.852150000000002 0 64.384791666666686 9.5000000000000018 1.0000000180025095e-35 200.53172500000002 16.500000000000004 225.50000000000003 4.5000000000000009 5.5000000000000009 84.490000000000023 3.5000000000000004 60.722500000000004 75.987500000000011 72.100000000000009 91.890174999999999 72.83750000000002 6.5000000447034845 7.1499998569488534 7.5000000000000009 3.7500000000000004 118.93170000000001 1.0000000180025095e-35 667.50000000000011 2.5000000000000004 46.779732142857149 14.606375000000002 4.5000000000000009 23.62735416666667 94.262050000000002 28.167500000000004 3.5000000000000004 1.0000000180025095e-35 43.532500000000006 46.237000000000002 -4.1574999999999989 417.50000000000006 8.5000000000000018 7.5000000000000009 50.479000000000006 43.532500000000006 3.5000000000000004 19.450000047683719 5.7310000000000008 122.06458333333335 1.5000000000000002 33.785500000000006 6.5000000000000009 8.8499999046325701 8.6500000953674334 5.7310000000000008 7.5000000000000009 55.746000000000002 59.45900000000001 9.5000000000000018 65.500000000000014 17.750000000000004 89.875000000000014 79.51900000000002 4.5000000000000009 5.5000000000000009 7.0499999523162851
decision_type=2 1 2 2 2 2 2 2 2 2 2 2 2 2 2 2 2 2 2 2 2 2 2 2 2 2 2 2 2 2 2 2 2 2 2 2 2 2 2 2 2 2 2 2 2 2 2 2 2 2 2 2 2 2 2 2 2 2 2 2 2 2
left_child=10 4 12 15 5 6 7 8 9 39 17 -8 -3 31 -6 48 -17 18 34 -9 55 56 -5 24 25 26 -19 28 -26 30 50 32 -14 46 59 -29 -37 38 42 40 -2 -42 -33 -41 -18 -46 -13 -48 57 -23 -15 52 -30 -53 -55 -11 -22 -4 -21 60 -1 -27
right_child=1 2 3 22 14 -7 11 19 -10 20 -12 33 13 29 -16 16 44 23 -20 58 21 49 -24 -25 27 61 -28 35 51 -31 -32 37 -34 -35 -36 36 -38 -39 -40 43 41 -43 -44 -45 45 -47 47 -49 -50 -51 -52 53 -54 54 -56 -57 -58 -59 -60 -61 -62 -63
leaf_value=0.28877126341781578 -0.15939606680409446 0.066137144908803958 0.46112415105700538 0.56183301428438825 -1.0902921714474345 -2.2798096693307355 -0.04789868795375192 -0.55942427776118542 -0.28192236430814754 0.59530494706440773 1.0077208318763213 0.48044503881618028 -0.11082126417333633 0.10530726785689631 0.22208593490469825 -0.98900723677311897 0.23369218582116488 -0.0048060508647469252 0.021455982959185785 0.11639461270839924 0.30810359851512326 -0.93464549214524872 -1.5780109210130886 -0.072789118065554881 0.013614180316659487 -0.030983144467653691 -0.11024835027582221 0.17825223698274917 0.19446893301725723 -0.86463703890115085 -0.030246435091197378 -0.33138480948756704 -0.84413557770912928 0.63801109194678218 0.012681725994446592 0.0039942890599983022 -0.063789538042192104 -0.71274149683848764 2.6711845464135164 0.47082455760113534 -0.99382782408085468 0.38275619543761241 -0.38539292241748735 -0.83908652609212497 -1.2710627476797889 0.063278386300109443 0.11784628552106576 -0.84770616028710666 0.3199548705974678 -0.053499460726521876 -1.0606094812149363 0.28958462324643303 -0.56499728256031212 1.4180578780260371 -0.26184290973138613 0.10348286430594698 -0.44281028869728484 -0.16907235625031378 -1.1639650210882575 0.11421807709892279 1.3779945664437241 0.15932100992303086
leaf_weight=1426.827043235302 6013.2807561159134 1575.3470106422901 516.09550604224205 113.36113041639328 1464.3165084719658 1062.3588686138391 11491.192013472319 5579.8870787322521 6237.5654392540455 3626.3101548105478 386.39288645982742 2715.3305740356445 360.91100226342678 166.20359402894974 523.13288204371929 1630.8252265751362 2237.9696977138519 26171.021685287356 12506.599027588964 2200.9650171548128 7306.0065234750509 1059.6849320977926 580.77019822597504 5402.4799834638834 23209.183453589678 4981.1546895653009 16058.303172722459 474.70809791982174 9532.3308587968349 1320.09616792202 4598.4346862733364 4001.1850374341011 1604.1080742925406 6392.0683408975601 2068.8957764208317 16831.273421049118 5551.5223439484835 1143.2480885982513 120.34167084097862 251.73897132277489 282.57412973046303 2559.8946587443352 704.01694175601006 2716.0963804125786 481.61595344543457 776.35570824146271 2352.9884001910686 886.37523323297501 3300.4144208133221 1824.3453013896942 571.9459764957428 3428.1719648241997 389.0682732462883 2062.1724803447723 138.87464565038681 1950.7693177759647 767.87735342979431 1160.5681725144386 261.29728811979294 1664.2720023542643 2556.7720436900854 7336.4061435610056
leaf_count=3625 13507 9152 980 205 3540 1853 23286 11132 11964 8360 630 7906 572 289 785 2496 3387 68799 27855 3265 15844 2303 991 11057 60448 7886 39247 1641 22282 1650 5746 7487 3195 8171 4294 38153 11658 2636 259 297 604 3604 1021 3389 759 1220 5274 2147 5887 2509 991 7879 486 2186 139 4475 1447 2015 270 4387 6648 17815
internal_value=-0.000434617 -0.00177839 -0.00445856 -0.000163184 -0.000738167 -0.000458736 -0.000249791 -0.00145552 -0.00040945 0.000760603 0.000477361 0.00190683 -0.00733023 -0.00833531 -0.0102327 0.000949236 -0.00274141 0.000420012 0.00280255 -0.00595493 0.00311903 0.00114901 -0.0163337 2.3642e-05 0.000224223 -0.000955863 -0.00181046 0.00126889 0.00240361 -0.00450242 -0.00253112 -0.0115502 -0.0177605 0.00442698 0.00604036 -0.000655287 -0.000946343 -0.00950309 -0.00760597 -0.00253758 -0.00101858 0.00533866 -0.00835147 -0.00706827 0.00120498 -0.00509325 0.00153498 -0.00176008 0.00475067 -0.00462748 -0.0153298 0.00484046 0.00322578 0.00768522 0.0122093 0.00698884 0.00321271 -0.000745855 0.000113303 0.00813074 0.0102975 0.00197394
internal_weight=238666 96489.9 26963.8 10798 69526.1 67538.6 66476.2 42638.3 34596.1 28358.6 142176 23838 16165.8 14590.5 1987.45 10103.8 5126.77 141790 20223.4 8042.15 16535 10957.9 694.131 121567 116164 54546.9 42229.3 61617.3 38759.8 6656.68 5336.58 7933.81 1965.02 12346.8 7716.77 22857.5 22382.8 5968.79 4825.54 11823.6 8855.75 2842.47 4705.2 2967.84 3495.94 1257.97 5954.69 3239.36 4977.08 2884.03 738.15 15550.6 9921.4 5629.22 2201.05 5577.08 8073.88 1676.66 2462.26 5647.87 3983.6 12317.6
internal_count=523985 186870 50938 17940 135932 131607 129754 82970 68303 56339 337115 46784 32998 23846 4325 16744 7862 336485 46809 14667 34938 22103 1196 289676 278619 133747 108046 144872 93420 8676 7026 15170 3767 23498 18954 51452 49811 11403 8767 21401 17715 4208 8508 3686 5366 1979 15327 7421 8882 4812 1280 32972 22768 10204 2325 12835 17291 2995 3535 14660 10273 25701
cat_boundaries=0 1
cat_threshold=12
is_linear=0
shrinkage=0.05


Tree=67
num_leaves=63
num_cat=0
split_feature=8 32 32 1 24 1 2 1 3 22 5 18 21 22 8 14 3 10 5 1 2 3 27 14 17 2 9 22 32 10 11 2 11 5 18 26 17 9 22 14 32 3 32 32 9 2 17 32 5 11 8 2 12 9 8 32 8 2 16 26 9 1
split_gain=138.108 85.8026 81.3831 77.2172 84.8949 66.2831 56.7952 63.3769 54.1216 85.1815 51.9218 50.7143 50.088 46.9185 46.1019 52.1696 45.772 54.7214 43.1666 39.8739 39.7245 38.3604 37.0221 35.3682 34.4606 37.8922 46.2924 34.4962 32.6865 32.4315 37.1643 35.128 31.7604 31.0116 30.483 39.8939 30.1448 29.9645 29.1427 29.0841 30.5402 28.4592 29.7335 28.1735 27.418 26.5957 25.9628 24.8075 24.7904 25.3026 23.9141 23.3386 22.9694 22.9296 35.5053 34.8049 27.5526 23.4993 26.5004 30.4526 22.0824 23.4583
threshold=78.903500000000022 70.850000000000009 84.490000000000023 14.500000000000002 425.50000000000006 21.500000000000004 5.5000000000000009 6.5000000000000009 8.5000000000000018 18.499999761581424 1.0000000180025095e-35 19.450000047683719 7.9500000774860391 14.616666634877523 2.0010000000000003 64.384791666666686 5.5000000000000009 24.285950000000003 1.0000000180025095e-35 6.5000000000000009 1.0000000180025095e-35 11.500000000000002 8.4500002861022967 57.852470238095243 15.449999809265138 4.5000000000000009 5.5515000000000008 12.633333245913191 76.610000000000014 27.342050000000004 22.925625 1.0000000180025095e-35 62.977499999999999 1.0000000180025095e-35 6.7500000000000009 12.250000000000002 13.050000190734865 52.865000000000002 9.9666668971379604 6.4075297619047653 66.555000000000021 3.5000000000000004 69.822500000000005 75.100000000000009 12.811000000000002 3.5000000000000004 17.150000572204593 70.985000000000014 1.0000000180025095e-35 92.887541666666678 49.081500000000005 3.5000000000000004 0.075000000000000025 126.37750000000001 145.27400000000003 76.780000000000015 168.35900000000001 5.5000000000000009 13.653541666666669 2.9500000476837163 59.051500000000011 17.500000000000004
decision_type=2 2 2 2 2 2 2 2 2 2 2 2 2 2 2 2 2 2 2 2 2 2 2 2 2 2 2 2 2 2 2 2 2 2 2 2 2 2 2 2 2 2 2 2 2 2 2 2 2 2 2 2 2 2 2 2 2 2 2 2 2 2
left_child=2 13 3 4 6 12 7 14 18 11 24 21 -5 33 -1 29 17 -6 19 -3 -15 34 -14 32 25 27 -27 28 -9 31 -31 44 -21 37 35 -10 39 -2 -17 -33 -41 -42 -43 -38 -16 -39 -18 -25 49 -24 -8 -11 -32 55 -55 56 57 58 -49 -60 -61 -62
right_child=1 8 -4 5 16 -7 50 10 9 51 -12 -13 22 20 15 38 46 -19 -20 23 -22 -23 48 47 -26 26 -28 -29 -30 30 52 36 -34 -35 -36 -37 43 45 -40 40 41 42 -44 -45 -46 -47 -48 53 -50 -51 -52 -53 -54 54 -56 -57 -58 -59 59 60 61 -63
leaf_value=0.037663512876529893 -0.59599818415486694 -0.12158554675984519 0.536867534033868 0.26311751996849936 -0.068711258704071895 -0.033293437355528165 -0.034418890836340622 0.2334801203333885 -0.6597693997784202 -0.62700033398575139 -0.15581193525669867 -1.6929963345191812 -0.033508579802037322 0.0196236805403915 -0.017374016173416697 0.52641171405652121 0.022692374627362469 -0.5294780899954894 -0.82686904253610549 -0.66412065707400425 -0.78619984546329502 -0.69370152681567276 0.0542661316590487 0.55697711370069314 -0.011164575744725271 0.09135452483794651 -0.079424223212270578 0.087678470081422738 1.5412790161736012 -0.26185378714169316 0.25038344727283363 -0.050173949965259861 0.26987755503121741 -1.8754993853146438 0.62124583793437749 0.18056400278002799 -0.084774717758499971 0.089185320702813209 0.041924040998717826 -0.039220961714661454 -0.057087484703395398 0.44107050160366645 0.060476262523885362 0.061029415916585866 -0.20335217276747902 -0.47257161648473045 -0.069116021321199053 0.3299479176368269 -0.082247221522924283 0.58479048756571783 -0.40165430825308202 -1.1502865620282869 -0.143811613242353 0.52130143857445477 -0.075695542381080477 0.11777060594803396 -1.9371460767875122 -0.76883606573819874 -1.4920170451874515 0.25259081908891257 -0.68901673091019155 0.081149244283752947
leaf_weight=6335.9140420109034 3150.008547514677 7021.4023328125477 1057.3990169763565 9834.0890558511019 3906.7938355505466 15244.592206045985 15055.322966858745 6420.2367307990789 1334.9767736494541 3211.6315135061741 1403.47034676373 341.86881643533707 7360.7061904519796 991.28192086517811 1866.5246339738369 1602.9723424166441 3758.0157067030668 2404.4721423536539 734.57544268667698 1827.9397011995316 5606.9861127436161 803.84897702932358 28551.949689045548 925.16251416504383 8175.1687254756689 1751.6321684122086 3986.5123497545719 12884.189791128039 1913.0075060427189 3898.8385765701532 821.83243183791637 1516.8256498575211 904.94244630634785 208.42243659496307 1292.9277832508087 4145.0577198266983 3254.7419922053814 4199.8371887654066 5310.1525739729404 2721.9837146401405 1339.0151661634445 1866.6939420104027 5030.1262140274048 1231.0793491601944 1822.3070488125086 1354.7990356534719 6641.8898821026087 1258.3420493155718 1327.1552613675594 1914.4451747089624 1740.2017303854227 1070.7645192444324 8804.3060680031776 2785.9029878377914 1647.4082558453083 6709.469582349062 325.51550374925137 539.48814289271832 192.10578638315201 1075.3390811383724 1108.0649792999029 890.27828186750412
leaf_count=17986 8680 9876 1725 23158 8971 35827 34191 16966 1877 4765 3278 617 17598 2550 4615 2874 7309 5612 1017 3030 14184 1409 68656 1236 18617 3881 9603 32391 3043 8325 2231 4107 1443 559 2277 5098 10128 9464 9986 9229 3693 4402 8075 1398 3775 2735 13798 1939 3101 3363 3808 1640 20419 4174 2313 10356 684 864 586 1443 1422 1111
internal_value=-0.000473472 -0.00265409 0.000190649 0.00011012 -0.000652097 0.00150399 -0.000104647 0.000426323 -0.00143375 -0.00421197 0.00199143 -0.0011393 0.00239997 -0.0058123 -0.000779428 -0.00139163 -0.00395251 -0.0073113 -0.00022069 0.000102391 -0.00900818 -0.000288122 0.00159864 0.00123111 0.00236825 0.00323063 -0.00037413 0.00420549 0.00671224 -0.00219296 -0.00409609 -0.0009463 -0.00405705 -0.00344567 0.000938075 -0.000691629 1.55721e-05 -0.00298786 0.0025694 0.00127964 0.00217796 0.00369537 0.00499036 -0.00349917 -0.00536759 -0.000778336 -0.0019137 0.00205915 0.00233841 0.00262984 -0.00275873 -0.00989211 -0.00242759 0.00161293 0.00468866 0.000485588 -0.00250647 -0.00159837 -0.000421081 -0.00279643 -0.00158588 -0.00469395
internal_weight=238413 55658.3 182755 181697 117464 64232.9 100753 83957.5 40147 12201.1 36534.2 7918.68 48988.3 15511.3 47423.3 41087.4 16711.2 6311.27 27945.9 27211.4 6598.27 7576.81 39154.3 20190 35130.7 26955.6 5738.14 21217.4 8333.24 34174.3 13525 20649.3 2732.88 8913.07 6772.96 5480.03 16960.5 8704.64 6913.12 12474.6 10957.8 8235.84 6896.82 4485.82 3688.83 5554.64 10399.9 17457.1 31793.6 30466.4 16795.5 4282.4 9626.14 16531.9 4433.31 12098.6 5389.13 5063.62 4524.13 3265.79 3073.68 1998.34
internal_count=523488 97349 426139 424414 272711 151703 237021 199022 59177 17683 87779 11278 115876 38172 111243 93257 35690 14583 41494 40477 16734 10661 92718 30601 84501 65884 13484 52400 20009 80397 30975 49422 4473 21438 9252 6975 41032 20879 12860 29506 25399 16170 12477 11526 8390 12199 21107 26128 75120 72019 37999 6405 22650 24892 6487 18405 8049 7365 6501 4562 3976 2533
is_linear=0
shrinkage=0.05


Tree=68
num_leaves=63
num_cat=4
split_feature=8 7 7 8 24 1 5 4 14 21 10 1 24 3 17 3 3 0 31 18 12 14 31 0 6 31 3 10 17 17 8 5 24 3 3 31 15 0 4 8 1 23 28 8 17 23 14 31 24 14 31 24 25 8 14 31 8 31 17 31 18 0
split_gain=128.726 87.2374 85.602 79.2092 74.0457 68.8553 61.2401 64.2519 80.111 54.1424 53.9206 53.8903 51.512 49.4708 44.9849 59.2082 66.6976 79.5407 75.3258 66.0381 52.1238 43.8026 45.18 43.2017 39.415 39.0507 40.4905 37.5561 36.2454 34.5726 34.2073 34.7647 32.1478 36.791 31.4615 31.0232 29.6584 29.3396 29.2075 30.4255 28.6804 30.0991 27.8133 27.6033 28.1049 49.1356 27.4629 25.4384 25.3926 24.8291 32.7691 23.7528 23.4002 22.8462 29.1356 22.6006 22.0494 21.9988 44.879 25.2445 21.8892 21.6748
threshold=93.801500000000019 113.47100000000002 93.268500000000003 3.7615000000000003 645.50000000000011 4.5000000000000009 1.0000000180025095e-35 1.0000000180025095e-35 41.202827380952385 13.500000119209291 47.828275000000005 16.500000000000004 311.50000000000006 5.5000000000000009 14.34999990463257 11.500000000000002 3.5000000000000004 0 43.488500000000009 17.149999976158146 4.3290000000000015 13.668601190476192 29.381500000000003 1 1.5000000000000002 46.237000000000002 5.5000000000000009 12.922000000000001 4.9500000476837167 10.650000095367433 226.77150000000003 1.0000000180025095e-35 225.50000000000003 4.5000000000000009 2.5000000000000004 79.51900000000002 31.092083333333338 2 1.0000000180025095e-35 168.35900000000001 6.5000000000000009 13.84999990463257 13.066666344801586 -3.2384999999999997 -6.8500001430511466 17.150000572204593 25.06824404761905 79.51900000000002 65.500000000000014 45.843154761904771 32.086000000000006 1.0000000180025095e-35 18.650000572204593 84.20650000000002 66.218324404761916 57.45000000000001 25.445000000000004 45.110500000000009 4.1499998569488534 48.699500000000008 19.750000000000004 3
decision_type=2 2 2 2 2 2 2 2 2 2 2 2 2 2 2 2 2 1 2 2 2 2 2 1 2 2 2 2 2 2 2 2 2 2 2 2 2 1 2 2 2 2 2 2 2 2 2 2 2 2 2 2 2 2 2 2 2 2 2 2 2 1
left_child=1 3 9 27 5 53 7 8 14 38 36 12 47 29 15 16 17 28 19 37 -17 56 34 -11 -3 26 -20 43 -7 -6 31 40 51 -34 -23 -26 -10 -18 39 49 -4 42 -42 -1 45 -45 -39 -9 -16 -2 -51 -12 -14 54 -5 -15 -19 58 -29 -59 -8 -61
right_child=2 24 30 4 13 6 60 11 10 23 32 -13 52 55 48 20 18 21 25 -21 -22 22 -24 -25 35 -27 -28 57 -30 -31 -32 -33 33 -35 -36 -37 -38 46 -40 -41 41 -43 -44 44 -46 -47 -48 -49 -50 50 -52 -53 -54 -55 -56 -57 -58 59 -60 61 -62 -63
leaf_value=0.13212214266602357 -0.89485762805481173 1.2389760519328263 -0.21772827023385333 -0.066189253060196629 -0.048943241288807476 0.99994020067214784 -0.16336227035080506 -0.034409819798972396 0.47113651546273305 -0.68569554404694566 0.041550887001735759 0.024006072895234754 -0.22486476962849899 -0.018590431316480239 -0.1288431198937269 -0.0006746949245838963 0.22942414434941225 0.038030426470824934 1.2564592137029462 1.8273854254984365 -0.48569494819146847 -0.22697978794900087 -0.23517106380206432 -0.87709238857157112 0.2997009575237583 0.20950751536305701 -0.0073846985138422035 1.465832985840263 -0.44242311984806321 -0.57461732517164588 -2.2317681204297628 -1.1341407907620116 -0.39191456026910104 0.076171664092649402 0.58197548444005331 -0.37808205819199014 -0.019409545067882485 0.00056323733766938666 -0.67902134406607151 -1.3242571309497422 -0.04565555413802791 -0.20299069580135037 0.24497666979814614 0.9459488379532428 0.0098662736172707502 -0.22681219083071724 -0.19609226688709025 -0.27275264660551779 -0.02995012009987157 -0.43294910453346347 0.03250424153673883 0.31983779138210733 -0.035673747236405637 -0.3082872113336883 0.040125930387999637 -0.24762592443269421 -0.56115790865305237 1.8128514248812129 -0.19279653460024626 1.3122070680754492 1.9243644406827718 -0.39890269315271043
leaf_weight=1444.1724314540625 1305.3190967440605 1635.828960955143 4497.9287629574537 25319.87830632925 653.72246304154396 975.68918026983738 3716.0360503345728 13153.704971209168 9216.1484963446856 3802.3519072979689 6530.0231012105942 12456.715614646673 2929.7764200270176 2753.9356428980827 4024.768212646246 1767.3081014752388 3812.2676953673363 1812.918357655406 1515.1593099236488 567.80506210029125 1313.1734921634197 428.76306785643101 2944.4456041008234 1422.0232327878475 7780.1809939742088 5572.6328102946281 445.05538338422775 447.06282250583172 214.30479428172112 1318.5489495992661 743.78004302084446 476.06209491193295 1778.1426854878664 4142.9649697244167 232.51811563968658 275.79439270496368 1544.5816842317581 7395.414728552103 1078.3895559310913 1113.2062769085169 6873.9784012138844 4913.7248360663652 6824.626095816493 1474.8336149454117 31033.17926491797 289.51996949315071 1982.3164724856615 218.96987462043762 12842.157382488251 1928.0609814077616 6664.2945532500744 6631.6772124767303 1310.4097290635109 1886.9027486294508 6280.9058088511229 510.53534632921219 121.58895465731621 628.86384326219559 932.64636899530888 413.74120429158211 167.90800586342812 156.16439568996429
leaf_count=4270 2879 2918 6484 59225 1410 3253 8637 30589 19294 7493 14437 28316 5863 5349 10459 4402 12404 4902 2061 1513 3050 1579 6523 2470 13874 7146 998 1523 632 2774 1243 747 4626 6615 1385 285 2783 20478 1849 1931 11647 8179 11202 4009 79065 763 5290 226 31353 4155 10507 15323 2864 3391 11467 573 341 1002 2614 549 354 201
internal_value=-0.000471312 6.26003e-05 -0.002997 -0.000176747 -0.000685337 -0.000474726 0.000121169 0.000343267 0.00110181 -0.00568419 0.00313573 -0.0016196 -0.00339964 -0.00652592 -0.00016364 0.000963954 0.00168734 -0.00265112 0.00305884 0.000858024 -0.00561459 -0.00516797 -0.00843301 -0.0099372 0.00468791 0.00707771 0.0131464 0.0019019 0.00902861 -0.0127762 -0.00108461 -0.000751428 0.00153963 -0.00151989 0.00337299 0.00325023 0.00596581 0.00013867 -0.00384558 -0.00307581 -0.000475613 0.000390342 0.00159458 0.00146358 0.00116555 0.00730223 -0.00136514 -0.00187672 -0.00224277 -0.00219375 -0.00121719 0.00291604 -0.00820105 -0.00246347 -0.00214419 -0.00274698 0.000892252 0.00771996 0.00341119 0.0126721 -0.0060464 0.00503699
internal_weight=238646 197002 41643.7 187310 150490 145253 111765 107881 77811.8 17313.6 29843.5 30069.6 17612.9 5236.74 47968.3 31101.4 28020.9 6730.23 21290.7 13757.8 3080.48 5540.23 3605.73 5224.38 9691.8 7532.85 1960.21 36820.2 1189.99 1972.27 24330.1 23586.3 19082.8 5921.11 661.281 8055.98 10760.7 13190 12089.3 11010.9 23110.3 18612.3 13698.6 34241.7 32797.5 1764.35 9377.73 13372.7 16866.9 9897.67 8592.36 13161.7 4240.19 33487.7 31600.8 3264.47 1934.51 2578.48 1379.71 1198.77 3883.94 569.906
internal_count=523744 452958 70786 435881 341885 331779 257696 248705 180847 31284 63078 67858 39542 10106 117769 75957 68505 18615 49890 39685 7452 14730 9487 9963 17077 10205 3059 93996 3885 4184 39502 38259 41001 11241 2964 14159 22077 38172 21321 19472 37512 31028 22849 88107 83837 4772 25768 30815 41812 17541 14662 29760 8727 74083 70692 5922 5243 5889 4137 1752 8991 750
cat_boundaries=0 1 2 3 4
cat_threshold=12 12 12 12
is_linear=0
shrinkage=0.05


Tree=69
num_leaves=63
num_cat=0
split_feature=10 7 32 21 24 20 14 10 10 27 2 2 14 1 17 32 20 10 22 18 18 2 22 21 3 23 13 3 14 3 10 14 32 32 3 13 22 17 32 9 32 2 32 23 14 15 10 14 20 17 32 15 14 3 16 2 3 29 14 11 15 3
split_gain=99.542 89.4813 69.0439 59.4195 51.8039 61.4201 60.7177 75.0952 51.1884 50.5152 48.0824 44.8986 62.3306 45.9005 44.2403 43.4432 38.945 34.4566 34.1243 42.0145 34.031 37.0935 33.7599 32.8534 31.5861 30.9265 30.5458 30.5272 29.0609 28.7872 28.2504 29.9184 28.134 27.7565 27.0757 30.3674 26.5148 25.5273 26.7873 28.3799 25.5535 25.3182 25.1582 24.7738 24.3313 24.1898 23.607 23.6043 22.6041 22.5409 21.9228 21.8942 21.887 21.4907 20.9778 37.2399 28.0679 20.9087 23.5179 20.7843 20.5579 20.4256
threshold=47.828275000000005 46.728500000000004 84.490000000000023 14.949999928474428 575.50000000000011 5.5000000000000009 41.202827380952385 14.923600000000002 200.53172500000002 12.049999713897707 2.5000000000000004 4.5000000000000009 38.949752976190481 16.500000000000004 13.34999990463257 72.590000000000018 181.50000000000003 4.8317500000000004 10.366666674613954 7.6499998569488534 22.149999856948856 1.5000000000000002 19.000000079472866 11.625000000000002 11.500000000000002 8.3499999046325701 33.086000000000006 7.5000000000000009 11.141071428571431 5.5000000000000009 6.2492500000000009 21.586488095238096 60.722500000000004 77.637500000000017 6.5000000000000009 65.528500000000008 11.400000115235647 19.94999980926514 82.050000000000011 87.398500000000027 79.885000000000005 4.5000000000000009 77.750000000000014 12.650000095367433 6.0830654761904777 59.537916666666668 6.2492500000000009 41.202827380952385 5.5000000000000009 7.4500000476837167 75.382500000000007 19.544583333333339 123.09940773809525 8.5000000000000018 41.142541666666673 1.0000000180025095e-35 7.5000000000000009 17.050000190734867 7.1696972049689434 12.289583333333335 51.825937500000009 3.5000000000000004
decision_type=2 2 2 2 2 8 2 2 2 2 2 2 2 2 2 2 10 2 2 2 2 2 2 2 2 2 2 2 2 2 2 2 2 2 2 2 2 2 2 2 2 2 2 2 2 2 2 2 10 2 2 2 2 2 2 2 2 2 2 2 2 2
left_child=2 3 4 10 5 6 7 32 9 20 22 12 14 16 23 -12 48 -18 -8 -20 21 52 47 28 36 -11 -5 -14 -7 -16 -31 34 -1 -10 44 54 -9 38 40 -40 -23 46 50 -26 -32 -29 -6 -2 -13 -24 -38 -21 -3 -37 56 -56 -36 -34 -59 -33 -27 -25
right_child=1 8 -4 26 41 11 18 24 33 25 15 13 27 -15 29 -17 17 -19 19 51 -22 37 49 61 43 60 -28 45 -30 30 31 59 57 -35 35 53 42 -39 39 -41 -42 -43 -44 -45 -46 -47 -48 -49 -50 -51 -52 -53 -54 -55 55 -57 -58 58 -60 -61 -62 -63
leaf_value=-0.098612785782846907 -0.26322767837982541 0.034091559299298656 0.75558821642894858 -0.52133266632933728 0.045752793123781665 0.039463441799058224 0.31422956589564865 -0.020882264794259878 -3.414973192005804 0.19014413698988797 -0.52556181477728625 0.46138511811594968 0.24644996258949803 0.091297465326800012 -0.17809099849445001 -0.13171670936141525 0.0021260131221255032 -0.10941947120420276 -0.090589662434876678 0.19194122456751028 0.084159724958414728 -0.26939616961688895 0.016069177180328565 -0.057105642344884626 -0.27705847838015768 0.0072124801354316766 -0.35326830423400929 0.92462378426709868 0.56292515637229246 0.062701709802353373 -0.11978098067376115 0.47313119746211152 -0.001376578631178882 -0.28226852895367499 0.013455334668192133 2.1680918593568328 -0.12893051634748504 0.26000704734309493 -0.072146114899650379 0.44529063549800063 -0.71317509941507429 -0.083328586036404584 0.011147758828788313 -0.037730717109372904 0.56209850036347864 -0.43018027435098416 -0.085456676978587609 0.17063667923741513 0.012343170775450663 -0.61115864576064904 -0.26885283829302298 -0.079004953901722269 -0.9827649711571772 -0.24829333054814537 0.20016334424935717 -0.22743001705455612 -0.095394010851169941 -0.056155784296250948 0.20618177780496905 0.044363103675211374 -0.64516407082289584 0.036992194759896922
leaf_weight=741.41499942541122 2510.7620036154985 9008.3985287547112 482.03434079885483 1931.1043600440025 1908.9822129309177 2950.4254048913717 4849.9712625592947 5848.1748633384705 601.91967408359051 10908.487399980426 4185.8409364372492 376.66713960468769 5910.0578595101833 5729.5747112929821 923.54422289133072 4783.4823910146952 4509.2880111634731 6543.6330613642931 6049.7400440573692 6714.5563355386257 5034.3632216602564 15734.840526774526 817.74815127253532 1778.7401022911072 1717.4446911215782 16989.926416859031 4968.7207104116678 3095.7078030705452 6200.4816193878651 2588.7793285697699 96.280213296413422 924.2253714799881 28087.937527909875 434.5620111823082 3041.1134088039398 332.68646821379662 5796.3475873321295 835.31501458585262 1227.4707790613174 467.56462836265564 1250.5892663002014 3772.7032020837069 1777.8284875154495 774.04585742950439 648.769785836339 115.00869672000408 5632.5293509662151 6390.8880177140236 8312.5491880476475 1275.8702698349953 1393.9567395448685 1545.5673580020666 260.2629359960556 131.93700203299522 211.02759924530983 1000.9496037662029 3461.5355647057295 458.39923544228077 1926.9944663196802 3474.9267729073763 826.36249530315399 6352.6773455888033
leaf_count=2715 5892 17271 786 4134 4617 7786 10137 13538 1188 19982 11035 2311 13598 13329 3585 6760 10914 13165 10043 16287 8916 31270 2275 4448 3827 32049 10107 4867 15712 7126 239 1920 71982 512 8343 527 16861 1209 1778 698 1464 7677 2248 1865 1974 242 11820 12432 18855 2128 2184 3370 437 451 254 1216 9542 1320 4820 7909 1636 15946
internal_value=-0.000415623 -0.00172276 0.00038217 -0.00414216 0.00032045 0.000590148 -0.000478913 -0.00141996 -0.000700447 -0.000517716 -0.0027595 0.0016432 0.00262418 -2.20656e-05 0.00164254 -0.00547608 -0.00116553 -0.00313443 0.00190425 0.000675657 -0.00182729 -0.0024906 -0.000543181 0.00341952 -0.00406143 0.00102411 -0.00814187 0.00629561 0.00547436 -0.000181669 0.000316666 -0.000612099 4.47537e-05 -0.0117157 -0.00227555 -0.00310694 -0.00318511 -0.00372751 -0.00410995 0.00188274 -0.00470806 -0.00293053 -0.00489302 -0.00926937 0.00684356 0.0102198 -0.00125729 0.000800629 0.00133904 -0.00625445 -0.00620969 0.00299411 0.000113907 0.00929452 -0.00385495 -0.00989185 -0.00272843 0.000279039 0.00477224 0.00276219 -0.000259664 0.00110667
internal_weight=238634 90444.5 148189 26864.4 147707 136393 67682.4 48522.5 63580.1 62543.6 19964.6 68710.6 43238.9 25471.7 34118.1 8969.32 19742.1 11052.9 19159.8 14309.9 33818.8 28784.4 10995.3 17282.3 17307.8 28724.8 6899.83 9120.77 9150.91 16835.8 15912.2 13323.5 31214.7 1036.48 8924.3 8179.25 14816.3 19515.8 18680.5 1695.04 16985.4 11314.2 8968.13 2491.49 745.05 3210.72 7541.51 8901.65 8689.22 2093.62 7190.3 8260.12 9268.66 464.623 7714.63 1211.98 6502.65 30473.3 2385.39 4399.15 17816.3 8131.42
internal_count=523529 173173 350356 54763 349570 325456 161197 121360 118410 116710 40522 164259 105685 58574 86978 17795 45245 24079 39837 29700 63043 54127 22727 43892 40523 53667 14241 18707 23498 43086 39501 32375 80837 1700 22546 20333 34831 36419 35210 2476 32734 24114 21293 5692 2213 5109 16437 18324 21166 4403 19045 19657 17708 978 19355 1470 17885 78122 6140 9829 33685 20394
is_linear=0
shrinkage=0.05


Tree=70
num_leaves=63
num_cat=0
split_feature=8 32 18 3 31 3 3 14 31 2 24 18 9 26 32 22 31 3 2 2 26 5 14 1 24 18 3 1 32 14 2 32 5 18 3 31 22 23 16 24 8 11 31 32 31 2 8 12 2 32 31 31 31 21 3 31 11 3 31 2 31 22
split_gain=112.068 75.5136 71.5152 97.4666 81.4969 85.4125 79.3217 71.9817 81.4604 69.9176 67.6678 70.9015 66.029 55.8058 54.6109 51.7586 50.159 48.8398 47.9839 47.3841 47.0995 43.7709 43.5764 45.8952 43.2581 42.4385 42.923 38.8501 38.8047 46.4101 38.3191 37.7336 36.7645 35.901 68.3389 39.3262 35.7725 35.3693 33.471 32.8832 32.5496 32.2916 32.2753 31.8184 87.6429 56.1652 31.0173 30.7392 30.6517 38.1815 30.59 30.2333 30.6263 30.2299 32.4327 34.5206 34.5191 30.2061 30.1207 47.6538 29.5435 29.4703
threshold=78.903500000000022 70.850000000000009 12.35000002384186 11.500000000000002 40.284500000000008 3.5000000000000004 4.5000000000000009 59.716023809523811 30.923000000000005 1.5000000000000002 14.500000000000002 0.25000000000000006 102.89900000000002 -0.84999999403953541 80.617500000000021 8.4333334763844814 79.51900000000002 10.500000000000002 1.0000000180025095e-35 2.5000000000000004 -5.3500001430511466 1.0000000180025095e-35 44.872901785714291 6.5000000000000009 382.50000000000006 5.2500000000000009 8.5000000000000018 14.500000000000002 76.640000000000015 52.763303571428587 3.5000000000000004 76.610000000000014 1.0000000180025095e-35 2.4499998092651372 8.5000000000000018 33.958500000000008 12.56666700045268 15.550000190734865 26.77020833333334 532.50000000000011 226.77150000000003 64.695541666666671 33.251500000000007 75.350500000000025 50.141000000000012 5.5000000000000009 100.56750000000001 14.845000000000001 2.5000000000000004 66.022500000000022 33.958500000000008 43.532500000000006 46.767500000000005 8.6999998688697833 4.5000000000000009 42.349500000000006 40.691375000000008 6.5000000000000009 43.532500000000006 5.5000000000000009 47.012000000000008 13.333333412806196
decision_type=2 2 2 2 2 2 2 2 2 2 2 2 2 2 2 2 2 2 2 2 2 2 2 2 2 2 2 2 2 2 2 2 2 2 2 2 2 2 2 2 2 2 2 2 2 2 2 2 2 2 2 2 2 2 2 2 2 2 2 2 2 2
left_child=2 30 6 4 9 13 24 8 57 31 33 27 25 -6 48 -13 17 22 -19 -16 -20 28 41 -24 -1 43 -27 50 29 38 39 -4 37 -10 35 -35 -18 -25 42 40 53 -3 -11 44 45 51 -32 -31 -5 -50 -12 -9 -53 -2 -55 56 -56 -8 -7 60 -60 -45
right_child=1 16 3 14 5 58 7 12 10 21 11 15 -14 -15 19 -17 36 18 20 -21 -22 -23 23 32 -26 26 -28 -29 -30 47 46 -33 -34 34 -36 -37 -38 -39 -40 -41 -42 -43 -44 61 -46 -47 -48 -49 49 -51 -52 52 -54 54 55 -57 -58 -59 59 -61 -62 -63
leaf_value=-0.053177987490389003 0.063666530831132565 -0.71664085599984606 0.27525159268856714 -0.096320312781798381 -0.10344507467215057 -0.011508484278919396 -0.47203985429495293 -0.071923481407503334 -0.068374443290365086 0.38751137257649837 0.027938643675550968 0.5956012861333958 0.80249616463319851 0.021130697103774132 -0.083614157646961118 0.043155661984671315 1.554162998795815 0.37750691197606234 -1.7398348119256442 -0.44288785116040708 -0.5120128970634461 -0.31059399444155994 -0.13663901672060161 0.1412215840800716 -0.16823775290951454 0.97521408097440954 0.11957700336387134 0.029523776950205118 0.39868909243989192 0.40998586597098985 -0.29680541428498125 1.4571487864223687 -0.70126781793983506 0.22873285269014265 -0.040859006198143699 0.021554917666370434 -1.2044064952731846 -0.18170379894057476 -0.052815667458617412 -1.4685258267172099 -5.2133639928757418 0.4015753834656538 -0.036387331991710424 0.40329976945574553 -0.75922920381750902 -0.24112425042755931 -0.97379070077265417 -0.26330215976548887 -0.096469970374360448 0.2138898685819422 -0.059204425906069426 1.2023628965328617 0.24543331573789492 -0.53990186166811116 -0.88970840084733427 0.69057407697166273 0.028915567485486272 -0.085172691121471147 0.82715326405002332 -0.083681503188270015 0.16818963569442502 0.00026656402532498902
leaf_weight=16685.643672302365 3371.9078018665314 1836.5142806470394 2806.9804303199053 2198.7891074419022 4261.4744929671288 1354.2223511636257 1628.7726501971483 2143.1065846681595 16193.478189140558 2687.3646406829357 4310.2874710857868 2875.6940614134073 2898.212384313345 7542.2929399311543 1624.7342604398727 19202.68395614624 122.8404198884964 615.86069577932358 450.30771851539612 1321.3075476288795 2579.8886054158211 436.5569248944521 8441.530480787158 19958.381496563554 5445.2297024130821 1227.8834439069033 3208.1000128388405 14523.395898804069 5727.6465423107147 230.68156935274601 1897.0751897990704 1608.7767503261566 461.21624702215195 1866.4324680268764 14942.720597952604 7388.2114019244909 908.4487527012825 4202.2186841070652 1009.8011795580387 263.89729553461075 280.65696640312672 456.30030719935894 839.21646238863468 3068.0814555287361 802.17573779821396 1367.7878728806973 2301.931928768754 1912.6091203093529 791.5152333676815 1782.3673712611198 12166.25697606802 448.12033566832542 1864.2267835736275 4165.8336454033852 788.22808691859245 1045.6791958212852 1355.0736284554005 1791.0988386571407 1643.2418423593044 573.88200172781944 1950.4315578639507 4710.7587429881096
leaf_count=43170 8657 2952 11326 6040 12990 4006 8537 5736 39137 14790 13044 6089 4035 18546 2785 42207 127 1116 815 2274 4623 1257 11624 29187 11843 2149 6729 33404 9796 602 4506 2803 640 5149 34521 13331 938 6189 2397 771 712 764 2390 3483 982 2477 5120 6145 2740 4531 24943 611 2342 9183 2480 2909 3807 3434 3909 1097 3333 5428
internal_value=-0.000424509 -0.00239258 0.000172212 0.00197486 0.00310865 0.000686048 -0.00036957 0.000143105 -0.0004403 0.00554032 -0.000162942 0.00101062 0.00274326 -0.00171511 -0.00310505 0.00317594 -0.00124606 -0.000958103 -0.00646704 -0.00845681 -0.00905259 0.00367384 -0.000389834 7.25054e-05 -0.00311753 0.00166221 0.00593781 -0.000531588 0.00422167 0.00163196 -0.00535924 0.0109672 0.00116328 -0.00170513 -0.000485626 0.0028906 -0.0121247 0.00143045 0.00449641 -0.0038398 -0.00342052 -0.00705409 0.00679421 0.000345157 -0.00220099 -6.54207e-05 -0.00943595 -0.00443005 0.00019953 0.00390235 -0.00219336 0.00265554 0.00661948 -0.00297966 -0.0047767 -0.000981275 -0.00461437 -0.00801856 0.00581831 0.00792295 0.0100592 0.00251377
internal_weight=238566 55503.8 183062 42303.9 34585.2 17325.5 140758 118627 96889 17259.6 93469.2 53078.3 21738.5 11803.8 7718.71 22078.4 40033.5 39002.2 3646.06 2946.04 3030.2 12843.9 35356.2 33063.3 22130.9 18840.2 4435.98 30999.9 12407.3 6679.67 15470.3 4415.76 24621.8 40390.8 24197.4 9254.64 1031.29 24160.6 4536.38 11271.3 11007.4 2292.81 3526.58 14404.3 6625.42 5823.24 4199.01 2143.29 4772.67 2573.88 16476.5 4455.45 2312.35 10726.7 7354.81 3188.98 2143.3 3419.87 5521.78 4167.56 3593.67 7778.84
internal_count=523658 97120 426538 113757 95387 43881 312781 257768 223796 51506 211825 119687 33972 31536 18370 48296 58975 57910 6554 5059 5438 37377 51356 47640 55013 29937 8878 71391 36120 26324 38145 14129 36016 92138 53001 18480 1065 35376 19577 28519 27748 3716 17180 21059 12148 11166 9626 6747 13311 7271 37987 8689 2953 27036 18379 9196 6287 11971 12345 8339 7242 8911
is_linear=0
shrinkage=0.05


Tree=71
num_leaves=63
num_cat=2
split_feature=8 13 28 32 8 31 31 23 3 32 6 16 3 8 17 8 21 24 0 17 31 25 13 1 23 10 3 31 3 14 32 32 10 32 31 2 14 14 3 17 3 2 2 14 21 8 0 3 15 7 3 15 14 12 25 1 1 2 12 23 31 14
split_gain=104.178 82.4865 69.6479 52.4086 59.9406 54.1479 48.7171 48.0557 60.8134 43.519 42.0426 47.5194 40.2805 37.4336 50.8431 37.3593 37.2796 37.0239 52.9433 53.4379 53.1161 40.3225 38.5869 36.5825 35.5036 35.3872 31.5586 45.1594 118.821 35.2526 49.266 31.6907 40.4723 36.4144 59.4535 36.3337 31.1947 30.9618 42.7366 46.3143 30.8137 54.822 52.5646 50.1442 31.7983 30.5306 36.5146 30.162 30.0711 29.7553 29.3195 49.668 44.3051 36.0676 29.0055 28.978 31.3231 28.7373 28.522 28.4855 34.5948 28.3564
threshold=18.162500000000005 32.715000000000011 12.366666913032534 75.557500000000019 161.00500000000002 50.141000000000012 29.381500000000003 17.050000190734867 2.5000000000000004 60.722500000000004 2.5000000000000004 -0.16458333333333838 11.500000000000002 73.720000000000013 1.0500000119209292 -0.79499999999999993 17.649999737739567 570.50000000000011 0 3.6499999761581425 65.46050000000001 6.7500000000000009 95.200000000000003 14.500000000000002 4.3500001430511483 52.632250000000006 3.5000000000000004 44.670000000000009 6.5000000000000009 13.911559523809528 67.517500000000013 74.935000000000016 19.424525000000006 67.162500000000009 39.189000000000007 1.0000000180025095e-35 26.728181547619055 7.7572023809523811 10.500000000000002 -2.4500000476837154 7.5000000000000009 1.0000000180025095e-35 1.5000000000000002 15.399679606625261 8.6499998867511767 94.848500000000016 1 4.5000000000000009 4.7230208333333348 3.5725000000000002 7.5000000000000009 5.3256250000000005 5.0239880952380949 0.77400000000000013 15.34999990463257 6.5000000000000009 20.500000000000004 1.0000000180025095e-35 15.990000000000002 14.34999990463257 75.473500000000016 55.858205357142865
decision_type=2 2 2 2 2 2 2 2 2 2 2 2 2 2 2 2 2 2 1 2 2 2 2 2 2 2 2 2 2 2 2 2 2 2 2 2 2 2 2 2 2 2 2 2 2 2 1 2 2 2 2 2 2 2 2 2 2 2 2 2 2 2
left_child=6 10 16 4 5 49 7 8 -1 -8 25 -12 13 14 -5 -11 45 18 19 -17 21 -21 26 -23 -10 -2 29 31 36 30 -20 33 37 34 48 -36 47 -33 57 -40 42 -42 43 -30 -44 -3 -47 -29 -28 -4 52 -52 54 -54 -35 -15 59 -39 -7 -57 -61 -14
right_child=1 2 3 12 -6 58 9 -9 24 15 11 -13 61 55 -16 17 -18 -19 22 20 -22 23 -24 -25 -26 -27 27 28 40 -31 -32 32 -34 50 35 -37 -38 38 39 -41 41 -43 44 -45 -46 46 -48 -49 -50 -51 51 -53 53 -55 -56 56 -58 -59 -60 60 -62 -63
leaf_value=1.2390388936358625 -0.084117330402870491 -0.041563628161629756 -0.3148115074262684 0.56968121831507834 -1.6427101970059639 -0.1236546076825313 -0.090740016045232991 -0.21017202820233011 -0.1272707111868579 0.070809441359708861 0.41674221673381417 -0.08854654768686393 -0.31017766834599608 -0.10554602936522316 0.13274474898266281 0.74024505999444612 -0.21361304711747736 -0.044928857856721544 0.11989405129818226 0.45006945652649766 0.66425633467826273 -0.032431408465713039 -0.11012233701300396 0.21257287845461781 0.13821775465354902 -0.60601234004484505 0.16889299762867904 0.19065960434977136 0.29982991334877401 -0.093527279131298935 -0.040566618014889769 -0.011103116901277167 -0.74499914778681164 -0.050856380241441505 0.56041757593498631 -0.08767312694237879 0.078465712150353903 -0.09931107557860451 2.1575742663276878 -0.075144791944045955 -0.15237443112167215 0.085991005490222872 -0.20609624245870883 -0.315507880837608 -0.045954220280837989 -0.08699125836254025 -0.48644112999608463 1.4063760225617186 0.030982485308970343 0.01430106715173487 -0.13651000936814381 -0.023245178954984916 -0.03897740296535495 0.15882803493558725 0.0072546836408911687 0.27330944354190567 -0.17466186696536951 0.25314516182503727 -0.70032865485127849 0.030606991261408246 -1.3449976926443128 0.048088152664768825
leaf_weight=1680.8211168497801 5687.6260636001825 31678.016353920102 2017.8912160247564 2785.1011229753494 1212.1289463788271 1697.0185520648956 1402.7170504033566 614.07153959572315 568.60609535872936 4414.0358720421791 917.10875904560089 13865.336534559727 1743.7810369729996 3500.1538074612617 9565.9426454305649 1915.6576053351164 6560.7388092726469 6916.962065577507 1563.7621655762196 1889.9725898057222 1763.7349355220795 10783.592265143991 4900.6702454686165 4057.7093508094549 2400.8300024122 2109.6849254518747 1672.3065710812807 1460.6030751466751 398.82375913858414 3009.2998392879963 3280.0963671505451 1700.1655711233616 182.92586582899094 2437.6060885190964 255.64494103193283 2331.6667057573795 884.36764216423035 239.30618005990982 503.11325913667679 1315.3126437664032 934.03212481737137 4985.4808953106403 508.20934337377548 178.31169897317886 1576.9775725007057 6848.0187115073204 6399.2909309417009 1556.1083854436874 3128.1861856281757 33661.319506347179 1710.1727141588926 5452.3306045085192 1301.9479692876339 2299.525538906455 1631.7512070536613 8301.2035499513149 2119.6701344251633 1900.8076599240303 1481.2459384799004 2659.53127810359 300.59263777732849 1802.2704347372055
leaf_count=4255 14178 69005 5516 5245 2670 2349 4706 1606 1101 13154 1430 34215 3030 5038 11824 5444 12986 14202 3159 4651 1828 26747 9357 11151 6250 4368 6610 2049 461 7090 10246 3324 221 6025 884 8172 1146 343 926 2454 1503 8500 586 209 1818 11876 10200 2027 10077 86496 4431 13738 4644 6158 4041 12199 2970 3050 2353 3943 310 3170
internal_value=-0.000455922 -0.00128134 -0.000776438 0.000218434 -0.000994521 -0.000652813 0.000866374 0.00553575 0.00727179 0.000581954 -0.00406141 -0.00249418 0.00170119 0.00231168 0.00440336 0.000726079 -0.00218406 0.00048084 0.000809072 0.0029737 0.00215146 0.00128118 -2.04532e-05 0.000405012 0.002968 -0.00703192 0.000407668 0.00096958 0.0034714 -0.00249323 0.000147479 -0.000143368 0.00313339 -0.00100488 0.00186299 -0.00424566 0.0107055 0.00388301 0.00630637 0.000669361 0.000182115 0.00219134 -0.00428443 0.00905901 -0.00798018 -0.00166983 -0.00368536 0.0131257 0.00515555 -9.56584e-05 -0.00243327 -0.00473351 -0.000285125 0.00375355 -0.00385949 0.000781133 0.00184064 0.0110935 -0.00690544 0.00289019 -0.00132066 -0.00333065
internal_weight=238622 146914 124334 72847.9 40069.6 38857.5 91708.2 5264.33 4650.26 86443.9 22579.8 14782.4 32778.2 29232.2 12351 85041.2 51486.1 80627.1 73710.2 20410.7 18495 16731.3 53299.5 14841.3 2969.44 7797.31 48398.8 40545.7 12482.9 7853.16 4843.86 28062.8 5841.63 22221.1 7387.8 2587.31 3901.08 5658.71 3958.54 1818.43 8581.84 5919.51 2662.32 577.135 2085.19 44925.3 13247.3 3016.71 4800.49 35679.2 14833.3 7162.5 7670.83 3601.47 4069.36 16881.2 13381 2140.11 3178.26 11261.3 2960.12 3546.05
internal_count=523715 305371 251180 147113 99384 96714 218344 13212 11606 205132 54191 35645 47729 41529 17069 200426 104067 187272 173070 49821 44377 42549 123249 37898 7351 18546 113892 93397 18299 20495 13405 75098 10318 64780 25743 9056 5222 10097 6773 3380 13077 10003 3074 670 2404 91081 22076 4076 16687 92012 39037 18169 20868 10802 10066 24460 19422 3393 4702 16452 4253 6200
cat_boundaries=0 1 2
cat_threshold=12 8
is_linear=0
shrinkage=0.05


Tree=72
num_leaves=63
num_cat=2
split_feature=8 7 27 7 8 24 1 5 6 9 3 7 17 16 31 0 3 16 31 3 31 3 3 17 31 31 14 31 3 8 12 3 8 8 31 12 5 31 31 3 18 11 9 10 11 17 8 17 10 3 9 16 29 17 31 8 0 14 1 1 19 30
split_gain=107.514 83.4915 75.9778 70.2466 60.5141 57.1058 55.2199 41.6873 40.4028 39.9818 39.2646 35.3169 33.5293 44.741 39.584 45.5644 38.2944 47.6126 39.2784 101.186 81.3509 56.429 54.4524 40.6658 37.3075 38.3779 33.4176 32.4082 32.3269 52.2134 31.7039 31.6859 31.619 31.1296 28.652 28.2297 27.8339 27.3748 41.8294 50.3719 50.9103 26.2907 26.0592 26.9046 25.5858 25.1267 32.5684 25.0859 24.8561 25.0118 23.7477 24.5901 35.8333 23.501 23.0784 23.2486 22.9772 23.575 22.6548 22.6402 22.3483 22.2015
threshold=103.18150000000001 105.45150000000002 20.35000038146973 93.268500000000003 2.9515000000000007 673.50000000000011 5.5000000000000009 1.0000000180025095e-35 1.5000000000000002 41.33850000000001 5.5000000000000009 2.7615000000000003 1.8499999642372134 -0.35095833333333343 41.223500000000008 0 3.5000000000000004 24.576479166666669 43.488500000000009 5.5000000000000009 48.669000000000004 5.5000000000000009 4.5000000000000009 10.550000190734865 33.251500000000007 30.568500000000004 39.912717261904767 32.086000000000006 11.500000000000002 24.771500000000003 17.556500000000003 8.5000000000000018 226.77150000000003 47.048500000000004 79.51900000000002 2.9100000000000006 1.0000000180025095e-35 46.923500000000011 43.532500000000006 3.5000000000000004 6.0500001907348642 2.4708333333333337 176.01000000000002 162.09627500000002 11.649583333333336 17.250000000000004 9.3510000000000009 11.550000190734865 20.347650000000002 2.5000000000000004 48.367500000000007 0.7274583333333392 4.8500001430511483 12.449999809265138 71.881000000000014 2.7690000000000006 1 99.900148809523827 11.500000000000002 21.500000000000004 22.94999980926514 1.0000000180025095e-35
decision_type=2 2 2 2 2 2 2 2 2 2 2 2 2 2 2 1 2 2 2 2 2 2 2 2 2 2 2 2 2 2 2 2 2 2 2 2 2 2 2 2 2 2 2 2 2 2 2 2 2 2 2 2 2 2 2 2 1 2 2 2 2 2
left_child=1 2 4 26 -1 6 31 12 -3 -9 53 54 14 -14 28 -16 17 -15 21 20 22 23 -20 24 25 -18 -2 -28 59 -30 -22 37 36 -33 56 45 42 38 44 -40 -41 -23 -5 -44 -6 -21 -47 -24 -17 -50 51 52 -37 -7 55 -4 57 60 -48 -8 -10 -43
right_child=3 8 11 32 5 10 7 9 34 -11 -12 -13 13 16 15 48 18 -19 19 35 30 41 47 -25 -26 -27 27 -29 29 -31 -32 33 -34 -35 -36 50 -38 -39 39 40 -42 61 43 -45 -46 46 58 -49 49 -51 -52 -53 -54 -55 -56 -57 -58 -59 -60 -61 -62 -63
leaf_value=0.01989706648304005 -1.1813580233355037 0.87825751623406634 0.035029828191401415 -0.068738017833927509 -0.071147879730326311 -0.10201788968283088 0.31366121382455286 -0.011577772165668243 0.90607902227052728 -0.40902873780776627 -0.063001913835053186 0.11438729320010932 0.8655917664555155 0.012442994858053891 0.73167376772328296 -0.015432224683089801 -0.20151558108125034 -0.23495264303656638 0.17696422182572613 0.14190169579477008 0.16777887096950272 -0.070722961207876897 1.6582860957982317 -0.36043569284279187 -0.15914948984364133 0.69435825278156038 -0.71900744838398334 -0.30859560020647431 0.38152174387869631 -0.27259218242302147 -0.42020442320034912 -0.062225954286019382 -2.0766133951734802 -0.48007001706292096 -0.38592115604934335 -0.21132334391094601 -1.0358139144330416 -0.089568001121351867 -0.20895883192517226 -0.036617954633269001 0.64776745363352506 -0.06218541354370704 1.1835779340011023 -0.17831886744786926 -0.022719579544160731 0.28068383875633618 -0.3740323434284909 0.73603590236778427 -0.64412428106268116 -0.13745990922284337 0.064686549495065471 -0.084733330226510806 1.3498690138038594 -0.66049783698010001 0.86846206368991408 -0.05315880965179183 0.059695821668556942 -0.045292839799657619 -0.081589315806812154 -0.0089761089917939074 -0.052899000400086743 0.017601982964444308
leaf_weight=24109.284893915057 1145.0193952172995 2429.0529226213694 3516.357457190752 17236.676453202963 2499.5594343990088 568.0845819413662 6716.7356779128313 1753.8370932936668 3165.5508538931608 1479.266894608736 2151.4294599741697 20775.802950724959 536.41622552275658 3262.188064455986 1287.2012674808502 3984.8305133581161 872.20548170804977 4122.2093227505684 1580.7639359235764 4087.9577141106129 1287.0478217601776 1831.4087895154953 1305.2355833053589 2530.1910528242588 3085.1731085032225 965.28730738162994 2471.2607015371323 9204.1993449926376 1092.8800767958164 1512.7050339877605 823.62889719009399 8466.8605706989765 758.36573477089405 2424.4300319254398 333.71494668722153 161.48096907138824 425.4367852807045 9030.7725202739239 404.78110048174858 1054.4304703474045 1525.0387930870056 6827.146205842495 751.6095535159111 532.96990051865578 12845.350108474493 422.38582861423492 333.9370511174202 904.07617139816284 318.93801414966583 1330.2642348706722 5343.2525483369827 9489.8473579883575 376.55748605728149 850.86989359557629 247.89623230695724 5733.9566535353661 6645.7069033384323 1111.539751380682 1055.3108217120171 1501.6408249139786 651.20516069233418 23432.153069362044
leaf_count=62367 2757 4334 9457 27942 7440 1291 20665 4026 6083 3620 3901 46837 738 10410 3811 11374 4780 8202 2180 5375 1742 5138 1730 8985 6886 3614 4942 15395 2182 2680 1087 17889 1277 4597 345 181 654 13798 1195 1305 2054 17091 1186 729 35569 476 383 1186 1009 2708 6365 11210 414 1768 254 14832 11366 1669 1201 3976 1448 63492
internal_value=-0.00040655 1.49653e-05 -0.000260131 -0.00307815 -0.000690914 -0.00109623 -0.00092975 -0.00028743 0.00369538 -0.00586729 -0.0073361 0.00203851 -9.20877e-05 -0.000556562 0.0018614 -0.0010917 -0.000660807 -0.00407708 -0.000282619 0.00118093 0.00697343 -0.00128827 0.0113536 -0.00520729 -0.00255845 0.00308071 -0.00595877 -0.00515846 0.00374964 -0.00110292 -0.000893559 -0.00253527 -0.00120376 -0.00481603 0.00249611 -0.000426225 -0.000802756 -0.00162721 -0.000516996 0.00489833 0.00747206 -0.000377973 -0.000511943 0.00635532 -0.00157041 0.00251369 -0.00238708 0.0164216 -0.00303102 -0.00819673 -0.00155468 -0.00298917 0.0074002 -0.0137897 -0.000487173 -0.000891338 0.00291296 0.0054955 -0.00608345 0.00528807 0.00737244 -2.57981e-05
internal_weight=238681 206156 191819 32525.5 161545 137436 133865 95614.2 14336.8 3233.1 3570.38 30274 92381.1 74635.9 17745.2 6921.23 74099.4 7384.4 66715 27171.5 5900.75 39543.6 3790.08 7452.86 4922.67 1837.49 12820.5 11675.5 10824 2605.59 2110.68 38251.2 19705.1 10891.3 11907.7 21270.7 18946.7 27359.9 18329.2 2984.25 2579.47 32090.7 18521.3 1284.58 15344.9 5899.59 1811.63 2209.31 5634.03 1649.2 15371.1 10027.9 538.038 1418.95 9498.21 9250.31 11574 4928.3 1389.25 8218.38 3816.76 30259.3
internal_count=523598 468716 443471 54882 372091 309724 302764 218917 25245 7646 6960 71380 211271 162866 48405 18902 162128 18612 143516 33530 7925 109986 5096 24265 15280 8394 23094 20337 29503 4862 2829 83847 31788 22486 20911 25605 30511 61361 47563 4554 3359 85721 29857 1915 43009 7435 2060 2916 15091 3717 18170 11805 595 3059 24543 24289 20566 9200 1584 24641 7531 80583
cat_boundaries=0 1 2
cat_threshold=12 8
is_linear=0
shrinkage=0.05


Tree=73
num_leaves=63
num_cat=5
split_feature=8 1 1 2 10 0 21 14 20 1 2 21 18 0 23 8 22 14 8 17 14 17 10 17 20 9 20 2 0 0 15 8 17 22 14 9 10 21 17 22 17 22 21 0 23 8 1 10 1 2 9 21 11 21 9 9 2 26 2 8 20 1
split_gain=94.5614 81.4898 98.8635 72.854 68.0615 60.5922 68.3265 52.1508 53.9156 67.2041 70.1952 49.7155 42.8738 40.5742 75.0462 40.5638 40.2409 38.489 35.8107 35.3644 34.353 32.971 30.9971 30.4825 35.4541 30.357 29.0448 28.9172 27.4887 26.272 25.9946 25.9053 25.5601 25.4712 24.4799 24.1171 23.9082 31.4319 23.8894 23.5421 22.8483 22.1621 21.2892 20.5946 23.1127 20.5675 20.5451 30.5042 20.3343 22.9162 19.6926 19.3408 19.2809 19.1753 19.1141 19.1118 39.947 19.0093 19.088 18.8281 21.3356 18.7246
threshold=122.49900000000001 14.500000000000002 20.500000000000004 5.5000000000000009 26.25075 0 12.899999737739565 41.202827380952385 342.50000000000006 5.5000000000000009 4.5000000000000009 8.1499998867511767 20.549999952316288 1 13.050000190734865 73.720000000000013 22.59999982515971 92.35045238095239 4.1560000000000015 3.4500000476837163 59.948035714285723 12.949999809265138 29.678825 16.349999427795414 3.5000000000000004 7.4910000000000005 358.50000000000006 1.5000000000000002 2 3 11.146395833333338 91.231500000000025 1.0000000180025095e-35 19.800000230471294 64.384791666666686 111.93650000000001 61.997900000000008 15.625000000000002 -7.3500001430511466 20.30000003178915 -0.55000001192092884 8.13333308696747 6.4500000774860391 4 6.6499998569488534 22.775000000000002 9.5000000000000018 88.527450000000002 6.5000000000000009 4.5000000000000009 3.2290000000000005 20.975000143051151 59.015000000000008 6.0749999880790719 144.52650000000003 38.777500000000011 3.5000000000000004 7.4500000476837167 2.5000000000000004 -6.4449999999999994 441.50000000000006 16.500000000000004
decision_type=2 2 2 2 2 1 2 2 8 2 2 2 2 1 2 2 2 2 2 2 2 2 2 2 8 2 10 2 1 1 2 2 2 2 2 2 2 2 2 2 2 2 2 1 2 2 2 2 2 2 2 2 2 2 2 2 2 2 2 2 10 2
left_child=1 3 11 4 20 16 17 23 9 15 19 54 -12 14 40 41 55 -7 38 -11 21 28 -15 24 52 50 35 -10 32 39 -27 53 -1 -28 36 -20 -24 -38 -5 -4 -13 45 -34 44 -17 -9 -21 -48 -44 -50 -23 -26 57 -31 -3 -2 -57 58 -6 -40 -61 -16
right_child=5 2 29 18 7 6 -8 8 27 10 12 13 -14 22 61 43 -18 -19 26 46 -22 25 34 -25 51 30 33 -29 -30 31 -32 -33 42 -35 -36 -37 37 -39 59 -41 -42 -43 48 -45 -46 -47 47 -49 49 -51 -52 -53 -54 -55 -56 56 -58 -59 -60 60 -62 -63
leaf_value=0.80406655897804902 0.33037151588302649 0.24022803382454525 0.236413134271654 1.5566253132128016 -0.18400780041539502 -0.70241548175804613 -1.1587551307622233 2.1327404341206417 -0.030422046906896649 0.47260773320513122 -0.27450265729216294 1.4932252481961663 0.34877902532454996 0.021578067561540116 -0.10943938370624795 0.19342161244092471 -1.0686221233531938 0.03925917048355565 -0.092468116701858352 0.31568229665006292 0.23461986099117579 -0.011249653913130776 -0.053430423834214306 -0.32231367520404924 -0.0063679037653326283 -0.12415451055935556 -0.23368940868436436 -0.34797624156774526 0.011243760517415869 0.078309683913162509 -0.017495752606060046 -0.34233395595158567 0.51476268975718076 0.016507567445920125 0.31893082586410859 -1.5998141961170589 -0.23448820088971678 -0.61583791626177242 0.30420752813972396 -0.24405930431970435 0.33473051773662804 -0.036925827471131357 -0.021077758087764686 -0.26242466919927554 -0.2216308226813023 0.14259196851808387 0.09132824079439672 -0.5897141845525472 0.64906260919223413 -0.044564952777781476 0.06694227062162815 -0.20357993192376364 0.088944400552565306 -0.041879513510652534 1.3022786062233971 0.0568890374108805 -0.60321791362257327 -0.11341324413234387 -0.54460461670070903 -0.0034162098770104347 -0.075871553945419751 0.094487037333288559
leaf_weight=758.27953271567822 1683.4679858088493 10226.405659526587 4914.6587789952755 206.1979808807373 1935.4024789780378 3610.073053970933 2700.333665445447 197.18120141327381 2789.9030840545893 4838.4796672463417 2689.4294586181641 619.6479477584362 424.05935898423195 14955.069765746593 3287.5161499977112 1413.4188151806593 1014.0125082731247 2798.7665247023106 12167.206743836403 5506.3391672968864 4470.3710532337427 4108.3439559489489 4120.3314447700977 2928.4348496794701 7960.0638691931963 4285.6389208137989 1139.8871367275715 4488.990436822176 27126.080653205514 2896.6508085280657 6838.9934776723385 2124.7790373116732 789.22192247211933 288.35714437067509 1117.9932291954756 203.57541778683662 1152.0093117803335 577.30237126350403 284.60561576485634 821.93892325460911 11076.44517916441 9170.5639425367117 2857.8131003826857 4970.5417139083147 2140.9355335086584 1551.3800057768822 3339.2898341715336 752.61395284533501 1358.0376330912113 622.5456431210041 3267.9877516776323 622.23168870806694 748.84532871842384 16714.020460128784 939.46669456362724 6114.4993517398834 1818.383217394352 2396.3928669393063 1089.7985654622316 5563.8280497789383 1445.1975307017565 3640.9093311429024
leaf_count=2096 2831 23388 11896 543 4477 5991 4882 256 5971 11149 5355 1536 721 35045 7330 2629 1792 4265 26075 10075 7715 11821 9320 7125 19685 10269 2118 9731 64491 6241 15866 3428 2082 489 1857 366 1968 976 932 2015 25534 18651 8805 7571 3994 3182 6360 1296 3765 1701 7863 1484 1527 38562 1605 10005 2888 4893 2645 12793 3319 8511
internal_value=-0.000400117 -0.000101255 0.00118021 -0.000827433 -0.000343276 -0.00371448 -0.00670403 -0.00148772 -0.000570942 0.000203064 0.00244611 0.00246789 -0.00436205 0.00165426 0.00336936 -0.00182154 -0.00114495 -0.0038994 -0.00351957 0.00391459 0.000912027 0.000550479 0.000195485 -0.00378315 -0.00285782 -0.00114375 -0.00503095 -0.00450424 0.00148582 -0.00124369 -0.00279288 -0.00203754 0.00443438 -0.0117803 -0.00255866 -0.00425083 -0.00385429 -0.00878667 -0.000738453 0.00176441 0.0058138 0.000196397 0.00327881 -0.00440593 -0.00148251 0.0053534 0.00215718 -0.000526278 0.00203562 0.00592788 0.00134342 -0.000779254 -0.00574825 -0.00147008 0.00542202 -0.000146612 -0.00117357 -0.00678685 -0.00942157 -0.00121389 -0.00172643 -0.000752573
internal_weight=238661 218922 79185.1 139736 118438 19739.5 9109.17 61954.3 44273.1 36994.2 17550.2 51713.1 3113.49 40547.2 18624.5 19444 10630.4 6408.84 21298.9 14436.7 56483.3 52012.9 21922.7 17681.2 14752.7 18501 13799 7278.89 33512 27472 11124.6 21735.5 6385.9 1428.24 6967.64 12370.8 5849.64 1729.31 7499.83 5736.6 11696.1 10919.1 5627.62 8524.9 3554.35 1748.56 9598.24 4091.9 4838.4 1980.58 7376.33 8582.3 6170.44 19610.7 11165.9 9616.35 7932.88 5421.59 3025.2 7293.63 7009.03 6928.43
internal_count=523752 491098 179212 311886 265251 32654 15138 128777 86941 71239 34956 117070 6076 92077 42911 36283 17516 10256 46635 28880 136474 128759 49166 41836 34711 45819 29048 15702 82940 62142 26135 48231 18449 2607 14121 26441 12264 2944 17587 13911 27070 22089 16353 14194 6623 3438 17731 7656 14271 5466 19684 21169 13542 44803 24993 15724 12893 12015 7122 17044 16112 15841
cat_boundaries=0 1 2 3 4 5
cat_threshold=8 12 12 8 8
is_linear=0
shrinkage=0.05


Tree=74
num_leaves=63
num_cat=4
split_feature=22 27 2 21 8 21 6 31 3 8 31 0 1 8 7 15 8 15 14 20 8 7 0 31 10 29 10 31 17 0 31 0 14 14 31 3 31 3 17 9 9 23 17 24 2 3 14 14 14 31 31 9 14 1 11 8 31 11 31 3 3 11
split_gain=93.6886 75.3466 59.3183 55.8773 54.2572 46.0263 53.4318 42.8298 63.7111 37.0474 43.2684 40.7596 37.1967 35.678 41.6587 34.4848 41.618 34.8719 33.3456 33.2594 32.0005 43.4551 30.4738 30.435 29.7214 28.3377 31.0569 28.2415 42.639 28.0117 27.6729 27.3294 26.6015 25.575 34.8784 24.9359 24.8559 44.7809 29.1374 28.9325 24.7167 23.9663 23.8115 22.8326 22.7384 22.486 29.583 22.4035 21.5565 21.3095 25.6743 22.3624 24.9223 21.0742 21.0146 20.9248 20.0598 19.4161 19.2228 27.8347 27.7111 25.6493
threshold=22.59999982515971 11.34999990463257 4.5000000000000009 11.450000345706941 145.27400000000003 7.0749999880790719 4.5000000000000009 29.307000000000002 3.5000000000000004 8.7525000000000031 31.261000000000003 0 5.5000000000000009 124.53500000000001 8.7325000000000017 20.531312499999988 18.541500000000003 22.19583333333334 39.497809523809529 488.50000000000006 122.49900000000001 119.44100000000002 1 50.008000000000003 8.0627500000000012 14.84999990463257 33.593150000000001 44.072500000000012 15.449999809265138 2 40.392000000000003 3 19.603869047619053 59.085598214285717 52.610000000000007 5.5000000000000009 60.909500000000008 7.5000000000000009 3.3500000238418584 16.311000000000003 9.0565000000000015 8.7500000000000018 10.449999809265138 701.50000000000011 5.5000000000000009 11.500000000000002 55.349229166666674 57.494282738095244 56.33961011904762 31.214000000000002 29.381500000000003 24.243500000000004 17.13410714285715 20.500000000000004 93.804416666666683 168.35900000000001 79.51900000000002 43.351187500000002 44.199000000000005 4.5000000000000009 6.5000000000000009 6.2141666666666673
decision_type=2 2 2 2 2 2 2 2 2 2 2 1 2 2 2 2 2 2 2 10 2 2 1 2 2 2 2 2 2 1 2 1 2 2 2 2 2 2 2 2 2 2 2 2 2 2 2 2 2 2 2 2 2 2 2 2 2 2 2 2 2 2
left_child=1 5 3 9 27 6 57 8 18 10 -3 -12 -11 14 24 16 43 -17 -4 36 21 25 -15 -18 -5 26 -7 28 49 -22 -30 -28 -29 -25 -35 42 38 -38 39 -14 -10 -33 -26 -9 -36 -16 -47 -42 -37 50 51 52 -2 55 -31 -41 -19 -1 -13 -60 -61 -62
right_child=4 2 7 13 -6 20 -8 15 40 12 11 58 19 22 45 17 23 56 -20 -21 29 -23 -24 33 35 -27 31 32 30 54 -32 41 -34 34 44 48 37 -39 -40 53 47 -43 -44 -45 -46 46 -48 -49 -50 -51 -52 -53 -54 -55 -56 -57 -58 -59 59 60 61 -63
leaf_value=0.021937758543355026 -0.26915944686189336 1.3405738221267902 1.3279461088049402 0.014502695726874432 -1.3042817038061842 -0.020752120349777525 -0.07336102720907807 -0.0035316523146887492 0.44669257384178779 -0.047961152654034757 0.65137521092664308 -0.0069653769359099282 -0.13435432882829562 -0.14485759919124833 0.11021232057622771 0.26133829636681599 -0.13233517956969151 0.0022294588736705644 0.1856793190042631 -0.10639254917435022 -0.099064919898404213 0.20865044209847383 -0.95538417656656172 -0.43769910397575185 -0.078967873859230014 0.014070375622416443 -0.12928841997933596 0.00174302184858679 -0.17759416034546033 -1.0649318929235745 0.024194880812120702 -0.31451853399861562 -0.18001054492788493 -1.1603578474345013 -0.47120623050589983 -0.047598306257494727 -0.4956435007328171 0.74961436014437344 0.074198813379958581 0.59750838501309111 -0.22744856150601445 -0.12602107306112773 -0.36750239894592407 -0.11572289969213978 1.0540042097138664 -0.30021692952291279 0.29198404419248336 0.1904453105581021 0.42829974531807019 0.017852608992972207 -0.35088766518214953 -0.14461530474230139 0.34046252202458083 -0.016344163525634416 -0.45624616417146807 -0.23167254535641818 -0.3151734196357534 0.24090114915434133 -0.025015297074454157 1.5794529656588976 0.72879999090428882 -0.028711318138658504
leaf_weight=5340.8936357349157 253.76133012771606 1262.4744822233915 558.99545159935951 5364.7805711627007 1289.267347484827 32070.813846424222 9057.7054137587547 11417.428690671921 146.29973803460598 7882.040327757597 3007.3170209228992 4118.3274569511414 1161.5369910001755 2224.738564312458 19471.355347812176 1216.8117124140263 7639.351425036788 9096.631858214736 953.20564630627632 3050.0054636746645 2312.421133980155 4861.472010537982 1235.4751314222813 1016.8563171923161 2810.0704700499773 9245.3387785255909 12289.175133496523 1536.0860356092453 1384.7783056795597 1555.2383766770363 588.42896208167076 4848.2804234325886 4990.0944424271584 303.23365005850792 405.88200157880783 5054.2078136056662 305.29526203870773 3931.3827981352806 14342.123851507902 4623.6837089806795 874.37620882689953 4963.2112524062395 996.08355511724949 564.25834012031555 309.07253468036652 904.99741530418396 548.74245002865791 480.97147449851036 912.2503522336483 7440.5504738688469 716.92471486330032 2112.0817244648933 776.38707688450813 928.54620496928692 1626.667696043849 370.8565628528595 198.80818700790405 6757.1627136319876 1165.7213979661465 600.288434445858 333.11389589309692 688.84349566698074
leaf_count=13173 469 3413 1661 14792 2259 77549 19518 26707 309 16201 7643 11001 3034 3892 41647 2347 16232 18377 3647 6337 3780 8189 2243 1276 6311 21005 26450 3853 4681 2657 784 9546 8982 515 552 11132 354 4127 31940 11259 2268 10698 2159 986 443 2309 1373 1046 1594 17378 1649 6944 1816 2218 2453 704 205 12510 2855 774 523 893
internal_value=-0.000393087 -8.44331e-05 0.000735046 0.00143361 -0.00357492 -0.00114172 0.000914178 -0.000998218 0.00470029 0.00258421 0.00510372 0.00399264 0.00181465 4.28257e-05 0.000508214 -0.00153224 -0.00267279 0.000817403 0.0119411 0.00264982 -0.00173129 -0.00143584 -0.00480622 -0.00511192 -0.00148977 -0.0017851 -0.00222173 -0.00292733 -0.00160297 -0.00540199 -0.00838269 -0.00366387 -0.00562016 -0.0105444 -0.00493554 -0.00313119 0.00323646 0.00673556 0.00254431 0.0051675 -0.00259454 -0.00563102 -0.00629286 -0.000703085 0.0010967 0.00195357 -0.0040431 -0.00470548 -0.00111356 -0.000418428 -0.00343289 -0.00148327 0.00455361 0.00658229 -0.00843402 0.00786801 -0.000224876 0.00308831 0.00186529 0.00507325 0.00930626 0.00429034
internal_weight=238493 217405 122476 87294.3 21088.4 94928.4 21155.8 35182.2 3013.85 47771.6 11176.1 9913.61 36595.5 39522.7 36062.5 32168.3 21656.1 10512.3 1512.2 28713.4 73772.6 68278.3 3460.21 9674.4 15137.4 63416.8 54171.5 19799.1 13272.9 5494.33 1973.21 22100.7 6526.18 2035.04 1018.19 9772.61 25663.4 4236.68 21426.7 7084.62 1501.65 9811.49 3806.15 11981.7 714.955 20925.1 1453.74 1355.35 5966.46 11299.7 3859.15 3142.23 1030.15 5923.09 3181.91 4994.54 9295.44 12098.1 6906.29 2787.97 1622.25 1021.96
internal_count=523642 474827 267299 190728 48815 207528 45201 76571 8931 103276 27102 23689 76174 87452 81317 67640 46711 20929 5308 59973 162327 153437 6135 19018 35988 145248 124243 46556 33721 8890 5465 46694 12835 2786 1510 21196 53636 4481 49155 17215 3623 20244 8470 27693 995 45329 3682 3314 12726 28256 10878 9229 2285 14181 5110 11963 18582 25683 16046 5045 2190 1416
cat_boundaries=0 1 2 3 4
cat_threshold=12 8 8 12
is_linear=0
shrinkage=0.05


Tree=75
num_leaves=63
num_cat=5
split_feature=8 0 21 3 22 18 0 22 1 3 30 8 3 5 0 31 18 3 31 5 8 31 7 2 31 13 31 2 31 3 18 3 18 18 31 3 2 5 23 3 31 0 31 16 2 0 23 2 1 13 8 31 2 28 2 28 22 2 31 31 8 31
split_gain=97.0292 65.0202 86.4957 82.0941 57.0626 53.3888 73.3227 52.2246 50.1737 47.8538 45.9896 45.4979 41.9133 40.4541 39.8071 38.9251 53.2686 36.8251 35.7116 45.6649 41.1489 35.5346 33.9501 32.7627 50.2544 37.3254 38.1332 32.7562 33.559 46.4998 40.9121 52.0774 32.2282 31.0858 30.3855 30.1669 29.998 29.7328 28.9237 32.4685 28.7384 28.2969 28.2527 26.8757 25.9994 25.3518 25.5253 25.2205 25.0597 25.0586 24.8523 27.2373 39.0492 44.1108 31.6156 30.6562 34.2784 26.2229 24.7018 53.693 51.3683 36.5928
threshold=76.711500000000015 0 12.949999928474428 8.5000000000000018 8.4333334763844814 12.450000047683718 1 23.333333750565853 14.500000000000002 11.500000000000002 1.0000000180025095e-35 24.771500000000003 3.5000000000000004 1.0000000180025095e-35 2 41.223500000000008 20.149999856948856 3.5000000000000004 43.532500000000006 1.0000000180025095e-35 17.142500000000002 75.473500000000016 123.59950000000002 4.5000000000000009 35.877500000000005 15.004000000000001 32.69850000000001 5.5000000000000009 43.532500000000006 5.5000000000000009 1.0000000180025095e-35 9.5000000000000018 4.1500000953674325 17.649999976158146 29.011000000000006 11.500000000000002 5.5000000000000009 1.0000000180025095e-35 6.7500000000000009 7.5000000000000009 46.767500000000005 3 27.737000000000005 40.337375000000002 5.5000000000000009 4 12.550000190734865 4.5000000000000009 16.500000000000004 56.855000000000011 2.0010000000000003 48.39950000000001 2.5000000000000004 16.20000048478445 1.0000000180025095e-35 18.966666618982952 15.03333353996277 4.5000000000000009 47.502000000000002 65.46050000000001 0.32150000000000006 40.392000000000003
decision_type=2 1 2 2 2 2 1 2 2 2 2 2 2 2 1 2 2 2 2 2 2 2 2 2 2 2 2 2 2 2 2 2 2 2 2 2 2 2 2 2 2 1 2 2 2 1 2 2 2 2 2 2 2 2 2 2 2 2 2 2 2 2
left_child=4 7 3 23 14 8 9 22 12 11 45 13 42 -7 21 16 -8 49 -12 20 48 -1 38 25 -25 -3 -27 28 29 32 -30 50 -14 -9 -18 -19 -4 -28 39 -2 -22 -33 -6 -16 -36 -10 -47 -42 -20 -17 -32 52 53 -52 -53 56 -56 -58 61 60 -60 -29
right_child=1 2 36 -5 5 6 15 33 10 -11 18 -13 27 -15 43 17 34 35 19 -21 40 -23 -24 24 -26 26 37 58 30 -31 31 41 -34 -35 44 -37 -38 -39 -40 -41 47 -43 -44 -45 -46 46 -48 -49 -50 -51 51 54 -54 -55 55 -57 57 -59 59 -61 -62 -63
leaf_value=0.25150848793159108 -0.086375111392274662 -1.2053606309979905 -0.58989512027447799 -0.76416975333670334 0.14808745185896363 1.0105239331276625 -0.0050817669188224727 -0.63810392415418882 0.013084227437320628 -0.12054368665241766 0.0043908491218561888 0.1980433018268562 -0.27345124085735523 -0.31781942016150161 0.036860675438576296 -0.044367113180090373 0.13094697021950116 0.077870192886693002 0.087496401144492197 -0.29770676237163729 0.45425548618294109 1.7021743317674607 0.12645544379789672 0.020859828564254015 -0.83255481107157614 -0.3453424389143363 0.18689959957492805 -0.05240380295010541 -0.060700501671521148 -0.013569238003939433 0.42342277440677611 0.15306471051073503 -0.062973892821218791 0.10152061827920439 0.70925182597147407 -0.062837852243008557 0.10329440121726918 -1.8896174833470116 -0.15202146082741763 0.40995222136657755 0.097261176386255255 -0.20829784571793317 -0.19408631085388511 -0.060884517058685361 -0.047666410856165346 -0.08501792035017347 0.034016827912121621 -0.17008108106576528 0.32080231937230824 -0.23125697598491646 1.3207950570168876 -0.19080054189176787 0.048299833537939298 0.010141040254941469 0.18315007742039882 0.39078651695748978 -0.0086303874137716452 -0.25807752994878691 0.090079246744596025 0.0085428840060312265 -0.19396663140341391 0.068847806997874988
leaf_weight=11331.94629779458 5944.1464877128601 190.67846602201462 3649.3553899377584 2187.3456389605999 602.10532459616661 2099.9745267480612 9641.8723663389683 2794.6394072324038 6586.1568269282579 1437.40672275424 18055.01348541677 4690.274792984128 1959.4417646974325 169.24583487212658 12325.574624016881 5787.2928331494331 2465.0480737239122 3113.4604864120483 2382.9788711965084 452.11636725068092 1432.2059807479382 313.53463065624237 10237.016702607274 845.68510346114635 607.92202800512314 1631.9582784622908 5174.94827260077 5555.4796389788389 7940.9126716852188 28778.111771345139 745.52730983495712 401.09499543905258 4408.3539723604918 499.90895117819309 2036.7663639187813 1564.6754801571369 339.38624405860901 92.87202650308609 20137.20537546277 3119.3312361687422 4352.5315014123917 795.49672999978065 5048.5121632814407 3694.803567558527 426.14091391861439 4714.6792161464691 1306.457364320755 1760.2404035329819 2670.5810542106628 1049.4997892379761 1142.7576199769974 1430.0381481647491 1545.1377786397934 560.17575806379318 3453.8206362128258 1234.7676308751106 2469.9902315139771 533.87704706192017 439.80191048979759 1640.9239875674248 2229.7409349679947 2290.3259136378765
leaf_count=27221 10977 492 6148 3371 3557 6374 27051 5340 16472 3451 52851 13395 6989 447 28821 15070 7253 6984 3040 627 2007 322 16285 1408 847 3499 7588 16005 9083 78584 903 1286 13735 808 4487 5468 530 134 37912 5762 5256 1694 11828 6742 841 10139 2694 2101 3264 2993 1512 1603 2012 727 3964 1420 2804 604 511 1707 2709 4002
internal_value=-0.000404856 -0.00219513 -0.00505988 -0.00272612 0.000163207 -0.000213748 0.00151849 -0.00120674 -0.000716032 0.00557877 0.000631072 0.00730065 -0.00149902 0.0131116 0.00225327 0.000209064 0.00192618 -0.0019634 0.00166355 0.00365612 0.00421671 0.0044761 -0.000701724 -0.000512946 -0.00734842 0.000889227 0.00149363 -0.00116254 -0.00066317 -0.00162517 0.000856157 0.00245297 -0.00549111 -0.00725371 0.0061545 0.00145465 -0.0113491 0.00356249 -0.00157032 0.000775212 0.00187767 -0.0075283 -0.00563996 0.000634091 0.0100813 -0.00191627 -0.00425726 0.000383511 0.00770785 -0.00430211 0.00336407 0.00282917 0.00676036 0.0119802 0.00142888 0.00269809 0.00131717 -0.00258855 -0.00352022 -0.00656065 -0.0109345 -0.00184919
internal_weight=238519 57452.4 14720.2 10731.4 181067 153401 34481.7 42732.2 118919 8396.9 43713 6959.5 75206.4 2269.22 27665.9 26084.8 14569.8 11514.9 31105.7 13050.7 12598.5 11645.5 39437.7 8544.06 1453.61 7090.46 6899.78 69555.8 57399.5 35145.9 22253.6 14312.7 6367.8 3294.55 4927.96 4678.14 3988.74 5267.82 29200.7 9063.48 7544.98 1196.59 5650.62 16020.4 2462.91 12607.3 6021.14 6112.77 5053.56 6836.79 13116.1 12370.6 3248.07 1702.93 9122.49 7692.46 6457.69 3003.87 12156.3 4310.47 2669.54 7845.81
internal_count=523711 101101 24017 17339 422610 359504 93814 77084 265690 23667 98451 20216 167239 6821 63106 70147 39632 30515 69146 16295 15668 27543 70936 13968 2255 11713 11221 151854 126920 99308 27612 18529 20724 6148 12581 12452 6678 7722 54651 16739 9364 2980 15385 35563 5328 29305 12833 7357 6304 18063 15549 14646 4251 2239 10395 8792 7372 3408 24934 4927 3220 20007
cat_boundaries=0 1 2 3 4 5
cat_threshold=12 12 12 8 12
is_linear=0
shrinkage=0.05


Tree=76
num_leaves=63
num_cat=3
split_feature=5 22 31 0 24 24 3 17 28 22 31 31 9 26 0 23 17 20 17 29 31 20 0 31 4 15 6 12 16 21 16 15 31 16 31 20 31 3 14 3 4 9 22 25 6 22 14 21 13 21 23 13 17 20 14 9 4 17 4 21 31 17
split_gain=77.891 74.7569 64.5325 61.502 60.5998 60.3323 56.2993 47.0456 44.2854 43.4033 39.6848 37.6435 40.1919 36.1937 35.8063 50.3374 35.8673 46.3582 34.4969 34.4341 33.6902 33.5377 34.3757 31.7861 28.8894 28.8399 31.9962 40.4404 39.5096 30.1056 27.1726 26.5463 25.7975 24.6687 24.5224 23.6495 23.591 26.974 27.5695 22.7338 22.1475 21.989 28.519 26.7373 23.1362 20.9664 20.7897 20.7024 24.566 23.8735 23.2615 20.6543 20.0217 22.3771 19.7485 19.2532 19.1812 19.1098 24.8218 18.7216 18.6846 31.9766
threshold=1.0000000180025095e-35 10.433333436648054 79.51900000000002 0 1.0000000180025095e-35 304.50000000000006 4.5000000000000009 4.7500000000000009 12.133333603541059 21.733333071072899 75.473500000000016 40.067000000000007 28.171000000000003 6.3500001430511483 1 13.84999990463257 -10.550000190734862 178.50000000000003 10.650000095367433 7.7500000000000009 70.809500000000014 11.500000000000002 2 43.532500000000006 1.0000000180025095e-35 30.839562500000003 4.5000000000000009 3.5125000000000006 36.197541666666673 6.7499998956918725 -0.16458333333333838 17.277708333333337 32.641500000000008 63.267729166666676 32.185000000000009 226.50000000000003 45.876500000000007 5.5000000000000009 33.121398809523818 4.5000000000000009 1.0000000180025095e-35 14.127500000000003 19.800000230471294 15.250000000000002 5.5000000000000009 14.400000333786013 88.201413690476201 7.2000000774860391 72.15000000000002 9.8000002801418322 17.150000572204593 59.755000000000003 3.7500000000000004 109.50000000000001 84.666767857142872 24.622500000000006 1.0000000180025095e-35 10.250000000000002 1.0000000180025095e-35 17.44999992847443 54.582000000000008 16.349999427795414
decision_type=2 2 2 1 2 2 2 2 2 2 2 2 2 2 1 2 2 8 2 2 2 10 1 2 2 2 2 2 2 2 2 2 2 2 2 8 2 2 2 2 2 2 2 2 2 2 2 2 2 2 2 2 2 8 2 2 2 2 2 2 2 2
left_child=1 3 4 35 7 14 8 13 -7 18 25 -2 36 19 15 20 -16 47 23 -3 24 22 -12 -8 52 26 29 30 -29 -5 -28 40 -26 51 -32 -1 -13 38 -38 -37 59 -9 43 60 -44 -45 -14 -18 50 -50 -49 -30 54 -54 -6 -27 -41 58 -4 -20 -43 -62
right_child=11 2 57 10 5 6 9 41 -10 -11 21 12 46 -15 16 -17 17 -19 31 -21 -22 -23 -24 -25 32 55 27 28 33 -31 34 -33 -34 -35 -36 39 37 -39 -40 56 -42 42 44 45 -46 -47 -48 48 49 -51 -52 -53 53 -55 -56 -57 -58 -59 -60 -61 61 -63
leaf_value=0.39039948153300652 -0.030763086638356543 -0.084006271495376747 0.2918701639857823 0.23015225562520528 1.1748686696752721 -0.34748730366727493 0.020523478293687412 -0.01747245176523542 -0.067867405549390858 -0.089287146451978883 1.5776688000304859 -0.25296137636720345 -0.59479369663519432 0.13674751751283179 0.40123443306768786 -0.043477603524371133 0.071356312393352536 0.046605669148279461 0.015709542119438046 0.0054192653692766825 1.4398760467922747 1.6879128935924073 -0.41040059662492007 1.1360344964296181 0.22230069752025838 -0.0026152693547039085 2.0394942737039905 -0.15996565392159168 0.55359187942329702 0.022241010628360858 0.48901878068942461 0.031278609796893432 -0.066183770119549221 -0.26814395984138251 0.0029564755633047948 -0.27225561518842817 0.028070342818564867 0.42998908475118536 -0.2771029353528599 0.39219850084202157 -0.081201831895462817 -0.13203532322762809 -0.27533505366099931 0.16069688871732632 -0.10755343744122109 -0.094473309017832463 -0.020335239875137481 -0.040037548974332274 0.014522934877717476 -0.27295276609410574 0.055581493414013042 0.11211936554231608 0.088226662344186357 0.41077096955133535 0.2212174713433262 -0.15658439380896599 -0.16569761001444372 -0.37130743877282452 -0.23595066505030077 -0.11704737232584317 -0.18138628373096194 -1.251486549235169
leaf_weight=11283.669046208262 3992.8528456389904 9783.7851404547691 378.05561745166779 4442.4442373067141 1503.8314881175756 2175.4119361191988 999.45805369317532 13719.005355298519 4183.084531545639 3474.7658475190401 215.87532991170883 553.14449036121368 1896.0244235992432 3025.5397353023291 1935.9415217787027 8695.3521793186665 3432.9119775593281 8958.1098171770573 6769.4756878763437 21660.679150819778 1252.6151894927025 563.63600265979767 443.679103910923 697.84682261943817 1749.091850399971 3866.8881333172321 192.51769703626633 7801.6692483872175 593.1456636339426 14617.543139621615 1182.195899695158 10788.49424533546 4390.3675915300846 348.06175407767296 5765.2070273458958 984.46378734707832 659.06267368793488 300.99834388494492 356.76402807235718 2167.1088962703943 3394.6475863754749 7567.1639071702957 3364.3146957308054 1571.0093907564878 1493.8358191549778 7427.3877344578505 261.24712896347046 10691.066752016544 1126.6711051911116 3131.3739895224571 1713.9321566522121 1023.9407411962748 5668.8446526229382 6214.7382518351078 1508.4281100928783 4105.3609584718943 672.70805983245373 2105.8377959728241 169.65973007678986 1227.0370523035526 1931.7445580363274 580.53458839654922
leaf_count=24748 11253 24301 390 9745 4558 4984 3077 32506 10105 7737 222 1519 3170 7511 3983 19639 7137 21367 13880 50463 1287 579 456 899 4510 8934 274 16538 1063 34630 3241 21504 9622 929 13985 2835 1131 379 494 4241 6597 17018 7216 2635 3012 13713 336 24817 1986 5563 4086 2046 12605 14228 2619 6751 1443 2177 175 2280 2061 646
internal_value=-0.000416175 -0.00024779 -0.000782944 0.00126577 -0.000660581 0.000164362 -0.00153796 -0.00175497 -0.00577551 -0.000552671 0.000341374 -0.00525987 -0.00867014 -0.000420264 0.00109034 0.0022919 -0.000111691 -0.000550903 0.000207239 -0.000922881 0.00355141 0.00922099 0.00156129 0.00707525 0.00307668 9.4053e-05 0.000697157 -0.000886254 -0.00297695 0.00210166 0.00197366 -0.000318633 0.00019038 0.00335816 0.00145868 0.00402598 -0.0033025 0.000339395 -0.00355785 0.000630392 -0.00200196 -0.00297673 -0.00389145 -0.00302024 -0.00731136 -0.00103899 -0.0133192 -0.00188435 -0.00261275 -0.00588915 -0.00148773 0.0059573 0.0042662 0.00334279 0.00790684 -0.00262659 0.00290019 -0.00851786 -0.000197179 -0.000565274 -0.00478872 -0.00852446
internal_weight=238752 230732 170462 60270.1 167808 95683.5 33710.2 72125 6358.5 27351.7 45162.2 8020.09 4027.24 34470 61973.3 30983.3 30990 29054.1 23877 31444.5 22287.9 1223.19 659.554 1697.3 21035.3 43939 35966.7 16906.7 9766.82 19060 7139.92 22179.7 6139.46 1965.15 6947.4 15107.9 1869.97 1316.83 1015.83 3824.28 11391.2 37655 23936 19077.8 4858.15 8998.4 2157.27 20096 16663 4258.05 12405 1617.09 14895.8 11883.6 3012.26 7972.25 2839.82 2653.55 547.715 7996.51 10079.4 2512.28
internal_count=523836 505554 372894 132660 370152 209070 71063 161082 15089 55974 99393 18282 7029 82275 138007 69068 68939 64956 48237 74764 49429 1257 678 3976 48142 98136 82451 38076 20576 44375 17500 44261 14132 4038 17226 33267 3523 2004 1625 8519 22757 78807 46301 36073 10228 16348 3506 43589 36452 7549 28903 3109 34010 26833 7177 15685 5684 2742 565 16160 19725 2707
cat_boundaries=0 1 2 3
cat_threshold=8 12 4
is_linear=0
shrinkage=0.05


Tree=77
num_leaves=63
num_cat=1
split_feature=8 32 5 32 7 31 31 31 31 8 32 16 0 17 12 22 20 23 18 22 16 8 32 24 4 22 32 16 32 12 6 32 32 7 32 31 32 32 32 32 8 17 13 13 25 20 31 15 31 31 32 24 28 15 26 17 6 16 13 19 24 8
split_gain=96.0629 68.8344 73.8485 63.6983 56.1877 54.9067 50.5912 126.131 74.3103 64.8557 61.6061 49.8417 46.5573 60.2524 41.9918 41.1934 40.9021 43.3041 36.9911 36.7367 35.9737 35.8008 35.4142 33.7858 33.4032 34.7538 34.3999 31.1795 30.5483 47.7013 37.3048 33.8454 80.6618 56.7325 46.5223 40.897 57.4381 40.8592 40.4339 51.3105 42.9578 36.3368 32.3372 39.8826 31.7011 30.2635 30.1642 29.9379 29.2992 37.2607 34.5021 28.3951 27.0756 26.5833 26.2243 25.5569 25.4188 35.8421 27.7935 32.8745 25.3714 25.302
threshold=41.994000000000007 72.767500000000027 1.0000000180025095e-35 84.490000000000023 9.0050000000000008 79.51900000000002 43.532500000000006 47.012000000000008 33.608000000000011 98.172500000000014 68.397500000000022 19.563604166666668 0 4.9500000476837167 3.6910000000000003 12.56666700045268 1.0000000180025095e-35 17.94999980926514 26.050000190734867 13.033333520094555 20.600208333333338 -0.79499999999999993 84.490000000000023 308.50000000000006 1.0000000180025095e-35 17.333333412806194 65.695000000000007 -0.60831250000000014 75.100000000000009 2.9100000000000006 1.5000000000000002 69.822500000000005 69.790000000000006 14.786000000000003 70.445000000000007 33.907500000000006 69.397500000000022 68.69250000000001 72.690000000000012 72.64500000000001 18.541500000000003 11.650000095367433 8.1025000000000009 71.209000000000017 16.750000000000004 286.50000000000006 40.067000000000007 26.890312500000007 32.022500000000008 61.875000000000007 77.637500000000017 552.50000000000011 11.166666746139528 6.3595624999999929 5.3500001430511483 10.050000190734865 3.5000000000000004 1.4358333333333346 46.636500000000005 17.44999980926514 575.50000000000011 194.36250000000004
decision_type=2 2 2 2 2 2 2 2 2 2 2 2 1 2 2 2 10 2 2 2 2 2 2 2 2 2 2 2 2 2 2 2 2 2 2 2 2 2 2 2 2 2 2 2 2 10 2 2 2 2 2 2 2 2 2 2 2 2 2 2 2 2
left_child=3 2 4 12 -2 16 8 10 9 20 -8 -9 13 -1 55 -7 22 61 21 -11 -6 -14 48 -16 25 26 -15 -23 31 30 -30 32 35 -34 -33 37 42 -29 39 41 -41 -36 -37 47 -40 -26 -20 -44 50 -50 -3 -43 -39 -10 -12 -13 57 -31 59 -58 -28 -18
right_child=1 5 -4 -5 6 15 7 11 53 19 54 14 18 24 23 -17 17 -19 46 -21 -22 27 -24 -25 45 -27 60 28 29 56 -32 34 33 -35 38 36 -38 52 44 40 -42 51 43 -45 -46 -47 -48 -49 49 -51 -52 -53 -54 -55 -56 -57 58 -59 -60 -61 -62 -63
leaf_value=0.65918508783212415 -0.31871728695951984 -0.53287558589422301 -0.7614731870109257 0.93026622102324341 -0.039624901700203642 1.7061084305573715 -0.14688552200254712 0.25856428060357634 -0.61980516129202723 -0.073676233500404961 0.087069986743671279 -0.24955919950150582 0.056004811066060034 -0.082242590470859869 -0.27674140345583143 -0.59951668947547143 0.13158477693358428 -0.2402603607247821 0.99730265963397402 -0.74689723004410424 0.33575013914982921 0.26885909658953056 0.19330734606795175 -0.76123685925864759 0.058709556447766521 -0.052600649864084331 0.81059707975088535 0.013255726484556685 -0.048877102317207211 0.36970453141376924 0.083353159132586493 -0.087445257512137248 -0.26106609271718373 1.5587382085075672 0.054835816225135225 -0.040025171060964662 -0.17853155107972871 -0.0049803309966133472 -0.10213375404049266 1.8751728489369317 -0.095613558792754294 -0.016827535610194611 0.028779227854597925 -0.12487149199845159 0.0071032097027257102 -0.094573089702837274 -0.046288266133496285 -0.054307850266176738 0.038526022500559344 -0.29783530145081799 -0.094116572124594775 -0.15859057034069798 0.41150905889537087 -0.35010533027837598 0.76816272381264883 0.67568103510175848 -0.1170240422462252 0.011499057292367798 0.0018992571758415623 0.036351846494982354 -0.025566570364729913 -0.81372076015585082
leaf_weight=3136.8010385036469 4956.5308518409729 2780.9327064454556 1903.4685580730438 346.58910137414932 7973.8909602314234 185.76880443096161 1577.7488242089748 1795.6415869295597 3138.5829761326313 1594.4682390987873 675.34651297330856 588.90007463097572 3749.9882918447256 1680.8266610950232 5055.8700103461742 1445.0548778176308 23549.869842454791 2478.9821632504463 1506.9233213663101 2380.2831767052412 2679.0512172579765 709.34637498855591 1329.0648923516273 1266.6358705461025 4928.5081308633089 2730.422682672739 5145.1907466799021 13383.505604654551 1899.3039931952953 828.022440969944 11601.734619915485 4272.1920384168625 90.626938611268997 819.07547301054001 3920.9483224749565 7154.6018287837505 1060.1939058303833 594.95845644176006 6568.6253735274076 434.32422739267349 158.54068201780319 2782.4036979079247 17171.106248468161 5018.7554564476013 3003.3608940392733 3244.7524533867836 856.59583610296249 4113.6404540091753 10467.509353607893 4230.4930236935616 5651.647093296051 846.69022609293461 1238.6608594059944 5428.4276465922594 2940.5652744472027 605.63443219661713 4959.0917257070541 11010.073547124863 7970.6255511343479 1021.4566113650799 1004.1448945850134 891.96468636393547
leaf_count=8848 12794 5178 4685 565 32137 192 4603 2972 7774 3555 1305 1054 11262 6387 8555 1493 33697 3554 3384 4708 6738 1135 2169 1725 11314 7417 10838 48482 2869 1140 17110 10687 391 1090 8032 22326 3098 1427 12085 553 203 7620 48459 13472 5570 6865 2843 13007 17310 4434 9764 1812 3267 15515 3938 769 7283 15816 11244 1619 1933 1306
internal_value=-0.000363706 -0.00156973 -0.0030182 0.000471095 -0.00258806 -0.000352124 -0.00192997 0.000386064 -0.00337841 -0.0012124 0.00662849 -0.00309566 0.000418248 0.00253756 -0.00488337 -0.00938148 -6.53539e-05 0.00127932 2.76764e-05 -0.00666203 0.000821367 -9.81079e-05 -0.00154533 -0.0065076 0.00146461 0.00332187 0.00501549 -0.00025814 -0.000324412 0.000798697 0.00320642 -0.00093196 -0.00022078 0.0145253 -0.00257001 -0.000490784 -0.00144275 0.00166859 -0.00144035 0.0011495 0.0153005 3.64189e-05 -0.00107948 -0.000268731 -0.00364343 -0.000935261 0.00621895 0.000676722 -0.00200146 -0.000653469 -0.00435066 -0.00356857 0.00866616 -0.00707618 0.0102248 0.00371174 -0.000461857 0.00124218 -0.00190778 -0.00448386 0.0067479 0.00191802
internal_weight=238535 97572.3 44561 140963 42657.6 53011.3 37701 14506.3 23194.7 14627.7 5193.66 9312.68 140616 21870.6 7517.04 1630.82 51380.5 26920.8 118745 3974.75 10652.9 116382 24459.6 6322.51 18733.8 10560.6 7830.16 112632 111923 39290.3 13501 72632.2 50645.1 909.702 21987.1 49735.4 34518.3 15217.1 17714.9 8142.91 592.865 7550.04 33458.1 26303.5 9571.99 8173.26 2363.52 21284.7 23130.6 14698 8432.58 3629.09 1833.62 8567.01 3615.91 1194.53 25789.3 11838.1 13951.2 5980.55 6149.34 24441.8
internal_count=523377 191924 112827 331453 108142 79097 95348 24921 70427 47138 9846 15075 330888 53602 12103 1685 77412 38557 277286 8263 38875 271059 38855 10280 44754 26575 19158 259797 258662 57081 19979 201581 155019 1481 46562 153538 100362 53176 35875 18220 756 17464 97264 74938 17655 18179 6227 61466 36686 21744 14942 9432 4694 23289 5243 1823 37102 16956 20146 8902 12771 35003
cat_boundaries=0 1
cat_threshold=8
is_linear=0
shrinkage=0.05


Tree=78
num_leaves=63
num_cat=3
split_feature=8 7 8 32 0 7 27 12 2 31 32 31 8 2 17 16 14 31 32 32 7 21 2 31 31 15 5 31 32 8 10 16 29 8 26 16 15 15 0 26 16 31 32 30 7 1 14 32 16 31 15 10 31 32 14 6 31 21 0 30 31 15
split_gain=87.7932 79.5052 70.3374 57.7293 53.641 53.2205 68.3928 42.9639 41.3508 38.7261 38.6935 42.5823 38.3923 35.7132 35.34 34.4925 35.8693 34.132 33.3419 89.6113 40.1406 32.4272 32.2045 59.5082 40.091 36.8179 39.8392 38.9072 47.4252 31.9297 30.789 29.9304 29.7935 28.1505 27.7206 27.7134 28.3302 27.5441 27.4072 27.378 27.1492 26.1634 41.4197 25.9362 24.3208 24.3109 24.2881 24.1936 23.1545 22.7801 22.767 22.7607 22.5873 23.1213 22.5559 22.3245 22.0379 21.9343 21.9174 21.8381 23.0954 21.0508
threshold=110.90250000000002 113.47100000000002 8.7525000000000031 70.850000000000009 0 9.0050000000000008 19.599999427795414 2.9100000000000006 4.5000000000000009 65.46050000000001 73.595000000000013 56.568000000000005 -0.23749999999999996 2.5000000000000004 4.5499999523162851 103.70833333333336 56.33961011904762 59.45900000000001 72.690000000000012 72.64500000000001 4.9315000000000007 6.8500001728534707 4.5000000000000009 46.923500000000011 43.488500000000009 31.547479166666673 1.0000000180025095e-35 45.876500000000007 75.100000000000009 226.77150000000003 19.424525000000006 36.197541666666673 9.5500001907348651 69.015000000000015 5.7500000000000009 -0.16458333333333838 47.143750000000011 1.8291666666666659 1 11.84999990463257 53.019437500000016 59.45900000000001 78.552500000000023 58.500000000000007 142.72750000000005 15.500000000000002 50.470144151138719 81.672500000000014 -0.037187499999998146 50.208500000000008 2.0410208333333348 33.159300000000009 48.669000000000004 70.850000000000009 7.1696972049689434 5.5000000000000009 77.191000000000017 23.57499980926514 2 392.50000000000006 42.415500000000002 113.64345833333333
decision_type=2 2 2 2 1 2 2 2 2 2 2 2 2 2 2 2 2 2 2 2 2 2 2 2 2 2 2 2 2 2 2 2 2 2 2 2 2 2 1 2 2 2 2 2 2 2 2 2 2 2 2 2 2 2 2 2 2 2 1 2 2 2
left_child=1 2 10 4 13 9 7 46 61 35 12 21 -1 -2 32 16 38 55 19 20 -14 -12 24 59 31 26 27 28 -26 44 -25 33 40 -16 -33 39 51 -11 -5 -4 -9 49 -43 -23 -18 -10 48 -31 -7 -29 -19 -37 53 -53 -45 -13 -44 -34 -30 60 -24 -3
right_child=3 8 5 15 -6 6 -8 14 45 37 11 17 18 -15 22 -17 29 50 -20 -21 -22 43 23 30 25 -27 -28 41 58 47 -32 34 57 -35 -36 36 -38 -39 -40 -41 -42 42 56 54 -46 -47 -48 -49 -50 -51 -52 52 -54 -55 -56 -57 -58 -59 -60 -61 -62 -63
leaf_value=0.051930504827665619 -0.14189520397354652 0.55546767822388432 0.020041788152400389 -0.15178559156650007 -1.611071160181518 1.9168559834046648 0.13455128016806825 -0.029194633360484445 -0.085493108976948937 1.0046169513758634 0.57744193490947715 -0.047390928804215582 -0.02227795528994618 -0.81404889598998498 -0.088502779249848021 -1.9023320510302124 -0.09929298411626758 0.51379566139538613 -0.093066002633086189 1.7860052199408309 0.024769160530435787 0.024073463528340791 -0.067844577909395382 -0.02988506920979388 0.88494359776006903 -0.13958612897263659 -0.61629265658882315 0.056196529750808466 0.40515156045282846 -2.7531921470133938 -0.38696527238091716 -0.45974953844320066 0.068559722048955982 -0.42719408973478185 0.12032018450602373 -0.05362034830233682 0.056438148511911382 0.015606068066389513 -0.84296305376145719 1.6257313613520834 -0.22785050112447325 0.61753917453749807 -0.066442992553163965 -0.025194179097767107 0.2129528235201118 0.31988886190877236 0.32221338844912856 0.30420434613444558 0.0018456594765442259 -0.12595560261629909 0.008279350811059771 -0.31401451517585777 -0.50180646867038947 -0.062983140219323636 0.212767649040525 -0.20136822258370723 0.53268370892349726 -0.42017198549994444 -0.23594287019304155 -0.18666599274594114 0.12992809594149471 -0.63518450894929657
leaf_weight=5313.8713732510805 2957.2838897258043 6715.8727880120277 882.5349081158638 917.41876828670502 1206.9321449995041 207.96992635726929 14448.031140044332 11153.610892817378 3311.8571841418743 428.78455412387848 2521.7919833362103 1488.8049778342247 16458.966857582331 2330.41912715137 11245.249464020133 295.5694924890995 12723.224973604083 561.65496170520782 2046.0026394128799 361.42233848571777 17776.997776836157 9781.3926728963852 4868.7387492805719 1455.1212456226349 1583.7076607942581 4390.67168161273 309.72355708479881 4238.8579355478287 225.4290144443512 509.6750596165657 3860.9439254105091 584.59003409743309 14241.884554818273 3496.212704539299 3756.3020395338535 13557.778435021639 1490.8537804782391 1489.1143857240677 1252.0023046135902 178.87354183197021 1717.3565900623798 1384.0545443296432 2805.5241348147392 391.02616965770721 4395.7807874083519 2277.4648111462593 3687.8594333678484 254.15343326330185 11500.449984520674 2892.1090511083603 4224.2853417992592 3574.5768044143915 1829.944941341877 3178.0178310275078 3187.65734192729 321.85847666859627 797.34795492887497 280.72899961471558 458.78596705198288 1030.444636002183 1672.3254029154778 156.24056535959244
leaf_count=17086 7554 12032 1544 1598 2488 298 32617 27496 5493 439 4243 1873 48729 5505 33417 715 18009 591 4200 460 51094 19120 13317 1628 2474 5217 493 5759 266 851 4653 1437 35027 8542 7478 33564 3538 1564 1784 251 4363 1519 2969 813 6009 3956 7880 300 32016 3525 4535 11861 2587 5362 4457 405 820 659 542 2259 2420 162
internal_value=-0.000369292 -2.78797e-05 -0.000270096 -0.00306312 -0.00716707 -0.000919201 -0.0004269 -0.000919932 0.00384646 -0.00292258 0.00108888 0.00276279 0.000192043 -0.0049604 -0.00139387 -0.00175293 -0.0015025 -0.000613844 -0.000383959 -1.70997e-05 -0.000278904 0.00416524 -0.0021712 -0.0043322 -0.00144144 0.000178876 0.00137926 0.00176174 0.00777081 -0.000765754 -0.00838649 -0.00306201 5.49239e-05 -0.0041365 0.000587037 -0.00345419 -0.00380922 0.00392003 -0.00757248 0.00444651 -0.00169656 0.000636564 0.0034144 0.0031832 -0.000319175 0.000652539 0.00149491 -0.010761 0.000380221 -0.00130627 0.00159851 -0.00425847 -0.00627338 -0.00493678 0.0068248 -0.00645917 0.000589201 0.00160722 -0.00322624 -0.0014849 -0.000418591 0.00644372
internal_weight=238644 211802 199340 26842.5 6494.64 134905 108294 93846 12461.4 26610.5 64435.7 22478.5 41957.3 5287.7 78449.7 20347.8 20052.3 6596.6 36643.4 34597.4 34236 15881.9 51056.1 12887.6 38168.6 19086.2 14695.5 14385.8 2267.92 17882.8 5316.07 19082.4 27393.6 14741.5 4340.89 24692.6 23631.2 1917.9 2169.42 1061.41 12871 12117.9 4986.93 13360.1 17119 5589.32 15396.3 763.828 11708.4 7130.97 4785.94 22140.3 8582.54 6752.59 3578.68 1810.66 3602.87 14522.6 684.215 7571.51 6541.06 6872.11
internal_count=523863 479050 457407 44813 15547 299801 239091 206474 21643 60710 157606 36037 121569 13059 166280 29266 28551 7404 104483 100283 99823 28633 98735 24277 74458 23584 18367 17874 3282 25169 6281 50874 67545 41959 8915 58707 56912 2003 3382 1795 31859 14592 5308 24390 24018 9449 40194 1151 32314 9284 5126 53374 19810 17223 5270 2278 3789 35686 808 17996 15737 12194
cat_boundaries=0 1 2 3
cat_threshold=12 12 4
is_linear=0
shrinkage=0.05


Tree=79
num_leaves=63
num_cat=3
split_feature=8 1 1 24 32 2 1 0 0 24 2 16 2 3 10 17 10 13 31 10 3 0 2 10 14 10 7 8 32 2 17 3 14 10 25 14 8 8 32 3 32 31 8 10 17 14 17 21 3 5 14 31 31 3 8 25 32 25 2 21 30 25
split_gain=79.8477 74.5991 69.8809 64.7046 62.2051 57.5937 63.3401 56.6327 49.9028 54.1656 46.5519 42.6143 40.5933 38.1448 43.6269 36.8934 36.3518 43.6261 42.2997 35.4917 35.2268 36.2629 36.7414 35.8484 34.9191 43.0803 33.9417 33.8337 32.2209 36.4359 31.315 40.9144 31.2446 35.2268 29.5706 29.4435 29.1628 28.9699 27.2028 26.5197 26.1709 26.1173 24.771 24.4573 25.5525 24.0241 23.6948 23.2976 23.2429 22.5038 22.4613 22.2247 21.9642 45.3216 20.9603 20.8833 20.7431 20.344 28.0915 20.1245 23.4671 20.8174
threshold=103.18150000000001 14.500000000000002 21.500000000000004 421.50000000000006 70.850000000000009 5.5000000000000009 4.5000000000000009 0 1 364.50000000000006 3.5000000000000004 103.70833333333336 1.0000000180025095e-35 5.5000000000000009 9.408825000000002 14.449999809265138 27.744125000000004 51.340000000000011 59.163000000000004 3.5367500000000001 11.500000000000002 2 4.5000000000000009 22.899150000000002 64.384791666666686 61.997900000000008 101.361 3.0325000000000002 72.64500000000001 4.5000000000000009 3.3500000238418584 3.5000000000000004 64.384791666666686 47.238350000000004 15.84999990463257 44.872901785714291 23.612500000000001 49.081500000000005 64.205000000000013 3.5000000000000004 61.780000000000008 48.699500000000008 44.345000000000006 200.53172500000002 1.8499999642372134 89.704214285714286 11.750000000000002 16.050000309944156 3.5000000000000004 1.0000000180025095e-35 92.35045238095239 79.51900000000002 29.307000000000002 3.5000000000000004 54.662500000000001 24.750000000000004 75.295000000000002 17.250000000000004 3.5000000000000004 6.5000000447034845 120.50000000000001 24.849999427795414
decision_type=2 2 2 2 2 2 2 1 1 2 2 2 2 2 2 2 2 2 2 2 2 1 2 2 2 2 2 2 2 2 2 2 2 2 2 2 2 2 2 2 2 2 2 2 2 2 2 2 2 2 2 2 2 2 2 2 2 2 2 2 2 2
left_child=1 3 8 5 7 6 12 10 9 36 43 26 19 14 28 20 18 -18 -14 -1 21 22 30 -24 25 59 35 -17 29 -5 39 -32 33 -23 -22 -6 56 52 -38 54 -33 -21 -35 44 -2 -19 48 -27 -16 -42 -9 -28 53 -7 -8 -40 -3 58 -52 -10 61 -61
right_child=4 2 -4 13 11 37 15 50 24 -11 -12 -13 16 -15 46 27 17 45 -20 41 34 32 23 -25 -26 47 51 -29 -30 -31 31 40 -34 42 -36 -37 38 -39 55 -41 49 -43 -44 -45 -46 -47 -48 -49 -50 -51 57 -53 -54 -55 -56 -57 -58 -59 -60 60 -62 -63
leaf_value=0.061077655147747968 0.55787990098114548 0.42058234461029509 -0.0368220075304087 0.089755260225558242 -0.90125257685704951 0.61078832917092019 1.2066898487863786 -1.3228864379371448 0.17463519081254628 0.007197555922050825 -0.78877120235509723 -1.7833056295190393 0.0043578768773948617 -0.027742030891480599 -0.35532998349032963 0.11002433461102518 -0.23013362211115584 -0.10476160475201741 0.26700922807078264 -0.08196789304459709 -0.18059807513410109 0.02973824994943839 0.23583789944069028 -0.15587215340519106 0.47212653350784906 -0.19486580787054442 0.046832011679626008 -0.052551839521349258 0.75121043735939841 -0.11204939414463846 -0.17626212056265977 -0.19437068897996373 0.35210214710110765 -0.63384966776151119 0.050049533664069702 -0.16831961194250755 -0.061674967798834503 -0.25963693563936652 0.40347937129389622 1.4975691794097377 0.52271790282299457 -0.29481783380495269 -0.12778599207137625 -3.8064009329868806 -0.25802169033619665 0.088780325523225123 -0.58902083776894798 -0.50504382325691566 -0.088985525437905014 -0.38978540756506813 0.96672319707287979 -1.0533722163207266 -0.036149125800325345 -0.06956516398528885 0.12201028145531573 -0.060458436014940456 1.350348752009138 -1.581112041710339 -3.7771672376392793 -0.026178724632927742 0.039078048359940665 0.074978937956885441
leaf_weight=786.45300067961216 697.6589527875185 2854.748409986496 17577.711706414819 1176.7160571217537 778.66372701525688 536.36157695949078 1112.8165744096041 973.6039659678936 2969.0389063805342 6893.6189638227224 1780.2284778058529 346.28235211968422 15970.979125156999 11116.183518096805 1158.6121546924114 1489.5752297788858 3147.2271934747696 9668.6623248904943 1420.8334396481514 4326.7191357910633 2233.0692190229893 17542.885481700301 1163.2044140696526 2152.3782113492489 2037.6914936602116 1523.4007176160812 13606.748571351171 12114.17300324142 143.56941774487495 1047.3071946948767 1673.0754952430725 591.29709316790104 2098.5843678116798 288.81894478201866 2230.399545788765 9153.5419905781746 1788.5458886176348 3403.7417672127485 10404.384892210364 791.12610670924187 6178.6282957047224 1737.5225045979023 3124.4979467242956 231.74588043987751 4072.8834540396929 2605.396676748991 1681.8638940304518 474.99921755492687 1724.2041291594505 238.27813409268856 199.37928599119186 413.68198162317276 13677.046365901828 833.86583022773266 1542.1543696522713 1086.3508172780275 984.04028943181038 310.89298677444458 86.319851875305176 13081.39459502697 10235.463236287236 1342.9560328572989
leaf_count=2226 1575 9671 40150 2789 1271 2333 3273 2251 6788 14682 4110 840 41573 22223 2716 3839 6991 20045 1566 10699 5346 41483 2952 4900 3504 2739 19402 25899 232 2540 4688 2433 3621 423 4943 13327 7700 6611 21229 2038 13934 2324 7283 644 10361 4254 3656 801 3900 566 308 427 29883 1965 4035 2146 1438 479 133 31561 22691 3412
internal_value=-0.00034573 1.84177e-05 0.00129922 -0.000688479 -0.00264288 -0.000250508 0.000240151 -0.00636492 0.00216693 0.00388535 -0.00435937 -0.00136323 -0.00129174 -0.00347117 -0.0063817 0.00131433 -0.000560803 -0.00232807 0.00100628 -0.00479216 0.00203288 0.00252039 0.00439463 -0.000266782 0.000862262 0.000426972 -0.00111106 -0.000954853 -0.00087352 -0.00235934 0.00567258 0.00407099 0.00126237 0.00068027 -0.0021716 -0.00334714 0.0053939 -0.00280935 0.00428373 0.00970491 0.00574799 -0.00608818 -0.00396643 -0.00189373 -0.00112134 -0.000981174 -0.00923784 -0.00666047 -0.00648254 0.00667549 -0.0148971 0.000473126 -0.0018668 0.00416643 0.0073057 0.00517649 0.00923215 -0.00733498 0.00229652 0.000939831 0.000471505 -0.000827784
internal_weight=238634 205983 73254.3 132728 32651.6 114680 96228.8 8352.71 55676.6 24011.7 6782.52 24298.9 39663.8 18048.5 6932.27 56565 32813.1 15421.3 17391.8 6850.69 42961.2 38497.7 15443 3315.58 31664.9 29627.3 23952.6 13603.7 2367.59 2224.02 12127.4 8681.28 23054.8 20956.2 4463.47 9932.21 17118.1 18451 13279.3 3446.1 7008.2 6064.24 3413.32 5002.29 4770.54 12274.1 4564.68 1998.4 2882.82 6416.91 1570.2 14020.4 15047.3 1370.23 2654.97 11490.7 3838.79 596.592 285.699 27628.9 24659.8 14424.4
internal_count=523822 468694 168512 300182 55128 262126 221334 19861 128362 56866 16690 35267 89678 38056 15833 131656 74429 31290 43139 15249 101918 91629 38819 7852 71496 67992 34427 29738 5561 5329 30967 21621 52810 49189 10289 14598 42184 40792 31075 9346 16933 13023 7706 12580 11936 24299 10272 3540 6616 14500 3171 19829 34181 4298 7308 23375 11109 920 441 64452 57664 34973
cat_boundaries=0 1 2 3
cat_threshold=12 12 12
is_linear=0
shrinkage=0.05


Tree=80
num_leaves=63
num_cat=3
split_feature=8 7 8 9 31 32 15 31 15 0 19 2 20 31 31 32 31 2 10 32 14 0 17 31 31 31 2 9 32 32 32 2 0 31 14 15 9 2 2 2 5 2 32 16 20 15 15 2 31 22 12 31 15 2 26 12 31 14 31 28 14 32
split_gain=82.7308 63.2235 56.6746 57.4048 54.3176 43.4894 55.7546 54.8751 50.5584 42.1162 49.3092 41.7022 40.4014 38.3575 129.167 63.1423 64.0116 51.7766 51.5605 50.2264 43.2806 40.8581 39.1343 37.3324 61.6189 46.758 40.5097 41.8952 35.4156 32.976 34.206 34.7625 32.9269 47.4391 45.7773 39.7823 46.4039 36.96 37.1217 35.4444 33.5649 32.3017 32.1868 33.4955 31.5051 30.9956 30.9444 30.6433 29.9464 29.661 29.4034 28.6689 27.6163 27.586 49.0107 28.8249 28.8365 27.2599 25.7988 25.7085 26.1869 31.4315
threshold=33.532500000000006 20.474000000000004 177.56600000000003 176.01000000000002 35.877500000000005 77.750000000000014 2.3918750000000029 57.45000000000001 22.01475000000001 0 15.650000095367433 2.5000000000000004 -1.0000000180025095e-35 45.748500000000007 46.446500000000007 74.935000000000016 31.729000000000003 1.5000000000000002 16.355625000000003 69.325000000000017 6.0830654761904777 1 15.449999809265138 39.189000000000007 37.494500000000009 36.159500000000008 1.0000000180025095e-35 20.669000000000004 60.835000000000001 84.490000000000023 77.985000000000014 5.5000000000000009 2 54.109000000000002 13.668601190476192 32.285458333333331 22.551000000000005 4.5000000000000009 1.0000000180025095e-35 4.5000000000000009 1.0000000180025095e-35 1.0000000180025095e-35 75.987500000000011 32.671875000000007 504.50000000000006 2.4952291666666673 5.625416666666669 3.5000000000000004 42.791500000000006 20.000000079472866 34.130000000000003 41.453500000000012 23.359375000000004 1.5000000000000002 7.6499998569488534 1.9035000000000002 47.032000000000004 35.18220238095239 45.699500000000008 20.05000003178915 61.309017857142862 80.617500000000021
decision_type=2 2 2 2 2 2 2 2 2 1 2 2 10 2 2 2 2 2 2 2 2 1 2 2 2 2 2 2 2 2 2 2 1 2 2 2 2 2 2 2 2 2 2 2 10 2 2 2 2 2 2 2 2 2 2 2 2 2 2 2 2 2
left_child=5 42 3 9 -4 7 -7 12 11 47 -11 -9 57 15 50 19 -17 18 -18 23 -19 -20 46 24 25 -14 27 -25 -26 30 31 41 33 40 53 -36 -37 38 -35 -38 -16 -8 43 -2 59 -28 -21 -3 -47 -44 -15 -22 -30 54 -34 56 -55 -1 -50 60 61 -32
right_child=1 2 4 -5 -6 6 29 8 -10 10 -12 -13 13 14 32 16 17 20 21 22 51 -23 -24 26 28 -27 45 -29 52 -31 44 -33 34 37 35 36 39 -39 -40 -41 -42 -43 49 -45 -46 48 -48 -49 58 -51 -52 -53 -54 55 -56 -57 -58 -59 -60 -61 -62 -63
leaf_value=0.75806802822568131 -0.17754820148119022 0.13124178707272413 -2.0009200680545383 0.80732974345932895 -0.31348835044185325 0.41284071600085004 -0.15316823986351996 -0.029890245170474679 0.093854577338272308 -0.039344138103458985 -0.18360733009466373 -0.21875393868190721 0.01742450117585843 1.0886422411083898 0.45515809308240596 -0.053353199484275041 0.11794116382677498 -0.019770725223523734 0.44329384639782959 -0.093491240378692109 0.3716834478113703 -0.51823676734819801 -0.11218160186545259 0.24229441854275091 -0.13366674776182622 -0.052189413042704483 -0.11504996948676648 -0.13310407411005051 0.60821757948584909 1.1752105255254122 0.033481434124058462 -0.10730813851382306 0.022012877851260871 -0.68489389593659455 -0.013186410050637276 0.0051699020434363922 -0.3041912565322813 -0.35043928560412141 0.55147744104478635 0.013675580733798931 -0.160432172392213 1.4529254976716715 0.033209835738346176 -0.29905581153084954 -0.16658911703518423 -0.054614527691812853 -0.0012893657669438953 -0.067774605079552505 0.1072425422440294 -0.27393911748672795 0.2937089625665138 0.11432305560939318 0.037035710597294623 0.28934452288864199 0.40982962733176187 0.067761563887978493 -0.080730628314052186 0.060658198986336759 -0.18131225431418052 0.27917711101714698 0.1708930614854082 -0.085352992390144891
leaf_weight=460.45182283222675 9996.4087520241737 19151.934277668595 1049.4135383218527 2140.8003497868776 2372.3255430310965 4891.9536761045456 273.26811134815216 1332.751229763031 818.70031011104584 44261.14430372417 11117.860557585955 2053.9200239777565 25295.037359565496 1810.1992307305336 4634.1151610314846 2838.6965053677559 885.23941099643707 690.48398280143738 288.1350736618042 3621.1216665059328 3067.5625993609428 727.68869990110397 5029.5916052907705 1085.1788904517889 230.61988463997841 3699.5862877815962 3923.6251896321774 595.44425871968269 1274.7622394561768 181.94916957616806 5950.8712329268456 342.05797380208969 904.4269340634346 142.35221630334854 8146.0144066214561 1036.8436309695244 1177.515767544508 452.67143586277962 456.08917441964149 334.56516882777214 341.87222304940224 1202.324858725071 5130.7647323012352 2791.3190802335739 858.68363690376282 4871.6680910587311 8764.8426930010319 13076.948838189244 2203.8158872127533 1478.1587196886539 779.46771061420441 1945.0621633529663 708.96156087517738 277.90940478444099 614.57928198575974 2428.7537605762482 1134.9177230000496 399.01611445844173 331.49854412674904 2054.4792396724224 3130.9693325459957 4908.6399599909782
leaf_count=2847 25732 40457 1916 3680 3805 6893 308 1555 1064 86913 22332 2369 83151 2832 9761 5363 1494 1356 479 7567 5096 934 14240 3551 907 12939 14231 1932 4838 297 9442 397 2418 185 15426 1758 1578 574 608 445 646 1445 7013 5467 965 16282 20636 26908 5772 2091 1012 2327 3052 757 735 5127 2307 2426 1125 2980 3698 6735
internal_value=-0.000328202 -0.00131257 -0.000771887 -0.000531059 -0.00708655 0.000553951 0.00247837 0.000104178 -0.00548751 -0.000728769 -0.00156491 -0.00818263 0.00034514 0.000249206 0.0019508 -0.000333263 0.00326183 0.00565343 -0.00149209 -0.000942418 0.00803514 -0.0091748 -0.00321671 -4.66671e-05 0.000891376 0.000277261 -0.00229657 0.00494546 0.00892883 0.00124697 0.00104048 0.00755612 0.000711649 0.00385903 -0.000472126 -0.00236253 -0.00781277 -0.00578219 0.00237362 -0.0133963 0.00590412 0.0108841 -0.00390954 -0.0053737 0.000339444 -0.00337109 -0.00170608 0.000708253 -0.00146737 -0.00107612 0.0125129 0.00965155 0.0110849 0.00329828 0.00899997 0.00104201 -0.00463464 0.0111316 0.0029389 0.000839034 7.19054e-05 -0.00108968
internal_weight=238178 112567 93170.4 89748.7 3421.74 125611 23795.2 101816 4205.37 87607.9 55379 3386.67 97610.4 96750.9 24672.3 72078.6 10442.9 7604.17 1901.06 61635.8 5703.11 1015.82 17415.6 44220.2 31209 28994.6 13011.2 1680.62 2214.34 18903.2 18721.3 1817.65 22082.6 6027.1 16055.5 10694.9 2548.92 1051.11 598.441 1512.08 4975.99 1475.59 19396.7 12787.7 16903.6 11330.6 12386 32228.9 7406.98 6608.92 2589.67 5012.62 1983.72 5360.59 1519.01 3841.58 1412.83 859.468 2535.31 16045 13990.5 10859.5
internal_count=523176 226314 186011 180290 5721 296862 33160 263702 4988 176610 109245 3924 258714 253441 46169 207272 17049 11686 2907 190223 8779 1413 42443 147780 104887 96090 42893 5483 8797 26267 25970 2150 42325 11774 30551 19207 3781 1367 793 2023 10407 1753 40303 31199 23820 37410 28203 67365 23179 9104 3844 7423 7890 11344 3153 8191 3064 5273 6897 22855 19875 16177
cat_boundaries=0 1 2 3
cat_threshold=8 12 12
is_linear=0
shrinkage=0.05


end of trees

feature_importances:
p_lag168=542
ttf=498
eua=407
month=348
dow=273
shrunk=261
wind_south=226
temp=211
zone=202
wind_north=196
week_mean=191
p_last=188
hour=142
p_lag336=130
spread_se3_se2=109
solar_de=104
day_min=99
hdd=97
lead=85
is_holiday=83
solar=77
day_mean=76
day_max=73
spread_se4_se3=73
wind_de=58
is_weekend=54
wind_dk=47
wind_ref=42
wind=41
wind_south_ref=39
temp_ref=21
solar_ref=18
wind_de_ref=11

parameters:
[boosting: gbdt]
[objective: quantile]
[metric: quantile]
[tree_learner: serial]
[device_type: cpu]
[data_sample_strategy: bagging]
[data: ]
[valid: ]
[num_iterations: 81]
[learning_rate: 0.05]
[num_leaves: 63]
[num_threads: 0]
[seed: 42]
[deterministic: 0]
[force_col_wise: 0]
[force_row_wise: 0]
[histogram_pool_size: -1]
[max_depth: -1]
[min_data_in_leaf: 100]
[min_sum_hessian_in_leaf: 0.001]
[bagging_fraction: 0.8]
[pos_bagging_fraction: 1]
[neg_bagging_fraction: 1]
[bagging_freq: 1]
[bagging_seed: 400]
[bagging_by_query: 0]
[feature_fraction: 0.8]
[feature_fraction_bynode: 1]
[feature_fraction_seed: 30056]
[extra_trees: 0]
[extra_seed: 12879]
[early_stopping_round: 0]
[early_stopping_min_delta: 0]
[first_metric_only: 0]
[max_delta_step: 0]
[lambda_l1: 0]
[lambda_l2: 1]
[linear_lambda: 0]
[min_gain_to_split: 0]
[drop_rate: 0.1]
[max_drop: 50]
[skip_drop: 0.5]
[xgboost_dart_mode: 0]
[uniform_drop: 0]
[drop_seed: 17869]
[top_rate: 0.2]
[other_rate: 0.1]
[min_data_per_group: 100]
[max_cat_threshold: 32]
[cat_l2: 10]
[cat_smooth: 10]
[max_cat_to_onehot: 4]
[top_k: 20]
[monotone_constraints: ]
[monotone_constraints_method: basic]
[monotone_penalty: 0]
[feature_contri: ]
[forcedsplits_filename: ]
[refit_decay_rate: 0.9]
[cegb_tradeoff: 1]
[cegb_penalty_split: 0]
[cegb_penalty_feature_lazy: ]
[cegb_penalty_feature_coupled: ]
[path_smooth: 0]
[interaction_constraints: ]
[verbosity: -1]
[saved_feature_importance_type: 0]
[use_quantized_grad: 0]
[num_grad_quant_bins: 4]
[quant_train_renew_leaf: 0]
[stochastic_rounding: 1]
[linear_tree: 0]
[max_bin: 255]
[max_bin_by_feature: ]
[min_data_in_bin: 3]
[bin_construct_sample_cnt: 200000]
[data_random_seed: 175]
[is_enable_sparse: 1]
[enable_bundle: 1]
[use_missing: 1]
[zero_as_missing: 0]
[feature_pre_filter: 1]
[pre_partition: 0]
[two_round: 0]
[header: 0]
[label_column: ]
[weight_column: ]
[group_column: ]
[ignore_column: ]
[categorical_feature: 0]
[forcedbins_filename: ]
[precise_float_parser: 0]
[parser_config_file: ]
[objective_seed: 16083]
[num_class: 1]
[is_unbalance: 0]
[scale_pos_weight: 1]
[sigmoid: 1]
[boost_from_average: 1]
[reg_sqrt: 0]
[alpha: 0.5]
[fair_c: 1]
[poisson_max_delta_step: 0.7]
[tweedie_variance_power: 1.5]
[lambdarank_truncation_level: 30]
[lambdarank_norm: 1]
[label_gain: ]
[lambdarank_position_bias_regularization: 0]
[eval_at: ]
[multi_error_top_k: 1]
[auc_mu_weights: ]
[num_machines: 1]
[local_listen_port: 12400]
[time_out: 120]
[machine_list_filename: ]
[machines: ]
[gpu_platform_id: -1]
[gpu_device_id: -1]
[gpu_device_id_list: ]
[gpu_use_dp: 0]
[num_gpu: 1]

end of parameters

pandas_categorical:[]
