tree
version=v4
num_class=1
num_tree_per_iteration=1
label_index=0
max_feature_idx=16
objective=quantile
feature_names=zone_idx hour dow month is_weekend is_holiday_se wind_local wind_north wind_south temp_local temp_anomaly hdd solar_local price_lag_24h price_lag_168h price_lag_336h shrunk_level
feature_infos=[0:3] [0:23] [0:6] [1:12] [0:1] [0:1] [0.40000000000000002:2.5] [0.40000000000000002:2.5] [0.40000000000000008:2.5] none [-21.657142857142858:17.271428571428572] none [0:2] [-74.109999999999999:737.803] [-74.109999999999999:707.51999999999998] [-74.109999999999999:707.51999999999998] [-50.379999999999995:612.58199999999988]
tree_sizes=2823 2906 2922 2936 2925 2917 2939 2939 2924 2939 2963 2961 2980 2968 2956 2951 2971 2974 2967 2960 2942 2984 2976 2984 2971 3008 2947 2958 2991 2934 2967 2986 2959 3005 2994 2973 3004 2984 3003 2970 2961 3013 2955 2952 2984 2996 3016 3007 2985 3004 3021 3011 2986 2994 3006 2991 2961 2997 2989 2951 2941 2984 2974 2989 2979 2919 2981 2998 2981 2981 2951 3000 2983 2965 2997 2981 3003 2963 2892 2989 2986 2918 2901 3010 2941 2961 2907 2944 2949 3011 2976 2963 2959 2920 2926 3011 2968 2946 3008 2934 2905 2947 2965 2958 2947 2980 2917 2953 2971 2942 2916 2996 2924 2939 2919 2938 2859 2888 2969 2939 2967 2899 2901 2900 2944 2933 2972 2988 2904 2909 2918 2926 2964 2876 2978 2878 2917 2898 2922 2899 2916 2958 2836 2966 2869 2883 2923 2880 2969 2876 2867 2977 2911 2920 2866 2879 2822 2887 2818 2832

Tree=0
num_leaves=31
num_cat=0
split_feature=16 13 13 13 15 14 8 3 13 2 16 6 14 13 3 8 8 15 13 8 13 3 8 6 13 2 8 3 5 0
split_gain=4405.18 1359.08 826.952 417.018 384.798 273.876 206.387 105.716 91.933 84.3019 82.4983 80.0264 74.3512 68.5193 67.3231 60.4969 55.9796 53.9173 51.1933 46.2161 36.2277 34.773 37.9616 34.2874 32.0447 31.6854 30.7565 30.4161 29.3746 27.3869
threshold=103.73475000000001 117.43500000000002 130.39250000000001 88.501000000000019 116.90500000000002 255.79250000000005 0.9140029134130131 10.500000000000002 195.04500000000004 4.5000000000000009 67.246525000000005 1.3814312874136827 149.88100000000003 82.03100000000002 10.500000000000002 1.0170569394554836 1.108426085879535 97.075000000000003 90.535000000000011 0.96195355180418562 74.872500000000016 7.5000000000000009 1.009049387778477 0.83720496759623242 49.82500000000001 5.5000000000000009 0.93721691167687304 11.500000000000002 1.0000000180025095e-35 1.5000000000000002
decision_type=2 10 10 8 2 2 2 2 10 2 2 2 2 8 2 2 2 2 10 2 8 2 2 2 8 2 2 2 2 2
left_child=1 4 3 19 10 6 17 -7 26 14 18 12 -8 -6 23 -9 28 -5 24 -2 -12 -22 27 -3 -1 -11 -4 -23 -15 -25
right_child=2 9 8 5 13 7 11 15 -10 25 20 -13 -14 16 -16 -17 -18 -19 -20 -21 21 22 -24 29 -26 -27 -28 -29 -30 -31
leaf_value=111.40700103759765 117.44360004067421 118.81148100248203 122.16392105039071 118.76354100472818 115.63700103759766 125.14111580513185 117.91100158691407 136.51472066457455 135.95759515074366 116.85057305752852 113.68712093299403 115.60760116577148 124.53500122070312 118.75915698821947 124.53080078124999 112.59299680099404 114.67805106210653 121.1425997787706 115.57697700768294 115.55372078026636 114.97100112915039 117.53195091130489 113.76032087256571 117.95131985862186 113.52080123901368 121.12580078125001 119.72600158691407 114.64220092773438 113.72496911023075 119.01584039344569
leaf_weight=75463 1157 1133 818 1523 3571 529 7773 1675 2738 1272 10955 1473 4493 5533 1414 75 1086 2031 4629 5324 16139 4116 1554 569 117199 415 2173 1474 335 1873
leaf_count=75463 1157 1133 818 1523 3571 529 7773 1675 2738 1272 10955 1473 4493 5533 1414 75 1086 2031 4629 5324 16139 4116 1554 569 117199 415 2173 1474 335 1873
internal_value=115.22 115.217 115.241 115.236 115.217 115.241 115.238 115.26 115.262 115.244 115.216 115.235 115.237 115.228 115.248 115.268 115.231 115.251 115.216 115.223 115.219 115.22 115.224 115.244 115.215 115.232 115.254 115.226 115.234 115.24
internal_weight=280512 248730 31782 26053 242054 19572 17293 2279 5729 6676 231529 13739 12266 10525 4989 1750 6954 3554 197291 6481 34238 23283 7144 3575 192662 1687 2991 5590 5868 2442
internal_count=280512 248730 31782 26053 242054 19572 17293 2279 5729 6676 231529 13739 12266 10525 4989 1750 6954 3554 197291 6481 34238 23283 7144 3575 192662 1687 2991 5590 5868 2442
is_linear=0
shrinkage=1


Tree=1
num_leaves=31
num_cat=0
split_feature=16 13 13 15 13 14 8 3 13 16 7 13 13 8 15 8 13 2 8 3 3 8 3 1 8 2 15 15 6 3
split_gain=3738.03 1290.29 697.462 392.129 325.791 239.999 205.243 115.882 106.511 84.189 80.0948 75.6 71.4569 61.4235 56.9838 56.7777 54.106 45.7281 40.8619 40.4653 62.4831 40.453 38.2683 37.2939 45.7333 47.9512 46.0864 36.8955 35.9611 44.8531
threshold=108.10725000000001 115.43750000000001 142.10500000000005 106.80400000000002 88.501000000000019 255.79250000000005 0.9140029134130131 10.500000000000002 153.00500000000002 85.40215000000002 1.0245760236437833 79.413500000000013 209.94500000000002 1.108426085879535 132.87750000000003 1.0170569394554836 57.422500000000007 4.5000000000000009 0.88496692339787264 10.500000000000002 11.500000000000002 1.0044737539161852 1.5000000000000002 6.5000000000000009 0.96591969937892885 4.5000000000000009 27.701500000000003 16.931500000000003 1.0788059406939554 10.500000000000002
decision_type=2 10 10 2 8 2 2 2 10 2 2 8 10 2 2 2 8 2 2 2 2 2 2 2 2 2 2 2 2 2
left_child=1 3 4 9 18 6 -6 -7 17 16 -8 -5 -4 14 -13 -9 -1 -3 -2 22 27 -14 23 -18 25 26 -25 -21 29 -10
right_child=2 8 12 11 5 7 10 15 28 -11 -12 13 21 -15 -16 -17 19 -19 -20 20 -22 -23 -24 24 -26 -27 -28 -29 -30 -31
leaf_value=-3.236560358916297 2.4383396476926715 2.6135517333984377 6.7550397583007804 -0.031849102309788574 4.7457875763374027 9.5132874720125926 4.2367373199774896 20.0049163206724 5.7728100184138578 0.13974011535644507 0.78208329820081901 1.211306395860517 20.029944803650693 -0.28439160279815873 4.1324892704411802 -2.4777301495583699 -1.1512852399283993 1.277184842335177 0.55777597356576392 -0.9715086416640053 -1.6962480743408206 1.6908700299693429 -1.6627170729888401 2.8820507026442455 0.042782171863788694 -1.2718380121037889 6.3152499920222755 1.0871518890380856 2.5568492393637601 10.226366129243601
leaf_weight=84374 827 3691 2217 5105 3308 545 10808 1710 1404 14455 1832 4713 2319 1702 4020 76 4237 1221 4811 4450 7320 65 100611 326 6223 332 302 6366 301 841
leaf_count=84374 827 3691 2217 5105 3308 545 10808 1710 1404 14455 1832 4713 2319 1702 4020 76 4237 1221 4811 4450 7320 65 100611 326 6223 332 302 6366 301 841
internal_value=-0.000201319 -0.00253135 0.0203875 -0.00328114 0.016272 0.0201612 0.0175327 0.0381441 0.0220531 -0.00390704 0.0140506 0.00594208 0.0417809 0.00886919 0.0109014 0.0455342 -0.00420566 0.0168909 0.003663 -0.00343852 -0.000809221 0.0489916 -0.00386416 -0.000572681 0.0020607 0.01425 0.024 0.00208802 0.0320126 0.0346236
internal_weight=280512 251994 28518 244536 23917 18279 15948 2331 7458 228996 12640 15540 4601 10435 8733 1786 214541 4912 5638 130167 18136 2384 112031 11420 7183 960 628 10816 2546 2245
internal_count=280512 251994 28518 244536 23917 18279 15948 2331 7458 228996 12640 15540 4601 10435 8733 1786 214541 4912 5638 130167 18136 2384 112031 11420 7183 960 628 10816 2546 2245
is_linear=0
shrinkage=0.06


Tree=2
num_leaves=31
num_cat=0
split_feature=13 14 15 13 13 14 8 6 13 3 2 13 3 7 13 8 14 15 14 15 8 15 7 1 2 3 8 3 3 15
split_gain=2973.7 1537.81 477.772 310.977 247.581 229.895 102.46 91.0497 86.3642 86.1932 84.7008 80.3646 68.557 65.5313 63.1907 60.2438 58.9843 64.7969 52.2178 52.0521 48.8616 48.5926 43.6928 41.65 47.8567 46.7545 66.3728 51.5042 46.6339 41.3051
threshold=119.50500000000001 117.50500000000001 106.80400000000002 195.04500000000004 73.865000000000023 181.54000000000005 0.91781629485600635 1.1663378043518386 79.413500000000013 10.500000000000002 4.5000000000000009 100.68150000000001 10.500000000000002 0.61119511991542674 57.422500000000007 1.1735791515096168 255.79250000000005 220.03500000000003 99.785000000000011 92.892500000000013 1.0000797180590746 132.87750000000003 1.0047109541725143 5.5000000000000009 4.5000000000000009 1.5000000000000002 0.96591969937892885 10.500000000000002 11.500000000000002 27.701500000000003
decision_type=10 2 2 10 8 2 2 2 8 2 2 10 2 2 8 2 2 2 2 2 2 2 2 2 2 2 2 2 2 2
left_child=1 2 11 10 -3 6 19 12 -4 -5 13 14 -7 -2 -1 21 17 -14 23 -6 -15 -10 -8 -16 25 26 29 -27 -29 -25
right_child=3 4 8 9 5 7 22 -9 15 -11 -12 -13 16 20 18 -17 -18 -19 -20 -21 -22 -23 -24 24 -26 27 -28 28 -30 -31
leaf_value=-2.951426468186702 4.281787135066832 0.52301153953526236 0.08580331684429196 11.709148481642588 2.5615824080514211 5.8719296966290555 2.9313152224097143 -0.078368618824527517 1.2232160368089464 18.315147016798836 1.4458203207838392 0.6014471253092738 13.464495248106038 4.0900427858447523 -1.5998729701538092 -0.40578507479634623 18.805041215228837 10.097896127012287 0.4836748385636207 4.9636865662848635 1.5597388125000002 4.028301151238173 0.28838674893259281 2.278145434881897 -2.008595344494394 -1.0144259396500883 0.3806169190066373 1.2914788787637577 -1.1589573359985357 4.8116607758042411
leaf_weight=87280 1236 4610 5699 1078 1394 1564 7136 379 5417 2627 1781 4110 722 4983 37414 1570 1700 577 6103 1252 1215 5428 1652 349 30398 50280 4417 4938 2896 307
leaf_count=87280 1236 4610 5699 1078 1394 1564 7136 379 5417 2627 1781 4110 722 4983 37414 1570 1700 577 6103 1252 1215 5428 1652 349 30398 50280 4417 4938 2896 307
internal_value=-0.000389974 -0.00174741 -0.00307428 0.0277245 0.0138447 0.0173024 0.0126286 0.0281157 0.0063054 0.0424049 0.021822 -0.00381787 0.0304629 0.0246376 -0.00397016 0.00911236 0.0357739 0.0261478 -0.00316678 0.0229796 0.022122 0.0107026 0.00951206 -0.00341952 -0.00274307 -0.00180199 0.00372206 -0.0022842 0.002241 0.0215305
internal_weight=280512 267592 246606 12920 20986 16376 11434 4942 18114 3705 9215 228492 4563 7434 224382 12415 2999 1299 137102 2646 6198 10845 8788 130999 93585 63187 5073 58114 7834 656
internal_count=280512 267592 246606 12920 20986 16376 11434 4942 18114 3705 9215 228492 4563 7434 224382 12415 2999 1299 137102 2646 6198 10845 8788 130999 93585 63187 5073 58114 7834 656
is_linear=0
shrinkage=0.06


Tree=3
num_leaves=31
num_cat=0
split_feature=16 13 13 15 13 14 8 13 3 16 13 8 13 7 13 8 15 2 3 8 3 15 5 7 2 3 3 8 8 3
split_gain=2837.29 970.035 544.331 321.02 214.999 171.816 154.495 109.242 90.2304 86.7549 76.0127 56.8875 52.8343 51.4848 51.2188 45.2127 40.2736 40.2367 39.0515 38.0201 37.2176 36.2407 35.9958 35.5681 34.4105 29.522 47.1188 37.9736 37.3495 30.0323
threshold=111.57967499999999 111.90750000000001 145.80650000000003 106.80400000000002 88.501000000000019 255.79250000000005 0.9140029134130131 165.24250000000004 10.500000000000002 85.40215000000002 228.39650000000003 1.0904382660337382 84.145000000000024 1.0648462495764444 49.214000000000006 1.0170569394554836 127.76500000000001 4.5000000000000009 4.5000000000000009 0.88496692339787264 10.500000000000002 17.965000000000003 1.0000000180025095e-35 0.59033775535746658 3.5000000000000004 9.5000000000000018 11.500000000000002 1.0000797180590746 0.99999968811882878 1.5000000000000002
decision_type=2 10 10 2 8 2 2 10 2 2 10 2 8 2 8 2 2 2 2 2 2 2 2 2 2 2 2 2 2 2
left_child=1 3 4 9 19 6 -6 17 -7 14 24 12 -5 22 -1 -10 -14 23 -12 -2 -9 -16 -8 -3 -4 28 27 -27 29 -23
right_child=2 7 10 11 5 8 13 20 15 -11 18 -13 16 -15 21 -17 -18 -19 -20 -21 -22 25 -24 -25 -26 26 -28 -29 -30 -31
leaf_value=-3.1165220277621608 2.4490220195059784 2.7308006459292211 7.9198344194751709 0.52894728763405052 4.4147499494171178 8.8899366298938247 4.0616255332196758 4.8909849744875427 17.673798811136486 0.12710899318859012 -0.60502986456949392 -0.65721436153839807 0.98249886200518988 0.61191135653811868 -2.0722941885751496 -2.3538064003658077 3.5112627911631984 1.0036170725009892 18.227839147939342 0.56240450040078238 8.8648586855721696 2.0669993464445584 -0.50697818992485566 2.14728481364169 2.8774672851251917 0.94443404296997524 -1.2998809581555182 -2.6190898380954803 -1.1384193287875635 -0.29901956872721752
leaf_weight=79154 715 676 1587 4523 2957 547 9717 1158 1714 15448 63 2834 4015 1477 52961 76 4734 1664 1972 4357 817 962 490 4275 648 7772 5372 2411 52015 13401
leaf_count=79154 715 676 1587 4523 2957 547 9717 1158 1714 15448 63 2834 4015 1477 52961 76 4734 1664 1972 4357 817 962 490 4275 648 7772 5372 2411 52015 13401
internal_value=-0.000533925 -0.00247566 0.0182188 -0.00316884 0.0144218 0.01766 0.0152485 0.0173434 0.0327676 -0.00374349 0.0378267 0.00501949 0.00666727 0.0121479 -0.00405689 0.0392849 0.00938919 0.0136463 0.0462162 0.00358202 0.0297266 -0.00334592 0.013663 0.0163591 0.0301879 -0.00255524 -0.000202509 0.00219601 -0.00310657 -0.000398108
internal_weight=280512 254192 26320 245602 22050 16978 14641 8590 2337 229496 4270 16106 13272 11684 214048 1790 8749 6615 2035 5072 1975 134894 10207 4951 2235 81933 15555 10183 66378 14363
internal_count=280512 254192 26320 245602 22050 16978 14641 8590 2337 229496 4270 16106 13272 11684 214048 1790 8749 6615 2035 5072 1975 134894 10207 4951 2235 81933 15555 10183 66378 14363
is_linear=0
shrinkage=0.06


Tree=4
num_leaves=31
num_cat=0
split_feature=16 13 13 15 13 14 8 13 3 16 3 8 8 2 8 7 8 13 13 15 14 15 15 1 3 8 2 15 3 3
split_gain=2457.79 816.432 543.687 280.24 191.509 166.333 154.628 119.783 88.525 81.5788 62.8293 57.4533 48.2808 43.3254 40.9354 40.7416 40.0066 39.2809 38.2137 36.287 33.5441 32.423 31.8717 31.7221 44.8729 42.7045 41.0466 37.5162 32.8267 41.1532
threshold=111.57967499999999 107.23350000000001 172.16500000000005 106.80400000000002 95.201500000000024 255.79250000000005 0.9140029134130131 149.63000000000002 10.500000000000002 70.920050000000003 11.500000000000002 1.332604416611143 1.0904382660337382 1.0000000180025095e-35 1.0170569394554836 0.49714883308254898 0.91781629485600635 41.191500000000005 84.145000000000024 127.76500000000001 172.78350000000003 120.81350000000002 135.80500000000004 5.5000000000000009 1.5000000000000002 0.99227413995177616 2.5000000000000004 24.851000000000003 10.500000000000002 11.500000000000002
decision_type=2 10 10 2 8 2 2 10 2 2 2 2 2 2 2 2 2 8 8 2 2 2 2 2 2 2 2 2 2 2
left_child=1 3 4 9 16 6 21 19 -7 17 -4 15 13 -5 -10 -8 -2 -1 -15 -3 -17 -6 -20 -19 25 26 27 -25 -26 -30
right_child=2 7 10 12 5 8 11 -9 14 -11 -12 -13 -14 18 -16 20 -18 23 22 -21 -22 -23 -24 24 28 -27 -28 -29 29 -31
leaf_value=-3.2893496042061376 2.5098012595423174 1.1938972569890822 13.537071567780528 2.8291625035562622 3.0143356115311937 8.4688601492024134 2.9896387400561046 6.3117762601611282 16.497690463766698 -0.20962517149365648 16.566567318451355 0.23428260072554791 -0.6704197927362352 -0.26200437974630431 -2.2076629419697169 2.2458461139404382 0.57738521406336241 -1.6464732755242593 0.8022769017781769 3.0991396309281369 8.5555293195858706 6.5060136560331081 3.5890260036437609 3.032374515625794 -1.4928891510990863 -0.052091683992459448 0.39403678879759524 5.9547177216349461 0.74229132612660975 -1.6324628220818356
leaf_weight=70422 846 6065 1277 2444 1804 563 321 2954 1761 30007 1848 1724 2791 3567 74 7385 4608 36783 4108 822 2775 1334 2978 195 73097 5560 507 277 7090 4525
leaf_count=70422 846 6065 1277 2444 1804 563 321 2954 1761 30007 1848 1724 2791 3567 74 7385 4608 36783 4108 822 2775 1334 2978 195 73097 5560 507 277 7090 4525
internal_value=-0.000675523 -0.00248274 0.0167781 -0.00316515 0.0136128 0.0166357 0.0143389 0.0144613 0.0313311 -0.00370099 0.040272 0.0112847 0.00454003 0.00606688 0.0377166 0.0129543 0.00377998 -0.00414186 0.00441397 0.010126 0.0122894 0.026218 0.00696359 -0.00351582 -0.0029162 0.00187276 0.013428 0.026161 -0.00328586 -0.00032286
internal_weight=280512 254192 26320 244351 23195 17741 15343 9841 2398 228463 3125 12205 15888 13097 1835 10481 5454 198456 10653 6887 10160 3138 7086 128034 91251 6539 979 472 84712 11615
internal_count=280512 254192 26320 244351 23195 17741 15343 9841 2398 228463 3125 12205 15888 13097 1835 10481 5454 198456 10653 6887 10160 3138 7086 128034 91251 6539 979 472 84712 11615
is_linear=0
shrinkage=0.06


Tree=5
num_leaves=31
num_cat=0
split_feature=16 15 14 3 8 16 8 8 8 15 5 16 3 8 14 14 7 15 14 8 1 5 7 15 15 2 0 3 16 3
split_gain=2088.92 429.724 393.315 159.351 137.686 131.288 80.9038 75.4045 66.3332 64.1602 57.0605 55.5578 53.9096 72.7421 57.6126 47.7804 49.8995 37.2127 36.7441 36.4677 34.6322 33.4112 33.3449 33.1275 32.7522 48.5118 42.2849 34.4804 30.7828 41.2656
threshold=111.57967499999999 108.20900000000002 255.79250000000005 10.500000000000002 0.9140029134130131 53.770500000000006 1.332604416611143 1.0170569394554836 1.0904382660337382 132.87750000000003 1.0000000180025095e-35 139.64352500000004 7.5000000000000009 1.009049387778477 99.785000000000011 172.78350000000003 0.50481221658224584 22.055000000000003 420.42500000000001 0.8770300146298603 5.5000000000000009 1.0000000180025095e-35 0.51033739048226756 241.19500000000002 178.14750000000001 4.5000000000000009 1.5000000000000002 9.5000000000000018 262.72285000000005 10.500000000000002
decision_type=2 2 2 2 2 2 2 2 2 2 2 2 2 2 2 2 2 2 2 2 2 2 2 2 2 2 2 2 2 2
left_child=1 5 4 -4 11 17 10 18 9 -3 15 22 19 14 20 16 -6 -1 23 -7 -14 -11 -2 -5 -18 26 -26 -28 29 -17
right_child=2 8 3 7 6 12 -8 -9 -10 21 -12 -13 13 -15 -16 28 24 -19 -20 -21 -22 -23 -24 -25 25 -27 27 -29 -30 -31
leaf_value=-2.6002933328901308 6.0709368428686972 0.89098653090455593 7.9326458326396754 14.540629731750697 2.7259908120472032 0.31555596121645474 -0.10413378654795011 -2.2130657350497689 -0.40250245690971953 3.6962765986240611 -0.78971537446854256 5.8404222787454128 -1.0209944435259819 -1.6316592195843991 4.521264918279436 2.8725389224028803 1.6401195451327333 -1.0724215238211672 17.436175126166841 -0.59786840040365319 1.1949256548135823 -2.2213177012648444 1.7831058024983482 16.704229585266319 -0.75339143672440168 9.8512591594242522 13.326568182416221 2.9546087463810671 -0.4479014973403152 12.059574174018405
leaf_weight=97400 482 7368 974 1182 346 6974 2386 132 2984 6734 898 1440 2728 4388 3338 1932 8200 80658 888 33936 7254 430 2310 1052 456 214 664 556 300 1908
leaf_count=97400 482 7368 974 1182 346 6974 2386 132 2984 6734 898 1440 2728 4388 3338 1932 8200 80658 888 33936 7254 430 2310 1052 456 214 664 556 300 1908
internal_value=-0.000810277 -0.00247637 0.0152804 0.0320464 0.0120717 -0.00314749 0.00976596 0.0384192 0.00659191 0.00826507 0.0113517 0.0218025 -0.000684569 0.00208109 0.00428829 0.012256 0.0100924 -0.00395831 0.0402972 -0.00188169 0.00200641 0.0123082 0.0168653 0.0361934 0.00932408 0.0164444 0.0130095 0.0188361 0.0177101 0.0191562
internal_weight=280512 254192 26320 4228 22092 236676 17860 3254 17516 14532 15474 4232 58618 17708 13320 14576 10436 178058 3122 40910 9982 7164 2792 2234 10090 1890 1676 1220 4140 3840
internal_count=280512 254192 26320 4228 22092 236676 17860 3254 17516 14532 15474 4232 58618 17708 13320 14576 10436 178058 3122 40910 9982 7164 2792 2234 10090 1890 1676 1220 4140 3840
is_linear=0
shrinkage=0.06


Tree=6
num_leaves=31
num_cat=0
split_feature=16 13 13 15 13 14 13 8 16 3 13 1 6 8 8 3 13 3 8 15 8 5 3 2 2 3 6 12 16 15
split_gain=1762.29 679.453 469.149 225.495 159.829 140.631 94.2748 94.1124 66.617 52.5317 49.4689 43.6381 45.9049 42.4272 40.7473 37.9074 37.434 34.1304 34.0199 31.1808 30.4795 29.3425 28.6071 31.2122 28.4523 27.894 31.2192 26.9499 26.8091 26.7974
threshold=111.57967499999999 105.87500000000001 228.39650000000003 102.70250000000001 96.232500000000016 255.79250000000005 139.02400000000003 0.94132570139904959 34.758250000000004 10.500000000000002 65.295000000000016 5.5000000000000009 0.90019341435710032 1.332604416611143 1.108426085879535 7.5000000000000009 79.413500000000013 10.500000000000002 1.0000797180590746 163.66250000000002 1.0170569394554836 1.0000000180025095e-35 10.500000000000002 1.0000000180025095e-35 1.0000000180025095e-35 9.5000000000000018 1.0008124909445437 0.66375000000000017 143.58610000000002 189.82000000000002
decision_type=2 10 10 2 8 2 10 2 2 2 8 2 2 2 2 2 8 2 2 2 2 2 2 2 2 2 2 2 2 2
left_child=1 3 4 8 -2 7 22 19 -1 -7 -10 -12 27 21 16 -4 -5 -8 -19 28 29 -9 23 -3 -18 -14 -27 -13 -6 -11
right_child=2 6 15 14 5 9 17 13 10 20 11 12 25 -15 -16 -17 24 18 -20 -21 -22 -23 -24 -25 -26 26 -28 -29 -30 -31
leaf_value=-2.2620011269606568 0.71759700327824816 3.9617839611583605 -0.0055587495745595562 0.15426680868125089 2.3277545904635497 7.809980290948813 2.9324646284846456 3.6829081829728416 -1.6011335519941217 13.041193046478467 -0.81079527949488783 1.0599700713076619 -0.49194983226164291 0.19197714429505916 -0.66923440853228044 15.501520838355551 2.8883360949623089 7.6822766086318888 1.3584725663051596 6.9102992091286985 -1.9448767585356188 -0.4300111241749523 3.3063661848610053 0.56167506135363077 1.1977489168327116 2.2559646803773172 -1.4858405134480599 -0.42535971558473079 6.0887543259254473 15.279379956874269
leaf_weight=135186 5517 286 77 5027 2224 589 2597 10248 31523 585 14959 6283 28843 1757 3180 1958 1710 1095 242 512 75 597 1181 4871 8341 4808 2190 1870 789 1392
leaf_count=135186 5517 286 77 5027 2224 589 2597 10248 31523 585 14959 6283 28843 1757 3180 1958 1710 1095 242 512 75 597 1181 4871 8341 4808 2190 1870 789 1392
internal_value=-0.000923641 -0.00245394 0.0138556 -0.00309052 0.0115367 0.0141758 0.0126624 0.012074 -0.00360944 0.0270102 -0.00234931 -0.00132339 -0.000371507 0.0096499 0.00332304 0.0415283 0.00462475 0.0199583 0.0277472 0.0207404 0.0315439 0.0110512 0.00813379 0.00620477 0.00673903 -0.00129589 0.00210231 0.00369214 0.0184142 0.0329681
internal_weight=280512 254192 26320 243920 24285 18768 10272 16127 225662 2641 90476 58953 43994 12602 18258 2035 15078 3934 1337 3525 2052 10845 6338 5157 10051 35841 6998 8153 3013 1977
internal_count=280512 254192 26320 243920 24285 18768 10272 16127 225662 2641 90476 58953 43994 12602 18258 2035 15078 3934 1337 3525 2052 10845 6338 5157 10051 35841 6998 8153 3013 1977
is_linear=0
shrinkage=0.06


Tree=7
num_leaves=31
num_cat=0
split_feature=16 13 13 15 13 14 8 3 13 1 4 6 3 6 3 8 10 15 13 3 8 8 15 15 3 8 15 15 3 12
split_gain=1436.82 531.8 474.095 159.192 151.129 118.254 73.0737 69.567 60.7017 47.3095 63.5633 57.6338 46.3678 46.1038 40.4779 40.1132 37.0753 36.9537 35.2899 35.0326 32.2151 32.1176 31.638 32.6601 47.7919 31.5608 31.0214 30.6413 33.1604 29.8545
threshold=102.16485000000002 105.87500000000001 252.28250000000003 102.70250000000001 119.50500000000001 181.54000000000005 0.94132570139904959 10.500000000000002 39.674000000000007 5.5000000000000009 1.0000000180025095e-35 0.90019341435710032 1.5000000000000002 1.1553742842501131 10.500000000000002 1.0044737539161852 1.0000000180025095e-35 135.80500000000004 228.39650000000003 8.5000000000000018 1.117794879749016 0.92528961338226823 42.801500000000004 267.77500000000003 10.500000000000002 1.0568132721562933 127.76500000000001 120.81350000000002 6.5000000000000009 0.89375000000000016
decision_type=2 10 10 2 8 2 2 2 8 2 2 2 2 2 2 2 2 2 10 2 2 2 2 2 2 2 2 2 2 2
left_child=1 3 4 8 21 6 27 17 -1 -10 11 12 -11 22 -13 18 -16 -3 -9 -4 26 -2 -7 24 -24 29 -5 28 -6 -14
right_child=2 7 19 20 5 13 -8 15 9 10 -12 14 25 -15 16 -17 -18 -19 -20 -21 -22 -23 23 -25 -26 -27 -28 -29 -30 -31
leaf_value=-2.8107380722275175 1.8704461439947839 0.99957225387320736 -1.4261918843835857 0.27727722834206703 0.77494952593278066 1.8112015216964783 1.6516342187555737 4.6293133149788135 -1.144996639154189 2.443979735708361 -1.6136796940511873 -0.81155961315061631 0.90884704861924948 -0.29908713655324742 1.3240345987767499 0.75058743034226061 -2.3838132146698654 4.2851408237733706 8.2744496970975252 14.795829002116717 -1.0608219853587666 0.35087898581430987 2.9721663592863168 13.92533492701191 12.727199885467536 -1.8903110034362074 1.9205184835989166 5.1248311119516972 3.4706379801518961 -0.61440966625393267
leaf_weight=73495 1778 6062 60 7352 1455 746 11886 1646 41988 1051 34324 49796 8900 379 4859 424 1898 805 235 1697 2628 7921 1106 1758 1667 2957 6156 1469 926 3088
leaf_count=73495 1778 6062 60 7352 1455 746 11886 1646 41988 1051 34324 49796 8900 379 4859 424 1898 805 235 1697 2628 7921 1106 1758 1667 2957 6156 1469 926 3088
internal_value=-0.00105583 -0.0026197 0.0107353 -0.00316494 0.00902171 0.0118384 0.00916395 0.0115578 -0.00358253 -0.00288596 -0.00221551 -0.00120903 0.00197074 0.0192793 -0.00210843 0.020577 0.00224922 0.00853036 0.0243349 0.0410575 0.00258949 0.00280915 0.0207311 0.0226162 0.0266722 0.00111408 0.00377199 0.0163481 0.0121436 0.00248348
internal_weight=280512 247664 32848 238492 31091 21392 15736 9172 222356 148861 106873 72549 15996 5656 56553 2305 6757 6867 1881 1757 16136 9699 5277 4531 2773 14945 13508 3850 2381 11988
internal_count=280512 247664 32848 238492 31091 21392 15736 9172 222356 148861 106873 72549 15996 5656 56553 2305 6757 6867 1881 1757 16136 9699 5277 4531 2773 14945 13508 3850 2381 11988
is_linear=0
shrinkage=0.06


Tree=8
num_leaves=31
num_cat=0
split_feature=16 13 13 15 13 14 7 13 0 13 8 8 15 2 8 7 15 15 3 15 8 2 7 2 13 12 1 2 3 2
split_gain=1231.49 447.33 406.896 165.438 120.976 94.9508 59.9511 59.6451 50.6985 41.6582 41.3759 38.9058 37.1381 35.6797 34.4718 31.0446 26.2546 34.4334 42.3512 25.258 25.0579 21.9813 26.2174 21.6271 26.7292 21.5363 39.2628 30.5862 24.1104 21.2435
threshold=103.73475000000001 119.50500000000001 252.28250000000003 94.071000000000012 125.50250000000001 181.54000000000005 0.65116675717781247 73.865000000000023 1.5000000000000002 228.39650000000003 1.0761676044003416 0.8770300146298603 127.76500000000001 1.0000000180025095e-35 1.2803050910950524 0.98981418594101689 42.801500000000004 267.77500000000003 10.500000000000002 152.15250000000003 1.0719848799814364 4.5000000000000009 0.61119511991542674 1.5000000000000002 145.80650000000003 0.85875000000000012 5.5000000000000009 2.5000000000000004 1.5000000000000002 4.5000000000000009
decision_type=2 10 10 2 8 2 2 10 2 10 2 2 2 2 2 2 2 2 2 2 2 2 2 2 10 2 2 2 2 2
left_child=1 3 4 7 13 6 19 8 -1 21 23 25 -5 -2 16 -4 -7 18 -18 -6 -14 22 -3 24 -8 26 -10 28 -28 -17
right_child=2 9 15 12 5 14 10 -9 11 -11 -12 -13 20 -15 -16 29 17 -19 -20 -21 -22 -23 -24 -25 -26 -27 27 -29 -30 -31
leaf_value=-2.1555820855744336 1.8811951840416026 2.4128959074241991 0.47420661000139996 0.022964236329954649 2.0195293620939228 1.6846916609218081 2.9338174705005184 0.046653930766334964 -0.62523537409152741 7.845419212990409 -0.073071037406317971 -1.1396660606879025 1.8863920543565538 0.22565887710698632 -0.50839241290480397 14.670895316469229 2.703771413497055 13.091412238723731 11.987797157305147 5.8308692843719045 -0.90380908896175982 1.3096920100514411 2.550632000700328 1.5005205741633705 6.7175152089838814 -1.2229471353300689 9.1225251965947258 0.26390686043843425 1.3062696896060921 6.3846580063556919
leaf_weight=118241 2339 582 82 16038 2005 748 3140 13495 5990 499 2425 69793 6338 7444 303 1196 1134 1737 1654 497 1318 1455 3775 6215 391 3553 197 4819 2637 472
leaf_count=118241 2339 582 82 16038 2005 748 3140 13495 5990 499 2425 69793 6338 7444 303 1196 1134 1737 1654 497 1318 1455 3775 6215 391 3553 197 4819 2637 472
internal_value=-0.00115401 -0.00257508 0.00996753 -0.00298563 0.00832871 0.0109757 0.00844285 -0.00350152 -0.00375559 0.0131951 0.00670397 -0.00265613 0.00177665 0.00285004 0.0176406 0.0380914 0.0187715 0.0204928 0.0246241 0.0169017 0.00521473 0.0117667 0.013899 0.008449 0.0121988 -9.97921e-05 0.0009838 0.00383144 0.0087777 0.0398633
internal_weight=280512 248730 31782 242419 30032 20249 14673 218725 205230 6311 12171 86989 23694 9783 5576 1750 5273 4525 2788 2502 7656 5812 4357 9746 3531 17196 13643 7653 2834 1668
internal_count=280512 248730 31782 242419 30032 20249 14673 218725 205230 6311 12171 86989 23694 9783 5576 1750 5273 4525 2788 2502 7656 5812 4357 9746 3531 17196 13643 7653 2834 1668
is_linear=0
shrinkage=0.06


Tree=9
num_leaves=31
num_cat=0
split_feature=16 13 13 13 14 16 13 1 13 7 8 2 2 7 7 3 10 8 3 3 16 14 1 3 2 7 2 8 0 2
split_gain=1073.22 425.654 337.971 123.054 109.846 84.9009 62.874 55.8367 55.0162 50.0823 40.868 39.2268 36.671 35.4219 35.3528 45.9871 43.679 31.9017 31.534 29.5101 30.0768 28.8955 27.2295 26.5098 25.8021 25.2343 24.0518 29.1293 22.2033 22.0153
threshold=94.591975000000005 252.28250000000003 104.47250000000001 125.50250000000001 181.54000000000005 26.393250000000002 65.295000000000016 5.5000000000000009 149.63000000000002 0.64735137188752534 1.0616405287065547 1.0000000180025095e-35 4.5000000000000009 0.99827436264285618 0.74051152712390955 9.5000000000000018 1.0000000180025095e-35 1.2267985036249918 1.5000000000000002 10.500000000000002 79.838000000000008 115.46000000000002 6.5000000000000009 7.5000000000000009 5.5000000000000009 0.89875578150459623 4.5000000000000009 1.2962098920777381 1.5000000000000002 4.5000000000000009
decision_type=2 10 10 8 2 2 8 2 10 2 2 2 2 2 2 2 2 2 2 2 2 2 2 2 2 2 2 2 2 2
left_child=2 3 5 11 9 25 -7 21 -4 22 23 -2 14 -3 -9 18 -17 24 -16 -10 -21 -8 -5 28 -6 -1 27 -24 -11 -15
right_child=1 13 8 4 17 6 7 12 19 10 -12 -13 -14 29 15 16 -18 -19 -20 20 -22 -23 26 -25 -26 -27 -28 -29 -30 -31
leaf_value=-1.0037338318305358 1.6857100776083536 0.21955034256495981 0.91879979126843347 0.089669286840849877 10.630611065151513 -1.4048076360728219 -0.74416794223557559 1.1294155193555668 2.8378195412039333 -0.9512964899552363 -0.0711132899276707 0.038963426031148635 -0.70765400057719252 13.724642266634373 1.1077947293349439 2.5401176657700701 -1.5043294880948199 -0.2370123212066142 -0.36545042122737698 5.7841844888450007 6.7912535598027439 9.5805718777198035 3.9267322417648822 6.2838911298550428 3.9589433696499907 -2.5706540951641257 0.083323871713430461 0.84128509924518013 0.89197881374574461 5.8876919619125969
leaf_weight=28051 2913 93 6279 525 4724 42431 18647 5083 1487 1049 3285 10153 14455 1225 3811 5881 1801 346 25542 694 207 53 1801 5168 506 86650 337 582 6257 476
leaf_count=28051 2913 93 6279 525 4724 42431 18647 5083 1487 1049 3285 10153 14455 1225 3811 5881 1801 346 25542 694 207 53 1801 5168 506 86650 337 582 6257 476
internal_value=-0.00122053 0.00795487 -0.00272164 0.00659417 0.0090952 -0.00315548 -0.00202342 -0.000982266 0.00891173 0.00692254 0.00552484 0.00188918 -4.27427e-05 0.0365084 0.000852176 0.00020818 0.00434106 0.0165 -0.000873439 0.0166633 0.025232 -0.0038246 0.0137103 0.00709283 0.0176673 -0.00431719 0.016125 0.0182467 0.00476649 0.0384797
internal_weight=280512 39440 241072 37646 24580 232405 117704 75273 8667 19004 15759 13066 56573 1794 42118 37035 7682 5576 29353 2388 901 18700 3245 12474 5230 114701 2720 2383 7306 1701
internal_count=280512 39440 241072 37646 24580 232405 117704 75273 8667 19004 15759 13066 56573 1794 42118 37035 7682 5576 29353 2388 901 18700 3245 12474 5230 114701 2720 2383 7306 1701
is_linear=0
shrinkage=0.06


Tree=10
num_leaves=31
num_cat=0
split_feature=16 13 13 15 15 5 13 8 7 13 13 16 1 2 7 13 14 7 3 2 3 3 8 10 14 8 3 15 8 13
split_gain=903.09 408.006 249.002 130.53 104.864 63.8136 61.639 57.0947 50.847 46.9276 42.9208 41.4509 34.5452 46.3732 50.4518 31.5673 31.2856 30.2748 28.8689 28.1634 28.0048 33.2945 31.5513 28.749 27.6494 27.1958 26.2899 25.6489 24.7639 23.8464
threshold=87.352250000000012 252.28250000000003 101.90150000000001 119.02500000000002 89.634000000000015 1.0000000180025095e-35 158.57500000000002 1.2267985036249918 0.50481221658224584 149.63000000000002 39.674000000000007 132.84892500000004 5.5000000000000009 4.5000000000000009 0.74935388178235141 142.10500000000005 181.54000000000005 0.99827436264285618 5.5000000000000009 1.0000000180025095e-35 10.500000000000002 1.5000000000000002 0.96591969937892885 0.21428571428570911 60.705000000000005 1.030951110915062 1.5000000000000002 125.22750000000001 1.2370917599583884 97.283500000000018
decision_type=2 10 10 2 2 2 10 2 2 8 8 2 2 2 2 10 2 2 2 2 2 2 2 2 2 2 2 2 2 8
left_child=2 3 4 6 10 7 11 8 -5 19 -1 24 -12 14 18 -4 -11 -3 -14 -10 21 22 -16 -22 -2 27 -9 -6 -13 -26
right_child=1 17 15 5 25 -7 -8 26 9 16 12 28 13 -15 20 -17 -18 -19 -20 -21 23 -23 -24 -25 29 -27 -28 -29 -30 -31
leaf_value=-2.5490324136320224 3.7343235341987269 0.37691212412194719 0.77447102264045597 5.065975646577594 0.082703460880082652 -1.7861808869847571 5.5448599591401244 2.1100254624567247 3.3478421035326553 3.6017743362795986 -1.1176751257064936 2.4378270056358167 1.4416942871627116 -1.6064957739998138 3.0913463038169668 3.1588944160607664 10.200341863620787 12.104363803878499 0.11743441843514256 0.63659625471757808 1.2562485851927372 -0.9920459992633831 0.09924584014130175 -2.6715062420976352 -0.41169170830356727 -0.73999607128768952 -0.21421431111059611 1.599538672532226 -0.55049451922417536 0.45688643217220315
leaf_weight=70097 44 95 5901 770 11638 1066 1035 148 911 5361 38482 4490 2768 32115 600 2583 3141 1750 5555 3359 4773 44352 3719 1769 7342 4150 1848 4910 780 14960
leaf_count=70097 44 95 5901 770 11638 1066 1035 148 911 5361 38482 4490 2768 32115 600 2583 3141 1750 5555 3359 4773 44352 3719 1769 7342 4150 1848 4910 780 14960
internal_value=-0.00130095 0.00627771 -0.00283024 0.00515015 -0.00321084 0.00938304 0.00269708 0.0103573 0.0117537 0.0108509 -0.00362327 0.00215831 -0.00299448 -0.00238373 -0.00144447 0.00726025 0.0134284 0.033935 0.00291025 0.00571897 -0.00210092 -0.00259633 0.00243251 0.00158484 0.00102944 0.000858632 0.000883766 0.00194779 0.00694497 0.000935699
internal_weight=280512 47100 233412 45255 224928 16604 28651 15538 13542 12772 204230 27616 134133 95651 63536 8484 8502 1845 8323 4270 55213 48671 4319 6542 22346 20698 1996 16548 5270 22302
internal_count=280512 47100 233412 45255 224928 16604 28651 15538 13542 12772 204230 27616 134133 95651 63536 8484 8502 1845 8323 4270 55213 48671 4319 6542 22346 20698 1996 16548 5270 22302
is_linear=0
shrinkage=0.06


Tree=11
num_leaves=31
num_cat=0
split_feature=16 13 13 15 15 16 0 13 13 8 3 3 3 7 2 2 6 8 3 7 3 13 14 2 8 0 15 15 1 2
split_gain=760.374 352.285 216.783 111.657 96.5874 57.3346 45.6897 40.0393 38.6687 35.7988 32.4376 32.2809 31.8939 30.3877 29.5214 27.6414 27.1296 27.0765 28.0452 25.6927 29.6849 25.544 25.4941 34.515 25.0897 24.3606 22.3814 22.3428 21.9715 21.391
threshold=87.352250000000012 282.74500000000006 101.90150000000001 132.87750000000003 89.634000000000015 136.00190000000001 1.5000000000000002 139.02400000000003 142.10500000000005 1.2370917599583884 10.500000000000002 11.500000000000002 3.5000000000000004 0.8250264073643564 1.0000000180025095e-35 1.0000000180025095e-35 1.0448900130956857 1.0000797180590746 7.5000000000000009 0.64735137188752534 10.500000000000002 181.12200000000004 285.87000000000006 1.5000000000000002 0.73556749451781711 1.5000000000000002 267.77500000000003 138.55250000000004 5.5000000000000009 3.5000000000000004
decision_type=2 10 10 2 2 2 2 10 8 2 2 2 2 2 2 2 2 2 2 2 2 8 2 2 2 2 2 2 2 2
left_child=2 3 4 5 6 7 13 -2 11 19 14 15 -8 29 -4 -5 25 18 -14 -7 -21 -22 23 -10 -16 -6 -24 -27 -20 -1
right_child=1 -3 10 8 16 9 12 -9 22 -11 -12 -13 17 -15 24 -17 -18 -19 28 20 21 -23 26 -25 -26 27 -28 -29 -30 -31
leaf_value=-0.1423721370947989 0.21394451081959823 12.00570225864093 2.8435117118388265 3.1296650935628176 -0.28684960592193876 3.6219632238452486 -0.040381906572244018 2.3271870306186786 4.9195821211332662 -0.5209749271072377 3.2551742678491613 -1.1421234862201983 -0.92989499089633609 -1.9896388093379136 1.2741663292677026 0.927771410080098 -1.0436345420403019 -2.2324609530989137 -0.80667933225440169 0.9688921664024307 0.64132413840903935 10.981715356876158 9.6970482125089976 2.4794711542352084 0.30684756267772911 0.43083636735636305 11.969864958954474 2.9553090045223147 0.10138028546597723 -1.5774931160375516
leaf_weight=11589 24466 1402 311 776 6280 390 17085 1403 2858 958 2092 1320 26820 97828 1193 2149 3868 16240 9280 3397 402 1178 665 4704 4888 8518 1032 2032 16726 8662
leaf_count=11589 24466 1402 311 776 6280 390 17085 1403 2858 958 2092 1320 26820 97828 1193 2149 3868 16240 9280 3397 402 1178 665 4704 4888 8518 1032 2032 16726 8662
internal_value=-0.00136683 0.00558726 -0.00277009 0.00467837 -0.00312521 0.00275753 -0.00352103 0.00150551 0.0092577 0.00787826 0.00664498 0.0045159 -0.00247038 -0.00428759 0.00452253 0.00803077 0.000780364 -0.00304457 -0.00238587 0.00978535 0.00862327 0.0154177 0.0114317 0.00994023 0.00360039 0.00182175 0.0180778 0.00358294 -0.000981929 -0.00217204
internal_weight=280512 47100 233412 45698 224928 32194 204230 25869 13504 6325 8484 4245 86151 118079 6392 2925 20698 69066 52826 5367 4977 1580 9259 7562 6081 16830 1697 10550 26006 20251
internal_count=280512 47100 233412 45698 224928 32194 204230 25869 13504 6325 8484 4245 86151 118079 6392 2925 20698 69066 52826 5367 4977 1580 9259 7562 6081 16830 1697 10550 26006 20251
is_linear=0
shrinkage=0.06


Tree=12
num_leaves=31
num_cat=0
split_feature=15 13 13 0 8 13 13 8 5 1 3 8 3 13 15 12 1 2 1 3 7 3 3 7 13 2 12 3 2 2
split_gain=627.751 273.44 200.454 117.33 70.0506 64.297 55.7061 50.0722 52.0505 42.4444 53.1633 47.0905 43.8664 36.9832 34.5171 33.0693 57.2101 54.5495 41.4979 31.63 28.9101 39.1522 28.4283 27.719 29.3941 26.8136 25.9957 25.7575 25.6424 24.1464
threshold=119.02500000000002 119.50500000000001 319.22000000000008 1.5000000000000002 0.8770300146298603 79.413500000000013 282.74500000000006 1.0000797180590746 1.0000000180025095e-35 5.5000000000000009 1.5000000000000002 1.0521899627939624 9.5000000000000018 68.747500000000016 152.15250000000003 0.85125000000000017 5.5000000000000009 4.5000000000000009 21.500000000000004 10.500000000000002 0.78687149137802082 1.5000000000000002 10.500000000000002 1.0000317254658451 -6.0574999999999992 2.5000000000000004 0.31625000000000009 1.5000000000000002 1.0000000180025095e-35 4.5000000000000009
decision_type=2 10 10 2 2 8 10 2 2 2 2 2 2 10 2 2 2 2 2 2 2 2 2 2 10 2 2 2 2 2
left_child=1 3 5 13 15 -2 -3 8 14 -6 -11 12 25 20 19 16 -5 18 26 -7 21 -1 -22 24 -24 -12 -18 -9 -16 -8
right_child=2 6 -4 4 9 7 29 27 -10 10 11 -13 -14 -15 28 -17 17 -19 -20 -21 22 -23 23 -25 -26 -27 -28 -29 -30 -31
leaf_value=1.5067416347901612 0.25435663925026508 1.6629830358968902 12.838544188698284 -0.19829013456344127 -0.98750912468862695 0.9750744680263953 10.637281760616 1.4385980512000969 -1.8144918460881165 0.9721887345534781 0.054823380396945808 -1.6565984932007332 0.94561603440996178 0.055759661352292308 5.9198814129670376 -0.68654218306952652 2.4440419128559534 -0.18948955301323428 -0.071251522895394423 4.1046716483513412 -2.0922340368890326 -0.81890098492371111 1.7390878342611886 -4.0107423546178698 -1.4563106859818755 -0.89382790831198311 0.79034495336745614 0.031888930236087222 5.8094271943399942 0.92456610971795883
leaf_weight=1197 5511 7138 761 7514 25427 5052 369 459 926 5744 14435 16413 8941 6902 1471 4309 4261 3777 1677 1785 89629 18265 5434 5878 3539 20661 2147 3516 7281 93
leaf_count=1197 5511 7138 761 7514 25427 5052 369 459 926 5744 14435 16413 8941 6902 1471 4309 4261 3777 1677 1785 89629 18265 5434 5878 3539 20661 2147 3516 7281 93
internal_value=-0.00141367 -0.00233545 0.00732636 -0.00268154 -0.00128611 0.00643798 0.00887368 0.00798536 0.00944051 -0.00203803 -0.00123764 -0.00176179 -0.000739425 -0.00391125 0.0102615 0.00162254 0.00267981 0.00527466 0.00805566 0.00706713 -0.0041493 -0.0020261 -0.00454479 -0.00211339 -1.53809e-05 -0.00169524 0.0102547 0.00193962 0.0127569 0.0290649
internal_weight=280512 253750 26762 246150 115306 26001 7600 20490 16515 91621 66194 60450 44037 130844 15589 23685 19376 11862 8085 6837 123942 19462 104480 14851 8973 35096 6408 3975 8752 462
internal_count=280512 253750 26762 246150 115306 26001 7600 20490 16515 91621 66194 60450 44037 130844 15589 23685 19376 11862 8085 6837 123942 19462 104480 14851 8973 35096 6408 3975 8752 462
is_linear=0
shrinkage=0.06


Tree=13
num_leaves=31
num_cat=0
split_feature=16 13 13 15 13 3 8 13 5 0 7 2 7 0 8 14 15 10 15 15 16 2 3 15 13 3 2 3 15 3
split_gain=591.288 268.194 160.223 83.4833 82.3188 85.2258 69.1736 39.8263 39.3337 36.1178 31.0635 30.2175 27.4506 24.8756 30.1244 23.2952 22.9479 23.2071 24.6215 22.4137 22.2781 21.1472 23.1855 20.8895 19.6185 19.2167 19.0314 17.9976 17.9954 17.5672
threshold=87.352250000000012 319.22000000000008 85.063500000000019 71.541500000000028 99.721000000000018 7.5000000000000009 1.0044737539161852 145.80650000000003 1.0000000180025095e-35 2.5000000000000004 0.8250264073643564 1.0000000180025095e-35 0.62935197855491698 1.5000000000000002 1.030951110915062 59.585000000000008 -1.0089999999999997 -1.5714285714285707 29.195000000000004 148.89100000000005 23.200500000000002 3.5000000000000004 5.5000000000000009 157.14000000000001 181.12200000000004 1.5000000000000002 1.5000000000000002 4.5000000000000009 152.15250000000003 10.500000000000002
decision_type=2 10 10 2 8 2 2 10 2 2 2 2 2 2 2 2 2 2 2 2 2 2 2 2 8 2 2 2 2 2
left_child=2 4 3 9 15 12 8 11 16 10 21 -4 19 -5 23 -2 -7 18 -18 25 -12 22 27 -15 26 -6 -19 -1 29 -26
right_child=1 -3 7 13 5 6 -8 -9 -10 -11 20 -13 -14 14 -16 -17 17 24 -20 -21 -22 -23 -24 -25 28 -27 -28 -29 -30 -31
leaf_value=0.37574032097163712 2.2700556294595042 11.518954841119561 2.5004283052357081 -0.70482043071992728 1.6532656470342439 4.5049943517260482 -0.56366442549560358 2.8197832266810097 -3.1804396952421548 -0.51270173536950936 -2.8312136372264418 0.20079267622385216 0.27495796268438016 0.31972149291066954 -0.91336237707210444 -0.094303061572930516 -0.71088545958164584 3.2204062387786982 8.4319520964759764 3.6974689939700807 -1.1868728400327089 -1.4964359479636047 -0.66083598856688375 3.2335326686115327 1.2861067604565009 0.36186421190919121 0.11904856694254037 1.3625521441766184 8.6610629949768096 8.2257690363900355
leaf_weight=3711 176 942 691 13293 646 63 1944 2327 497 31825 68272 11276 14748 15584 4309 12663 110 611 465 682 58883 11442 9883 1120 2284 2358 1271 796 4246 3394
leaf_count=3711 176 942 691 13293 646 63 1944 2327 497 31825 68272 11276 14748 15584 4309 12663 110 611 465 682 58883 11442 9883 1120 2284 2358 1271 796 4246 3394
internal_value=-0.00146864 0.00466369 -0.00270608 -0.00310759 0.0040169 0.00558978 0.00896674 0.00344872 0.010552 -0.00361217 -0.00399473 0.00205214 0.00286297 -0.000389321 0.00089573 -6.49598e-05 0.0112131 0.0110293 0.0228 0.0074943 -0.00438009 -0.00209786 -0.000567062 0.00204957 0.010456 0.00526498 0.00483953 0.00299933 0.0115212 0.00931173
internal_weight=280512 47100 233412 219118 46158 33319 14885 14294 12941 184812 152987 11967 18434 34306 21013 12839 12444 12381 575 3686 127155 25832 14390 16704 11806 3004 1882 4507 9924 5678
internal_count=280512 47100 233412 219118 46158 33319 14885 14294 12941 184812 152987 11967 18434 34306 21013 12839 12444 12381 575 3686 127155 25832 14390 16704 11806 3004 1882 4507 9924 5678
is_linear=0
shrinkage=0.06


Tree=14
num_leaves=31
num_cat=0
split_feature=16 13 13 15 8 14 13 13 16 15 7 13 7 1 6 0 2 10 13 0 14 2 8 7 8 1 0 8 1 15
split_gain=511.874 248.02 143.481 77.8705 66.4491 55.1449 50.97 38.9517 38.1212 26.2776 31.9384 25.3548 25.3015 24.7833 25.096 24.6509 22.336 21.0416 20.4875 20.002 18.798 17.8884 17.1027 16.4462 16.3996 16.0182 15.9066 15.8664 15.8643 15.7287
threshold=87.352250000000012 319.22000000000008 78.44850000000001 71.541500000000028 1.0616405287065547 136.55000000000004 172.16500000000005 130.39250000000001 20.007750000000005 132.87750000000003 0.47744009486684497 172.16500000000005 0.82764874765504415 5.5000000000000009 1.1454716954565594 1.5000000000000002 1.0000000180025095e-35 -1.4714285714285706 44.045000000000009 1.5000000000000002 65.932500000000019 1.5000000000000002 1.0398223041144161 0.58088755167156958 0.69076421768433816 4.5000000000000009 1.5000000000000002 1.0761676044003416 6.5000000000000009 24.081000000000003
decision_type=2 10 10 2 2 2 10 10 2 2 2 8 2 2 2 2 2 2 8 2 2 2 2 2 2 2 2 2 2 2
left_child=2 4 3 8 5 6 9 16 24 20 -11 19 27 -5 15 23 28 -6 -14 -7 21 -2 -9 -15 -1 -20 -22 -10 -4 -8
right_child=1 -3 7 13 17 11 29 22 12 10 -12 -13 18 14 -16 -17 -18 -19 25 -21 26 -23 -24 -25 -26 -27 -28 -29 -30 -31
leaf_value=-1.0138865116908871 4.7936265994475589 10.827817550652385 -0.1719851324002456 -0.68426166116055986 0.40807005403337787 -0.72353306660586469 3.4003728117599175 2.5904379493105516 0.25841286060287755 4.6585715982781739 1.769984894983061 6.1793260516911586 -1.792009608476943 0.85999631712539926 -1.404809929336218 0.65583561906965604 0.080389170701320595 -0.63810969906293658 -1.0271688056969788 1.3741551751804937 -0.46235915673759703 -0.11860255785219351 -0.12334759064771617 -0.6101405665884061 -2.45390214460887 -0.56857426757667395 0.39919933549741232 -0.6189733630753419 2.4199775029578858 3.543753781134642
leaf_weight=13173 56 942 278 7338 3669 1229 108 2959 8572 277 4608 9179 26573 738 4089 12805 12815 6311 12004 3570 4019 46 644 8459 76487 42460 12451 3388 630 635
leaf_count=13173 56 942 278 7338 3669 1229 108 2959 8572 277 4608 9179 26573 738 4089 12805 12815 6311 12004 3570 4019 46 644 8459 76487 42460 12451 3388 630 635
internal_value=-0.00148276 0.00422293 -0.00263411 -0.00305534 0.00360093 0.00479662 0.00293784 0.00261941 -0.00354261 0.00240285 0.00627021 0.00774875 -0.00269151 -0.000392894 0.000473495 0.0012757 0.0011617 -0.000733468 -0.00307171 0.00421463 0.00126285 0.0269412 0.00817152 -0.00109405 -0.00442539 -0.00240533 0.00110382 -0.000115386 0.0102555 0.0183876
internal_weight=280512 47100 233412 216086 46158 36178 22200 17326 182657 21457 4885 13978 92997 33429 26091 22002 13723 9980 81037 4799 16572 102 3603 9197 89660 54464 16470 11960 908 743
internal_count=280512 47100 233412 216086 46158 36178 22200 17326 182657 21457 4885 13978 92997 33429 26091 22002 13723 9980 81037 4799 16572 102 3603 9197 89660 54464 16470 11960 908 743
is_linear=0
shrinkage=0.06


Tree=15
num_leaves=31
num_cat=0
split_feature=16 13 13 0 13 3 8 13 2 13 7 5 8 3 3 15 14 3 8 15 15 2 7 2 14 15 13 2 3 8
split_gain=433.672 234.364 127.644 76.7292 57.11 63.8428 53.418 40.9918 35.9797 35.8617 35.7245 35.5347 34.7798 32.7729 29.1889 27.2703 23.6474 23.6201 25.2224 22.1926 22.0608 20.3535 24.517 19.0813 35.3448 21.7688 19.3556 18.6606 18.4695 19.4593
threshold=87.352250000000012 319.22000000000008 73.865000000000023 2.5000000000000004 73.865000000000023 7.5000000000000009 1.0044737539161852 27.403500000000005 4.5000000000000009 119.50500000000001 0.83872741876698187 1.0000000180025095e-35 1.0521899627939624 10.500000000000002 11.500000000000002 91.672500000000014 51.015000000000008 1.5000000000000002 1.0761676044003416 34.025000000000013 -1.0089999999999997 4.5000000000000009 0.65116675717781247 1.5000000000000002 323.90250000000009 267.77500000000003 89.565000000000012 4.5000000000000009 1.5000000000000002 1.2468417550082944
decision_type=2 10 10 2 8 2 2 8 2 10 2 2 2 2 2 2 2 2 2 2 2 2 2 2 2 2 10 2 2 2
left_child=2 4 3 7 16 21 11 -1 10 -4 17 20 15 19 -15 -5 -2 -9 -19 -12 -7 22 28 -22 -25 -26 -27 -3 -6 -30
right_child=1 27 9 12 5 6 -8 8 -10 -11 13 -13 -14 14 -16 -17 -18 18 -20 -21 23 -23 -24 24 25 26 -28 -29 29 -31
leaf_value=-2.616473333910728 2.1830199973841347 10.606824854088179 0.089379303286607245 -0.12265289781602891 1.6564394905442676 4.2624362400267408 -0.59241401886172962 1.3894712393049 -1.5957660893501793 1.6857780252523753 -1.5677192159757716 -2.7844419901654569 -1.4887277042017082 0.85706466610457333 -1.0996319876438518 0.88646658587068361 -0.3876912128499394 0.27442863287576852 -1.6547984243737144 -0.66079334263818901 6.4618894112972658 -0.29512816352085164 0.27213022922928837 3.1228838723924199 7.9768791824755336 12.351055526639071 -1.6330012891666339 5.0828150970456205 1.4415289356629439 -0.17771308689757007
leaf_weight=51297 89 751 14415 27791 727 63 2143 1034 36364 5070 33180 606 8878 5608 3663 5002 9281 10899 3574 26637 4583 3024 13891 7724 312 410 171 191 2059 1075
leaf_count=51297 89 751 14415 27791 727 63 2143 1034 36364 5070 33180 606 8878 5608 3663 5002 9281 10899 3574 26637 4583 3024 13891 7724 312 410 171 191 2059 1075
internal_value=-0.00151549 0.0037363 -0.00257524 -0.0029987 0.00313168 0.0041968 0.00704397 -0.00355759 -0.00295484 0.0020739 -0.00227638 0.00840623 -0.000688394 -0.00286053 0.000458849 0.00021352 -0.00105016 0.000326174 -0.000299732 -0.003375 0.00905542 0.0020025 0.0027776 0.00888636 0.0072227 0.0185241 0.0116592 0.0333631 0.00700699 0.00500829
internal_weight=280512 47100 233412 213927 46158 36788 16012 172256 120959 19485 84595 13869 41671 69088 9271 32793 9370 15507 14473 59817 13263 20776 17752 13200 8617 893 581 942 3861 3134
internal_count=280512 47100 233412 213927 46158 36788 16012 172256 120959 19485 84595 13869 41671 69088 9271 32793 9370 15507 14473 59817 13263 20776 17752 13200 8617 893 581 942 3861 3134
is_linear=0
shrinkage=0.06


Tree=16
num_leaves=31
num_cat=0
split_feature=16 13 13 15 6 3 13 16 6 13 13 3 3 14 5 15 1 6 7 2 2 15 3 1 1 10 13 10 3 1
split_gain=378.132 226.193 113.141 72.8799 50.8355 42.8805 48.2894 37.7381 38.0961 31.7299 25.5521 29.3447 43.7757 58.5056 24.9919 23.7162 21.9178 21.1255 20.9034 20.1748 19.4826 19.294 18.6082 22.3769 19.7651 17.9349 17.8342 17.204 19.0991 16.741
threshold=87.352250000000012 319.22000000000008 73.865000000000023 74.375000000000014 1.2080131269631122 7.5000000000000009 158.57500000000002 8.5212500000000002 0.90019341435710032 149.63000000000002 38.182500000000012 10.500000000000002 11.500000000000002 6.4110000000000005 1.0000000180025095e-35 123.01250000000002 5.5000000000000009 1.1454716954565594 0.47744009486684497 1.0000000180025095e-35 4.5000000000000009 -1.0089999999999997 1.5000000000000002 6.5000000000000009 20.500000000000004 1.0000000180025095e-35 65.295000000000016 -1.2071428571428544 10.500000000000002 5.5000000000000009
decision_type=2 10 10 2 2 2 8 2 2 10 8 2 2 2 2 2 2 2 2 2 2 2 2 2 2 2 8 2 2 2
left_child=2 4 3 7 5 15 27 -1 22 19 -10 -12 13 -13 21 -2 -5 26 -17 29 -3 -8 23 -9 -25 -15 -18 -7 -29 -4
right_child=1 20 9 16 -6 6 14 8 10 -11 11 12 -14 25 -16 18 17 -19 -20 -21 -22 -23 -24 24 -26 -27 -28 28 -30 -31
leaf_value=-2.6027047653027378 0.10638480072731789 9.9704153628428891 -0.41348513700411321 -0.61030009187915546 -0.48609778958699257 3.3991437071180903 4.0117017660746095 -0.20725020049993004 -2.0358827236299004 2.5562005617605399 -0.93841982977641769 6.8224131355731021 -1.1506883493196602 1.8148216308146479 -3.1981737365546778 3.1188734570461718 -0.32496832003719783 -1.2588260666991185 0.70946123835465291 0.079441801475814477 4.7778461912228831 5.7169752764978261 -0.31637210544591349 3.1866901498640199 -0.34527858262798572 -1.9659623328878044 0.54256775183250461 1.4359763441460596 -0.80612522183136648 2.1555905656516985
leaf_weight=52060 16142 751 317 6606 6118 485 61 567 34577 2108 61935 176 3309 4654 442 610 6932 3767 5336 16241 191 11222 24390 547 186 1081 13140 2528 3214 819
leaf_count=52060 16142 751 317 6606 6118 485 61 567 34577 2108 61935 176 3309 4654 442 610 6932 3767 5336 16241 191 11222 24390 547 186 1081 13140 2528 3214 819
internal_value=-0.00153837 0.0033656 -0.00252794 -0.00292662 0.00277161 0.00354995 0.00572794 -0.00337773 -0.00283615 0.00184911 -0.00333969 -0.00268948 0.000468545 0.00356183 0.00799573 0.00177979 -0.000207917 0.000639539 0.00501917 0.00100581 0.0324713 0.008544 -0.000763723 0.00623077 0.0131542 0.00251613 0.00141331 0.00145784 0.000541273 0.00873591
internal_weight=280512 47100 233412 213927 46158 40040 17952 183482 131422 19485 105732 71155 9220 5911 11725 22088 30445 23839 5946 17377 942 11283 25690 1300 733 5735 20072 6227 5742 1136
internal_count=280512 47100 233412 213927 46158 40040 17952 183482 131422 19485 105732 71155 9220 5911 11725 22088 30445 23839 5946 17377 942 11283 25690 1300 733 5735 20072 6227 5742 1136
is_linear=0
shrinkage=0.06


Tree=17
num_leaves=31
num_cat=0
split_feature=16 13 13 0 16 13 3 3 8 13 10 5 13 10 13 7 2 7 3 10 2 14 7 0 14 3 13 2 16 14
split_gain=330.385 206.127 102.045 76.4495 44.6381 42.0215 44.7988 37.0863 33.8428 28.8258 27.6885 28.07 26.4171 26.1404 24.5336 22.9865 18.4027 17.873 19.8465 20.3592 16.6199 18.5815 15.6855 20.7697 20.3299 16.2388 15.2777 26.2777 28.1321 23.6276
threshold=87.352250000000012 319.22000000000008 70.141000000000005 2.5000000000000004 22.870000000000001 99.721000000000018 10.500000000000002 1.5000000000000002 1.0521899627939624 49.214000000000006 1.0000000180025095e-35 1.0000000180025095e-35 130.39250000000001 -9.1535714285714267 418.15500000000003 0.86188134568477681 4.5000000000000009 0.72852641831424136 9.5000000000000018 1.0000000180025095e-35 1.0000000180025095e-35 68.546500000000023 0.62935197855491698 1.5000000000000002 90.753500000000017 1.5000000000000002 108.67500000000003 1.5000000000000002 108.10725000000001 119.69500000000001
decision_type=2 10 10 2 2 8 2 2 2 8 2 2 10 2 10 2 2 2 2 2 2 2 2 2 2 2 10 2 2 2
left_child=2 5 3 4 7 20 22 13 16 -6 11 26 -4 -1 -3 -9 -5 -11 -19 -20 21 -2 25 -24 -25 -7 29 -28 -29 -8
right_child=1 14 12 8 9 6 10 15 -10 17 -12 -13 -14 -15 -16 -17 -18 18 19 -21 -22 -23 23 24 -26 -27 27 28 -30 -31
leaf_value=2.1167397062031377 3.1215309667542326 6.3550815088148891 0.094670521187833381 0.27843217816006621 -1.3629740143471292 1.5211828384605792 2.4969200140329324 -1.0877083844022095 -1.3378574050573253 0.28315591239511534 -1.5567766406066383 -2.9561662015234362 1.6974199946071467 0.18986060449931319 10.600272940173079 -2.4557299863863151 -0.53880167223521347 -0.7484534616728683 0.68400155471569646 -2.4591979813753255 -0.41000305814316079 0.58175238550108854 -0.65007765861156375 3.7056471144639169 0.30826501201389472 0.60313313156428017 6.3188524379945816 2.2797519414283398 -0.81225058486745005 7.8024108785119299
leaf_weight=85 97 453 17577 21545 28972 736 1286 19460 8785 5619 790 495 3603 3839 489 64418 10821 38860 7798 2030 9794 2948 3284 1570 14497 3611 815 343 1489 4403
leaf_count=85 97 453 17577 21545 28972 736 1286 19460 8785 5619 790 495 3603 3839 489 64418 10821 38860 7798 2030 9794 2948 3284 1570 14497 3611 815 343 1489 4403
internal_value=-0.00155335 0.00303057 -0.00247833 -0.00287465 -0.00343315 0.00246354 0.00358732 -0.00437703 -0.000552746 -0.002438 0.00704022 0.00800294 0.00149292 0.00132416 0.0308153 -0.00464375 0.000343693 -0.00162267 -0.00199244 0.00041636 -0.00045284 0.00341872 0.0021855 0.00145388 0.00234256 0.00544237 0.00882725 0.00506158 0.00107423 0.0105794
internal_weight=280512 47100 233412 212232 171081 46158 33319 87802 41151 83279 9621 8831 21180 3924 942 83878 32366 54307 48688 9828 12839 3045 23698 19351 16067 4347 8336 2647 1832 5689
internal_count=280512 47100 233412 212232 171081 46158 33319 87802 41151 83279 9621 8831 21180 3924 942 83878 32366 54307 48688 9828 12839 3045 23698 19351 16067 4347 8336 2647 1832 5689
is_linear=0
shrinkage=0.06


Tree=18
num_leaves=31
num_cat=0
split_feature=15 16 13 13 3 13 13 1 3 0 5 8 1 14 2 7 2 2 7 1 0 7 8 0 1 7 2 8 3 3
split_gain=301.886 131.756 128.845 90.501 59.7818 48.1 45.9589 43.9889 36.3937 36.0308 34.6683 38.4723 32.3552 31.0723 29.0374 28.8648 28.8478 26.4305 26.4023 25.5505 23.7245 33.9512 24.2394 22.0226 21.9887 22.2749 20.6206 20.2498 19.0769 22.0436
threshold=116.90500000000002 41.971175000000009 319.22000000000008 172.16500000000005 1.5000000000000002 58.949000000000005 65.295000000000016 7.5000000000000009 10.500000000000002 2.5000000000000004 1.0000000180025095e-35 1.2267985036249918 5.5000000000000009 323.90250000000009 4.5000000000000009 0.82764874765504415 4.5000000000000009 1.0000000180025095e-35 1.2256242750295854 20.500000000000004 1.5000000000000002 0.99827436264285618 1.5319219049731301 1.5000000000000002 21.500000000000004 0.66056598449650461 2.5000000000000004 1.0441461083017634 10.500000000000002 11.500000000000002
decision_type=2 2 10 10 2 10 8 2 2 2 2 2 2 2 2 2 2 2 2 2 2 2 2 2 2 2 2 2 2 2
left_child=1 4 10 6 7 9 -3 -1 -5 15 11 13 -8 17 18 -6 -10 -2 24 20 21 -9 -22 26 25 -14 -4 -11 -17 -30
right_child=2 3 23 8 5 -7 12 19 16 27 -12 -13 14 -15 -16 28 -18 -19 -20 -21 22 -23 -24 -25 -26 -27 -28 -29 29 -31
leaf_value=-0.43559462964147144 2.4513328388769735 -0.71749996543498928 11.582574211146305 0.75714437490148445 -0.76661026802330912 0.071874406001571509 -0.34287340144852102 2.7871215071362645 7.0075880109015865 -0.1485674673249287 -1.9180457418578594 -0.4174653821600583 1.1355004416345837 8.5338689594069272 -0.32526082406916318 -2.0587916524149219 0.61051483806594886 1.174097859441156 -0.82637871170609423 -0.36265696031733974 3.778027212802304 -0.057400846044046147 -0.23087109621419555 9.0679721603650556 -0.4015262545501983 0.46418949517060715 -1.2439507904935962 -2.3069134613649163 -0.13360023083692227 -2.3670241468258721
leaf_weight=4068 3763 28241 44 693 21785 10619 13763 818 742 15757 1630 3160 3488 1371 11609 82839 230 17187 4723 1158 832 1594 240 587 3727 28576 134 4303 7471 5360
leaf_count=4068 3763 28241 44 693 21785 10619 13763 818 742 15757 1630 3160 3488 1371 11609 82839 230 17187 4723 1158 832 1594 240 587 3727 28576 134 4303 7471 5360
internal_value=-0.00154244 -0.00219627 0.00438312 -0.000442961 -0.00326709 -0.00355114 -0.000688242 0.00156372 0.0134234 -0.00385158 0.00369791 0.00424057 0.000179764 0.00511778 0.000862996 -0.00425295 0.0209136 0.00454511 0.00162107 0.00555536 0.0081217 0.00482089 0.0155485 0.0286667 0.00217747 0.0026845 0.0101798 -0.0015015 -0.00470179 -0.00254898
internal_weight=280512 252636 27876 95792 156844 148134 94127 8710 1665 137515 27111 25481 65886 22321 52123 117455 972 20950 40514 4642 3484 2412 1072 765 35791 32064 178 20060 95670 12831
internal_count=280512 252636 27876 95792 156844 148134 94127 8710 1665 137515 27111 25481 65886 22321 52123 117455 972 20950 40514 4642 3484 2412 1072 765 35791 32064 178 20060 95670 12831
is_linear=0
shrinkage=0.06


Tree=19
num_leaves=31
num_cat=0
split_feature=16 13 13 15 16 6 13 1 13 2 16 3 16 6 10 7 3 15 3 10 2 2 7 8 2 15 3 3 0 8
split_gain=275.547 185.428 83.113 60.25 59.9583 39.2788 37.0775 33.7184 31.6163 30.0221 28.7318 27.1415 25.9861 24.2185 24.1818 23.0018 26.2833 20.3978 19.9192 18.6567 17.8457 17.6426 18.4593 17.631 16.5526 18.4163 17.1546 37.0809 15.2811 16.0104
threshold=73.914175 418.15500000000003 70.141000000000005 152.15250000000003 17.781375000000001 1.3530197401249746 37.185000000000009 4.5000000000000009 149.63000000000002 4.5000000000000009 136.00190000000001 1.5000000000000002 296.28725000000003 1.2735414786356589 -9.1535714285714267 0.82043757225191538 9.5000000000000018 241.19500000000002 4.5000000000000009 1.0000000180025095e-35 1.0000000180025095e-35 1.5000000000000002 0.5404870496926043 0.86473996727076907 4.5000000000000009 -0.41849999999999993 10.500000000000002 11.500000000000002 1.5000000000000002 0.79715233006477815
decision_type=2 10 10 2 2 2 8 2 10 2 2 2 2 2 2 2 2 2 2 2 2 2 2 2 2 2 2 2 2 2
left_child=2 3 4 5 11 8 -6 -8 10 13 28 14 21 15 -1 -9 18 -14 -17 -18 -4 22 -5 -13 26 -26 -10 -28 -2 -30
right_child=1 -3 20 12 6 -7 7 9 24 -11 -12 23 17 -15 -16 16 19 -19 -20 -21 -22 -23 -24 -25 25 -27 27 -29 29 -31
leaf_value=1.8254822580812151 -0.32169054552193027 9.4751568318416322 1.6489334988178779 4.6821819335874642 -1.4407448821979376 -0.91713286982322151 -0.80456546099264492 0.82829292066472282 1.3509040493309641 -0.7535059790819969 1.3459420631963837 -1.210170695170355 7.3529815592593843 -1.668672675324494 0.046869191908105387 0.16333582236844396 1.8902643073983847 7.9545953500897912 -0.70668126657033947 -1.5502838128337699 0.17609353210677961 1.0017555070765223 2.9320540046997516 -2.1175322281118847 1.7179671143461042 -1.2181958319260555 7.1583447299349423 1.6971069767614608 0.59768650459921102 0.060975585813896768
leaf_weight=81 10711 499 1055 370 32518 5389 17598 5830 1268 17643 6051 21521 356 4670 3771 14204 5505 1268 14422 946 16586 5918 3284 60680 28 481 408 386 5522 21543
leaf_count=81 10711 499 1055 370 32518 5389 17598 5830 1268 17643 6051 21521 356 4670 3771 14204 5505 1268 14422 946 16586 5918 3284 60680 28 481 408 386 5522 21543
internal_value=-0.00153966 0.00193737 -0.0025567 0.00164873 -0.00290595 0.000785871 -0.00199933 -0.00131095 0.00134902 -0.000664348 0.000969675 -0.00410001 0.00563987 0.000149153 0.000822428 0.00061647 3.64327e-05 0.0126576 -0.000743242 0.0034962 0.00139074 0.00444923 0.00772742 -0.00433068 0.00781563 -0.00187426 0.0102076 0.0171234 0.000354827 0.00111398
internal_weight=280512 63482 217030 62983 199389 51787 113336 80818 46398 63220 43827 86053 11196 45577 3852 40907 35077 1624 28626 6451 17641 9572 3654 82201 2571 509 2062 794 37776 27065
internal_count=280512 63482 217030 62983 199389 51787 113336 80818 46398 63220 43827 86053 11196 45577 3852 40907 35077 1624 28626 6451 17641 9572 3654 82201 2571 509 2062 794 37776 27065
is_linear=0
shrinkage=0.06


Tree=20
num_leaves=31
num_cat=0
split_feature=16 13 13 15 13 13 3 15 2 15 1 7 13 3 8 7 3 5 8 3 15 2 14 2 13 14 3 15 8 3
split_gain=250.952 169.413 82.3932 56.6846 45.1452 39.4081 41.8032 43.25 31.5119 30.3493 27.5686 36.2185 27.4458 26.6512 25.0991 24.2697 24.2626 22.6383 22.3752 21.2069 19.201 18.7433 18.605 17.8265 21.3285 18.4798 19.3759 38.313 17.5623 17.2096
threshold=82.613000000000014 319.22000000000008 27.403500000000005 71.541500000000028 70.141000000000005 125.50250000000001 10.500000000000002 241.19500000000002 4.5000000000000009 3.0725000000000002 4.5000000000000009 0.83111999156639593 418.15500000000003 5.5000000000000009 1.1696674209297242 0.62935197855491698 10.500000000000002 1.0000000180025095e-35 0.71085400727221548 11.500000000000002 241.19500000000002 1.0000000180025095e-35 123.76350000000001 2.5000000000000004 125.50250000000001 149.88100000000003 11.500000000000002 102.70250000000001 0.99999968811882878 1.5000000000000002
decision_type=2 10 8 2 10 8 2 2 2 2 2 2 10 2 2 2 2 2 2 2 2 2 2 2 10 2 2 2 2 2
left_child=2 5 -1 4 8 21 7 15 10 22 -4 13 -3 -12 17 -7 -13 23 29 -18 -20 -2 -8 25 -25 -11 27 28 -27 -5
right_child=1 12 3 18 -6 6 9 -9 -10 14 11 16 -14 -15 -16 -17 19 -19 20 -21 -22 -23 -24 24 -26 26 -28 -29 -30 -31
leaf_value=-1.9462978930958401 0.66765354075582029 5.1238206538358062 -0.84182487201659906 4.9144851124816338 0.21319304230412747 0.83936980808420469 7.9182385349277506 8.9905653745448557 -1.2644555576613929 2.7443652570682282 1.2333914805556196 -0.73209845456355005 8.8327421899028788 -0.025314315311854099 -1.761951075453728 0.037825943264987331 1.347582570365933 -2.689735252314696 -0.034067182189340635 -1.1029789601045561 4.4571055030456899 -0.27818020185899694 2.4054773587938714 5.3667067991707587 -0.82618279513432979 3.3104923783517486 6.7966010343443362 -1.8827415171625708 15.824630827349193 0.68465681923116672
leaf_weight=59533 3950 458 21115 206 13386 3857 174 858 41553 1941 3181 44887 490 6984 812 18255 4013 489 27811 1631 443 14926 133 2771 1152 62 1753 145 298 3245
leaf_count=59533 3950 458 21115 206 13386 3857 174 858 41553 1941 3181 44887 490 6984 812 18255 4013 489 27811 1631 443 14926 133 2771 1152 62 1753 145 298 3245
internal_value=-0.0015187 0.00222024 -0.00238007 -0.001702 -0.00223196 0.00175826 0.00301835 0.00162211 -0.00259107 0.00631449 -0.00190764 -0.00125801 0.0273544 0.00200984 0.00570965 0.00110926 -0.00191538 0.00666055 0.000583818 0.00179234 2.67558e-05 -0.000424668 0.0248795 0.00741541 0.00450726 0.0101324 0.0138229 0.0241782 0.0346667 0.00514459
internal_weight=280512 52524 227988 168455 136750 51576 32700 22970 123364 9730 81811 60696 948 10165 9423 22112 50531 8611 31705 5644 28254 18876 307 8122 3923 4199 2258 505 360 3451
internal_count=280512 52524 227988 168455 136750 51576 32700 22970 123364 9730 81811 60696 948 10165 9423 22112 50531 8611 31705 5644 28254 18876 307 8122 3923 4199 2258 505 360 3451
is_linear=0
shrinkage=0.06


Tree=21
num_leaves=31
num_cat=0
split_feature=16 13 13 0 15 6 4 7 1 16 1 3 8 8 14 14 13 14 13 10 10 3 13 8 13 3 13 3 0 1
split_gain=229.393 164.729 69.9918 64.5042 58.2561 36.5587 36.548 38.7242 33.4147 30.3126 29.7405 32.2871 32.1699 30.3541 29.2401 29.0735 27.881 23.8778 20.6642 18.2945 18.2626 18.1499 18.8844 17.2491 17.14 16.8159 17.3835 16.7628 16.0011 15.3024
threshold=69.419250000000019 418.15500000000003 66.165000000000006 2.5000000000000004 152.15250000000003 1.3530197401249746 1.0000000180025095e-35 0.89875578150459623 16.500000000000004 20.007750000000005 5.5000000000000009 1.5000000000000002 1.0904382660337382 1.258641636247954 149.88100000000003 323.90250000000009 149.63000000000002 66.855000000000004 37.185000000000009 -0.54999999999999905 1.3071428571428598 1.5000000000000002 75.771000000000015 1.0568132721562933 319.22000000000008 10.500000000000002 319.22000000000008 9.5000000000000018 1.5000000000000002 21.500000000000004
decision_type=2 10 10 2 2 2 2 2 2 2 2 2 2 2 2 2 10 2 8 2 2 2 10 2 8 2 8 2 2 2
left_child=2 4 3 6 5 14 7 10 23 -9 -1 13 20 -12 16 -6 17 -2 -11 21 -13 22 -19 -5 -17 -16 -27 -20 -21 -10
right_child=1 -3 -4 8 15 -7 -8 9 29 18 11 12 -14 -15 25 24 -18 19 27 28 -22 -23 -24 -25 -26 26 -28 -29 -30 -31
leaf_value=-0.96165625649137809 1.3781334020927498 8.4068206519062443 0.21035131178178701 -0.16595446300290953 1.6789765436877275 -0.86517000836342695 -1.6573131891746993 -1.8872398134291346 1.5506354369746533 -1.5357991975812093 4.9430131534551824 0.82877707161200376 -1.4714881315411186 0.37836823326585889 0.47765428102083807 4.0644083329823513 1.8352089177027697 1.3091734706675859 -0.60211402889222199 -0.77087678245530766 -0.64905021364717519 0.15481103395129336 0.010945081570043678 -1.587528020929811 8.2805026917114386 2.0143661964978947 7.692809923968893 0.46507224615985898 0.0041602625802950183 -0.05672919978573495
leaf_weight=7110 1704 504 18274 21020 9902 5964 49940 37236 4383 14641 388 7625 3933 501 4636 495 1538 921 27330 9447 3570 7641 622 5665 977 1084 1390 6011 23205 2855
leaf_count=7110 1704 504 18274 21020 9902 5964 49940 37236 4383 14641 388 7625 3933 501 4636 495 1538 921 27330 9447 3570 7641 622 5665 977 1084 1390 6011 23205 2855
internal_value=-0.0014864 0.00148822 -0.00247609 -0.00281345 0.00124046 0.000472347 -0.0033223 -0.00270331 -0.000439172 -0.00329424 -0.00052588 0.000907659 0.000254626 0.0120202 0.000980914 0.00516757 0.000416876 0.000136425 -0.00229736 -0.000147147 0.00189459 0.00221864 0.00815424 -0.0014199 0.0130353 0.00455696 0.00855133 -0.00147224 -0.00081257 0.00317657
internal_weight=280512 70030 210482 192208 69526 58152 158285 108345 33923 85218 23127 16017 15128 889 52188 11374 45078 43540 47982 41836 11195 9184 1543 26685 1472 7110 2474 33341 32652 7238
internal_count=280512 70030 210482 192208 69526 58152 158285 108345 33923 85218 23127 16017 15128 889 52188 11374 45078 43540 47982 41836 11195 9184 1543 26685 1472 7110 2474 33341 32652 7238
is_linear=0
shrinkage=0.06


Tree=22
num_leaves=31
num_cat=0
split_feature=16 13 15 3 13 6 0 13 1 2 7 1 13 13 14 2 10 10 3 10 0 1 3 3 6 13 2 15 2 13
split_gain=212.094 157.014 74.5335 55.5152 45.489 45.1331 42.8847 38.6412 33.0306 33.1258 31.3096 31.0676 29.0926 25.3102 25.1949 24.4361 23.7415 22.7887 20.9499 22.4323 19.1476 19.9197 18.9471 22.1992 18.7206 18.4238 17.5606 17.5566 17.5183 17.2575
threshold=41.971175000000009 319.22000000000008 132.87750000000003 1.5000000000000002 51.57500000000001 1.334151823421023 2.5000000000000004 65.295000000000016 5.5000000000000009 4.5000000000000009 0.82764874765504415 7.5000000000000009 165.24250000000004 418.15500000000003 323.90250000000009 1.5000000000000002 -1.7785714285714276 -9.1535714285714267 10.500000000000002 0.15714285714285794 1.5000000000000002 21.500000000000004 10.500000000000002 11.500000000000002 1.1663378043518386 -6.0574999999999992 3.5000000000000004 35.205000000000005 1.0000000180025095e-35 282.74500000000006
decision_type=2 10 2 2 10 2 2 8 2 2 2 2 10 10 2 2 2 2 2 2 2 2 2 2 2 10 2 2 2 10
left_child=3 2 5 11 6 7 10 28 -9 12 26 -1 16 -3 15 -4 -10 -13 -12 25 -19 27 -14 29 -8 -20 -5 -22 -2 -24
right_child=1 13 14 4 -6 -7 24 8 9 -11 18 17 22 -15 -16 -17 -18 20 19 -21 21 -23 23 -25 -26 -27 -28 -29 -30 -31
leaf_value=-0.3311789830088378 0.19813310594895855 4.633247540787778 2.1537666906041575 -0.10925040674710654 0.034454218683422251 -1.0720155043038131 -0.028350560641896255 -0.26661765362522927 1.0670472718541695 -0.22720186886005447 -1.7683394834205099 1.9776780277584807 1.538731830833286 7.8662460819037614 6.6686717329055485 0.45414150017463722 0.30269869181140285 0.45265266407722815 0.56354652053883481 -2.6459359305142067 3.7791379365830284 -0.40226492411860232 6.4781044444345817 -0.86774960666196532 -2.0304137966815472 -1.4135234893356969 -1.6284039328166973 1.3145899392219 -0.69373061584395757 1.3628634447677519
leaf_weight=4080 5312 514 6264 11956 13269 10055 16861 13341 4591 11357 82555 80 756 510 1419 10305 35015 3110 4846 4728 668 342 280 121 3301 3454 9838 580 20926 78
leaf_count=4080 5312 514 6264 11956 13269 10055 16861 13341 4591 11357 82555 80 756 510 1419 10305 35015 3110 4846 4728 668 342 280 121 3301 3454 9838 580 20926 78
internal_value=-0.00146715 0.000429279 0.000229343 -0.00290245 -0.00317363 -0.000399601 -0.00349729 1.84999e-05 0.000797478 0.00147845 -0.00393639 0.00171332 0.00227551 0.0238242 0.00378986 0.00313272 0.00199273 0.00499581 -0.00440432 -0.00216825 0.00445532 0.00981132 0.0113441 0.0206806 -0.00094098 -0.000289158 -0.00188419 0.0133269 -0.00192728 0.0281899
internal_weight=280512 120844 119820 159668 150808 101832 137539 91777 65539 52198 117377 8860 40841 1024 17988 16569 39606 4780 95583 13028 4700 1590 1235 479 20162 8300 21794 1248 26238 358
internal_count=280512 120844 119820 159668 150808 101832 137539 91777 65539 52198 117377 8860 40841 1024 17988 16569 39606 4780 95583 13028 4700 1590 1235 479 20162 8300 21794 1248 26238 358
is_linear=0
shrinkage=0.06


Tree=23
num_leaves=31
num_cat=0
split_feature=16 13 15 3 13 0 6 13 7 5 1 4 8 1 8 13 13 1 7 3 3 14 13 8 1 0 7 13 3 3
split_gain=199.907 148.17 67.6756 47.6372 43.9903 41.7285 41.1461 35.5273 30.1755 29.2032 28.8044 28.755 25.7794 25.4371 22.9066 22.8432 22.6622 21.1669 19.1331 19.1083 20.9906 18.6319 18.2295 18.0094 18.6433 23.2547 22.5964 16.9179 16.8223 18.8331
threshold=41.971175000000009 319.22000000000008 132.87750000000003 1.5000000000000002 47.94850000000001 2.5000000000000004 1.334151823421023 65.295000000000016 0.72852641831424136 1.0000000180025095e-35 5.5000000000000009 1.0000000180025095e-35 1.0000797180590746 7.5000000000000009 1.0441461083017634 418.15500000000003 165.24250000000004 21.500000000000004 0.64735137188752534 10.500000000000002 11.500000000000002 323.90250000000009 35.741000000000007 1.5319219049731301 20.500000000000004 1.5000000000000002 0.99827436264285618 94.197500000000005 10.500000000000002 11.500000000000002
decision_type=2 10 2 2 10 2 2 8 2 2 2 2 2 2 2 10 10 2 2 2 2 2 8 2 2 2 2 10 2 2
left_child=3 2 6 13 5 8 7 -2 -5 12 -9 16 21 -1 -7 -3 17 18 -12 -10 22 -4 -21 24 25 26 -15 -23 -18 -30
right_child=1 15 9 4 -6 14 -8 10 19 -11 11 -13 -14 23 -16 -17 28 -19 -20 20 -22 27 -24 -25 -26 -27 -28 -29 29 -31
leaf_value=-0.31130824402830742 -0.44655211304481784 4.3552526883405127 1.7481679738652172 -0.46932894620149423 0.0052340603728884775 0.049739115295121046 -1.0076945740455847 -0.25062059440771534 -1.6805618745462827 -2.1523971898220249 1.1608589466345274 -0.21356975672845149 -0.14241921391382217 3.0311004766955936 -1.9595173021261938 7.3942713169895367 1.446407920983289 -0.44308689910282684 0.39956242905470735 -1.6212644130020968 -1.8649075138567039 7.780688442399196 0.66349342323475813 -0.6564851210450704 -0.18840362219533727 3.289431043778634 0.14597482405274054 1.5614688157364116 5.8655819194572372 -0.81568463026224769
leaf_weight=4080 26238 514 12480 16063 14622 15621 10055 13341 86460 1222 3533 11357 2947 666 4239 510 756 4028 32045 2934 5781 953 5088 1030 942 868 1274 386 358 121
leaf_count=4080 26238 514 12480 16063 14622 15621 10055 13341 86460 1222 3533 11357 2947 666 4239 510 756 4028 32045 2934 5781 953 5088 1030 942 868 1274 386 358 121
internal_value=-0.00144661 0.000394524 0.000200299 -0.00284007 -0.00309127 -0.00342705 -0.000399012 1.94697e-07 -0.00386101 0.00359306 0.000747126 0.00138304 0.00424573 0.00143566 -0.000885198 0.0231211 0.00212566 0.00187608 0.00234279 -0.00424781 -0.00217475 0.00533222 -0.000188483 0.00440586 0.006336 0.00878632 0.00513402 0.0120583 0.0101296 0.0189269
internal_weight=280512 120844 119820 159668 150808 136186 101832 91777 116326 17988 65539 52198 16766 8860 19860 1024 40841 39606 35578 100263 13803 13819 8022 4780 3750 2808 1940 1339 1235 479
internal_count=280512 120844 119820 159668 150808 136186 101832 91777 116326 17988 65539 52198 16766 8860 19860 1024 40841 39606 35578 100263 13803 13819 8022 4780 3750 2808 1940 1339 1235 479
is_linear=0
shrinkage=0.06


Tree=24
num_leaves=31
num_cat=0
split_feature=16 13 13 13 3 8 3 8 3 7 3 16 6 5 2 0 14 2 1 1 13 10 3 14 2 14 16 14 1 1
split_gain=183.662 139.929 58.4201 46.9561 43.2858 58.501 35.2769 38.57 46.2231 45.5746 35.7317 29.7387 28.5174 28.3636 25.7153 24.1881 22.9383 20.5748 19.2693 20.8262 19.0183 18.951 18.2836 17.9487 18.6112 14.4344 33.9927 20.9137 14.408 14.2667
threshold=41.971175000000009 319.22000000000008 73.865000000000023 23.027500000000003 8.5000000000000018 1.0000797180590746 1.5000000000000002 1.0398223041144161 10.500000000000002 0.89517760492692877 11.500000000000002 10.610750000000001 0.83720496759623242 1.0000000180025095e-35 3.5000000000000004 1.5000000000000002 6.9585000000000008 1.0000000180025095e-35 6.5000000000000009 20.500000000000004 418.15500000000003 -9.1535714285714267 2.5000000000000004 195.21500000000003 4.5000000000000009 98.52500000000002 96.906525000000016 112.00350000000002 7.5000000000000009 17.500000000000004
decision_type=2 10 8 8 2 2 2 2 2 2 2 2 2 2 2 2 2 2 2 2 10 2 2 2 2 2 2 2 2 2
left_child=3 2 17 -1 12 13 21 8 9 11 -10 -8 -4 18 20 -11 -13 -2 25 23 -3 -5 -14 -20 -25 -6 27 -27 -23 -24
right_child=1 14 4 6 5 -7 7 -9 10 15 -12 16 22 -15 -16 -17 -18 -19 19 -21 -22 28 29 24 -26 26 -28 -29 -30 -31
leaf_value=-1.8594094603741262 0.17718772246996733 5.5021130177154065 0.38001400368005084 1.3023832365803178 -0.36438502330294814 -1.0422465250439847 -0.95865640729589019 -2.0116053769542432 1.0984085839029523 -1.0629406147756539 -0.69517416367236107 1.3394267471078514 0.15973905067310554 -2.3000729855696194 2.7145619389512228 -0.45052066819746805 0.35537542734885158 -0.67914008630796696 2.6978553539416112 0.033482746919777262 7.8593810712342611 -0.2208317041266914 -0.52650783432636927 6.9981582185693352 0.65116667191299138 3.9801783981797909 0.56356716136572027 7.1757459825064123 0.88896880348637841 0.053982254233889408
leaf_weight=46046 7165 301 13094 151 2574 5018 6472 20793 8161 33885 3595 1246 16643 963 422 25243 7112 28195 11337 2228 301 3255 18141 2695 634 216 1701 152 3709 9064
leaf_count=46046 7165 301 13094 151 2574 5018 6472 20793 8161 33885 3595 1246 16643 963 422 25243 7112 28195 11337 2228 301 3255 18141 2695 634 216 1701 152 3709 9064
internal_value=-0.00143228 0.00033246 0.000143714 -0.00276792 0.00100095 0.00295486 -0.0021129 -0.00238615 -0.00182379 -0.0023793 0.00167098 0.000594739 5.66878e-05 0.00426133 0.022418 -0.00312522 0.00295908 -0.00190385 0.0047118 0.00565266 0.0303787 0.00197751 -0.000677068 0.00647375 0.0103472 0.00128839 0.00501981 0.0215543 0.00152154 -0.00163536
internal_weight=280512 120844 119820 159668 84460 27518 113622 106507 85714 73958 11756 14830 56942 22500 1024 59128 8358 35360 21537 16894 602 7115 43848 14666 3329 4643 2069 368 6964 27205
internal_count=280512 120844 119820 159668 84460 27518 113622 106507 85714 73958 11756 14830 56942 22500 1024 59128 8358 35360 21537 16894 602 7115 43848 14666 3329 4643 2069 368 6964 27205
is_linear=0
shrinkage=0.06


Tree=25
num_leaves=31
num_cat=0
split_feature=16 16 6 3 16 8 8 5 8 0 7 14 3 10 3 2 1 3 3 2 8 14 0 10 16 3 14 7 3 3
split_gain=168.082 82.7819 47.1746 49.3624 45.6076 50.5788 34.9717 30.7905 28.9296 28.1249 26.4393 20.7353 20.5837 20.1326 26.6799 19.9033 21.1281 23.2371 26.8696 19.3308 18.72 18.3152 18.8702 16.3681 16.2718 15.5648 15.4672 15.3118 16.8858 21.9907
threshold=41.971175000000009 296.28725000000003 1.334151823421023 7.5000000000000009 6.7990000000000004 0.75846782716271666 1.2116330402061204 1.0000000180025095e-35 0.79715233006477815 1.5000000000000002 0.89875578150459623 21.962500000000002 6.5000000000000009 -2.7857142857142865 1.5000000000000002 4.5000000000000009 5.5000000000000009 3.5000000000000004 7.5000000000000009 1.5000000000000002 1.201342073901374 36.372500000000009 1.5000000000000002 1.4357142857142868 143.58610000000002 1.5000000000000002 105.90250000000002 1.0090088923758584 9.5000000000000018 4.5000000000000009
decision_type=2 2 2 2 2 2 2 2 2 2 2 2 2 2 2 2 2 2 2 2 2 2 2 2 2 2 2 2 2 2
left_child=4 2 3 8 -1 10 7 11 24 27 23 -5 13 14 -10 16 -11 -18 -19 -13 -20 -15 -23 -6 25 -2 -21 28 29 -7
right_child=1 -3 -4 6 5 9 -8 -9 12 15 -12 19 -14 21 -16 -17 17 18 20 26 -22 22 -24 -25 -26 -27 -28 -29 -30 -31
leaf_value=-1.8319001785582216 2.737985532009243 5.5902029775779205 -0.88297878590023893 3.648182061047569 0.85285689552833777 -0.22952288141149069 -1.3599493133095297 -1.9960606137535921 0.95311849784199298 -0.59148904277837588 -0.5588944382098614 1.7255429275082668 -1.3818803098478145 0.88510257985861696 -0.054540019513936264 -1.0010872292661421 1.2732626255250403 -0.70566406539377913 1.0830065164708695 0.16489661182457058 -1.3689828201408007 -0.55869507726964396 -0.046828450558292725 -0.26228659642040331 3.8860185263957425 0.17909039779683031 1.835733505519197 -2.4935380848685029 -0.18201796198286349 -1.5213604218062906
leaf_weight=46210 782 2132 11276 388 6402 11922 2374 1464 1480 8758 7170 10660 5206 2202 2302 14548 2646 6816 6646 13270 1498 18584 30134 2416 560 9560 8470 11782 9500 23354
leaf_count=46210 782 2132 11276 388 6402 11922 2374 1464 1480 8758 7170 10660 5206 2202 2302 14548 2646 6816 6646 13270 1498 18584 30134 2416 560 9560 8470 11782 9500 23354
internal_value=-0.0014233 0.000264935 5.44834e-05 0.000441973 -0.00270103 -0.00205387 0.00223022 0.00271832 -0.000482984 -0.00256695 0.00107405 0.00309845 -0.00100034 -0.000657235 0.00356637 -0.0013686 -0.000385527 0.000812449 -0.00010428 0.00293333 0.002222 -0.000970936 -0.00121286 0.00327421 0.00235993 0.00182054 0.00190708 -0.00343379 -0.00292737 -0.00353203
internal_weight=280512 120844 118712 107436 159668 113458 36626 34252 70810 97470 15988 32788 59908 54702 3782 40912 26364 17606 14960 32400 8144 50920 48718 8818 10902 10342 21740 56558 44776 35276
internal_count=280512 120844 118712 107436 159668 113458 36626 34252 70810 97470 15988 32788 59908 54702 3782 40912 26364 17606 14960 32400 8144 50920 48718 8818 10902 10342 21740 56558 44776 35276
is_linear=0
shrinkage=0.06


Tree=26
num_leaves=31
num_cat=0
split_feature=15 16 16 6 2 3 14 7 8 5 1 15 8 10 0 6 3 3 3 2 3 14 3 2 2 1 3 14 3 2
split_gain=156.958 71.4561 67.36 51.5255 48.8213 39.9967 64.8624 42.2952 29.6134 26.69 24.0833 25.7118 30.8136 23.918 23.8264 23.5759 22.7383 22.4245 33.9019 34.136 22.0886 49.0126 20.3713 19.9895 28.9543 18.7681 18.4929 20.2941 18.4626 18.446
threshold=94.071000000000012 9.5154750000000003 296.28725000000003 1.1376493452268197 4.5000000000000009 10.500000000000002 149.88100000000003 0.89875578150459623 1.2413805778006395 1.0000000180025095e-35 6.5000000000000009 241.19500000000002 0.79318232378426912 -8.1821428571428552 2.5000000000000004 0.99754240848090603 11.500000000000002 9.5000000000000018 8.5000000000000018 1.0000000180025095e-35 11.500000000000002 255.79250000000005 5.5000000000000009 1.0000000180025095e-35 2.5000000000000004 4.5000000000000009 4.5000000000000009 5.7615000000000007 7.5000000000000009 1.0000000180025095e-35
decision_type=2 2 2 2 2 2 2 2 2 2 2 2 2 2 2 2 2 2 2 2 2 2 2 2 2 2 2 2 2 2
left_child=1 13 8 4 5 7 16 22 9 10 -2 12 -12 -1 26 -8 -7 18 -13 -20 23 -22 25 -17 -25 -3 27 -9 -24 -14
right_child=2 3 -4 -5 -6 6 15 14 -10 -11 11 17 29 -15 -16 20 -18 -19 19 -21 21 -23 28 24 -26 -27 -28 -29 -30 -31
leaf_value=0.95270146099060926 -0.17864330358513342 -0.097191663954499866 5.5492230449224786 -1.199591837898373 -0.65151090352497454 1.1037927014247801 -0.6294620924179104 0.63673355133431953 -0.524746339539514 -1.5502499287037759 1.8218384766658835 0.45946443927965702 1.2751683492718813 -1.5764820932623318 0.096681433516569076 2.654607582417575 -0.42665685547602294 2.8325568273282569 -4.4060333029256835 10.713922574736195 2.3770014898375686 7.2286590640836055 -0.57565829718810901 14.231038426686306 -0.93461942657204189 1.0320396087904793 -0.94733560764042402 -0.20905374352961767 0.5239763323443476 0.15304992379098298
leaf_weight=340 6620 1846 1948 28044 40790 9680 204 944 5704 2248 4778 348 3942 58040 17786 124 4408 1816 92 398 380 138 4758 240 52 5642 32382 23218 5248 18354
leaf_count=340 6620 1846 1948 28044 40790 9680 204 944 5704 2248 4778 348 3942 58040 17786 124 4408 1816 92 398 380 138 4758 240 52 5642 32382 23218 5248 18354
internal_value=-0.00141795 -0.00204856 0.00177633 -0.00144484 -0.000997566 -0.000324523 0.00252358 -0.000796787 0.00129616 0.00189253 0.00228491 0.00301372 0.00246125 -0.00386742 -0.0014215 0.0163023 0.00141056 0.00864958 0.0167685 0.0269388 0.0203383 0.0120695 0.00185755 0.0306346 0.0392055 0.00422436 -0.00202398 -0.000767819 8.63468e-05 0.00152422
internal_weight=280512 234264 46248 175884 147840 107050 15226 91824 44300 38596 36348 29728 27074 58380 74330 1138 14088 2654 838 490 934 518 17494 416 292 7488 56544 24162 10006 22296
internal_count=280512 234264 46248 175884 147840 107050 15226 91824 44300 38596 36348 29728 27074 58380 74330 1138 14088 2654 838 490 934 518 17494 416 292 7488 56544 24162 10006 22296
is_linear=0
shrinkage=0.06


Tree=27
num_leaves=31
num_cat=0
split_feature=16 13 15 13 0 13 7 1 5 3 10 13 2 3 14 3 10 3 1 14 10 2 15 1 2 1 2 10 0 2
split_gain=143.243 120.623 52.9169 49.4978 42.6143 33.0472 31.4937 25.5986 24.0663 23.3298 22.3304 21.8304 21.3722 26.5494 28.6806 21.4489 19.9063 18.6526 21.0337 18.4573 27.6543 17.8634 17.4476 16.6069 16.5745 17.7889 16.2537 16.2327 19.2196 15.4711
threshold=41.971175000000009 418.15500000000003 152.15250000000003 37.721500000000006 2.5000000000000004 65.295000000000016 0.83872741876698187 5.5000000000000009 1.0000000180025095e-35 1.5000000000000002 0.92857142857142916 282.74500000000006 4.5000000000000009 10.500000000000002 149.88100000000003 11.500000000000002 -8.1821428571428552 1.5000000000000002 19.500000000000004 255.79250000000005 -1.0000000180025095e-35 3.5000000000000004 336.12000000000006 16.500000000000004 4.5000000000000009 5.5000000000000009 1.0000000180025095e-35 -2.7357142857142844 1.5000000000000002 1.5000000000000002
decision_type=2 10 2 10 2 8 2 2 2 2 2 8 2 2 2 2 2 2 2 2 2 2 2 2 2 2 2 2 2 2
left_child=3 2 5 4 6 -2 24 -7 11 16 12 -4 13 17 -15 19 -8 18 27 20 -16 -3 -13 -6 25 -1 -22 -9 -29 -17
right_child=1 21 8 -5 23 7 9 10 -10 -11 -12 22 -14 14 15 29 -18 -19 -20 -21 26 -23 -24 -25 -26 -27 -28 28 -30 -31
leaf_value=-0.93719537077855597 -0.46036089327997398 6.71945264561018 0.50297052413910137 0.023279600000248882 -0.35788151980966298 -0.28898568175052508 1.5650295618709638 1.6258265166748653 -1.6981055426749829 -1.4355067413193583 -0.46593553117326508 2.2258388809241096 -0.19123843283498623 1.5947805916359583 1.6532778817070171 -1.7871733929224916 -0.05848170012055745 0.10311933419566965 -0.41671012337861496 -2.4855277140451095 2.558990572817196 2.4310101546529017 8.5393453352328521 0.99152572602411726 -1.5964577310493377 0.31581204159464843 13.281766264331756 -0.120707500925391 1.7717103231206128 6.0885723779322234
leaf_weight=5142 30398 301 5068 21099 16306 14794 69 694 1044 91340 9243 5544 11431 6217 143 295 4559 28442 1159 75 100 209 1103 3759 7043 10351 255 1529 2231 569
leaf_count=5142 30398 301 5068 21099 16306 14794 69 694 1044 91340 9243 5544 11431 6217 143 295 4559 28442 1159 75 100 209 1103 3759 7043 10351 255 1529 2231 569
internal_value=-0.00138244 0.00017606 5.2652e-05 -0.00256199 -0.00297422 -0.000380666 -0.00340718 0.00027933 0.00370609 -0.00388117 0.00081147 0.00448399 0.00128491 0.00191484 0.00510792 0.0127474 0.000274847 0.00119718 0.0043581 0.0217487 0.0259277 0.0292941 0.0067456 -0.000417146 -0.00138871 -0.000291617 0.0349014 0.0062317 0.00467553 0.00677778
internal_weight=280512 120844 120334 159668 138569 107575 118504 77177 12759 95968 62383 11715 53140 41709 7654 1437 4628 34055 5613 573 498 510 6647 20065 22536 15493 355 4454 3760 864
internal_count=280512 120844 120334 159668 138569 107575 118504 77177 12759 95968 62383 11715 53140 41709 7654 1437 4628 34055 5613 573 498 510 6647 20065 22536 15493 355 4454 3760 864
is_linear=0
shrinkage=0.06


Tree=28
num_leaves=31
num_cat=0
split_feature=16 13 13 15 2 8 6 7 1 10 2 13 5 0 13 10 1 12 1 15 2 13 2 16 16 0 13 8 8 13
split_gain=132.123 115.114 48.4483 47.0243 39.6384 35.7097 31.98 30.2386 27.0071 29.0929 23.2036 23.9924 22.762 21.3766 19.9451 17.9818 17.4359 24.4933 17.4058 16.5337 16.475 16.1676 15.1436 21.8967 19.5768 31.729 14.5389 14.111 13.3299 11.8436
threshold=41.971175000000009 418.15500000000003 10.551500000000003 152.15250000000003 4.5000000000000009 0.86473996727076907 1.3530197401249746 0.89875578150459623 5.5000000000000009 -0.80714285714285661 3.5000000000000004 172.16500000000005 1.0000000180025095e-35 1.5000000000000002 282.74500000000006 1.4071428571428555 20.500000000000004 0.31625000000000009 4.5000000000000009 336.12000000000006 2.5000000000000004 35.741000000000007 4.5000000000000009 178.66175000000001 296.28725000000003 1.5000000000000002 105.87500000000001 1.1267567927584132 1.258641636247954 123.36500000000002
decision_type=2 10 8 2 2 2 2 2 2 2 2 10 2 2 8 2 2 2 2 2 2 10 2 2 2 2 10 2 2 8
left_child=2 3 -1 6 5 7 8 15 -2 16 11 27 14 21 -5 -4 17 -10 -15 22 -3 -7 24 -24 -16 -26 -6 -11 -20 -12
right_child=1 20 4 12 26 13 -8 -9 9 10 29 -13 -14 18 19 -17 -18 -19 28 -21 -22 -23 23 -25 25 -27 -28 -29 -30 -31
leaf_value=-1.8224412249962165 -0.30048785964009295 6.9768860728110678 0.87956618764916472 0.47279229269075534 -1.0151909124114751 -0.99405088903277627 -0.85133969677381316 -0.46446136739323196 1.0868652059574768 0.20086066321769508 -0.6534897785643059 3.2076738058068517 -1.5962192101144834 -0.57966332825320721 0.84888818308101821 -0.31821709869534526 -0.20849325366670043 -0.033169845261580462 0.30943257402258778 8.0269846151188808 2.2851495453737289 0.039489632556839918 4.541376614895948 1.0825425252317527 -2.5808821649618743 4.6369615335462786 1.2607819552925892 -1.0726654635893842 -1.1418988162200054 -0.13409873178264206
leaf_weight=31531 19910 165 7729 5068 43133 34024 10215 9024 6756 38105 10163 862 1044 7251 4143 2805 2302 3202 14712 1103 345 5531 391 438 226 346 1170 2791 2758 13269
leaf_count=31531 19910 165 7729 5068 43133 34024 10215 9024 6756 38105 10163 862 1044 7251 4143 2805 2302 3202 14712 1103 345 5531 391 438 226 346 1170 2791 2758 13269
internal_value=-0.001354 0.000142794 -0.00248684 2.22367e-05 -0.00196838 -0.00120123 -0.000386244 0.00104366 -5.11518e-05 0.000455518 -4.87819e-05 0.000799175 0.00346626 -0.00188431 0.00422279 0.00322726 0.00313703 0.00422494 -0.000500224 0.00638453 0.0285882 -0.00274934 0.00504978 0.0125283 0.00373489 0.0141399 -0.00342004 0.000590374 0.000525471 -0.00155992
internal_weight=280512 120844 159668 120334 128137 83834 107575 19558 97360 77450 65190 41758 12759 64276 11715 10534 12260 9958 24721 6647 510 39555 5544 829 4715 572 44303 40896 17470 23432
internal_count=280512 120844 159668 120334 128137 83834 107575 19558 97360 77450 65190 41758 12759 64276 11715 10534 12260 9958 24721 6647 510 39555 5544 829 4715 572 44303 40896 17470 23432
is_linear=0
shrinkage=0.06


Tree=29
num_leaves=31
num_cat=0
split_feature=15 16 16 6 3 8 3 14 14 6 8 14 3 10 1 0 3 15 3 6 2 15 15 16 14 6 2 3 2 1
split_gain=122.377 62.6058 62.4159 51.2512 56.6189 50.5209 37.5677 63.4569 31.8608 37.1033 30.5337 25.2498 24.256 25.0584 23.3937 23.2587 24.0147 20.9474 29.4293 20.4461 33.4328 34.2628 33.4489 25.9142 20.2437 20.1841 19.8247 19.1637 27.6951 18.6536
threshold=76.187500000000014 5.6735000000000007 296.28725000000003 1.1376493452268197 10.500000000000002 0.88496692339787264 11.500000000000002 255.79250000000005 6.4110000000000005 0.99754240848090603 0.71085400727221548 99.785000000000011 1.5000000000000002 -0.624999999999999 6.5000000000000009 2.5000000000000004 4.5000000000000009 241.19500000000002 9.5000000000000018 0.99754240848090603 2.5000000000000004 34.412500000000001 4.8210000000000006 139.64352500000004 33.07500000000001 1.0008124909445437 1.0000000180025095e-35 8.5000000000000018 1.0000000180025095e-35 16.500000000000004
decision_type=2 2 2 2 2 2 2 2 2 2 2 2 2 2 2 2 2 2 2 2 2 2 2 2 2 2 2 2 2 2
left_child=1 -1 10 4 5 -3 8 -8 9 -6 -2 -10 13 -5 -12 16 24 -16 27 -13 21 25 -22 -23 -7 26 -21 -19 -29 -17
right_child=2 3 -4 12 6 15 7 -9 11 -11 14 19 -14 -15 17 29 -18 18 -20 20 22 23 -24 -25 -26 -27 -28 28 -30 -31
leaf_value=-1.6579980811645461 1.0020865173024289 0.1793026197258121 4.6588119649648663 0.94848069170640625 0.38779493897515654 0.10034272791452298 -0.57734003731985728 6.3927911518819167 0.44828811426960619 6.3186689710484254 -0.37302760054737988 -0.55877821666834926 -1.6594441617008999 -0.67419960242813948 0.085431222888423267 -0.29387126906575417 -1.0096354271211951 0.71042026517993584 1.3297302646150591 -0.38652625022217429 6.9051406593398639 1.5255111525706888 -2.2467637197959212 8.5727880273743686 -0.43891931176716953 -1.5426914646850907 12.429219134698752 -3.8793912405405244 9.3567030676212095 0.64044084252725397
leaf_weight=38650 6744 24956 2014 1052 366 10622 6320 128 10484 356 11934 508 26310 2564 41876 15116 47880 276 2238 38 266 396 712 106 22680 42 308 96 394 5080
leaf_count=38650 6744 24956 2014 1052 366 10622 6320 128 10484 356 11934 508 26310 2564 41876 15116 47880 276 2238 38 266 396 712 106 22680 42 308 96 394 5080
internal_value=-0.0013294 -0.00202159 0.000939546 -0.00154212 -0.00107953 -0.00154942 0.00188417 -0.0018871 0.00367457 0.0159391 0.000610024 0.002986 -0.00380459 0.000803096 0.000156932 -0.00214473 -0.00259802 0.000784758 0.0056245 0.00857071 0.0114732 0.0198876 0.00381595 0.00953785 -0.00136064 0.0332783 0.0380462 0.0157755 0.022898 -0.00032264
internal_weight=280512 214940 65572 176290 146364 126334 20030 6448 13582 722 63558 12860 29926 3616 56814 101378 81182 44880 3004 2376 1868 890 978 502 33302 388 346 766 490 20196
internal_count=280512 214940 65572 176290 146364 126334 20030 6448 13582 722 63558 12860 29926 3616 56814 101378 81182 44880 3004 2376 1868 890 978 502 33302 388 346 766 490 20196
is_linear=0
shrinkage=0.06


Tree=30
num_leaves=31
num_cat=0
split_feature=16 16 2 6 8 3 0 8 3 3 5 3 15 3 3 8 8 14 15 1 12 1 7 3 6 3 15 14 16 0
split_gain=113.906 58.5611 43.9357 38.132 39.408 36.078 36.0015 34.1353 40.8593 29.2554 25.7639 24.7191 23.8478 22.4893 18.7427 16.777 25.6624 16.481 15.7637 15.536 20.5006 20.2133 15.2752 14.6422 22.9701 20.5195 18.0528 33.798 46.7984 14.3287
threshold=41.971175000000009 296.28725000000003 4.5000000000000009 1.172802589950259 0.86473996727076907 4.5000000000000009 2.5000000000000004 1.3028601060400742 7.5000000000000009 1.5000000000000002 1.0000000180025095e-35 9.5000000000000018 78.00500000000001 1.5000000000000002 2.5000000000000004 1.1822054791173429 1.571724574804229 21.962500000000002 438.46500000000009 4.5000000000000009 0.86875000000000013 19.500000000000004 0.93990210031849897 10.500000000000002 1.0156014628618566 11.500000000000002 19.271500000000003 2.1735000000000002 3.8067500000000005 2.5000000000000004
decision_type=2 2 2 2 2 2 2 2 2 2 2 2 2 2 2 2 2 2 2 2 2 2 2 2 2 2 2 2 2 2
left_child=2 7 3 4 19 -6 11 8 12 -9 17 -7 -2 15 -14 -4 -17 -10 -3 -1 21 22 -21 -15 25 26 -25 28 -28 -24
right_child=1 18 13 -5 5 6 -8 9 10 -11 -12 -13 14 23 -16 16 -18 -19 -20 20 -22 -23 29 24 -26 -27 27 -29 -30 -31
leaf_value=-0.32998812289129126 -0.28210589093756139 2.5154199656804352 -0.38856777250235564 -1.7235882982275506 0.13417498943146464 -1.2569695823432685 0.29946477390456677 0.41832797592592985 2.5777769053469255 -1.0972181099735536 -1.7371769241726884 -0.2151325874572855 0.47083323851510422 -1.3045449239385001 -0.097367481157463021 0.85845128106062951 -0.93584698061118632 0.7042532159025171 7.4282847383470649 1.4314272301920821 -0.30640036210040067 -0.079129016962020418 -0.18865264249415695 -0.17510891099676112 -1.8944561863568401 -0.85946343686360338 -1.7578912507775257 2.2808258820741725 5.6148286273070775 2.6656172325960381
leaf_weight=5392 43826 1652 1634 18966 14286 31210 7610 2166 398 9948 1566 12762 11222 44202 15236 582 322 34350 480 4894 3546 3316 2100 1752 3128 1836 82 1496 130 422
leaf_count=5392 43826 1652 1634 18966 14286 31210 7610 2166 398 9948 1566 12762 11222 44202 15236 582 322 34350 480 4894 3546 3316 2100 1752 3128 1836 82 1496 130 422
internal_value=-0.00131699 7.27866e-05 -0.00236884 -0.00164572 -0.00110604 -0.0018098 -0.0025488 -0.00010422 0.000238765 -0.00312234 0.001873 -0.00320822 -0.000605602 -0.00373874 0.00081684 0.00177778 0.00833628 0.00221227 0.0099287 0.00125063 0.00228687 0.00359374 0.00533495 -0.00400479 -0.00171225 0.000695618 0.00341618 0.00780562 0.0302264 0.00154163
internal_weight=280512 120844 159668 104504 85538 65868 51582 118712 106598 12114 36314 43972 70284 55164 26458 2538 904 34748 2132 19670 14278 10732 7416 52626 8424 5296 3460 1708 212 2522
internal_count=280512 120844 159668 104504 85538 65868 51582 118712 106598 12114 36314 43972 70284 55164 26458 2538 904 34748 2132 19670 14278 10732 7416 52626 8424 5296 3460 1708 212 2522
is_linear=0
shrinkage=0.06


Tree=31
num_leaves=31
num_cat=0
split_feature=13 16 13 6 2 1 5 1 3 3 10 7 3 15 14 15 2 6 0 15 14 0 7 16 10 0 12 2 13 0
split_gain=117.849 81.3148 58.2605 53.5167 42.5764 41.0066 32.3821 32.3103 40.5934 26.3388 25.8762 25.382 27.2503 23.2044 22.182 22.1581 20.2027 18.9569 19.5333 17.7688 16.7924 15.8943 17.1117 15.3542 14.0077 16.2269 13.2434 13.1959 12.9124 12.4143
threshold=23.811000000000003 127.249075 418.15500000000003 1.1788083778716205 4.5000000000000009 5.5000000000000009 1.0000000180025095e-35 21.500000000000004 1.5000000000000002 2.5000000000000004 0.95714285714285763 0.72852641831424136 9.5000000000000018 148.89100000000005 36.372500000000009 38.083500000000008 3.5000000000000004 0.99393486158824051 1.5000000000000002 202.76500000000001 112.00350000000002 2.5000000000000004 0.99827436264285618 3.1842500000000005 -2.9571428571428555 2.5000000000000004 0.89375000000000016 1.0000000180025095e-35 252.28250000000003 2.5000000000000004
decision_type=8 2 10 2 2 2 2 2 2 2 2 2 2 2 2 2 2 2 2 2 2 2 2 2 2 2 2 2 8 2
left_child=16 3 -3 4 5 -2 7 8 14 10 -5 26 15 23 -7 -13 21 -16 -19 27 -15 22 -1 -6 25 -14 -10 -17 -22 -25
right_child=1 2 -4 9 13 6 -8 -9 11 -11 -12 12 24 20 17 19 -18 18 -20 -21 28 -23 -24 29 -26 -27 -28 -29 -30 -31
leaf_value=-0.23644767221712709 -0.29381234798035705 0.97687405905237978 4.3029147858706382 0.5889907339643089 -1.8113898751672783 3.3569597672081928 -1.589504842053266 -0.44159493429580904 1.0473223928557358 -1.4642983208391303 -1.3802794314045594 -0.40191733729535645 1.587375104761366 0.9315462505112202 2.0735693775428437 0.69882380652326581 -1.6012159841151936 -0.31796673033677025 1.5019491055117036 3.8578555434588346 -0.79644257202141822 0.11691490586306003 -1.3664601257223361 -0.49496768185694973 0.74304691417894142 13.691602825856879 -0.14777237580377925 0.0056062732076046515 5.3543529010186743 -0.051022606542788937
leaf_weight=7474 32215 17366 478 2604 5007 1543 3572 10566 8264 24903 3063 20989 809 592 1094 4314 26075 2021 1896 398 30 5014 19414 31973 13971 99 1867 21078 84 11739
leaf_count=7474 32215 17366 478 2604 5007 1543 3572 10566 8264 24903 3063 20989 809 592 1094 4314 26075 2021 1896 398 30 5014 19414 31973 13971 99 1867 21078 84 11739
internal_value=-0.00130245 -0.000674727 0.00320982 -0.00101336 -0.000606855 -1.61687e-05 0.000626008 0.000851049 0.0012711 -0.00332876 0.000363154 0.000858431 0.000401114 -0.00209712 0.00579127 -0.000310269 -0.00371185 0.00385432 0.00190401 0.000867777 0.00870255 -0.00269927 -0.0032776 -0.00225362 0.00263768 0.00985903 0.00364169 0.000670603 0.0297895 -0.00189312
internal_weight=280512 222535 17844 204691 174121 124696 92481 88909 78343 30570 5667 71789 61658 49425 6554 46779 57977 5011 3917 25790 706 31902 26888 48719 14879 908 10131 25392 114 43712
internal_count=280512 222535 17844 204691 174121 124696 92481 88909 78343 30570 5667 71789 61658 49425 6554 46779 57977 5011 3917 25790 706 31902 26888 48719 14879 908 10131 25392 114 43712
is_linear=0
shrinkage=0.06


Tree=32
num_leaves=31
num_cat=0
split_feature=13 15 6 2 13 1 8 1 3 3 3 14 13 15 10 13 2 14 3 15 8 3 3 10 15 15 1 3 0 2
split_gain=111.703 72.8023 53.4234 47.4016 46.007 41.498 40.6029 27.1867 26.3807 25.1112 27.5882 29.5696 29.1181 27.2452 23.4055 20.6281 19.4947 17.4698 16.8808 16.865 16.3119 16.1998 25.6534 19.2694 19.83 16.3861 15.6289 14.7756 14.3462 14.2003
threshold=23.811000000000003 178.14750000000001 1.1788083778716205 4.5000000000000009 418.15500000000003 5.5000000000000009 0.71085400727221548 20.500000000000004 2.5000000000000004 1.5000000000000002 10.500000000000002 153.70500000000001 181.12200000000004 102.70250000000001 0.95714285714285763 282.74500000000006 3.5000000000000004 323.90250000000009 11.500000000000002 22.941000000000006 0.96195355180418562 10.500000000000002 11.500000000000002 -8.1821428571428552 16.132500000000004 152.15250000000003 16.500000000000004 3.5000000000000004 2.5000000000000004 2.5000000000000004
decision_type=8 2 2 2 10 2 2 2 2 2 2 2 8 2 2 8 2 2 2 2 2 2 2 2 2 2 2 2 2 2
left_child=16 2 3 5 15 -2 27 9 14 -8 29 -12 -13 19 -4 18 20 -17 -3 -14 -1 23 -23 24 -5 -24 -25 -7 -28 -11
right_child=1 4 8 21 -6 6 7 -9 -10 10 11 12 13 -15 -16 17 -18 -19 -20 -21 -22 22 25 26 -26 -27 28 -29 -30 -31
leaf_value=-0.15792755984493773 -0.27870109904629464 1.6453316981046273 0.48572192676989046 1.309718865232415 5.283480204886045 1.9932293814117383 1.061961998767482 -0.4685890715587851 -1.3504168446440508 0.13162239311643714 0.71640927015261391 -1.9186324557002581 -3.1617494011899985 1.7730852589399551 -1.311627343713528 2.5267456079766695 -1.505143025068282 4.4160997092219416 -1.6235615207617331 9.75047786291492 -1.1038932378832262 1.1788742729403197 -0.72927661013731759 -0.73949483927328086 -0.011466948292047634 2.9470466907235684 -0.42235020658392497 0.62998453155152012 0.40431125137100871 -0.31513917322453522
leaf_weight=9016 32505 1770 3012 161 299 2398 6967 14345 25807 31551 9760 322 74 395 3256 4433 26075 952 1672 553 22886 4034 3242 29360 260 130 9418 10314 3530 22015
leaf_count=9016 32505 1770 3012 161 299 2398 6967 14345 25807 31551 9760 322 74 395 3256 4433 26075 952 1672 553 22886 4034 3242 29360 260 130 9418 10314 3530 22015
internal_value=-0.00129368 -0.000682546 -0.000906964 -0.000507705 0.00456542 9.19657e-05 0.000704357 0.00023642 -0.00316415 0.000713848 0.000345135 0.003067 0.0114107 0.0163679 0.000327376 0.00378135 -0.00363941 0.00610028 0.000153398 0.0241435 -0.00264473 -0.00207699 0.000513636 -0.00252601 0.010247 -0.00334876 -0.00265312 0.00386941 -0.000916591 -0.000219096
internal_weight=280512 222535 213409 181334 9126 131199 98694 85982 32075 71637 64670 11104 1344 1022 6268 8827 57977 5385 3442 627 31902 50135 7406 42729 421 3372 42308 12712 12948 53566
internal_count=280512 222535 213409 181334 9126 131199 98694 85982 32075 71637 64670 11104 1344 1022 6268 8827 57977 5385 3442 627 31902 50135 7406 42729 421 3372 42308 12712 12948 53566
is_linear=0
shrinkage=0.06


Tree=33
num_leaves=31
num_cat=0
split_feature=13 16 10 16 8 3 3 14 3 15 13 13 8 15 14 13 4 8 4 0 10 13 0 15 6 6 13 0 3 14
split_gain=104.341 64.0999 48.1467 42.2301 38.4305 34.703 45.6779 41.3032 32.1372 33.2498 31.2227 30.0388 25.0646 22.6847 20.9757 22.1249 20.5533 17.5835 28.8074 17.0736 14.8106 17.6802 16.7073 14.6028 13.9331 13.5591 13.3811 18.0473 17.0493 15.5483
threshold=21.385000000000002 127.249075 1.4071428571428555 3.4817500000000003 0.88496692339787264 10.500000000000002 11.500000000000002 2.4340000000000006 2.5000000000000004 241.19500000000002 418.15500000000003 101.90150000000001 1.290837523479655 294.35500000000008 5.7615000000000007 50.885000000000012 1.0000000180025095e-35 1.0261266923192365 1.0000000180025095e-35 2.5000000000000004 -2.0285714285714267 52.322500000000012 1.5000000000000002 123.01250000000002 0.95883625466073219 0.93042470737202432 47.341500000000011 2.5000000000000004 4.5000000000000009 29.782500000000002
decision_type=8 2 2 2 2 2 2 2 2 2 10 8 2 2 2 8 2 2 2 2 2 10 2 2 2 2 10 2 2 2
left_child=19 2 3 -2 -5 8 7 17 14 12 -3 -9 16 -12 15 -6 26 18 -7 24 21 -16 -22 -8 -1 -4 27 28 29 -10
right_child=1 10 25 4 5 6 23 11 9 -11 13 -13 -14 -15 20 -17 -18 -19 -20 -21 22 -23 -24 -25 -26 -27 -28 -29 -30 -31
leaf_value=-0.78859886571898008 -1.3935701482852192 0.85690964027259819 -0.44893965102637357 0.32708918108106633 1.0622957579362544 0.8700774415494692 -0.53613718428270818 -0.19613973789979403 0.70398725048005728 5.1050083707595109 0.75761859622928684 2.056503909849257 -1.8851429192996823 5.2007076832832944 0.5758073179062283 0.29113985189195407 -0.67518919429675939 -0.37852717903454963 5.2402645003562958 -0.37949030825640973 -0.34397381810165001 -0.091791452943093682 0.26756880542585615 1.8244225356297692 -1.3607837127190763 -1.5650469880534437 0.10874484314714208 0.13874122099790637 -0.83731305998792005 -0.24633894735017819
leaf_weight=12179 12051 17445 11745 29066 161 115 7288 3427 2295 621 266 8161 7338 212 1958 1480 22359 71 128 8714 10847 1541 11212 1359 33809 17666 12430 10679 26723 7166
leaf_count=12179 12051 17445 11745 29066 161 115 7288 3427 2295 621 266 8161 7338 212 1958 1480 22359 71 128 8714 10847 1541 11212 1359 33809 17666 12430 10679 26723 7166
internal_value=-0.00129175 -0.000722202 -0.00101903 -0.000648358 -0.000400001 -0.000819416 0.00145438 0.00386557 -0.00121942 -0.00176771 0.00272064 0.00328374 -0.00186426 0.0178494 0.000587005 0.0071627 -0.00156239 0.0253376 0.0330123 -0.00364287 0.0001648 0.00379137 -0.000410446 -0.00186446 -0.00410429 -0.00326837 -0.000977823 -0.00144203 -0.00208169 0.000107175
internal_weight=280512 225810 207887 178476 166425 137359 20549 11902 116810 89611 17923 11588 88990 478 27199 1641 81652 314 243 54702 25558 3499 22059 8647 45988 29411 59293 46863 36184 9461
internal_count=280512 225810 207887 178476 166425 137359 20549 11902 116810 89611 17923 11588 88990 478 27199 1641 81652 314 243 54702 25558 3499 22059 8647 45988 29411 59293 46863 36184 9461
is_linear=0
shrinkage=0.06


Tree=34
num_leaves=31
num_cat=0
split_feature=0 15 13 8 1 1 2 13 13 14 1 12 8 6 2 10 10 2 8 5 10 14 13 14 1 16 15 15 1 15
split_gain=100.101 60.0547 55.0242 45.7292 35.2604 40.8122 37.1231 32.695 32.099 36.9447 23.6617 23.5684 38.0091 23.507 21.0013 18.2842 15.78 15.5904 15.3219 12.4481 12.2814 18.2773 11.9665 15.2075 11.1282 11.0298 10.7203 10.1039 10.0707 9.95544
threshold=1.5000000000000002 202.76500000000001 36.171000000000006 1.2962098920777381 16.500000000000004 20.500000000000004 4.5000000000000009 6.8915000000000006 282.74500000000006 420.42500000000001 4.5000000000000009 0.52875000000000016 0.81333991060784394 1.1376493452268197 4.5000000000000009 -2.5285714285714276 -0.70714285714285707 3.5000000000000004 0.84760418004241844 1.0000000180025095e-35 -6.924999999999998 4.0810000000000004 165.24250000000004 63.01250000000001 10.500000000000002 10.610750000000001 39.975000000000001 1.0000000180025095e-35 6.5000000000000009 132.87750000000003
decision_type=2 2 10 2 2 2 2 8 8 2 2 2 2 2 2 2 2 2 2 2 2 2 10 2 2 2 2 2 2 2
left_child=2 3 7 4 6 18 10 -1 -3 19 -2 12 15 14 16 28 -9 22 -6 -10 21 -16 23 -4 -14 -18 -19 -17 -12 -22
right_child=1 8 17 -5 5 -7 -8 13 9 -11 11 -13 24 -15 20 27 25 26 -20 -21 29 -23 -24 -25 -26 -27 -28 -29 -30 -31
leaf_value=-1.6011755682183633 -0.27091202717832319 0.11320348095330757 0.39325054934056053 -0.78845231771938418 1.6246319736927251 -0.14104887740821009 -0.61582353191833095 0.1730532724309379 4.045055117878281 4.7938940919500919 0.44881744161542614 -0.38201421490812576 0.43907228859643016 -1.7668343478651964 1.2108175500929785 2.897035340413868 -1.0515112664438337 0.040853972841434966 0.63834238704650781 -1.3658334581688274 -0.9234575543104605 0.24426420902663759 2.3822292621753798 -0.30805558845800729 -0.11817647904534992 -0.36525761178480021 -0.44804887614904404 0.77880639914952021 4.4724470211651415 3.1981304027127022
leaf_weight=20796 18646 1922 8035 15700 3770 15324 24300 9954 2330 455 308 7664 15670 16481 46 60 10600 5050 15550 275 21929 374 996 4862 13582 36190 4528 3956 744 415
leaf_count=20796 18646 1922 8035 15700 3770 15324 24300 9954 2330 455 308 7664 15670 16481 46 60 10600 5050 15550 275 21929 374 996 4862 13582 36190 4528 3956 744 415
internal_value=-0.00128256 -0.000149129 -0.00241598 -0.000387393 1.23424e-05 0.00162556 -0.00064571 -0.00294875 0.00632035 0.0101373 0.00014844 0.000938356 0.00161014 -0.00248147 -0.00205398 0.00640726 -0.00143635 0.000234927 0.00345963 0.00738196 -0.00359357 0.00657143 0.00151889 0.00102954 0.000779022 -0.00189784 -0.00162748 0.00456275 0.0134487 -0.00378464
internal_weight=280512 140256 140256 135274 119574 34644 84930 116785 4982 3060 60630 41984 34320 95989 79508 5068 56744 23471 19320 2605 22764 420 13893 12897 29252 46790 9578 4016 1052 22344
internal_count=280512 140256 140256 135274 119574 34644 84930 116785 4982 3060 60630 41984 34320 95989 79508 5068 56744 23471 19320 2605 22764 420 13893 12897 29252 46790 9578 4016 1052 22344
is_linear=0
shrinkage=0.06


Tree=35
num_leaves=31
num_cat=0
split_feature=13 0 15 7 2 8 14 8 16 3 5 13 10 3 10 15 3 2 3 13 2 13 3 3 3 8 13 8 7 16
split_gain=95.6708 59.221 48.4696 47.2852 33.2029 32.9776 27.2736 25.6856 24.4678 23.1222 21.8487 20.7446 19.9035 19.0879 30.0898 30.9092 19.9558 18.0384 17.1539 17.1202 15.9369 15.6521 14.7309 19.7197 22.0817 15.2393 14.5089 13.0425 14.0443 13.0061
threshold=10.914000000000001 1.5000000000000002 189.82000000000002 1.0173154496514052 3.5000000000000004 1.2962098920777381 323.90250000000009 0.9297530888433283 1.9277500000000001 2.5000000000000004 1.0000000180025095e-35 282.74500000000006 -6.924999999999998 10.500000000000002 -1.4428571428571402 86.361000000000004 11.500000000000002 4.5000000000000009 1.5000000000000002 172.16500000000005 4.5000000000000009 24.172500000000003 3.5000000000000004 7.5000000000000009 6.5000000000000009 0.72268954168505672 113.59000000000002 0.78503663397946088 0.51033739048226756 13.541750000000002
decision_type=8 2 2 2 2 2 2 2 2 2 2 8 2 2 2 2 2 2 2 10 2 10 2 2 2 2 8 2 2 2
left_child=-1 3 5 4 7 8 -4 18 -3 -7 13 -8 -5 17 15 -15 26 22 -2 29 -13 -20 25 24 -24 -10 -16 -17 -29 -9
right_child=1 2 6 12 -6 9 11 19 10 -11 -12 20 -14 14 16 27 -18 -19 21 -21 -22 -23 23 -25 -26 -27 -28 28 -30 -31
leaf_value=-1.2447146236793654 2.5074010357311485 -1.3621213572040438 1.5607576906267502 0.89123971368050925 -0.4707106536745409 0.14620075669135033 1.3525099008001586 -0.6584782307440189 1.3890092421187668 -1.4714732207286594 -0.94171749114924563 4.533316613337969 -1.8525480854403813 0.66591794877222932 -0.055186062948416222 9.8250136960676997 -0.38152303539699012 -0.27388621746798397 0.16662617193053117 2.0699671499056738 -8.1646758546608602 1.0056692916299386 0.011971531398992218 0.42547409386265328 -0.84596734687173136 0.34159903904301736 1.8506248858404819 3.4372837770888598 1.1062827623765943 -0.11778573131274091
leaf_weight=38710 518 3130 4483 524 39604 3694 292 7787 2151 9794 4231 742 20542 1619 2515 290 5141 23378 7161 825 84 2326 18875 17339 7175 17048 4943 40 258 35293
leaf_count=38710 518 3130 4483 524 39604 3694 292 7787 2151 9794 4231 742 20542 1619 2515 290 5141 23378 7161 825 84 2326 18875 17339 7175 17048 4943 40 258 35293
internal_value=-0.00126523 -0.00082188 6.92319e-05 -0.00181131 -0.0012328 -0.000182092 0.00552651 -0.000263774 0.000166849 -0.00297954 0.000322675 0.0139106 -0.00437938 0.000500018 0.0024898 0.00895242 0.00135773 0.000157317 0.00247976 -0.000888966 0.01877 0.00189923 0.000688501 7.6193e-05 -0.000967372 0.00207229 0.0033403 0.0207347 0.0119195 -0.00105293
internal_weight=280512 241802 127222 114580 93514 121621 5601 53910 108133 13488 105003 1118 21066 100772 14806 2207 12599 85966 10005 43905 826 9487 62588 43389 26050 19199 7458 588 298 43080
internal_count=280512 241802 127222 114580 93514 121621 5601 53910 108133 13488 105003 1118 21066 100772 14806 2207 12599 85966 10005 43905 826 9487 62588 43389 26050 19199 7458 588 298 43080
is_linear=0
shrinkage=0.06


Tree=36
num_leaves=31
num_cat=0
split_feature=13 0 7 15 2 1 1 12 13 13 14 2 1 10 10 1 2 5 7 2 6 10 0 16 14 10 13 1 15 12
split_gain=88.5237 53.0365 45.5736 40.8442 31.7869 31.2079 29.6428 23.2695 20.2711 19.4697 22.3291 18.7757 28.1048 16.1239 14.5982 13.4201 13.4048 13.3163 13.2324 13.1655 12.7227 12.5993 11.0938 10.3141 13.0312 14.4938 11.2161 10.3049 10.2738 10.8522
threshold=10.914000000000001 1.5000000000000002 1.0918676722030483 202.76500000000001 3.5000000000000004 15.500000000000002 21.500000000000004 0.53625000000000012 36.171000000000006 282.74500000000006 323.90250000000009 4.5000000000000009 5.5000000000000009 -1.4071428571428575 -0.41547619047619205 9.5000000000000018 4.5000000000000009 1.0000000180025095e-35 0.65116675717781247 2.5000000000000004 0.94342258363213427 -6.5357142857142865 2.5000000000000004 5.1853500000000006 3.7915000000000005 -5.6571428571428548 37.721500000000006 19.500000000000004 18.626000000000001 0.13875000000000004
decision_type=8 2 2 2 2 2 2 2 10 8 2 2 2 2 2 2 2 2 2 2 2 2 2 2 2 2 8 2 2 2
left_child=19 2 4 5 8 7 17 11 14 -5 -11 12 -3 -14 -2 -15 27 18 -7 20 -1 -4 -20 -6 25 -25 -26 -12 29 -10
right_child=1 3 21 9 23 6 -8 -9 28 10 16 -13 13 15 -16 -17 -18 -19 22 -21 -22 -23 -24 24 26 -27 -28 -29 -30 -31
leaf_value=0.043643505676193059 0.29759132758246065 -0.2398529550174946 0.6958343420585803 0.15065477922742676 -1.390612316543701 1.1615840569450111 -0.29331286626297387 -0.80334408944929303 0.36910206082057756 3.0011498878047971 4.5504934265914141 -0.40118384848540006 1.102683602677571 0.5353416890654128 -0.41419386967476801 -0.11566590300716943 -7.7348139707147503 -0.98218892357568699 0.19843270597221191 -1.4899420240187959 -0.93471141595565221 -1.8538109568760259 0.69120351123036772 1.2575149817001841 -0.79430545336084679 0.23866280478402591 -0.32948023904072299 -0.36105098999167362 0.20524360591140625 1.3820698452788598
leaf_weight=4188 7987 21757 394 1790 6440 2731 10469 9683 2016 2266 636 20216 3334 11911 34814 13601 82 1295 13703 21966 12556 17249 13672 32 6708 1869 26126 76 10480 465
leaf_count=4188 7987 21757 394 1790 6440 2731 10469 9683 2016 2266 636 20216 3334 11911 34814 13601 82 1295 13703 21966 12556 17249 13672 32 6708 1869 26126 76 10480 465
internal_value=-0.00126373 -0.000837265 -0.00177361 6.03526e-06 -0.00126311 -0.00020799 0.00112061 -0.00089901 -0.000329473 0.00540618 0.00831372 -0.000521811 9.56846e-05 0.00132372 -0.000958998 0.000810911 0.0169723 0.00204242 0.00229868 -0.00392767 -0.0026603 -0.00457847 0.00190137 -0.00252751 -0.00211861 0.0027112 -0.00239825 0.019618 0.0017494 0.00522128
internal_weight=280512 241802 114580 127222 96937 122372 41870 80502 55762 4850 3060 70819 50603 28846 42801 25512 794 31401 30106 38710 16744 17643 27375 41175 34735 1901 32834 712 12961 2481
internal_count=280512 241802 114580 127222 96937 122372 41870 80502 55762 4850 3060 70819 50603 28846 42801 25512 794 31401 30106 38710 16744 17643 27375 41175 34735 1901 32834 712 12961 2481
is_linear=0
shrinkage=0.06


Tree=37
num_leaves=31
num_cat=0
split_feature=13 6 2 1 1 14 3 5 15 13 3 2 13 10 3 16 13 16 5 15 16 14 13 3 10 2 0 1 0 13
split_gain=84.7346 51.2819 48.7877 43.2442 39.166 41.839 34.1322 25.9109 21.7763 20.566 32.3055 19.2937 45.778 32.1171 17.8611 17.7243 16.1047 15.7207 15.577 17.3415 15.5389 31.3618 15.3968 14.4477 13.704 13.0744 13.0217 11.3525 11.2267 12.1853
threshold=10.551500000000003 1.3667436843181318 4.5000000000000009 5.5000000000000009 20.500000000000004 211.17400000000001 1.5000000000000002 1.0000000180025095e-35 336.12000000000006 282.74500000000006 10.500000000000002 1.0000000180025095e-35 10.914000000000001 -0.624999999999999 1.5000000000000002 5.1853500000000006 41.82500000000001 45.570250000000001 1.0000000180025095e-35 78.00500000000001 35.535125000000001 36.372500000000009 29.973500000000005 10.500000000000002 -1.0857142857142847 1.0000000180025095e-35 2.5000000000000004 16.500000000000004 1.5000000000000002 1.2410000000000003
decision_type=8 2 2 2 2 2 2 2 2 8 2 2 10 2 2 2 8 2 2 2 2 2 8 2 2 2 2 2 2 10
left_child=25 2 3 -2 5 6 17 8 11 -7 -11 12 -8 23 24 -4 -15 18 19 20 22 -22 -5 -13 -3 28 -17 -28 -1 -30
right_child=1 14 15 4 -6 9 7 -9 -10 10 -12 13 -14 16 -16 26 -18 -19 -20 -21 21 -23 -24 -25 -26 -27 27 -29 29 -31
leaf_value=-0.67988396173978649 -0.27225872398913736 0.83185392287522419 -1.2978599252399285 4.4021605429791144 -0.39155959617750941 0.63689522564678935 -0.0035676659264314656 -1.8514344945878258 7.165275452174896 -0.44032043432852275 4.7992621541274669 0.38806231835506794 1.2009962711368356 -0.68843865024990414 -1.2745915524279607 -0.37261643555409918 0.0069503248275919454 0.73157872732018836 -0.67905640717091731 0.11664549788008988 13.334208518857977 0.32624160921833129 1.7689504219140892 1.8824982647904511 -0.41026982575001153 -1.3491969318474271 -0.22923432769324303 0.49371855505816248 -0.76496798413912914 0.97977018727239062
leaf_weight=4586 38604 693 9582 149 20119 1344 9405 2925 498 681 1912 9469 5510 9840 20242 37061 46904 6425 319 424 209 119 927 2355 2328 30569 9528 4778 1360 1647
leaf_count=4586 38604 693 9582 149 20119 1344 9405 2925 498 681 1912 9469 5510 9840 20242 37061 46904 6425 319 424 209 119 927 2355 2328 30569 9528 4778 1360 1647
internal_value=-0.00124641 -0.000832599 -0.000548195 7.66276e-06 0.000571518 0.0010601 0.000810154 0.000453868 0.000647216 0.00712166 0.0102437 0.000572594 0.00252833 0.000147181 -0.00351107 -0.00199042 -0.000445582 0.0044223 0.00886726 0.0110022 0.0142137 0.0256463 0.0107286 0.00299188 0.000792451 -0.00387433 -0.00154851 -1.09059e-05 -0.00164599 0.00120319
internal_weight=280512 242350 219087 158138 119534 99415 95478 86906 83981 3937 2593 83483 14915 68568 23263 60949 56744 8572 2147 1828 1404 328 1076 11824 3021 38162 51367 14306 7593 3007
internal_count=280512 242350 219087 158138 119534 99415 95478 86906 83981 3937 2593 83483 14915 68568 23263 60949 56744 8572 2147 1828 1404 328 1076 11824 3021 38162 51367 14306 7593 3007
is_linear=0
shrinkage=0.06


Tree=38
num_leaves=31
num_cat=0
split_feature=16 6 0 3 15 8 3 7 7 3 3 3 10 16 5 2 1 14 15 3 1 1 8 7 3 0 2 10 10 0
split_gain=80.2762 42.3619 33.7035 29.4754 25.676 24.7571 32.485 32.1166 23.7426 24.1273 22.4674 24.4026 22.2617 18.5187 18.1547 17.9732 17.9492 20.4978 16.863 17.6567 16.5413 16.6221 15.6237 15.044 19.3845 17.9086 15.6599 20.9584 14.6074 13.994
threshold=17.781375000000001 1.4942131346007688 2.5000000000000004 1.5000000000000002 336.12000000000006 1.0521899627939624 10.500000000000002 1.0090088923758584 0.68668525903260591 9.5000000000000018 6.5000000000000009 7.5000000000000009 0.4214285714285711 3.3256250000000001 1.0000000180025095e-35 3.5000000000000004 5.5000000000000009 63.01250000000001 11.051500000000003 3.5000000000000004 16.500000000000004 21.500000000000004 1.571724574804229 0.79122538588047575 6.5000000000000009 2.5000000000000004 3.5000000000000004 1.0428571428571423 6.7964285714285717 1.5000000000000002
decision_type=2 2 2 2 2 2 2 2 2 2 2 2 2 2 2 2 2 2 2 2 2 2 2 2 2 2 2 2 2 2
left_child=3 2 4 22 8 6 13 28 -2 10 15 -12 14 -5 -11 16 -10 18 19 -18 -4 -22 -1 24 26 -25 27 -15 -8 -13
right_child=1 -3 20 5 -6 -7 7 -9 9 12 11 29 -14 23 -16 -17 17 -19 -20 -21 21 -23 -24 25 -26 -27 -28 -29 -30 -31
leaf_value=0.71299065474808154 0.26121611105179765 -1.1131260299155739 0.039492082024285835 -1.3185709138736066 4.5121227002765369 -1.4889438004368705 0.82892740812979093 -1.1433278675274705 -0.40551917406111282 0.3997626960384591 -1.1978749427299182 -1.0582947090994375 -1.2152422047565588 1.4600275371239886 -1.4409536648022656 -0.38006811506409788 -1.4694712777314871 -0.32131499913862988 0.23622915456727611 0.99544214317183821 0.82422218587093909 -0.09806911472884168 -1.2481431422316918 -0.7376859656182827 -0.84096738159691842 0.14357071059891968 -0.38412598410238585 -1.7823302835763792 4.3841788384121863 0.20186576961267175
leaf_weight=3188 13170 12420 36574 15018 1290 21208 4430 2332 8180 22798 9476 7766 3348 1526 1406 24570 390 11752 14148 1262 12630 4676 1028 28920 4944 4976 1160 452 26 5448
leaf_count=3188 13170 12420 36574 15018 1290 21208 4430 2332 8180 22798 9476 7766 3348 1526 1406 24570 390 11752 14148 1262 12630 4676 1028 28920 4944 4976 1160 452 26 5448
internal_value=-0.00122737 -0.000534251 -0.000298988 -0.00271375 -0.000839687 -0.00295666 -0.00236617 0.00155745 -0.000927495 -0.0012144 -0.00172513 -0.00333451 0.00032404 -0.00283346 0.000958353 -0.00111957 -0.000260608 0.000472124 0.00188354 0.00761985 0.000955455 0.00248376 0.00218311 -0.00218658 0.000139568 -0.00274121 0.00382791 0.00707381 0.00454309 -0.00166823
internal_weight=280512 191304 178884 89208 125004 84992 63784 6788 123714 110544 82992 22690 27552 56996 24204 60302 35732 27552 15800 1652 53880 17306 4216 41978 8082 33896 3138 1978 4456 13214
internal_count=280512 191304 178884 89208 125004 84992 63784 6788 123714 110544 82992 22690 27552 56996 24204 60302 35732 27552 15800 1652 53880 17306 4216 41978 8082 33896 3138 1978 4456 13214
is_linear=0
shrinkage=0.06


Tree=39
num_leaves=31
num_cat=0
split_feature=13 10 16 5 3 7 15 13 10 3 14 3 3 15 16 16 10 10 15 13 14 2 14 3 7 3 15 10 3 12
split_gain=81.2229 51.8258 41.362 32.0175 43.948 42.5322 39.6214 33.3663 30.8367 28.5734 28.8526 28.4725 36.3467 43.5369 20.8482 17.1612 16.2539 16.2079 24.1867 26.1564 22.8171 16.7471 15.7783 15.1893 14.3115 13.6071 12.6718 16.682 12.9467 12.442
threshold=10.551500000000003 1.9428571428571459 3.1842500000000005 1.0000000180025095e-35 10.500000000000002 0.89875578150459623 241.19500000000002 107.23350000000001 1.0000000180025095e-35 4.5000000000000009 3.6815000000000002 5.5000000000000009 4.5000000000000009 17.235000000000003 41.062325000000008 6.0435000000000008 -4.5714285714285685 -1.0000000180025095e-35 1.4110000000000003 149.63000000000002 6.4110000000000005 4.5000000000000009 1.0000000180025095e-35 2.5000000000000004 0.49156499105414403 11.500000000000002 86.361000000000004 -2.1928571428571413 11.500000000000002 0.38125000000000003
decision_type=8 2 2 2 2 2 2 8 2 2 2 2 2 2 2 2 2 2 2 10 2 2 2 2 2 2 2 2 2 2
left_child=-1 2 -2 4 5 11 9 22 17 10 16 12 29 15 -11 -14 -7 26 19 -19 21 -20 -6 -5 -17 -23 28 -28 -9 -4
right_child=1 -3 3 23 7 6 -8 8 -10 14 -12 -13 13 -15 -16 24 -18 18 20 -21 -22 25 -24 -25 -26 -27 27 -29 -30 -31
leaf_value=-1.0170722362899725 -1.0757121753671541 -1.071930402646516 0.37682554571395399 0.31038136863282656 1.5705061897652326 1.084965591112206 4.5357593393951694 0.72351468253497508 -0.7272697629054532 -0.673175958005926 -0.075680086967647678 -0.092016864390402769 0.76071614509113727 0.49327583908829642 -0.13148032953107019 2.4950542789823329 0.40634581378098872 5.0894040586139155 0.64856002447327421 -0.37354184418431241 1.8695370166775345 6.7145041924625284 -0.18834315262097703 -1.2404502323999878 1.4627427872859702 -1.5580023376540961 5.6713078967875559 -0.030266035523330872 -1.2437536316188738 -0.41169315516008137
leaf_weight=38162 12693 26451 12245 1086 80 133 1504 2613 2329 45959 52411 16309 181 2094 25875 182 2461 128 160 68 14459 184 9787 7421 563 32 451 512 1740 2239
leaf_count=38162 12693 26451 12245 1086 80 133 1504 2613 2329 45959 52411 16309 181 2094 25875 182 2461 128 160 68 14459 184 9787 7421 563 32 451 512 1740 2239
internal_value=-0.00121497 -0.000809822 -0.000502709 -0.00029515 -0.000137722 -0.000541554 -0.00104032 0.0018745 0.00314182 -0.00115512 -0.00012599 0.00135161 0.00303222 0.00901987 -0.00194315 0.0198531 0.00605089 0.0038904 0.00489748 0.0258367 0.00462083 0.0192128 -0.00103801 -0.0038982 0.0238792 0.0301111 0.00104289 0.00727103 -0.000334943 0.00178376
internal_weight=280512 242350 215899 203206 194699 162156 128343 32543 22676 126839 55005 33813 17504 3020 71834 926 2594 20347 15031 196 14835 376 9867 8507 745 216 5316 963 4353 14484
internal_count=280512 242350 215899 203206 194699 162156 128343 32543 22676 126839 55005 33813 17504 3020 71834 926 2594 20347 15031 196 14835 376 9867 8507 745 216 5316 963 4353 14484
is_linear=0
shrinkage=0.06


Tree=40
num_leaves=31
num_cat=0
split_feature=13 7 4 1 1 5 15 8 12 3 3 3 3 0 13 1 16 15 0 15 0 13 16 8 10 0 0 10 15 13
split_gain=75.3734 47.4088 43.9227 41.754 33.5103 29.247 27.5617 29.0056 28.9599 22.0718 21.187 19.7927 51.7159 19.1992 18.7451 15.2517 14.2596 29.5789 14.2086 18.7082 13.3425 12.5383 21.3177 12.434 11.278 11.5633 11.1572 12.6518 15.2574 11.0967
threshold=10.551500000000003 1.2364342585610979 1.0000000180025095e-35 5.5000000000000009 20.500000000000004 1.0000000180025095e-35 336.12000000000006 0.71085400727221548 0.31625000000000009 1.5000000000000002 1.5000000000000002 7.5000000000000009 6.5000000000000009 1.5000000000000002 282.74500000000006 16.500000000000004 45.570250000000001 47.854000000000006 1.5000000000000002 220.03500000000003 2.5000000000000004 34.534000000000006 35.535125000000001 1.362247697915097 -1.1142857142857128 1.5000000000000002 1.5000000000000002 -9.1535714285714267 11.051500000000003 130.39250000000001
decision_type=8 2 2 2 2 2 2 2 2 2 2 2 2 2 8 2 2 2 2 2 2 8 2 2 2 2 2 2 2 10
left_child=20 2 3 -2 5 6 7 8 9 -5 16 12 -12 -3 -8 -4 17 21 -13 23 -1 -9 -23 -20 29 -26 27 28 -17 -18
right_child=1 13 15 4 -6 -7 14 10 -10 -11 11 18 -14 -15 -16 26 24 -19 19 -21 -22 22 -24 -25 25 -27 -28 -29 -30 -31
leaf_value=-1.0290478414040982 -0.26135080397107885 -1.7245199739562502 -0.46610847691899698 3.4969030427455059 -0.35854302064668586 -1.3350860663560118 -0.26799266033717439 4.4631266081634937 0.19139768194233192 1.660194855237453 0.082824773094341247 0.080495547485523553 -1.1704491322936328 -0.4686330929921867 5.1640425234724745 1.9792375035323222 1.2859662164443386 -0.1989875056593115 0.8427964711017697 3.4735456933062148 -0.27788031925772921 1.5241441669845914 11.201935211079187 -0.6043407921396875 -0.34183800548916377 1.0196181588889253 0.20658863370305891 -0.34761575738874484 -0.14580881890493544 -0.28184731450915151
leaf_weight=32167 37633 12401 41689 378 19727 3248 541 125 4984 4676 32996 16483 7528 16166 1143 51 803 620 14666 843 5995 570 226 1422 2322 2946 9424 8428 53 258
leaf_count=32167 37633 12401 41689 378 19727 3248 541 125 4984 4676 32996 16483 7528 16166 1143 51 803 620 14666 843 5995 570 226 1422 2322 2946 9424 8428 53 258
internal_value=-0.00119614 -0.000805861 -0.000499096 3.58885e-05 0.00059714 0.00105656 0.00125093 0.00111147 0.00415541 0.00735576 0.00073797 0.000422948 -0.000468465 -0.00310155 0.00885748 -0.00188163 0.00369758 0.00887346 0.00150404 0.00272482 -0.00367465 0.0156938 0.0129196 0.00226827 0.00243735 0.00130068 -0.000419694 -0.00199156 0.0188077 0.00808105
internal_weight=280512 242350 213783 154138 116505 96778 93530 91846 10038 5054 81808 73938 40524 28567 1684 59645 7870 1541 33414 16931 38162 921 796 16088 6329 5268 17956 8532 104 1061
internal_count=280512 242350 213783 154138 116505 96778 93530 91846 10038 5054 81808 73938 40524 28567 1684 59645 7870 1541 33414 16931 38162 921 796 16088 6329 5268 17956 8532 104 1061
is_linear=0
shrinkage=0.06


Tree=41
num_leaves=31
num_cat=0
split_feature=13 10 16 5 3 3 3 7 15 13 8 10 14 0 7 16 0 3 3 14 13 14 13 6 8 14 15 13 10 0
split_gain=70.2633 47.4814 35.455 29.4188 35.396 33.7095 57.3534 31.1909 30.3549 24.8167 18.9859 18.4395 17.8699 17.441 20.737 15.5794 17.6002 14.9939 14.9926 17.703 22.0682 16.2261 14.5336 14.2061 13.8414 12.4742 11.6321 11.1908 11.1114 10.9561
threshold=21.385000000000002 1.4071428571428555 3.1842500000000005 1.0000000180025095e-35 10.500000000000002 6.5000000000000009 7.5000000000000009 0.89875578150459623 241.19500000000002 107.23350000000001 1.2116330402061204 1.0000000180025095e-35 -1.0089999999999997 2.5000000000000004 0.99827436264285618 24.94575 2.5000000000000004 2.5000000000000004 11.500000000000002 112.00350000000002 418.15500000000003 -1.0089999999999997 28.165000000000003 1.1008939911042714 1.4831829472888427 71.684000000000012 119.02500000000002 34.534000000000006 -7.4321428571428561 2.5000000000000004
decision_type=8 2 2 2 2 2 2 2 2 8 2 2 2 2 2 2 2 2 2 2 8 2 10 2 2 2 2 10 2 2
left_child=13 2 -2 4 5 7 -7 24 10 12 15 18 -6 14 -1 16 22 27 21 26 -21 -11 -8 -3 25 -4 -20 -5 -9 -30
right_child=1 23 3 17 9 6 8 28 -10 11 -12 -13 -14 -15 -16 -17 -18 -19 19 20 -22 -23 -24 -25 -26 -27 -28 -29 29 -31
leaf_value=-0.38094207523806412 -1.0587219434149338 -0.42008485575197763 0.68731907672104742 0.61834661538898328 1.3910861085421438 -1.0710424854394389 -1.0872470947051687 0.99431296681141945 4.8020628901513094 1.6570804435329745 -1.1616892276241351 -0.61091911193575565 -0.15642352793272593 -0.16054261960299376 -0.94083431951492025 0.30578149976434993 0.52401059554364837 -1.1773993676111618 -0.47407895397206185 -0.62499213170297663 3.0802656189609334 2.07094873532357 0.33259332474666231 -1.3870668114121323 -0.30297513936779807 0.16535680552243093 2.3128272981911406 -0.33815898334163474 -0.12399356490563178 0.14713978803888228
leaf_weight=12450 10999 16485 8882 617 33 14431 11908 351 1272 29 4492 1696 8069 8714 33538 17005 3493 6826 3729 1984 3717 10118 1883 14343 1635 7722 770 387 52251 20683
leaf_count=12450 10999 16485 8882 617 33 14431 11908 351 1272 29 4492 1696 8069 8714 33538 17005 3493 6826 3729 1984 3717 10118 1883 14343 1635 7722 770 387 52251 20683
internal_value=-0.00117497 -0.000707587 -0.000361635 -0.00016381 -3.85036e-06 -0.000390309 -0.00157191 0.000313097 -0.000403417 0.00186797 -0.000702562 0.00291167 -0.000971613 -0.00310431 -0.00357067 -0.000222055 -0.00149063 -0.00376245 0.00341269 0.00178823 0.00400877 0.00504563 -0.00245421 -0.00289568 0.00253336 0.00305203 -0.00102556 0.00308366 -0.000239477 -0.00029073
internal_weight=280512 225810 194982 183983 176153 146008 54484 91524 40053 30145 38781 22043 8102 54702 45988 34289 17284 7830 20347 10200 5701 10147 13791 30828 18239 16604 4499 1004 73285 72934
internal_count=280512 225810 194982 183983 176153 146008 54484 91524 40053 30145 38781 22043 8102 54702 45988 34289 17284 7830 20347 10200 5701 10147 13791 30828 18239 16604 4499 1004 73285 72934
is_linear=0
shrinkage=0.06


Tree=42
num_leaves=31
num_cat=0
split_feature=13 7 2 1 1 5 8 15 3 2 13 0 3 16 3 13 3 16 13 12 16 13 15 16 12 15 3 16 16 8
split_gain=66.9676 47.1264 40.9808 37.7976 28.6069 26.4709 25.1515 26.4692 25.8362 23.1978 33.1423 22.5875 20.0023 17.9206 17.1075 27.3723 17.7873 25.7585 16.9213 15.7696 15.0246 14.9735 13.7242 16.3739 12.7846 12.6851 15.4532 21.8562 13.8263 11.3772
threshold=5.8950000000000005 1.2364342585610979 4.5000000000000009 5.5000000000000009 20.500000000000004 1.0000000180025095e-35 0.71085400727221548 336.12000000000006 1.5000000000000002 1.0000000180025095e-35 6.0785000000000009 1.5000000000000002 2.5000000000000004 45.570250000000001 10.500000000000002 139.02400000000003 11.500000000000002 160.53012500000003 282.74500000000006 0.43625000000000008 5.3397500000000013 319.22000000000008 67.516000000000005 127.249075 0.066250000000000017 54.310000000000009 1.5000000000000002 38.859500000000004 3.4817500000000003 0.52987373342202848
decision_type=8 2 2 2 2 2 2 2 2 2 10 2 2 2 2 8 2 2 8 2 2 10 2 2 2 2 2 2 2 2
left_child=-1 2 3 29 5 6 8 9 24 10 -8 -3 13 25 -14 -16 17 22 -9 -10 -4 -12 23 -17 -5 26 27 28 -11 -2
right_child=1 11 20 4 -6 -7 7 18 19 12 21 -13 14 -15 15 16 -18 -19 -20 -21 -22 -23 -24 -25 -26 -27 -28 -29 -30 -31
leaf_value=-0.97934179977017777 0.30513405689013806 -1.484638853248285 -1.0001284619518549 3.4395454223625199 -0.32948068337520486 -1.1735727254125703 0.13268793635617351 -0.49474555805799186 1.4324567549099021 5.4516960464413122 1.0861210187888721 -0.42111347102408792 -0.18774794402728492 0.23189028823756419 -0.68082877519547935 3.1521382809290839 0.32088739865273713 7.108658037834596 4.6693840349264741 0.12473377852591455 -0.25318190647427119 4.4246540428482817 0.3683505090891997 12.169778115972475 0.17207640746391686 0.23869102583147819 0.56284007466059949 18.009692346414926 1.320475416156814 -0.29714247987822251
leaf_weight=29269 2750 13664 10254 305 20379 3356 9465 536 5635 73 6565 16702 44506 9969 3886 2323 3262 126 1126 4465 51506 28 1133 132 118 1240 664 147 590 36338
leaf_count=29269 2750 13664 10254 305 20379 3356 9465 536 5635 73 6565 16702 44506 9969 3886 2323 3262 126 1126 4465 51506 28 1133 132 118 1240 664 147 590 36338
internal_value=-0.00115807 -0.000841649 -0.000536961 -2.77923e-05 0.000499928 0.000918814 0.00110138 0.000761725 0.00386981 0.00061356 0.00266484 -0.0030579 0.000129519 0.0022788 -0.00036281 0.00177205 0.00402007 0.00685945 0.00825993 0.00326138 -0.00184877 0.00593083 0.00592308 0.00844399 0.0183972 0.00660133 0.0103636 0.0159259 0.0112851 -0.00164828
internal_weight=280512 251243 220877 159117 120029 99650 96294 85771 10523 84109 16058 30366 68051 12683 55368 10862 6976 3714 1662 10100 61760 6593 3588 2455 423 2714 1474 810 663 39088
internal_count=280512 251243 220877 159117 120029 99650 96294 85771 10523 84109 16058 30366 68051 12683 55368 10862 6976 3714 1662 10100 61760 6593 3588 2455 423 2714 1474 810 663 39088
is_linear=0
shrinkage=0.06


Tree=43
num_leaves=31
num_cat=0
split_feature=6 16 13 2 13 1 2 1 3 15 14 8 12 3 8 1 2 2 10 10 8 13 8 3 15 13 13 3 15 3
split_gain=64.5603 53.578 33.922 34.3482 28.0767 20.9351 20.5582 19.2661 17.5995 17.0429 16.519 15.7288 21.7204 15.5713 15.2229 17.6133 14.7786 14.8694 13.2721 11.8711 11.1098 10.8664 10.6683 11.4752 10.2711 10.3108 10.2501 10.145 10.0547 9.79543
threshold=1.3667436843181318 6.6267500000000004 38.182500000000012 1.0000000180025095e-35 21.385000000000002 6.5000000000000009 3.5000000000000004 21.500000000000004 1.5000000000000002 438.46500000000009 323.90250000000009 0.71085400727221548 0.43625000000000008 9.5000000000000018 0.96591969937892885 5.5000000000000009 2.5000000000000004 1.5000000000000002 -1.0857142857142847 -9.1535714285714267 0.70220355952234781 84.145000000000024 1.2743376518656993 1.5000000000000002 130.12500000000003 38.705000000000005 49.82500000000001 2.5000000000000004 59.384000000000007 10.500000000000002
decision_type=2 2 8 2 10 2 2 2 2 2 2 2 2 2 2 2 2 2 2 2 2 10 2 2 2 10 10 2 2 2
left_child=1 4 3 14 -1 -4 7 9 18 11 13 12 28 26 15 -3 17 -12 -2 -8 -5 -10 -13 -24 27 -26 -11 -21 -7 -17
right_child=8 2 5 20 -6 6 19 -9 21 10 16 22 -14 -15 -16 29 -18 -19 -20 24 -22 -23 23 -25 25 -27 -28 -29 -30 -31
leaf_value=-1.0146100453815854 0.83450733864836746 -0.39595665960886361 -0.16965854592786064 0.079430578526849788 0.18474568058009658 0.70049264982920034 0.90194835056516987 -0.31290240927062396 -1.2177471556206028 10.702850278753512 5.6794197995548874 0.28746327317505166 -0.034550130958626593 -2.1406986842221767 0.011371699083328978 1.2767793396741309 0.073932333457028099 5.706551599940151 -0.40444165285007594 0.14567893743452934 -0.65159073333745521 0.097789919381743917 0.90230981078916006 -1.0072186967613153 1.6757339128998845 -0.2773356734194562 1.2907620362941037 -0.31916169108993864 2.834385397720752 2.1068855458739297
leaf_weight=33214 728 650 43394 4142 4544 2050 418 7830 25722 61 136 51237 2791 406 7300 1511 104 108 2706 8508 36860 1424 625 3217 2361 1854 59 33956 2405 191
leaf_count=33214 728 650 43394 4142 4544 2050 418 7830 25722 61 136 51237 2791 406 7300 1511 104 108 2706 8508 36860 1424 625 3217 2361 1854 59 33956 2405 191
internal_value=-0.00111978 -0.000801387 -0.000430799 -0.00178553 -0.00288384 -5.94497e-06 0.000408071 0.00105261 -0.00372204 0.00140043 0.00972082 0.00128375 0.00391167 0.00301141 0.00143473 0.00563265 0.0198621 0.0279344 0.000324984 -0.000563986 -0.00254358 -0.004234 0.000938033 -0.0021114 -0.000654129 0.00217082 0.022 -0.000934534 0.00651178 0.00884136
internal_weight=280512 249932 212174 50654 37758 161520 118126 71029 30580 63199 874 62325 7246 526 9652 2352 348 244 3434 47097 41002 27146 55079 3842 46679 4215 120 42464 4455 1702
internal_count=280512 249932 212174 50654 37758 161520 118126 71029 30580 63199 874 62325 7246 526 9652 2352 348 244 3434 47097 41002 27146 55079 3842 46679 4215 120 42464 4455 1702
is_linear=0
shrinkage=0.06


Tree=44
num_leaves=31
num_cat=0
split_feature=0 7 8 3 3 3 16 5 15 3 16 10 7 8 3 15 6 14 12 7 3 3 8 16 15 4 1 15 15 16
split_gain=65.8539 62.4251 38.2753 23.884 23.4953 50.0769 22.4554 18.2473 17.8824 17.8701 26.0438 15.7136 15.6679 15.6434 13.1835 14.678 13.0993 12.1308 16.1741 16.2336 12.0552 12.1117 11.7494 11.7288 17.8126 20.0899 13.5747 12.5062 12.0853 11.6964
threshold=1.5000000000000002 1.0090088923758584 1.0521899627939624 2.5000000000000004 10.500000000000002 6.5000000000000009 1.9277500000000001 1.0000000180025095e-35 76.187500000000014 7.5000000000000009 27.072725000000002 -6.5357142857142865 0.82043757225191538 0.68711805000605286 9.5000000000000018 2.0325000000000002 0.93042470737202432 79.921000000000006 0.13875000000000004 0.57129938017819004 4.5000000000000009 5.5000000000000009 1.314914254566715 65.21220000000001 68.34350000000002 1.0000000180025095e-35 18.500000000000004 27.701500000000003 294.35500000000008 2.6785750000000008
decision_type=2 2 2 2 2 2 2 2 2 2 2 2 2 2 2 2 2 2 2 2 2 2 2 2 2 2 2 2 2 2
left_child=1 4 6 -4 5 13 -2 8 14 -7 12 -3 -11 20 15 -8 -17 18 23 -20 -1 -22 -5 28 25 26 27 -25 -12 -15
right_child=2 11 3 22 -6 9 7 -9 -10 10 17 -13 -14 29 -16 16 -18 -19 19 -21 21 -23 -24 24 -26 -27 -28 -29 -30 -31
leaf_value=0.089845188284276442 -1.0192116004123317 0.49463964582372927 0.16673224860164806 -0.36629387070866742 0.18337080586134827 -1.0020870887737641 -0.67479709704954483 -0.6117378064332144 0.40571088440005521 -0.11149089985100875 -0.18014609002585347 -1.2644660837141497 -0.97426475807465018 -0.91594929377660361 0.50686278687044062 0.30226366773078051 -0.12320729155211904 -1.5905442882406149 2.2270004621912349 0.91663969149898894 1.4305717691928299 0.22220821665484067 -1.2589344408166878 1.3237042388682805 -0.31506089331217479 -0.58473548226362915 -0.39190953018512908 12.510144015498739 6.7982214560532279 -0.08844818476587607
leaf_weight=3168 3926 732 6236 11812 17332 10216 4938 4828 34408 4738 3806 30852 15946 3020 13750 12836 36178 1418 148 464 1116 896 11344 36 444 116 52 174 26 45556
leaf_count=3168 3926 732 6236 11812 17332 10216 4938 4828 34408 4738 3806 30852 15946 3020 13750 12836 36178 1418 148 464 1116 896 11344 36 444 116 52 174 26 45556
internal_value=-0.00109326 -0.00201258 -0.000173941 -0.00209894 -0.00133017 -0.00171447 0.000336411 0.000500027 0.000670452 -0.00339464 -0.0025953 -0.00436056 -0.00364746 -0.000539774 0.000104397 -0.000318284 -4.16351e-06 0.000660681 0.00198709 0.0111569 0.00259459 0.00622664 -0.00298653 0.000781262 0.00728467 0.0168571 0.0260611 0.0328571 -0.00061378 -0.000874013
internal_weight=280512 140256 140256 29392 108672 91340 110864 106938 102110 37584 27368 31584 20684 53756 67702 53952 49014 6684 5266 612 5180 2012 23156 4654 822 378 262 210 3832 48576
internal_count=280512 140256 140256 29392 108672 91340 110864 106938 102110 37584 27368 31584 20684 53756 67702 53952 49014 6684 5266 612 5180 2012 23156 4654 822 378 262 210 3832 48576
is_linear=0
shrinkage=0.06


Tree=45
num_leaves=31
num_cat=0
split_feature=0 7 13 3 3 1 2 1 15 10 10 2 1 1 3 3 15 3 16 15 13 7 12 3 5 16 7 1 16 3
split_gain=61.871 60.0239 28.2274 27.0826 45.0572 26.7639 25.0861 22.9469 17.0084 15.6326 14.9001 12.7593 12.706 20.2548 15.1968 17.1736 15.1787 12.4382 15.1928 12.2664 15.5046 12.3618 11.6364 11.1378 10.9076 10.8846 10.7846 9.85516 10.1097 10.1765
threshold=1.5000000000000002 1.0090088923758584 36.171000000000006 10.500000000000002 6.5000000000000009 15.500000000000002 4.5000000000000009 21.500000000000004 44.653500000000001 1.9071428571428579 -8.1821428571428552 3.5000000000000004 4.5000000000000009 9.5000000000000018 9.5000000000000018 1.5000000000000002 241.19500000000002 7.5000000000000009 27.072725000000002 14.101000000000001 17.844000000000005 0.99827436264285618 0.32875000000000004 1.5000000000000002 1.0000000180025095e-35 27.914750000000002 0.8250264073643564 6.5000000000000009 27.072725000000002 2.5000000000000004
decision_type=2 2 10 2 2 2 2 2 2 2 2 2 2 2 2 2 2 2 2 2 10 2 2 2 2 2 2 2 2 2
left_child=1 2 3 4 11 6 9 24 -4 12 23 -1 -2 27 15 25 -17 -6 26 20 -20 -22 -8 -3 -7 -15 -19 -14 -29 -30
right_child=5 10 8 -5 17 7 22 -9 -10 -11 -12 -13 13 14 -16 16 -18 18 19 -21 21 -23 -24 -25 -26 -27 -28 28 29 -31
leaf_value=0.011982474545033881 -0.16706834090859374 1.0953806962588037 0.29451090883433634 0.22976797726561024 -0.97426170789092559 0.4738710103609502 -0.34368196246288008 -0.23406283640427039 -0.14605804308960016 -0.83037608953045139 -1.181720289109262 -0.29932213874736679 0.070174823145577644 4.0235274532273948 0.55836607616139877 -0.41898868872138817 3.4641511275098615 -0.30318010071536872 0.409509576925219 -0.4949819830706883 1.2573208973454189 1.4946735380228264 -1.4108485031767874 0.28882138423824472 -0.68085869105708041 1.0258482357482022 -0.96110550746368173 2.0133489563839611 1.6060869130142681 0.46404271991749185
leaf_weight=22755 18952 110 10577 12617 9515 33528 22430 11688 10864 6734 31178 17768 7518 54 5638 14792 162 4334 695 4232 48 81 4194 296 1536 1764 15186 1084 1702 8480
leaf_count=22755 18952 110 10577 12617 9515 33528 22430 11688 10864 6734 31178 17768 7518 54 5638 14792 162 4334 695 4232 48 81 4194 296 1536 1764 15186 1084 1702 8480
internal_value=-0.00107401 -0.00196509 -0.00129594 -0.00177536 -0.0022101 -0.000182924 -0.000768995 0.000989218 0.000654539 -0.000148925 -0.00426748 -0.000857737 0.000158014 0.000749525 -0.000468542 -0.00137444 -0.00204387 -0.00381761 -0.00310449 -0.000173261 0.00652427 0.0256279 -0.00232662 0.00715271 0.00175667 0.00413201 -0.00386373 0.00220272 0.0033254 0.00273895
internal_weight=280512 140256 108672 87231 74614 140256 93504 46752 21441 66880 31584 40523 60146 41194 22410 16772 14954 34091 24576 5056 824 129 26624 406 35064 1818 19520 18784 11266 10182
internal_count=280512 140256 108672 87231 74614 140256 93504 46752 21441 66880 31584 40523 60146 41194 22410 16772 14954 34091 24576 5056 824 129 26624 406 35064 1818 19520 18784 11266 10182
is_linear=0
shrinkage=0.06


Tree=46
num_leaves=31
num_cat=0
split_feature=13 10 16 0 7 7 15 12 8 5 2 13 13 8 0 14 13 10 7 13 8 13 2 12 7 2 2 2 12 16
split_gain=59.7175 44.9797 34.0702 26.4137 25.2381 17.4807 15.3662 13.6345 12.9148 12.8605 14.0655 19.5477 15.2434 12.6186 12.211 11.9579 10.4172 10.038 10.006 9.98777 9.45052 9.19076 8.65295 12.5794 8.23546 7.76288 9.90635 7.69085 8.15492 8.45777
threshold=5.8950000000000005 1.9785714285714306 3.1842500000000005 2.5000000000000004 0.78302576127124479 1.3353687777785301 336.12000000000006 0.64875000000000005 1.3278046480284269 1.0000000180025095e-35 1.0000000180025095e-35 35.741000000000007 14.281000000000001 0.85060414503219917 2.5000000000000004 -1.0089999999999997 67.965000000000018 -7.4321428571428561 1.0047109541725143 282.74500000000006 1.0761676044003416 21.385000000000002 3.5000000000000004 1.0000000180025095e-35 0.62510886259936693 2.5000000000000004 1.0000000180025095e-35 1.0000000180025095e-35 1.0687500000000003 69.419250000000019
decision_type=8 2 2 2 2 2 2 2 2 2 2 8 10 2 2 2 10 2 2 8 2 10 2 2 2 2 2 2 2 2
left_child=14 2 21 4 8 6 9 13 22 10 12 -12 -6 -5 24 16 -13 20 -3 -8 -17 -2 23 -4 -1 26 -21 -25 29 -29
right_child=1 18 3 7 5 -7 19 -9 -10 -11 11 15 -14 -15 -16 17 -18 -19 -20 25 -22 -23 -24 27 -26 -27 -28 28 -30 -31
leaf_value=0.023544452919015892 -0.99308350185572558 -0.4607122852052592 0.10322960602941159 0.53481026470073645 -0.1235079850327907 -0.97012854316606212 -1.3238370466974694 -0.39263679349341135 -0.39503317811500882 -0.92092990927919793 -0.50578621741382834 0.39762676854641826 0.50910974884882676 0.1314091988509492 -0.29386147618727171 -0.80181179880459741 1.4971606540994857 -0.15265471618956589 -1.1438580787622359 -4.1604447053666354 1.1632533246737509 0.047509815389345532 0.019110053707915787 0.19016484259679683 -0.91371714079985689 1.2306290301861795 5.6379399335407498 1.3579929418241115 -0.26732477863838577 0.69945873658438484
leaf_weight=1462 11875 13053 5761 9059 10048 9735 425 4791 3100 4977 19386 422 5586 44140 4781 209 25 76655 14673 84 407 1968 7737 1615 23026 339 420 2720 504 1529
leaf_count=1462 11875 13053 5761 9059 10048 9735 425 4791 3100 4977 19386 422 5586 44140 4781 209 25 76655 14673 84 407 1968 7737 1615 23026 339 420 2720 504 1529
internal_value=-0.00106331 -0.000764512 -0.000481763 -0.000291425 -0.000707815 -0.00103473 -0.000834726 0.000797722 0.00112444 -0.000905494 -0.000773725 -0.00104264 0.000896506 0.00107382 -0.00362821 -0.000617465 0.00916778 -0.000674071 -0.00304393 0.00573501 0.00695454 -0.00336473 0.0016865 0.00268662 -0.00416972 0.00951601 0.0142381 0.0045245 0.00573995 0.0065959
internal_weight=280512 251243 223517 209674 151684 128718 118983 57990 22966 117715 112738 97104 15634 53199 29269 77718 447 77271 27726 1268 616 13843 19866 12129 24488 843 504 6368 4753 4249
internal_count=280512 251243 223517 209674 151684 128718 118983 57990 22966 117715 112738 97104 15634 53199 29269 77718 447 77271 27726 1268 616 13843 19866 12129 24488 843 504 6368 4753 4249
is_linear=0
shrinkage=0.06


Tree=47
num_leaves=31
num_cat=0
split_feature=7 16 0 0 13 2 10 5 3 3 3 14 16 7 3 3 15 3 7 8 16 13 13 7 3 13 3 6 15 3
split_gain=57.7328 45.0352 29.9667 28.6982 25.6849 17.1669 17.0015 16.611 20.6827 34.1997 33.7323 21.2193 19.1831 18.5604 15.9739 14.7503 19.2936 39.5163 20.1683 14.4354 15.0959 13.5056 12.3845 16.8414 12.0045 13.1027 11.4395 11.1059 11.0782 11.073
threshold=1.2364342585610979 3.1842500000000005 2.5000000000000004 1.5000000000000002 31.975000000000005 1.0000000180025095e-35 2.5571428571428587 1.0000000180025095e-35 10.500000000000002 6.5000000000000009 7.5000000000000009 -1.0089999999999997 24.264750000000003 0.89875578150459623 2.5000000000000004 4.5000000000000009 16.931500000000003 5.5000000000000009 0.49156499105414403 0.86851518450797027 153.71687500000002 90.535000000000011 107.23350000000001 0.99362685940203177 1.5000000000000002 52.322500000000012 11.500000000000002 1.5817078953507449 67.516000000000005 2.5000000000000004
decision_type=2 2 2 2 8 2 2 2 2 2 2 2 2 2 2 2 2 2 2 2 2 8 8 2 2 10 2 2 2 2
left_child=1 -1 4 -2 5 -3 7 8 9 13 -11 -10 21 15 -9 24 17 18 -17 20 -5 -12 -13 -24 25 -6 28 -4 -25 -21
right_child=3 2 27 19 6 -7 -8 14 11 10 12 22 -14 -15 -16 16 -18 -19 -20 29 -22 -23 23 26 -26 -27 -28 -29 -30 -31
leaf_value=-0.82243345357215358 -1.166241903885566 0.053054114883250916 0.16480163721898722 0.13659470126550144 0.67016207206385792 -0.55752501809716382 -0.85127388106892721 0.55167099768531214 1.565832959902016 -1.1782552574603637 0.33640280822210933 -0.18667150941042684 0.2766903295612585 -0.031341005854272352 -1.1484036224649086 2.2187417294817346 0.34623114239014824 -0.30220160936853707 1.3079954698214662 0.33402953491906728 6.7978530655715614 -1.0640048568271117 -0.47897353824219846 3.2727365104883765 -0.039626957785785837 -0.025242280972090591 0.52168401139089438 -0.51632483951425345 0.010871108594703626 -0.81449822658682036
leaf_weight=17844 18772 7414 55670 4914 1553 33784 8201 700 57 8672 1453 4427 11736 45717 4211 169 2708 475 592 1932 122 11842 2904 4675 7103 1153 6406 2330 1172 11804
leaf_count=17844 18772 7414 55670 4914 1553 33784 8201 700 57 8672 1453 4427 11736 45717 4211 169 2708 475 592 1932 122 11842 2904 4675 7103 1153 6406 2330 1172 11804
internal_value=-0.00103273 -0.000694364 -0.000464386 -0.00322246 -0.000872192 -0.00217263 -0.00044674 -0.000262732 -0.00011403 -0.000487031 -0.00201401 0.00165541 -0.000896729 0.000378341 -0.00367868 0.00231091 0.00540973 0.0116214 0.0200972 -0.00156361 0.00118427 -0.00245732 0.00154902 0.00236445 0.00106494 0.00446563 0.00333812 0.000710688 0.00525705 -0.00257106
internal_weight=280512 242968 225124 37544 167124 41198 125926 117725 112814 93173 33703 19641 25031 59470 4911 13753 3944 1236 761 18772 5036 13295 19584 15157 9809 2706 12253 58000 5847 13736
internal_count=280512 242968 225124 37544 167124 41198 125926 117725 112814 93173 33703 19641 25031 59470 4911 13753 3944 1236 761 18772 5036 13295 19584 15157 9809 2706 12253 58000 5847 13736
is_linear=0
shrinkage=0.06


Tree=48
num_leaves=31
num_cat=0
split_feature=7 16 0 13 0 2 1 8 3 1 3 3 10 16 6 5 13 16 5 15 10 8 16 13 13 3 2 13 13 2
split_gain=55.4402 40.4956 30.3144 25.1357 24.4757 20.3263 23.5276 20.309 21.2229 17.6265 16.5481 21.0116 15.258 15.4014 13.2672 12.7369 12.5376 27.5727 12.4594 13.4977 12.3816 11.6801 13.654 11.4931 11.396 11.2636 11.2635 12.8016 10.2292 9.99342
threshold=1.3224201409207037 3.1842500000000005 2.5000000000000004 5.4750000000000005 1.5000000000000002 3.5000000000000004 6.5000000000000009 0.96591969937892885 1.5000000000000002 16.500000000000004 2.5000000000000004 9.5000000000000018 -0.24285714285714219 81.619500000000002 0.84161810858506614 1.0000000180025095e-35 79.413500000000013 80.751950000000008 1.0000000180025095e-35 438.46500000000009 1.5000000000000004 0.86473996727076907 168.38117500000001 44.735000000000007 29.641000000000002 11.500000000000002 4.5000000000000009 5.6840000000000002 21.385000000000002 4.5000000000000009
decision_type=2 2 2 8 2 2 2 2 2 2 2 2 2 2 2 2 10 2 2 2 2 2 2 8 8 2 2 10 10 2
left_child=1 28 3 -3 -2 6 -5 8 24 -4 12 -12 13 14 -7 29 17 -17 19 -9 23 22 -6 -10 -8 -13 -16 -28 -1 -14
right_child=4 2 9 5 21 10 7 18 20 -11 11 25 15 -15 26 16 -18 -19 -20 -21 -22 -23 -24 -25 -26 -27 27 -29 -30 -31
leaf_value=-0.93586774940958495 -1.1268062930238614 -0.58847078311676293 -0.0038669121256343438 -0.27430922235822675 0.18651477978539088 0.18115662618396472 4.3842779385389354 -0.010340431772877535 1.1619181900513433 0.45434491071908101 -0.53016329126944972 0.31521641607230549 0.2432454786568734 -0.048677290181142779 0.15089668442990326 1.2749273121661662 -0.21262665145237694 -1.6107719654087622 -1.4654621604364606 4.2101561013208633 -0.24150241415902152 -0.66546722968424221 7.8441299780467375 0.40340641841714531 1.7152056950318799 -0.36648265128962637 1.4594761096190096 0.79925196262117293 0.095488088475607635 -0.31815969834736391
leaf_weight=16638 15144 14325 41572 25331 3666 847 109 49359 2436 18136 37961 9219 3199 1310 212 151 123 119 1445 526 4008 11408 70 7941 729 6142 289 286 1968 5843
leaf_count=16638 15144 14325 41572 25331 3666 847 109 49359 2436 18136 37961 9219 3199 1310 212 151 123 119 1445 526 4008 11408 70 7941 729 6142 289 286 1968 5843
internal_value=-0.00101412 -0.000720652 -0.000504315 -0.000908849 -0.00343859 -0.000690105 -0.000113884 0.000478444 0.00240307 0.000660413 -0.00149596 -0.00195477 0.000480328 0.00425136 0.00813709 -0.000696345 0.00987786 0.0171111 -9.23451e-05 6.67521e-05 0.00186236 -0.00173296 0.0011788 0.00295634 0.011685 -8.24179e-05 0.0137459 0.0181043 -0.00341374 -0.00115594
internal_weight=280512 250224 231618 171910 30288 157585 91884 66553 15223 59708 65701 53322 12379 2944 1634 9435 393 270 51330 49885 14385 15144 3736 10377 838 15361 787 575 18606 9042
internal_count=280512 250224 231618 171910 30288 157585 91884 66553 15223 59708 65701 53322 12379 2944 1634 9435 393 270 51330 49885 14385 15144 3736 10377 838 15361 787 575 18606 9042
is_linear=0
shrinkage=0.06


Tree=49
num_leaves=31
num_cat=0
split_feature=6 0 13 2 1 1 3 1 10 15 7 12 3 3 7 10 12 7 1 5 13 2 10 3 3 3 15 12 3 14
split_gain=55.9035 41.0665 32.9154 23.6309 25.8791 19.241 17.9052 17.4676 17.286 17.8338 16.1525 15.8997 15.1582 14.8038 14.3559 14.0356 13.9456 12.8452 11.6514 11.3481 11.8247 24.0428 11.1851 9.96953 19.1114 13.1715 10.6668 18.3956 14.9895 10.4135
threshold=1.3740228498512919 2.5000000000000004 5.8950000000000005 3.5000000000000004 6.5000000000000009 19.500000000000004 2.5000000000000004 16.500000000000004 -3.0785714285714274 8.8310000000000013 0.77915555373316348 0.73875000000000013 9.5000000000000018 1.5000000000000002 1.0000317254658451 -1.9571428571428564 0.68625000000000014 1.0648462495764444 20.500000000000004 1.0000000180025095e-35 79.413500000000013 5.5000000000000009 -1.0857142857142847 9.5000000000000018 6.5000000000000009 7.5000000000000009 40.461000000000006 0.12125000000000001 8.5000000000000018 63.731500000000004
decision_type=2 2 8 2 2 2 2 2 2 2 2 2 2 2 2 2 2 2 2 2 10 2 2 2 2 2 2 2 2 2
left_child=1 2 -1 4 -4 10 8 11 9 17 16 15 -8 22 -14 -3 -6 -5 -9 -10 21 -21 -2 24 29 -26 27 -27 -29 -12
right_child=13 7 3 6 5 -7 12 18 19 -11 23 -13 14 -15 -16 -17 -18 -19 -20 20 -22 -23 -24 -25 25 26 -28 28 -30 -31
leaf_value=-0.64970407700232702 0.82191468734331263 0.67446078275968269 -0.30248024076453989 0.70289905564215083 0.97665654448694617 -0.34761812706617201 -0.54544297599238289 0.82625103201295613 -0.13849422477700044 0.18479852023766158 0.30358142907336078 -0.67091900299182172 0.029256217401069394 -0.87322885962971852 -0.86109392987463862 0.015908847091841927 -0.10017843032239834 1.5097198201233595 0.075917632702985169 1.1138819620664202 -0.199869052365234 -2.3485648980989251 -0.38720061012263651 0.72307207948009489 -0.87438322553367709 -0.8987341734756813 1.5796548458820125 1.7149712691501164 -0.77143210497221271 -0.19627201141296433
leaf_weight=19389 718 2484 27894 273 6475 16646 42173 10416 9832 1508 13396 4716 14090 26726 3024 37324 2414 132 7860 165 123 105 2670 11145 3832 3811 1943 791 624 7813
leaf_count=19389 718 2484 27894 273 6475 16646 42173 10416 9832 1508 13396 4716 14090 26726 3024 37324 2414 132 7860 165 123 105 2670 11145 3832 3811 1943 791 624 7813
internal_value=-0.000989307 -0.000695566 -0.00114014 -0.000870312 -0.000259383 0.000364928 -0.00169815 0.000632483 0.000401383 0.00563617 0.000930938 -8.62599e-06 -0.00212799 -0.00343176 -0.000621948 0.00038163 0.00326088 0.0168148 0.00219435 -0.000577997 0.00941985 0.0164444 0.000304603 0.000453233 -8.19636e-05 -0.00211126 -0.00059339 -0.00200459 0.00383745 0.000970624
internal_weight=280512 250398 187598 168209 96784 68890 71425 62800 12138 1913 52244 44524 59287 30114 17114 39808 8889 405 18276 10225 393 270 3388 43355 32210 11001 7169 5226 1415 21209
internal_count=280512 250398 187598 168209 96784 68890 71425 62800 12138 1913 52244 44524 59287 30114 17114 39808 8889 405 18276 10225 393 270 3388 43355 32210 11001 7169 5226 1415 21209
is_linear=0
shrinkage=0.06


Tree=50
num_leaves=31
num_cat=0
split_feature=6 16 0 13 13 2 5 8 3 3 3 6 14 10 3 3 3 14 1 3 10 15 15 2 14 15 1 1 8 13
split_gain=52.5942 41.7223 27.0865 26.2028 21.3114 20.5421 16.3639 16.1648 13.4875 32.2319 27.1512 19.8418 19.6324 17.2488 16.7765 13.3169 12.6884 12.3436 12.3046 12.2897 11.4664 20.461 11.4004 11.4988 11.3377 10.8116 9.98998 9.66799 13.1124 9.39992
threshold=1.4378065360473788 5.6735000000000007 2.5000000000000004 9.4025000000000016 33.765000000000008 1.0000000180025095e-35 1.0000000180025095e-35 1.2962098920777381 9.5000000000000018 6.5000000000000009 7.5000000000000009 0.8882316848266788 46.801000000000009 1.0000000180025095e-35 8.5000000000000018 1.5000000000000002 1.5000000000000002 33.07500000000001 16.500000000000004 2.5000000000000004 -1.0000000180025095e-35 44.653500000000001 241.19500000000002 2.5000000000000004 3.0815000000000006 76.187500000000014 21.500000000000004 5.5000000000000009 0.96591969937892885 84.145000000000024
decision_type=2 2 2 10 8 2 2 2 2 2 2 2 2 2 2 2 2 2 2 2 2 2 2 2 2 2 2 2 2 10
left_child=1 3 4 -1 5 27 7 8 9 17 -11 14 -13 20 -12 -9 -2 -6 -4 -8 25 24 23 -14 -22 -10 -20 -3 -29 -18
right_child=16 2 18 -5 6 -7 19 15 13 10 11 12 22 -15 -16 -17 29 -19 26 -21 21 -23 -24 -25 -26 -27 -28 28 -30 -31
leaf_value=-0.91116939056990642 0.02250129356053146 -0.54868545534661062 0.021596956108425169 0.069208013541288013 0.1943804705508369 -0.49471410723021114 0.37524218137023863 0.22400130685432021 -0.6290013635859435 -0.9889279392045266 1.0424030522391841 -1.2460660222453717 -0.91041196484459097 -0.6888565164036996 -0.53406939476052484 -0.91787778246517526 -0.91580982579395875 -0.051297758189502149 0.68457536300691613 -1.0770512666557104 3.6572948507194929 0.16244091316018636 5.8402147464111085 2.0302671610134171 1.2670463992248684 1.6773893664012041 -0.040180030772471044 1.1539612827007009 0.049334790794383139 0.17476179502547087
leaf_weight=27212 2996 1819 41282 7034 20626 32388 728 1714 3526 8368 2625 8609 1141 2928 1975 6371 21762 37489 13082 4368 162 10540 277 1128 7957 737 5040 1331 4163 1134
leaf_count=27212 2996 1819 41282 7034 20626 32388 728 1714 3526 8368 2625 8609 1141 2928 1975 6371 21762 37489 13082 4368 162 10540 277 1128 7957 737 5040 1331 4163 1134
internal_value=-0.000967276 -0.000705288 -0.000402517 -0.00265363 -0.000806611 -0.0020132 -0.000411599 -0.000265623 -7.20538e-05 -0.000447824 -0.00229151 -0.000824502 -0.00219184 0.0011234 0.0024913 -0.00285343 -0.00354364 0.000317473 0.000692477 -0.0037394 0.00167734 0.00231877 0.00243676 0.00103393 0.00458258 -0.00113019 0.0019958 0.000859017 0.00211431 -0.00402411
internal_weight=280512 254620 220374 34246 160970 39701 121269 116173 108088 82238 24123 15755 11155 25850 4600 8085 25892 58115 59404 5096 22922 18659 2546 2269 8119 4263 18122 7313 5494 22896
internal_count=280512 254620 220374 34246 160970 39701 121269 116173 108088 82238 24123 15755 11155 25850 4600 8085 25892 58115 59404 5096 22922 18659 2546 2269 8119 4263 18122 7313 5494 22896
is_linear=0
shrinkage=0.06


Tree=51
num_leaves=31
num_cat=0
split_feature=7 16 0 0 3 3 8 13 7 1 1 3 10 14 7 4 15 13 16 15 6 15 8 14 3 3 14 8 3 3
split_gain=54.292 35.4829 27.9762 23.5473 20.9584 44.3055 17.2776 15.6332 15.4861 13.7715 15.8216 11.9735 11.7039 12.5695 19.1105 12.6082 15.2427 20.3421 11.8281 17.8286 11.3981 11.2257 11.2182 11.6394 11.1881 11.3363 10.5868 10.5487 19.3376 17.6431
threshold=1.3353687777785301 1.7202500000000003 1.5000000000000002 1.5000000000000002 6.5000000000000009 9.5000000000000018 1.3445806328081926 48.552500000000002 0.69472155094977162 15.500000000000002 20.500000000000004 2.5000000000000004 -6.1821428571428561 63.01250000000001 1.0000317254658451 1.0000000180025095e-35 5.7115000000000009 6.0785000000000009 81.619500000000002 138.55250000000004 1.0008124909445437 68.34350000000002 0.94132570139904959 211.17400000000001 7.5000000000000009 6.5000000000000009 285.87000000000006 0.85060414503219917 7.5000000000000009 8.5000000000000018
decision_type=2 2 2 2 2 2 2 10 2 2 2 2 2 2 2 2 2 10 2 2 2 2 2 2 2 2 2 2 2 2
left_child=1 -1 4 -2 8 7 9 27 -3 26 24 -8 -10 14 15 16 17 -14 -18 -20 -7 -9 23 -5 25 -11 -4 28 -6 -30
right_child=3 2 6 22 5 20 11 21 12 10 -12 -13 13 -15 -16 -17 18 -19 19 -21 -22 -23 -24 -25 -26 -27 -28 -29 29 -31
leaf_value=-0.84796902887052072 -0.9726807458843596 0.34960629583377639 -0.04578773198101492 0.16154309278792145 -1.3593485804042071 0.034492696010855743 0.090254551190007928 1.032310002978738 0.47427371182730599 0.36870119316789096 -0.062086575952938802 -1.0287235677314648 0.12757213568067144 -0.52763930696390671 -0.84387244156035135 -0.2023749558991858 0.020092202376981731 1.179468978499864 2.2471198538364017 -2.9539333369727823 -0.61599116321574221 -0.93540061443255396 -0.64301039754924094 7.3771125081224369 1.1652402680740119 -0.53960645703620502 2.2340180586935383 -0.74955552468895204 1.0927642099838946 -0.91354957302548356
leaf_weight=11272 14628 8038 73028 4566 2539 24388 2550 1138 990 11788 14630 6106 2654 10310 6728 10132 19172 1142 60 52 4034 657 10032 30 9886 2186 1182 22641 2069 1884
leaf_count=11272 14628 8038 73028 4566 2539 24388 2550 1138 990 11788 14630 6106 2654 10310 6728 10132 19172 1142 60 52 4034 657 10032 30 9886 2186 1182 22641 2069 1884
internal_value=-0.0009615 -0.000676666 -0.000522136 -0.00340771 -0.00117736 -0.00197439 0.000118361 -0.00354591 -0.000379366 0.000316769 0.00123772 -0.00246488 -0.000763467 -0.000890748 -0.000408614 0.000182101 0.000956671 0.00443203 0.000272556 0.0197143 -0.000264304 0.00188858 -0.0017055 0.000749346 0.00219028 0.00109747 -0.000160896 -0.00388076 -0.00174862 0.000875789
internal_weight=280512 251256 239984 29256 118628 59350 121356 30928 59278 112700 38490 8656 51240 50250 39940 33212 23080 3796 19284 112 28422 1795 14628 4596 23860 13974 74210 29133 6492 3953
internal_count=280512 251256 239984 29256 118628 59350 121356 30928 59278 112700 38490 8656 51240 50250 39940 33212 23080 3796 19284 112 28422 1795 14628 4596 23860 13974 74210 29133 6492 3953
is_linear=0
shrinkage=0.06


Tree=52
num_leaves=31
num_cat=0
split_feature=7 2 1 13 0 5 1 8 12 15 2 13 13 14 7 1 13 8 7 8 14 0 13 10 2 14 2 12 8 14
split_gain=51.387 30.629 35.1675 27.0027 23.5473 18.9571 19.0626 18.0441 20.7035 16.4766 12.2907 18.8982 15.7438 12.9079 12.08 11.2155 10.9132 10.8256 11.383 10.2953 11.7041 10.1361 9.51305 9.4185 8.98131 9.9739 12.6694 8.86649 11.0366 9.24586
threshold=1.3353687777785301 3.5000000000000004 5.5000000000000009 20.303500000000003 1.5000000000000002 1.0000000180025095e-35 20.500000000000004 0.98825018620636729 0.2637500000000001 438.46500000000009 1.0000000180025095e-35 14.281000000000001 319.22000000000008 54.723500000000008 0.68668525903260591 15.500000000000002 32.913500000000006 0.52987373342202848 0.41129751637647521 0.95319938780686952 211.17400000000001 1.5000000000000002 252.28250000000003 -5.9285714285714253 2.5000000000000004 323.90250000000009 1.0000000180025095e-35 0.30125000000000007 0.81333991060784394 21.541500000000003
decision_type=2 2 2 8 2 2 2 2 2 2 2 10 10 2 2 2 8 2 2 2 2 2 8 2 2 2 2 2 2 2
left_child=1 2 17 -3 -2 6 7 8 -4 10 11 -9 13 -13 -12 -10 -16 18 -1 20 -6 23 -11 -5 25 -24 -27 28 29 -23
right_child=4 3 5 21 19 -7 -8 9 15 22 14 12 -14 -15 16 -17 -18 -19 -20 -21 -22 27 24 -25 -26 26 -28 -29 -30 -31
leaf_value=1.2084444485094399 -0.91431990113129791 -0.5839448444543035 1.2478518843079744 0.34806364169085463 0.11360672856846203 -0.89207790616660942 -0.25821614451984093 0.057736474806402177 -0.07667950619227458 -1.0610329446133953 0.56158613395482215 1.2655401152660617 3.954970770580049 0.40534517014869509 -0.50748085514985375 0.75725053405031506 0.017596653300485945 -0.31600237817758675 0.14628239759389478 -0.6095617232789946 6.934485757635092 1.0015552622411015 6.1239094899322408 -0.31928892050973512 0.4086610446551564 -1.8488359057207482 4.9343817145025293 -0.48423891376871914 -0.092263569101125459 0.13263440769687757
leaf_weight=192 14628 20050 9750 1294 4786 3168 17760 11383 7962 224 3016 1976 28 3001 8453 3016 36495 33896 2216 9812 30 1522 232 40002 178 34 164 6045 35258 3941
leaf_count=192 14628 20050 9750 1294 4786 3168 17760 11383 7962 224 3016 1976 28 3001 8453 3016 36495 33896 2216 9812 30 1522 232 40002 178 34 164 6045 35258 3941
internal_value=-0.000954014 -0.000676905 -0.000101186 -0.00143918 -0.00333388 0.000447022 0.000586734 0.000956652 0.00249865 0.000466309 0.000357843 0.00177642 0.00484915 0.00459674 -0.000126847 0.000711604 -0.0003735 -0.00171452 0.00217276 -0.00163167 0.000640364 -0.000986715 0.00885577 -0.00167174 0.01275 0.0174419 0.0273333 -0.000381817 -6.35067e-05 0.00244591
internal_weight=280512 251256 143144 108112 29256 106840 103672 85912 20728 65184 64352 16388 5005 4977 47964 10978 44948 36304 2408 14628 4816 88062 832 41296 608 430 198 46766 40721 5463
internal_count=280512 251256 143144 108112 29256 106840 103672 85912 20728 65184 64352 16388 5005 4977 47964 10978 44948 36304 2408 14628 4816 88062 832 41296 608 430 198 46766 40721 5463
is_linear=0
shrinkage=0.06


Tree=53
num_leaves=31
num_cat=0
split_feature=7 13 0 2 5 1 1 1 3 14 8 3 3 8 3 15 1 10 12 2 0 3 15 3 7 14 13 14 2 8
split_gain=49.6539 28.5375 23.4906 21.3217 22.6404 21.1016 22.3199 13.6639 14.955 30.0124 18.4986 14.0846 33.2163 13.5264 14.4456 21.131 12.9623 12.5217 12.4086 11.4022 11.2029 10.9776 10.9541 10.897 10.8258 10.4426 10.0054 9.93822 15.2899 9.63574
threshold=1.3353687777785301 6.3310000000000004 1.5000000000000002 4.5000000000000009 1.0000000180025095e-35 6.5000000000000009 9.5000000000000018 21.500000000000004 1.5000000000000002 35.913500000000006 0.52987373342202848 7.5000000000000009 6.5000000000000009 0.71771253038323135 4.5000000000000009 18.962500000000002 16.500000000000004 1.1000000000000005 0.34125000000000011 1.0000000180025095e-35 1.5000000000000002 4.5000000000000009 178.14750000000001 7.5000000000000009 0.78302576127124479 64.456000000000003 94.197500000000005 29.782500000000002 3.5000000000000004 0.95319938780686952
decision_type=2 8 2 2 2 2 2 2 2 2 2 2 2 2 2 2 2 2 2 2 2 2 2 2 2 2 8 2 2 2
left_child=1 19 -2 4 5 17 21 8 9 10 -8 12 13 14 -10 -16 18 -3 -5 -1 24 -7 25 -23 -13 -22 -12 -28 -29 -4
right_child=2 3 29 16 -6 6 7 -9 11 -11 26 20 -14 -15 15 -17 -18 -19 -20 -21 22 23 -24 -25 -26 -27 27 28 -30 -31
leaf_value=-0.01579442034707788 -0.85946070706342004 -0.1029077682840934 0.19114372925340614 -0.25963182674135254 -0.85072433723591134 0.85160033279305203 3.8583639906445915 -0.31844323492711735 0.19462467701034461 0.2167397609235239 2.8777115833362439 0.68959538798213005 -0.69242534985302118 -0.037478577127410623 1.5813247676795854 0.55864609253930875 -0.015299917108754606 -0.79727924928913252 -0.98564833606793678 -0.64697366982606197 0.81773623110257865 -0.18914318679186823 2.0050503252731415 0.82597827816309344 -0.26861667238107995 -0.050226432069418105 0.80871098528395247 1.273396747222884 18.296616927953291 -0.57298801988225456
leaf_weight=5110 14628 39387 4816 38749 5745 6805 42 13255 2368 5369 484 2520 7492 27677 478 710 19211 5750 5699 19192 7843 5035 2228 8471 13651 6971 772 157 85 9812
leaf_count=5110 14628 39387 4816 38749 5745 6805 42 13255 2368 5369 484 2520 7492 27677 478 710 19211 5750 5699 19192 7843 5035 2228 8471 13651 6971 772 157 85 9812
internal_value=-0.000930913 -0.000658517 -0.0032703 -0.000449273 -8.61645e-05 4.8745e-05 0.00048875 9.1723e-05 0.000391364 0.00305775 0.0104416 0.000135282 -0.000642222 0.000218421 0.00370191 0.00910101 -0.0013807 -0.00104708 -0.00194358 -0.00261263 0.00104182 0.0022891 0.00211524 0.00129898 -8.94208e-05 0.00152531 0.00934045 0.00595266 0.016562 -0.00157014
internal_weight=280512 251256 29256 226954 163295 157550 112413 92102 78847 6909 1540 71938 38725 31233 3556 1188 63659 45137 44448 24302 33213 20311 17042 13506 16171 14814 1498 1014 242 14628
internal_count=280512 251256 29256 226954 163295 157550 112413 92102 78847 6909 1540 71938 38725 31233 3556 1188 63659 45137 44448 24302 33213 20311 17042 13506 16171 14814 1498 1014 242 14628
is_linear=0
shrinkage=0.06


Tree=54
num_leaves=31
num_cat=0
split_feature=7 16 0 0 2 8 7 13 5 16 14 1 13 1 16 14 8 12 8 15 7 13 14 2 16 15 15 13 14 2
split_gain=48.1607 33.4026 25.6946 23.0956 16.3507 18.6607 18.9903 13.6957 13.0027 13.2483 12.6667 12.3912 11.9671 10.6957 9.64307 12.0832 9.60367 9.55528 12.7935 9.40212 9.3899 9.16121 7.93704 9.30198 7.91318 8.81511 8.3001 7.89581 7.81177 7.59236
threshold=1.3353687777785301 1.7202500000000003 2.5000000000000004 1.5000000000000002 3.5000000000000004 1.3445806328081926 0.96278733965586827 14.281000000000001 1.0000000180025095e-35 12.922000000000001 -1.0089999999999997 4.5000000000000009 25.495000000000001 16.500000000000004 5.6735000000000007 3.6815000000000002 1.5815960022970079 0.5162500000000001 0.72268954168505672 438.46500000000009 0.64179358506838113 2.9715000000000003 323.90250000000009 2.5000000000000004 3.6412500000000003 25.435000000000006 22.055000000000003 9.4025000000000016 2.7310000000000003 1.0000000180025095e-35
decision_type=2 2 2 2 2 2 2 8 2 2 2 2 10 2 2 2 2 2 2 2 2 10 2 2 2 2 2 10 2 2
left_child=1 27 4 -2 5 6 11 -6 9 12 24 -3 -8 17 -12 -16 -5 18 -4 -11 -17 29 -21 -24 -9 26 -26 -1 -20 -13
right_child=3 2 13 16 7 -7 8 10 -10 19 14 21 -14 -15 15 20 -18 -19 28 22 -22 -23 23 -25 25 -27 -28 -29 -30 -31
leaf_value=-0.94616870991773971 -0.80789306463961486 -0.17331017469937973 0.52236864829006646 -0.21966830592788916 -0.5276795931717021 -0.70065040696198488 -0.58888540773976794 -0.50080934309269332 -0.99559090331721967 -0.046018841377389416 -0.67672670173585792 -0.36431022721282952 0.25404226822360898 0.37625931806031204 0.35804751502199533 0.15735968350233376 -1.3375426741147143 -0.43613676375590099 0.50241561474912388 2.7905541986076772 -0.2416060014820556 0.58863359772100421 4.3820371303346173 -0.97889390354462391 0.34021455199482176 0.26184989403572151 1.5294367987513122 -0.088538963616906358 -0.04756974447299768 0.41386016265043779
leaf_weight=9255 14628 5414 4162 12424 11385 7004 10676 83 2114 57180 6681 3023 988 18306 2565 5277 2204 4654 2162 330 49065 9203 150 56 75 97 42 2017 31562 7730
leaf_count=9255 14628 5414 4162 12424 11385 7004 10676 83 2114 57180 6681 3023 988 18306 2565 5277 2204 4654 2162 330 49065 9203 150 56 75 97 42 2017 31562 7730
internal_value=-0.000915085 -0.000646816 -0.000496885 -0.00321903 -0.000858714 -0.000370741 -0.000154486 -0.00153209 -0.000654938 -0.000513694 -0.00119042 0.00125581 -0.00235803 0.000568384 -0.00124816 -0.000994993 -0.00153323 4.6543e-05 0.000361715 -0.000140968 -0.00118494 0.00194648 0.00776866 0.0170097 0.0111717 0.017271 0.028359 -0.00383889 -2.56212e-05 0.000757183
internal_weight=280512 251256 239984 29256 179138 103868 96864 75270 71494 69380 63885 25370 11664 60846 63588 56907 14628 42540 37886 57716 54342 19956 536 206 297 214 117 11272 33724 10753
internal_count=280512 251256 239984 29256 179138 103868 96864 75270 71494 69380 63885 25370 11664 60846 63588 56907 14628 42540 37886 57716 54342 19956 536 206 297 214 117 11272 33724 10753
is_linear=0
shrinkage=0.06


Tree=55
num_leaves=31
num_cat=0
split_feature=10 16 3 16 2 7 7 3 3 3 7 0 7 6 3 14 16 14 2 10 15 14 3 2 15 7 3 16 12 3
split_gain=48.7316 37.5704 22.3913 32.3039 22.6793 18.5485 15.9927 15.9037 16.7449 35.1098 17.0187 16.668 15.8314 14.8436 14.2343 26.865 15.3033 13.72 15.6435 12.3098 12.2361 11.5359 14.7333 11.5772 10.6228 10.603 9.72233 14.675 9.41382 16.9552
threshold=1.9785714285714306 3.1842500000000005 2.5000000000000004 24.94575 3.5000000000000004 0.5619001528594979 1.0173154496514052 10.500000000000002 6.5000000000000009 7.5000000000000009 1.1187848739926085 1.5000000000000002 1.0609993854183515 0.74585984505947345 9.5000000000000018 -1.4449999999999996 192.96337500000001 84.485000000000014 4.5000000000000009 -1.0571428571428565 438.46500000000009 17.917500000000004 5.5000000000000009 1.0000000180025095e-35 78.00500000000001 1.0090088923758584 6.5000000000000009 67.945250000000001 0.14375000000000002 8.5000000000000018
decision_type=2 2 2 2 2 2 2 2 2 2 2 2 2 2 2 2 2 2 2 2 2 2 2 2 2 2 2 2 2 2
left_child=1 -1 3 13 5 21 14 8 10 -10 -7 28 24 -3 16 -16 26 18 -14 -20 -13 22 23 -4 -5 -2 -6 -28 -11 -30
right_child=25 2 4 12 6 7 -8 -9 9 11 -12 20 17 -15 15 -17 -18 -19 19 -21 -22 -23 -24 -25 -26 -27 27 -29 29 -31
leaf_value=-0.61115770526730284 -0.4559539001685613 -0.21723442801872095 -0.57154880973918087 -0.14259017781079733 -0.14716938464224938 0.092626716866692896 -0.6304319154877116 0.34104664196336354 -0.65795756426273011 -0.58739221781870798 -0.49672946824951131 0.21334113985897224 0.75212207542524467 0.6211485373855139 1.4136451324466859 0.045458150295101231 4.2249973307801811 0.013369789276639349 2.4745241551536572 1.6414289290722117 7.7274438325548935 0.2310401959424036 0.46105122019478106 1.347751253803702 0.17997143017789302 -0.78335346875638556 -0.62348792319773405 0.40677546981169149 1.4880297513070864 -0.6753907051756135
leaf_weight=19068 14786 922 124 17244 26080 35176 14366 20578 11350 12578 7836 16106 876 3716 46 18230 106 1192 136 310 204 3698 1580 596 13276 18066 17556 2092 1282 1336
leaf_count=19068 14786 922 124 17244 26080 35176 14366 20578 11350 12578 7836 16106 876 3716 46 18230 106 1192 136 310 204 3698 1580 596 13276 18066 17556 2092 1282 1336
internal_value=-0.000897332 -0.000609305 -0.000395868 0.000940963 -0.000659649 -0.000113338 -0.00144243 -0.000296264 -0.000655286 -0.00149468 0.000181064 -0.000463913 0.000282616 0.00563001 -0.00103697 0.000378856 -0.00160152 0.00485919 0.00906808 0.0182152 0.000868178 0.00313304 0.00646956 0.0135833 -9.43658e-05 -0.00306867 -0.00165431 -0.00266226 -0.00189366 0.00137968
internal_weight=280512 247660 228592 37672 190920 112444 78476 106446 85868 42856 43012 31506 33034 4638 64110 18276 45834 2514 1322 446 16310 5998 2300 720 30520 32852 45728 19648 15196 2618
internal_count=280512 247660 228592 37672 190920 112444 78476 106446 85868 42856 43012 31506 33034 4638 64110 18276 45834 2514 1322 446 16310 5998 2300 720 30520 32852 45728 19648 15196 2618
is_linear=0
shrinkage=0.06


Tree=56
num_leaves=31
num_cat=0
split_feature=8 3 0 7 3 3 10 15 2 16 2 16 3 15 10 5 3 3 1 2 10 15 8 3 3 8 8 15 8 7
split_gain=45.8497 43.9795 36.0062 35.4311 22.0856 50.7497 18.631 15.0306 13.2889 27.7108 12.6953 13.9965 14.3695 13.9629 12.299 11.7073 11.9881 20.9275 13.3098 12.6783 13.7844 13.4273 11.0616 21.702 10.8204 10.12 9.88562 9.38791 9.33254 8.98012
threshold=1.201342073901374 1.5000000000000002 1.5000000000000002 1.0480523263384809 6.5000000000000009 9.5000000000000018 -1.4714285714285706 16.931500000000003 4.5000000000000009 6.7990000000000004 3.5000000000000004 31.58465 3.5000000000000004 98.201500000000024 6.7964285714285717 1.0000000180025095e-35 7.5000000000000009 6.5000000000000009 5.5000000000000009 1.0000000180025095e-35 -2.5785714285714274 81.406500000000008 0.85060414503219917 7.5000000000000009 8.5000000000000018 0.71435077137858138 1.0521899627939624 38.083500000000008 0.85408876790940769 0.51666818339692677
decision_type=2 2 2 2 2 2 2 2 2 2 2 2 2 2 2 2 2 2 2 2 2 2 2 2 2 2 2 2 2 2
left_child=2 6 3 4 10 22 8 28 -2 -10 11 29 13 -13 -7 16 17 -9 -18 -20 21 -21 23 -6 -25 -23 -16 -24 -4 -1
right_child=1 -3 7 -5 5 14 -8 15 9 -11 -12 12 -14 -15 26 -17 18 -19 19 20 -22 25 27 24 -26 -27 -28 -29 -30 -31
leaf_value=1.2066515476779998 0.26000833768723131 -0.65846275661246023 0.15740733449238919 -0.68581345623815104 -1.3065360727269486 0.03981348558927806 -0.15946684224485155 0.10838516967109103 1.4769793484242044 0.45062065122591072 -0.14050650826175085 -0.51327387052141404 0.2259368843545701 0.36506622841710368 3.6348376988699194 -0.49484312893207183 -0.16181437563016901 -0.46996819848367688 1.4360368123922798 0.49634028454927792 0.4440252992734165 11.120411943135425 -0.62649166092923181 1.0799059855511368 -0.74901738232751125 1.3900392209424155 -0.0079961092839995803 -0.32106687764226238 -0.34132067298836816 0.24047261200090964
leaf_weight=728 1798 35008 6550 17600 2416 23860 3662 46962 172 792 21564 8200 6852 2044 36 4368 7186 8064 3892 758 20872 200 17434 2060 1584 212 32 4322 20476 10808
leaf_count=728 1798 35008 6550 17600 2416 23860 3662 46962 172 792 21564 8200 6852 2044 36 4368 7186 8064 3892 758 20872 200 17434 2060 1584 212 32 4322 20476 10808
internal_value=-0.000884498 -0.00272717 -0.000565168 -0.00130149 -0.000872279 -0.00174212 0.00183624 0.000171155 0.00555684 0.0112407 2.4383e-05 0.000852471 -0.00023725 -0.0016599 0.00028385 0.000534793 0.000685044 0.000142186 0.00158696 0.0022201 0.00166264 0.008 -0.0034849 -0.00121782 0.00170582 0.0167184 0.0257647 -0.00411638 -0.00107363 0.0024674
internal_weight=280512 41432 239080 119540 101940 51744 6424 119540 2762 964 50196 28632 17096 10244 23928 92514 88146 55026 33120 25934 22042 1170 27816 6060 3644 412 68 21756 27026 11536
internal_count=280512 41432 239080 119540 101940 51744 6424 119540 2762 964 50196 28632 17096 10244 23928 92514 88146 55026 33120 25934 22042 1170 27816 6060 3644 412 68 21756 27026 11536
is_linear=0
shrinkage=0.06


Tree=57
num_leaves=31
num_cat=0
split_feature=8 0 13 3 6 3 3 16 15 3 5 8 2 13 15 3 14 13 13 13 16 3 13 15 16 8 1 1 13 2
split_gain=43.8318 36.2254 26.8089 21.4543 17.3078 22.0588 44.6842 15.0451 14.9561 19.0411 11.5373 10.1366 10.4371 10.9248 19.2302 20.7959 11.3155 10.1944 10.0378 9.00626 8.71584 8.70659 16.549 20.485 11.5573 8.69064 8.17242 8.8291 9.44025 8.08449
threshold=1.3445806328081926 1.5000000000000002 30.715000000000003 1.5000000000000002 1.0949594175004533 10.500000000000002 6.5000000000000009 19.368125000000003 3.7810000000000001 10.500000000000002 1.0000000180025095e-35 0.71085400727221548 1.0000000180025095e-35 418.15500000000003 336.12000000000006 9.5000000000000018 323.90250000000009 1.7645000000000002 84.145000000000024 8.011000000000001 1.7202500000000003 9.5000000000000018 16.333500000000004 14.911000000000003 32.361475000000006 1.8485084372152574 4.5000000000000009 20.500000000000004 282.74500000000006 4.5000000000000009
decision_type=2 2 10 2 2 2 2 2 2 2 2 2 2 8 2 2 2 10 10 10 2 2 10 2 2 2 2 2 10 2
left_child=1 2 4 25 5 6 20 -4 9 -3 11 -10 17 -14 -15 -16 -17 -13 -5 -6 -1 -8 -23 24 -24 29 -19 28 -28 -2
right_child=3 8 7 18 19 -7 21 -9 10 -11 -12 12 13 14 15 16 -18 26 -20 -21 -22 22 23 -25 -26 -27 27 -29 -30 -31
leaf_value=-0.65873202392037911 0.012128431453878956 -0.49327302094050041 0.3668752818159583 -0.75127803772533608 -0.72466286894327092 0.30723101190246155 -0.60132403351338792 -0.039516860535503323 0.33484362591606648 0.79549321471841605 -0.48567486318057512 0.1064459009931354 -0.14649696135793777 0.09589173600894077 7.0730403452288018 -5.6576083429821455 3.0308758341336897 -0.15312426668112727 0.15805596758851204 -0.036013053243622653 -0.022790166971121458 -0.55517696936214322 1.0123288590505493 -0.38811631739991109 1.3123715972816972 -1.3985306822061421 1.0536432580749326 -0.17921073950362765 3.4681167961829678 0.63080316067922104
leaf_weight=2270 2848 12820 4714 21302 15583 11428 25656 20721 14462 1340 5022 8152 38935 38911 154 245 345 1221 1394 2780 36080 6552 281 430 57 840 4105 786 54 1024
leaf_count=2270 2848 12820 4714 21302 15583 11428 25656 20721 14462 1340 5022 8152 38935 38911 154 245 345 1221 1394 2780 36080 6552 281 430 57 840 4105 786 54 1024
internal_value=-0.000872734 -0.000625926 -0.00134373 -0.00315193 -0.00178172 -0.00141195 -0.00180406 0.000397482 9.18817e-05 -0.00174576 0.000323402 0.000454874 0.000224866 -4.65722e-05 0.000654393 0.0102097 0.00508474 0.00171476 -0.00391681 -0.00344813 -0.000411475 -0.00342358 -0.00159836 0.00673437 0.017787 0.000532257 0.00355563 0.00464105 0.00574321 0.00173244
internal_weight=280512 253104 126552 27408 101117 82754 71326 25435 126552 14160 112392 107370 92908 78590 39655 744 590 14318 22696 18363 38350 32976 7320 768 338 4712 6166 4945 4159 3872
internal_count=280512 253104 126552 27408 101117 82754 71326 25435 126552 14160 112392 107370 92908 78590 39655 744 590 14318 22696 18363 38350 32976 7320 768 338 4712 6166 4945 4159 3872
is_linear=0
shrinkage=0.06


Tree=58
num_leaves=31
num_cat=0
split_feature=10 16 8 3 0 3 3 7 14 12 3 13 7 3 15 7 13 14 7 16 15 8 15 8 12 3 16 8 5 3
split_gain=44.124 33.4864 26.111 21.1121 17.6172 18.5952 33.081 20.3351 17.5226 15.8185 21.7071 15.4092 14.4534 11.9328 11.2141 14.1817 18.0436 15.4753 10.9793 10.2301 14.6824 9.93457 11.0344 9.72271 9.76499 9.57683 11.265 9.10302 8.98647 10.8775
threshold=2.514285714285716 3.6412500000000003 1.3278046480284269 2.5000000000000004 1.5000000000000002 6.5000000000000009 9.5000000000000018 0.93990210031849897 63.01250000000001 0.013750000000000002 7.5000000000000009 9.4025000000000016 1.0000317254658451 8.5000000000000018 44.653500000000001 0.99827436264285618 14.281000000000001 2.4340000000000006 1.1274643396856241 81.619500000000002 138.55250000000004 0.51992698124672876 38.083500000000008 0.71435077137858138 0.48875000000000007 10.500000000000002 9.757575000000001 1.009049387778477 1.0000000180025095e-35 8.5000000000000018
decision_type=2 2 2 2 2 2 2 2 2 2 2 10 2 2 2 2 8 2 2 2 2 2 2 2 2 2 2 2 2 2
left_child=1 11 4 -4 5 7 9 -3 18 21 -11 -1 14 27 15 -8 -17 25 19 -9 -21 -7 -23 24 -6 -18 -27 -12 29 -25
right_child=-2 2 3 -5 23 6 12 8 -10 10 13 -13 -14 -15 -16 16 17 -19 -20 20 -22 22 -24 28 -26 26 -28 -29 -30 -31
leaf_value=-0.70069025868644641 -0.64492796608007397 0.32443070136950519 0.10591553001207854 -0.67419784610902056 0.44070818968388109 0.82754781093609797 -0.24453620429941747 0.044206272585500694 -0.54988409626443113 -0.70146336899163886 1.5386811843050681 0.052570626151909126 -0.56476170981050233 -0.41647638107718588 -0.3284085813408319 -0.7543825247286271 -1.8666493377618052 0.88284751193327082 -0.61087283282633509 1.8501098105486942 -2.8447301817063391 -0.58614408064884838 -0.30357157382461503 -0.049648296430931597 -0.24911007987539646 4.0768805617041259 0.0011410392893102994 -0.18698533568163653 -0.50404404514821421 0.35537275365377458
leaf_weight=18423 25692 9454 5140 14976 11966 444 3628 27758 9096 2496 1840 4181 2902 1756 9042 714 36 6984 3772 68 52 15042 4198 62778 2922 100 42 818 4140 30052
leaf_count=18423 25692 9454 5140 14976 11966 444 3628 27758 9096 2496 1840 4181 2902 1756 9042 714 36 6984 3772 68 52 15042 4198 62778 2922 100 42 818 4140 30052
internal_value=-0.000865034 -0.00062609 -0.000411498 -0.00247743 -0.00021556 -0.000793202 -0.00161169 2.27077e-05 -0.000558977 -0.00306024 -0.00059045 -0.00283065 3.12166e-05 0.00193838 0.000591063 0.0018338 0.00326358 0.00417034 0.000108055 0.000519118 0.018 -0.00392725 -0.00413202 0.000302096 0.00172971 0.0216404 0.0286479 0.00447404 8.29108e-05 0.000204889
internal_weight=280512 254820 232216 20116 212100 100242 50042 50200 40746 26594 6910 22604 23448 4414 20546 11504 7876 7162 31650 27878 120 19684 19240 111858 14888 178 142 2658 96970 92830
internal_count=280512 254820 232216 20116 212100 100242 50042 50200 40746 26594 6910 22604 23448 4414 20546 11504 7876 7162 31650 27878 120 19684 19240 111858 14888 178 142 2658 96970 92830
is_linear=0
shrinkage=0.06


Tree=59
num_leaves=31
num_cat=0
split_feature=10 16 3 16 2 7 7 3 13 2 13 15 7 7 6 3 14 3 15 10 15 14 2 10 13 3 14 2 6 6
split_gain=40.0139 29.7274 23.5094 29.4089 21.8859 15.8578 14.0691 14.0754 16.6531 17.448 13.5367 13.1016 12.9063 12.8969 12.8645 12.0391 23.8838 19.69 13.4111 12.9555 11.8051 11.4526 13.4583 11.6293 11.1326 11.1038 13.2483 19.5082 19.7704 12.2321
threshold=1.9785714285714306 1.7202500000000003 2.5000000000000004 24.94575 3.5000000000000004 1.2152914207525851 0.5619001528594979 10.500000000000002 5.4750000000000005 1.0000000180025095e-35 113.59000000000002 438.46500000000009 1.0609993854183515 0.97712881300507115 0.75743249895135267 10.500000000000002 2.1735000000000002 11.500000000000002 241.19500000000002 -0.19285714285714037 1.0010000000000001 84.485000000000014 4.5000000000000009 -2.5785714285714274 55.212500000000013 11.500000000000002 149.88100000000003 1.0000000180025095e-35 0.99754240848090603 1.0032146904844119
decision_type=2 2 2 2 2 2 2 2 10 2 8 2 2 2 2 2 2 2 2 2 2 2 2 2 10 2 2 2 2 2
left_child=1 -1 3 14 6 15 -4 8 11 -10 13 -8 -5 -9 -3 18 17 19 -6 -17 -18 22 -14 -24 -16 26 -12 -28 -29 -30
right_child=-2 2 4 12 5 -7 7 10 9 -11 25 -13 21 -15 24 16 20 -19 -20 -21 -22 -23 23 -25 -26 -27 27 28 29 -31
leaf_value=-0.60307168885325224 -0.57176242374668163 -0.066821806999786973 0.4475794584590872 -0.0083237494697974059 -0.28231122198144692 -0.61945348234295516 -0.29450853664166032 0.46808774517259272 0.45557184167797227 -0.054440216930528341 1.3179130312843521 7.1231243945784932 0.69360613066715848 -0.38472495672525225 0.68424419444275941 0.3965574174721796 0.8632681491821903 -0.12507219719077489 2.7466824165731247 3.179989293561718 -0.12207947573195628 0.015608780524362178 2.400502344734162 1.5906703362765502 0.034237467903270369 0.13612523082829192 -1.071670725871197 -1.3758572381144818 10.089522745246764 -0.3582845845112656
leaf_weight=11676 32852 1100 6302 30520 57686 9330 54586 1824 7169 26761 6020 116 876 5780 3101 102 828 224 464 274 13222 1192 86 360 751 6664 215 115 266 50
leaf_count=11676 32852 1100 6302 30520 57686 9330 54586 1824 7169 26761 6020 116 876 5780 3101 102 828 224 464 274 13222 1192 86 360 751 6664 215 115 266 50
internal_value=-0.000854553 -0.000593557 -0.000447337 0.000919916 -0.000709645 -0.00145891 -0.000178549 -0.000337113 -0.000667616 0.000376656 0.00106219 -0.00131535 0.000273535 -0.000957918 0.00523182 -0.00116044 0.00037679 0.0121 -0.00154772 0.0204894 -0.000123845 0.00440573 0.00825113 0.0167354 0.00686604 0.00221455 0.00394599 0.0121115 0.0194756 0.0272278
internal_weight=280512 247660 235984 37986 197998 82130 115868 109566 88632 33930 20934 54702 33034 7604 4952 72800 14650 600 58150 376 14050 2514 1322 446 3852 13330 6666 646 431 316
internal_count=280512 247660 235984 37986 197998 82130 115868 109566 88632 33930 20934 54702 33034 7604 4952 72800 14650 600 58150 376 14050 2514 1322 446 3852 13330 6666 646 431 316
is_linear=0
shrinkage=0.06


Tree=60
num_leaves=31
num_cat=0
split_feature=8 0 7 3 3 3 1 2 1 12 8 2 14 2 10 8 8 7 3 2 15 2 3 14 1 12 3 15 2 7
split_gain=38.582 32.4982 32.7966 22.3038 39.7856 17.9012 14.9371 15.847 13.5431 10.3496 11.3041 9.40858 11.2123 9.00912 11.0284 10.3158 8.6578 9.83438 12.113 15.9096 10.8707 11.4598 10.7037 14.1972 9.20568 8.6026 23.9248 9.14739 8.55495 11.5926
threshold=1.3445806328081926 1.5000000000000002 1.142152666243035 6.5000000000000009 9.5000000000000018 2.5000000000000004 15.500000000000002 4.5000000000000009 21.500000000000004 0.2737500000000001 0.69828476550107899 3.5000000000000004 60.011500000000005 2.5000000000000004 6.7964285714285717 1.0904382660337382 0.67469581217929109 0.5619001528594979 1.5000000000000002 2.5000000000000004 76.187500000000014 1.0000000180025095e-35 4.5000000000000009 2.4340000000000006 8.5000000000000018 0.013750000000000002 7.5000000000000009 38.083500000000008 4.5000000000000009 0.5352267174924189
decision_type=2 2 2 2 2 2 2 2 2 2 2 2 2 2 2 2 2 2 2 2 2 2 2 2 2 2 2 2 2 2
left_child=1 2 3 11 25 -2 7 -3 -8 10 -9 12 16 14 -6 -16 17 20 19 -19 21 -1 -23 -24 -25 27 -27 -5 29 -28
right_child=5 6 -4 4 13 -7 8 9 -10 -11 -12 -13 -14 -15 15 -17 -18 18 -20 -21 -22 22 23 24 -26 26 28 -29 -30 -31
leaf_value=-0.75950020442012367 -0.040153857825180703 0.027306983369031087 -0.57414572217464632 -0.52182589434105486 0.23040002008311014 -0.65177596141092431 0.38795400769537774 0.46996619122853023 -0.14833304695378938 -0.98276659391824028 -0.29071624343494612 -0.1229176174556222 -0.24124086038639922 -0.19781627663606136 3.9905344793412341 0.12048704150200838 0.099490143868006295 1.1624752527339055 0.22917634150652494 3.3826354048075218 -0.63449042848072945 1.4354689384591608 -0.56197764880287826 1.4980896263511798 1.5326048884104775 -0.78407174840900384 1.9430995073622015 -0.28740742205765429 -0.75537151719480455 0.55832029992040177
leaf_weight=80 6832 60508 16828 18094 11468 20576 31396 1876 10660 3582 18530 23412 8442 14228 38 38 19772 180 1870 56 116 216 42 98 76 3310 356 4234 1094 2504
leaf_count=80 6832 60508 16828 18094 11468 20576 31396 1876 10660 3582 18530 23412 8442 14228 38 38 19772 180 1870 56 116 216 42 98 76 3310 356 4234 1094 2504
internal_value=-0.00083188 -0.000600324 -0.0012802 -0.000901937 -0.00174959 -0.00297023 7.95548e-05 -0.000380327 0.00100352 -0.00168534 -0.00116319 -3.86328e-05 0.000647924 -2.60762e-05 0.00121933 0.024 0.00134737 0.00451207 0.00254701 0.0153559 0.0111019 0.0148594 0.0187222 0.0281667 0.0357241 -0.00325061 -0.00145705 -0.00383411 0.00169347 0.00341958
internal_weight=280512 253104 126552 109724 55364 27408 126552 84496 42056 23988 20406 54360 30948 25772 11544 76 22506 2734 2106 236 628 512 432 216 174 29592 7264 22328 3954 2860
internal_count=280512 253104 126552 109724 55364 27408 126552 84496 42056 23988 20406 54360 30948 25772 11544 76 22506 2734 2106 236 628 512 432 216 174 29592 7264 22328 3954 2860
is_linear=0
shrinkage=0.06


Tree=61
num_leaves=31
num_cat=0
split_feature=10 3 8 16 16 3 7 3 3 15 0 2 13 13 8 15 8 15 3 14 2 6 7 15 13 7 8 15 14 2
split_gain=36.9517 28.0227 38.9823 22.1073 19.9727 14.5407 13.6787 16.2437 24.7602 31.5696 21.1015 17.1346 21.9718 13.8036 13.9516 15.1612 13.2632 13.9161 16.1337 13.4215 13.0544 11.9005 10.2489 10.4873 9.98633 9.75929 10.4646 9.68679 9.55869 9.50553
threshold=2.514285714285716 2.5000000000000004 1.0616405287065547 24.94575 4.2616250000000013 10.500000000000002 0.67586985184254889 9.5000000000000018 6.5000000000000009 241.19500000000002 2.5000000000000004 1.0000000180025095e-35 57.422500000000007 107.23350000000001 0.99999968811882878 44.653500000000001 0.94455081846986821 38.083500000000008 8.5000000000000018 -1.0000000180025095e-35 5.5000000000000009 0.75743249895135267 1.0047109541725143 4.3025000000000011 8.761000000000001 1.0609993854183515 1.3278046480284269 78.00500000000001 84.485000000000014 2.5000000000000004
decision_type=2 2 2 2 2 2 2 2 2 2 2 2 10 8 2 2 2 2 2 2 2 2 2 2 10 2 2 2 2 2
left_child=1 3 4 21 5 -3 -6 8 -8 10 16 -11 20 -9 -15 -16 -10 -18 19 -19 -13 -1 23 -7 -4 27 28 -5 29 -27
right_child=-2 2 24 25 6 22 7 13 9 11 -12 12 -14 14 15 -17 17 18 -20 -21 -22 -23 -24 -25 -26 26 -28 -29 -30 -31
leaf_value=-0.15855100499086119 -0.54992397785869296 -0.46643552031805857 -0.6043320072502153 -0.13317407802836548 0.32155061939205015 1.4274064898475765 -0.012391542749186328 -0.13751987846978206 -0.12294606224772558 -2.9292492716472878 0.010455026369618738 7.7247581379753525 1.3117217155185481 -0.48660602205619657 1.355741840620575 0.23675468196749655 -0.54297807185885394 0.59836086360552343 1.385578411862965 -0.53487883101095468 0.64703729285317313 0.56494268004869708 -0.47276957976380712 0.083282614183319781 -0.15456149862483373 0.58207168429631662 -0.11701733605118235 0.16707358687689861 0.04286513862415621 2.1349546600897416
leaf_weight=1246 25692 17622 25866 17400 14426 530 60180 15325 6620 240 11132 213 223 4730 8752 13009 18638 66 2472 3446 56 4244 600 452 11038 440 1174 13488 570 622
leaf_count=1246 25692 17622 25866 17400 14426 530 60180 15325 6620 240 11132 213 223 4730 8752 13009 18638 66 2472 3446 56 4244 600 452 11038 440 1174 13488 570 622
internal_value=-0.000820972 -0.000602309 -0.000870524 0.000873723 -0.000503951 -0.00233202 -0.000283889 -0.000459072 -0.000863003 -0.00196066 -0.00217407 0.0103934 0.0168049 0.000538644 0.00136778 0.00200974 -0.00297331 -0.00361433 -0.00109693 -0.00371071 0.0283494 0.00440437 0.00317825 0.00695316 -0.00264589 0.000298449 0.00368638 -9.32544e-06 0.00679412 0.0101582
internal_weight=280512 254820 215636 39184 178732 19204 159528 145102 103286 43106 42374 732 492 41816 26491 21761 31242 24622 5984 3512 269 5490 1582 982 36904 33694 2806 30888 1632 1062
internal_count=280512 254820 215636 39184 178732 19204 159528 145102 103286 43106 42374 732 492 41816 26491 21761 31242 24622 5984 3512 269 5490 1582 982 36904 33694 2806 30888 1632 1062
is_linear=0
shrinkage=0.06


Tree=62
num_leaves=31
num_cat=0
split_feature=8 0 16 13 3 3 10 8 1 2 14 3 3 14 16 13 13 10 12 8 15 3 3 6 3 2 15 2 13 2
split_gain=34.7199 29.8271 23.4991 41.3482 16.5178 15.9414 13.9547 11.3227 10.7205 11.1911 11.4136 10.2117 41.7306 12.9391 10.8385 8.55104 8.37626 8.26948 7.98891 10.8532 7.41262 17.7211 8.72335 13.4652 8.55887 8.5318 11.9699 12.2523 9.27818 7.56135
threshold=1.3445806328081926 2.5000000000000004 13.222225000000002 5.4750000000000005 1.5000000000000002 1.5000000000000002 2.7000000000000024 0.51416522358931038 17.500000000000004 4.5000000000000009 10.322500000000002 6.5000000000000009 7.5000000000000009 32.651500000000006 24.264750000000003 84.145000000000024 28.562500000000004 -1.4714285714285706 0.36125000000000002 0.69828476550107899 11.814000000000002 3.5000000000000004 4.5000000000000009 0.6137037418791863 5.5000000000000009 2.5000000000000004 0.15250000000000002 1.5000000000000002 2.6015000000000006 5.5000000000000009
decision_type=2 2 2 10 2 2 2 2 2 2 2 2 2 2 2 10 10 2 2 2 2 2 2 2 2 2 2 2 10 2
left_child=1 2 3 -1 7 17 11 -5 9 10 -3 13 -13 20 16 -7 -14 -2 19 -11 22 29 -4 24 -24 26 27 28 -25 -22
right_child=5 8 6 4 -6 15 -8 -9 -10 18 -12 12 14 -15 -16 -17 -18 -19 -20 -21 21 -23 23 25 -26 -27 -28 -29 -30 -31
leaf_value=-0.57081351852843387 0.40928000506004153 0.51864283992439464 0.10808274776613964 3.8242127381846105 0.022014694865601085 -0.58094985987916425 -0.52111124677716736 1.4491567690797966 0.41172725509224023 0.77525361241527513 0.03840808973719316 -0.45752106970890427 -0.39943001973064163 -0.074062608122287918 0.096498035537985902 0.18543317750127972 0.26919781760720296 -0.32388986510761808 -1.1234209791331358 -0.26576188771722747 0.51182270263205942 -0.16337331503114 1.8974696061448704 -0.37745936979554923 0.16848740044740154 0.11228926121733622 0.51537448971180644 1.3122921108370007 1.2034131673687956 -0.12023506420464855
leaf_weight=39725 1816 4842 1526 26 15585 21302 8136 530 15850 1024 29122 10818 10961 47012 35154 1394 1691 2896 2008 10430 7248 8366 148 63 60 964 488 104 25 1198
leaf_count=39725 1816 4842 1526 26 15585 21302 8136 530 15850 1024 29122 10818 10961 47012 35154 1394 1691 2896 2008 10430 7248 8366 148 63 60 964 488 104 25 1198
internal_value=-0.000805999 -0.000586337 -0.000962388 -0.00199614 0.000564648 -0.0028345 -0.000531286 0.0107266 0.000541815 9.03288e-05 0.000670591 -0.000375568 -0.000954286 0.00012928 -0.000192781 -0.00349383 -0.00169871 0.000341255 -0.00137365 -0.000761657 0.0013997 0.000884367 0.00396447 0.00673218 0.0211154 0.00491241 0.0100588 0.02275 0.00627273 0.00282311
internal_weight=280512 253104 189828 55866 16141 27408 133962 556 63276 47426 33964 125826 58624 67202 47806 22696 12652 4712 13462 11454 20190 16812 3378 1852 208 1644 680 192 88 8446
internal_count=280512 253104 189828 55866 16141 27408 133962 556 63276 47426 33964 125826 58624 67202 47806 22696 12652 4712 13462 11454 20190 16812 3378 1852 208 1644 680 192 88 8446
is_linear=0
shrinkage=0.06


Tree=63
num_leaves=31
num_cat=0
split_feature=7 16 0 0 3 3 3 12 16 8 8 3 16 10 7 3 14 5 13 2 14 8 13 5 7 14 3 14 3 16
split_gain=34.0244 23.9269 19.743 18.2653 20.0892 43.3268 15.0014 22.6816 18.6024 13.6314 11.9376 22.3556 12.1749 11.2438 11.2375 10.9037 12.8047 11.9619 11.5024 12.4953 12.4624 11.4449 10.4629 9.72349 9.5943 9.52375 13.9683 19.9824 14.7796 20.9
threshold=1.3353687777785301 1.7202500000000003 1.5000000000000002 2.5000000000000004 6.5000000000000009 9.5000000000000018 7.5000000000000009 0.0037500000000000003 57.355750000000008 0.51992698124672876 0.71085400727221548 4.5000000000000009 129.85462500000003 2.5571428571428587 1.0000317254658451 5.5000000000000009 82.44250000000001 1.0000000180025095e-35 89.565000000000012 1.5000000000000002 35.913500000000006 0.50947370553930582 6.8915000000000006 1.0000000180025095e-35 0.66056598449650461 60.011500000000005 4.5000000000000009 3.9410000000000003 5.5000000000000009 50.41575000000001
decision_type=2 2 2 2 2 2 2 2 2 2 2 2 2 2 2 2 2 2 10 2 2 2 10 2 2 2 2 2 2 2
left_child=1 -1 22 4 10 6 -6 8 9 -8 11 12 -3 23 25 16 17 18 19 20 -13 24 -2 -7 -21 26 27 -12 -28 -30
right_child=2 3 -4 -5 5 13 7 -9 -10 -11 14 15 -14 -15 -16 -17 -18 -19 -20 21 -22 -23 -24 -25 -26 -27 28 -29 29 -31
leaf_value=-0.51450568292850829 -0.5634301938146582 -0.14728172083619234 -0.27115380884365509 0.089956308855772243 -0.45776670487399818 0.11482459914721611 0.96075184680676484 0.20599149174933953 0.83975556836842258 -0.56238524791326139 0.54766784412121761 -0.48212981652473835 5.6087510694861278 -0.50681103932153981 -0.43165312685519347 0.25094565729274598 -0.35515207291344247 -1.2853010848036315 -0.067113882804613903 1.6655753640740942 1.6678621688912756 1.1416748322092229 -0.10567371427212024 -0.6812537192926239 0.16645093792578852 -0.17507870673465092 -0.54977280257402472 0.081502943929536678 0.0048974393689274632 1.6621894346921
leaf_weight=11272 11778 6906 14628 60846 16060 37270 554 7928 2662 19332 3134 233 178 3564 9684 1678 404 146 220 204 131 768 2850 2062 60 21432 8046 27230 8878 374
leaf_count=11272 11778 6906 14628 60846 16060 37270 554 7928 2662 19332 3134 233 178 3564 9684 1678 404 146 220 204 131 768 2850 2062 60 21432 8046 27230 8878 374
internal_value=-0.000798513 -0.000573027 -0.00273503 -0.000446131 -0.000751199 -0.00138756 -0.00265549 -0.00187348 -0.00284407 -0.00347461 -0.000116783 0.00174158 -0.000257483 -1.20305e-05 -0.000374573 0.0054256 0.00823823 0.0104472 0.0119332 0.0139427 0.00438461 0.017314 -0.00429368 0.000280381 0.0280909 -0.000106291 0.000366076 0.00114135 -0.000994799 0.000640725
internal_weight=280512 251256 29256 239984 179138 89432 46536 30476 22548 19886 89706 10928 7084 42896 78778 3844 2166 1762 1616 1396 364 1032 14628 39332 264 69094 47662 30364 17298 9252
internal_count=280512 251256 29256 239984 179138 89432 46536 30476 22548 19886 89706 10928 7084 42896 78778 3844 2166 1762 1616 1396 364 1032 14628 39332 264 69094 47662 30364 17298 9252
is_linear=0
shrinkage=0.06


Tree=64
num_leaves=31
num_cat=0
split_feature=8 0 7 3 3 1 2 1 1 1 3 16 3 1 14 3 8 8 10 3 14 8 15 2 3 8 5 3 15 16
split_gain=33.3182 29.6007 31.8509 19.2864 30.5099 13.4965 16.7139 14.1558 8.98696 14.316 9.79379 18.0675 12.6928 8.42614 14.1183 8.43818 11.6333 10.7556 8.41984 11.2329 9.81353 11.0356 15.0167 8.92498 7.40618 7.32081 7.63417 7.24575 22.2167 20.2077
threshold=1.6527216394676747 1.5000000000000002 1.142152666243035 6.5000000000000009 9.5000000000000018 15.500000000000002 4.5000000000000009 20.500000000000004 4.5000000000000009 9.5000000000000018 1.5000000000000002 21.357250000000004 8.5000000000000018 6.5000000000000009 19.899000000000004 2.5000000000000004 0.79715233006477815 0.57227953193875536 -2.7357142857142844 1.5000000000000002 63.01250000000001 0.80487617975558357 119.02500000000002 3.5000000000000004 4.5000000000000009 1.0856884274485077 1.0000000180025095e-35 1.5000000000000002 3.0725000000000002 45.570250000000001
decision_type=2 2 2 2 2 2 2 2 2 2 2 2 2 2 2 2 2 2 2 2 2 2 2 2 2 2 2 2 2 2
left_child=1 2 3 18 -5 6 8 27 -3 13 11 -11 -12 -10 24 16 17 -16 19 -1 23 22 -22 25 -15 26 -20 28 -7 -30
right_child=-2 5 -4 4 -6 7 -8 -9 9 10 12 -13 -14 14 15 -17 -18 -19 20 -21 21 -23 -24 -25 -26 -27 -28 -29 29 -31
leaf_value=0.51817105777829364 -0.60935506310675547 -0.15584772494894336 -0.45642387196396905 -0.38785828000702233 -0.036352780961913432 2.0809548243815246 -0.30793660325001881 -0.11809944782988752 0.036107243616714198 4.4895123611847358 -0.31233569528350441 0.757711431777219 0.2308973764504797 2.4983786108706783 -1.359763813161188 0.27757702161494513 0.88855867574563085 8.0922449784182202 0.18022953510511086 0.044012231691331338 0.067711169498872584 -0.44154710584545076 3.6031925157483977 -0.12304303185642596 1.6088896223645077 -0.68086858026242802 -0.68469611587897283 0.30089010773664315 4.1261370175077881 0.36152874792695022
leaf_weight=1642 8032 20384 21160 30592 27600 50 26036 17000 8172 36 14164 1976 7988 158 60 9072 1660 180 19628 3680 624 9356 158 19510 1050 1548 742 25996 364 1894
leaf_count=1642 8032 20384 21160 30592 27600 50 26036 17000 8172 36 14164 1976 7988 158 60 9072 1660 180 19628 3680 624 9356 158 19510 1050 1548 742 25996 364 1894
internal_value=-0.000786962 -0.000674693 -0.00130006 -0.000906675 -0.00167466 -4.93262e-05 -0.000470838 0.000796749 4.43745e-05 0.000522148 -0.000465322 0.00354274 -0.000829362 0.00169457 0.00269458 0.00201677 0.00565263 0.018 -0.000121081 0.00215107 -0.000355585 -0.0020288 0.00481841 5.38752e-05 0.00885099 0.000884751 0.00118704 0.00161871 0.00484055 0.00396457
internal_weight=280512 272480 136240 115080 58192 136240 90936 45304 64900 44516 24164 2012 22152 20352 12180 10972 1900 240 56888 5322 51566 10138 782 41428 1208 21918 20370 28304 2308 2258
internal_count=280512 272480 136240 115080 58192 136240 90936 45304 64900 44516 24164 2012 22152 20352 12180 10972 1900 240 56888 5322 51566 10138 782 41428 1208 21918 20370 28304 2308 2258
is_linear=0
shrinkage=0.06


Tree=65
num_leaves=31
num_cat=0
split_feature=7 16 0 10 3 3 8 3 3 15 2 7 7 13 13 3 0 16 2 14 15 8 3 8 2 15 1 15 13 8
split_gain=31.8854 22.3777 20.2869 19.0504 16.1424 36.5548 15.94 20.352 19.6282 14.1125 12.4597 11.9061 11.4687 15.4751 11.3297 10.8411 10.1786 9.99788 11.0106 19.2256 16.2893 13.2615 9.85759 9.69638 9.5178 9.49138 12.4818 9.41985 10.3108 9.28112
threshold=1.5056241961781456 1.7202500000000003 2.5000000000000004 2.7000000000000024 6.5000000000000009 9.5000000000000018 0.94455081846986821 7.5000000000000009 8.5000000000000018 51.401000000000003 4.5000000000000009 0.69472155094977162 0.98981418594101689 5.4750000000000005 9.0850000000000026 4.5000000000000009 1.5000000000000002 4.5792500000000009 4.5000000000000009 22.801500000000004 26.581000000000003 0.71435077137858138 8.5000000000000018 1.0904382660337382 1.0000000180025095e-35 12.6225 14.500000000000002 65.749000000000009 70.141000000000005 0.51416522358931038
decision_type=2 2 2 2 2 2 2 2 2 2 2 2 2 10 10 2 2 2 2 2 2 2 2 2 2 2 2 2 10 2
left_child=1 14 3 4 11 6 7 -6 10 -8 12 15 -9 -14 -1 -3 -2 -17 29 -20 -21 -22 -11 27 25 -10 -27 28 -24 -19
right_child=16 2 -4 -5 5 -7 9 8 24 22 -12 -13 13 -15 -16 17 -18 18 19 20 21 -23 23 -25 -26 26 -28 -29 -30 -31
leaf_value=-0.58241323108307319 -0.46014594678243137 0.089756883248169661 0.091111897394021632 -0.47160830587171115 -0.59640814737726922 0.020618124532753353 -0.42338656585411233 0.76524007387571547 -0.55533521067803016 -0.44852146564543538 -0.62267753681060933 -0.044639624931976957 1.6468808518710627 3.0041742804048881 0.055862399209950321 -0.57308398723993592 -0.42436631334488162 1.1676987559369996 0.12906109638790217 2.3676853254117374 1.5899331707251287 -0.39746015626811937 3.8823810807246244 -0.83379260563814206 -0.62666698341174853 0.8654912847315126 7.2724808830716334 0.77527465268775475 10.594729505918584 0.32276913590213496
leaf_weight=9919 8748 8128 63656 15520 3692 41196 27370 2454 302 3000 1034 74314 706 218 2183 496 8748 514 240 114 88 100 311 752 2724 128 46 2238 49 1524
leaf_count=9919 8748 8128 63656 15520 3692 41196 27370 2454 302 3000 1034 74314 706 218 2183 496 8748 514 240 114 88 100 311 752 2724 128 46 2238 49 1524
internal_value=-0.000769423 -0.000604436 -0.000482892 -0.000797447 -0.00061552 -0.00119485 -0.0023766 -0.000426753 0.00134629 -0.00303025 0.00394107 -3.14334e-05 0.00570515 0.0114026 -0.00312444 0.00179186 -0.00324966 0.00482575 0.00632558 0.0139262 0.024 0.0131489 -0.000481891 0.00175522 -0.00223125 0.00559664 0.0167586 0.00349192 0.0125 0.00430422
internal_weight=280512 263016 250914 187258 171738 86220 45024 11304 7612 33720 4412 85518 3378 924 12102 11204 17496 3076 2580 542 302 188 6350 3350 3200 476 174 2598 360 2038
internal_count=280512 263016 250914 187258 171738 86220 45024 11304 7612 33720 4412 85518 3378 924 12102 11204 17496 3076 2580 542 302 188 6350 3350 3200 476 174 2598 360 2038
is_linear=0
shrinkage=0.06


Tree=66
num_leaves=31
num_cat=0
split_feature=10 0 7 3 3 8 3 14 14 7 8 8 15 2 8 3 16 14 14 15 12 14 14 2 15 2 2 1 15 3
split_gain=29.8566 20.5856 18.4757 18.7137 29.44 32.9505 20.761 20.4797 17.168 12.9321 12.7328 12.4694 12.4675 18.7584 13.9227 14.2997 12.3548 12.0813 11.4119 10.5699 9.91343 9.60012 8.62223 8.54929 8.31095 10.3523 9.08081 7.99056 8.72394 17.4968
threshold=1.3714285714285717 2.5000000000000004 1.3353687777785301 4.5000000000000009 9.5000000000000018 0.75846782716271666 5.5000000000000009 24.362500000000001 32.651500000000006 1.142152666243035 1.4469613047101566 0.99999968811882878 31.425000000000004 3.5000000000000004 1.0352736371687989 2.5000000000000004 20.281750000000002 5.7615000000000007 82.44250000000001 51.401000000000003 0.73875000000000013 4.9925000000000006 2.5990000000000006 2.5000000000000004 241.19500000000002 1.0000000180025095e-35 1.0000000180025095e-35 6.5000000000000009 24.851000000000003 6.5000000000000009
decision_type=2 2 2 2 2 2 2 2 2 2 2 2 2 2 2 2 2 2 2 2 2 2 2 2 2 2 2 2 2 2
left_child=1 2 3 8 5 6 18 19 10 -2 11 -1 14 21 17 -16 -9 -13 -5 -7 -3 -14 -8 -19 25 27 -26 -18 29 -29
right_child=9 20 -4 4 -6 7 22 16 -10 -11 -12 12 13 -15 15 -17 24 23 -20 -21 -22 -23 -24 -25 26 -27 -28 28 -30 -31
leaf_value=-0.04389853484461681 -0.26392124845356568 0.13026316123759821 -0.411017066397592 0.94532643763293245 0.048412462592158832 -0.41992652271822434 -0.78412691189737416 0.44458284775823953 -0.080423731798322198 -0.45260454349247808 -0.82985176619229384 0.81479379851051814 0.57824866603663161 -0.16381625609711289 1.1676019502028845 -0.45874336601507298 -0.47013291725826573 -0.063678783144151929 -0.37704462755391466 0.0059448407251536219 -0.40079253445096114 0.51292623693457295 0.21659639945528106 0.53288129944826379 -4.7335453336511728 -0.28342701322916058 4.6717887181432438 1.4898914247181518 0.079616896447356436 0.4110156801285812
leaf_weight=5706 25300 57042 12660 1584 39776 32244 1116 176 34694 17442 1112 670 666 3500 694 1072 982 468 406 3090 4976 3524 5846 1292 156 20852 254 246 2348 618
leaf_count=5706 25300 57042 12660 1584 39776 32244 1116 176 34694 17442 1112 670 666 3500 694 1072 982 468 406 3090 4976 3524 5846 1292 156 20852 254 246 2348 618
internal_value=-0.000751242 -0.000488793 -0.00082043 -0.000649034 -0.00109745 -0.00183884 0.00156032 -0.00233796 0.000272144 -0.00221122 0.00173738 0.00213097 0.00323776 0.00180234 0.00586844 0.00181427 -0.00104682 0.00881481 0.00696482 -0.00327458 0.000451029 0.00451074 1.55114e-05 0.00620454 -0.00115635 -0.00129506 0.00731707 0.00142489 0.00287297 0.00802778
internal_weight=280512 237770 175752 163092 109694 69918 8952 60966 53398 42742 18704 17592 11886 7690 4196 1766 25632 2430 1990 35334 62018 4190 6962 1760 25456 25046 410 4194 3212 864
internal_count=280512 237770 175752 163092 109694 69918 8952 60966 53398 42742 18704 17592 11886 7690 4196 1766 25632 2430 1990 35334 62018 4190 6962 1760 25456 25046 410 4194 3212 864
is_linear=0
shrinkage=0.06


Tree=67
num_leaves=31
num_cat=0
split_feature=10 16 5 1 2 13 1 7 13 15 13 2 13 13 2 14 13 10 7 14 13 14 13 16 1 14 0 15 13 0
split_gain=28.3531 21.8938 15.7773 14.6323 19.8663 22.7392 23.1864 20.4248 14.4991 12.8165 13.7414 11.826 11.3937 11.3864 9.60616 9.04267 8.59452 8.68664 8.50174 8.26685 7.81372 7.03358 14.7672 7.12887 8.83655 8.36834 6.73083 9.52602 6.74146 6.53945
threshold=2.7000000000000024 1.7202500000000003 1.0000000180025095e-35 6.5000000000000009 1.0000000180025095e-35 -1.9974999999999998 18.500000000000004 0.71226173474931143 4.8110000000000008 336.12000000000006 418.15500000000003 2.5000000000000004 6.6110000000000015 9.0850000000000026 2.5000000000000004 70.801000000000016 1.7645000000000002 1.0428571428571423 1.6688301940887422 0.9910000000000001 319.22000000000008 146.14900000000003 91.785000000000011 39.278375000000004 9.5000000000000018 24.721500000000002 1.5000000000000002 7.8110000000000008 1.2410000000000003 1.5000000000000002
decision_type=2 2 2 2 2 10 2 2 8 2 8 2 10 10 2 2 8 2 2 2 10 2 10 2 2 2 2 2 10 2
left_child=1 13 3 16 5 -5 20 11 -9 18 -11 15 -2 -1 -12 -6 -3 19 29 -18 21 22 23 25 -25 26 -7 28 -28 -10
right_child=12 2 -4 4 7 6 -8 8 9 10 14 -13 -14 -15 -16 -17 17 -19 -20 -21 -22 -23 -24 24 -26 -27 27 -29 -30 -31
leaf_value=-0.5256172578743048 -0.51338023036385205 -0.52215112441766387 -0.45717358595365509 -0.040107046775366993 1.0573894374783956 0.21443626374987587 -0.067549144258908025 -0.36482795096016041 -0.13510239651156097 -1.1589476492888371 4.2534201112120362 0.076186935549728954 -0.13043966816119501 0.074283457485252904 1.201285309858797 0.30309462293257827 0.29263871789607793 -0.4785446353363571 -0.61667134171205362 -0.11195118795741618 3.245148911106241 -0.060430169576179409 2.353521533420821 1.1362981523567059 0.1491109929977642 1.4653647853494807 0.44179453753207382 0.94514515359158391 4.0869306990068184 0.011500216318374869
leaf_weight=9960 15901 3576 10340 12983 3364 1646 3614 7857 53887 634 531 11000 7565 2176 467 2798 3132 6198 3506 54354 28 801 495 1081 2440 1015 28 582 69 58484
leaf_count=9960 15901 3576 10340 12983 3364 1646 3614 7857 53887 634 531 11000 7565 2176 467 2798 3132 6198 3506 54354 28 801 495 1081 2440 1015 28 582 69 58484
internal_value=-0.000733275 -0.000551016 -0.00042775 -0.000326642 -2.61804e-05 0.00154176 0.00344826 -0.000298806 -0.000564556 -0.000397707 0.00488235 0.00164246 -0.00272974 -0.00303856 0.00927054 0.00374683 -0.00107404 -0.000913323 -0.000472071 -0.000683229 0.00521564 0.00510702 0.00568842 0.00496633 0.00308265 0.00695209 0.00496774 0.00999411 0.0274021 -0.000381292
internal_weight=280512 257046 244910 234570 167310 24782 11799 142528 125366 117509 1632 17162 23466 12136 998 6162 67260 63684 115877 57486 8185 8157 7356 6861 3521 3340 2325 679 97 112371
internal_count=280512 257046 244910 234570 167310 24782 11799 142528 125366 117509 1632 17162 23466 12136 998 6162 67260 63684 115877 57486 8185 8157 7356 6861 3521 3340 2325 679 97 112371
is_linear=0
shrinkage=0.06


Tree=68
num_leaves=31
num_cat=0
split_feature=7 16 13 13 5 1 1 2 13 7 13 3 10 3 15 16 3 13 0 0 2 0 12 3 3 2 16 13 1 2
split_gain=27.5496 20.3968 38.5516 11.8777 11.4011 11.4487 14.9177 18.2263 16.3481 15.118 11.0425 20.2513 11.305 9.38121 13.5541 12.8108 10.9082 18.8614 10.1106 9.19642 9.01009 8.72683 8.48599 11.7323 8.3399 9.38272 18.2976 32.1463 8.09697 7.65864
threshold=1.5056241961781456 13.222225000000002 9.4025000000000016 5.8950000000000005 1.0000000180025095e-35 6.5000000000000009 20.500000000000004 1.0000000180025095e-35 -1.0174999999999998 0.69031554602879497 153.00500000000002 10.500000000000002 0.15714285714285794 2.5000000000000004 241.19500000000002 99.52062500000001 9.5000000000000018 158.57500000000002 1.5000000000000002 2.5000000000000004 2.5000000000000004 1.5000000000000002 0.3887500000000001 7.5000000000000009 2.5000000000000004 3.5000000000000004 80.751950000000008 79.413500000000013 20.500000000000004 4.5000000000000009
decision_type=2 2 10 10 2 2 2 2 10 2 8 2 2 2 2 2 2 10 2 2 2 2 2 2 2 2 2 10 2 2
left_child=1 2 19 21 5 -3 7 8 -7 22 -11 13 -13 15 -15 18 17 -16 -12 -1 -21 -2 -9 -24 25 -6 27 28 -27 -4
right_child=3 4 29 -5 24 6 -8 9 -10 10 11 12 -14 14 16 -17 -18 -19 -20 20 -22 -23 23 -25 -26 26 -28 -29 -30 -31
leaf_value=-0.41226643995560314 -0.45375995802024549 -0.12410467069076553 0.27859350076651501 -0.065174789679466161 -0.75955346177503802 0.099361408676941376 -0.20830192468294659 0.60110082884269933 0.67542309460715877 -0.13804063279481829 0.065400963194269982 1.7299432862014787 -0.46878790128375303 -0.21482722731215176 4.8924606189967612 -0.47506794671739827 -0.7783730317424552 -0.43116370509215485 1.0274727274557198 0.69565362512466211 -0.38116706261248606 -0.57540215816328044 -0.33432149263903133 0.87256247379825724 -0.5091068168808317 1.3189012381669032 -1.0115317335940293 -0.20220047605877492 0.33245380124823892 -0.050639135547278648
leaf_weight=44862 6976 51388 9390 5016 522 9174 23978 6330 8246 38580 3029 8526 1287 27203 199 2432 301 157 3032 1568 4449 5504 2658 926 7372 164 248 134 30 6831
leaf_count=44862 6976 51388 9390 5016 522 9174 23978 6330 8246 38580 3029 8526 1287 27203 199 2432 301 157 3032 1568 4449 5504 2658 926 7372 164 248 134 30 6831
internal_value=-0.000717874 -0.000564515 -0.00146736 -0.00302332 -0.000255295 -0.000157999 0.000130178 0.000420769 0.00220436 9.25403e-05 -0.000166806 0.000459298 0.00287802 -0.000193603 -0.000725773 0.0015521 0.00778995 0.0148989 0.00302821 -0.00227941 -7.67839e-05 -0.00401442 0.00230946 -2.34389e-05 -0.0024085 0.00246994 0.00775 0.0170488 0.0326598 0.00107971
internal_weight=280512 263016 67100 17496 195916 187446 136058 112080 17420 94660 84746 46166 9813 36353 27860 8493 657 356 6061 50879 6017 12480 9914 3584 8470 1098 576 328 194 16221
internal_count=280512 263016 67100 17496 195916 187446 136058 112080 17420 94660 84746 46166 9813 36353 27860 8493 657 356 6061 50879 6017 12480 9914 3584 8470 1098 576 328 194 16221
is_linear=0
shrinkage=0.06


Tree=69
num_leaves=31
num_cat=0
split_feature=8 16 13 14 3 3 5 8 0 8 3 10 2 2 1 13 1 13 3 3 15 3 3 13 2 10 2 13 13 14
split_gain=28.5936 21.2498 36.5443 14.0931 14.0601 13.2134 13.162 12.1479 11.6617 8.80142 9.64218 8.73905 8.19413 7.9681 14.5672 13.1731 11.954 10.8039 13.4263 14.6127 16.9776 12.2749 10.7781 14.6482 9.94497 9.30413 7.51911 7.51607 7.45105 10.9155
threshold=1.3445806328081926 13.222225000000002 5.4750000000000005 6.7010000000000014 1.5000000000000002 1.5000000000000002 1.0000000180025095e-35 0.51416522358931038 2.5000000000000004 0.98491328184363613 1.5000000000000002 3.8357142857142867 3.5000000000000004 1.0000000180025095e-35 5.5000000000000009 -1.0174999999999998 19.500000000000004 139.02400000000003 10.500000000000002 6.5000000000000009 241.19500000000002 7.5000000000000009 9.5000000000000018 195.04500000000004 5.5000000000000009 1.0000000180025095e-35 4.5000000000000009 319.22000000000008 195.04500000000004 103.224
decision_type=2 2 10 2 2 2 2 2 2 2 2 2 2 2 2 10 2 8 2 2 2 2 2 10 2 2 2 10 10 2
left_child=1 2 8 9 -2 7 11 -4 -1 10 -3 13 -10 14 -5 -16 27 -15 19 -19 21 -21 23 24 -22 28 -7 -17 29 -20
right_child=4 3 5 6 -6 26 -8 -9 12 -11 -12 -13 -14 17 15 16 -18 18 25 20 22 -23 -24 -25 -26 -27 -28 -29 -30 -31
leaf_value=-0.41810136927151653 0.060607092885040341 2.4288579845060685 3.6527857789201765 -0.24413997647557695 -0.40993998369840179 0.17365076789518921 -0.40872980566334327 1.3753690809204211 0.6737998224390892 0.16391459838003455 0.84635308931681519 -0.46412787515907006 -0.44587764378066536 -0.11869674678457549 0.02976388791379115 0.75041617923750381 -0.086317121097192556 0.096211156676533557 0.49016476024770156 -0.80324551992818705 5.6525923131935247 -0.2305807584131199 -0.73843429151970597 -0.38207071502151441 -0.16066548955704307 -0.51233834559437774 -0.10039881251340364 2.9654945391613818 -0.24140888696849316 2.9924882374451189
leaf_weight=39725 4712 70 26 5918 22696 10721 8038 617 2026 3946 1552 4562 3474 65192 10665 7469 2172 39784 7397 6670 212 16192 331 164 58 1569 7597 32 2286 4639
leaf_count=39725 4712 70 26 5918 22696 10721 8038 617 2026 3946 1552 4562 3474 65192 10665 7469 2172 39784 7397 6670 212 16192 331 164 58 1569 7597 32 2286 4639
internal_value=-0.000711244 -0.000511902 -0.00145509 -0.00019145 -0.0025521 0.000755971 -0.000281758 0.00920995 -0.00238209 0.00278233 0.00650308 -0.000172905 0.000207271 -0.000103662 0.00085786 0.00162022 0.00322361 -0.00027838 0.000192024 -0.0001988 -0.00138071 -0.00167492 0.00741176 0.0136313 0.0222222 0.00175156 0.000459219 0.00435862 0.00223209 0.00282851
internal_weight=280512 253104 64186 188918 27408 18961 183350 643 45225 5568 1622 175312 5500 170750 26256 20338 9673 144494 79302 63411 23627 22862 765 434 270 15891 18318 7501 14322 12036
internal_count=280512 253104 64186 188918 27408 18961 183350 643 45225 5568 1622 175312 5500 170750 26256 20338 9673 144494 79302 63411 23627 22862 765 434 270 15891 18318 7501 14322 12036
is_linear=0
shrinkage=0.06


Tree=70
num_leaves=31
num_cat=0
split_feature=7 16 10 3 3 2 3 14 15 14 3 10 12 10 10 3 2 3 0 16 3 7 3 3 15 16 7 1 12 2
split_gain=26.5138 19.4347 16.2132 13.7702 36.3963 12.6655 12.3924 15.8471 10.7542 12.5218 10.5333 12.6623 10.2808 10.0995 10.4812 13.5437 10.3717 10.012 9.93879 9.40023 9.07785 8.76319 10.5215 13.3854 22.495 23.8729 16.1646 11.211 10.9945 9.43759
threshold=1.5056241961781456 1.7202500000000003 4.5392857142857173 6.5000000000000009 7.5000000000000009 2.5000000000000004 10.500000000000002 2.0310000000000001 438.46500000000009 323.90250000000009 11.500000000000002 -6.924999999999998 0.0037500000000000003 0.050000000000001162 -1.0000000180025095e-35 11.500000000000002 4.5000000000000009 8.5000000000000018 1.5000000000000002 24.94575 9.5000000000000018 0.89875578150459623 4.5000000000000009 5.5000000000000009 18.275000000000002 9.5154750000000003 0.50481221658224584 13.500000000000002 0.42125000000000007 4.5000000000000009
decision_type=2 2 2 2 2 2 2 2 2 2 2 2 2 2 2 2 2 2 2 2 2 2 2 2 2 2 2 2 2 2
left_child=1 -1 3 21 -5 8 19 13 12 20 11 -9 -6 14 -8 16 -16 -14 -2 -7 -10 22 28 24 25 -24 -27 -28 -3 -26
right_child=18 2 -4 4 5 6 7 10 9 -11 -12 -13 17 -15 15 -17 -18 -19 -20 -21 -22 -23 23 -25 29 26 27 -29 -30 -31
leaf_value=-0.37354928065942916 -0.34604876827156344 0.12321552364778549 -0.45851337692416771 -0.34143409010425446 -0.037325814530797655 -0.35033701343538409 0.34786773837258333 2.6821568349112783 5.8880110006261157 3.6119904227870929 -0.25228850435972072 0.26964853587310283 1.2384761136825246 -0.39562001320773038 1.2886895210034344 0.035443642614119746 3.6399871871979443 0.13612040705891362 -0.33171374140268239 -0.088283305810750293 -1.3116391238279357 -0.028917282833842903 0.42837850885285078 0.074427696210724759 -0.014052488330518113 1.627189454214526 0.54171243281421022 1.5835270269105877 -0.57257537073039932 0.58485962889426213
leaf_weight=12102 8748 16072 6544 21378 34752 21528 244 192 100 248 11500 10352 2638 172 96 144 122 6192 8748 12862 316 93698 620 4494 1986 194 346 258 3094 772
leaf_count=12102 8748 16072 6544 21378 34752 21528 244 192 100 248 11500 10352 2638 172 96 144 122 6192 8748 12862 316 93698 620 4494 1986 194 346 258 3094 772
internal_value=-0.00070333 -0.00055288 -0.00043961 -0.000360684 -0.000808689 -0.000334603 -0.000924143 0.000159844 0.000427698 0.00800602 -0.000137182 0.00123255 0.000312238 0.00857583 0.0122178 0.0186961 0.0281284 0.00214043 -0.00296502 -0.0016435 0.00164423 9.21209e-05 0.00102687 0.00276124 0.0052069 0.0113484 0.0182105 0.0133709 0.000242303 0.00204931
internal_weight=280512 263016 250914 244370 122836 101458 57212 22822 44246 664 22044 10544 43582 778 606 362 218 8830 17496 34390 416 121534 27836 8670 4176 1418 798 604 19166 2758
internal_count=280512 263016 250914 244370 122836 101458 57212 22822 44246 664 22044 10544 43582 778 606 362 218 8830 17496 34390 416 121534 27836 8670 4176 1418 798 604 19166 2758
is_linear=0
shrinkage=0.06


Tree=71
num_leaves=31
num_cat=0
split_feature=10 16 3 5 3 3 3 16 0 10 13 13 13 7 3 13 13 12 2 15 3 13 7 10 13 2 16 2 2 0
split_gain=25.3141 18.5984 15.8769 16.2525 14.7208 20.5418 19.6465 18.5937 14.2584 14.0916 20.6427 13.2079 11.6634 11.4492 10.7456 11.5989 10.4962 10.1859 10.1444 10.3147 12.2025 14.421 9.62598 9.55207 9.1113 11.048 9.66656 9.21532 8.75445 8.72379
threshold=2.514285714285716 1.7202500000000003 1.5000000000000002 1.0000000180025095e-35 10.500000000000002 6.5000000000000009 7.5000000000000009 24.264750000000003 2.5000000000000004 -1.0571428571428565 55.212500000000013 18.124000000000006 9.0850000000000026 1.1318431553460231 11.500000000000002 101.90150000000001 6.6110000000000015 0.0087500000000000026 1.0000000180025095e-35 241.19500000000002 9.5000000000000018 45.233500000000006 0.97712881300507115 0.64285714285714279 9.7410000000000014 5.5000000000000009 5.3397500000000013 4.5000000000000009 5.5000000000000009 2.5000000000000004
decision_type=2 2 2 2 2 2 2 2 2 2 10 10 10 2 2 8 10 2 2 2 2 10 2 2 10 2 2 2 2 2
left_child=1 12 9 4 5 13 -7 8 11 10 24 17 -1 -4 15 22 -2 -8 -9 -20 21 28 -6 -17 -3 26 27 -26 -21 -15
right_child=16 2 3 -5 14 6 7 18 -10 -11 -12 -13 -14 29 -16 23 -18 -19 19 20 -22 -23 -24 -25 25 -27 -28 -29 -30 -31
leaf_value=-0.42499371938834285 -0.41844524968620567 0.51928683173643631 0.032055719491163905 -0.45305600728374645 0.45609173219334337 -0.32139108056689636 -0.45369611882455713 0.7997552043637719 0.26235002809177654 0.057024658425787828 -0.11609059075053448 0.078265481722595606 0.08695754779923362 -0.40860319793993433 -0.068139522901968549 1.3504325477984929 -0.11449800469514199 -0.11704055713906389 -0.11496559779743197 6.1452458070060088 -0.61716100647155736 0.80227087420883125 -0.24155407199638601 -0.56332343495710946 4.2821727684717645 1.5453300705291735 0.45769114932931992 1.4796444185754674 -0.061266669316491246 0.12267059734341496
leaf_weight=9879 17327 2683 80832 9046 1890 20450 18674 4520 6086 15540 1780 4539 2163 9390 17740 10909 8365 5767 21372 220 528 226 5077 1058 58 102 250 35 56 3950
leaf_count=9879 17327 2683 80832 9046 1890 20450 18674 4520 6086 15540 1780 4539 2163 9390 17740 10909 8365 5767 21372 220 528 226 5077 1058 58 102 250 35 56 3950
internal_value=-0.000685576 -0.000504593 -0.000390432 -0.000537581 -0.000431933 -0.000659081 -0.00135069 -0.000818676 -0.0017292 0.00120951 0.00401222 -0.00228365 -0.00280618 -5.36479e-05 0.000661939 0.00165607 -0.00248062 -0.00283565 0.000367282 -0.00015588 0.00570874 0.0124064 -0.000290227 0.00278917 0.00694757 0.0148989 0.00974344 0.0262581 0.0216087 -0.00168216
internal_weight=280512 254820 242778 222330 213284 176610 82438 61988 35066 20448 4908 28980 12042 94172 36674 18934 25692 24441 26922 22402 1030 502 6967 11967 3128 445 343 93 276 13340
internal_count=280512 254820 242778 222330 213284 176610 82438 61988 35066 20448 4908 28980 12042 94172 36674 18934 25692 24441 26922 22402 1030 502 6967 11967 3128 445 343 93 276 13340
is_linear=0
shrinkage=0.06


Tree=72
num_leaves=31
num_cat=0
split_feature=8 0 7 13 10 10 16 13 13 12 6 14 12 8 15 10 0 16 13 16 7 16 12 10 5 13 2 14 13 12
split_gain=26.6114 16.4892 18.9201 11.8791 11.8106 9.54037 12.0207 17.8288 8.14209 7.53836 9.02056 9.86507 7.24094 9.43501 7.09947 7.03763 6.26988 6.0431 5.82383 9.04615 6.77289 5.53505 5.4879 6.46006 5.43681 7.66902 11.5397 6.40785 8.09961 5.30259
threshold=1.201342073901374 2.5000000000000004 1.142152666243035 5.4750000000000005 -2.2428571428571407 -0.59999999999999931 7.6190000000000007 5.0825000000000005 5.2710000000000008 0.083750000000000019 0.89373536984630297 2.5990000000000006 0.73875000000000013 0.85060414503219917 18.962500000000002 -8.1821428571428552 1.5000000000000002 2.8590500000000003 18.431500000000003 6.4280000000000008 1.1981436428699133 26.046250000000004 1.1787500000000002 2.4285714285714306 1.0000000180025095e-35 27.774000000000004 1.0000000180025095e-35 3.6815000000000002 20.015000000000004 0.24875000000000003
decision_type=2 2 2 10 2 2 2 10 10 2 2 2 2 2 2 2 2 2 10 2 2 2 2 2 2 8 2 2 10 2
left_child=1 2 5 16 9 -1 7 -7 -6 10 -2 18 13 17 -10 -13 -4 -3 -12 20 -20 -11 -5 -24 25 26 29 28 -26 -8
right_child=4 12 3 22 8 6 24 -9 14 21 11 15 -14 -15 -16 -17 -18 -19 19 -21 -22 -23 23 -25 27 -27 -28 -29 -30 -31
leaf_value=0.1051367750174006 -0.18329781056702135 1.0155221672074013 -0.38444069091188987 -0.092881690802381608 -0.4146735513959719 -0.44144103047832683 0.05718011921718899 0.056099355795596287 0.068692554253835234 -0.4055715621160732 0.68188693014987067 1.3985978880339125 -0.3086745974056922 0.049609872181848917 -0.32116823317447629 0.087426817605593427 -0.3963586433183135 0.36055350053030449 1.0201655363413373 -0.13698117707399626 1.8146765654850792 0.060927008449780308 0.9821989393788948 -0.44587920703879896 0.032627174611590919 -0.019565241498014529 -0.21537863517708691 -0.43198151898267351 0.77697832691657509 0.90116972515787785
leaf_weight=22476 2432 266 10336 5948 20923 15731 3701 6405 3857 2396 316 160 4778 44096 7066 2344 4030 10630 28 30 50 1830 320 180 181 88048 16649 4796 53 456
leaf_count=22476 2432 266 10336 5948 20923 15731 3701 6405 3857 2396 316 160 4778 44096 7066 2344 4030 10630 28 30 50 1830 320 180 181 88048 16649 4796 53 456
internal_value=-0.000671673 -0.000428394 -0.00071608 -0.00241684 -0.0020755 -0.000492733 -0.00068196 -0.00196133 -0.00263129 -0.000229086 0.00126492 0.0035082 0.000434665 0.000629326 -0.00130349 0.00207508 -0.00337714 0.00221035 0.0119717 0.024 0.0347692 -0.002124 -0.000277297 0.00576 -0.000433284 -0.000344169 -0.00138018 -0.00236183 0.00733333 0.00144768
internal_weight=280512 239080 179310 20814 41432 158496 136020 22136 31846 9586 5360 2928 59770 54992 10923 2504 14366 10896 424 108 78 4226 6448 500 113884 108854 20806 5030 234 4157
internal_count=280512 239080 179310 20814 41432 158496 136020 22136 31846 9586 5360 2928 59770 54992 10923 2504 14366 10896 424 108 78 4226 6448 500 113884 108854 20806 5030 234 4157
is_linear=0
shrinkage=0.06


Tree=73
num_leaves=31
num_cat=0
split_feature=8 0 13 16 14 10 3 10 1 2 14 6 13 15 2 3 15 2 8 3 14 3 15 14 14 13 2 13 3 6
split_gain=26.0972 18.2744 18.9079 29.7225 13.863 12.9399 10.756 17.6268 10.4023 10.0588 9.34703 10.115 9.67164 8.7092 8.63991 7.74696 14.5846 8.68085 15.7636 7.42232 15.0395 14.9988 10.7334 11.8788 7.76164 7.39952 8.34963 9.4027 7.3158 8.3194
threshold=1.6527216394676747 2.5000000000000004 5.4750000000000005 15.494 7.2215000000000007 3.2285714285714304 2.5000000000000004 1.0000000180025095e-35 16.500000000000004 4.5000000000000009 3.6815000000000002 0.83720496759623242 -1.0174999999999998 22.055000000000003 1.0000000180025095e-35 1.5000000000000002 4.4810000000000008 4.5000000000000009 0.64405684401541718 10.500000000000002 97.384000000000015 6.5000000000000009 3.0725000000000002 142.54750000000004 29.782500000000002 64.680000000000021 5.5000000000000009 28.562500000000004 10.500000000000002 1.0008124909445437
decision_type=2 2 10 2 2 2 2 2 2 2 2 2 10 2 2 2 2 2 2 2 2 2 2 2 2 10 2 10 2 2
left_child=1 2 3 6 15 19 7 10 9 -3 11 -1 -13 -6 -15 16 17 18 -4 21 -21 24 23 -22 -5 26 -16 -28 -8 -30
right_child=-2 8 4 5 13 -7 28 -9 -10 -11 -12 12 -14 14 25 -17 -18 -19 -20 20 22 -23 -24 -25 -26 -27 27 -29 29 -31
leaf_value=0.41038960222032428 -0.43676572209541764 0.069630618516301743 3.4373061674908136 0.21673614714306413 0.056842408379205414 -0.56944252843440291 -0.39095049284680605 -0.33242852718124011 0.30772467284708205 -0.2919219175357583 -0.020324647278263622 0.75331666547315645 -0.5241747397055676 0.18322711630064042 -0.33450763414682638 0.1216212062586996 0.61862911060021042 1.5486634461130626 -0.24785050506884243 -0.10821668284379256 5.7712440860484948 -0.41274004902890254 2.3884228617896919 -0.81456057412113458 -0.068318012416395485 -0.032829149841193915 -0.27448608342744746 0.2252071933930167 0.28368596956564146 -0.18208033200453447
leaf_weight=285 8032 34454 30 9327 19179 4237 38943 2507 19836 13830 417 392 60 6541 20014 13860 742 78 80 8569 88 21085 3848 44 29253 15682 1492 2115 2787 2705
leaf_count=285 8032 34454 30 9327 19179 4237 38943 2507 19836 13830 417 392 60 6541 20014 13860 742 78 80 8569 88 21085 3848 44 29253 15682 1492 2115 2787 2705
internal_value=-0.000657128 -0.000557767 -0.000841458 -0.00130346 -0.000120508 -0.000568287 -0.00247206 0.000653918 0.000293305 -0.000181925 0.00679029 0.0108521 0.0164336 -0.000497641 -0.000946777 0.00153752 0.00683871 0.021766 0.0109091 -0.000379208 0.000947166 -0.000658176 0.00399497 0.0208182 4.50997e-05 -0.0012828 -0.0019536 0.00070363 -0.00272961 -0.000679535
internal_weight=280512 272480 204360 124547 79813 76451 48096 3661 68120 48284 1154 737 452 65023 45844 14790 930 188 110 72214 12549 59665 3980 132 38580 39303 23621 3607 44435 5492
internal_count=280512 272480 204360 124547 79813 76451 48096 3661 68120 48284 1154 737 452 65023 45844 14790 930 188 110 72214 12549 59665 3980 132 38580 39303 23621 3607 44435 5492
is_linear=0
shrinkage=0.06


Tree=74
num_leaves=31
num_cat=0
split_feature=8 7 0 1 1 2 3 3 7 3 14 1 7 8 13 1 10 7 2 14 5 13 7 2 6 14 1 3 3 2
split_gain=24.7631 15.4937 13.0476 12.9658 15.4401 16.2381 14.1386 11.6995 10.1105 14.1251 18.6821 9.73983 9.53118 9.48091 8.69824 8.65811 8.42084 13.5258 8.22633 9.49391 7.97303 7.88811 7.83532 7.81074 7.5921 7.76835 7.46508 9.89505 13.0319 7.46281
threshold=1.3445806328081926 1.5889079948413258 2.5000000000000004 6.5000000000000009 19.500000000000004 2.5000000000000004 2.5000000000000004 2.5000000000000004 0.99827436264285618 1.5000000000000002 2.1735000000000002 16.500000000000004 0.79571113420719042 0.90999358860898105 1.7645000000000002 17.500000000000004 -0.39285714285714141 1.4178258821497176 1.0000000180025095e-35 172.78350000000003 1.0000000180025095e-35 3.0710000000000002 1.0090088923758584 1.5000000000000002 0.95218797325396543 68.546500000000023 9.5000000000000018 8.5000000000000018 1.5000000000000002 1.5000000000000002
decision_type=2 2 2 2 2 2 2 2 2 2 2 2 2 2 10 2 2 2 2 2 2 10 2 2 2 2 2 2 2 2
left_child=1 2 3 14 5 8 16 23 9 10 -5 -8 -13 -12 22 26 17 24 20 -20 -10 -9 -1 -2 -7 -26 -4 28 -28 -15
right_child=7 -3 15 4 -6 6 11 21 18 -11 13 12 -14 29 -16 -17 -18 -19 19 -21 -22 -23 -24 -25 25 -27 27 -29 -30 -31
leaf_value=-0.25610115415311296 -0.54762789730565831 -0.31197643563708166 0.10979116137018613 5.8999039097987307 -0.22550916143335098 0.17599559790140071 -0.21427458862526599 -0.47786178734426116 0.33617796212742129 0.34744899029809351 2.3205031025348823 0.70727597366303352 -0.016295261528654237 -0.31403532071408358 -0.060413303514033241 0.35451296026693457 0.1205270067607493 1.8877869297744221 -0.10650704564321301 2.0348459535103132 -1.175890323185359 -0.15239924423944215 -0.54016615028653459 0.10089862549713539 1.9605930225427957 0.25218405747547518 0.87308322004343308 0.24229290135640213 -0.43205593346122517 1.5321428164039474
leaf_weight=25804 1304 8384 25956 38 31140 946 35916 12986 9810 10230 352 1494 9432 352 23885 15466 7172 32 19902 1062 510 7590 4977 5528 136 180 1524 6470 11764 170
leaf_count=25804 1304 8384 25956 38 31140 946 35916 12986 9810 10230 352 1494 9432 352 23885 15466 7172 32 19902 1062 510 7590 4977 5528 136 180 1524 6470 11764 170
internal_value=-0.000650712 -0.000465202 -0.000378311 -0.000631253 -0.000302809 6.78972e-05 -0.000609461 -0.00236384 0.000950925 0.00250296 0.00965789 -0.00101729 0.000551344 0.00786728 -0.00140556 0.000380515 0.00164706 0.00610201 0.000398157 -0.000284489 0.00178488 -0.00307815 -0.00207225 -0.000212531 0.0051252 0.0131772 -3.46516e-05 -0.000913454 -0.00185039 0.00273563
internal_weight=280512 253104 244720 183540 128874 97734 55308 27408 42426 11142 912 46842 10926 874 54666 61180 8466 1294 31284 20964 10320 20576 30781 6832 1262 316 45714 19758 13288 522
internal_count=280512 253104 244720 183540 128874 97734 55308 27408 42426 11142 912 46842 10926 874 54666 61180 8466 1294 31284 20964 10320 20576 30781 6832 1262 316 45714 19758 13288 522
is_linear=0
shrinkage=0.06


Tree=75
num_leaves=31
num_cat=0
split_feature=8 16 13 3 14 5 3 8 2 13 7 1 15 2 1 8 15 14 10 3 7 10 14 1 1 2 13 7 1 13
split_gain=24.2287 15.1151 29.6651 12.5985 11.6015 10.8947 10.0586 12.7504 8.33137 8.28058 7.96682 7.18988 10.0349 14.6673 8.71786 8.33659 7.94962 7.40513 6.85599 6.54103 10.4914 6.71657 7.73972 6.37379 7.72518 13.2423 9.97068 9.59537 8.36218 6.92052
threshold=1.3278046480284269 13.222225000000002 5.4750000000000005 2.5000000000000004 6.7010000000000014 1.0000000180025095e-35 1.5000000000000002 0.51416522358931038 1.5000000000000002 2.7310000000000003 0.9037474261243561 7.5000000000000009 2.4290000000000007 3.5000000000000004 19.500000000000004 1.4328771219481407 1.7510000000000001 90.753500000000017 3.8357142857142867 10.500000000000002 1.0436171106523322 0.050000000000001162 2.5990000000000006 22.500000000000004 6.5000000000000009 1.0000000180025095e-35 -0.15899999999999997 0.66996521181519675 10.500000000000002 153.00500000000002
decision_type=2 2 10 2 2 2 2 2 2 10 2 2 2 2 2 2 2 2 2 2 2 2 2 2 2 2 10 2 2 8
left_child=1 2 19 8 10 18 7 -4 -2 -5 -3 -10 13 -13 15 -14 17 -15 23 -1 21 22 -21 24 -6 26 -26 -27 -28 -29
right_child=3 4 6 9 5 -7 -8 -9 11 -11 -12 12 14 16 -16 -17 -18 -19 -20 20 -22 -23 -24 -25 25 27 28 29 -30 -31
leaf_value=-0.33226764957066207 -0.50537294139146816 0.82461356292195076 3.2556328000052113 -0.46579811300972873 -0.087598658939212329 -0.34743910937143385 0.053118604216011403 0.97688457949888541 -0.21106057354036381 -0.14277672891147414 0.15308650852864844 -1.0080862600109151 0.87333330121956954 0.42104553395923927 -0.55498044908690047 0.13622861906057657 1.7054513142754746 1.3936869798989575 -0.36991381421483643 1.156333590998998 -0.19520156845104053 -0.43192571326532697 0.25391224450236366 -0.26446828078573775 0.069960333267796312 0.35203915201487163 1.2699196831990587 -0.10621065138430445 0.33448503320110362 0.066197183811978672
leaf_weight=40260 1360 1410 26 13532 46776 8022 18184 597 1768 8308 4132 108 844 130 882 1994 72 26 4488 594 2109 609 1267 6856 9659 8208 2262 40859 6187 48983
leaf_count=40260 1360 1410 26 13532 46776 8022 18184 597 1768 8308 4132 108 844 130 882 1994 72 26 4488 594 2109 609 1267 6856 9659 8208 2262 40859 6187 48983
internal_value=-0.000633386 -0.000443951 -0.00124306 -0.00227481 -0.00017319 -0.000255405 0.000757057 0.00825361 -9.5213e-05 -0.00299176 0.00253121 0.000892169 0.00228402 0.0122143 0.0013871 0.00300634 0.0208421 0.0132308 -0.00015589 -0.00208198 6.68254e-05 0.00272065 0.00451048 -9.47067e-05 -1.92976e-05 0.000242875 0.0017336 -3.24339e-05 0.00323896 -0.00021184
internal_weight=280512 251488 63646 29024 187842 182300 18807 623 7184 21840 5542 5824 4056 336 3720 2838 228 156 174278 44839 4579 2470 1861 169790 162934 116158 18108 98050 8449 89842
internal_count=280512 251488 63646 29024 187842 182300 18807 623 7184 21840 5542 5824 4056 336 3720 2838 228 156 174278 44839 4579 2470 1861 169790 162934 116158 18108 98050 8449 89842
is_linear=0
shrinkage=0.06


Tree=76
num_leaves=31
num_cat=0
split_feature=8 7 13 3 14 5 8 10 13 2 1 8 2 0 3 3 10 14 7 1 13 10 3 8 3 13 7 13 3 16
split_gain=23.6616 17.5012 14.4937 13.1277 15.567 14.7936 14.2906 9.24572 14.5765 9.19783 10.4855 8.92271 10.9919 8.71513 8.51646 25.6727 13.2702 9.75169 9.86156 9.0083 8.13662 7.4002 7.2387 13.9107 45.7575 18.5006 12.1216 10.3179 9.90929 10.2256
threshold=1.637513935814314 1.6327050688293541 1.7645000000000002 1.5000000000000002 21.115000000000006 1.0000000180025095e-35 1.201342073901374 -0.12142857142856743 67.965000000000018 2.5000000000000004 4.5000000000000009 0.50947370553930582 5.5000000000000009 1.5000000000000002 7.5000000000000009 6.5000000000000009 6.7964285714285717 61.513500000000008 0.83483115601963975 19.500000000000004 42.342500000000008 1.0714285714285701 5.5000000000000009 0.67077781987537155 4.5000000000000009 44.045000000000009 0.56662582172810472 13.905000000000003 10.500000000000002 40.579500000000003
decision_type=2 2 8 2 2 2 2 2 10 2 2 2 2 2 2 2 2 2 2 2 8 2 2 2 2 10 2 10 2 2
left_child=1 2 -1 4 11 6 9 8 -6 10 -5 12 -4 -3 15 17 19 18 -12 -16 -7 -20 23 24 -11 26 -26 -28 29 -24
right_child=-2 13 3 5 7 20 -8 -9 -10 22 14 -13 -14 -15 16 -17 -18 -19 21 -21 -22 -23 28 -25 25 -27 27 -29 -30 -31
leaf_value=-0.27997650438504373 -0.36508937145684317 -0.27788763079818346 2.76839251971876 -0.14162930042231717 0.45753345914762517 0.019017187844330596 -0.25074051083076554 -0.072376165610310503 -0.15434573035235472 -0.079021588977092647 0.74204475251876811 0.52455493100734107 -1.681177302745086 -0.26292882443260629 0.46731160656468601 -0.40309510609209026 4.0608088672567506 -0.10586575298974017 0.19139627819455987 -0.17873691225819463 -0.67858483403166203 -0.47814425881331785 -0.21675539879501513 -0.059339911750454513 1.4099040336470274 0.14444151734444086 1.0803974812642325 1.6502563132769017 0.067098629316651559 0.017992745043531846
leaf_weight=11397 8552 4660 60 18168 2215 2522 22557 13513 1573 4581 3161 3945 31 4660 24169 6930 76 12374 13708 6608 6655 1636 38653 34551 280 536 660 111 18332 13638
leaf_count=11397 8552 4660 60 18168 2215 2522 22557 13513 1573 4581 3161 3945 31 4660 24169 6930 76 12374 13708 6608 6655 1636 38653 34551 280 536 660 111 18332 13638
internal_value=-0.000626328 -0.000528609 -0.000437939 -0.000343008 0.00108066 -0.000475135 -0.000376998 0.0002979 0.00291763 -0.000214118 0.000248761 0.00443607 0.023011 -0.00308369 0.000587922 -1.5712e-05 0.00132765 0.000724957 0.00159686 0.00126581 -0.00283557 0.000968195 -0.000575094 6.20335e-05 0.00268677 0.0114669 0.0160932 0.0122101 -0.000942442 -0.00136326
internal_weight=280512 271960 262640 251243 21337 229906 220729 17301 3788 198172 86830 4036 91 9320 68662 37809 30853 30879 18505 30777 9177 15344 111342 40719 6168 1587 1051 771 70623 52291
internal_count=280512 271960 262640 251243 21337 229906 220729 17301 3788 198172 86830 4036 91 9320 68662 37809 30853 30879 18505 30777 9177 15344 111342 40719 6168 1587 1051 771 70623 52291
is_linear=0
shrinkage=0.06


Tree=77
num_leaves=31
num_cat=0
split_feature=8 7 15 3 0 1 1 5 3 10 13 14 4 8 14 16 0 13 13 14 10 7 10 3 7 3 15 14 10 15
split_gain=21.5013 17.0981 14.5829 14.3735 12.9088 12.3184 18.5917 12.1335 9.76388 15.2738 13.0402 12.2974 13.5524 16.1311 8.63289 8.04076 7.66152 7.54839 7.53345 12.6897 7.10353 6.86093 6.44732 6.83656 12.5018 9.80532 9.9036 7.91909 10.1959 7.7219
threshold=1.6910216035344157 1.6209237739169617 0.82150000000000001 10.500000000000002 2.5000000000000004 6.5000000000000009 19.500000000000004 1.0000000180025095e-35 1.5000000000000002 -1.0571428571428565 73.865000000000023 78.042500000000018 1.0000000180025095e-35 0.59985568132491041 12.185 1.5005000000000002 1.5000000000000002 35.301500000000004 9.9940000000000015 2.4340000000000006 3.9928571428571438 0.64735137188752534 1.9428571428571459 4.5000000000000009 0.4577888907282075 5.5000000000000009 72.535000000000011 29.782500000000002 -1.0000000180025095e-35 45.891000000000012
decision_type=2 2 2 2 2 2 2 2 2 2 10 2 2 2 2 2 2 10 10 2 2 2 2 2 2 2 2 2 2 2
left_child=1 2 3 15 5 22 7 8 9 10 18 12 13 14 -11 -1 -3 -6 -7 -20 -10 -15 23 27 25 26 -25 28 -4 -30
right_child=-2 16 4 -5 17 6 -8 -9 20 11 -12 -13 -14 21 -16 -17 -18 -19 19 -21 -22 -23 -24 24 -26 -27 -28 -29 29 -31
leaf_value=-0.43916254144082256 -0.40409991149622809 -0.25430650649547598 -0.25554139372839285 0.31145245643613262 0.18120810042881103 0.92118174563570177 -0.21780336891415197 -0.38253422199852816 0.035527493360701198 2.7933502935342274 0.020292690631836821 -0.51772153857791048 -0.2869834278864215 2.7035074118762186 3.585210902563126 -0.20433972167606265 -0.2610204644014823 -0.082409001356976083 3.7026994503055768 1.4947007385222535 -0.27981290133480691 1.0942609875524132 -0.35245259367732096 1.0661838350403219 -0.23384031856653426 0.35027037452592147 -0.41082124290537425 -0.12442523123564889 0.46190288713183097 0.032346277518576778
leaf_weight=4784 6432 5080 2176 2064 40996 1035 31382 4054 83316 36 681 2670 1200 58 40 12226 5080 20978 36 138 3612 2498 5856 136 29826 596 46 9474 2412 1594
leaf_count=4784 6432 5080 2176 2064 40996 1035 31382 4054 83316 36 681 2670 1200 58 40 12226 5080 20978 36 138 3612 2498 5856 136 29826 596 46 9474 2412 1594
internal_value=-0.000611997 -0.000531525 -0.000438543 -0.00203649 -0.00031406 -0.000567677 -0.000256785 0.000145268 0.000281996 0.00223641 0.00698413 0.00085635 0.00303445 0.00544377 0.0326842 -0.00261023 -0.00294685 0.00043431 0.0107246 0.0222759 9.33172e-05 0.0046338 -0.00134769 -0.00111025 -0.00163194 0.00587661 0.0180659 -9.0446e-05 0.00158007 0.00337593
internal_weight=280512 274080 263920 19074 244846 182872 130756 99374 95320 8392 1890 6502 3832 2632 76 17010 10160 61974 1209 174 86928 2556 52116 46260 30604 778 182 15656 6182 4006
internal_count=280512 274080 263920 19074 244846 182872 130756 99374 95320 8392 1890 6502 3832 2632 76 17010 10160 61974 1209 174 86928 2556 52116 46260 30604 778 182 15656 6182 4006
is_linear=0
shrinkage=0.06


Tree=78
num_leaves=31
num_cat=0
split_feature=8 16 13 14 3 0 5 13 6 3 8 12 5 3 14 7 13 2 0 6 7 13 2 8 3 2 13 0 14 2
split_gain=20.5892 13.4472 28.3616 10.0432 8.95886 8.92036 8.48623 8.02025 7.11454 7.01028 12.2495 6.60802 6.37788 6.1899 6.59653 8.2246 13.2249 17.4946 6.33112 10.784 6.04479 6.00726 5.77181 12.8798 8.78174 18.8151 35.8802 8.0245 6.01571 5.67629
threshold=1.3445806328081926 13.222225000000002 4.9810000000000008 6.7010000000000014 1.5000000000000002 2.5000000000000004 1.0000000180025095e-35 2.7310000000000003 0.90019341435710032 1.5000000000000002 0.51416522358931038 0.30125000000000007 1.0000000180025095e-35 10.500000000000002 48.07500000000001 1.1527487844419155 84.145000000000024 4.5000000000000009 1.5000000000000002 1.6903669998429576 1.6688301940887422 12.041500000000001 4.5000000000000009 0.71771253038323135 2.5000000000000004 5.5000000000000009 inf 1.5000000000000002 23.971500000000002 4.5000000000000009
decision_type=2 2 10 2 2 2 2 10 2 2 2 2 2 2 2 2 10 2 2 2 2 10 2 2 2 2 8 2 2 2
left_child=1 2 5 8 12 -1 20 -6 -3 10 -4 -7 -2 -9 15 -15 18 -18 19 -17 -5 -21 -8 27 25 26 -25 28 -24 -11
right_child=4 3 9 6 7 11 22 13 -10 29 -12 -13 -14 14 -16 16 17 -19 -20 21 -22 -23 23 24 -26 -27 -28 -29 -30 -31
leaf_value=-0.28222565288438262 0.11309024856387667 0.92125528315386529 2.7265902632097192 -0.019371098805889247 -0.38581165257233818 0.26957440016108797 -0.51106856709337356 -0.209740157335574 0.1615867625130917 0.15613841326074326 0.67246398261384732 -0.68061851789315586 -1.9280999400087218 -0.090023958651229252 -0.33910995746745209 0.037839892613965496 2.0659080578645765 -2.243390480165298 -0.47673429084130237 0.17851279497473288 -0.40307855057258501 0.65656089516162075 1.3035876148809356 -0.14217400575630365 -0.30342563715522564 -2.0649293378561548 1.1264482152102417 0.67690005566858336 2.6523943477540959 -0.065591283472191175
leaf_weight=38984 4184 1358 26 171996 13839 4103 5010 6118 4210 11173 655 1342 528 829 1085 280 65 35 261 118 3316 66 26 96 2438 192 96 126 54 7903
leaf_count=38984 4184 1358 26 171996 13839 4103 5010 6118 4210 11173 655 1342 528 829 1085 280 65 35 261 118 3316 66 26 96 2438 192 96 126 54 7903
internal_value=-0.000604724 -0.000435569 -0.00118587 -0.000180651 -0.00216681 -0.00202692 -0.000256887 -0.00266109 0.00232974 0.00070547 0.00668722 0.000247932 0.00021392 -0.00125122 0.00111939 0.00350423 0.00774545 0.0282 0.00492414 0.00912931 -0.000169482 0.020413 -0.00216323 -9.51137e-05 -0.00115238 0.00728125 0.0205625 0.0143883 0.02925 0.000491926
internal_weight=280512 253104 64186 188918 27408 44429 183350 22696 5568 19757 681 5445 4712 8857 2739 1654 825 100 725 464 175312 184 8038 3028 2822 384 192 206 80 19076
internal_count=280512 253104 64186 188918 27408 44429 183350 22696 5568 19757 681 5445 4712 8857 2739 1654 825 100 725 464 175312 184 8038 3028 2822 384 192 206 80 19076
is_linear=0
shrinkage=0.06


Tree=79
num_leaves=31
num_cat=0
split_feature=10 13 5 3 3 3 16 13 13 16 6 13 7 0 12 2 10 16 2 2 16 15 3 13 16 2 16 7 7 0
split_gain=19.9271 11.7255 10.868 10.9904 23.6782 18.4103 16.7935 10.8459 10.4083 16.4127 8.87928 8.53218 7.51564 7.49477 8.07424 8.7694 7.27333 7.19353 7.09306 6.64442 8.01275 7.61445 9.65396 11.953 8.35908 7.12495 6.56409 6.85342 8.92075 6.45239
threshold=1.4642857142857173 1.5940000000000001 1.0000000180025095e-35 10.500000000000002 6.5000000000000009 7.5000000000000009 24.94575 18.431500000000003 15.074000000000002 18.114250000000002 0.60961989695922447 4.8110000000000008 1.6006103422297142 2.5000000000000004 0.018750000000000006 3.5000000000000004 -1.349999999999999 29.041775000000001 1.0000000180025095e-35 1.0000000180025095e-35 40.579500000000003 241.19500000000002 9.5000000000000018 45.233500000000006 31.981249999999999 5.5000000000000009 4.721750000000001 1.5556117355991737 1.2202570101630845 1.5000000000000002
decision_type=2 8 2 2 2 2 2 10 10 2 2 10 2 2 2 2 2 2 2 2 2 2 2 10 2 2 2 2 2 2
left_child=1 18 3 4 12 -6 7 13 -5 -10 -2 29 -3 14 -7 26 -11 -13 -1 20 -8 -21 23 25 -24 -23 27 28 -16 -12
right_child=10 2 -4 8 5 6 19 -9 9 16 11 17 -14 -15 15 -17 -18 -19 -20 21 -22 22 24 -25 -26 -27 -28 -29 -30 -31
leaf_value=0.025635360240635521 0.04622546172150286 0.039525368000674917 -0.29909506935559432 0.47557556656256278 -0.27070924418540099 -0.32385424316592876 1.2748169064084682 0.096658250200377147 0.6817447614455372 0.46884979504025337 -0.30939994661490394 0.053099909793593005 -0.39542140818610533 0.031870786958832137 1.5612325691159576 -0.23222868188701637 -0.33486248059819268 -0.36801255890117529 -0.27307197157524732 -0.034249782739117524 0.30015661257042869 5.7367701761977932 6.5876929073566775 0.67115875273089787 -1.244952237019997 -0.054523322647997238 0.26436946208084139 -0.23152556014774808 3.2623065031403615 -0.3516086129671871
leaf_weight=2719 6634 104141 9747 20021 19300 18964 1191 6154 2040 1454 13174 6123 2748 4660 136 2665 11133 6410 7841 18712 2732 219 36 226 482 56 1966 60 55 8713
leaf_count=2719 6634 104141 9747 20021 19300 18964 1191 6154 2040 1454 13174 6123 2748 4660 136 2665 11133 6410 7841 18712 2732 219 36 226 482 56 1966 60 55 8713
internal_value=-0.00058419 -0.000374798 -0.000284617 -0.000197427 -0.000381556 -0.00117922 -0.000647599 -0.00148875 0.000783074 -0.000433583 -0.00180553 -0.00219291 0.000197643 -0.0019819 -0.00241198 -0.00023597 -0.00124271 -0.000944548 -0.00232955 0.000584931 0.00284017 0.000136535 0.00518744 0.0111257 -0.000555986 0.0195273 0.0025521 0.0116892 0.0172461 -0.00290775
internal_weight=280512 239458 228898 219151 184503 77614 58314 34660 34648 14627 41054 34420 106889 28506 23846 4882 12587 12533 10560 23654 3923 19731 1019 501 518 275 2217 251 191 21887
internal_count=280512 239458 228898 219151 184503 77614 58314 34660 34648 14627 41054 34420 106889 28506 23846 4882 12587 12533 10560 23654 3923 19731 1019 501 518 275 2217 251 191 21887
is_linear=0
shrinkage=0.06


Tree=80
num_leaves=31
num_cat=0
split_feature=10 0 7 13 3 3 14 13 7 3 6 6 14 16 13 6 16 13 16 3 6 2 5 3 2 0 14 16 2 2
split_gain=18.4023 10.9042 10.7756 13.83 11.635 17.9894 16.5185 14.8666 13.495 20.8816 11.9373 10.75 10.64 11.2791 9.62449 11.5272 13.974 9.41051 8.35325 8.15707 8.34377 7.98069 7.91607 7.64635 7.49729 7.02039 6.74094 6.58696 6.57738 6.56991
threshold=1.1642857142857146 2.5000000000000004 1.3353687777785301 5.8950000000000005 4.5000000000000009 9.5000000000000018 32.651500000000006 1.7645000000000002 0.78302576127124479 5.5000000000000009 0.95218797325396543 0.60961989695922447 24.362500000000001 20.281750000000002 65.295000000000016 1.0008124909445437 12.080500000000001 4.4615000000000009 22.471 3.5000000000000004 1.0546061806445099 4.5000000000000009 1.0000000180025095e-35 2.5000000000000004 4.5000000000000009 1.5000000000000002 10.322500000000002 78.923000000000016 3.5000000000000004 1.0000000180025095e-35
decision_type=2 2 2 10 2 2 2 10 2 2 2 2 2 2 10 2 2 10 2 2 2 2 2 2 2 2 2 2 2 2
left_child=1 2 4 -4 6 7 10 8 9 29 -1 -2 -10 28 15 16 -12 25 -5 20 -8 -22 -21 -17 26 -13 -3 -23 -14 -6
right_child=11 24 3 18 5 -7 19 -9 12 -11 14 17 13 -15 -16 23 -18 -19 -20 22 21 27 -24 -25 -26 -27 -28 -29 -30 -31
leaf_value=-0.10297174170148461 0.077085855662396521 0.4622001068997591 -0.24644008069702125 0.21851096569454001 -0.3809278606710203 0.044512779428343703 -0.18231430067151422 -0.036086878905405233 -0.5262124456902636 -0.2913089324914459 0.55940350701506247 -0.30200981052506437 0.42865910285465514 -0.26116803044695885 -0.13026850541080909 0.82722556579970352 0.384592860509687 -0.097045397462573471 -0.26010550494153045 0.21121683208663392 0.028879024189773388 0.97207380159151846 -0.59964545203480157 -0.30377038394883094 -0.14209849592650986 -0.31397804070660973 0.091117568954612801 0.045998990789626784 0.27872135713038543 0.991269364522394
leaf_weight=6150 7854 5680 8758 1386 137 39336 24944 29692 20135 4688 1119 14271 51 13279 1801 675 6955 14471 1888 7040 1256 310 660 1694 17652 9982 37572 246 40 790
leaf_count=6150 7854 5680 8758 1386 137 39336 24944 29692 20135 4688 1119 14271 51 13279 1801 675 6955 14471 1888 7040 1256 310 660 1694 17652 9982 37572 246 40 790
internal_value=-0.000586543 -0.000369695 -0.000612728 -0.00234475 -0.000483287 -0.000839851 0.000246356 -0.00142493 -0.00219325 0.000528939 0.00169816 -0.00167564 -0.00264946 -0.00133732 0.00278144 0.00348003 0.00455982 -0.00208615 0.000982283 -0.000528676 -0.00102392 0.00290728 0.00119221 -0.000200086 0.000320766 -0.00280864 0.000746045 0.00889208 0.0197143 0.00875728
internal_weight=280512 233934 173030 12032 160998 108148 52850 68812 39120 5615 18394 46578 33505 13370 12244 10443 8074 38724 3274 34456 26756 1812 7700 2369 60904 24253 43252 556 91 927
internal_count=280512 233934 173030 12032 160998 108148 52850 68812 39120 5615 18394 46578 33505 13370 12244 10443 8074 38724 3274 34456 26756 1812 7700 2369 60904 24253 43252 556 91 927
is_linear=0
shrinkage=0.06


Tree=81
num_leaves=31
num_cat=0
split_feature=8 16 13 14 3 13 0 2 6 3 8 16 16 3 6 0 8 7 3 2 2 13 14 0 3 3 8 15 15 8
split_gain=19.5045 12.8894 24.7105 7.9172 7.80291 8.67688 7.2703 7.19163 6.44096 6.39076 11.0922 5.69098 5.58557 7.27644 10.0942 6.21786 8.23267 5.52329 5.24604 5.96164 5.90716 13.5588 18.8815 8.44098 8.0829 5.72216 7.73906 7.0857 6.7369 5.65537
threshold=1.3445806328081926 13.222225000000002 4.9810000000000008 6.7010000000000014 2.5000000000000004 2.0515000000000003 2.5000000000000004 1.5000000000000002 0.90019341435710032 1.5000000000000002 0.51416522358931038 0.79002500000000009 17.135875000000002 11.500000000000002 1.0724824438155636 1.5000000000000002 1.5815960022970079 1.6688301940887422 9.5000000000000018 3.5000000000000004 5.5000000000000009 34.534000000000006 0.9910000000000001 2.5000000000000004 6.5000000000000009 5.5000000000000009 0.80906131846613494 0.15250000000000002 42.801500000000004 0.70220355952234781
decision_type=2 2 10 2 2 10 2 2 2 2 2 2 2 2 2 2 2 2 2 2 2 10 2 2 2 2 2 2 2 2
left_child=1 2 6 8 7 -6 -1 -2 -3 10 -4 -8 13 -7 -15 16 -16 -5 19 -11 -21 25 23 24 -23 26 28 -28 -22 -20
right_child=4 3 9 17 5 12 11 -9 -10 18 -12 -13 -14 14 15 -17 -18 -19 29 20 21 22 -24 -25 -26 -27 27 -29 -30 -31
leaf_value=-0.24332802444806842 -0.46657554485050018 0.85877909643028005 2.5656315766772759 -0.028441875605225632 -0.40726721898551743 -0.040344364443690085 -1.1143278007205399 0.080504723164297895 0.13680113665064339 0.14270832498693489 0.62376178700305651 0.20256687025898146 -0.30539127505577407 -0.11397402521719402 0.058932865079320808 -0.67663832712424699 0.25724255156654874 -0.36188097431611432 -0.26052113115181585 -0.2596126833861942 0.53910421280400589 1.0705089333188624 -0.0051558803418824527 0.34954428228548434 1.2135720440175839 -0.19217273722278333 1.1201605009774067 -0.39794334178354135 1.9358576639531819 0.36183189309322816
leaf_weight=38984 1304 1358 26 179774 12312 2764 1040 5528 4210 6471 655 4405 4973 174 111 81 161 3576 1120 4673 204 101 321 86 47 1814 45 307 25 3862
leaf_count=38984 1304 1358 26 179774 12312 2764 1040 5528 4210 6471 655 4405 4973 174 111 81 161 3576 1120 4673 204 101 321 86 47 1814 45 307 25 3862
internal_value=-0.000571998 -0.00040736 -0.00114193 -0.000157784 -0.00209238 -0.00267574 -0.00192699 -0.000335482 0.00207112 0.000623474 0.0063348 0.00012672 -0.00117183 0.000745669 0.00720683 0.0130368 0.0173824 -0.000225472 0.000419583 -0.00017199 -0.00130893 0.000793219 0.00924324 0.0222051 0.0308919 -0.00116493 0.00401721 -0.00156818 0.0126026 0.00209313
internal_weight=280512 253104 64186 188918 27408 20576 44429 6832 5568 19757 681 5445 8264 3291 527 353 272 183350 19076 14094 7623 2950 555 234 148 2395 581 352 229 4982
internal_count=280512 253104 64186 188918 27408 20576 44429 6832 5568 19757 681 5445 8264 3291 527 353 272 183350 19076 14094 7623 2950 555 234 148 2395 581 352 229 4982
is_linear=0
shrinkage=0.06


Tree=82
num_leaves=31
num_cat=0
split_feature=8 10 3 16 8 15 3 5 1 2 2 8 2 15 3 12 15 15 16 16 3 7 3 2 10 10 14 15 1 8
split_gain=19.5548 13.0007 12.4127 16.8755 14.8944 9.73979 11.7765 9.73367 9.46311 8.18552 14.8251 11.057 16.4425 14.3878 14.1393 13.8856 7.92532 7.87202 7.43714 7.32126 10.2183 7.56656 7.14455 8.56199 7.42825 7.11036 8.1054 7.61716 7.09579 7.87328
threshold=1.637513935814314 4.6535714285714302 2.5000000000000004 24.94575 1.0616405287065547 4.4810000000000008 4.5000000000000009 1.0000000180025095e-35 6.5000000000000009 1.5000000000000002 3.5000000000000004 0.82133746350095793 2.5000000000000004 3.3490000000000006 1.5000000000000002 0.13375000000000004 24.487500000000004 9.1725000000000012 4.4262500000000005 5.3397500000000013 10.500000000000002 1.0360042597932013 5.5000000000000009 1.5000000000000002 -3.8392857142857149 -1.1714285714285722 -1.9974999999999998 3.3490000000000006 19.500000000000004 0.99227413995177616
decision_type=2 2 2 2 2 2 2 2 2 2 2 2 2 2 2 2 2 2 2 2 2 2 2 2 2 2 2 2 2 2
left_child=1 2 3 8 7 -6 -7 19 -1 16 11 13 18 -11 15 -14 -10 -16 -13 20 -4 25 23 24 -8 27 -27 -22 29 -5
right_child=-2 -3 4 28 5 6 22 -9 9 10 -12 12 14 -15 17 -17 -18 -19 -20 -21 21 -23 -24 -25 -26 26 -28 -29 -30 -31
leaf_value=0.069470010209662092 -0.28688023244847838 -0.22899639888822892 -0.18790882456881441 0.57403462838930852 -0.27281636320722386 -0.50154513182562899 1.9319172755407588 -0.29206301646612443 -0.94546271276188854 2.3615950911396921 0.34425180064406019 4.8259438128522039 0.17763267028040602 -2.0116088906505465 2.6271691280441076 3.6207857094460953 1.2591446502976269 0.73340049679371111 1.9010522108148502 -0.017131371243112169 1.2817733718566209 -0.17340308290084749 -0.11967158649121432 0.012658315375438432 0.61309588445593122 0.693934293316818 -0.07869678213828861 0.27601462189897702 -0.31293663813225669 0.00035617767334583016
leaf_weight=2652 8552 7482 21910 4648 8416 4640 36 8724 404 34 1834 72 314 196 56 32 320 64 122 154144 392 836 21048 2006 796 52 628 256 5634 24212
leaf_count=2652 8552 7482 21910 4648 8416 4640 36 8724 404 34 1834 72 314 196 56 32 320 64 122 154144 392 836 21048 2006 796 52 628 256 5634 24212
internal_value=-0.000551037 -0.000462202 -0.000392427 0.000572891 -0.000567456 -0.00166835 -0.00113917 -0.000349907 0.00348197 0.00555452 0.00706167 0.0134157 0.0173636 0.00208696 0.0112532 0.00509826 -0.000116024 0.029 0.0320412 -0.000254117 -0.00122722 0.0027061 -0.00060186 0.0022241 0.00734134 0.00552108 0.00123529 0.0100185 5.84435e-05 0.000438668
internal_weight=280512 271960 264478 40594 223884 36942 28526 186942 6100 3448 2724 890 660 230 466 346 724 120 194 178218 24074 2164 23886 2838 832 1328 680 648 34494 28860
internal_count=280512 271960 264478 40594 223884 36942 28526 186942 6100 3448 2724 890 660 230 466 346 724 120 194 178218 24074 2164 23886 2838 832 1328 680 648 34494 28860
is_linear=0
shrinkage=0.06


Tree=83
num_leaves=31
num_cat=0
split_feature=8 16 13 14 3 3 5 1 1 1 7 12 1 1 4 8 3 8 7 3 3 3 13 0 7 0 4 14 3 0
split_gain=17.7066 12.2019 28.6522 7.63504 6.96755 6.56515 6.31637 6.30606 8.30359 11.4729 10.5089 6.56568 6.99679 10.9263 12.5312 10.8563 10.6579 11.6751 15.343 7.92472 7.66652 6.90723 6.44722 6.08129 5.90875 5.75928 6.70425 5.6391 8.45443 10.7773
threshold=1.6910216035344157 13.222225000000002 4.0515000000000008 6.7010000000000014 10.500000000000002 1.5000000000000002 1.0000000180025095e-35 22.500000000000004 16.500000000000004 19.500000000000004 0.49156499105414403 0.23375000000000004 6.5000000000000009 9.5000000000000018 1.0000000180025095e-35 0.73072868594426954 2.5000000000000004 0.57227953193875536 0.69472155094977162 9.5000000000000018 1.5000000000000002 4.5000000000000009 35.741000000000007 2.5000000000000004 0.95947785065862645 2.5000000000000004 1.0000000180025095e-35 110.26500000000001 1.5000000000000002 1.5000000000000002
decision_type=2 2 10 2 2 2 2 2 2 2 2 2 2 2 2 2 2 2 2 2 2 2 10 2 2 2 2 2 2 2
left_child=1 2 4 24 5 -1 7 8 11 10 -10 12 -5 14 15 16 17 -14 -19 20 -15 -13 -21 -11 -3 -7 -27 28 29 -12
right_child=-2 3 -4 6 -6 25 -8 -9 9 23 27 21 13 19 -16 -17 -18 18 -20 22 -22 -23 -24 -25 -26 26 -28 -29 -30 -31
leaf_value=0.21553441038151538 -0.32738922635643469 0.63279801908816313 0.057121028032828113 -0.093990833296522844 0.0090693089428634712 -0.2659129180425302 -0.24658409872573683 -0.24547272669212816 1.2359395067467189 -0.14700241397504366 0.61974874515416056 -0.56633613949145001 0.43968204851396286 0.24631254050786097 -0.19386116403636947 0.34010603487498592 0.95509444288114442 9.5423181062671656 1.6740257183373692 0.51882085363959418 -0.18827167514463114 -0.095620874353379168 -0.21833834485694481 0.21479489502161583 0.12038470393590942 0.3512421834901448 -0.74394693179444571 -0.086305974488338238 0.21580478130333516 1.6776394487014497
leaf_weight=1763 6432 1586 23757 51114 5163 35367 8336 7564 556 17752 802 6078 98 5050 5056 15086 962 70 80 7997 21154 12544 4147 7406 4246 2517 2757 6180 18186 706
leaf_count=1763 6432 1586 23757 51114 5163 35367 8336 7564 556 17752 802 6078 98 5050 5056 15086 962 70 80 7997 21154 12544 4147 7406 4246 2517 2757 6180 18186 706
internal_value=-0.00052815 -0.000455124 -0.00113011 -0.000217682 -0.00197999 -0.00223338 -0.000281044 -0.000209601 -0.000138679 0.000505 0.00137798 -0.000395224 -0.000220046 0.000221104 0.00130892 0.00211856 0.00758678 0.0186774 0.0292 -0.000384585 -0.000971761 -0.00143766 0.00088241 -0.000412117 0.00192181 -0.00238887 -0.000539251 0.0012026 0.00169879 0.00601591
internal_weight=280512 274080 71324 202756 47567 42404 196924 188588 181024 51588 26430 129436 110814 59700 21352 16296 1210 248 150 38348 26204 18622 12144 25158 5832 40641 5274 25874 19694 1508
internal_count=280512 274080 71324 202756 47567 42404 196924 188588 181024 51588 26430 129436 110814 59700 21352 16296 1210 248 150 38348 26204 18622 12144 25158 5832 40641 5274 25874 19694 1508
is_linear=0
shrinkage=0.06


Tree=84
num_leaves=31
num_cat=0
split_feature=10 16 3 3 1 2 14 16 13 1 13 14 14 13 13 16 7 6 13 13 3 13 14 5 14 16 14 16 3 13
split_gain=15.145 9.19143 8.68952 22.421 8.41231 8.96708 11.8668 14.54 12.8248 9.6071 10.791 8.99849 7.97943 9.11763 7.46593 7.29381 12.6892 7.66387 7.60365 6.98289 6.7883 11.1789 14.9524 10.9093 9.32414 12.4566 9.84506 8.7061 7.01484 8.56372
threshold=1.4642857142857173 1.0565 6.5000000000000009 7.5000000000000009 6.5000000000000009 1.0000000180025095e-35 68.546500000000023 67.945250000000001 1.2410000000000003 18.500000000000004 83.02500000000002 45.471000000000011 0.35150000000000003 40.627500000000005 3.2015000000000007 64.535900000000012 1.730890277486355 1.2961966455475591 29.641000000000002 319.22000000000008 10.500000000000002 1.0000000180025095e-35 19.541500000000003 1.0000000180025095e-35 149.88100000000003 235.78075000000004 285.87000000000006 40.102750000000007 11.500000000000002 -3.4249999999999994
decision_type=2 2 2 2 2 2 2 2 10 2 10 2 2 10 10 2 2 2 8 10 2 10 2 2 2 2 2 2 2 10
left_child=1 14 -3 12 -5 6 7 8 -6 10 -10 -9 13 -4 -1 18 -17 -18 -14 -8 27 23 -23 24 28 26 -26 -7 -22 -30
right_child=-2 2 3 4 5 20 19 11 9 -11 -12 -13 15 -15 -16 16 17 -19 -20 -21 21 22 -24 -25 25 -27 -28 -29 29 -31
leaf_value=-0.31615983748090876 -0.17725328196003431 0.015391427857685561 0.13410010236288447 -0.16872030637054736 0.13065900832715671 -0.16220722023125264 -0.30839861485243847 -0.43444387624776393 1.1034035911078834 0.24183668051648474 3.8145671491435631 4.5430743782322143 -0.092120528198302021 0.78932486965714965 0.029252861565041286 -0.10803330639905458 0.1863547045588759 1.4523353229177405 -0.60111770988502089 2.6004440344858035 1.2874127404787068 0.35629007317855088 -0.39317348055115203 -1.0875005704667133 4.7626336053558811 0.59391138783584918 3.9029954673222784 0.19146068609186587 -0.26777464169306187 0.74881587809501238
leaf_weight=6007 41054 114850 585 27266 3388 25214 3618 68 1545 885 56 174 5289 59 2477 3386 34 42 9879 40 5312 2333 9196 945 1026 1181 47 11180 3336 40
leaf_count=6007 41054 114850 585 27266 3388 25214 3618 68 1545 885 56 174 5289 59 2477 3386 34 42 9879 40 5312 2333 9196 945 1026 1181 47 11180 3336 40
internal_value=-0.000523016 -0.00034047 -0.000269227 -0.000635219 -0.000263295 8.67426e-05 0.00177164 0.00338849 0.00279469 0.00606758 0.00884072 0.0178017 -0.0025041 0.00406211 -0.00228006 -0.00273108 -0.000246102 0.024 -0.00329826 -0.000931658 -0.000188599 0.000608301 -0.000722874 0.00189938 0.00243356 0.00587223 0.0105517 -0.000701326 0.00154144 -0.000597158
internal_weight=280512 239458 230974 116124 96850 69584 9774 6116 5874 2486 1601 242 19274 644 8484 18630 3462 76 15168 3658 59810 23416 11529 11887 10942 2254 1073 36394 8688 3376
internal_count=280512 239458 230974 116124 96850 69584 9774 6116 5874 2486 1601 242 19274 644 8484 18630 3462 76 15168 3658 59810 23416 11529 11887 10942 2254 1073 36394 8688 3376
is_linear=0
shrinkage=0.06


Tree=85
num_leaves=31
num_cat=0
split_feature=10 15 3 7 13 13 3 3 14 15 4 10 3 16 14 0 7 10 6 14 5 10 1 14 3 7 7 10 4 16
split_gain=13.8096 10.5793 11.4421 9.31059 9.11244 7.82399 7.59927 17.7328 13.9048 9.37911 8.92933 9.45875 8.96589 27.3261 11.5792 9.33057 8.81926 7.80977 7.28029 12.4065 6.59707 6.35955 6.33863 6.2974 7.23192 12.0863 8.7095 8.73806 9.1573 7.62843
threshold=4.6535714285714302 0.82150000000000001 10.500000000000002 1.5056241961781456 5.6840000000000002 18.124000000000006 6.5000000000000009 7.5000000000000009 -2.4084999999999996 36.583500000000008 1.0000000180025095e-35 -1.2071428571428544 8.5000000000000018 7.4077500000000009 2.7310000000000003 1.0000000180025095e-35 1.2038317057353616 1.9428571428571459 1.3240537565917652 -0.078499999999999986 1.0000000180025095e-35 -0.049999999999999857 19.500000000000004 61.513500000000008 2.5000000000000004 1.0000317254658451 1.3480802059237365 -0.54999999999999905 1.0000000180025095e-35 24.94575
decision_type=2 2 2 2 10 10 2 2 2 2 2 2 2 2 2 2 2 2 2 2 2 2 2 2 2 2 2 2 2 2
left_child=1 2 5 6 -5 -1 23 8 9 -8 11 12 13 14 15 -9 -10 -18 -14 -20 -13 -12 -16 24 26 -26 29 28 -28 -3
right_child=-2 3 -4 4 -6 -7 7 10 16 -11 21 20 18 -15 22 -17 17 -19 19 -21 -22 -23 -24 -25 25 -27 27 -29 -30 -31
leaf_value=-0.27773265564565736 -0.21806830067638761 0.31109611855973046 0.21572842360278358 -0.19412085479585897 0.058369968719754833 0.02691554582270406 1.6593380188077904 2.352558092378231 -0.25036108936811829 -0.68146674824445441 -0.34847304338805263 -0.018194943286646319 0.049152711358039364 0.40229443830524692 2.0896703169983657 -1.0388801070810825 0.030407020823554849 0.90790722557282577 5.1421029577762303 0.64937898179842701 -0.74173043030103547 -0.094147818663754518 1.5643235422970942 -0.065410345164242018 0.066826399178775808 -0.20846316491671862 2.5446246126040424 0.96297556417545194 1.9686032271911544 0.071000561513216945
leaf_weight=14261 8530 5550 2186 9895 4291 3151 92 46 19406 72 6608 61106 6828 1544 176 80 826 156 26 794 988 20082 42 42498 46232 10126 92 458 66 14304
leaf_count=14261 8530 5550 2186 9895 4291 3151 92 46 19406 72 6608 61106 6828 1544 176 80 826 156 26 794 988 20082 42 42498 46232 10126 92 458 66 14304
internal_value=-0.00050676 -0.000432207 -0.00177508 -0.00032793 -0.00182123 -0.00228877 -0.000238996 -0.00057854 -0.00218139 0.0152195 -0.000243492 0.000105541 0.00186493 0.0055678 0.0208605 0.00638095 -0.00232137 0.00322607 0.000950835 0.00629268 -0.000164655 -0.00118022 0.0292294 9.92561e-05 0.000423438 7.26058e-05 0.00138935 0.00841558 0.0205823 0.00117135
internal_weight=280512 271982 19598 252384 14186 17412 238198 118872 20552 164 98320 71630 9536 1888 344 126 20388 982 7648 820 62094 26690 218 119326 76828 56358 20470 616 158 19854
internal_count=280512 271982 19598 252384 14186 17412 238198 118872 20552 164 98320 71630 9536 1888 344 126 20388 982 7648 820 62094 26690 218 119326 76828 56358 20470 616 158 19854
is_linear=0
shrinkage=0.06


Tree=86
num_leaves=31
num_cat=0
split_feature=8 16 13 3 13 3 16 6 15 15 8 2 3 13 7 2 2 14 13 3 1 13 1 3 14 14 7 2 15 3
split_gain=16.2002 10.5176 21.5634 7.23414 10.5622 10.1433 9.09868 11.382 8.05056 8.73202 7.26437 7.17606 6.43999 6.35783 5.92384 5.73021 8.06207 13.6866 8.49 9.79811 10.4397 5.99256 5.68919 5.88692 5.67571 5.44292 8.36512 14.6028 7.66432 5.35649
threshold=1.3278046480284269 13.222225000000002 2.8610000000000002 2.5000000000000004 -0.078499999999999986 10.500000000000002 17.135875000000002 1.2619264532143115 32.384000000000007 3.2015000000000007 1.5520035095895046 1.5000000000000002 10.500000000000002 3.9210000000000007 1.0047109541725143 4.5000000000000009 5.5000000000000009 -1.0000000180025095e-35 34.534000000000006 8.5000000000000018 14.500000000000002 58.949000000000005 16.500000000000004 10.500000000000002 6.7010000000000014 2.1735000000000002 0.98981418594101689 4.5000000000000009 -0.15899999999999997 2.5000000000000004
decision_type=2 2 10 2 10 2 2 2 2 2 2 2 2 10 2 2 2 2 10 2 2 10 2 2 2 2 2 2 2 2
left_child=1 2 12 11 -5 -6 7 -7 9 -9 13 -2 29 -11 25 -4 22 18 19 -18 -21 -20 -17 -24 -3 26 28 -28 -14 -1
right_child=3 24 15 4 5 6 -8 8 -10 10 -12 -13 14 -15 -16 16 17 -19 21 20 -22 -23 23 -25 -26 -27 27 -29 -30 -31
leaf_value=0.085409523205920032 -0.40951112818205215 0.2618136405987353 0.13759056350468382 -0.54398789551032656 -0.12750138559753982 -0.0096775249350457386 -0.064716308248810167 0.09265423389768529 -0.048912610249417308 0.11053316630575942 0.51145993400444334 0.096463514647438631 1.7974390171505412 0.31789365745576964 -0.084470067474572461 -0.25057620129385 0.045641247836151512 -0.039725662484459169 0.99427871636991871 0.10665842234112613 1.2412778571751482 0.25977508729875992 -0.035288642255069773 3.0847043014514886 -0.026530176769186228 0.13652839854409163 0.2762300969644606 4.237013634954427 0.27385135255183968 -0.2913316333565969
leaf_weight=2554 1360 5542 14249 11674 6872 568 2100 163 143 30 171 5824 27 119 2024 3894 513 3821 125 145 60 51 923 164 182300 1528 80 71 359 33058
leaf_count=2554 1360 5542 14249 11674 6872 568 2100 163 143 30 171 5824 27 119 2024 3894 513 3821 125 145 60 51 923 164 182300 1528 80 71 359 33058
internal_value=-0.000488152 -0.00033325 -0.000999844 -0.00183035 -0.00237363 -0.000959671 0.00177778 0.0059598 0.0115399 0.0152422 0.021 -0.000178732 -0.00185754 0.0113154 0.000397651 0.000422216 -0.000702972 0.00107529 0.00775839 0.00486351 0.0159512 0.0195682 -0.00238627 0.0014517 -0.00010739 0.00265859 0.00785475 0.0198278 0.00317098 -0.00211648
internal_weight=280512 251488 63646 29024 21840 10166 3294 1194 626 483 320 7184 39701 149 4089 23945 9696 4715 894 718 205 176 4981 1087 187842 2065 537 151 386 35612
internal_count=280512 251488 63646 29024 21840 10166 3294 1194 626 483 320 7184 39701 149 4089 23945 9696 4715 894 718 205 176 4981 1087 187842 2065 537 151 386 35612
is_linear=0
shrinkage=0.06


Tree=87
num_leaves=31
num_cat=0
split_feature=8 16 13 3 3 14 7 13 10 3 0 10 0 6 14 5 7 10 14 15 8 12 10 15 1 0 7 14 0 10
split_gain=15.8477 10.445 20.0661 6.8391 9.60469 6.99536 7.31976 7.73654 7.18746 8.1579 6.43815 6.79705 5.99662 10.6534 5.91567 5.40538 5.28519 9.33506 6.52992 7.06822 5.61658 5.11665 4.69313 4.75432 12.6214 10.6199 12.8262 10.857 5.60969 4.66918
threshold=1.3278046480284269 13.222225000000002 4.0515000000000008 2.5000000000000004 10.500000000000002 61.513500000000008 0.99362685940203177 -0.078499999999999986 -6.5357142857142865 11.500000000000002 2.5000000000000004 -4.5714285714285685 1.5000000000000002 1.2619264532143115 36.863500000000009 1.0000000180025095e-35 0.92911817199624747 1.0428571428571423 17.191000000000006 4.4810000000000008 0.6619938709366191 0.30125000000000007 4.9178571428571454 18.962500000000002 8.5000000000000018 1.5000000000000002 0.94324035635427406 2.2810000000000001 2.5000000000000004 1.0142857142857147
decision_type=2 2 10 2 2 2 2 10 2 2 2 2 2 2 2 2 2 2 2 2 2 2 2 2 2 2 2 2 2 2
left_child=1 2 10 15 -5 6 -6 8 9 -8 -1 -12 13 -9 -15 22 18 20 19 -3 -18 -13 23 24 -2 27 -27 -26 -25 -30
right_child=3 16 -4 4 5 -7 7 12 -10 -11 11 21 -14 14 -16 -17 17 -19 -20 -21 -22 -23 -24 28 25 26 -28 -29 29 -31
leaf_value=-0.20782585528453387 -0.28726824671892282 1.7714545132820332 0.053686072172151496 -0.24757387719258392 -0.50095883939423091 -0.48856135470651296 3.6336591727899163 0.015579124283597449 -0.18898759726006834 -1.357814958632559 0.57034064877741197 0.21316191076161928 0.077409739889528151 0.32728238170464158 -0.18180596075849551 -1.724280462869578 0.36145880409182057 -0.27853736322764372 0.03769176222904308 0.37700905337849294 -0.030786923423578968 -0.60241161955159361 -0.49276269663561051 -0.14790998933998364 0.91910656008120073 -0.26002930727811963 2.2273379105865412 0.23389545289823144 0.44394047106481122 -0.56267774526137126
leaf_weight=36839 700 286 21527 14912 1490 2156 45 385 1669 31 29 3978 606 497 49 536 4070 12816 32340 4108 134222 1273 702 2896 36 74 248 666 964 362
leaf_count=36839 700 286 21527 14912 1490 2156 45 385 1669 31 29 3978 606 497 49 536 4070 12816 32340 4108 134222 1273 702 2896 36 74 248 666 964 362
internal_value=-0.000482163 -0.000328955 -0.000993245 -0.00180968 -0.00233791 -0.000491918 0.000789605 0.00237294 -0.000361033 0.0176842 -0.00175489 0.000204544 0.0054769 0.00850054 0.0138901 -0.000203788 -0.000103876 -0.000260795 0.000541622 0.00271188 -0.000117232 4.45615e-05 0.000263536 0.0008113 0.00346636 0.00771094 0.0167329 0.00357265 -0.000272858 0.00295927
internal_weight=280512 251488 63646 29024 21840 6928 4772 3282 1745 76 42119 5280 1537 931 546 7184 187842 151108 36734 4394 138292 5251 6648 5946 1724 1024 322 702 4222 1326
internal_count=280512 251488 63646 29024 21840 6928 4772 3282 1745 76 42119 5280 1537 931 546 7184 187842 151108 36734 4394 138292 5251 6648 5946 1724 1024 322 702 4222 1326
is_linear=0
shrinkage=0.06


Tree=88
num_leaves=31
num_cat=0
split_feature=8 0 13 16 14 3 10 1 14 12 8 6 3 10 2 2 2 14 13 13 3 13 13 14 16 3 8 0 6 3
split_gain=16.159 10.1521 13.9616 18.5285 12.03 9.07968 16.0135 8.41016 8.40342 8.09052 9.04939 7.57338 7.32798 7.01011 6.27019 5.87705 16.1086 11.2575 10.97 10.5412 14.4733 6.16975 11.4543 14.0522 14.6472 5.98793 6.29579 5.87413 5.95259 5.82618
threshold=1.637513935814314 2.5000000000000004 1.9310000000000003 15.807500000000001 78.995000000000019 2.5000000000000004 0.12857142857142947 16.500000000000004 3.6815000000000002 0.50375000000000003 0.71435077137858138 0.83720496759623242 10.500000000000002 4.0732142857142888 4.5000000000000009 5.5000000000000009 4.5000000000000009 -0.41849999999999993 53.004000000000012 115.43750000000001 10.500000000000002 27.774000000000004 60.850000000000009 0.9910000000000001 4.2616250000000013 8.5000000000000018 0.6401565211023329 1.5000000000000002 1.6170014559603589 11.500000000000002
decision_type=2 2 10 2 2 2 2 2 2 2 2 2 2 2 2 2 2 2 10 10 2 10 10 2 2 2 2 2 2 2
left_child=1 2 3 5 15 6 8 9 11 10 -3 -1 -7 -5 -12 16 -4 18 25 21 -21 -19 23 24 -23 26 -17 -8 -29 -9
right_child=-2 7 4 13 -6 12 27 29 -10 -11 14 -13 -14 -15 -16 17 -18 19 -20 20 -22 22 -24 -25 -26 -27 -28 28 -30 -31
leaf_value=0.47920348269749674 -0.23399063972448911 0.42012830984112065 0.058567581693510479 -0.068760255693184585 -0.24549733819974442 -0.2926259014200574 -0.53136133833050225 0.34227955152128997 -0.0032951496275912934 -0.30935484060044999 0.064894055868232298 0.52284618213852452 -0.010077208288242908 -0.56067582446233188 -0.26003570654535513 0.87175163336347938 -0.1385678275013148 -0.026883916024578926 0.91184461435350805 -0.044755151340441737 2.1765628335108214 0.77021394211245575 -0.18636923398520205 0.22491044089640264 1.0990418231429051 0.47721598215691019 0.078990763504737591 0.22675744861878505 2.82522738988244 -0.58728153369467562
leaf_weight=253 8552 4540 51789 69221 16678 33211 1726 18174 398 6670 26240 428 4649 2283 10742 28 12038 6205 27 87 70 81 1330 2813 55 178 297 92 33 1624
leaf_count=253 8552 4540 51789 69221 16678 33211 1726 18174 398 6670 26240 428 4649 2283 10742 28 12038 6205 27 87 70 81 1330 2813 55 178 297 92 33 1624
internal_value=-0.000471254 -0.0003905 -0.000602149 -0.00105067 -5.27524e-05 -0.0020711 0.00114676 0.000244446 0.00695644 -0.000183268 0.000128316 0.0110044 -0.00232013 -0.000468563 -0.000182036 0.000271366 4.91627e-05 0.00154095 0.0100755 0.00111587 0.0165478 0.000884775 0.00263753 0.00472228 0.0235588 0.00807555 0.00323077 -0.00223987 0.01032 0.00128558
internal_weight=280512 271960 203970 112294 91676 40790 2930 67990 1079 48192 41522 681 37860 71504 36982 74998 63827 11171 530 10641 157 10484 4279 2949 136 503 325 1851 125 19798
internal_count=280512 271960 203970 112294 91676 40790 2930 67990 1079 48192 41522 681 37860 71504 36982 74998 63827 11171 530 10641 157 10484 4279 2949 136 503 325 1851 125 19798
is_linear=0
shrinkage=0.06


Tree=89
num_leaves=31
num_cat=0
split_feature=10 3 13 16 7 16 2 2 2 16 0 6 5 14 1 3 7 14 16 1 3 3 14 3 1 1 3 13 1 13
split_gain=12.0889 8.63276 12.8544 21.7282 12.799 11.0458 10.4174 11.0802 12.2248 13.0627 10.2991 9.53121 9.01469 8.10419 8.48481 8.05693 20.0291 12.6092 12.7141 12.6252 10.7819 10.0731 9.67104 10.2253 7.91716 9.82052 7.42863 7.3696 7.02523 7.98593
threshold=4.767857142857145 2.5000000000000004 1.2410000000000003 15.807500000000001 1.0000317254658451 24.94575 1.0000000180025095e-35 5.5000000000000009 4.5000000000000009 19.368125000000003 1.5000000000000002 0.75743249895135267 1.0000000180025095e-35 -1.0089999999999997 16.500000000000004 10.500000000000002 0.99362685940203177 99.785000000000011 96.906525000000016 5.5000000000000009 6.5000000000000009 7.5000000000000009 29.782500000000002 3.5000000000000004 4.5000000000000009 15.500000000000002 10.500000000000002 41.191500000000005 19.500000000000004 82.03100000000002
decision_type=2 2 10 2 2 2 2 2 2 2 2 2 2 2 2 2 2 2 2 2 2 2 2 2 2 2 2 10 2 8
left_child=1 5 3 26 12 11 24 8 9 -8 -6 -1 15 27 -15 20 -17 -18 19 -19 22 -22 -5 -24 -4 -26 -3 -9 29 -7
right_child=-2 2 6 4 10 28 7 13 -10 -11 -12 -13 -14 14 -16 16 17 18 -20 -21 21 -23 23 -25 25 -27 -28 -29 -30 -31
leaf_value=-0.31284140053963733 -0.18390544133795703 -0.28612283799184951 -0.12689476254776272 0.39465618243331296 -0.69777922592422348 -0.18897626557879332 0.10828678182627002 0.22839564395484954 -0.16947394439168753 -0.10035495096708977 -0.19268133422924189 0.35383170655161766 -0.58885257856490647 -0.0047232063283885141 0.27627682331830766 -0.56904068285593401 0.31854819563678177 6.203675018798255 2.4391706598802032 4.7953163306152122 -0.64961784840675907 -0.070152718977378833 -0.4221552583280665 0.13412644450910108 0.50445510119592685 0.040994045106472941 0.017080389235646806 0.91881658478643236 -0.288910642462819 0.13443255070841414
leaf_weight=1562 7994 37849 2898 5726 5220 8735 18196 515 15279 43082 11241 5280 3141 9239 4411 3295 5910 114 4137 251 7754 16269 6004 13710 5747 5065 4992 57 5854 20985
leaf_count=1562 7994 37849 2898 5726 5220 8735 18196 515 15279 43082 11241 5280 3141 9239 4411 3295 5910 114 4137 251 7754 16269 6004 13710 5747 5065 4992 57 5854 20985
internal_value=-0.000450292 -0.000382831 -0.00052782 -0.000936831 -0.000369112 0.000403714 -3.61201e-05 -0.00026894 -0.000554647 -0.000176052 -0.0018666 0.00261152 2.62257e-06 0.00126902 0.000975823 0.000158618 0.00144583 0.00273607 0.00512839 0.015863 -0.000198089 -0.00110969 0.000662734 3.22599e-05 0.00150547 0.00225194 -0.00203371 0.00826573 -2.09156e-05 0.000353296
internal_weight=280512 272518 230102 125613 82772 42416 104489 90779 76557 61278 16461 6842 66311 14222 13650 63170 13707 10412 4502 365 49463 24023 25440 19714 13710 10812 42841 572 35574 29720
internal_count=280512 272518 230102 125613 82772 42416 104489 90779 76557 61278 16461 6842 66311 14222 13650 63170 13707 10412 4502 365 49463 24023 25440 19714 13710 10812 42841 572 35574 29720
is_linear=0
shrinkage=0.06


Tree=90
num_leaves=31
num_cat=0
split_feature=8 15 3 1 1 5 3 14 15 1 3 7 2 1 10 10 2 8 14 10 2 14 8 15 14 8 13 7 16 16
split_gain=14.8386 9.23168 9.65225 7.74749 10.5295 11.6399 10.5365 13.3119 11.6487 10.5206 13.9002 12.0403 11.1087 12.4796 8.60363 8.37809 8.26292 11.7529 11.1038 10.3679 9.42838 20.2683 11.0886 7.89236 7.38871 17.1182 8.91496 6.96671 6.88216 6.72694
threshold=1.7148136205402342 0.82150000000000001 10.500000000000002 6.5000000000000009 20.500000000000004 1.0000000180025095e-35 1.5000000000000002 78.042500000000018 47.189000000000007 16.500000000000004 9.5000000000000018 0.82043757225191538 4.5000000000000009 9.5000000000000018 -4.3249999999999984 1.0428571428571423 1.5000000000000002 0.94132570139904959 16.431500000000003 5.9857142857142875 5.5000000000000009 2.2810000000000001 0.52987373342202848 9.501000000000003 -0.41849999999999993 0.73965257554982855 52.322500000000012 1.0694323728596131 69.419250000000019 0.79002500000000009
decision_type=2 2 2 2 2 2 2 2 2 2 2 2 2 2 2 2 2 2 2 2 2 2 2 2 2 2 10 2 2 2
left_child=1 2 29 15 5 6 7 8 16 10 12 -11 13 -8 -9 -3 17 18 -5 20 21 27 -23 -15 25 -14 -27 -18 -10 -1
right_child=-2 3 -4 4 -6 -7 9 14 28 11 -12 -13 24 23 -16 -17 19 -19 -20 -21 -22 22 -24 -25 -26 26 -28 -29 -30 -31
leaf_value=-0.2983627276898505 -0.29302251491248188 -0.060669165186864119 0.18358444018913853 0.28348327513006744 -0.14210131198136852 -0.26555362577371128 0.19758622826405264 0.69183406411954873 -0.044021364717330709 0.58053285791604081 0.17898054373775071 0.068596295063591356 1.0125251356579141 0.12016975136896263 -0.19625872033846334 -0.21752287608808188 4.9130381553139513 -0.65834570759467059 8.8166531610828027 -1.1371583156586811 0.17978661934720339 2.3813311086634399 1.9118265678593227 -0.17698133873336197 -0.24721355259154917 -0.086212146135325213 0.76338863403703561 1.0824295452660646 1.1422752841660275 -0.13297285466854145
leaf_weight=3962 5888 60606 2136 124 32204 6318 15664 578 2358 6770 25470 32372 98 6510 5202 11996 50 566 72 226 548 50 1432 27972 15390 1101 47 112 978 13712
leaf_count=3962 5888 60606 2136 124 32204 6318 15664 578 2358 6770 25470 32372 98 6510 5202 11996 50 566 72 226 548 50 1432 27972 15390 1101 47 112 978 13712
internal_value=-0.00045179 -0.000387892 -0.00163554 -0.000290896 -8.20597e-05 0.000129272 0.000240099 0.00191965 0.003779 8.29247e-05 -0.000266792 0.000907157 -0.000721633 -0.000275916 -0.000176472 -0.00081502 0.00637736 0.000929132 0.0135918 0.00809429 0.00935584 0.0116277 0.0094251 -0.00091387 -0.00206516 0.00237881 0.00032404 0.0317778 0.00130216 -0.00209596
internal_weight=280512 274624 19810 254814 182212 150008 143690 12296 6516 131394 92252 39142 66782 50146 5780 72602 3180 762 196 2418 2192 1644 1482 34482 16636 1246 1148 162 3336 17674
internal_count=280512 274624 19810 254814 182212 150008 143690 12296 6516 131394 92252 39142 66782 50146 5780 72602 3180 762 196 2418 2192 1644 1482 34482 16636 1246 1148 162 3336 17674
is_linear=0
shrinkage=0.06


Tree=91
num_leaves=31
num_cat=0
split_feature=8 16 13 13 3 16 3 8 0 16 0 3 14 2 13 2 1 1 12 15 3 14 16 0 3 1 16 13 1 3
split_gain=13.975 8.34624 15.7669 6.09127 9.62561 6.52181 9.44075 13.0147 9.36347 6.158 5.61061 5.36808 19.8617 8.8281 5.01902 5.15883 4.94569 7.85299 12.7057 6.62844 8.93447 5.76525 6.28138 5.22226 10.8446 8.31061 7.00159 6.132 4.83365 6.01274
threshold=1.3278046480284269 13.222225000000002 0.57150000000000001 149.63000000000002 2.5000000000000004 22.1251 11.500000000000002 1.6628476415298981 1.5000000000000002 3.3256250000000001 2.5000000000000004 2.5000000000000004 0.14150000000000004 1.5000000000000002 18.431500000000003 1.5000000000000002 22.500000000000004 16.500000000000004 0.0037500000000000003 -1.3514999999999999 7.5000000000000009 62.211000000000006 49.262325000000004 1.5000000000000002 3.5000000000000004 19.500000000000004 36.74537500000001 70.141000000000005 10.500000000000002 9.5000000000000018
decision_type=2 2 10 8 2 2 2 2 2 2 2 2 2 2 10 2 2 2 2 2 2 2 2 2 2 2 2 10 2 2
left_child=1 2 10 5 -5 6 -2 -8 9 -9 11 12 13 -1 15 -4 17 28 19 20 -19 22 23 -21 25 26 27 -25 -3 -30
right_child=3 16 14 4 -6 -7 7 8 -10 -11 -12 -13 -14 -15 -16 -17 -18 18 -20 21 -22 -23 -24 24 -26 -27 -28 -29 29 -31
leaf_value=-1.5848215017564222 -0.0059478925706439529 -0.0021584345410723231 0.15762697037561949 0.0049289982992737251 -0.53645695012594985 -0.2124551945004661 0.016151081233551107 0.45079122979112307 -0.5922393586160255 0.17035595160414935 0.037457033153493816 -0.27816888122223182 -0.15206492587701886 0.46928533665317201 0.12354056148651495 -0.059698307573740651 -0.19462862125877001 2.4160577784584136 0.41760322255469945 -0.074029648698312508 0.59723051653014481 -0.19253185638829204 0.54563521277438498 2.8232581595762891 0.061137562717170697 0.47136440273161834 1.2125548389146195 1.2303704404360543 -0.16225433026320538 0.089962112149146622
leaf_weight=38 5753 86002 4225 3791 11050 7736 443 25 47 179 4773 29334 1920 146 10178 13032 7638 48 10638 10322 108 17080 5366 127 5872 1016 272 79 31908 11366
leaf_count=38 5753 86002 4225 3791 11050 7736 443 25 47 179 4773 29334 1920 146 10178 13032 7638 48 10638 10322 108 17080 5366 127 5872 1016 272 79 31908 11366
internal_value=-0.000434892 -0.000291021 -0.000884833 -0.00168151 -0.00253123 -0.000792358 0.00061703 0.00722766 0.0181434 0.0237059 -0.00170683 -0.00199784 0.000929656 0.0197609 0.000200108 -0.000423134 -8.98216e-05 -2.64381e-05 0.000604617 0.000117646 0.0124615 6.96652e-05 0.000688643 0.000143146 0.00136356 0.00592771 0.0124519 0.0207961 -0.000275041 -0.000792255
internal_weight=280512 251488 63646 29024 14841 14183 6447 694 251 204 36211 31438 2104 184 27435 17257 187842 180204 50928 40290 156 40134 23054 17688 7366 1494 478 206 129276 43274
internal_count=280512 251488 63646 29024 14841 14183 6447 694 251 204 36211 31438 2104 184 27435 17257 187842 180204 50928 40290 156 40134 23054 17688 7366 1494 478 206 129276 43274
is_linear=0
shrinkage=0.06


Tree=92
num_leaves=31
num_cat=0
split_feature=8 16 1 8 1 1 12 10 14 16 15 14 10 8 2 2 7 15 2 1 1 15 14 14 1 12 6 10 15 10
split_gain=13.5642 7.56657 5.38801 5.32421 4.63066 6.66505 11.0826 5.34204 5.17559 8.06487 5.93066 7.65616 4.60227 5.70475 9.61395 9.75196 9.08901 12.0698 7.66271 10.2425 9.51435 5.68043 8.41563 4.64575 4.57088 6.32086 7.6532 8.69045 5.12177 4.85636
threshold=1.3278046480284269 13.222225000000002 6.5000000000000009 1.8485084372152574 22.500000000000004 16.500000000000004 0.0037500000000000003 1.9428571428571459 69.991000000000014 136.00190000000001 -1.3514999999999999 54.723500000000008 1.0000000180025095e-35 0.55741206978203639 3.5000000000000004 1.0000000180025095e-35 0.74935388178235141 16.537500000000005 2.5000000000000004 9.5000000000000018 8.5000000000000018 2.0325000000000002 -6.044999999999999 5.7615000000000007 20.500000000000004 0.091250000000000012 1.8761103088526376 -1.4714285714285706 4.9215000000000009 -4.5714285714285685
decision_type=2 2 2 2 2 2 2 2 2 2 2 2 2 2 2 2 2 2 2 2 2 2 2 2 2 2 2 2 2 2
left_child=1 12 -2 24 5 7 8 -3 9 10 11 -7 13 14 15 -1 17 18 19 -17 23 -14 -23 -20 25 26 29 -28 -27 -4
right_child=2 4 3 -5 -6 6 -8 -9 -10 -11 -12 -13 21 -15 -16 16 -18 -19 20 -21 -22 22 -24 -25 -26 28 27 -29 -30 -31
leaf_value=-0.46090086663969104 -0.22812621990864987 -0.021608018017714163 0.50346384098974228 -0.33750643061344959 -0.18295090398324368 0.6439954035992792 0.39254702920141754 -0.23196172079753988 -0.19784089831135437 4.8294675940857683 0.075848180052511177 2.3437910138775453 -0.27418994733230806 -0.075718978773924639 -0.29162129405095072 0.63568963606075735 0.43042318185857348 0.23177185714792781 1.5702753412066595 4.2045181315147424 0.32299981110765102 0.911489719986742 -0.10380625805520455 1.587190590811276 -0.26047029543259126 -0.18563078802319788 1.0351702254699198 0.13707432439961198 -0.06218906922982112 -0.049286704544121478
leaf_weight=384 6984 118924 812 2456 7638 78 10638 10352 15036 36 25106 34 4140 40410 1220 238 766 268 44 110 42 48 15896 80 2984 2292 86 886 6872 5652
leaf_count=384 6984 118924 812 2456 7638 78 10638 10352 15036 36 25106 34 4140 40410 1220 238 766 268 44 110 42 48 15896 80 2984 2292 86 886 6872 5652
internal_value=-0.000424411 -0.000282671 -0.00165256 -0.00119238 -9.10993e-05 -2.97677e-05 0.000551601 -0.000258797 9.67968e-05 0.000621524 0.000581012 0.0143571 -0.000848067 -0.000501631 0.00195685 0.00459006 0.00671318 0.0112634 0.0166459 0.0115862 0.027253 -0.00159948 -0.0010853 0.0356129 -0.000862134 -0.000473495 0.000826249 0.00579012 -0.00152816 7.98253e-05
internal_weight=280512 251488 29024 22040 187842 180204 50928 129276 40290 25254 25218 112 63646 43562 3152 1932 1548 782 514 348 166 20084 15944 124 19584 16600 7436 972 9164 6464
internal_count=280512 251488 29024 22040 187842 180204 50928 129276 40290 25254 25218 112 63646 43562 3152 1932 1548 782 514 348 166 20084 15944 124 19584 16600 7436 972 9164 6464
is_linear=0
shrinkage=0.06


Tree=93
num_leaves=31
num_cat=0
split_feature=8 7 15 3 3 10 3 3 2 14 8 3 15 2 3 14 12 2 14 2 16 15 2 15 14 16 10 12 3 7
split_gain=12.4694 7.44286 7.52505 9.82871 7.26939 5.57628 7.08065 14.9487 15.5384 11.3317 9.21656 20.147 16.0187 13.4371 11.28 12.7601 9.54562 8.14133 8.69701 19.1194 8.84783 7.82423 7.72007 9.9422 7.14317 7.00346 7.8242 6.76877 10.7947 14.2329
threshold=1.3445806328081926 1.6688301940887422 0.56100000000000017 10.500000000000002 10.500000000000002 3.764285714285716 6.5000000000000009 7.5000000000000009 2.5000000000000004 -2.4084999999999996 0.72650364880773 4.5000000000000009 26.981000000000005 4.5000000000000009 5.5000000000000009 8.5275000000000016 1.2562500000000003 1.5000000000000002 29.782500000000002 3.5000000000000004 15.807500000000001 36.583500000000008 4.5000000000000009 6.104000000000001 -1.4449999999999996 61.968250000000012 2.8928571428571441 0.0037500000000000003 8.5000000000000018 0.99362685940203177
decision_type=2 2 2 2 2 2 2 2 2 2 2 2 2 2 2 2 2 2 2 2 2 2 2 2 2 2 2 2 2 2
left_child=1 2 3 -1 -3 6 10 9 27 21 11 -4 14 -14 17 -16 22 -13 19 -19 24 -8 -17 -24 -21 -11 -27 -9 29 -29
right_child=-2 4 5 -5 -6 -7 7 8 -10 25 -12 12 13 -15 15 16 -18 18 -20 20 -22 -23 23 -25 -26 26 -28 28 -30 -31
leaf_value=-0.17239430755496427 -0.1238377353421229 -0.21801631175144834 -0.00059821137249581498 0.34759541325801591 0.092521853259400669 -0.14242012204414675 1.5713033637622948 0.1006003765462396 -0.11772412342794664 -0.22379853860185961 0.0061548196397814628 0.5035108530169069 0.0016254638698802058 0.81412953916995168 -0.35805288821363768 0.10989476761971305 2.0732700759351408 1.8622972423077147 0.25022259177405004 0.91519314878705404 1.5933903034060253 -0.66020150069756556 -0.34367760364796668 2.5205061118921384 0.45378957874368653 -0.017122984246629076 0.8050629487449914 0.56598358989563347 0.17474530187266482 2.10980510312808
leaf_weight=15194 27408 4696 9616 1712 1368 8748 102 32390 51510 15384 95734 276 2628 586 450 248 58 272 234 48 118 72 40 66 410 3586 104 1508 4948 998
leaf_count=15194 27408 4696 9616 1712 1368 8748 102 32390 51510 15384 95734 276 2628 586 450 248 58 272 234 48 118 72 40 66 410 3586 104 1508 4948 998
internal_value=-0.000403877 -0.000272237 -0.000221261 -0.00144304 -0.00234895 -0.000131507 -7.27974e-05 -0.000412399 -9.22141e-05 -0.00193205 0.000266246 0.00164651 0.0045668 0.00185936 0.00848649 0.00311833 0.0107476 0.011894 0.0142403 0.017066 0.010875 0.0133103 0.00705085 0.0206038 0.00710044 -0.00207109 0.000276421 0.000797509 0.00242769 0.00563607
internal_weight=280512 253104 247040 16906 6064 230134 221386 110602 91354 19248 110784 15050 5434 3214 2220 862 412 1358 1082 848 576 174 354 106 458 19074 3690 39844 7454 2506
internal_count=280512 253104 247040 16906 6064 230134 221386 110602 91354 19248 110784 15050 5434 3214 2220 862 412 1358 1082 848 576 174 354 106 458 19074 3690 39844 7454 2506
is_linear=0
shrinkage=0.06


Tree=94
num_leaves=31
num_cat=0
split_feature=8 0 13 7 16 15 3 14 3 16 14 16 8 3 3 2 15 2 14 3 6 15 2 8 14 15 13 16 13 16
split_gain=11.1047 8.14216 14.1596 19.6124 14.0616 12.778 9.507 8.15476 7.84581 13.5429 7.28855 7.13082 6.95841 8.09295 16.851 8.97511 6.92859 6.55551 7.09993 6.27096 15.3461 7.91152 7.05848 6.28865 7.42327 6.28205 6.14814 5.79191 5.75019 6.62699
threshold=1.7148136205402342 2.5000000000000004 0.041500000000000002 1.142152666243035 18.114250000000002 45.891000000000012 2.5000000000000004 100.73350000000001 11.500000000000002 3.3256250000000001 3.5115000000000003 7.0025000000000004 0.69076421768433816 5.5000000000000009 4.5000000000000009 1.5000000000000002 3.9315000000000002 3.5000000000000004 -1.4449999999999996 10.500000000000002 2.0294740532640563 6.6510000000000007 2.5000000000000004 0.69828476550107899 19.899000000000004 27.333500000000004 34.534000000000006 9.261750000000001 41.82500000000001 15.168750000000001
decision_type=2 2 10 2 2 2 2 2 2 2 2 2 2 2 2 2 2 2 2 2 2 2 2 2 2 2 10 2 8 2
left_child=1 2 3 4 6 7 10 19 -2 -10 11 -1 13 14 -8 -16 -3 -17 -19 -4 23 -22 -23 -21 27 -24 -18 -25 29 -11
right_child=8 16 5 -5 -6 -7 12 -9 9 28 -12 -13 -14 -15 15 17 26 18 -20 20 21 22 25 24 -26 -27 -28 -29 -30 -31
leaf_value=0.47302663502805115 -0.35918668517046426 -0.27486443696291274 0.034327999922851682 -0.3271535219538676 -0.016484933505482934 -0.12269282899800749 -0.23828302532930729 -0.63091643102934791 0.31462875796930206 0.16686140163254409 -0.054004308933250422 0.37573044449928722 -0.33438405704330998 -0.38433832698939197 -0.95141563902818027 1.7938252902603053 0.18301128002228137 0.92930959019268833 0.77789666093463616 -0.18368594310984307 0.074354544176796947 0.031887060683856439 0.94276701353267967 0.14172855399246617 0.064944794706986497 0.098731499158711822 -0.064422119658181856 0.65703285605964645 -0.29193966403819505 -0.067523936766637593
leaf_weight=495 5088 7532 52124 17624 59017 33780 924 3030 44 150 1249 289 25722 3190 82 128 40066 25 264 1103 87 48 78 1657 3740 52 21058 1260 445 161
leaf_count=495 5088 7532 52124 17624 59017 33780 924 3030 44 150 1249 289 25722 3190 82 128 40066 25 264 1103 87 48 78 1657 3740 52 21058 1260 445 161
internal_value=-0.000395321 -0.000340045 -0.000528666 -0.000997846 -0.000644418 -1.17719e-06 -0.00164941 0.000502476 -0.00297351 0.00255 0.00232267 0.00685714 -0.00191561 0.000230218 0.00399297 0.0128778 0.00022582 0.016446 0.0114394 0.000655471 0.00221682 0.0164151 0.0236629 0.00173196 0.00242722 0.0309231 0.000437404 0.00469592 0.000666665 0.00692604
internal_weight=280512 274624 205968 109009 91385 96959 32368 63179 5888 800 2033 784 30335 4613 1423 499 68656 417 289 60149 8025 265 178 7760 6657 130 61124 2917 756 311
internal_count=280512 274624 205968 109009 91385 96959 32368 63179 5888 800 2033 784 30335 4613 1423 499 68656 417 289 60149 8025 265 178 7760 6657 130 61124 2917 756 311
is_linear=0
shrinkage=0.06


Tree=95
num_leaves=31
num_cat=0
split_feature=8 13 16 10 16 6 0 8 0 7 13 1 1 1 1 2 10 1 2 14 12 13 15 13 15 13 15 12 14 2
split_gain=10.9073 7.817 8.66656 8.55751 6.65094 8.58763 6.61782 6.65022 6.14271 10.3841 11.4263 6.97088 7.66688 5.90856 8.52489 7.09503 9.37226 7.98104 7.21244 6.96784 8.68765 6.87925 7.14747 6.85297 6.24806 7.81009 6.3453 6.09374 6.73485 7.76989
threshold=1.201342073901374 149.63000000000002 56.156750000000002 1.0428571428571423 22.1251 1.0949594175004533 1.5000000000000002 1.5319219049731301 2.5000000000000004 1.142152666243035 104.47250000000001 17.500000000000004 9.5000000000000018 6.5000000000000009 20.500000000000004 4.5000000000000009 -0.59999999999999931 15.500000000000002 1.0000000180025095e-35 57.452500000000008 0.71625000000000016 55.212500000000013 29.551500000000004 18.124000000000006 38.083500000000008 3.7810000000000001 8.4535000000000018 0.92875000000000008 8.1415000000000024 1.0000000180025095e-35
decision_type=2 8 2 2 2 2 2 2 2 2 8 2 2 2 2 2 2 2 2 2 2 8 2 8 2 8 2 2 2 2
left_child=8 4 -3 -4 5 -2 7 -7 9 13 -11 12 -10 -1 15 16 27 -17 19 24 -21 22 23 -20 25 26 -18 28 29 -15
right_child=1 2 3 -5 -6 6 -8 -9 11 10 -12 -13 -14 14 -16 17 18 -19 21 20 -22 -23 -24 -25 -26 -27 -28 -29 -30 -31
leaf_value=-0.088808143894103742 -0.1133841966361596 -0.46481381501742042 0.11930597626597246 -0.59372301200095012 -0.16279697550961539 0.051498758938620444 -0.071103560288947834 0.1211068947757315 0.095276379854565829 -0.0089119005907785827 -0.5659433024212045 0.32881489485534171 -0.1964848465692276 -0.14417879209725612 -0.14114496116560343 -0.14678181774330767 0.98057173909506468 0.074697417337633853 -0.12305982486352564 -0.21080640288751376 1.033058602727116 0.089059914889162622 -0.32938372050527165 0.14274485768212031 0.97234322676567742 0.08981701381992814 0.13106497746533946 -0.23788885946165567 0.4355279499213825 1.3275752621596497
leaf_weight=47394 3744 14286 4648 2291 10937 2180 2103 1243 25474 9846 10968 15028 19268 476 20418 16290 311 9330 3816 4042 222 31406 6774 3054 2612 3565 492 1168 5586 1540
leaf_count=47394 3744 14286 4648 2291 10937 2180 2103 1243 25474 9846 10968 15028 19268 476 20418 16290 311 9330 3816 4042 222 31406 6774 3054 2612 3565 492 1168 5586 1540
internal_value=-0.000390402 -0.00128915 -0.00209329 -0.000353655 -0.000444501 0.000737863 0.00224104 0.00386853 -0.000234651 -0.000410241 -0.00167022 0.000292118 -8.3413e-05 -0.000244777 -5.50988e-06 0.000243878 0.000576907 -0.000601875 0.000292676 0.00165208 -0.000258913 -4.66163e-05 -0.00117151 0.000192138 0.00281948 0.00143132 0.00677708 0.00240137 0.00302131 0.00599405
internal_weight=280512 41432 21225 6939 20207 9270 5526 3423 239080 179310 20814 59770 44742 158496 111102 90684 65064 25620 56294 11244 4264 45050 13644 6870 6980 4368 803 8770 7602 2016
internal_count=280512 41432 21225 6939 20207 9270 5526 3423 239080 179310 20814 59770 44742 158496 111102 90684 65064 25620 56294 11244 4264 45050 13644 6870 6980 4368 803 8770 7602 2016
is_linear=0
shrinkage=0.06


Tree=96
num_leaves=31
num_cat=0
split_feature=8 15 3 14 10 14 3 0 0 13 7 15 14 13 1 2 12 3 3 14 16 7 15 14 15 14 15 15 13 3
split_gain=10.7729 7.50273 8.22167 13.7303 15.0031 9.98322 8.96663 8.45406 7.59029 13.0109 15.8033 14.7743 9.9865 8.41003 7.23362 6.67599 6.65558 6.59565 16.7397 7.18676 12.7942 7.88915 16.7901 12.1758 12.8435 9.55361 7.03194 14.5375 6.27906 11.1202
threshold=1.637513935814314 0.82150000000000001 9.5000000000000018 4.9925000000000006 -1.349999999999999 10.322500000000002 7.5000000000000009 2.5000000000000004 1.5000000000000002 -1.0000000180025095e-35 1.0000317254658451 44.653500000000001 93.181500000000014 26.265000000000004 15.500000000000002 4.5000000000000009 0.0037500000000000003 10.500000000000002 6.5000000000000009 99.785000000000011 143.58610000000002 0.99827436264285618 20.191000000000006 159.34500000000003 178.14750000000001 146.14900000000003 89.634000000000015 43.401500000000006 42.342500000000008 11.500000000000002
decision_type=2 2 2 2 2 2 2 2 2 10 2 2 2 10 2 2 2 2 2 2 2 2 2 2 2 2 2 2 8 2
left_child=1 2 6 4 7 -5 -1 -4 9 10 17 12 13 -11 15 -10 -16 18 -3 -19 21 -21 25 24 -24 -23 27 -22 29 -2
right_child=28 8 3 5 -6 -7 -8 -9 14 11 -12 -13 -14 -15 16 -17 -18 19 -20 20 26 22 23 -25 -26 -27 -28 -29 -30 -31
leaf_value=-0.095081969010485559 -0.073730298340192763 0.0049570452747414052 0.2932558532423224 0.80443781917685764 -0.37295700770929247 0.096448380695305341 -0.39470231043468623 0.98112629853077571 0.016423545941546491 0.016088534911255649 -0.33399970899078207 -0.14453774806898259 -0.77038628638232554 0.19640815837574468 0.071775771047575751 -0.16948058927594253 0.353496995409874 -0.047716825523982473 -0.42330859143647875 -3.8684980094238619 -5.8971673553557942 6.1467594031780379 1.2785112127611973 9.4985754256041837 3.9341397158785054 2.1950813581825752 -0.85807165349651882 4.4121519245449949 -0.46719477359496514 0.13183460982776024
leaf_weight=10362 2646 25457 594 870 2138 1778 3738 78 61534 24858 14116 18987 2020 13753 33306 22304 10382 6101 17481 95 106 56 432 50 98 26 1168 72 5382 524
leaf_count=10362 2646 25457 594 870 2138 1778 3738 78 61534 24858 14116 18987 2020 13753 33306 22304 10382 6101 17481 95 106 56 432 50 98 26 1168 72 5382 524
internal_value=-0.000381204 -0.000315268 -0.00144739 0.000529863 -0.00239146 0.00362991 -0.00221277 0.00542857 -0.000227543 -0.000560045 -0.00114542 8.07124e-05 0.00072639 0.000941544 9.80492e-05 -0.000228156 0.000724042 -0.000654884 -0.000952724 0.000903948 0.00392867 0.0101691 0.0124894 0.00889655 0.00622641 0.0379024 0.000419018 0.0115281 -0.00247802 -0.000359623
internal_weight=280512 271960 19558 5458 2810 2648 14100 672 252402 124876 65258 59618 40631 38611 127526 83838 43688 51142 42938 8204 2103 757 662 580 530 82 1346 178 8552 3170
internal_count=280512 271960 19558 5458 2810 2648 14100 672 252402 124876 65258 59618 40631 38611 127526 83838 43688 51142 42938 8204 2103 757 662 580 530 82 1346 178 8552 3170
is_linear=0
shrinkage=0.06


Tree=97
num_leaves=31
num_cat=0
split_feature=8 15 3 0 13 15 10 3 14 3 5 3 8 14 14 5 8 8 2 14 14 2 2 5 8 14 15 2 15 1
split_gain=10.2608 7.67798 7.2522 7.11608 7.00339 9.95303 9.39886 12.8066 13.2803 12.1532 10.5011 10.4283 9.92585 13.3365 9.66485 9.6385 10.2978 9.12919 10.6835 11.2654 11.3237 9.00537 32.2368 8.82412 8.82027 7.26691 16.5036 11.6567 15.9347 16.7493
threshold=1.6076400949761156 0.82150000000000001 10.500000000000002 2.5000000000000004 -0.45899999999999996 44.653500000000001 4.0732142857142888 2.5000000000000004 3.6815000000000002 10.500000000000002 1.0000000180025095e-35 6.5000000000000009 0.99999968811882878 -1.4449999999999996 -1.9974999999999998 1.0000000180025095e-35 1.0949809965926092 1.2413805778006395 3.5000000000000004 74.451500000000024 43.685000000000009 4.5000000000000009 5.5000000000000009 1.0000000180025095e-35 1.0856884274485077 99.785000000000011 87.584000000000017 4.5000000000000009 3.0725000000000002 5.5000000000000009
decision_type=2 2 2 2 10 2 2 2 2 2 2 2 2 2 2 2 2 2 2 2 2 2 2 2 2 2 2 2 2 2
left_child=1 2 -1 4 6 -6 7 8 14 11 12 23 -11 -14 -3 16 -10 18 -18 20 -20 -17 -23 24 -9 -15 27 28 -27 -30
right_child=-2 3 -4 -5 5 -7 -8 9 15 10 -12 -13 13 25 -16 21 17 -19 19 -21 -22 22 -24 -25 -26 26 -28 -29 29 -31
leaf_value=-0.1459009589091656 -0.15520517018769292 0.43630316837787458 0.19207611918376677 0.06581801402062494 0.037133326641243622 -0.10519065707316136 -0.45268182194021078 0.020557283402091942 -0.075528362793997397 -0.36312577259216483 -0.9400939898397479 -0.38489037251227082 1.420528335957564 0.19027516035734746 0.48306759819540129 0.15315287444795914 0.15882057192720372 0.12182762698992795 1.0140408560462975 0.26809330379083635 1.2721682948927078 1.2096858917980511 -2.2799992471240915 -0.5929592876233688 -0.43719533460892462 5.9700569208024596 0.54871850903145802 -1.7117108705040174 5.6520789985204782 4.9944042405307822
leaf_weight=17384 9632 25 2064 63628 56631 34642 4376 25182 10543 2967 1193 31553 68 7285 1016 197 356 1677 78 180 88 69 72 2146 4069 43 2291 172 98 787
leaf_count=17384 9632 25 2064 63628 56631 34642 4376 25182 10543 2967 1193 31553 68 7285 1016 197 356 1677 78 180 88 69 72 2146 4069 43 2291 172 98 787
internal_value=-0.000375429 -0.000307001 -0.00145558 -0.00021816 -0.000403954 -2.71508e-05 -0.000760234 -0.000631221 0.00101909 -0.000934366 0.000606279 -0.00129913 0.00107607 0.00192442 0.00754467 0.000506786 0.000245162 0.00381084 0.00955555 0.0170636 0.0283373 0.0105089 0.0220851 -0.000524956 -0.000252506 0.00175571 0.00405013 0.0100909 0.01275 0.0110169
internal_weight=280512 270880 19448 251432 187804 91273 96531 92155 14301 77854 14904 62950 13711 10744 1041 13260 12922 2379 702 346 166 338 141 31397 29251 10676 3391 1100 928 885
internal_count=280512 270880 19448 251432 187804 91273 96531 92155 14301 77854 14904 62950 13711 10744 1041 13260 12922 2379 702 346 166 338 141 31397 29251 10676 3391 1100 928 885
is_linear=0
shrinkage=0.06


Tree=98
num_leaves=31
num_cat=0
split_feature=8 10 6 13 6 0 12 2 1 1 5 1 1 12 13 2 14 15 15 15 13 7 1 15 7 8 2 10 8 15
split_gain=9.51822 7.0561 8.05415 8.09773 11.7469 7.67088 7.47154 6.46435 9.99727 8.6555 8.42459 7.80476 9.62645 7.1732 6.97216 6.39146 12.2084 8.00058 8.43967 5.74163 5.33932 5.32239 5.32071 9.70357 7.13757 5.61549 5.24848 5.23448 5.2721 5.86084
threshold=1.8485084372152574 1.0714285714285701 0.60961989695922447 42.342500000000008 1.9560800991791585 1.5000000000000002 0.11375000000000002 4.5000000000000009 15.500000000000002 20.500000000000004 1.0000000180025095e-35 6.5000000000000009 9.5000000000000018 0.50875000000000015 1.7645000000000002 5.5000000000000009 1.0000000180025095e-35 24.081000000000003 3.2015000000000007 43.401500000000006 8.3685000000000027 1.3734428163078105 15.500000000000002 0.041500000000000002 0.47199466437256143 1.5420811805106649 2.5000000000000004 -6.5357142857142865 0.93721691167687304 94.071000000000012
decision_type=2 2 2 8 2 2 2 2 2 2 2 2 2 2 10 2 2 2 2 2 8 2 2 2 2 2 2 2 2 2
left_child=1 7 -3 4 -4 -5 26 9 13 10 11 14 27 -9 -1 -10 17 18 -17 -16 -12 -21 25 -24 -25 -14 -6 28 -13 -30
right_child=-2 2 3 5 6 -7 -8 8 15 -11 20 12 22 -15 19 16 -18 -19 -20 21 -22 -23 23 24 -26 -27 -28 -29 29 -31
leaf_value=-0.13193402526309539 -0.26247758155209239 0.11070389373270201 -0.040601700985370325 -0.43492818588822235 0.048117179452953088 -0.15694211481834325 -0.065913754753846782 -0.094263070145727337 -0.080458194693071972 -0.16414577543706982 0.1801878146233277 -0.044939152940000213 -0.011273306426680511 -0.24034162042109408 0.12698220768879195 0.10206156752346458 0.11761405017298755 -0.095823370267258595 1.1789758351374502 -0.1090764360417603 -0.47329343557602144 0.64970325766571535 1.8382861657808576 0.7105816302849296 0.11700828507839224 -0.2978219015591333 0.42492017018677392 0.32431800251145432 3.3183081369325973 0.44101406145147765
leaf_weight=26056 3200 8132 12645 11832 285 12978 215 39642 11032 20686 524 148 38100 4014 12199 142 10586 182 240 8000 4538 365 676 658 31780 1370 485 19582 116 104
leaf_count=26056 3200 8132 12645 11832 285 12978 215 39642 11032 20686 524 148 38100 4014 12199 142 10586 182 240 8000 4538 365 676 658 31780 1370 485 19582 116 104
internal_value=-0.000365162 -0.000327618 -0.00100129 -0.00136421 -0.00018929 -0.00200967 0.00612183 -0.000191646 -0.000694251 9.02211e-06 0.000173655 0.000261119 0.000580066 -0.00122128 -0.000371945 0.000342979 0.00135605 0.00995745 0.0148901 0.000453996 -0.00223074 -0.000756726 0.000259229 0.000820075 0.000671803 -0.000211301 0.00888312 0.00174737 0.00883696 0.0147273
internal_weight=280512 277312 46572 38440 13630 24810 985 230740 65838 164902 144216 139154 92534 43656 46620 22182 11150 564 382 20564 5062 8365 72584 33114 32438 39470 770 19950 368 220
internal_count=280512 277312 46572 38440 13630 24810 985 230740 65838 164902 144216 139154 92534 43656 46620 22182 11150 564 382 20564 5062 8365 72584 33114 32438 39470 770 19950 368 220
is_linear=0
shrinkage=0.06


Tree=99
num_leaves=31
num_cat=0
split_feature=8 3 16 13 15 13 7 13 3 3 14 10 8 5 13 3 15 15 10 13 8 2 16 13 14 0 3 14 10 8
split_gain=8.96052 6.69131 12.806 7.36566 6.59439 7.02608 6.99609 5.90848 5.93657 5.62953 9.56752 6.82242 6.70426 7.27022 10.8811 7.69471 13.3352 10.4394 7.74095 6.87755 6.09824 9.50625 5.66786 5.46404 5.14075 5.09215 5.0807 9.77081 8.50288 6.23087
threshold=1.6527216394676747 11.500000000000002 3.3256250000000001 41.82500000000001 0.82150000000000001 0.041500000000000002 1.6688301940887422 123.36500000000002 10.500000000000002 1.5000000000000002 21.115000000000006 -4.0142857142857125 1.201342073901374 1.0000000180025095e-35 9.9940000000000015 5.5000000000000009 10.301500000000003 60.485000000000007 -0.65000000000000002 82.03100000000002 0.50947370553930582 5.5000000000000009 7.6190000000000007 63.931000000000004 17.917500000000004 1.5000000000000002 9.5000000000000018 4.0810000000000004 -1.5000000000000011 1.009049387778477
decision_type=2 2 2 8 2 10 2 8 2 2 2 2 2 2 8 2 2 2 2 10 2 2 2 10 2 2 2 2 2 2
left_child=4 -2 -3 25 5 26 9 8 -8 10 20 23 13 -11 15 -15 -17 18 -18 -14 21 22 -6 -12 -22 -4 -1 28 -28 -29
right_child=1 2 3 -5 6 -7 7 -9 -10 12 11 -13 19 14 -16 16 17 -19 -20 -21 24 -23 -24 -25 -26 -27 27 29 -30 -31
leaf_value=-0.38475765567027115 -0.25344600168598436 0.30676318465625824 0.13715100408601197 -0.19932013928668857 2.258180349382032 -0.0017318747909920258 -0.059438399687219499 -0.44186220310239827 0.12940524797211039 -0.008069215106156399 0.44903000022227957 -0.024358267068080499 -0.14130553837507395 -0.40585732176663586 -0.33649393981599929 -0.074323725328894003 2.6071880707905839 -0.073714580392183121 0.49815294596944343 0.16699560019396589 0.32792503431283082 -1.4939033138546953 0.55481944905738656 -0.0054825008342839357 0.67297984266044231 -0.10101187135807753 0.60356877692204447 0.64890826276351221 -0.54533379863391085 -0.45540977746917233
leaf_weight=8115 6832 52 262 694 32 8467 2859 3908 815 192012 726 15964 21523 465 7415 321 43 80 244 1935 3372 36 28 588 480 192 268 1149 1272 363
leaf_count=8115 6832 52 262 694 32 8467 2859 3908 815 192012 726 15964 21523 465 7415 321 43 80 244 1935 3372 36 28 588 480 192 268 1149 1272 363
internal_value=-0.000357034 -0.00233217 0.0018 0.000480835 -0.000298812 -0.00135805 -0.00021656 -0.00201161 -0.00028416 -0.000161069 0.000772824 0.000163906 -0.000249548 -0.000137303 -0.00184734 0.00357502 0.00760465 0.0154169 0.0207596 -0.00120931 0.00343769 0.018375 0.033 0.00431963 0.00306542 0.00642291 -0.00234638 -0.000259503 -0.00362338 0.00316667
internal_weight=280512 8032 1200 1148 272480 19634 252846 7582 3674 245264 21226 17278 224038 200580 8568 1153 688 367 287 23458 3948 96 60 1314 3852 454 11167 3052 1540 1512
internal_count=280512 8032 1200 1148 272480 19634 252846 7582 3674 245264 21226 17278 224038 200580 8568 1153 688 367 287 23458 3948 96 60 1314 3852 454 11167 3052 1540 1512
is_linear=0
shrinkage=0.06


Tree=100
num_leaves=31
num_cat=0
split_feature=10 3 13 16 7 14 15 16 6 15 1 2 2 10 1 0 7 15 14 7 15 10 16 2 7 3 0 0 13 3
split_gain=8.9864 7.38309 9.80154 14.0882 10.3171 8.82561 8.62522 8.05504 9.4629 7.98372 7.40818 8.15677 10.5986 10.8826 9.13888 11.4577 9.34746 7.38416 12.6435 7.54963 7.36495 10.3918 13.1548 15.0004 13.7514 8.76864 7.93872 7.34275 7.11395 7.07858
threshold=5.2107142857142881 2.5000000000000004 -1.0000000180025095e-35 23.922174999999999 1.0173154496514052 23.221500000000002 21.643500000000003 24.94575 0.75743249895135267 45.185000000000009 7.5000000000000009 1.5000000000000002 3.5000000000000004 -2.6285714285714268 19.500000000000004 1.5000000000000002 1.0694323728596131 13.727500000000001 6.9585000000000008 0.99827436264285618 74.375000000000014 -0.12142857142856743 61.28475000000001 5.5000000000000009 1.3098938110695955 1.5000000000000002 1.5000000000000002 1.5000000000000002 82.03100000000002 10.500000000000002
decision_type=2 2 10 2 2 2 2 2 2 2 2 2 2 2 2 2 2 2 2 2 2 2 2 2 2 2 2 2 8 2
left_child=1 7 3 29 5 6 -5 8 -1 -4 -10 -12 13 -13 15 16 17 18 -15 -19 21 22 23 -9 25 -25 -23 -6 -22 -3
right_child=-2 2 9 4 27 -7 -8 20 10 -11 11 12 -14 14 -16 -17 -18 19 -20 -21 28 26 -24 24 -26 -27 -28 -29 -30 -31
leaf_value=-0.30564972146286656 -0.14466639241877169 -0.24545414085681855 0.031666610758921208 2.4561657238207086 -0.85835642585889005 -0.010306541538200627 0.4322317682246769 0.48403893294836942 0.062961490465585399 -0.096708168081858642 -0.16741900490247208 -1.0916593214242603 0.27874921605361669 4.2472092150112717 0.8004597290255232 3.0667897211446049 -1.4765951275769749 -2.0099700661391564 0.56175747161321044 1.0390471773930887 -0.21193889866533452 -0.39665889563456525 -0.014273055038563725 -0.056685128967913542 2.6105685575111166 1.7882973297205231 0.0028114579944824988 -0.17997114831085542 0.18307483462093466 0.0385471285997653
leaf_weight=1614 6430 46613 67517 308 3400 52232 2973 790 2570 41798 612 110 1542 66 236 114 76 50 28 66 3598 8320 1846 64 60 30 8438 9669 12614 6728
leaf_count=1614 6430 46613 67517 308 3400 52232 2973 790 2570 41798 612 110 1542 66 236 114 76 50 28 66 3598 8320 1846 64 60 30 8438 9669 12614 6728
internal_value=-0.000348906 -0.000296891 -0.000430934 -0.000800818 -0.000232016 0.00012505 0.00314355 0.000426569 0.00227498 -1.83887e-05 0.00346618 0.00554483 0.00719056 0.0130617 0.0160755 0.0216 0.0151888 0.0217143 0.0342128 0.0115862 6.04013e-05 -0.000723758 0.00266667 0.00842796 0.0255584 0.011234 -0.00128822 -0.00174872 0.00100592 -0.00153214
internal_weight=280512 274082 231238 121923 68582 55513 3281 42844 7084 109315 5470 2900 2288 746 636 400 286 210 94 116 35760 19548 2790 944 154 94 16758 13069 16212 53341
internal_count=280512 274082 231238 121923 68582 55513 3281 42844 7084 109315 5470 2900 2288 746 636 400 286 210 94 116 35760 19548 2790 944 154 94 16758 13069 16212 53341
is_linear=0
shrinkage=0.06


Tree=101
num_leaves=31
num_cat=0
split_feature=8 13 3 16 6 0 8 3 2 13 8 13 7 10 7 0 7 3 3 13 13 14 10 8 14 16 13 2 16 16
split_gain=8.24508 8.31864 13.5176 8.92598 9.30075 8.30795 9.24306 15.7163 7.2512 6.75451 6.20884 6.06046 5.53031 10.2156 5.17884 4.99089 8.10299 11.4498 17.9487 12.7797 11.1814 11.0025 10.143 12.1027 8.8843 6.54114 6.50867 5.81777 5.78073 5.25823
threshold=1.201342073901374 44.735000000000007 2.5000000000000004 22.1251 1.0949594175004533 1.5000000000000002 1.6752826858293572 8.5000000000000018 1.5000000000000002 2.1985000000000006 1.8485084372152574 82.03100000000002 1.1187848739926085 -1.9214285714285702 1.852039673004729 2.5000000000000004 1.142152666243035 6.5000000000000009 9.5000000000000018 45.955000000000005 103.18150000000001 -0.028999999999999995 6.7964285714285717 1.0170569394554836 60.011500000000005 56.761250000000004 -0.45899999999999996 3.5000000000000004 26.393250000000002 49.262325000000004
decision_type=2 8 2 2 2 2 2 2 2 10 2 10 2 2 2 2 2 2 2 10 8 2 2 2 2 2 10 2 2 2
left_child=15 3 8 4 -2 6 -6 -8 -3 -9 -10 -4 -13 -14 -11 16 17 24 19 25 28 -21 -20 -24 29 26 -19 -27 -18 -1
right_child=1 2 11 -5 5 -7 7 9 10 14 -12 12 13 -15 -16 -17 20 18 22 21 -22 -23 23 -25 -26 27 -28 -29 -30 -31
leaf_value=0.051656633884122234 -0.067978400434640304 -0.31215240668954941 -0.39229394385474314 -0.19692803417424176 0.068118653982645813 -0.044618292049776999 0.043799407979659401 0.15832858218920237 0.1318647966736253 0.23364643459345111 -1.4842773353468244 -0.25679177060955072 1.1775286184037304 0.31393216512022076 0.0038662004067059105 0.054805044177984957 0.033395569711551144 -0.54859176434727075 0.036715631842959014 0.78972001840012018 -0.45851891945644729 0.20586900374569131 3.9106789588806876 0.21399322848564331 -0.10950290459646318 -0.23309553280557294 -0.069735710292328001 0.5336958156656435 -0.27159141009293353 0.26484246305230558
leaf_weight=48936 3269 1501 17780 5817 2554 1695 317 94 6168 187 453 882 141 504 70 59770 6239 19671 37046 30 10995 3680 36 52 21644 2894 15873 926 3580 7708
leaf_count=48936 3269 1501 17780 5817 2554 1695 317 94 6168 187 453 882 141 504 70 59770 6239 19671 37046 30 10995 3680 36 52 21644 2894 15873 926 3580 7708
internal_value=-0.000341206 -0.00112261 -0.00173007 6.72699e-05 0.00134424 0.00299329 0.00478212 0.0110659 0.000323564 0.019812 0.00117716 -0.00259398 0.0010334 0.00525581 0.0147782 -0.00020579 -0.000364064 -0.0002179 -0.000721725 -0.00155509 -0.00147708 0.00181132 0.000244949 0.0205909 0.000298282 -0.00187237 -0.00212593 0.00048691 -5.50097e-06 0.000693382
internal_weight=280512 41432 27429 14003 8186 4917 3222 668 8122 351 6621 19307 1527 645 257 239080 179310 158496 80208 43074 20814 3710 37134 88 78288 39364 35544 3820 9819 56644
internal_count=280512 41432 27429 14003 8186 4917 3222 668 8122 351 6621 19307 1527 645 257 239080 179310 158496 80208 43074 20814 3710 37134 88 78288 39364 35544 3820 9819 56644
is_linear=0
shrinkage=0.06


Tree=102
num_leaves=31
num_cat=0
split_feature=8 3 16 7 1 1 3 14 5 3 1 2 14 7 1 0 12 3 15 2 8 14 2 14 2 8 0 16 7 7
split_gain=8.79528 7.13518 12.4383 6.74836 6.90305 9.28984 9.8387 10.3452 9.6329 8.86188 10.2922 11.5559 10.152 9.67075 8.18539 8.14656 7.72971 7.62668 7.19289 9.05013 9.99599 9.35303 8.25435 13.0654 13.7421 12.1384 8.88503 10.7757 9.36952 7.16709
threshold=1.6910216035344157 11.500000000000002 3.3256250000000001 1.6688301940887422 6.5000000000000009 21.500000000000004 1.5000000000000002 78.042500000000018 1.0000000180025095e-35 9.5000000000000018 16.500000000000004 4.5000000000000009 64.456000000000003 0.93295961249579562 8.5000000000000018 2.5000000000000004 0.086250000000000007 6.5000000000000009 47.854000000000006 1.5000000000000002 0.94132570139904959 18.214000000000002 5.5000000000000009 2.2810000000000001 2.5000000000000004 0.50336476129417551 1.5000000000000002 18.452950000000005 1.0918676722030483 1.0090088923758584
decision_type=2 2 2 2 2 2 2 2 2 2 2 2 2 2 2 2 2 2 2 2 2 2 2 2 2 2 2 2 2 2
left_child=3 -2 -3 4 17 6 7 18 9 10 11 14 16 -12 -8 -15 -11 29 19 20 21 -6 23 24 -21 -25 28 -28 -27 -1
right_child=1 2 -4 -5 5 -7 8 -9 -10 12 13 -13 -14 15 -16 -17 -18 -19 -20 22 -22 -23 -24 25 -26 26 27 -29 -30 -31
leaf_value=0.02426761715753236 -0.27423505719032687 0.30526826290656078 0.014297375521860131 -0.095676172632577078 0.10966712572545101 -0.13796492568953483 0.27132957386638701 -0.02680163592576813 -0.24290996404400345 0.38692030380838149 0.41934032079972461 -0.17677473034141555 -0.08683575740810999 -0.064249823632686553 -0.059569475318678615 0.41646292880269925 -0.086844989533932923 -0.14201918432627322 0.24844426629719252 4.4561006432508394 -0.60949717076524157 7.7875345890859977 0.12073987570497466 2.2469459209905822 0.72706673484356432 1.3431873020125247 2.4828480796932317 1.9645846884779281 -1.1001105820220791 -0.14879853407134697
leaf_weight=31464 5536 44 852 8392 166 22400 10320 6188 6080 19114 9160 20000 15562 20184 40240 6728 3876 39192 3856 46 718 94 674 52 190 744 40 588 404 7608
leaf_count=31464 5536 44 852 8392 166 22400 10320 6188 6080 19114 9160 20000 15562 20184 40240 6728 3876 39192 3856 46 718 94 674 52 190 744 40 588 404 7608
internal_value=-0.000336714 -0.00252985 0.0024375 -0.000285247 -0.000232334 -3.47035e-05 0.000120926 0.00165698 -1.8803e-05 7.91808e-05 -0.00020268 -0.000624151 0.000858787 0.000621755 -0.00014122 4.86014e-05 0.00165985 -0.000705613 0.00314421 0.00502799 7.36182e-05 0.0101538 0.00679766 0.00868023 0.0219661 0.00696499 0.00612838 0.0118662 0.00298955 -0.000112409
internal_weight=280512 6432 896 274080 265688 187424 165024 13760 151264 145184 106632 70560 38552 36072 50560 26912 22990 78264 7572 3716 978 260 2738 2064 236 1828 1776 628 1148 39072
internal_count=280512 6432 896 274080 265688 187424 165024 13760 151264 145184 106632 70560 38552 36072 50560 26912 22990 78264 7572 3716 978 260 2738 2064 236 1828 1776 628 1148 39072
is_linear=0
shrinkage=0.06


Tree=103
num_leaves=31
num_cat=0
split_feature=10 5 1 1 3 15 3 16 1 2 1 13 14 2 14 15 16 0 14 13 14 2 2 10 13 7 6 14 6 0
split_gain=8.25547 6.23601 6.89132 8.57896 10.3728 11.0532 10.6175 10.5343 9.52864 11.7543 9.40042 10.3155 10.8677 10.3252 8.92687 11.6222 37.5048 15.0895 14.4149 10.4119 10.6015 9.48476 15.4887 8.56635 8.51782 8.46199 8.41157 7.66918 8.81592 8.38404
threshold=5.2107142857142881 1.0000000180025095e-35 6.5000000000000009 20.500000000000004 1.5000000000000002 4.4810000000000008 10.500000000000002 8.0635000000000012 16.500000000000004 4.5000000000000009 8.5000000000000018 53.004000000000012 39.355000000000011 1.0000000180025095e-35 35.913500000000006 69.925000000000026 38.859500000000004 1.5000000000000002 2.5990000000000006 35.301500000000004 20.461500000000004 2.5000000000000004 1.5000000000000002 1.0428571428571423 39.192500000000003 0.74051152712390955 1.1284287348471584 153.70500000000001 1.8238935004710009 1.0000000180025095e-35
decision_type=2 2 2 2 2 2 2 2 2 2 2 8 2 2 2 2 2 2 2 8 2 2 2 2 10 2 2 2 2 2
left_child=1 2 23 4 5 7 8 26 9 10 -6 12 13 -12 15 16 17 18 21 20 -19 22 -7 -1 27 -10 -4 28 -8 -30
right_child=-2 -3 3 -5 6 14 24 -9 25 -11 11 -13 -14 -15 -16 -17 -18 19 -20 -21 -22 -23 -24 -25 -26 -27 -28 -29 29 -31
leaf_value=-0.042639023228922893 -0.12979592261539838 -0.16519511271608778 0.31548950144117677 -0.10742722544346037 0.29083335812407596 -1.2922814639585611 0.20398406361704557 0.66486842795436241 0.61185399162401366 -0.14714614058403458 0.41296923652993289 -0.19210444445242444 -0.2393716281301318 0.055205609983624178 0.069794649462073199 -0.29134034714636353 15.273225599572534 2.4565586508031725 -0.64196324615263189 2.0067922656887793 1.7148705336872769 0.34277616111078824 4.1359050213488011 -0.2092559344100898 -0.087589708980611192 0.03389436424656541 1.0394655181532315 2.4945133805558291 0.75106480354494443 0.20790436916370905
leaf_weight=64652 6430 11744 54 32842 12008 26 13541 840 4386 23224 2610 31125 5444 8669 8630 924 142 47 798 583 46 128 48 11910 7560 28840 104 2450 179 528
leaf_count=64652 6430 11744 54 32842 12008 26 13541 840 4386 23224 2610 31125 5444 8669 8630 924 142 47 798 583 46 128 48 11910 7560 28840 104 2450 179 528
internal_value=-0.000329014 -0.000279159 -0.000218605 -2.11882e-05 0.000167757 0.00183347 2.11704e-05 0.00788777 -0.000216981 -0.000560425 -0.00011588 -0.000492561 0.000709321 0.00177196 0.00130214 0.00428446 0.00706931 0.00456086 -0.000120001 0.0114852 0.030129 0.014198 0.0312973 -0.000697632 0.001163 0.000641785 0.0221013 0.00191951 0.0013863 0.00791796
internal_weight=280512 274082 262338 185776 152934 12370 140564 998 116306 83080 59856 47848 16723 11279 11372 2742 1818 1676 1000 676 93 202 74 76562 24258 33226 158 16698 14248 707
internal_count=280512 274082 262338 185776 152934 12370 140564 998 116306 83080 59856 47848 16723 11279 11372 2742 1818 1676 1000 676 93 202 74 76562 24258 33226 158 16698 14248 707
is_linear=0
shrinkage=0.06


Tree=104
num_leaves=31
num_cat=0
split_feature=8 6 10 7 12 15 16 15 3 1 8 7 3 7 10 0 3 3 2 10 15 12 3 7 15 2 6 6 7 2
split_gain=7.76803 5.7218 7.53025 5.31676 5.03381 5.01134 4.75304 5.5799 7.46588 7.67687 8.88349 4.75284 5.85933 6.23415 6.33383 6.17878 4.59379 10.9365 8.86443 17.2629 13.2815 9.18036 7.90865 15.1164 14.5513 17.6653 9.63921 7.84488 7.51373 7.38619
threshold=1.201342073901374 1.1059715067539362 -1.2642857142857133 0.48646527971675163 0.096250000000000016 -6.044999999999999 23.566975000000003 19.932500000000001 11.500000000000002 5.5000000000000009 1.7361126636483661 1.6688301940887422 10.500000000000002 2.1172470467588353 -2.0703296703296696 1.0000000180025095e-35 6.5000000000000009 7.5000000000000009 2.5000000000000004 6.503571428571429 2.9715000000000003 0.0037500000000000003 8.5000000000000018 0.99362685940203177 23.731500000000004 1.0000000180025095e-35 1.13442862084841 1.5817078953507449 0.68313313766419925 3.5000000000000004
decision_type=2 2 2 2 2 2 2 2 2 2 2 2 2 2 2 2 2 2 2 2 2 2 2 2 2 2 2 2 2 2
left_child=5 -2 4 -4 -3 -1 7 8 -5 -10 -11 16 -13 -14 -15 -16 -7 28 19 20 -19 -22 23 -23 26 -26 -25 -28 -18 -30
right_child=1 2 3 6 -6 11 -8 -9 9 10 -12 12 13 14 15 -17 17 18 -20 -21 21 22 -24 24 25 -27 27 -29 29 -31
leaf_value=-0.32344015254382047 -0.20744262153448978 0.2345266961729075 0.39239002022366554 0.0033946237168693567 -0.017662313680482759 0.015090718502619237 -0.28886153365535167 -0.14067495760822463 -0.014029234876962485 0.11537931423251167 0.31568099518131915 -0.20330338245274715 0.010462880947476352 1.1902072362163125 1.007688290427873 -0.14123963734237091 -0.68803427082863811 -0.2960478415204853 -0.080125083585723456 2.8568276151515954 0.11295747322547955 0.61217808902575688 0.30622988033791265 -0.076962659014682105 2.0052929863053612 3.6715688903653794 1.8701951913721051 -0.11263847666080612 -0.18531848978645099 0.022807637695261906
leaf_weight=966 14382 3516 402 4870 3898 116172 11354 2440 236 244 90 3716 840 32 36 76 3394 5326 54186 132 30258 1456 4072 316 120 178 170 60 10602 6972
leaf_count=966 14382 3516 402 4870 3898 116172 11354 2440 236 244 90 3716 840 32 36 76 3394 5326 54186 132 30258 1456 4072 316 120 178 170 60 10602 6972
internal_value=-0.000327945 -0.00108641 -0.000572275 -0.00118741 0.00105692 -0.000196505 -0.00133015 -0.000197971 0.000871322 0.00736842 0.0132216 -0.000179008 -0.00206809 0.00204878 0.0135833 0.00685714 -0.00014097 -0.000405931 -0.00013549 0.000517771 0.000449612 0.000856673 0.00292655 0.00573913 0.012128 0.0227919 0.00630769 0.0156522 -0.00164765 -0.00114852
internal_weight=280512 41432 27050 19636 7414 239080 19234 7880 5440 570 334 238114 4700 984 144 112 233414 117242 96274 42088 41956 36630 6372 2300 844 298 546 230 20968 17574
internal_count=280512 41432 27050 19636 7414 239080 19234 7880 5440 570 334 238114 4700 984 144 112 233414 117242 96274 42088 41956 36630 6372 2300 844 298 546 230 20968 17574
is_linear=0
shrinkage=0.06


Tree=105
num_leaves=31
num_cat=0
split_feature=8 13 15 7 16 3 0 13 8 13 10 13 3 16 7 0 13 16 7 3 3 15 7 5 16 16 15 1 3 3
split_gain=7.94394 6.93974 7.6074 7.62194 9.60756 6.61939 11.8922 9.14529 7.03241 5.9016 5.75782 5.31431 7.39375 8.36764 5.15814 5.15992 8.59824 10.7079 10.2906 9.30784 19.8511 11.7448 10.5659 9.35546 9.08036 7.5344 5.43027 5.34746 6.04672 8.53706
threshold=1.6076400949761156 35.741000000000007 19.271500000000003 1.0575020862977389 22.471 8.5000000000000018 1.5000000000000002 2.7310000000000003 1.6752826858293572 30.715000000000003 4.6535714285714302 51.57500000000001 10.500000000000002 26.046250000000004 0.50481221658224584 2.5000000000000004 -0.45899999999999996 86.313725000000005 1.142152666243035 6.5000000000000009 9.5000000000000018 51.401000000000003 0.98981418594101689 1.0000000180025095e-35 38.859500000000004 3.8067500000000005 44.653500000000001 17.500000000000004 9.5000000000000018 4.5000000000000009
decision_type=2 8 2 2 2 2 2 10 2 10 2 8 2 2 2 2 10 2 2 2 2 2 2 2 2 2 2 2 2 2
left_child=10 2 3 -2 5 9 7 8 -7 -5 14 12 -12 -14 -1 16 18 26 19 -16 21 -21 -22 25 -23 -24 -18 -17 29 -29
right_child=1 -3 -4 4 -6 6 -8 -9 -10 -11 11 -13 13 -15 15 27 17 -19 -20 20 22 24 23 -25 -26 -27 -28 28 -30 -31
leaf_value=0.12896806383915865 -0.26900456470326173 -0.34467601358307814 -0.16444928646240708 0.043138958527348052 -0.17546064688738353 0.015162477088106693 -0.45683974410566974 0.15104027705427889 0.13951311209727249 1.3967256464284421 -0.074107495141581617 -0.41973683341587542 0.12865537232702653 -0.15089159250258674 0.012937229177251498 -0.021546232310957255 0.041289008650044694 -0.31529022569204862 -0.28441001308873898 -0.51298096991329434 -0.44768134231730106 0.73953885267681652 -0.32796374541104928 -1.2034145187780179 -0.25311441441630766 0.60185119401165899 -0.059230418758659191 -0.0039510197337720215 -0.32224485028384153 0.59982513624339462
leaf_weight=10690 604 6305 1313 519 331 35 102 291 106 26 2396 4214 520 314 40173 48354 55802 11766 14555 18684 4853 1009 1600 761 2680 12970 23361 5240 4074 6864
leaf_count=10690 604 6305 1313 519 331 35 102 291 106 26 2396 4214 520 314 40173 48354 55802 11766 14555 18684 4853 1009 1600 761 2680 12970 23361 5240 4074 6864
internal_value=-0.000320031 -0.00201329 0.000203786 0.00252036 0.00493617 0.00767933 0.012427 0.0167778 0.0293191 0.00302752 -0.000259821 -0.00190543 -7.43048e-05 0.00479137 -0.000213321 -0.000267923 -0.000426665 -7.19386e-06 -0.00081873 -0.000559895 -0.00117823 -0.00240907 0.000186087 0.000958449 0.000684737 0.00129718 0.000243825 0.000195065 0.00113932 0.00181229
internal_weight=280512 9632 3327 2014 1410 1079 534 432 141 545 270880 7444 3230 834 263436 252746 188214 90929 97285 82730 42557 22373 20184 15331 3689 14570 79163 64532 16178 12104
internal_count=280512 9632 3327 2014 1410 1079 534 432 141 545 270880 7444 3230 834 263436 252746 188214 90929 97285 82730 42557 22373 20184 15331 3689 14570 79163 64532 16178 12104
is_linear=0
shrinkage=0.06


Tree=106
num_leaves=31
num_cat=0
split_feature=10 8 13 15 7 14 13 2 13 16 3 3 16 6 15 0 6 8 3 3 13 2 13 15 8 2 14 13 16 5
split_gain=7.55392 6.17415 7.18677 7.90154 7.10609 9.97648 7.39268 12.2766 5.79762 5.07712 9.42227 4.85438 7.66949 8.05655 7.70122 9.54139 7.56378 7.53887 9.59096 8.01564 9.31683 8.23882 8.90295 8.15043 7.54484 8.56695 9.73691 10.3283 7.33373 6.00201
threshold=5.3964285714285696 1.6910216035344157 40.041000000000004 19.271500000000003 1.0575020862977389 19.541500000000003 2.7310000000000003 3.5000000000000004 53.004000000000012 22.471 10.500000000000002 2.5000000000000004 24.94575 0.75743249895135267 74.375000000000014 1.5000000000000002 2.1045389795481735 1.0521899627939624 4.5000000000000009 5.5000000000000009 44.735000000000007 1.5000000000000002 9.4025000000000016 80.465500000000006 1.0949809965926092 1.0000000180025095e-35 5.1325000000000012 98.437500000000014 132.84892500000004 1.0000000180025095e-35
decision_type=2 2 8 2 2 2 10 2 8 2 2 2 2 2 2 2 2 2 2 2 8 2 8 2 2 2 2 10 2 2
left_child=1 11 3 4 -3 6 7 -6 9 10 -2 12 13 -1 15 -14 -17 29 -19 21 -21 22 -20 24 -24 -26 -27 -28 -23 -13
right_child=8 2 -4 -5 5 -7 -8 -9 -10 -11 -12 17 14 -15 -16 16 -18 18 19 20 -22 28 23 -25 25 26 27 -29 -30 -31
leaf_value=-0.2582258260906955 -0.0322074910355249 -0.2749315774690177 -0.39379426545544738 -0.23998350291927334 0.10301627242960891 -0.16211072177090766 0.14992915997999162 0.17655572687582097 -0.45861703714623808 -0.25241311493036278 0.10773708233162256 -0.011672871338075277 -0.27155155080698729 0.29492306811495117 0.12016976860030189 0.092210903183734011 0.98293860799011268 -0.25990592289450498 -0.23665809398419405 0.021704644281913633 -0.26425081612291573 -0.0068717010846760006 0.086624171837709332 0.12287038423050979 0.89801158095747569 0.31928348450268756 1.9823289729601403 0.080213115599136894 1.1240257916886891 -0.18246392650353349
leaf_weight=1488 1425 377 3673 877 80 275 457 73 3217 808 470 178294 9554 4984 15942 9602 44 6670 234 10886 18762 2722 116 272 152 64 138 36 46 8774
leaf_count=1488 1425 377 3673 877 80 275 457 73 3217 808 470 178294 9554 4984 15942 9602 44 6670 234 10886 18762 2722 116 272 152 64 138 36 46 8774
internal_value=-0.000311903 -0.000266185 -0.00220096 0.000563813 0.0036038 0.00654237 0.0108197 0.0222353 -0.00243243 -0.000384019 0.00131398 -0.000224348 0.000371412 0.00226947 2.18528e-05 -0.000787501 0.000543644 -0.000333484 -0.00108006 -0.000665551 -0.000997303 0.00193651 0.00656917 0.00965553 0.0141581 0.0181538 0.0252605 0.0326207 0.000242773 -0.000173457
internal_weight=280512 274592 5812 2139 1262 885 610 153 5920 2703 1895 268780 41614 6472 35142 19200 9646 227166 40098 33428 29648 3780 1012 778 506 390 238 174 2768 187068
internal_count=280512 274592 5812 2139 1262 885 610 153 5920 2703 1895 268780 41614 6472 35142 19200 9646 227166 40098 33428 29648 3780 1012 778 506 390 238 174 2768 187068
is_linear=0
shrinkage=0.06


Tree=107
num_leaves=31
num_cat=0
split_feature=8 13 16 6 0 3 10 13 1 1 1 2 13 15 12 3 16 8 15 1 3 16 10 0 15 8 1 3 12 16
split_gain=7.59188 7.42761 6.91756 7.30058 9.77805 13.7533 6.17988 5.83206 5.12823 8.78387 8.32118 7.61791 7.61612 7.58977 8.54995 8.0856 9.55578 12.5213 11.4784 10.0195 7.16704 10.3828 8.45294 9.9908 9.01071 6.83029 6.64637 6.588 6.34753 5.87873
threshold=1.6910216035344157 40.041000000000004 21.357250000000004 0.96789600324889957 1.5000000000000002 8.5000000000000018 5.3964285714285696 2.1985000000000006 22.500000000000004 15.500000000000002 19.500000000000004 4.5000000000000009 -1.0000000180025095e-35 32.384000000000007 0.28375 10.500000000000002 77.21050000000001 0.99999968811882878 3.0725000000000002 5.5000000000000009 1.5000000000000002 74.733400000000003 -9.1535714285714267 1.5000000000000002 18.962500000000002 0.98491328184363613 6.5000000000000009 9.5000000000000018 0.16875000000000004 19.695225000000004
decision_type=2 8 2 2 2 2 2 10 2 2 2 2 10 2 2 2 2 2 2 2 2 2 2 2 2 2 2 2 2 2
left_child=6 2 3 -2 5 -5 8 -7 9 11 20 12 13 15 26 -1 -17 -18 -19 -20 21 22 -11 -24 -25 -22 27 -15 -13 -14
right_child=1 -3 -4 4 -6 7 -8 -9 -10 10 -12 28 29 14 -16 16 17 18 19 -21 25 -23 23 24 -26 -27 -28 -29 -30 -31
leaf_value=-0.20696690027735826 -0.25839302196413544 -0.39102206270002843 -0.20322388821066062 0.021420316170187428 -0.27813088347335152 0.13902949686434896 -0.10820722371739885 0.15045651085599815 -0.16364190854518146 1.4956982257756122 -0.051077043382930558 -0.065093644189045008 0.11082950593199049 0.010797686275906489 -0.35459038838359247 0.023072899538200048 -1.8742360235755864 5.5992521517246736 5.3959681165307529 6.441559119480992 0.38872773439804165 0.13107419721650393 0.54574193774072588 2.6339182294729393 2.0246691754704411 0.035988859600049487 0.28852237068593728 -0.59654452612404563 -0.17148798781556879 -0.0041268112652547992
leaf_weight=28818 358 4003 1044 335 348 92 5300 252 11238 38 33644 41828 17474 10402 4825 3097 171 51 114 227 9734 1978 1012 56 484 31274 16753 3086 9312 43164
leaf_count=28818 358 4003 1044 335 348 92 5300 252 11238 38 33644 41828 17474 10402 4825 3097 171 51 114 227 9734 1978 1012 56 484 31274 16753 3086 9312 43164
internal_value=-0.0003057 -0.00234329 0.000274185 0.00305415 0.00562609 0.00981738 -0.000257882 0.0182442 -0.000217875 -0.000163128 0.000367424 -0.000394554 -0.000147542 -0.000585753 2.63489e-05 -0.00124663 0.00140983 0.00860035 0.0145102 0.0105396 0.00090506 0.0034843 0.00709434 0.00640979 0.013 0.000680646 0.000400581 -0.000590749 -0.00101369 0.000340577
internal_weight=280512 6432 2429 1385 1027 679 274080 344 268780 257542 78220 179322 128182 67544 35066 32478 3660 563 392 341 44576 3568 1590 1552 540 41008 30241 13488 51140 60638
internal_count=280512 6432 2429 1385 1027 679 274080 344 268780 257542 78220 179322 128182 67544 35066 32478 3660 563 392 341 44576 3568 1590 1552 540 41008 30241 13488 51140 60638
is_linear=0
shrinkage=0.06


Tree=108
num_leaves=31
num_cat=0
split_feature=8 13 16 7 0 13 7 2 10 13 13 7 13 1 5 1 2 1 1 2 7 2 14 2 8 13 16 16 10 0
split_gain=8.32192 6.40628 5.95113 8.58169 5.53301 7.55121 7.26762 6.26087 5.29352 5.29188 5.03687 4.71106 7.52995 4.79437 6.77628 7.41214 8.52736 9.67164 6.74089 5.79918 5.58395 5.46032 8.8914 5.36672 5.2629 6.48951 12.675 6.29827 5.81722 7.55781
threshold=1.6910216035344157 42.342500000000008 21.765350000000002 1.0360042597932013 1.5000000000000002 2.0515000000000003 1.6970539312540796 3.5000000000000004 4.6535714285714302 51.57500000000001 28.951500000000003 1.6327050688293541 123.36500000000002 6.5000000000000009 1.0000000180025095e-35 20.500000000000004 4.5000000000000009 14.500000000000002 9.5000000000000018 1.0000000180025095e-35 0.9131493652723206 5.5000000000000009 1.0000000180025095e-35 5.5000000000000009 1.3506116671066939 79.413500000000013 36.74537500000001 2.32525 -4.0142857142857125 1.5000000000000002
decision_type=2 8 2 2 2 10 2 2 2 8 10 2 8 2 2 2 2 2 2 2 2 2 2 2 2 10 2 2 2 2
left_child=8 2 3 -2 5 6 7 -5 11 -10 -6 13 -13 19 15 16 18 20 -15 -1 -18 -19 -23 -17 27 -26 -27 28 29 -21
right_child=1 -3 -4 4 10 -7 -8 -9 9 -11 -12 12 -14 14 -16 23 17 21 -20 24 -22 22 -24 -25 25 26 -28 -29 -30 -31
leaf_value=-0.20833694821338131 -0.45480798631442221 -0.36715610094103712 -0.19549094099289857 -0.042580551685200412 -0.36761066792669622 0.089007165521112944 0.11439983605466002 0.17812620366216725 -0.0018246849883678761 -0.37256826056186965 0.75133046376546564 0.010669574020938814 -0.33893715480126496 0.30172302253072791 -0.19952037065900383 -0.14225960904315707 -0.3631855468508749 -0.071147569210936859 0.049768430139732339 0.027793054685503575 -0.078172894749895722 0.58733921599055228 0.14530251458809212 0.13434575294418472 -0.24565596755814206 1.4811583754247168 0.01857720290494206 -0.0028794775758318762 -0.15749115275164893 1.3214919963322012
leaf_weight=11060 399 3974 1041 46 236 598 47 46 3321 4311 45 4174 4456 22344 7348 26934 4846 8546 80626 194 17876 594 8074 4412 3338 45 243 56640 4632 66
leaf_count=11060 399 3974 1041 46 236 598 47 46 3321 4311 45 4174 4456 22344 7348 26934 4846 8546 80626 194 17876 594 8074 4412 3338 45 243 56640 4632 66
internal_value=-0.000293935 -0.00242724 -1.95295e-05 0.00251094 0.00543418 0.00816553 0.0207626 0.0109565 -0.000243872 -0.00180189 -0.00172954 -0.000199245 -0.00157822 -0.000153086 1.4536e-05 8.97995e-05 0.000273073 -0.000471155 0.000561716 -0.000552469 -0.00128387 0.000601602 0.00166267 -0.000745743 -0.000336844 -0.00255819 0.00608333 -0.000205943 -0.00227147 0.00646154
internal_weight=280512 6432 2458 1417 1018 737 139 92 274080 7632 281 266448 8630 257818 181600 174252 142906 39936 102970 76218 22722 17214 8668 31346 65158 3626 288 61532 4892 260
internal_count=280512 6432 2458 1417 1018 737 139 92 274080 7632 281 266448 8630 257818 181600 174252 142906 39936 102970 76218 22722 17214 8668 31346 65158 3626 288 61532 4892 260
is_linear=0
shrinkage=0.06


Tree=109
num_leaves=31
num_cat=0
split_feature=8 13 0 7 1 14 12 3 3 13 1 3 10 7 8 8 14 6 3 6 10 10 14 3 2 3 14 15 15 2
split_gain=8.21339 5.76444 14.5371 14.2871 8.8059 8.23124 8.05769 7.61727 14.6612 7.34314 6.76468 6.75016 7.11861 8.2823 6.73198 6.52282 8.82185 6.46891 9.72383 7.87515 8.31215 6.3763 5.89185 8.18679 9.40139 8.93446 9.76748 5.41811 5.47694 7.8096
threshold=1.8886463969291711 -0.45899999999999996 1.5000000000000002 1.0000317254658451 15.500000000000002 61.513500000000008 0.69375000000000009 6.5000000000000009 10.500000000000002 -1.0174999999999998 21.500000000000004 11.500000000000002 -1.349999999999999 0.49714883308254898 0.70626397926786477 1.0044737539161852 2.1735000000000002 1.2619264532143115 10.500000000000002 1.8238935004710009 1.7667582417582424 -6.5357142857142865 31.251500000000004 8.5000000000000018 1.5000000000000002 4.5000000000000009 11.041500000000001 28.081000000000003 22.055000000000003 3.5000000000000004
decision_type=2 10 2 2 2 2 2 2 2 8 2 2 2 2 2 2 2 2 2 2 2 2 2 2 2 2 2 2 2 2
left_child=1 2 3 7 6 17 14 -1 -9 -5 -6 -7 13 -13 22 16 27 -3 -19 -20 -21 -11 23 24 -4 -26 -27 28 29 -10
right_child=-2 5 4 9 10 11 -8 8 15 21 -12 12 -14 -15 -16 -17 -18 18 19 20 -22 -23 -24 -25 25 26 -28 -29 -30 -31
leaf_value=0.0033798370842183087 -0.19299883041862798 0.0099829833092108765 -0.48631342915167836 0.12975242249902783 0.39223855283461739 -0.05272903207594018 -0.40653527393790734 -0.36464088444316201 1.7526681569026668 0.59118600237990793 -0.13050088248266192 2.0954825106579826 -0.55867924907641353 0.78907839057929807 -0.069043646738278591 -0.705866894205888 0.39174649386189175 0.027359112680866774 0.12419785305431294 0.054852464957969242 0.49352061371029249 -0.31179716790530332 0.045916304738933135 -0.0040698620680869298 0.90975307449633303 0.74737563983898825 2.171233726598484 -0.091100966162031199 3.9768800383591025 -0.54561167628868257
leaf_weight=27290 2664 80417 190 481 17542 35273 5382 19651 81 379 5935 26 5613 386 37964 1252 7127 10219 1971 227 440 15357 2954 703 374 191 210 86 43 84
leaf_count=27290 2664 80417 190 481 17542 35273 5382 19651 81 379 5935 26 5613 386 37964 1252 7127 10219 1971 227 440 15357 2954 703 374 191 210 86 43 84
internal_value=-0.00029693 -0.000265139 -0.000529999 -0.00113274 7.60011e-05 1.6852e-05 -0.000390011 -0.000675802 -0.00136506 -0.00269976 0.00102815 -0.000688364 -0.0025444 0.00506796 -0.00011356 0.000689725 0.00136558 0.000329093 0.00157875 0.00482638 0.0104618 -0.00292298 0.00204846 0.00489928 0.00848705 0.0114194 0.0176409 0.011551 0.0167885 0.0118182
internal_weight=280512 277848 143276 71831 71445 134572 47968 55614 28324 16217 23477 41298 6025 412 42586 8673 7421 93274 12857 2638 667 15736 4622 1668 965 775 401 294 208 165
internal_count=280512 277848 143276 71831 71445 134572 47968 55614 28324 16217 23477 41298 6025 412 42586 8673 7421 93274 12857 2638 667 15736 4622 1668 965 775 401 294 208 165
is_linear=0
shrinkage=0.06


Tree=110
num_leaves=31
num_cat=0
split_feature=10 8 3 16 7 13 3 3 13 1 16 10 8 3 15 15 12 2 13 15 7 8 0 15 16 0 16 3 15 2
split_gain=7.58778 5.62329 6.02288 11.2056 4.66088 7.07166 5.31199 9.44751 10.0351 8.56273 7.79085 11.1555 7.41936 17.2421 9.21508 16.8325 15.2873 11.4076 8.7718 8.27786 7.23087 17.1054 9.05361 8.65397 12.2024 8.11379 7.74537 6.74449 6.72647 11.1568
threshold=4.767857142857145 1.6910216035344157 11.500000000000002 3.3256250000000001 1.6327050688293541 123.36500000000002 6.5000000000000009 7.5000000000000009 5.0825000000000005 4.5000000000000009 61.968250000000012 2.8928571428571441 0.68711805000605286 4.5000000000000009 26.981000000000005 1.7510000000000001 1.3912500000000001 4.5000000000000009 90.535000000000011 163.66250000000002 0.86188134568477681 1.1604702845722512 1.5000000000000002 26.981000000000005 41.516500000000001 1.5000000000000002 31.981249999999999 5.5000000000000009 7.4910000000000005 4.5000000000000009
decision_type=2 2 2 2 2 8 2 2 8 2 2 2 2 2 2 2 2 2 10 2 2 2 2 2 2 2 2 2 2 2
left_child=1 4 -3 -4 6 -6 12 8 20 -9 -10 -12 13 -1 15 -15 27 19 -18 -16 -8 22 23 -22 26 -23 -25 -17 -29 -30
right_child=-2 2 3 -5 5 -7 7 9 10 -11 11 -13 -14 14 17 16 18 -19 -20 -21 21 25 -24 24 -26 -27 -28 28 29 -31
leaf_value=-0.034900114442277003 -0.10230647900225548 -0.20880606933300272 0.36304100676159129 0.019655742876640611 0.0061741719447018818 -0.30327932950007092 -0.32148422344519639 -0.13780173018158501 -0.20048857187010355 0.011991431974400219 -0.023406403895526048 0.78338118452247607 -0.0034373416305263876 -0.21662926000568222 -0.039983027641262117 0.91556965220216546 1.6546103399609611 0.80619675108175992 -0.79277133073812056 5.3217146115243228 0.23871854589642189 0.58149447602313209 -0.36261270165403864 0.273228053576695 -0.13078519777245901 0.24006174726160437 0.31789345078139114 -0.29879369921118887 0.17729980025228867 2.3114612273901147
leaf_weight=8830 7994 4804 44 736 4207 4489 558 22740 16899 85410 3671 161 113474 528 2304 1072 145 520 25 46 406 60 532 122 70 39 52 330 170 74
leaf_count=8830 7994 4804 44 736 4207 4489 558 22740 16899 85410 3671 161 113474 528 2304 1072 145 520 25 46 406 60 532 122 70 39 52 330 170 74
internal_value=-0.000290085 -0.000236639 -0.00212106 0.00276923 -0.000197219 -0.00156348 -0.000151211 -0.000419983 -0.00153655 -0.000186964 -0.00191337 0.000529226 0.00012431 0.00142523 0.0041611 0.00695222 0.00969383 0.00188153 0.0268235 0.000102126 0.00271125 0.00519438 0.00318782 0.00793846 0.0168689 0.0291515 0.0253793 0.00792466 0.00267596 0.0102295
internal_weight=280512 272518 5584 780 266934 8696 258238 130720 22570 108150 20731 3832 127518 14044 5214 2344 1816 2870 170 2350 1839 1281 1182 650 244 99 174 1646 574 244
internal_count=280512 272518 5584 780 266934 8696 258238 130720 22570 108150 20731 3832 127518 14044 5214 2344 1816 2870 170 2350 1839 1281 1182 650 244 99 174 1646 574 244
is_linear=0
shrinkage=0.06


Tree=111
num_leaves=31
num_cat=0
split_feature=10 6 13 0 8 12 13 7 14 6 0 13 5 10 8 0 7 12 6 10 13 12 2 14 2 10 14 14 8 15
split_gain=7.38534 6.39497 7.23029 5.49327 5.37068 5.29089 7.89797 5.41316 5.27466 6.29833 6.76089 5.32802 6.11565 4.78993 4.68369 7.23597 8.20996 11.0972 6.57965 6.7009 6.3185 6.00261 5.98945 9.15396 10.4687 12.226 5.80063 6.26381 6.06255 5.21095
threshold=1.0714285714285701 0.60961989695922447 42.342500000000008 1.5000000000000002 1.1130503917353765 0.87875000000000003 53.767500000000005 1.0047109541725143 33.511500000000005 1.1505216241342457 1.5000000000000002 1.5940000000000001 1.0000000180025095e-35 3.6928571428571439 0.8770300146298603 1.5000000000000002 0.94690212221826886 0.21875000000000003 0.99754240848090603 -2.5285714285714276 10.914000000000001 0.28375 4.5000000000000009 13.283500000000002 1.0000000180025095e-35 -0.54999999999999905 23.605000000000004 11.411000000000003 0.65717552503754051 34.902500000000011
decision_type=2 2 8 2 2 2 8 2 2 2 2 10 2 2 2 2 2 2 2 2 8 2 2 2 2 2 2 2 2 2
left_child=5 13 8 -4 -5 14 7 -7 9 -3 11 12 -11 -2 15 16 22 -18 -16 -20 -17 26 23 24 -1 -26 27 -22 -29 -19
right_child=1 2 3 4 -6 6 -8 -9 -10 10 -12 -13 -14 -15 18 20 17 29 19 -21 21 -23 -24 -25 25 -27 -28 28 -30 -31
leaf_value=-0.43785646996491251 0.23057348174299205 -0.09481812625256604 -0.28674291947080321 0.0067369156330911962 -0.40161728011960057 -0.15617440051854167 -0.37502133934411125 0.14263742838200055 -0.22124190189869578 0.065210070954132726 -0.28733602180660139 0.075631771991741065 0.12012607120492873 -0.33079362300397963 -0.1420861117405352 0.68288873550777385 -0.31503430227097723 0.5655942240992835 0.15553090008925705 -0.016740296688904265 0.30656786722124213 -0.23590402108995936 -0.27709526968276954 -0.15799271584891714 1.0185964810290296 -0.069188806072784381 0.16893102992072773 1.1478344766846067 0.61583167276412332 -0.5438810427858275
leaf_weight=978 6534 4546 12210 7266 6273 2092 6901 2713 4137 656 1257 3665 44 1682 19778 1005 4098 1040 5856 160716 2463 3056 2470 3548 2336 1024 10874 583 465 246
leaf_count=978 6534 4546 12210 7266 6273 2092 6901 2713 4137 656 1257 3665 44 1682 19778 1005 4098 1040 5856 160716 2463 3056 2470 3548 2336 1024 10874 583 465 246
internal_value=-0.00028431 -0.000959604 -0.00127238 -0.00187324 -0.00104099 -0.000143955 -0.00138698 0.000480748 -0.000190844 0.000544058 0.00188687 0.00300343 0.0078 0.000565237 -7.79751e-05 0.000567599 -0.000377384 -0.00227786 -0.000196406 -7.35552e-05 0.00137395 0.00110739 0.000610659 0.00141821 0.00326694 0.00485714 0.00162044 0.00374081 0.00762595 0.00258476
internal_weight=280512 48270 40054 25749 13539 232242 11706 4805 14305 10168 5622 4365 700 8216 220536 34186 15740 5384 186350 166572 18446 17441 10356 7886 4338 3360 14385 3511 1048 1286
internal_count=280512 48270 40054 25749 13539 232242 11706 4805 14305 10168 5622 4365 700 8216 220536 34186 15740 5384 186350 166572 18446 17441 10356 7886 4338 3360 14385 3511 1048 1286
is_linear=0
shrinkage=0.06


Tree=112
num_leaves=31
num_cat=0
split_feature=10 3 3 14 10 6 6 3 0 7 13 10 13 3 1 4 12 13 3 15 1 14 16 13 7 13 3 3 13 0
split_gain=6.51704 11.2994 9.32083 7.0446 6.95869 4.94906 5.04963 11.8051 12.3659 13.9587 8.06645 6.71356 6.28082 6.13372 6.98919 5.56319 4.94086 6.69385 4.81807 6.00326 4.68822 6.66874 4.90174 4.65275 4.60554 4.39905 4.39451 7.10494 8.20449 9.6328
threshold=1.0714285714285701 4.5000000000000009 2.5000000000000004 -6.044999999999999 4.6535714285714302 0.60961989695922447 1.8238935004710009 10.500000000000002 1.0000000180025095e-35 1.4250110023435856 1.0240000000000002 4.767857142857145 33.765000000000008 8.5000000000000018 15.500000000000002 1.0000000180025095e-35 0.87875000000000003 53.767500000000005 5.5000000000000009 90.535000000000011 17.500000000000004 16.431500000000003 78.073750000000004 6.8915000000000006 0.85830316910710935 45.955000000000005 6.5000000000000009 7.5000000000000009 65.295000000000016 1.5000000000000002
decision_type=2 2 2 2 2 2 2 2 2 2 8 2 8 2 2 2 2 8 2 2 2 2 2 10 2 8 2 2 8 2
left_child=16 2 4 -3 -2 18 13 -8 9 15 -10 12 23 14 -7 -9 26 24 19 20 -5 -22 -23 -11 -18 -15 -1 28 29 -28
right_child=1 3 -4 5 -6 6 7 8 10 11 -12 -13 -14 25 -16 -17 17 -19 -20 -21 21 22 -24 -25 -26 -27 27 -29 -30 -31
leaf_value=0.020009988909935741 0.053989636055795993 0.7659340697967012 -0.29906734876021462 0.54910464217215094 -0.2224857770480374 -0.084562192770157266 -0.08017908949113213 3.712168176302308 0.17099848824982397 0.15973792711845797 0.0018571015100457388 0.018095999951911506 0.37289642127863221 -0.019266111253710461 0.33639344531056758 0.85888506708473022 -0.28748751542973949 -0.35252005898346433 0.11928881175739076 -0.92805660935412959 -0.43903161333443336 2.6929043766187433 0.45116644879472417 0.88671324949421615 0.096286098990088387 -0.32214003231277893 0.072998653282785889 -0.02065008895486798 -0.44112609363312638 -0.33318927307213186
leaf_weight=108354 6058 38 7724 440 3222 6868 992 36 82 31 986 238 103 4896 3648 42 1400 6901 5078 180 34 54 26 42 3405 7452 4142 94730 9666 3644
leaf_count=108354 6058 38 7724 440 3222 6868 992 36 82 31 986 238 103 4896 3648 42 1400 6901 5078 180 34 54 26 42 3405 7452 4142 94730 9666 3644
internal_value=-0.000281743 -0.000916098 -0.0021609 -0.000239111 -0.000879312 -0.000270528 -0.000631729 0.00189969 0.00515384 0.0130244 0.00152809 0.00863768 0.0175227 -0.000914277 0.000150626 0.0363077 -0.000149897 -0.0013511 0.00130901 0.00585286 0.00894585 0.0197895 0.02925 0.0309863 0.000368365 -0.00182119 -8.6137e-05 -0.000349362 -0.00146184 -1.23313e-05
internal_weight=280512 48270 17004 31266 9280 31228 25416 2552 1560 492 1068 414 176 22864 10516 78 232242 11706 5812 734 554 114 80 73 4805 12348 220536 112182 17452 7786
internal_count=280512 48270 17004 31266 9280 31228 25416 2552 1560 492 1068 414 176 22864 10516 78 232242 11706 5812 734 554 114 80 73 4805 12348 220536 112182 17452 7786
is_linear=0
shrinkage=0.06


Tree=113
num_leaves=31
num_cat=0
split_feature=8 3 16 10 3 3 14 10 2 16 6 3 3 14 13 13 2 2 10 2 14 8 3 0 7 13 14 14 16 16
split_gain=6.88159 6.99424 9.19687 4.82599 8.71169 9.34814 7.58444 5.73404 5.68609 5.86224 5.10143 4.43536 8.33147 9.95208 12.5478 7.95223 7.00015 6.25169 7.86652 7.46617 9.67276 5.71432 6.41004 5.62642 12.5456 9.94343 10.3863 13.2475 6.16367 5.58222
threshold=1.6910216035344157 11.500000000000002 3.3256250000000001 1.0714285714285701 4.5000000000000009 2.5000000000000004 -6.044999999999999 4.6535714285714302 5.5000000000000009 55.006250000000001 1.4983572501281979 6.5000000000000009 7.5000000000000009 0.53100000000000014 40.627500000000005 165.24250000000004 5.5000000000000009 4.5000000000000009 -1.2642857142857133 1.5000000000000002 -1.0089999999999997 1.3028601060400742 9.5000000000000018 1.5000000000000002 0.97040019051499915 5.0825000000000005 36.863500000000009 24.721500000000002 22.870000000000001 17.135875000000002
decision_type=2 2 2 2 2 2 2 2 2 2 2 2 2 2 10 8 2 2 2 2 2 2 2 2 2 10 2 2 2 2
left_child=3 -2 -3 11 5 7 -6 -5 -8 -10 -11 -1 13 14 -13 23 -16 18 19 -14 21 22 -21 24 -15 26 27 -26 -27 -20
right_child=1 2 -4 4 6 -7 8 -9 9 10 -12 12 17 15 16 -17 -18 -19 29 20 -22 -23 -24 -25 25 28 -28 -29 -30 -31
leaf_value=0.015327988140694212 -0.20151356484880151 0.35835169543354123 0.02367372193885306 0.11607243914190611 0.72074976081899345 -0.29631479040291786 -0.048746295202909802 -0.17308949952378722 0.054608079415473416 0.71029917999096881 -0.23903112627577947 0.12248270804233229 -0.049438299743563043 -0.49138089595644263 0.49906579137445001 -0.50776053273152155 0.75678414796845339 -0.082566880033773243 -0.1169255351969271 2.3188150829122636 0.45269492388456517 4.2716069516569641 0.35858087414295636 -0.26609105002913191 0.26944722367198826 0.10984898949067926 -0.51886854297788021 0.36003845218265246 -0.028794420400441428 0.063506314803787642
leaf_weight=113466 5536 44 852 5440 36 7252 25248 2844 3738 424 88 1425 4236 932 33 8911 56 28276 16922 28 6476 26 64 4597 259 1062 133 128 1756 40224
leaf_count=113466 5536 44 852 5440 36 7252 25248 2844 3738 424 88 1425 4236 932 33 8911 56 28276 16922 28 6476 26 64 4597 259 1062 133 128 1756 40224
internal_value=-0.00027276 -0.00221269 0.00270536 -0.000227234 -0.000794765 -0.0019449 -0.000189749 -0.000567843 -0.000223339 0.00180706 0.00782812 -0.000115542 -0.000377208 -0.00151524 0.00315456 -0.00191293 0.0250112 -0.00014911 0.000162762 0.00164543 0.0029081 0.0199322 0.012913 -0.000640804 0.000927399 0.00264589 0.0102692 0.0152403 0.00123918 -0.000118225
internal_weight=280512 6432 896 274080 45070 15536 29534 8284 29498 4250 512 229010 115544 19292 1514 17778 89 96252 67976 10830 6594 118 92 8867 4270 3338 520 387 2818 57146
internal_count=280512 6432 896 274080 45070 15536 29534 8284 29498 4250 512 229010 115544 19292 1514 17778 89 96252 67976 10830 6594 118 92 8867 4270 3338 520 387 2818 57146
is_linear=0
shrinkage=0.06


Tree=114
num_leaves=31
num_cat=0
split_feature=8 13 0 6 14 13 14 3 10 3 3 14 10 2 1 13 8 15 13 14 5 13 3 2 13 15 15 13 13 3
split_gain=6.16335 6.97159 6.22158 9.69303 9.28285 8.83429 4.91531 4.63572 4.36464 7.83498 8.50308 7.58332 4.81787 4.76637 4.75095 4.70649 5.06576 4.58559 4.57032 11.0885 4.56503 7.49896 6.21099 9.75288 10.6019 22.815 4.37118 4.99906 4.20235 4.09072
threshold=1.6910216035344157 42.901500000000006 1.5000000000000002 1.1839061703319149 19.214000000000002 2.4410000000000003 4.6710000000000003 1.5000000000000002 1.0714285714285701 4.5000000000000009 2.5000000000000004 -6.044999999999999 4.6535714285714302 5.5000000000000009 6.5000000000000009 9.0850000000000026 1.4922781017828715 47.189000000000007 20.015000000000004 2.4340000000000006 1.0000000180025095e-35 38.705000000000005 2.5000000000000004 3.5000000000000004 80.126500000000007 59.955000000000005 3.6510000000000002 12.041500000000001 54.642500000000005 7.5000000000000009
decision_type=2 8 2 2 2 10 2 2 2 2 2 2 2 2 2 8 2 2 8 2 2 8 2 2 10 2 2 10 8 2
left_child=8 2 3 -2 5 6 -5 -7 20 10 12 -11 -10 14 -13 16 -12 28 19 -14 -1 -22 23 -23 25 -25 27 -21 -15 -19
right_child=1 -3 -4 4 -6 7 -8 -9 9 11 15 13 18 17 -16 -17 -18 29 -20 26 21 22 -24 24 -26 -27 -28 -29 -30 -31
leaf_value=-0.006158469764078944 -0.10021891562777992 -0.30420556082368216 -0.32174342759114205 0.11864269775988384 -0.028268096713304987 -0.38084771322308297 0.13081709458950802 0.10882642415701643 0.10910809279339197 0.67750477516985386 -0.046432848013111663 -0.15329178061344603 0.079467556975137216 0.15034953134715126 -0.00097276852360814029 -0.50998203313102886 0.14310406340181631 0.67480841456436935 -0.48738359072781251 0.2252369703871418 0.12462129816238179 -0.44981206145569991 -0.4064871551703379 1.005310442456915 -0.18210016004440169 0.19170636755962578 -0.10215762901808502 1.9530950793370268 -0.1153531707422792 0.10076768482094717
leaf_weight=219360 634 3969 1051 73 247 112 56 290 5440 36 1348 7182 58 1620 18066 5800 104 416 1773 240 2611 433 6146 100 160 200 729 44 1878 336
leaf_count=219360 634 3969 1051 73 247 112 56 290 5440 36 1348 7182 58 1620 18066 5800 104 416 1773 240 2611 433 6146 100 160 200 729 44 1878 336
internal_value=-0.000264846 -0.00210075 0.00040682 0.0030085 0.00749614 0.0119661 0.0256279 0.00758209 -0.000221762 -0.000761484 -0.00185222 -0.000187717 -0.000538872 -0.000221305 -0.000534222 -0.00335246 -0.000297522 0.00163765 -0.00254009 0.00055462 -0.000115542 -0.00139275 -0.00241142 0.00226428 0.00834782 0.015 -0.000906221 0.00540845 0.000723841 0.0058883
internal_weight=280512 6432 2463 1412 778 531 129 402 274080 45070 15536 29534 8284 29498 25248 7252 1452 4250 2844 1071 229010 9650 7039 893 460 300 1013 284 3498 752
internal_count=280512 6432 2463 1412 778 531 129 402 274080 45070 15536 29534 8284 29498 25248 7252 1452 4250 2844 1071 229010 9650 7039 893 460 300 1013 284 3498 752
is_linear=0
shrinkage=0.06


Tree=115
num_leaves=31
num_cat=0
split_feature=8 13 16 7 0 3 6 13 15 1 1 7 1 4 13 16 15 3 14 1 15 8 15 14 0 15 7 3 3 14
split_gain=6.14525 6.52089 6.08184 8.5834 6.23504 7.7358 4.87649 4.86623 4.41337 4.4611 6.44251 7.4943 6.95697 6.19237 6.66635 5.83863 5.82385 7.68587 11.988 23.3886 10.1279 11.5139 8.13799 9.74018 5.3684 5.43134 5.31717 5.25874 8.91966 5.02386
threshold=1.6910216035344157 42.901500000000006 22.471 1.0208388039812786 1.5000000000000002 1.5000000000000002 0.96789600324889957 28.951500000000003 -6.044999999999999 22.500000000000004 15.500000000000002 0.63706791619977432 19.500000000000004 1.0000000180025095e-35 -1.0000000180025095e-35 19.695225000000004 32.83100000000001 10.500000000000002 104.52100000000002 5.5000000000000009 3.0725000000000002 0.99999968811882878 28.081000000000003 149.88100000000003 2.5000000000000004 -1.0089999999999997 2.3816339317757156 9.5000000000000018 4.5000000000000009 8.1415000000000024
decision_type=2 8 2 2 2 2 2 10 2 2 2 2 2 2 10 2 2 2 2 2 2 2 2 2 2 2 2 2 2 2
left_child=8 2 3 -2 5 -5 -7 -6 -1 10 13 29 -13 14 16 -16 17 -10 -19 -20 21 -21 -22 -24 25 -14 -18 28 -26 -12
right_child=1 -3 -4 4 7 6 -8 -9 9 -11 11 12 24 -15 15 -17 26 18 19 20 22 -23 23 -25 27 -27 -28 -29 -30 -31
leaf_value=-0.23645427184543377 -0.45166362446076891 -0.28595322717426125 -0.15484105438014267 -0.33914059339155045 -0.30107085417983542 -0.0075721006253926838 0.11781582581399519 0.76553806701578653 -0.18334194765324335 -0.14976920262759949 0.80765552740060753 0.10028107259792948 0.79927238271549383 -0.075142550415518081 0.10477371030966807 -0.0054730219701502525 -0.0034277428323295565 0.032192413509673973 5.5326690623667076 -3.3980079692479301 -2.5038918272961617 5.5342856116330017 -1.956344874902709 8.6808292249182308 -0.17088639581284079 -0.12158508642579459 2.314184627570723 -0.57040042824974047 0.77400250001105397 0.19854458246134632
leaf_weight=1092 381 3969 1016 176 252 98 494 46 29531 11420 1482 42288 254 51538 18075 43589 35102 3529 65 25 241 42 38 47 2498 22718 28 2012 3156 5310
leaf_count=1092 381 3969 1016 176 252 98 494 46 29531 11420 1482 42288 254 51538 18075 43589 35102 3529 65 25 241 42 38 47 2498 22718 28 2012 3156 5310
internal_value=-0.000258215 -0.00209142 0.000333738 0.00283206 0.00559475 0.00845312 0.0117365 -0.00177181 -0.000215194 -0.000199966 -0.000149286 0.000300458 0.000122918 -0.000346441 -0.000126252 0.000326542 -0.000532981 -0.00109875 0.00137396 0.0105065 0.00499236 0.0262388 0.000625765 0.0165882 -0.000565574 -0.00102438 6.83034e-06 0.000809286 0.00174673 0.00220671
internal_weight=280512 6432 2463 1447 1066 768 592 298 274080 272988 261568 79718 72926 181850 130312 61664 68648 33518 3987 458 393 67 326 85 30638 22972 35130 7666 5654 6792
internal_count=280512 6432 2463 1447 1066 768 592 298 274080 272988 261568 79718 72926 181850 130312 61664 68648 33518 3987 458 393 67 326 85 30638 22972 35130 7666 5654 6792
is_linear=0
shrinkage=0.06


Tree=116
num_leaves=31
num_cat=0
split_feature=8 3 16 10 3 3 2 3 8 5 5 13 3 2 13 16 2 1 0 13 10 8 10 16 6 0 16 7 8 3
split_gain=6.10055 6.78825 10.39 4.40376 7.4588 8.0529 5.21329 5.78301 12.0675 6.26775 4.6111 6.93989 5.39018 8.56226 9.36361 18.0507 8.12782 5.39683 5.29 4.45502 4.45358 4.42879 4.41565 5.95674 4.65082 8.96212 5.78232 5.39072 12.3359 5.99507
threshold=1.6910216035344157 11.500000000000002 2.6785750000000008 1.0714285714285701 4.5000000000000009 2.5000000000000004 5.5000000000000009 5.5000000000000009 0.48828563098347016 1.0000000180025095e-35 1.0000000180025095e-35 38.705000000000005 2.5000000000000004 3.5000000000000004 79.413500000000013 80.751950000000008 4.5000000000000009 8.5000000000000018 1.5000000000000002 9.0850000000000026 4.6535714285714302 1.501369031727388 2.2571428571428589 65.878000000000014 1.8628982182536542 1.0000000180025095e-35 12.922000000000001 0.5619001528594979 1.2210989933635656 6.5000000000000009
decision_type=2 2 2 2 2 2 2 2 2 2 2 8 2 2 10 2 2 2 2 8 2 2 2 2 2 2 2 2 2 2
left_child=3 -2 -3 10 5 20 -6 8 -8 -10 -1 -12 13 -13 15 16 17 -15 -18 21 -5 -7 -9 24 27 26 -26 28 29 -24
right_child=1 2 -4 4 6 19 7 22 9 -11 11 12 -14 14 -16 -17 18 -19 -20 -21 -22 -23 23 -25 25 -27 -28 -29 -30 -31
leaf_value=-0.0044021684282688281 -0.17626204536176773 0.37734062978451627 0.040984248462905812 0.10120244084313737 -0.042734098099826527 -0.03716670933909097 2.2038458399882153 -0.1221542923003201 0.44306666625768759 -0.70588693405895042 0.12419432830171286 -0.4275956322489971 -0.37815521786474338 0.56908660692958735 -0.16538185533349814 -1.2462761081405187 1.2509932011600693 -0.67838496684199079 0.50883797627401428 -0.47888553784904153 -0.15521003952424162 0.13616612719644153 1.1486193393415431 0.73929016085338695 0.72427274810406372 -0.021048392757891627 0.75834231892803072 0.0030055120401983964 1.4972044268223794 -0.54473301030993271
leaf_weight=219360 5536 38 858 5440 25262 1351 30 1448 470 190 2611 433 6146 36 164 126 50 34 50 5800 2844 101 38 96 36 84 30 1722 38 90
leaf_count=219360 5536 38 858 5440 25262 1351 30 1448 470 190 2611 433 6146 36 164 126 50 34 50 5800 2844 101 38 96 36 84 30 1722 38 90
internal_value=-0.000246237 -0.00207276 0.00277232 -0.000203373 -0.000745508 -0.00180973 -0.000185686 0.00175281 0.00678261 0.00509091 -9.66784e-05 -0.00138031 -0.00236028 0.00199552 0.00769565 0.0140676 0.0268235 0.0111429 0.0378 -0.00326972 -0.000531629 -0.000297522 0.000783918 0.00251921 0.00183121 0.012 0.0285455 0.0010233 0.0113494 0.0024375
internal_weight=280512 6432 896 274080 45070 15536 29534 4272 690 660 229010 9650 7039 893 460 296 170 70 100 7252 8284 1452 3582 2134 2038 150 66 1888 166 128
internal_count=280512 6432 896 274080 45070 15536 29534 4272 690 660 229010 9650 7039 893 460 296 170 70 100 7252 8284 1452 3582 2134 2038 150 66 1888 166 128
is_linear=0
shrinkage=0.06


Tree=117
num_leaves=31
num_cat=0
split_feature=8 13 0 6 14 3 10 3 3 14 6 3 0 7 10 3 13 15 2 2 8 15 8 2 10 8 7 13 3 3
split_gain=5.55179 6.57403 6.19183 8.54611 7.88133 8.06546 4.15701 7.18315 8.06519 7.57549 4.50437 12.2827 10.6147 13.271 7.35349 6.9975 6.97008 5.96835 8.00712 5.70726 6.76687 5.36949 10.3001 5.24849 5.23484 8.65314 4.73654 6.74463 8.23822 5.66703
threshold=1.6910216035344157 42.901500000000006 1.5000000000000002 1.1839061703319149 19.541500000000003 1.5000000000000002 1.0714285714285701 4.5000000000000009 2.5000000000000004 -6.044999999999999 1.8238935004710009 10.500000000000002 1.0000000180025095e-35 1.3537161583706632 4.767857142857145 8.5000000000000018 33.765000000000008 1.7510000000000001 5.5000000000000009 1.5000000000000002 0.84408232759605195 4.3025000000000011 0.82133746350095793 3.5000000000000004 1.7667582417582424 0.51416522358931038 1.3954492509346659 3.9210000000000007 7.5000000000000009 6.5000000000000009
decision_type=2 8 2 2 2 2 2 2 2 2 2 2 2 2 2 2 8 2 2 2 2 2 2 2 2 2 2 8 2 2
left_child=6 2 3 -2 5 -5 -1 8 -8 -9 15 -12 13 -13 16 17 -15 -11 -19 21 -21 -17 24 -18 -23 -26 27 28 -20 -29
right_child=1 -3 -4 4 -6 -7 7 9 -10 10 11 12 -14 14 -16 19 23 18 26 20 -22 22 -24 -25 25 -27 -28 29 -30 -31
leaf_value=-0.0099953228503418933 -0.082659354713987568 -0.26133023281632439 -0.29967040775625148 -0.33802989201760186 -0.038986457665461084 0.1163530919970381 -0.056406194348361284 0.59529767394417477 -0.25193030263530158 -0.19635736716044794 -0.078117993128717769 2.681229372325205 0.033927333983422354 0.72510149351133635 0.034494974167002035 -0.34790949813425143 -0.029353725843716261 0.06135204605396289 0.11541093362894639 -0.36803221533175329 -0.081568506192447321 0.350060436540999 -0.02099711525794758 0.69523350134757322 2.779231153317038 1.074325832791774 -0.19670318006069923 0.50810167301775633 1.3727984506403728 0.068356688557991194
leaf_weight=229010 634 3969 1051 115 235 428 8284 36 7252 1704 730 48 560 70 208 918 62 10918 54 2546 6648 306 2606 38 52 450 204 686 71 619
leaf_count=229010 634 3969 1051 115 235 428 8284 36 7252 1704 730 48 560 70 208 918 62 10918 54 2546 6648 306 2606 38 52 450 204 686 71 619
internal_value=-0.000237039 -0.00197948 0.000455541 0.00305099 0.00726478 0.0112376 -0.000196149 -0.000722877 -0.00176725 -0.000173496 -0.000207066 0.00277622 0.00714401 0.0142817 0.0105079 -0.000391334 0.0197647 0.000536194 0.000988526 -0.00136892 -0.00221492 0.000426591 0.00152197 0.0096 0.00744059 0.0112112 0.00490575 0.00612587 0.01944 0.00485057
internal_weight=280512 6432 2463 1412 778 543 274080 45070 15536 29534 29498 1716 986 426 378 27782 170 14256 12552 13526 9194 4332 3414 100 808 502 1634 1430 125 1305
internal_count=280512 6432 2463 1412 778 543 274080 45070 15536 29534 29498 1716 986 426 378 27782 170 14256 12552 13526 9194 4332 3414 100 808 502 1634 1430 125 1305
is_linear=0
shrinkage=0.06


Tree=118
num_leaves=31
num_cat=0
split_feature=13 0 7 15 13 1 1 6 14 12 0 13 3 3 7 10 14 16 14 16 2 2 7 13 16 13 13 3 13 13
split_gain=5.50512 12.3405 12.6336 7.90226 7.76238 7.47815 7.89341 6.95972 11.9701 6.78466 6.62855 7.08836 6.43548 11.8239 5.95433 5.81703 5.77751 6.5388 5.77355 5.3723 5.18647 11.2929 7.32935 5.37201 8.21956 5.64678 6.78145 5.02441 6.86429 4.98371
threshold=-0.45899999999999996 1.5000000000000002 1.0000317254658451 45.185000000000009 -1.0174999999999998 16.500000000000004 20.500000000000004 1.2619264532143115 32.651500000000006 0.69375000000000009 1.5000000000000002 -1.0000000180025095e-35 6.5000000000000009 10.500000000000002 0.98981418594101689 -6.5357142857142865 2.2810000000000001 7.4077500000000009 18.561000000000003 6.7990000000000004 5.5000000000000009 4.5000000000000009 0.96278733965586827 0.83150000000000002 4.4262500000000005 50.885000000000012 58.949000000000005 2.5000000000000004 3.0710000000000002 15.494000000000002
decision_type=10 2 2 2 8 2 2 2 2 2 2 10 2 2 2 2 2 2 2 2 2 2 2 10 2 10 10 2 10 10
left_child=1 2 12 7 18 9 -7 20 10 -3 11 -9 -1 -14 -15 -6 17 -16 -4 -13 21 -2 -22 -24 25 27 -27 28 -25 -26
right_child=3 5 4 -5 15 6 -8 8 -10 -11 -12 19 13 14 16 -17 -18 -19 -20 -21 22 -23 23 24 29 26 -28 -29 -30 -31
leaf_value=0.0041476145455999185 0.040927451396060459 -0.010657472741907058 0.17805091425293651 -0.069481256231699914 0.53735227419609211 0.47885600341130707 -0.06246145865183636 0.1041095747153281 -0.11766197093792073 -0.3581767132927613 0.016926336875866047 0.037409444842001059 -0.3227719310149289 -0.34385590302192864 3.2742063259221226 -0.23828519906026238 0.733324102917702 -0.069167967274788814 -0.23169666642772452 0.12994882960307963 -0.13934909179252328 -0.1100336195042332 -0.12967956352066798 -0.013050496303167155 -0.050220670851482734 0.65777467656467847 0.027528271568873931 0.19062990046353395 0.54441295875188844 0.18589964204844461
leaf_weight=27386 45591 45349 336 55127 386 11746 8933 236 3599 6116 2347 3086 19671 2783 58 15870 5819 56 150 3271 2878 11575 648 28 1815 37 29 1289 35 4262
leaf_count=27386 45591 45349 336 55127 386 11746 8933 236 3599 6116 2347 3086 19671 2783 58 15870 5819 56 150 3271 2878 11575 648 28 1815 37 29 1289 35 4262
internal_value=-0.000228484 -0.000486069 -0.00103882 4.57981e-05 -0.00248429 6.95262e-05 0.00103322 0.000423951 0.0017231 -0.000317693 0.00289933 0.00387411 -0.000604918 -0.00123796 0.000601651 -0.00270768 0.00167571 0.0150526 0.00498765 0.00349504 0.000185049 -4.47133e-05 0.00137682 0.0022967 0.00274983 0.00686319 0.024 0.00602663 0.0225714 0.00179003
internal_weight=280512 144659 72515 135853 16742 72144 20679 80726 12539 51465 8940 6593 55773 28387 8716 16256 5933 114 486 6357 68187 57166 11021 8143 7495 1418 66 1352 63 6077
internal_count=280512 144659 72515 135853 16742 72144 20679 80726 12539 51465 8940 6593 55773 28387 8716 16256 5933 114 486 6357 68187 57166 11021 8143 7495 1418 66 1352 63 6077
is_linear=0
shrinkage=0.06


Tree=119
num_leaves=31
num_cat=0
split_feature=8 3 10 3 3 14 13 5 13 3 2 13 15 3 15 13 16 15 15 15 3 3 13 3 14 13 8 15 8 15
split_gain=5.83368 6.01042 4.62104 6.47316 7.87474 7.60595 4.93307 4.44289 6.33853 4.93081 6.19208 7.485 13.6768 4.77017 5.81461 12.6392 6.42489 9.37468 5.30428 6.6341 4.01955 8.1139 11.4661 8.84983 14.4258 9.33845 10.257 12.9891 8.95822 11.2324
threshold=1.8485084372152574 11.500000000000002 1.0714285714285701 4.5000000000000009 2.5000000000000004 -6.044999999999999 9.0850000000000026 1.0000000180025095e-35 47.94850000000001 2.5000000000000004 3.5000000000000004 87.355000000000004 59.955000000000005 5.5000000000000009 10.012500000000001 4.2825000000000015 11.802625000000001 38.083500000000008 64.992500000000021 20.191000000000006 6.5000000000000009 10.500000000000002 -0.45899999999999996 11.500000000000002 17.917500000000004 113.59000000000002 1.2069071036664789 4.9810000000000008 0.75461930155040691 33.625000000000007
decision_type=2 2 2 2 2 2 8 2 8 2 2 10 2 2 2 10 2 2 2 2 2 2 10 2 2 8 2 2 2 2
left_child=2 -2 7 4 -4 -5 -6 20 13 10 -10 12 -12 -9 -15 18 17 -17 19 -16 -1 22 -22 24 28 26 -26 -28 -23 -30
right_child=1 -3 3 5 6 -7 -8 8 9 -11 11 -13 -14 14 15 16 -18 -19 -20 -21 21 23 -24 -25 25 -27 27 -29 29 -31
leaf_value=0.024818427942020244 -0.20764228929374404 0.081925217411572354 -0.059254070340893819 0.56920285136721593 -0.0031692957907232858 -0.017083792125188239 -0.42332251248568309 -0.15758852939372503 -0.3822306569908957 -0.3959744425616985 0.86823210887262003 -0.28430496926492338 0.16498605430406915 -0.061415706047990175 0.11850296895008444 2.0667562050307771 0.16040610091395827 -1.0353951391363525 -0.058165486635840535 0.85829871557986559 -0.22595600785720793 0.065742655577774117 0.010636804381782518 -0.086875329785547545 -0.37730264027758553 0.82538994754182193 -0.35710528742999548 1.16699757905501 1.3867988901025567 0.11963969522492481
leaf_weight=107624 2784 416 8648 36 1526 30428 5934 1316 388 5776 113 143 200 743 46 49 789 37 34 94 41707 1378 37655 16042 4542 8540 140 184 2206 994
leaf_count=107624 2784 416 8648 36 1526 30428 5934 1316 388 5776 113 143 200 743 46 49 789 37 34 94 41707 1378 37655 16042 4542 8540 140 184 2206 994
internal_value=-0.000227842 -0.002775 -0.000198449 -0.000743624 -0.00171642 -0.000229256 -0.00314477 -8.84126e-05 -0.00134334 -0.00239275 0.00189099 0.00663158 0.0118275 0.00089189 0.00290625 0.00578265 0.00284571 0.0184186 0.0205517 0.0257143 -3.31761e-05 -0.000282465 -0.000614804 0.000492681 0.00140658 0.000413545 -0.00168434 0.00862963 0.00431455 0.00605625
internal_weight=280512 3200 277312 46572 16108 30464 7460 230740 9728 6620 844 456 313 3108 1792 1049 875 86 174 140 221012 113388 79362 34026 17984 13406 4866 324 4578 3200
internal_count=280512 3200 277312 46572 16108 30464 7460 230740 9728 6620 844 456 313 3108 1792 1049 875 86 174 140 221012 113388 79362 34026 17984 13406 4866 324 4578 3200
is_linear=0
shrinkage=0.06


Tree=120
num_leaves=31
num_cat=0
split_feature=8 10 3 3 14 13 12 13 15 0 7 3 13 3 14 16 15 2 3 7 13 3 7 3 15 16 13 14 8 15
split_gain=5.06497 4.41146 6.45511 7.74258 6.70548 4.73702 4.20785 4.20415 4.15966 4.19474 8.99177 6.5082 5.57476 4.68724 13.7385 9.51138 16.2825 15.9854 15.5099 12.7308 8.9782 6.62322 5.94942 5.81966 7.07044 10.2266 7.4793 5.78897 8.43849 6.35008
threshold=1.8886463969291711 1.0714285714285701 4.5000000000000009 2.5000000000000004 -6.044999999999999 9.0850000000000026 1.0587500000000003 40.041000000000004 -3.3949999999999996 2.5000000000000004 1.0436171106523322 8.5000000000000018 32.502500000000005 4.5000000000000009 3.7915000000000005 2.8590500000000003 14.101000000000001 5.5000000000000009 2.5000000000000004 1.0480523263384809 -1.0000000180025095e-35 3.5000000000000004 0.49156499105414403 5.5000000000000009 17.965000000000003 6.0435000000000008 92.935000000000016 48.07500000000001 1.1267567927584132 57.242500000000007
decision_type=2 2 2 2 2 8 2 8 2 2 2 2 10 2 2 2 2 2 2 2 8 2 2 2 2 2 10 2 2 2
left_child=1 6 3 -3 -4 -5 8 -2 -1 13 12 -12 -11 14 15 20 17 -17 19 -19 21 -10 23 24 25 -15 -27 28 29 -16
right_child=7 2 4 5 -6 -7 -8 -9 9 10 11 -13 -14 22 27 16 -18 18 -20 -21 -22 -23 -24 -25 -26 26 -28 -29 -30 -31
leaf_value=-0.20047834196935846 0.0042244657565738775 -0.059500577387838052 0.53505068028518299 -0.0033428450038446317 -0.016156658634845059 -0.39842766936637219 -0.11507827161431854 -0.38469876599211633 0.022736280572723866 0.12381335160616477 0.56347869816203444 0.04762123392586206 -0.1217279738798319 -0.22903334732921912 0.21513955694289891 0.56829785781101017 0.1615010949485079 -0.024813624598022381 2.0430263880522768 0.81946592537519314 -0.21819062222125063 0.4136771771161753 -0.050741514649836991 0.17962974306947863 0.10826339042191965 1.3789857400906746 -0.10677788026428756 -0.081269598702286075 -0.21258774205304873 -0.052411024383886999
leaf_weight=1778 1078 8764 36 1535 30550 5957 8262 1586 76 31553 4996 3406 16853 70 13722 978 2116 110 128 42 1394 72 107074 2576 216 95 25 25676 2414 7374
leaf_count=1778 1078 8764 36 1535 30550 5957 8262 1586 76 31553 4996 3406 16853 70 13722 978 2116 110 128 42 1394 72 107074 2576 216 95 25 25676 2414 7374
internal_value=-0.00022057 -0.000195605 -0.000726529 -0.00169267 -0.00021304 -0.00310892 -8.79472e-05 -0.00282433 -3.86287e-05 -1.53703e-05 0.000429023 0.00224089 0.00011453 -0.000169156 0.000288121 0.00331245 0.00509662 0.0105024 0.0231429 0.0101842 -0.000591441 0.0134595 -0.000393946 0.0022495 0.00892611 0.0173684 0.028 -1.41518e-05 0.000666098 0.00105062
internal_weight=280512 277848 46842 16256 30586 7492 231006 2664 222744 220966 56808 8402 48406 164158 54102 4916 3374 1258 280 152 1542 148 110056 2982 406 190 120 49186 23510 21096
internal_count=280512 277848 46842 16256 30586 7492 231006 2664 222744 220966 56808 8402 48406 164158 54102 4916 3374 1258 280 152 1542 148 110056 2982 406 190 120 49186 23510 21096
is_linear=0
shrinkage=0.06


Tree=121
num_leaves=31
num_cat=0
split_feature=5 13 3 10 14 3 3 10 13 16 7 13 1 14 13 16 8 4 14 8 14 1 14 4 14 1 7 10 8 14
split_gain=5.1804 7.59063 8.20926 4.64497 7.13488 6.35839 7.13091 4.45631 5.32409 10.4217 7.34251 4.41432 4.22899 4.90698 4.04527 4.44847 6.73414 4.79141 4.95267 4.5495 5.15298 4.028 4.1695 4.67217 8.47955 5.89673 4.19408 4.58341 4.63063 4.69179
threshold=1.0000000180025095e-35 47.94850000000001 5.5000000000000009 1.0714285714285701 -6.044999999999999 4.5000000000000009 2.5000000000000004 4.6535714285714302 20.015000000000004 3.1842500000000005 1.0918676722030483 10.914000000000001 4.5000000000000009 100.73350000000001 2.0515000000000003 55.006250000000001 1.0568132721562933 1.0000000180025095e-35 85.385000000000005 0.55741206978203639 73.572500000000005 5.5000000000000009 81.401500000000013 1.0000000180025095e-35 1.5510000000000004 18.500000000000004 1.6006103422297142 3.3607142857142862 1.594611420131361 4.3225000000000007
decision_type=2 8 2 2 2 2 2 2 8 2 2 8 2 2 8 2 2 2 2 2 2 2 2 2 2 2 2 2 2 2
left_child=3 2 -2 -1 -5 6 7 21 9 10 -9 -8 14 -14 -7 -16 17 19 -19 20 -17 -6 23 25 -25 26 27 -23 -29 -30
right_child=1 -3 -4 4 5 12 11 8 -10 -11 -12 -13 13 -15 15 16 -18 18 -20 -21 -22 22 -24 24 -26 -27 -28 28 29 -31
leaf_value=-0.0055767729500696816 -0.16221523751921677 -0.26073876024151882 0.15654913841273022 0.39881967932654 -0.28692257070775418 0.052193225538624384 -0.0099855024029235923 -0.073405950180650145 -0.41290070685905134 -0.028190615262140895 0.15111277055356978 -0.39422937417377973 0.036216183566798822 -0.46271277445217129 -0.21044999792916785 1.7748401502188222 -0.88409149937058495 0.96610839957895533 0.17177713736510844 -0.024829099520705073 0.28807802740568084 1.0389209988691337 -0.24547649649139039 0.72051602904689127 -0.29155542526428579 -0.21218709349851378 -0.41629527933968902 1.5937944223772955 0.16272747519207573 2.8926120872517171
leaf_weight=222196 1826 8174 2280 68 1502 586 1608 25 1947 1098 48 5790 20774 2768 4484 27 363 90 64 423 69 850 1462 36 778 670 138 302 28 38
leaf_count=222196 1826 8174 2280 68 1502 586 1608 25 1947 1098 48 5790 20774 2768 4484 27 363 90 64 423 69 850 1462 36 778 670 138 302 28 38
internal_value=-0.000221639 -0.00142671 0.000678031 -0.000166469 -0.000715007 -0.000743736 -0.00169485 -0.000552792 -0.0023823 0.000814687 0.0227671 -0.00307218 -0.000220185 0.000144761 -0.00162725 -0.00213044 0.00141313 0.00496582 0.0142597 0.00220809 0.014 0.000430047 0.00136402 0.00270422 -0.00113514 0.00424679 0.00652212 0.00764532 0.0132391 0.0276364
internal_weight=280512 12280 4106 268232 46036 45968 16320 8922 3118 1171 73 7398 29648 23542 6106 5520 1036 673 154 519 96 5804 4302 2840 814 2026 1356 1218 368 66
internal_count=280512 12280 4106 268232 46036 45968 16320 8922 3118 1171 73 7398 29648 23542 6106 5520 1036 673 154 519 96 5804 4302 2840 814 2026 1356 1218 368 66
is_linear=0
shrinkage=0.06


Tree=122
num_leaves=31
num_cat=0
split_feature=5 13 3 15 15 13 2 13 10 13 10 14 3 3 14 13 10 13 14 15 2 3 1 1 14 15 15 10 16 2
split_gain=5.06786 6.77054 6.97911 7.03013 8.29576 8.4956 5.043 5.4902 5.01228 5.62467 4.74899 6.50494 6.16013 6.50373 4.45742 4.28672 4.26191 4.98825 8.48533 5.08671 4.22141 6.31178 5.44729 4.50579 5.49231 4.19853 4.19429 4.0058 4.68386 3.80731
threshold=1.0000000180025095e-35 47.94850000000001 5.5000000000000009 74.375000000000014 10.301500000000003 4.2825000000000015 4.5000000000000009 36.171000000000006 -1.3142857142857143 25.495000000000001 1.0714285714285701 -6.044999999999999 4.5000000000000009 2.5000000000000004 3.3690000000000002 11.288500000000001 4.6535714285714302 20.015000000000004 2.4340000000000006 6.104000000000001 5.5000000000000009 5.5000000000000009 6.5000000000000009 16.500000000000004 101.94900000000001 -3.3949999999999996 20.191000000000006 2.2571428571428589 65.878000000000014 1.5000000000000002
decision_type=2 8 2 2 2 10 2 10 2 10 2 2 2 2 2 8 2 8 2 2 2 2 2 2 2 2 2 2 2 2
left_child=10 2 -2 4 -4 14 8 -8 9 -7 -1 -12 13 16 -6 -15 29 18 19 -18 22 23 -14 -22 -25 -24 -16 -23 -29 -13
right_child=1 -3 3 -5 5 6 7 -9 -10 -11 11 12 20 15 26 -17 17 -19 -20 -21 21 27 25 24 -26 -27 -28 28 -30 -31
leaf_value=-0.0052421665730653898 -0.15248232326806369 -0.24509443462702765 0.0086909331778847292 -0.46041313548349971 0.081315442020327394 2.1939760741047047 0.67809179043413548 1.7261150321264365 -0.093651717597918918 0.30306872188943662 0.37489049856694751 -0.38127894129099393 -0.13016595314973198 -0.0083523231508325722 0.10504433304261884 -0.37575722561308539 0.095744232180997452 -0.38812666444750832 -0.025312836134778128 -0.013108310828634352 0.17393459289959903 -0.082914399809632361 0.58469174149023306 1.1289849098784062 -0.29137837927405291 -0.0006244802733847936 0.57058386620955581 0.080773232201486772 0.68815669742606667 0.20054384037474124
leaf_weight=222196 1826 8174 890 464 64 25 238 42 306 67 68 1378 7314 1625 56 5773 47 1947 1099 25 350 1488 44 102 28 18054 128 2172 96 4426
leaf_count=222196 1826 8174 890 464 64 25 238 42 306 67 68 1378 7314 1625 56 5773 47 1947 1099 25 350 1488 44 102 28 18054 128 2172 96 4426
internal_value=-0.000220142 -0.00141205 0.000575741 0.00278947 0.00447357 0.00844924 0.00497345 0.0111429 0.000633164 0.012913 -0.000165575 -0.00072022 -0.000747652 -0.00168382 0.0179516 -0.00299919 -0.000593142 -0.0023823 0.00071221 0.0206667 -0.000232327 0.00152125 -0.000524635 0.008 0.0175385 3.38145e-05 0.0226957 0.000693289 0.00228042 0.000368021
internal_weight=280512 12280 4106 2280 1816 926 678 280 398 92 268232 46036 45968 16320 248 7398 8922 3118 1171 72 29648 4236 25412 480 130 18098 184 3756 2268 5804
internal_count=280512 12280 4106 2280 1816 926 678 280 398 92 268232 46036 45968 16320 248 7398 8922 3118 1171 72 29648 4236 25412 480 130 18098 184 3756 2268 5804
is_linear=0
shrinkage=0.06


Tree=123
num_leaves=31
num_cat=0
split_feature=10 13 3 14 5 13 14 6 0 3 6 10 2 13 3 15 3 2 3 0 14 15 15 3 2 13 15 0 15 8
split_gain=4.83955 5.01364 5.69002 6.65314 4.54639 5.04952 4.38647 6.06951 4.95762 5.63888 4.22213 4.71786 6.26666 4.68523 4.05964 5.03195 4.20151 3.89735 3.75376 4.86214 4.86064 5.1588 6.36604 5.48896 4.54774 6.26445 11.3476 5.72024 3.74099 3.61479
threshold=2.7000000000000024 -1.9974999999999998 4.5000000000000009 -2.4084999999999996 1.0000000180025095e-35 49.214000000000006 33.932500000000012 1.1505216241342457 1.0000000180025095e-35 10.500000000000002 1.6726334408218644 5.771428571428574 2.5000000000000004 6.8915000000000006 8.5000000000000018 59.955000000000005 5.5000000000000009 5.5000000000000009 2.5000000000000004 2.5000000000000004 89.825000000000003 130.12500000000003 71.541500000000028 4.5000000000000009 3.5000000000000004 79.413500000000013 59.955000000000005 1.5000000000000002 34.902500000000011 1.4469613047101566
decision_type=2 10 2 2 2 8 2 2 2 2 2 2 2 10 2 2 2 2 2 2 2 2 2 2 2 10 2 2 2 2
left_child=4 2 -2 -4 29 -6 7 -3 9 -9 -11 12 -12 -14 15 -5 -17 -18 24 -20 -21 22 -22 -24 -7 26 27 -26 -10 -1
right_child=1 6 3 14 5 18 -8 8 28 10 11 -13 13 -15 -16 16 17 -19 19 20 21 -23 23 -25 25 -27 -28 -29 -30 -31
leaf_value=-0.0033187605215108129 -0.32768093602910825 -0.088489714772445327 0.62422744401782826 -0.088597717004891385 0.031714179477627225 -0.30544675106330965 -0.16924528273119799 0.036259448420100884 0.05154978746726533 0.088896939358186503 -0.023808073318278423 0.075326468892431553 0.15085691543215096 0.68530355881733251 -0.13028532247815255 -0.020532658791022836 0.78932567132303399 1.7509566568464725 -0.39932844970821613 -0.35112973354810367 0.059488995923966011 -0.64391966675796608 -2.4654965773585569 0.81617605888407552 1.0854253219060468 -0.12082777732726006 0.20646247357485617 0.225829126395931 -0.14623511088323543 -0.056941013904989568
leaf_weight=231994 4773 3787 41 2353 3637 529 4061 1069 1518 334 32 101 47 60 3984 321 346 48 4400 1258 186 233 34 163 54 164 196 42 591 14156
leaf_count=231994 4773 3787 41 2353 3637 529 4061 1069 1518 334 32 101 47 60 3984 321 346 48 4400 1258 186 233 34 163 54 164 196 42 591 14156
internal_value=-0.000217361 -0.00104219 -0.00190932 -0.000831525 -0.000142062 -0.00134141 -0.000155174 0.000701153 0.00241151 0.00488253 0.00967944 0.01575 0.0229209 0.0298878 -0.000971641 0.000668838 0.00507692 0.00922842 -0.00225568 -0.0027963 -0.000236928 0.00412987 0.00841253 0.0159289 0.00118782 0.00557895 0.0108493 0.02775 0.000486485 -8.89716e-05
internal_weight=280512 23466 11866 7093 257046 10896 11600 7539 3752 1643 574 240 139 107 7052 3068 715 394 7259 6274 1874 616 383 197 985 456 292 96 2109 246150
internal_count=280512 23466 11866 7093 257046 10896 11600 7539 3752 1643 574 240 139 107 7052 3068 715 394 7259 6274 1874 616 383 197 985 456 292 96 2109 246150
is_linear=0
shrinkage=0.06


Tree=124
num_leaves=31
num_cat=0
split_feature=5 2 10 15 10 1 1 3 2 8 3 1 16 7 7 1 1 7 15 15 15 3 16 3 3 16 2 15 1 3
split_gain=4.48654 4.81162 4.4331 3.6692 6.11392 3.65746 4.46368 6.09537 5.78839 7.83028 8.42698 7.73309 7.14782 8.51517 7.07143 8.20812 6.24336 6.1792 6.00067 7.52411 5.33063 5.23978 5.04537 4.85387 11.5073 12.4296 11.1349 8.16574 11.4354 7.74739
threshold=1.0000000180025095e-35 1.0000000180025095e-35 2.7000000000000024 10.301500000000003 6.2321428571428585 22.500000000000004 6.5000000000000009 9.5000000000000018 4.5000000000000009 0.99227413995177616 1.5000000000000002 18.500000000000004 124.56575000000001 0.99362685940203177 0.56662582172810472 14.500000000000002 15.500000000000002 0.84318711188443574 69.925000000000026 32.384000000000007 438.46500000000009 6.5000000000000009 71.65100000000001 7.5000000000000009 8.5000000000000018 58.031000000000006 1.0000000180025095e-35 3.6510000000000002 15.500000000000002 6.5000000000000009
decision_type=2 2 2 2 2 2 2 2 2 2 2 2 2 2 2 2 2 2 2 2 2 2 2 2 2 2 2 2 2 2
left_child=2 -2 5 4 -3 6 21 8 9 10 11 12 13 14 -8 18 17 -10 19 -16 -11 -1 -17 29 25 -25 27 -26 -29 -12
right_child=1 3 -4 -5 -6 -7 7 -9 16 20 23 -13 -14 -15 15 22 -18 -19 -20 -21 -22 -23 -24 24 26 -27 -28 28 -30 -31
leaf_value=0.0086749818013880271 -0.51198538970280605 -0.16151810494372468 -0.059727273803672688 -0.0096165652609667522 0.09778682928107324 -0.13402957066193083 0.20282859167150563 0.12748476841917733 -0.42213810087063031 -0.019132095887923837 0.20718939809522682 -0.8480350121409409 -1.3430440275641726 1.5892149454305002 2.7962224853214983 4.8478244595304316 0.015407438635991449 -0.078932369182109108 -0.29580057078623034 8.0354806289682639 3.7506185727056329 -0.093392644185643428 3.1451838544488262 1.4860824841417402 -1.5892910882967322 -0.15368974245095643 -0.46665219483803805 0.69322856758070539 7.4201376194117339 -0.26447173443029731
leaf_weight=34736 1728 2844 22082 7654 54 10314 88 40536 3110 67560 12094 158 102 256 128 62 15230 16198 52 40 188 36928 26 2218 84 912 1920 148 70 2992
leaf_count=34736 1728 2844 22082 7654 54 10314 88 40536 3110 67560 12094 158 102 256 128 62 15230 16198 52 40 188 36928 26 2218 84 912 1920 148 70 2992
internal_value=-0.000207522 -0.00132899 -0.00015618 -0.000848371 -0.00266667 -8.31215e-05 -3.47544e-05 0.000137708 -7.16311e-05 0.000183976 0.00118595 0.00682895 0.00935809 0.0116687 0.0171818 0.0214675 -0.000731022 -0.00144748 0.0152727 0.0207857 -0.000131784 -0.000429841 0.0369545 0.000934141 0.00248655 0.00483067 -0.000815483 0.00989404 0.0160183 0.0003834
internal_weight=280512 12280 268232 10552 2898 246150 235836 164172 123636 89098 21350 912 754 652 396 308 34538 19308 220 168 67748 71664 88 20438 5352 3130 2222 302 218 15086
internal_count=280512 12280 268232 10552 2898 246150 235836 164172 123636 89098 21350 912 754 652 396 308 34538 19308 220 168 67748 71664 88 20438 5352 3130 2222 302 218 15086
is_linear=0
shrinkage=0.06


Tree=125
num_leaves=31
num_cat=0
split_feature=13 15 3 7 2 6 6 14 1 3 13 16 14 14 6 0 13 15 2 15 2 3 16 7 16 16 15 16 1 3
split_gain=5.12484 10.7207 10.4905 9.19984 8.31934 7.19467 11.328 13.8275 13.4718 11.0106 11.5801 7.15774 6.99225 6.56254 11.6274 9.55974 8.53256 8.10454 7.50766 6.63204 6.54367 6.9324 6.82266 6.25294 5.68104 5.64332 5.35347 5.78834 5.12462 5.07732
threshold=121.26350000000001 34.902500000000011 10.500000000000002 1.5056241961781456 3.5000000000000004 0.98739851026681891 1.0008124909445437 99.785000000000011 5.5000000000000009 11.500000000000002 252.28250000000003 2.6785750000000008 -1.0089999999999997 33.511500000000005 1.2238293071807054 1.5000000000000002 -1.0000000180025095e-35 10.012500000000001 5.5000000000000009 69.925000000000026 2.5000000000000004 9.5000000000000018 235.78075000000004 1.0284255996311484 124.56575000000001 8.2980500000000017 4.6415000000000006 0.26725000000000004 10.500000000000002 2.5000000000000004
decision_type=8 2 2 2 2 2 2 2 2 2 10 2 2 2 2 2 10 2 2 2 2 2 2 2 2 2 2 2 2 2
left_child=13 2 3 -2 5 11 7 -7 -9 10 24 23 26 14 -1 16 17 -16 20 -18 28 22 -22 -4 -10 -3 -6 -28 -15 -27
right_child=1 25 4 -5 12 6 -8 8 9 -11 -12 -13 -14 18 15 -17 19 -19 -20 -21 21 -23 -24 -25 -26 29 27 -29 -30 -31
leaf_value=0.0085535518035716827 -0.15862564569452295 -0.32386194301564225 1.8067060743841528 -0.22696599855233429 -1.023284470506119 1.1721166855390439 0.019415440858752148 4.7197009268134238 6.5785811885826382 -3.7777668487923117 -0.87479436407543054 -0.36485071392447405 -0.18700296602076433 0.10727789416837129 0.14341108441429209 -0.046325358636001152 0.078842319155730783 0.008736107658860983 0.12761716046949673 -0.4274473587519147 -0.11671117797191072 -0.54351312416760311 8.1648014786352654 -0.42492716822544335 8.2347422589193453 0.14820129337224591 3.3261534946806202 0.37179469590924163 -0.11877363137829616 -0.021332446035410842
leaf_weight=57708 60488 2487 72 4292 53 1388 1707 125 110 128 64 1764 5768 12830 428 3822 7195 230 6958 421 18062 4827 51 62 64 16455 31 56 15347 57519
leaf_count=57708 60488 2487 72 4292 53 1388 1707 125 110 128 64 1764 5768 12830 428 3822 7195 230 6958 421 18062 4827 51 62 64 16455 31 56 15347 57519
internal_value=-0.000198966 -0.000433708 -0.000937511 -0.00123279 0.000741572 0.00242451 0.00400558 0.0072198 0.0158737 0.0100656 0.0176975 -0.000562699 -0.000820584 8.1216e-05 0.000473267 0.00216468 0.00331109 0.00986626 -0.000390014 0.00274475 -0.000641706 -0.00139407 -0.00085563 0.012806 0.0257241 6.81902e-05 0.0124286 0.0215862 -2.91742e-05 0.000162704
internal_weight=280512 152633 76172 64780 11392 5484 3586 1879 491 366 238 1898 5908 127879 69804 12096 8274 658 58075 7616 51117 22940 18113 134 174 76461 140 87 28177 73974
internal_count=280512 152633 76172 64780 11392 5484 3586 1879 491 366 238 1898 5908 127879 69804 12096 8274 658 58075 7616 51117 22940 18113 134 174 76461 140 87 28177 73974
is_linear=0
shrinkage=0.06


Tree=126
num_leaves=31
num_cat=0
split_feature=13 0 7 8 15 0 14 6 8 2 13 14 16 16 14 13 15 8 15 2 8 3 3 13 14 13 15 15 8 6
split_gain=4.50282 10.4251 12.3781 6.71392 6.04024 7.45839 10.9934 10.4338 7.74317 6.6102 5.95326 5.94482 5.63832 5.37422 5.35292 7.26817 12.2145 11.7467 7.26399 6.95894 4.98517 4.97998 6.03275 5.99297 7.29182 5.81908 15.0222 6.78616 6.35003 5.56164
threshold=121.26350000000001 1.5000000000000002 1.0000317254658451 1.7572667925401098 45.185000000000009 1.5000000000000002 93.181500000000014 0.96789600324889957 1.4831829472888427 1.0000000180025095e-35 -0.028999999999999995 -1.0089999999999997 9.261750000000001 90.323075000000003 -0.7649999999999999 -1.0000000180025095e-35 8.8310000000000013 1.0000797180590746 14.911000000000003 5.5000000000000009 0.71085400727221548 7.5000000000000009 6.5000000000000009 51.57500000000001 60.011500000000005 1.0000000180025095e-35 28.472500000000004 22.473500000000005 0.92528961338226823 1.2677850982588512
decision_type=8 2 2 2 2 2 2 2 2 2 10 2 2 2 2 10 2 2 2 2 2 2 2 10 2 10 2 2 2 2
left_child=4 2 12 20 5 6 7 -1 13 -7 -11 -10 -2 14 15 16 17 -9 -18 -17 -3 22 -16 25 -25 26 -24 28 -27 -23
right_child=1 3 -4 -5 -6 9 -8 8 11 10 -12 -13 -14 -15 21 19 18 -19 -20 -21 -22 29 23 24 -26 27 -28 -29 -30 -31
leaf_value=-0.04520736641328392 -0.21307769574167335 0.24889500516943677 -0.18254438215597341 -0.8557577877587097 -0.060918951746770117 0.30390809767601634 -0.83853874641304926 -0.078510831177307852 0.5823360927507224 -0.43684380010280216 -0.061127921913621375 0.070186405317286135 -0.031585700752869608 8.0599771047492883 0.082592165166768858 -0.0052690582085689695 0.35812394160237804 0.24209248331200839 0.5016560558272154 0.23761450847782653 -0.010201190948620001 -0.01566733211810728 0.082782089488859081 0.1183580842852858 0.5276597741087784 -0.080052677491290067 0.30175596601719945 -0.0051870116898222419 0.21118279673174245 0.072246903168210586
leaf_weight=13351 13534 9800 16298 1273 46676 4139 1823 171 49 1659 25871 1950 43594 26 14571 843 53 39 59 324 68134 10555 120 41 28 276 72 1122 1173 2888
leaf_count=13351 13534 9800 16298 1273 46676 4139 1823 171 49 1659 25871 1950 43594 26 14571 843 53 39 59 324 68134 10555 120 41 28 276 72 1122 1173 2888
internal_value=-0.000191266 -0.000411302 -0.000926322 6.61291e-05 7.13629e-05 0.000383999 0.000843783 0.00101851 0.00157159 -0.000335156 -0.000671269 0.0051956 -0.000510224 0.00134773 0.00132581 0.00483949 0.0128199 0.00428571 0.0288214 0.00263753 0.00013673 0.00115619 0.00182624 0.00436017 0.0218261 0.00392399 0.014 0.00317153 0.00588406 0.000288773
internal_weight=280512 152633 73426 79207 127879 81203 49534 47711 34360 31669 27530 1999 57128 32361 32335 1489 322 210 112 1167 77934 30846 17403 2832 69 2763 192 2571 1449 13443
internal_count=280512 152633 73426 79207 127879 81203 49534 47711 34360 31669 27530 1999 57128 32361 32335 1489 322 210 112 1167 77934 30846 17403 2832 69 2763 192 2571 1449 13443
is_linear=0
shrinkage=0.06


Tree=127
num_leaves=31
num_cat=0
split_feature=10 13 5 13 1 10 1 2 13 1 7 2 7 7 16 10 13 1 16 7 14 16 14 8 8 7 16 13 1 10
split_gain=4.27756 4.59703 4.05915 4.27066 4.04883 5.58488 5.32981 6.73718 9.24931 6.17838 7.99165 5.65678 8.0999 6.52243 5.53855 5.99143 5.52531 5.74945 6.99101 5.02594 4.89726 4.81083 5.6345 5.0846 12.0607 5.17068 4.82095 4.56333 4.46151 4.44816
threshold=4.4445054945054974 51.57500000000001 1.0000000180025095e-35 49.214000000000006 6.5000000000000009 0.12857142857142947 20.500000000000004 1.0000000180025095e-35 91.785000000000011 16.500000000000004 0.71698740361791835 4.5000000000000009 0.78302576127124479 0.9131493652723206 3.8067500000000005 -1.0857142857142847 -2.4249999999999994 15.500000000000002 84.427250000000015 0.74583052745247813 146.14900000000003 28.315350000000002 1.2010000000000003 0.82513213131758756 1.2210989933635656 0.41129751637647521 19.695225000000004 319.22000000000008 9.5000000000000018 -2.0703296703296696
decision_type=2 8 2 8 2 2 2 2 10 2 2 2 2 2 2 2 10 2 2 2 2 2 2 2 2 2 2 10 2 2
left_child=2 -2 4 -4 5 -1 7 8 16 11 14 12 21 -13 15 -11 19 18 29 -6 -10 22 -9 -24 26 -26 -25 -22 -14 -18
right_child=1 -3 3 -5 6 -7 -8 9 20 10 -12 13 28 -15 -16 -17 17 -19 -20 -21 27 -23 23 24 25 -27 -28 -29 -30 -31
leaf_value=-0.020269639572760203 0.0017992183065311065 -0.20273823290341741 0.02053082306576378 -0.21505848955202181 -0.51506354302463364 -0.12130076393734697 -0.075672078370839127 -0.28335255999842796 1.6574310986002536 4.3357792817744434 0.055035930215734642 -0.30361743487228426 0.13055880912501408 -0.036873397002877895 0.46512133667510197 0.11113624514404886 -0.087567170214921525 -0.014968869888810467 -0.10819140055207212 0.10714758909353619 0.017272746777747258 0.10417969507932359 0.3102091957929291 0.79519209137696945 0.65105011230916043 -0.55825834827838505 1.5537292278055266 2.4999553097750495 -0.06676429032851329 0.63040053851831168
leaf_weight=59504 4130 5412 3865 7643 1661 16184 32488 478 682 104 32694 5936 15314 24240 4124 92 645 3183 1316 9783 450 5808 1496 810 64 490 260 36 37660 3960
leaf_count=59504 4130 5412 3865 7643 1661 16184 32488 478 682 104 32694 5936 15314 24240 4124 92 645 3183 1316 9783 450 5808 1496 810 64 490 260 36 37660 3960
internal_value=-0.000186346 -0.00143492 -0.000142379 -0.00124505 -9.34718e-05 -0.000462796 5.86358e-05 0.000208372 0.0011864 4.44533e-05 0.000699626 -0.000217556 0.000108687 -0.000891969 0.003125 0.0129796 0.00089118 0.00199429 0.00309981 1.36302e-05 0.00638014 0.00173123 0.00345525 0.00438461 0.00670936 -0.000476536 0.0104299 0.00177778 -0.00017941 0.00420195
internal_weight=280512 9542 270970 11508 259462 75688 183774 151286 21716 129570 37014 92556 62380 30176 4320 196 20548 9104 5921 11444 1168 9406 3598 3120 1624 554 1070 486 52974 4605
internal_count=280512 9542 270970 11508 259462 75688 183774 151286 21716 129570 37014 92556 62380 30176 4320 196 20548 9104 5921 11444 1168 9406 3598 3120 1624 554 1070 486 52974 4605
is_linear=0
shrinkage=0.06


Tree=128
num_leaves=31
num_cat=0
split_feature=8 3 14 5 13 3 15 15 13 10 0 3 3 3 15 8 8 13 6 3 14 3 6 7 13 3 14 10 8 15
split_gain=4.18749 4.34124 4.00043 3.50189 4.21543 4.25293 5.51371 6.41931 7.58379 8.7264 3.77976 5.03784 4.67572 8.93764 8.00185 4.27708 4.26197 5.43739 4.43157 4.14474 4.82637 3.71199 7.67744 6.71333 6.53087 6.26227 7.93279 11.9153 6.86131 9.85134
threshold=1.8886463969291711 11.500000000000002 3.6815000000000002 1.0000000180025095e-35 49.214000000000006 5.5000000000000009 74.375000000000014 14.911000000000003 4.2825000000000015 0.050000000000001162 2.5000000000000004 2.5000000000000004 11.500000000000002 4.5000000000000009 92.892500000000013 0.78117326904808315 1.201342073901374 91.785000000000011 1.0788059406939554 5.5000000000000009 56.035000000000004 10.500000000000002 1.891089340916341 1.8260568800696981 1.7645000000000002 11.500000000000002 19.214000000000002 0.61428571428571332 0.75461930155040691 33.625000000000007
decision_type=2 2 2 2 8 2 2 2 10 2 2 2 2 2 2 2 2 10 2 2 2 2 2 2 8 2 2 2 2 2
left_child=3 -2 -3 21 5 -5 7 -7 9 -9 11 16 13 -12 -15 -16 17 18 -6 -17 -21 23 25 -1 -25 26 27 28 -23 -30
right_child=1 2 -4 4 10 6 -8 8 -10 -11 12 -13 -14 14 15 19 -18 -19 -20 20 -22 22 -24 24 -26 -27 -28 -29 29 -31
leaf_value=-0.018909181564689636 -0.17427071106631267 0.10657903949619994 0.04470971404888336 -0.15725378133360091 0.32401807039198616 0.0090508121357593882 -0.40284145248874287 0.68495609200796603 0.3830491842301848 0.027677860907347435 -0.62607846075977569 -0.31599097738217097 -1.0084064616862505 0.13548497213313829 -0.68291264324386902 0.46008536897449726 -1.8729368217553277 -0.57305599431541776 1.2180374391739099 1.3389055128245924 2.0439804791219958 0.14261364436199059 0.31816871447719058 0.068162088081223648 -0.2251403344579965 -0.061904966630984978 0.051061000641399262 -0.08754443378884004 1.3291943724949158 0.17584887032684943
leaf_weight=220312 2328 42 294 1698 389 989 470 115 624 100 651 4808 554 733 43 154 193 156 25 52 70 1324 1210 407 3089 19656 15190 1596 2204 1036
leaf_count=220312 2328 42 294 1698 389 989 470 115 624 100 651 4808 554 733 43 154 193 156 25 52 70 1324 1210 407 3089 19656 15190 1596 2204 1036
internal_value=-0.00018656 -0.00255406 0.00382143 -0.000163861 -0.00117422 0.00041141 0.00209399 0.00358424 0.00744458 0.0171628 -0.00198365 -0.00282283 8.77256e-05 0.00164533 0.00506464 0.0129969 0.00170642 0.00431579 0.00791304 0.0157391 0.024 -0.000118953 0.000397099 -0.000216294 -0.00282494 0.000258107 0.000969554 0.00278571 0.00434619 0.00583333
internal_weight=280512 2664 336 277848 11824 3996 2298 1828 839 215 7828 5571 2257 1703 1052 319 763 570 414 276 122 266024 42216 223808 3496 41006 21350 6160 4564 3240
internal_count=280512 2664 336 277848 11824 3996 2298 1828 839 215 7828 5571 2257 1703 1052 319 763 570 414 276 122 266024 42216 223808 3496 41006 21350 6160 4564 3240
is_linear=0
shrinkage=0.06


Tree=129
num_leaves=31
num_cat=0
split_feature=10 14 3 15 5 2 15 15 14 8 2 14 3 3 16 12 15 7 8 16 1 16 8 8 15 1 10 3 1 3
split_gain=3.95249 3.89482 4.11455 4.35822 3.83369 3.9863 5.72644 4.17395 4.72448 6.038 6.24344 10.2731 5.3612 10.3084 11.2435 5.86705 6.40872 6.59768 5.56427 4.94205 7.87458 5.72825 9.52538 3.69508 10.3857 3.61843 5.05869 4.74559 4.64492 8.09197
threshold=4.4445054945054974 76.219000000000008 10.500000000000002 49.672500000000007 1.0000000180025095e-35 1.0000000180025095e-35 6.104000000000001 10.301500000000003 6.7010000000000014 1.0000797180590746 2.5000000000000004 4.6710000000000003 11.500000000000002 5.5000000000000009 70.139350000000007 0.21875000000000003 87.584000000000017 0.69031554602879497 1.4269786482892008 18.452950000000005 12.500000000000002 6.4280000000000008 0.98491328184363613 0.71771253038323135 27.333500000000004 6.5000000000000009 0.12857142857142947 6.5000000000000009 19.500000000000004 1.5000000000000002
decision_type=2 2 2 2 2 2 2 2 2 2 2 2 2 2 2 2 2 2 2 2 2 2 2 2 2 2 2 2 2 2
left_child=4 2 -2 -4 25 6 -6 -7 9 10 11 -9 13 -10 18 16 17 -16 23 21 -21 22 -12 24 -15 26 27 -1 29 -27
right_child=1 -3 3 -5 5 7 -8 8 12 -11 19 -13 -14 14 15 -17 -18 -19 -20 20 -22 -23 -24 -25 -26 28 -28 -29 -30 -31
leaf_value=0.028886648318021457 -0.093958575303436806 -0.98742616317293952 0.074641207237742868 -0.16934113498634557 0.087394926624907721 -0.14789128536350329 -0.75681671439773224 0.28902319969675433 -0.1257954019496568 -0.89379119652926842 -0.1249962910713211 1.9328271403863033 -0.32958015932111701 2.2348499342950574 1.5723218332306035 -0.069353536886934464 1.9221438053591793 0.27180595577543104 0.81201940528750227 0.95213435675079916 -0.16380086433245081 -0.41124144992292555 0.67193771517708833 0.0094035721813826804 -0.49217892155848042 0.30925276473022467 -0.11284358242252199 -0.073908226940433974 -0.062107506383882627 0.0086115226766958555
leaf_weight=29126 6032 1248 1766 496 82 2728 1608 148 2924 194 50 60 1530 54 42 74 62 136 34 146 72 300 38 1162 64 11328 16184 30378 43296 129150
leaf_count=29126 6032 1248 1766 496 82 2728 1608 148 2924 194 50 60 1530 54 42 74 62 136 34 146 72 300 38 1162 64 11328 16184 30378 43296 129150
internal_value=-0.000184421 -0.00138462 -0.000914397 0.0012679 -0.000142157 -0.00121377 -0.00390533 -0.00075046 1.69238e-05 0.00382143 0.00608845 0.0150577 -0.000613615 0.000419155 0.0042457 0.0144459 0.019 0.0132135 0.00180822 0.0030099 0.0102385 -0.00105155 0.0124091 0.00117187 0.0112881 -9.4628e-05 -0.000443771 -0.000187955 4.91677e-05 0.00021663
internal_weight=280512 9542 8294 2262 270970 11508 1690 9818 7090 1008 814 208 6082 4552 1628 314 240 178 1314 606 218 388 88 1280 118 259462 75688 59504 183774 140478
internal_count=280512 9542 8294 2262 270970 11508 1690 9818 7090 1008 814 208 6082 4552 1628 314 240 178 1314 606 218 388 88 1280 118 259462 75688 59504 183774 140478
is_linear=0
shrinkage=0.06


Tree=130
num_leaves=31
num_cat=0
split_feature=12 3 3 7 15 15 14 2 15 5 2 2 10 14 6 14 0 15 7 16 1 6 1 2 15 14 2 3 14 15
split_gain=3.60442 8.23466 7.79162 7.93837 9.39796 7.15544 7.38947 5.50265 5.28229 5.00993 4.78574 8.68816 4.58718 8.11726 7.36522 3.64176 3.60995 4.79046 4.2138 4.56737 4.44721 6.50218 5.62269 5.29992 5.96799 6.06154 5.8206 9.78547 5.23718 7.99399
threshold=0.87875000000000003 4.5000000000000009 5.5000000000000009 1.5448511506569107 39.975000000000001 37.604000000000006 81.401500000000013 5.5000000000000009 3.0725000000000002 1.0000000180025095e-35 4.5000000000000009 1.0000000180025095e-35 -0.36428571428571516 27.542500000000004 1.0615780500151568 -3.4049999999999998 2.5000000000000004 -0.75749999999999995 0.51033739048226756 108.10725000000001 6.5000000000000009 0.9715823300492259 19.500000000000004 5.5000000000000009 -1.0089999999999997 9.8615000000000013 4.5000000000000009 7.5000000000000009 -0.028999999999999995 9.1725000000000012
decision_type=2 2 2 2 2 2 2 2 2 2 2 2 2 2 2 2 2 2 2 2 2 2 2 2 2 2 2 2 2 2
left_child=16 -2 3 4 5 9 -7 -6 -4 10 11 -3 14 -14 -13 -12 18 -18 -1 20 21 -20 -22 24 25 -24 27 -27 29 -25
right_child=1 2 8 -5 7 6 -8 -9 -10 -11 15 12 13 -15 -16 -17 17 -19 19 -21 22 -23 23 28 -26 26 -28 -29 -30 -31
leaf_value=0.12801180703598866 -0.33290289397306716 -0.12860459702201249 -0.16580009542545943 -0.14097504809081698 -0.2510790331067545 0.14873114690370337 2.1789748636603576 0.48877821634967461 -0.030834359464826745 -0.84317788186071529 0.43376297070986336 0.53805463513727347 1.4493085491416369 0.028745784184121631 1.7788520668862535 0.12651106222093367 -0.60328625706275096 0.063529398493621908 -0.18896507264215492 -0.40138260466919795 0.022874620383892787 -0.020989406301722399 0.044467669293258891 1.227155214863449 -0.12227627274853931 2.0632431551517429 1.0416983808655849 -0.3270879715978397 0.057503026421679301 -0.21773435341106132
leaf_weight=8062 3896 236 3266 790 932 38 40 62 8916 128 38 94 250 184 90 688 1460 62916 14112 13994 86144 42712 338 88 26316 40 42 90 4476 74
leaf_count=8062 3896 236 3266 790 932 38 40 62 8916 128 38 94 250 184 90 688 1460 62916 14112 13994 86144 42712 338 88 26316 40 42 90 4476 74
internal_value=-0.000174582 -0.000958267 -0.000347386 0.00211765 0.0036259 0.00622844 0.024 -0.0010503 -0.00106978 0.00541686 0.00634177 0.00938642 0.0131262 0.00976037 0.0210652 0.00276033 -0.000115556 0.000274387 -0.000243314 -0.000300788 -0.000217118 -0.000652965 -6.5316e-06 -0.000692984 -0.00101678 0.00541176 0.0145814 0.00830769 0.00117982 0.0117778
internal_weight=280512 19648 15752 3570 2780 1786 78 994 12182 1708 1580 854 618 434 184 726 260864 64376 196488 188426 174432 56824 117608 31464 26826 510 172 130 4638 162
internal_count=280512 19648 15752 3570 2780 1786 78 994 12182 1708 1580 854 618 434 184 726 260864 64376 196488 188426 174432 56824 117608 31464 26826 510 172 130 4638 162
is_linear=0
shrinkage=0.06


Tree=131
num_leaves=31
num_cat=0
split_feature=13 6 14 8 15 13 0 8 13 4 15 7 3 7 3 7 0 3 15 6 3 5 1 7 10 5 7 8 3 10
split_gain=4.39658 7.91731 8.91081 7.90688 7.37635 6.70199 6.32484 10.1966 10.3461 7.24452 6.33402 5.25743 5.06153 5.53897 4.74089 4.71758 4.49521 4.42927 5.67758 7.16993 6.69087 4.35129 4.25738 5.26149 4.18278 4.34709 4.12765 4.0694 5.26448 3.85615
threshold=41.82500000000001 1.13442862084841 21.962500000000002 1.7572667925401098 2.0325000000000002 25.185000000000006 1.5000000000000002 1.6752826858293572 -1.0000000180025095e-35 1.0000000180025095e-35 10.012500000000001 1.6688301940887422 11.500000000000002 1.3954492509346659 1.5000000000000002 1.0284255996311484 1.5000000000000002 4.5000000000000009 29.195000000000004 1.3294609182192656 11.500000000000002 1.0000000180025095e-35 4.5000000000000009 2.3816339317757156 5.3964285714285696 1.0000000180025095e-35 1.1187848739926085 0.9297530888433283 6.5000000000000009 1.0000000180025095e-35
decision_type=8 2 2 2 2 10 2 2 10 2 2 2 2 2 2 2 2 2 2 2 2 2 2 2 2 2 2 2 2 2
left_child=1 -1 5 4 29 6 7 8 10 14 27 24 13 -11 -9 -7 -13 -18 -19 -20 22 -16 -21 -24 25 -6 -4 -3 -29 -2
right_child=3 2 26 -5 11 15 -8 9 -10 12 -12 16 -14 -15 21 -17 17 18 19 20 -22 -23 23 -25 -26 -27 -28 28 -30 -31
leaf_value=-0.010848465233108583 -0.12003571464812977 0.11579363170517029 0.16691048631792851 -0.23985485215332891 -0.0025779280465617689 0.05924704269929934 -0.099584820549491207 -0.34821761398501666 0.028785322734013272 -0.00034896822151595327 0.014073747551131999 -0.17690390831493294 0.017250220411838466 0.14282414837292101 0.10614341224524508 0.64292118679296739 -1.1723955653631188 -0.68628897788892307 -0.061590777212196211 1.4398460927791796 -0.12761450853709919 0.17450333059797471 0.9910946056538853 1.7893320177125152 -0.22419718245418602 -0.13955229739619879 -0.10620778634085463 0.12112867321132421 0.17711414201890946 -0.24690721152466388
leaf_weight=64138 12245 137 2363 2944 165513 336 2103 102 6428 25 206 1974 52 104 305 699 824 665 745 33 157 31 276 42 2259 7004 4537 198 96 3971
leaf_count=64138 12245 137 2363 2944 165513 336 2103 102 6428 25 206 1974 52 104 305 699 824 665 745 33 157 31 276 42 2259 7004 4537 198 96 3971
internal_value=-0.000172871 0.000197164 0.00131971 -0.000325354 -0.000278927 0.00239401 0.00190845 0.0027064 0.00205945 0.0100905 0.00935322 -0.000168209 0.0201878 0.0265581 0.00591781 0.00698551 -0.00214504 -0.000573306 0.0010073 0.00338547 0.00888189 0.00935714 0.0134872 0.0113585 -0.000114868 -8.12804e-05 -0.000365219 0.0134896 0.0174694 -0.00150444
internal_weight=280512 81860 17722 198652 195708 10822 9787 7684 7065 619 637 179492 181 129 438 1035 4716 2742 1918 1253 508 336 351 318 174776 172517 6900 431 294 16216
internal_count=280512 81860 17722 198652 195708 10822 9787 7684 7065 619 637 179492 181 129 438 1035 4716 2742 1918 1253 508 336 351 318 174776 172517 6900 431 294 16216
is_linear=0
shrinkage=0.06


Tree=132
num_leaves=31
num_cat=0
split_feature=13 0 7 8 1 14 6 2 0 8 13 2 12 15 16 2 8 7 1 8 14 16 2 14 1 16 8 6 7 10
split_gain=4.05036 8.72646 10.0096 6.00005 5.86632 5.73012 7.90433 7.8279 7.26998 6.39586 6.24697 5.59886 5.5827 5.49248 5.13844 4.62103 4.61667 5.35048 4.52341 4.50677 5.8514 11.323 6.95641 4.39481 6.02816 5.26386 4.36415 4.09208 4.03659 4.00028
threshold=121.26350000000001 1.5000000000000002 1.0000317254658451 1.7361126636483661 15.500000000000002 33.511500000000005 1.2619264532143115 5.5000000000000009 1.5000000000000002 1.4749377546765203 0.041500000000000002 2.5000000000000004 0.28375 19.271500000000003 9.261750000000001 2.5000000000000004 0.90999358860898105 1.8260568800696981 10.500000000000002 0.71435077137858138 23.221500000000002 16.456000000000003 1.5000000000000002 108.77150000000002 20.500000000000004 139.64352500000004 0.93721691167687304 0.74075543374468922 0.52219606912622096 -6.5357142857142865
decision_type=8 2 2 2 2 2 2 2 2 2 10 2 2 2 2 2 2 2 2 2 2 2 2 2 2 2 2 2 2 2
left_child=5 2 14 4 12 6 -1 11 9 10 16 18 19 15 -2 -11 -8 -18 -7 20 21 -3 -23 24 25 26 -6 -24 -16 -4
right_child=1 3 29 -5 23 7 8 -9 -10 13 -12 -13 -14 -15 28 -17 17 -19 -20 -21 -22 22 27 -25 -26 -27 -28 -29 -30 -31
leaf_value=0.011518401071606021 -0.19608410799804812 0.19756331235895663 0.40572908973087507 -0.75105224484471744 0.8801140509332942 0.098821819099692718 0.012696210992133566 0.12323960626441044 -0.041607964221883627 0.043188260791314229 0.047061059544110891 -0.16886443508507765 -0.24635282548742987 0.0044970594624233881 0.33566632008212027 0.20794828955166231 0.080905513707959592 0.15741959291074345 -0.11330345112304024 -0.035633235172761672 0.084506625795539358 -0.4797471794125992 1.6730233755464359 -0.10206741412117248 0.0047925951842425572 4.1368486909651097 0.32847672023532948 0.19249658061085875 -0.053405674044916078 -0.16036497903426103
leaf_weight=58621 13534 788 426 1421 2691 12830 193 6958 3532 385 5686 22940 7935 354 2191 613 350 70 15347 38161 3361 94 294 7612 7701 50 9041 58 41403 15872
leaf_count=58621 13534 788 426 1421 2691 12830 193 6958 3532 385 5686 22940 7935 354 2191 613 350 70 15347 38161 3361 94 294 7612 7701 50 9041 58 41403 15872
internal_value=-0.000168807 -0.000377495 -0.000848693 5.93115e-05 0.000129893 8.02776e-05 0.000446621 -0.000360053 0.00190843 0.00294785 0.00214415 -0.000617056 -0.000251052 0.00669231 -0.000474515 0.00896994 0.00789886 0.0114286 -5.04681e-05 2.02063e-05 0.00179543 0.00532901 0.0129686 0.000842589 0.00132023 0.00217348 0.00209069 0.0168409 -0.000157454 -0.00216027
internal_weight=280512 152633 73426 79207 77786 127879 69804 58075 11183 7651 6299 51117 50691 1352 57128 998 613 420 28177 42756 4595 1234 446 27095 19483 11782 11732 352 43594 16298
internal_count=280512 152633 73426 79207 77786 127879 69804 58075 11183 7651 6299 51117 50691 1352 57128 998 613 420 28177 42756 4595 1234 446 27095 19483 11782 11732 352 43594 16298
is_linear=0
shrinkage=0.06


Tree=133
num_leaves=31
num_cat=0
split_feature=12 3 3 7 15 15 7 8 1 2 10 10 5 2 2 13 14 10 6 10 14 14 13 6 3 13 14 13 6 8
split_gain=3.70469 5.27435 5.06699 6.37764 6.86053 7.38266 4.80288 4.2356 4.4175 4.19817 4.01029 5.04486 3.96193 4.86179 7.0361 5.48242 4.62416 6.45766 3.55823 3.25726 4.98087 4.25293 3.907 4.74376 3.97857 3.9294 3.68121 3.5635 4.75279 5.52862
threshold=1.0587500000000003 4.5000000000000009 5.5000000000000009 1.5448511506569107 39.975000000000001 37.072500000000012 1.0000317254658451 1.290837523479655 12.500000000000002 4.5000000000000009 -1.2857142857142898 -5.0357142857142856 1.0000000180025095e-35 1.0000000180025095e-35 4.5000000000000009 63.931000000000004 8.5275000000000016 2.4285714285714306 1.13442862084841 2.514285714285716 -2.4084999999999996 86.508500000000012 59.691500000000005 1.1505216241342457 10.500000000000002 0.041500000000000002 19.541500000000003 14.281000000000001 1.891089340916341 1.6210811478033811
decision_type=2 2 2 2 2 2 2 2 2 2 2 2 2 2 2 10 2 2 2 2 2 2 8 2 2 10 2 10 2 2
left_child=19 -2 3 4 5 7 -7 8 -3 10 11 -4 13 -10 15 -15 17 -16 -6 -1 -21 22 23 -22 26 -26 -25 -27 -29 -30
right_child=1 2 9 -5 18 6 -8 -9 12 -11 -12 -13 -14 14 16 -17 -18 -19 -20 20 21 -23 -24 24 25 27 -28 28 29 -31
leaf_value=-0.0058302269943240944 -0.33727207796456188 0.25895857481003026 0.25079250088868144 -0.16691627535427134 -0.88594965731639996 0.063603054352050131 1.9867732421413287 -0.060647829922885865 0.052195410860294285 -0.17419025238273297 0.030664356674884027 -0.35435579190844835 -0.44274017680742522 1.6059966267346282 0.44463684863212971 0.22047470917829631 -0.48090056919236612 0.65449029903526934 0.31216923268200542 0.17227164902874909 -0.10732951302339154 -0.5974277338383206 -0.10072944970836518 0.035626292228347074 0.1262261353886725 0.021814843889437229 -0.1537627838596238 0.15438562242157416 0.72739420521773279 0.078722654818688176
leaf_weight=243358 2610 528 28 648 518 26 48 254 122 2508 5366 1354 54 163 120 51 84 28 214 76 3797 3156 10835 1908 123 913 1080 427 72 43
leaf_count=243358 2610 528 28 648 518 26 48 254 122 2508 5366 1354 54 163 120 51 84 28 214 76 3797 3156 10835 1908 123 913 1080 427 72 43
internal_value=-0.00016731 -0.00109373 -0.000566619 0.00164171 0.00317647 0.00552909 0.024 0.00455555 0.00610435 -0.00124849 -0.000469474 -0.00335167 0.00953055 0.011007 0.0139103 0.021757 0.00667241 0.0130541 -0.00157377 -0.000115989 -0.000807848 -0.000859982 -0.000524431 0.000449837 0.00175296 0.00419011 0.000465862 0.00331959 0.00717343 0.018
internal_weight=280512 14724 12114 2858 2210 1478 74 1404 1150 9256 6748 1382 622 568 446 214 232 148 732 265788 22430 22354 19198 8363 4566 1578 2988 1455 542 115
internal_count=280512 14724 12114 2858 2210 1478 74 1404 1150 9256 6748 1382 622 568 446 214 232 148 732 265788 22430 22354 19198 8363 4566 1578 2988 1455 542 115
is_linear=0
shrinkage=0.06


Tree=134
num_leaves=31
num_cat=0
split_feature=12 7 2 13 7 12 6 8 15 8 13 0 13 7 15 2 13 16 13 13 8 13 13 0 16 7 13 8 8 15
split_gain=3.73726 3.7232 4.87145 6.01394 5.65299 4.40833 3.71865 4.42519 5.47822 6.14485 4.18885 3.27917 5.92387 10.4389 8.56311 6.16147 6.61805 6.52755 6.41143 9.70033 5.87407 5.78514 7.55355 5.6551 5.05091 6.45945 8.69299 8.00148 5.08066 4.96032
threshold=1.0587500000000003 0.87688504658258981 1.0000000180025095e-35 5.4750000000000005 1.5448511506569107 1.3587500000000003 1.0671709789116988 0.68711805000605286 10.301500000000003 0.50947370553930582 1.2410000000000003 2.5000000000000004 110.08500000000002 1.0000317254658451 14.506500000000001 5.5000000000000009 63.931000000000004 86.313725000000005 28.562500000000004 59.691500000000005 1.4398982778291354 17.844000000000005 58.254000000000012 1.5000000000000002 33.952999999999996 1.3480802059237365 2.0515000000000003 1.7572667925401098 0.99580773328490058 1.5825000000000002
decision_type=2 2 2 10 2 2 2 2 2 2 10 2 8 2 2 2 10 2 10 10 2 10 10 2 2 2 10 2 2 2
left_child=11 -2 3 -3 6 -5 -4 8 9 -8 -9 12 14 20 21 16 17 -16 -17 -20 -14 24 23 -23 25 -1 27 28 -27 -29
right_child=1 2 4 5 -6 -7 7 10 -10 -11 -12 -13 13 -15 15 18 -18 -19 19 -21 -22 22 -24 -25 -26 26 -28 29 -30 -31
leaf_value=0.0026769675213441598 -0.27251661769994978 0.16162171781223131 -0.1551215278864593 1.398009241464675 -0.15572559830474281 3.0471971722868765 1.970565279449074 -0.056229205785415272 -0.03091198597662367 1.1675520840264957 0.27020860262687879 0.044013032168683859 -0.025694306518434087 -0.14446027654409796 -0.048565552327399536 -0.022989534139301354 0.069901721024018371 -0.77327938271101038 0.25575548241629276 -0.074301513544778999 -0.35388124179582259 0.221056783898297 -0.053925939752332681 0.033500759570329997 -0.31443289514820599 -0.0021775610731222536 0.015670230029610082 0.049152617978297647 0.082470907242730582 0.16837225434971786
leaf_weight=16056 5274 988 3228 108 1680 72 32 1842 144 140 1216 65626 83050 22620 35743 3823 11225 4218 2238 1450 2879 6597 2996 2512 1645 288 2179 25 573 45
leaf_count=16056 5274 988 3228 108 1680 72 32 1842 144 140 1216 65626 83050 22620 35743 3823 11225 4218 2238 1450 2879 6597 2996 2512 1645 288 2179 25 573 45
internal_value=-0.000163246 -0.00109373 -0.000380954 0.00324657 -0.000892539 0.0133333 -0.000101789 0.00129105 0.00805063 0.0152791 0.000592543 -0.000111699 -0.000232373 -0.00053224 0.000122929 -0.000311465 -0.000546948 -0.000908537 0.0012933 0.00307809 -0.000230354 0.000897556 0.00194052 0.00280009 0.000290902 0.000564749 0.00306752 0.00792051 0.00633449 0.0274286
internal_weight=280512 14724 9450 1168 8282 180 6602 3374 316 172 3058 265788 200162 108549 91613 58697 51186 39961 7511 3688 85929 32916 12105 9109 20811 19166 3110 931 861 70
internal_count=280512 14724 9450 1168 8282 180 6602 3374 316 172 3058 265788 200162 108549 91613 58697 51186 39961 7511 3688 85929 32916 12105 9109 20811 19166 3110 931 861 70
is_linear=0
shrinkage=0.06


Tree=135
num_leaves=31
num_cat=0
split_feature=12 3 3 15 7 5 2 13 6 2 14 13 14 13 2 1 13 3 7 2 16 7 3 16 16 2 2 7 15 15
split_gain=3.55683 4.9873 4.55354 5.33734 6.21382 5.264 6.19362 5.33141 6.48905 5.6576 4.05225 6.19421 5.2135 3.84137 3.63364 3.33989 5.69942 7.1223 7.85279 6.46043 4.94272 6.46472 9.34584 9.35489 6.72831 5.5758 6.80477 5.61623 5.48007 5.45958
threshold=1.0587500000000003 4.5000000000000009 5.5000000000000009 73.416500000000028 1.5448511506569107 1.0000000180025095e-35 3.5000000000000004 5.6840000000000002 1.1174495715782984 2.5000000000000004 58.87850000000001 6.3310000000000004 3.5115000000000003 50.885000000000012 4.5000000000000009 6.5000000000000009 142.10500000000005 6.5000000000000009 1.0090088923758584 1.0000000180025095e-35 96.906525000000016 0.77915555373316348 4.5000000000000009 9.5154750000000003 26.731250000000003 4.5000000000000009 2.5000000000000004 0.62510886259936693 57.242500000000007 37.072500000000012
decision_type=2 2 2 2 2 2 2 8 2 2 2 10 2 8 2 2 8 2 2 2 2 2 2 2 2 2 2 2 2 2
left_child=15 -2 3 4 5 6 7 -3 9 -9 12 -12 -8 -10 -4 16 -1 18 19 -18 21 22 29 -24 28 26 -26 -27 -25 -21
right_child=1 2 14 -5 -6 -7 10 8 13 -11 11 -13 -14 -15 -16 -17 17 -19 -20 20 -22 -23 23 24 25 27 -28 -29 -30 -31
leaf_value=0.004589335664655957 -0.31985454787468515 -0.2165712913348278 -0.050455067788235497 -0.88058547095656059 -0.10307139183612696 -0.9599650271791923 0.42394677271220321 0.36073897909634756 1.5564707679722727 1.1358963997181624 0.060098049009787213 1.1333796343093685 -0.30555666204652931 1.2540624092356543 -0.16689702080088514 0.003140068353519362 -0.25443686499865448 -0.25893394965812694 -0.25463933470585448 -0.21269263958909837 -0.37298001095120109 0.052206124786495757 -0.037649322528030542 1.2857275484069608 0.96380877879402616 1.485716755025086 -0.16066186449905948 0.66777232615201443 0.39127896412582175 0.19911890166033336
leaf_weight=39994 2610 101 6748 490 544 160 494 284 46 61 62 36 456 124 2508 183972 2372 21446 4449 830 843 10121 275 138 151 60 203 66 46 822
leaf_count=39994 2610 101 6748 490 544 160 494 284 46 61 62 36 456 124 2508 183972 2372 21446 4449 830 843 10121 275 138 151 60 203 66 46 822
internal_value=-0.000161535 -0.00106928 -0.000556713 0.00153674 0.00271621 0.00439474 0.00539423 0.0101688 0.0126408 0.00791304 0.00258778 0.0142041 0.00138947 0.0222353 -0.00120311 -0.000111248 -0.000430186 -0.0009199 -0.000116609 0.000505932 0.00101143 0.00130648 0.0039807 0.00876038 0.0126145 0.008875 0.00501695 0.0197143 0.0223696 0.00126392
internal_weight=280512 14724 12114 2858 2368 1824 1664 616 515 345 1048 98 950 170 9256 265788 81816 41822 20376 15927 13555 12712 2591 939 664 480 354 126 184 1652
internal_count=280512 14724 12114 2858 2368 1824 1664 616 515 345 1048 98 950 170 9256 265788 81816 41822 20376 15927 13555 12712 2591 939 664 480 354 126 184 1652
is_linear=0
shrinkage=0.06


Tree=136
num_leaves=31
num_cat=0
split_feature=12 10 15 8 3 1 1 3 2 7 14 5 0 3 5 14 16 10 14 15 14 7 2 3 2 7 10 10 16 3
split_gain=3.42417 3.36647 3.25456 3.20769 4.94045 3.04653 3.94419 5.07725 5.26883 6.70258 7.09642 4.32109 4.03157 7.85486 8.35152 7.15536 6.21098 5.30491 4.40064 5.18672 5.12788 4.81473 4.75579 4.61678 6.56753 4.17109 4.73915 4.10962 4.10528 4.00417
threshold=1.2562500000000003 -1.142857142857143 -2.3784999999999994 1.8886463969291711 11.500000000000002 22.500000000000004 6.5000000000000009 8.5000000000000018 1.0000000180025095e-35 1.5556117355991737 36.863500000000009 1.0000000180025095e-35 2.5000000000000004 4.5000000000000009 1.0000000180025095e-35 7.535000000000001 50.41575000000001 -3.0142857142857129 4.9925000000000006 22.055000000000003 -1.0000000180025095e-35 1.3041248707470923 4.5000000000000009 5.5000000000000009 4.5000000000000009 0.65599935871273507 -0.47142857142857136 1.1285714285714288 1.7202500000000003 10.500000000000002
decision_type=2 2 2 2 2 2 2 2 2 2 2 2 2 2 2 2 2 2 2 2 2 2 2 2 2 2 2 2 2 2
left_child=3 2 -2 5 -5 6 7 8 9 -1 -11 29 -10 27 17 -16 -17 -15 19 20 -19 23 -22 24 -21 -18 -27 28 -14 -8
right_child=1 -3 -4 4 -6 -7 11 -9 12 10 -12 -13 13 14 15 16 25 18 -20 21 22 -23 -24 -25 -26 26 -28 -29 -30 -31
leaf_value=-0.16702695400233145 0.2073427431565151 -0.056159218382604438 -0.2314317273051556 -0.14088112815910819 0.081951555015203958 -0.11349016581376975 0.0041268255210320836 -0.089276003512612001 -0.011860750636000259 0.2971355699265788 1.3732571704444809 -0.078550070720141599 2.1378252602583387 0.98706138701007629 1.9357899862555983 -0.053106066233211478 0.94025405480426649 2.4509217472241511 0.14002417402660208 -1.0653753130692087 1.0450002338304865 4.0283799212066551 -0.18723891573518162 -0.7328824751452524 0.7724096262299146 0.59757596577410599 0.23770644687604306 -0.52665045318016324 0.012690460653279152 0.13565396551860498
leaf_weight=7640 116 7922 2020 2202 336 11576 139632 27064 34788 72 32 7356 26 34 32 100 28 88 4800 46 152 26 126 272 38 38 124 832 4834 28160
leaf_count=7640 116 7922 2020 2202 336 11576 139632 27064 34788 72 32 7356 26 34 32 100 28 88 4800 46 152 26 126 272 38 38 124 832 4834 28160
internal_value=-0.00015854 -0.00124558 -0.00335955 -0.000118114 -0.00224114 -9.80023e-05 -5.50065e-05 -0.000400681 -6.51803e-05 -0.00151395 0.0136154 0.000105235 0.000176697 0.00114557 0.00267886 0.0120745 0.00910345 0.00213687 0.00199207 0.00627273 0.011377 0.0013822 0.00738129 -0.000438204 0.0118571 0.0154737 0.0117778 -0.000444836 0.000222221 0.000167635
internal_weight=280512 10058 2136 270454 2538 267916 256340 81192 54128 7744 104 175148 46384 11596 5904 322 290 5582 5548 748 366 382 278 356 84 190 162 5692 4860 167792
internal_count=280512 10058 2136 270454 2538 267916 256340 81192 54128 7744 104 175148 46384 11596 5904 322 290 5582 5548 748 366 382 278 356 84 190 162 5692 4860 167792
is_linear=0
shrinkage=0.06


Tree=137
num_leaves=31
num_cat=0
split_feature=13 16 15 6 15 13 0 8 3 16 10 16 2 10 2 10 13 3 2 14 14 16 14 14 1 3 2 3 0 15
split_gain=3.18466 9.14431 6.71387 5.96522 6.75929 6.17887 5.48664 5.14394 5.92666 7.62257 11.0508 4.79883 4.67526 4.54553 4.38925 6.33893 5.97326 9.43843 9.44202 5.92593 5.818 12.2395 4.64765 8.1149 18.4798 10.755 10.4798 6.23569 6.19402 5.3903
threshold=41.82500000000001 86.313725000000005 2.0325000000000002 1.13442862084841 90.535000000000011 27.774000000000004 1.5000000000000002 1.7804483559979489 11.500000000000002 11.802625000000001 0.29285714285714287 0.79002500000000009 1.5000000000000002 1.0000000180025095e-35 5.5000000000000009 -1.0000000180025095e-35 58.949000000000005 10.500000000000002 4.5000000000000009 74.451500000000024 0.9910000000000001 5.0152500000000009 65.072500000000005 15.611500000000001 6.5000000000000009 3.5000000000000004 2.5000000000000004 4.5000000000000009 1.5000000000000002 0.15250000000000002
decision_type=8 2 2 2 2 10 2 2 2 2 2 2 2 2 2 2 10 2 2 2 2 2 2 2 2 2 2 2 2 2
left_child=1 3 11 -1 5 -5 -3 -4 -9 10 -10 -2 -13 14 15 -14 17 22 19 -19 21 -16 23 27 25 -25 29 -17 -27 -26
right_child=2 6 7 4 -6 -7 -8 8 9 -11 -12 12 13 -15 20 16 -18 18 -20 -21 -22 -23 -24 24 26 28 -28 -29 -30 -31
leaf_value=0.0039330113592123406 -0.36996603925154686 -1.3620513435518675 -0.020243473651333947 0.033430113113063174 -0.63798311938051488 0.32581139843205198 -0.12539197142490449 -0.38899818040516598 -0.33256853044128698 -0.10586281746721099 0.42986798122449671 -0.37013295790243472 -0.16628555699398692 -0.15288754837485638 -0.053061595425895627 0.53294607704257713 -0.26077526403640094 2.545316323067401 0.29376270160208751 4.1565630350040923 -0.32565910282690436 0.98772533433001297 -0.50597660600445915 -0.031249896305019433 0.49007615411186412 0.62459027349699159 -0.43201929560520169 0.11473291388987228 0.50222226971525241 0.0029190475022309683
leaf_weight=59526 2702 1861 179821 14009 874 1808 3782 2063 35 171 45 2935 2211 2699 143 32 600 27 68 45 1964 45 329 73 124 157 337 1834 113 79
leaf_count=59526 2702 1861 179821 14009 874 1808 3782 2063 35 171 45 2935 2211 2699 143 32 600 27 68 45 1964 45 329 73 124 157 337 1834 113 79
internal_value=-0.000156615 0.000158318 -0.000286392 0.00033087 0.00133329 0.00161712 -0.00217225 -0.00018135 -0.00299222 0.00571315 0.021 -0.00144469 -0.000992401 -0.000419119 0.000285294 0.00111561 0.00259612 0.00362088 0.0188571 0.034 -0.00204089 0.00804255 0.00292787 0.00373445 0.00847338 0.0193644 0.00155555 0.00149196 0.0248889 0.0123251
internal_weight=280512 81860 198652 76217 16691 15817 5643 182135 2314 251 80 16517 13815 10880 8181 6029 3818 3218 140 72 2152 188 3078 2749 883 343 540 1866 270 203
internal_count=280512 81860 198652 76217 16691 15817 5643 182135 2314 251 80 16517 13815 10880 8181 6029 3818 3218 140 72 2152 188 3078 2749 883 343 540 1866 270 203
is_linear=0
shrinkage=0.06


Tree=138
num_leaves=31
num_cat=0
split_feature=10 14 3 13 7 13 16 13 3 3 14 13 7 10 1 0 7 2 14 0 1 0 6 16 1 10 13 13 16 13
split_gain=3.15878 3.46061 4.02412 3.00501 2.97012 3.9118 3.01578 3.29837 2.93114 5.75079 10.2557 13.2357 8.92713 10.7728 6.41743 6.38186 5.89577 5.78961 7.11735 7.31693 7 6.0095 7.95815 10.4678 7.15196 5.71847 5.40824 10.2451 5.74452 5.37662
threshold=4.4445054945054974 76.219000000000008 10.500000000000002 2.9715000000000003 1.6688301940887422 123.36500000000002 22.471 2.0515000000000003 6.5000000000000009 7.5000000000000009 0.034000000000000009 40.627500000000005 1.1918166958358434 1.9428571428571459 4.5000000000000009 2.5000000000000004 0.66056598449650461 3.5000000000000004 67.752500000000012 1.5000000000000002 9.5000000000000018 1.5000000000000002 0.99754240848090603 6.6267500000000004 8.5000000000000018 0.84285714285714197 125.50250000000001 115.43750000000001 20.007750000000005 9.7410000000000014
decision_type=2 2 2 10 2 8 2 10 2 2 2 10 2 2 2 2 2 2 2 2 2 2 2 2 2 2 8 10 2 8
left_child=4 2 3 -2 8 6 7 -6 -1 10 11 -10 16 -14 26 -13 -12 29 21 20 -20 22 -19 24 -24 -21 27 -11 -29 -18
right_child=1 -3 -4 -5 5 -7 -8 -9 9 14 12 15 13 -15 -16 -17 17 18 19 25 -22 -23 23 -25 -26 -27 -28 28 -30 -31
leaf_value=0.012487404360503782 -0.13283921362222059 -0.89070175150296882 0.036731644870999107 -0.00039226772603568493 0.056065483077906882 -0.13516970426327832 -0.16095171143973619 0.0017964473351592041 0.12471343095984334 -0.01191575694332541 -0.60736299593686971 0.7695867104828481 0.093564292246164152 0.79742920103925607 0.018208092425912478 0.36214369871869723 0.11154891833002338 -0.32306855126610479 0.3314561194634329 0.048086353069780555 0.57492379234520308 -0.37754192528220881 0.77140113501089613 0.039025177011297776 0.23912606676609757 0.4665238741911677 -0.31404448620196973 2.040126853867231 3.436147621282752 -0.23537604876859106
leaf_weight=129668 3544 1248 2262 2488 621 4332 2066 1379 1289 10778 3136 44 1082 160 87206 31 1334 694 56 534 56 2602 104 1972 234 112 12053 25 68 9334
leaf_count=129668 3544 1248 2262 2488 621 4332 2066 1379 1289 10778 3136 44 1082 160 87206 31 1334 694 56 534 56 2602 104 1972 234 112 12053 25 68 9334
internal_value=-0.000154476 -0.00122742 -0.000784183 -0.0015935 -0.000116693 -0.00122744 0.000109197 0.00177 -8.11677e-05 -0.00027918 -0.0011471 0.00389736 -0.00146847 0.0034686 -9.97018e-05 0.0284 -0.00177251 -0.00133232 9.99357e-05 0.00555673 0.0197143 -0.000637889 0.00119041 0.00288312 0.0126391 0.00310217 -0.000993022 -2.26304e-05 0.0198065 -0.00218673
internal_weight=280512 9542 8294 6032 270970 8398 4066 2000 262572 132904 22774 1364 21410 1242 110130 75 20168 17032 6364 758 112 5606 3004 2310 338 646 22924 10871 93 10668
internal_count=280512 9542 8294 6032 270970 8398 4066 2000 262572 132904 22774 1364 21410 1242 110130 75 20168 17032 6364 758 112 5606 3004 2310 338 646 22924 10871 93 10668
is_linear=0
shrinkage=0.06


Tree=139
num_leaves=31
num_cat=0
split_feature=15 12 3 3 7 15 15 13 2 15 14 8 8 2 6 13 15 13 10 15 6 10 1 10 10 14 14 3 6 0
split_gain=3.28608 3.06721 6.24107 5.08762 6.23466 6.76454 5.03756 4.93984 4.83232 4.62653 4.41198 4.11617 4.1115 6.21579 6.29959 4.92489 4.91998 4.58307 4.51501 3.41242 3.37887 3.30952 3.5248 3.23973 3.21241 4.76229 4.21531 3.12975 7.34575 10.0512
threshold=-6.044999999999999 0.87875000000000003 4.5000000000000009 5.5000000000000009 1.5448511506569107 39.975000000000001 38.083500000000008 23.027500000000003 5.5000000000000009 3.0725000000000002 81.401500000000013 1.3956824871346798 0.73072868594426954 1.5000000000000002 1.1553742842501131 5.6840000000000002 -0.028999999999999995 4.6260000000000003 2.2160256410256411 62.020000000000003 0.62975365401091887 -0.21428571428571494 15.500000000000002 1.9071428571428579 2.514285714285716 -2.4084999999999996 92.02500000000002 10.500000000000002 1.9089606445635436 1.0000000180025095e-35
decision_type=2 2 2 2 2 2 2 8 2 2 2 2 2 2 2 10 2 10 2 2 2 2 2 2 2 2 2 2 2 2
left_child=-1 24 7 4 5 6 12 -3 11 -5 -8 -7 13 -4 17 -14 -17 18 20 -13 -15 -11 -23 -24 -2 -26 27 -27 -29 -30
right_child=1 2 3 9 -6 8 10 -9 -10 21 -12 19 15 14 -16 16 -18 -19 -20 -21 -22 22 23 -25 25 26 -28 28 29 -31
leaf_value=-0.17959761936269777 -0.0017117105637087463 0.0045718457729426194 -0.34848055326351585 -0.1450389530787887 -0.11953286450732602 -0.48757578313712613 0.044572146893091497 -0.53742629792107532 0.44699030878328988 -0.1540113181127219 1.8549207225211291 -0.019649476008691304 0.035835641877724971 0.061718244321785173 1.6663238748678395 0.67480461281465609 0.39782445138294809 0.092790436879339799 1.5997626304395447 0.65020720845936608 1.057623438196672 -0.018774539766229028 0.021517992035874671 0.56237308876482217 0.18929555404029849 -0.055129255419564177 -0.61827348800035198 -0.0137491965279687 0.53054115921433387 0.018936175593666518
leaf_weight=1096 238326 1194 128 3120 788 850 26 2658 62 3322 36 44 855 74 58 53 276 141 43 38 62 4110 782 702 64 13498 2758 4420 344 584
leaf_count=1096 238326 1194 128 3120 788 850 26 2658 62 3322 36 44 855 74 58 53 276 141 43 38 62 4110 782 702 64 13498 2758 4420 344 584
internal_value=-0.000148059 -0.000135198 -0.000862528 -0.000327554 0.00167402 0.00302403 0.00526712 -0.00302492 -0.000929579 -0.000915256 0.0220645 -0.00200859 0.00465089 0.00917786 0.0130476 0.00271621 0.00895441 0.00975 0.0161229 0.0108293 0.0107647 -0.000219382 0.000671432 0.0031779 -8.08648e-05 -0.000780323 -0.000828737 -0.00050812 0.000720268 0.00557327
internal_weight=280512 279416 19422 15570 3534 2746 1752 3852 994 12036 62 932 1690 506 378 1184 329 320 179 82 136 8916 5594 1484 259994 21668 21604 18846 5348 928
internal_count=280512 279416 19422 15570 3534 2746 1752 3852 994 12036 62 932 1690 506 378 1184 329 320 179 82 136 8916 5594 1484 259994 21668 21604 18846 5348 928
is_linear=0
shrinkage=0.06


Tree=140
num_leaves=31
num_cat=0
split_feature=12 10 15 8 14 7 3 15 15 8 0 4 14 3 8 7 15 3 16 1 15 10 3 16 16 7 16 7 16 1
split_gain=3.23535 3.16376 2.84874 2.77243 4.23399 7.67233 5.72524 5.84716 11.4786 3.34074 2.93368 4.84862 6.81547 6.75584 6.50926 11.1289 8.72512 5.99437 5.94464 5.83154 4.83949 10.5623 3.95513 4.07411 3.84133 3.77126 6.0972 4.16491 4.10599 3.97975
threshold=1.2562500000000003 -1.142857142857143 -2.3784999999999994 1.8886463969291711 18.561000000000003 1.3480802059237365 2.5000000000000004 7.4910000000000005 0.82150000000000001 2.1617191147730419 2.5000000000000004 1.0000000180025095e-35 10.322500000000002 8.5000000000000018 0.95319938780686952 1.3734428163078105 1.7510000000000001 3.5000000000000004 3.3256250000000001 10.500000000000002 3.7810000000000001 -4.5714285714285685 7.5000000000000009 22.870000000000001 41.516500000000001 1.5679798042616662 21.765350000000002 2.3816339317757156 108.10725000000001 6.5000000000000009
decision_type=2 2 2 2 2 2 2 2 2 2 2 2 2 2 2 2 2 2 2 2 2 2 2 2 2 2 2 2 2 2
left_child=3 2 -2 10 5 -5 -7 8 -8 -10 25 12 13 14 15 18 17 -16 -12 -17 21 -13 -20 -24 -15 28 -27 -28 29 -1
right_child=1 -3 -4 4 -6 6 7 -9 9 -11 11 20 -14 24 16 19 -18 -19 22 -21 -22 -23 23 -25 -26 26 27 -29 -30 -31
leaf_value=-0.039091587300522056 0.18908847899524159 -0.05254069564806902 -0.20980532159843734 -0.22905771611116571 -0.34151093321264253 -0.42651950951629419 -0.030511431815355296 0.023444080384845165 0.30524075978704185 0.14597734922293959 0.81625805016533459 0.46024799504638408 0.059464369292460906 -0.00090597232126399024 -1.1570439498136118 4.7292189112649474 0.2924914799950814 1.5604096636314855 0.28773329181165408 1.6623871052789536 -0.023100316212252645 -0.52527050654335206 0.66908085519037941 2.9256406167586939 2.8512736470262112 3.0758198095101594e-05 -0.29780768685662851 0.67797583193088018 -0.28086537063757999 0.012773014637338632
leaf_weight=56688 116 7922 2020 740 1140 186 90 218 110 54 52 84 41588 2612 42 50 2068 176 412 28 15850 3046 112 48 86 5156 4098 74 14682 120964
leaf_count=56688 116 7922 2020 740 1140 186 90 218 110 54 52 84 41588 2612 42 50 2068 176 412 28 15850 3046 112 48 86 5156 4098 74 14682 120964
internal_value=-0.000141215 -0.00119785 -0.00324719 -0.000101919 -0.00207565 0.000137338 0.00485106 0.00836441 0.0145512 0.024 -8.32215e-05 0.000263168 0.000588398 0.00253676 0.00450201 0.00955555 0.00295013 0.014367 0.00688461 0.0309231 -0.000546893 -0.00270288 0.00511888 0.013125 0.000360265 -0.000197024 -0.00137522 -0.00308054 -0.000139883 -6.01865e-05
internal_weight=280512 10058 2136 270454 2538 1398 658 472 254 164 267916 66254 47274 5686 2988 702 2286 218 624 78 18980 3130 572 160 2698 201662 9328 4172 192334 177652
internal_count=280512 10058 2136 270454 2538 1398 658 472 254 164 267916 66254 47274 5686 2988 702 2286 218 624 78 18980 3130 572 160 2698 201662 9328 4172 192334 177652
is_linear=0
shrinkage=0.06


Tree=141
num_leaves=31
num_cat=0
split_feature=5 2 15 1 10 14 1 2 2 14 15 16 3 6 3 15 3 7 0 2 6 7 3 16 15 0 14 6 10 7
split_gain=2.97975 3.53069 8.44171 4.80515 2.91451 4.38968 2.79229 5.18997 3.83971 8.52946 8.5115 6.39189 5.58177 8.85368 7.60923 11.3647 10.6421 9.77905 8.47861 7.74122 7.66889 7.64149 6.83364 15.875 16.1616 9.8424 5.95603 5.50884 5.50491 5.13228
threshold=1.0000000180025095e-35 1.0000000180025095e-35 6.104000000000001 10.500000000000002 5.2107142857142881 33.07500000000001 4.5000000000000009 1.0000000180025095e-35 3.5000000000000004 66.855000000000004 23.341500000000003 64.535900000000012 10.500000000000002 1.8510537470429602 6.5000000000000009 108.20900000000002 7.5000000000000009 0.99827436264285618 2.5000000000000004 1.0000000180025095e-35 0.78304280281303207 1.0284255996311484 2.5000000000000004 4.2616250000000013 15.275 1.5000000000000002 41.401500000000006 1.0032146904844119 1.7285714285714306 0.69472155094977162
decision_type=2 2 2 2 2 2 2 2 2 2 2 2 2 2 2 2 2 2 2 2 2 2 2 2 2 2 2 2 2 2
left_child=4 2 3 -2 6 -6 7 -1 9 11 -11 12 14 -14 15 17 21 22 20 27 -18 -16 23 24 -8 -25 -15 -20 -23 -24
right_child=1 -3 -4 -5 5 -7 8 -9 -10 10 -12 -13 13 26 16 -17 18 -19 19 -21 -22 28 29 25 -26 -27 -28 -29 -30 -31
leaf_value=-0.17765614488556614 0.04617888571525313 -0.029942358673128302 -0.67728978843918697 0.16889393052720189 -0.01683382070140161 -0.44961319854911636 2.9246126260356391 -0.017146962429508562 -0.024521016273699906 -0.50962197856584035 -0.017984940103277398 0.72039438015354251 0.34578969205887866 0.26020425242423317 -0.2413091358324648 -0.80423716346313201 0.42736770354086717 0.080195228517987063 1.1761461717738344 0.31892340064481001 -0.093989580622386784 0.031051428053079984 0.58790333694338126 0.17120979714535561 -0.2408532514794296 2.0163797181548948 1.1894605389552166 2.9883601071860224 0.69601008598757108 0.15403607078127671
leaf_weight=7824 50 10552 1646 32 4288 1606 132 46860 87414 5928 36992 3602 7842 290 7358 2258 3518 24208 748 3140 15898 894 2368 804 66 304 94 270 188 3338
leaf_count=7824 50 10552 1646 32 4288 1606 132 46860 87414 5928 36992 3602 7842 290 7358 2258 3518 24208 748 3140 15898 894 2368 804 66 304 94 270 188 3338
internal_value=-0.000141429 -0.00105538 -0.00356945 0.0152195 -9.95869e-05 -0.00141907 -6.99417e-05 -0.000451395 3.05109e-05 0.000250498 -0.000427774 0.000627003 0.000506415 0.00197958 0.000321381 0.000953819 -0.000339978 0.00125112 0.000314582 0.00277345 -0.000211992 -0.00216825 0.00322419 0.00713936 0.0227879 0.00434296 0.010875 0.00732023 0.00253974 0.00232807
internal_weight=280512 12280 1728 82 268232 5894 262338 54684 207654 120240 42920 77320 73718 8226 65492 33478 32014 31220 23574 4158 19416 8440 7012 1306 198 1108 384 1018 1082 5706
internal_count=280512 12280 1728 82 268232 5894 262338 54684 207654 120240 42920 77320 73718 8226 65492 33478 32014 31220 23574 4158 19416 8440 7012 1306 198 1108 384 1018 1082 5706
is_linear=0
shrinkage=0.06


Tree=142
num_leaves=31
num_cat=0
split_feature=12 3 1 13 10 8 3 3 15 7 2 2 14 14 10 14 0 1 3 15 7 13 3 16 2 2 1 16 8 10
split_gain=3.33027 5.98616 4.49498 4.24407 3.74373 3.1073 6.54273 14.0338 10.6338 9.1365 12.6634 7.96324 10.034 14.8334 5.57952 5.20942 4.99358 4.58144 3.24233 6.46771 7.34497 9.87915 15.0887 6.27985 5.31814 4.33501 13.9123 4.31144 4.10799 3.3973
threshold=0.87875000000000003 4.5000000000000009 14.500000000000002 23.027500000000003 -1.2345238095238089 0.52987373342202848 8.5000000000000018 7.5000000000000009 26.581000000000003 0.52902891245333616 2.5000000000000004 1.0000000180025095e-35 2.5990000000000006 110.26500000000001 5.3964285714285696 12.185 1.0000000180025095e-35 18.500000000000004 5.5000000000000009 81.406500000000008 0.62935197855491698 49.214000000000006 4.5000000000000009 40.102750000000007 1.5000000000000002 1.5000000000000002 6.5000000000000009 64.535900000000012 0.51416522358931038 3.8357142857142867
decision_type=2 2 2 8 2 2 2 2 2 2 2 2 2 2 2 2 2 2 2 2 2 10 2 2 2 2 2 2 2 2
left_child=5 3 -3 -2 -4 6 7 18 9 -9 11 -11 -13 15 -8 -14 -17 -10 19 20 21 22 25 -20 -24 26 -1 28 -26 -22
right_child=1 2 4 -5 -6 -7 14 8 17 10 -12 12 13 -15 -16 16 -18 -19 23 -21 29 -23 24 -25 27 -27 -28 -29 -30 -31
leaf_value=-0.49146445029893249 -0.0056259314934365675 -0.06782090490110089 -0.13079042836086427 -0.50536477827222004 0.21434406796007249 -0.012589997570309187 -0.22553118062579597 1.7476457714660614 -0.57313313045304071 -0.50234800730563356 -0.37285532629473317 -0.30357332459688752 2.4251267007390442 0.0087712016138115183 3.119919382981823 0.82973060165186019 1.4399975929860118 0.6441113658821942 -0.40853688925667703 -0.61953308132512819 0.054124210942645731 -0.16359417442770127 1.0496174481300842 0.31358975415840934 1.1443788438773701 0.00028206135323749417 9.147439824021431 0.12950616040628285 0.20018615704948076 0.38261502403555148
leaf_weight=49 1209 10392 1152 2687 4208 250596 3058 168 260 72 210 50 66 58 26 36 58 106 1354 862 1968 245 48 720 173 285 34 29 27 306
leaf_count=49 1209 10392 1152 2687 4208 250596 3058 168 260 72 210 50 66 58 26 36 58 106 1354 862 1968 245 48 720 173 285 34 29 27 306
internal_value=-0.000137792 -0.000891084 -0.00037024 -0.00299692 0.00104104 -8.10552e-05 0.000941954 0.0019343 0.00822509 0.012468 0.00872727 0.0158824 0.0206418 0.0262018 -0.00136965 0.035625 0.0265532 -9.83621e-05 0.000816392 0.00180924 0.00306447 0.00768539 0.0115814 -0.0011109 0.0221588 0.00361956 0.0156867 0.0259651 0.0291 0.00125594
internal_weight=280512 19648 15752 3896 5360 260864 10268 7184 1084 718 550 340 268 218 3084 160 94 366 6100 4026 3164 890 645 2074 277 368 83 229 200 2274
internal_count=280512 19648 15752 3896 5360 260864 10268 7184 1084 718 550 340 268 218 3084 160 94 366 6100 4026 3164 890 645 2074 277 368 83 229 200 2274
is_linear=0
shrinkage=0.06


Tree=143
num_leaves=31
num_cat=0
split_feature=13 16 12 3 6 15 13 16 16 14 1 15 1 7 15 7 2 3 3 3 3 13 7 10 2 13 7 14 6 15
split_gain=3.28026 8.12422 6.32627 6.3992 5.24482 6.45903 4.88882 4.72242 4.29563 4.08965 3.91098 4.47411 3.88974 3.71535 3.65061 6.78779 7.71067 8.01243 9.64011 7.31619 15.9044 9.01528 5.48847 4.19974 6.18238 6.46339 4.10736 6.6566 5.87533 8.96988
threshold=41.82500000000001 86.313725000000005 0.87875000000000003 4.5000000000000009 1.13442862084841 90.535000000000011 20.646500000000003 10.029000000000002 21.765350000000002 6.7010000000000014 6.5000000000000009 29.551500000000004 16.500000000000004 0.9813458737513604 32.384000000000007 0.47744009486684497 2.5000000000000004 8.5000000000000018 4.5000000000000009 5.5000000000000009 7.5000000000000009 111.90750000000001 0.43113766468980014 -2.7857142857142865 2.5000000000000004 62.456500000000013 1.2038317057353616 19.214000000000002 2.0111849414246019 2.1710000000000007
decision_type=8 2 2 2 2 2 10 2 2 2 2 2 2 2 2 2 2 2 2 2 2 10 2 2 2 10 2 2 2 2
left_child=1 4 7 -4 -1 6 -6 10 13 -9 -2 -12 -5 -8 15 16 -11 18 -18 21 -21 -20 -22 24 -16 -26 28 -28 -17 -30
right_child=2 -3 3 12 5 -7 8 9 -10 14 11 -13 -14 -15 23 26 17 -19 19 20 22 -23 -24 -25 25 -27 27 -29 29 -31
leaf_value=0.0070909206911001377 -0.14695185788886422 -0.48733596234605303 -0.49009041836780437 -0.12662763727973186 0.026230945557377854 -0.6036927085321957 0.076857932118493413 0.18706636052692757 0.11782706143644345 -0.44655167028935794 0.0097295918468161633 -0.31384560597366207 0.2305652845439185 0.38906517208152958 -0.021477775123305728 -0.07074106710695327 -1.6414750865221461 -0.73556467874831311 1.3959942793564259 -0.76751398116792124 0.55578712407582165 -0.22548656127984815 2.3739141781553985 -0.00046123291255119439 0.45374579182744734 0.0070795528395903454 0.037352691886876212 -0.44632588024652853 0.87132291358650904 0.2420815721197537
leaf_weight=59526 11956 5643 2392 8458 12661 874 314 6261 1796 489 15720 2799 1485 1046 3539 43607 109 165 103 154 120 31 93 90823 2049 1389 1627 5115 36 132
leaf_count=59526 11956 5643 2392 8458 12661 874 314 6261 1796 489 15720 2799 1485 1046 3539 43607 109 165 103 154 120 31 93 90823 2049 1389 1627 5115 36 132
internal_value=-0.000135653 0.000183971 -0.000267363 -0.0015833 0.000346614 0.00128656 0.00156401 -0.000180243 0.0036768 -4.66641e-05 -0.000863332 -0.000317189 -0.000913006 0.00622059 -0.000109547 -0.000516909 0.00382595 0.00754839 0.0107213 0.0142395 0.00985831 0.0262388 0.0204789 0.000106134 0.00152472 0.00333682 -0.000625573 -0.00200415 -0.000413251 0.0107857
internal_weight=280512 81860 198652 12335 76217 16691 15817 186317 3156 155842 30475 18519 9943 1360 149581 51781 1264 775 610 501 367 134 213 97800 6977 3438 50517 6742 43775 168
internal_count=280512 81860 198652 12335 76217 16691 15817 186317 3156 155842 30475 18519 9943 1360 149581 51781 1264 775 610 501 367 134 213 97800 6977 3438 50517 6742 43775 168
is_linear=0
shrinkage=0.06


Tree=144
num_leaves=31
num_cat=0
split_feature=15 8 6 16 10 0 15 14 8 3 6 10 15 5 12 7 12 3 2 7 7 15 6 3 7 3 3 15 8 6
split_gain=3.09603 3.01955 6.66323 4.81796 6.79251 6.28087 8.12352 6.48388 7.04027 15.6085 5.7374 5.62986 5.09236 4.62957 6.18195 4.55625 4.51421 18.2709 5.22662 5.04993 4.71464 4.40707 4.29481 3.76471 3.66913 3.87194 4.86737 6.09088 5.18074 4.5735
threshold=-6.044999999999999 1.201342073901374 1.1059715067539362 20.007750000000005 -1.2642857142857133 1.5000000000000002 26.581000000000003 -1.4449999999999996 1.7361126636483661 1.5000000000000002 2.1995076331937713 0.92857142857142916 5.9210000000000003 1.0000000180025095e-35 0.051250000000000011 1.2967313088791375 0.038750000000000007 2.5000000000000004 1.0000000180025095e-35 0.40018894417468748 1.3537161583706632 0.15250000000000002 1.3814312874136827 10.500000000000002 1.7486975710883648 10.500000000000002 11.500000000000002 5.0810000000000004 0.8286719225478828 1.5360334305453309
decision_type=2 2 2 2 2 2 2 2 2 2 2 2 2 2 2 2 2 2 2 2 2 2 2 2 2 2 2 2 2 2
left_child=-1 24 -3 5 -5 6 7 22 -9 -10 13 23 -7 14 21 -15 -14 20 -19 -20 -18 -11 -4 -12 -2 -26 27 -27 -29 -30
right_child=1 2 3 4 -6 12 -8 8 9 10 11 -13 16 15 -16 -17 17 18 19 -21 -22 -23 -24 -25 25 26 -28 28 29 -31
leaf_value=-0.1723771025066963 -0.0014709644623911503 -0.14077532046208305 -0.030044078011866673 0.16568835745642191 -0.13339826853186518 -0.2726309973198856 -0.087347257351225213 0.033383309123244088 -0.42482370255425778 -0.0083669144845707321 0.10890866784826515 0.35446364068981789 -0.28041884976678105 0.028184025429155414 -0.011633744041273287 0.15925092673064989 1.2383824537346306 0.76891535337567007 0.5349943020494593 -0.055136482897741243 2.8015905249012816 0.24132233020757188 0.57961958360250454 -0.010248725667059623 -0.1528188942227918 -0.14822036880605668 -0.050471314230170095 1.62772196143447 -0.34069476459774217 0.74110680396309692
leaf_weight=1096 234724 14342 50 4296 12220 1312 1020 4404 296 64 34 48 1232 32 166 40 38 126 26 1112 26 244 140 34 2766 116 344 26 54 84
leaf_count=1096 234724 14342 50 4296 12220 1312 1020 4404 296 64 34 48 1232 32 166 40 38 126 26 1112 26 244 140 34 2766 116 344 26 54 84
internal_value=-0.000134798 -0.000122314 -0.000595905 -4.00608e-05 -0.00067789 0.000968593 0.00209799 0.00300216 0.00261619 0.00727766 0.0123988 0.0245172 -0.000948349 0.00982417 0.00767088 0.024 0.000609374 0.00303614 0.00145253 0.000168716 0.0343125 0.0127013 0.0138947 0.0134118 -4.01671e-05 -0.002 0.00226923 0.00814286 0.0155854 0.0109565
internal_weight=280512 279416 41302 26960 16516 10444 6572 5552 5362 958 662 116 3872 546 474 72 2560 1328 1264 1138 64 308 190 68 238114 3390 624 280 164 138
internal_count=280512 279416 41302 26960 16516 10444 6572 5552 5362 958 662 116 3872 546 474 72 2560 1328 1264 1138 64 308 190 68 238114 3390 624 280 164 138
is_linear=0
shrinkage=0.06


Tree=145
num_leaves=31
num_cat=0
split_feature=8 0 6 3 16 3 7 7 13 8 3 16 3 0 10 7 15 3 13 16 15 1 1 1 3 16 10 15 0 16
split_gain=3.80541 3.99031 6.70437 5.39098 6.03234 3.75248 6.35225 3.68216 5.16037 4.12745 3.39878 4.97969 10.3094 6.3667 4.79308 3.86419 3.37043 4.66034 8.03745 2.95977 2.85523 2.75342 3.49956 5.83221 6.26752 7.51025 7.08369 8.54303 8.07074 11.5091
threshold=1.8485084372152574 1.5000000000000002 1.202684213444422 2.5000000000000004 19.064500000000006 5.5000000000000009 1.4341181987018639 1.7809299273259047 1.0240000000000002 0.98825018620636729 4.5000000000000009 102.16485000000002 8.5000000000000018 2.5000000000000004 -1.3142857142857143 2.3816339317757156 7.1910000000000016 11.500000000000002 31.545000000000005 18.452950000000005 -6.044999999999999 22.500000000000004 15.500000000000002 19.500000000000004 1.5000000000000002 108.10725000000001 -0.41547619047619205 2.9715000000000003 1.5000000000000002 22.870000000000001
decision_type=2 2 2 2 2 2 2 2 8 2 2 2 2 2 2 2 2 2 8 2 2 2 2 2 2 2 2 2 2 2
left_child=7 2 -2 -4 5 6 -5 20 9 -9 -10 15 13 -13 -15 -12 -17 18 -18 -11 -1 22 -22 24 25 26 27 -24 -28 -30
right_child=1 -3 3 4 -6 -7 -8 8 10 19 11 12 -14 14 -16 16 17 -19 -20 -21 21 -23 23 -25 -26 -27 28 -29 29 -31
leaf_value=-0.16146117861707393 -0.26886412343178295 -0.40833155613613054 -0.40675773714205249 0.039734564436231468 -0.030750057405113027 0.070780191310566648 0.1474573143575979 -0.081370485163623413 -0.30966153479897873 0.11884867523303298 -0.073388150413145614 -0.066323770097102663 -1.3762024209191188 1.3953935112416447 1.0820736030101532 -0.22822874866462517 0.62765631262163957 -0.11421457983322993 0.63313422032008926 -0.039879339965784584 -0.015836507166142936 -0.10960164249528626 1.2003826036367555 -0.033057257905867499 0.076508858712315525 -0.22114340001656638 -0.015755768045710244 0.69132813684819217 3.8100147508966185 1.0427958676385398
leaf_weight=1092 746 1600 208 48 206 358 34 158 1452 223 3266 37 101 26 45 81 28 79 130 110 179754 11372 70 34200 41406 1020 1246 582 40 794
leaf_count=1092 746 1600 208 48 206 358 34 158 1452 223 3266 37 101 26 45 81 28 79 130 110 179754 11372 70 34200 41406 1020 1246 582 40 794
internal_value=-0.000136509 -0.00219375 -7.50014e-05 0.00355503 0.00626006 0.0102273 0.0218049 -0.00011277 -0.00161716 0.00426476 -0.00216778 -0.00122278 0.0077799 0.0206667 0.0311831 -0.00174777 0.00456604 0.00817721 0.0141266 0.00805405 -8.09953e-05 -6.8634e-05 -2.85296e-05 0.000303333 0.000750962 0.00309915 0.00473938 0.0101963 0.00302884 0.00759712
internal_weight=280512 3200 1600 854 646 440 82 277312 5736 491 5245 3793 209 108 71 3584 318 237 158 333 271576 270484 259112 79358 45158 3752 2732 652 2080 834
internal_count=280512 3200 1600 854 646 440 82 277312 5736 491 5245 3793 209 108 71 3584 318 237 158 333 271576 270484 259112 79358 45158 3752 2732 652 2080 834
is_linear=0
shrinkage=0.06


Tree=146
num_leaves=31
num_cat=0
split_feature=8 7 14 13 2 7 13 15 10 13 15 1 15 10 14 14 7 13 2 1 1 1 12 13 7 1 7 15 10 2
split_gain=3.47479 3.68167 5.22532 4.48043 3.7047 3.58673 4.42615 2.65555 2.9546 5.53791 2.63192 2.93767 2.54492 3.84084 7.71233 6.41733 3.05965 4.1094 3.19208 6.52262 2.50747 3.0055 5.6134 7.27832 6.17701 5.04204 6.08037 5.46415 4.37291 4.90617
threshold=1.8485084372152574 1.0173154496514052 19.899000000000004 2.1985000000000006 3.5000000000000004 1.7809299273259047 1.7645000000000002 -6.044999999999999 -0.80714285714285661 3.7810000000000001 1.2210000000000003 15.500000000000002 29.195000000000004 -0.85714285714285732 100.73350000000001 117.50500000000001 2.3816339317757156 97.283500000000018 1.0000000180025095e-35 10.500000000000002 22.500000000000004 15.500000000000002 0.24875000000000003 44.735000000000007 0.9131493652723206 19.500000000000004 0.90853220684798519 -1.9849999999999997 -4.4392857142857123 4.5000000000000009
decision_type=2 2 2 8 2 2 8 2 2 8 2 2 2 2 2 2 2 8 2 2 2 2 2 8 2 2 2 2 2 2
left_child=5 -2 3 4 -3 7 10 8 9 -1 -7 -12 -8 14 16 -16 18 -18 19 -14 21 22 -9 24 -24 26 -23 -27 29 -28
right_child=1 2 -4 -5 -6 6 12 20 -10 -11 11 -13 13 -15 15 -17 17 -19 -20 -21 -22 25 23 -25 -26 27 28 -29 -30 -31
leaf_value=0.28467915835375401 -0.69727483440225224 0.039341292975620078 -0.2329481171241731 0.0079972644832284178 0.18708626743831117 0.24839500448858942 -0.10885590490643389 -0.001581036194961475 -0.23167415626032475 -0.083210665342045922 -0.0010644971276023451 0.10483800573689651 0.93304492154962693 -0.16451591498514409 1.2762253268865611 0.094590850613256852 0.58072809980372053 0.33865862005935349 -0.29626176809069177 -0.21146828986420507 -0.10302554394556877 0.30993956035872455 -0.12622567907840732 -0.18414628067347724 0.091300455084821014 0.96390092143815742 0.34474063920384074 -0.038619385818279714 0.028996710729094263 0.70770668270706383
leaf_weight=48 800 53 1072 1237 38 64 2813 150726 922 122 482 102 27 1527 50 44 26 63 487 51 11372 9722 4305 18877 5846 172 474 34028 34768 194
leaf_count=48 800 53 1072 1237 38 64 2813 150726 922 122 482 102 27 1527 50 44 26 63 487 51 11372 9722 4305 18877 5846 172 474 34028 34768 194
internal_value=-0.000134156 -0.0021 -0.000925001 0.00159036 0.0144396 -0.000111472 -0.00159624 -8.01116e-05 -0.00303297 0.00423529 0.00307407 0.00180822 -0.00219104 -0.000698903 0.00282353 0.0188936 0.00051376 0.0108539 -0.00111505 0.0101538 -6.81903e-05 -2.9919e-05 -0.000165695 -0.000929724 0.000365874 0.000277627 0.000693829 -0.000271931 0.000329155 0.00513772
internal_weight=280512 3200 2400 1328 91 277312 5736 271576 1092 170 648 584 5088 2275 748 94 654 89 565 78 270484 259112 179754 29028 10151 79358 45158 34200 35436 668
internal_count=280512 3200 2400 1328 91 277312 5736 271576 1092 170 648 584 5088 2275 748 94 654 89 565 78 270484 259112 179754 29028 10151 79358 45158 34200 35436 668
is_linear=0
shrinkage=0.06


Tree=147
num_leaves=31
num_cat=0
split_feature=8 0 3 5 16 15 15 12 3 3 15 5 16 2 14 8 15 13 15 10 2 2 10 10 1 13 2 14 14 10
split_gain=3.27438 3.57781 4.56204 4.19521 3.16455 3.82119 3.01643 2.82598 3.89913 3.8063 4.82724 5.26236 4.03014 8.15977 5.17177 5.82313 6.5562 5.92717 5.32038 5.18627 4.43214 3.72621 3.84687 4.61562 3.17081 3.09424 2.89008 2.77213 2.71726 3.04794
threshold=1.8485084372152574 1.5000000000000002 2.5000000000000004 1.0000000180025095e-35 19.064500000000006 3.0725000000000002 -6.044999999999999 1.0587500000000003 4.5000000000000009 5.5000000000000009 73.416500000000028 1.0000000180025095e-35 64.535900000000012 1.0000000180025095e-35 7.8515000000000006 0.74289435347096588 1.2210000000000003 103.18150000000001 -2.3784999999999994 2.2571428571428589 4.5000000000000009 4.5000000000000009 -5.0357142857142856 -1.2857142857142898 15.500000000000002 25.185000000000006 1.5000000000000002 1.3825000000000001 21.115000000000006 1.7285714285714306
decision_type=2 2 2 2 2 2 2 2 2 2 2 2 2 2 2 2 2 10 2 2 2 2 2 2 2 8 2 2 2 2
left_child=6 2 -2 28 5 -5 -1 -8 25 10 11 12 14 -14 15 16 -10 19 -17 -18 -21 22 -11 -24 -15 -9 -20 -25 29 -4
right_child=1 -3 3 4 -6 -7 7 8 9 21 -12 -13 13 24 -16 18 17 -19 26 20 -22 -23 23 27 -26 -27 -28 -29 -30 -31
leaf_value=-0.13942203579555501 -0.47208684161238068 -0.36937124968871243 -0.0069421242318960233 0.011070015315816799 -0.013332374065472354 0.13793029927334932 -0.0057631513259612443 -0.0072894693685228995 -0.39289880259831694 0.25618368115013096 -0.83671035895630708 -0.69704550451498781 1.4746188133284692 -0.80434457886241084 -0.033727003352179055 0.99179931058194182 0.92818700186791214 -1.0685255229979145 0.50432010713541586 2.1643298692323842 0.29442135076684084 -0.14156522027263124 -0.29743422602034253 -0.17012449874933419 0.85558293087494397 -0.50787376026557873 -0.022783386992548397 0.1036545307050651 -0.17278455285925501 0.079238142179688525
leaf_weight=1094 432 1600 504 34 44 66 261920 859 60 28 490 228 62 76 854 40 136 34 174 33 35 2350 1324 610 44 1671 500 4690 254 266
leaf_count=1094 432 1600 504 34 44 66 261920 859 60 28 490 228 62 76 854 40 136 34 174 33 35 2350 1324 610 44 1671 500 4690 254 266
internal_value=-0.000135439 -0.00204375 -3.75014e-05 0.00191096 0.0115 0.0174 -0.000113419 -0.000100965 -0.000922368 -0.000462952 0.00148373 0.00264675 0.00360937 0.0121319 0.00277813 0.00567984 0.0127248 0.0171933 0.00273949 0.0210588 0.0345882 -0.0010611 -0.00033554 -0.000429349 0.003 -0.00305929 0.00147774 0.000362263 0.000562499 0.00233766
internal_weight=280512 3200 1600 1168 144 100 277312 276218 14298 11768 2766 2276 2048 182 1866 1012 298 238 714 204 68 9002 6652 6624 120 2530 674 5300 1024 770
internal_count=280512 3200 1600 1168 144 100 277312 276218 14298 11768 2766 2276 2048 182 1866 1012 298 238 714 204 68 9002 6652 6624 120 2530 674 5300 1024 770
is_linear=0
shrinkage=0.06


Tree=148
num_leaves=31
num_cat=0
split_feature=8 12 10 15 13 14 6 0 12 6 8 15 8 15 13 0 13 15 13 2 14 0 13 14 13 1 1 1 10 13
split_gain=3.55132 2.90905 3.2085 3.41479 4.71658 2.79657 2.94542 4.05626 3.01878 2.49562 3.33725 4.99131 3.18268 2.38824 2.36769 2.36589 5.11323 7.21173 6.11192 5.96543 5.74133 5.90996 5.43695 12.7477 8.48389 6.93636 5.09475 7.70697 5.08979 4.98827
threshold=1.8485084372152574 1.2562500000000003 -1.142857142857143 -2.3784999999999994 1.9310000000000003 19.899000000000004 1.12200464476734 1.5000000000000002 0.88625000000000009 1.0095795620477201 0.71435077137858138 9.501000000000003 0.50336476129417551 -6.044999999999999 5.6840000000000002 2.5000000000000004 110.08500000000002 90.535000000000011 80.991500000000016 5.5000000000000009 61.513500000000008 1.5000000000000002 28.562500000000004 0.034000000000000009 61.673500000000011 14.500000000000002 6.5000000000000009 19.500000000000004 -0.36428571428571516 46.651500000000006
decision_type=2 2 2 2 8 2 2 2 2 2 2 2 2 2 10 2 8 2 10 2 2 2 10 2 10 2 2 2 2 10
left_child=1 13 3 4 -3 6 -2 8 -8 -4 11 12 -11 -1 -12 16 17 19 -19 20 -15 -22 -21 25 -25 -24 -18 -28 -23 -17
right_child=5 2 9 -5 -6 -7 7 -9 -10 10 14 -13 -14 15 -16 29 26 18 -20 22 21 28 23 24 -26 -27 27 -29 -30 -31
leaf_value=-0.13357159730381324 -0.29112792822491995 0.52541025592556978 -0.15043099629932291 -0.18306176572889318 -0.003266146184053193 -0.29031944336942234 0.038484514775510646 -0.24498963329235326 0.10635423727059024 1.7104528119105515 -0.058834137754259462 -0.11122230471336542 0.78709523947674975 0.02327717710039514 0.25759132672140134 0.11258848375009355 -0.11793123710483343 -0.38405054672436767 0.11518011409502402 0.022411722256685716 -0.31607962331782741 0.46693638478769006 0.63960632835814912 0.24654720427800328 -0.11665014454627307 0.97752577919962624 0.024539883290392195 -0.18794216813958425 -0.081439186928528903 -0.085465398165656084
leaf_weight=932 584 25 4380 1990 85 1406 712 472 26 40 2162 174 188 56450 862 46438 31403 7655 2189 8422 7494 1114 135 2813 1418 32 58728 18607 4106 19470
leaf_count=932 584 25 4380 1990 85 1406 712 472 26 40 2162 174 188 56450 862 46438 31403 7655 2189 8422 7494 1114 135 2813 1418 32 58728 18607 4106 19470
internal_value=-0.000131375 -0.000108442 -0.00111811 -0.0032 0.00709091 -0.00211875 -0.000548496 0.00114049 0.0039187 -0.000558034 0.00065499 0.00579104 0.0116316 -7.10395e-05 -2.77792e-05 -6.04351e-05 -0.00016292 0.000166745 -0.00136774 0.000350994 0.000130645 -0.00102124 0.00153978 0.00324966 0.00260789 0.019509 -0.000441319 -0.00017961 0.000528734 0.00025144
internal_weight=280512 277312 9906 2100 110 3200 1794 1210 738 7806 3426 402 228 267406 3024 266474 200566 91828 9844 81984 69164 12714 12820 4398 4231 167 108738 77335 5220 65908
internal_count=280512 277312 9906 2100 110 3200 1794 1210 738 7806 3426 402 228 267406 3024 266474 200566 91828 9844 81984 69164 12714 12820 4398 4231 167 108738 77335 5220 65908
is_linear=0
shrinkage=0.06


Tree=149
num_leaves=31
num_cat=0
split_feature=7 8 3 13 13 13 15 13 8 3 3 16 0 2 12 15 8 14 7 3 15 15 7 8 13 8 2 3 13 8
split_gain=3.35384 3.27265 3.90231 3.272 2.81166 2.78337 2.58397 2.49524 3.63475 5.72863 2.60689 2.327 3.14027 2.89738 2.80892 3.76455 3.51562 2.23974 5.19107 6.06498 6.52886 5.62898 7.80734 11.2497 7.61235 8.2024 6.90741 11.837 7.18676 5.72133
threshold=1.6688301940887422 1.8485084372152574 11.500000000000002 123.36500000000002 35.741000000000007 32.502500000000005 -6.044999999999999 12.462500000000002 1.0044737539161852 6.5000000000000009 4.5000000000000009 4.1259250000000005 1.0000000180025095e-35 2.5000000000000004 0.028750000000000001 3.7810000000000001 1.1906442466662186 3.5115000000000003 0.9131493652723206 4.5000000000000009 0.15250000000000002 13.727500000000001 1.0000317254658451 0.90999358860898105 57.422500000000007 1.0719848799814364 4.5000000000000009 1.5000000000000002 4.9240000000000004 1.1962648720017242
decision_type=2 2 2 8 8 10 2 8 2 2 2 2 2 2 2 2 2 2 2 2 2 2 2 2 10 2 2 2 8 2
left_child=1 6 4 11 5 -3 7 8 10 -10 -1 12 13 -2 16 -16 -15 18 -8 21 -21 22 23 -20 25 -25 -24 29 -29 -28
right_child=3 2 -4 -5 -6 -7 17 -9 9 -11 -12 -13 -14 14 15 -17 -18 -19 19 20 -22 -23 26 24 -26 -27 27 28 -30 -31
leaf_value=0.85469903135818059 -0.026781690677402017 -0.027353177277012541 0.18331849037640546 -0.094849073548839563 -0.41574957888330011 0.13359241790589399 -0.10570838773183826 -0.35040665970667256 -0.093343291619020705 0.27707321999836398 -0.065153154881080977 -0.014188809461206996 0.0029432712284530481 0.54860880444808591 0.15292351707385796 -0.025814094421342595 0.024681708508956637 -0.014285123640087409 -0.24567627573890288 -0.098407739614523704 0.05685933332435078 0.053204063559851564 -0.056950365453202458 1.4640236109504983 -0.22007545017225744 0.51044865410294238 -1.3419926082950864 0.14672050919295421 -0.070817850301757718 0.65018176272898076
leaf_weight=28 67 815 264 4991 1446 35 9694 727 38 34 253 4006 482 32 33 61 32 229606 166 4388 18522 2762 680 270 62 126 36 200 410 246
leaf_count=28 67 815 264 4991 1446 35 9694 727 38 34 253 4006 482 32 33 61 32 229606 166 4388 18522 2762 680 270 62 126 36 200 410 246
internal_value=-0.000130734 -9.14611e-05 -0.00222656 -0.00122671 -0.00302091 -0.000282354 -7.10849e-05 -0.003 0.00113881 0.0131667 -0.00194306 -9.29359e-05 0.00308062 0.00893333 0.0133671 0.00676596 0.0230625 -5.92451e-05 0.000370266 0.000786277 0.000374508 0.00268899 0.00495628 0.0106346 0.0154847 0.0185455 0.00270229 0.00617489 0.00147541 0.0163404
internal_weight=280512 270808 2560 9704 2296 850 268248 1080 353 72 281 4713 707 225 158 94 64 267168 37562 27868 22910 4958 2196 624 458 396 1572 892 610 282
internal_count=280512 270808 2560 9704 2296 850 268248 1080 353 72 281 4713 707 225 158 94 64 267168 37562 27868 22910 4958 2196 624 458 396 1572 892 610 282
is_linear=0
shrinkage=0.06


Tree=150
num_leaves=31
num_cat=0
split_feature=7 3 13 1 16 8 7 3 14 10 14 13 16 15 10 0 16 15 8 8 15 15 15 5 13 3 15 15 13 10
split_gain=3.20911 4.25524 3.42788 3.37371 4.33139 2.91582 4.04886 3.65187 3.1432 5.11011 3.12 3.85055 3.62554 5.68092 2.55062 7.98772 4.1984 2.55573 4.60325 3.12327 2.46103 2.32536 5.95858 2.31947 3.17871 3.98233 4.94997 5.44574 6.73814 7.90091
threshold=1.8260568800696981 10.500000000000002 2.0515000000000003 15.500000000000002 16.779025000000001 1.8485084372152574 1.0173154496514052 11.500000000000002 9.8615000000000013 0.92857142857142916 20.789000000000005 2.0515000000000003 11.209750000000001 21.245000000000001 3.0500000000000016 2.5000000000000004 23.566975000000003 25.435000000000006 0.95319938780686952 1.3742987712346957 -6.044999999999999 42.801500000000004 81.406500000000008 1.0000000180025095e-35 49.214000000000006 5.5000000000000009 74.375000000000014 14.911000000000003 4.2825000000000015 0.050000000000001162
decision_type=2 2 8 2 2 2 2 2 2 2 2 8 2 2 2 2 2 2 2 2 2 2 2 2 8 2 2 2 10 2
left_child=5 2 3 -2 -5 20 -7 10 9 -9 11 -8 -13 -14 -3 16 17 18 -16 -20 -1 -10 -23 -22 25 -25 27 -27 29 -29
right_child=1 14 -4 4 -6 6 7 8 21 -11 -12 12 13 -15 15 -17 -18 -19 19 -21 23 22 -24 24 -26 26 -28 28 -30 -31
leaf_value=-0.10932722216229686 -0.0033339930042525921 -0.033607802045239686 -0.14075056208614392 0.12912074005493843 -0.17484463266867409 -0.62423488419218509 0.13426440959875047 0.026626573432355066 -0.049491176005447134 0.43798348865430797 -0.28467389435097173 -0.098431513158144968 0.12566549538192354 -0.11223806693054936 0.54359083269342456 0.49075911848318571 -0.08489563798582786 0.0014815877084195862 0.068831104527826606 0.18391373153065996 -0.0032600352794050743 0.54489292099614506 -0.6714845598187098 -0.11508980686595521 -0.13859127023747492 0.014549580289774365 -0.26396835747137948 0.6449802213993211 0.35593026809742068 0.018468951967530609
leaf_weight=1092 386 866 3290 46 30 800 50 42 156 26 782 677 174 133 26 34 182 110 94 32 260028 28 36 1655 7551 923 457 114 606 86
leaf_count=1092 386 866 3290 46 30 800 50 42 156 26 782 677 174 133 26 34 182 110 94 32 260028 28 36 1655 7551 923 457 114 606 86
internal_value=-0.000128167 -0.0016201 -0.00265778 0.00218182 0.0137368 -0.000100562 -0.00199174 -0.000610268 0.00566667 0.0169412 -0.00160573 0.000557059 -0.000268294 0.00514006 0.00127678 0.00479498 0.00264865 0.00751145 0.0125526 0.00780952 -8.04089e-05 0.00218182 0.0118125 -6.8972e-05 -0.000906954 0.000498306 0.00217932 0.00364719 0.00725062 0.0168
internal_weight=280512 5096 3752 462 76 275416 2904 2104 288 68 1816 1034 984 307 1344 478 444 262 152 126 272512 220 64 271420 11392 3841 2186 1729 806 200
internal_count=280512 5096 3752 462 76 275416 2904 2104 288 68 1816 1034 984 307 1344 478 444 262 152 126 272512 220 64 271420 11392 3841 2186 1729 806 200
is_linear=0
shrinkage=0.06


Tree=151
num_leaves=31
num_cat=0
split_feature=13 16 0 12 3 8 10 16 3 0 10 3 14 13 8 1 14 8 1 2 3 3 3 5 3 7 8 7 2 14
split_gain=2.77294 7.02542 6.22163 5.17562 5.87014 4.2643 3.54277 3.48493 4.58043 4.08885 4.67888 3.85524 5.06653 7.30615 8.46835 3.83892 3.75194 3.73209 3.54333 3.37229 3.32835 3.20423 7.70723 6.24704 6.46578 9.5352 6.53805 6.18425 5.78036 6.48435
threshold=41.191500000000005 86.313725000000005 1.5000000000000002 0.87875000000000003 4.5000000000000009 1.8485084372152574 -1.3142857142857143 12.922000000000001 10.500000000000002 2.5000000000000004 -4.8821428571428545 2.5000000000000004 0.14150000000000004 47.94850000000001 1.332604416611143 5.5000000000000009 -1.9974999999999998 1.0000797180590746 10.500000000000002 4.5000000000000009 11.500000000000002 6.5000000000000009 5.5000000000000009 1.0000000180025095e-35 7.5000000000000009 1.2500326269046356 1.201342073901374 1.0047109541725143 3.5000000000000004 76.219000000000008
decision_type=8 2 2 2 2 2 2 2 2 2 2 2 2 10 2 2 2 2 2 2 2 2 2 2 2 2 2 2 2 2
left_child=1 -1 -3 5 -5 7 -6 8 9 11 -11 12 13 14 16 -13 -2 19 -18 -12 -4 22 -9 24 25 28 -26 -24 -23 -30
right_child=3 2 20 4 6 -7 -8 21 -10 10 17 15 -14 -15 -16 -17 18 -19 -20 -21 -22 23 27 -25 26 -27 -28 -29 29 -31
leaf_value=0.018115031318382789 0.43535199676082909 -1.2207327576692681 0.019747037851129901 -0.41836089447170638 -0.21854301518976096 -0.18055255052532052 -0.02110298795702692 0.0034570428399041389 0.086730496583333455 0.49869770985378059 0.49082564378782567 -0.23828091129288329 -0.0082998034553288975 -0.16756432411843519 -0.59991024043744223 -0.095787687972555616 0.33670057715923629 -0.47282160791937106 0.4024680026385426 -0.081718617668333687 -1.6921549679770507 -0.52725176554231123 0.22700782815803783 -0.37925221486698529 0.063289153734132769 0.56776608313734411 -0.18747772647243197 -0.33669235918033402 -0.16275274395892206 0.34971300049465459
leaf_weight=75744 25 1846 3276 2397 1940 1747 8047 72639 5233 36 1670 8022 2705 119 58 15269 110 753 37 1708 447 6104 8666 2069 48114 473 6650 1305 2748 555
leaf_count=75744 25 1846 3276 2397 1940 1747 8047 72639 5233 36 1670 8022 2705 119 58 15269 110 753 37 1708 447 6104 8666 2069 48114 473 6650 1305 2748 555
internal_value=-0.00012282 0.000172443 -0.00188436 -0.000243346 -0.0014312 -0.000164603 -0.00079123 -0.000136751 -0.000668906 -0.000950185 0.000796255 -0.00122642 0.000777995 0.00758166 0.0138261 -0.00148925 0.0205116 0.000608568 0.0168571 0.00146003 -0.000472201 -9.36369e-06 0.000240405 -0.00031865 -0.000214778 -0.00162753 4.00979e-05 0.00180463 -0.0020455 -2.36163e-05
internal_weight=280512 81313 5569 199199 12384 186815 9987 185068 35745 30512 4167 26345 3054 349 230 23291 172 4131 147 3378 3723 149323 82610 66713 64644 9880 54764 9971 9407 3303
internal_count=280512 81313 5569 199199 12384 186815 9987 185068 35745 30512 4167 26345 3054 349 230 23291 172 4131 147 3378 3723 149323 82610 66713 64644 9880 54764 9971 9407 3303
is_linear=0
shrinkage=0.06


Tree=152
num_leaves=31
num_cat=0
split_feature=12 13 16 0 15 16 6 15 13 7 8 15 2 7 6 3 3 2 8 13 14 2 7 16 7 0 14 14 0 6
split_gain=2.75845 2.72815 6.43551 5.56584 4.60198 4.33491 3.97478 5.99333 4.59195 3.63102 3.44162 3.33877 3.39781 3.24219 5.90014 4.1161 6.17851 4.0264 5.43123 6.49149 8.00302 10.3891 9.20722 5.45608 5.40737 7.42219 5.17498 7.52411 4.60526 3.28063
threshold=1.7412500000000002 41.191500000000005 86.313725000000005 1.5000000000000002 0.82150000000000001 0.79002500000000009 1.13442862084841 97.075000000000003 27.774000000000004 1.6327050688293541 1.8485084372152574 -1.3514999999999999 3.5000000000000004 1.2676521103832747 2.077793866186465 9.5000000000000018 7.5000000000000009 3.5000000000000004 1.0616405287065547 42.901500000000006 3.6815000000000002 5.5000000000000009 0.9813458737513604 24.601250000000004 0.95947785065862645 1.5000000000000002 69.293500000000009 119.69500000000001 2.5000000000000004 0.99754240848090603
decision_type=2 8 2 2 2 2 2 2 10 2 2 2 2 2 2 2 2 2 2 10 2 2 2 2 2 2 2 2 2 2
left_child=1 2 6 -4 5 -3 -1 8 11 10 -6 12 -8 14 15 16 29 -17 19 20 -19 22 -22 28 25 -23 -25 -28 -24 -7
right_child=-2 4 3 -5 9 13 7 -9 -10 -11 -12 -13 -14 -15 -16 17 -18 18 -20 -21 21 24 23 26 -26 -27 27 -29 -30 -31
leaf_value=0.008660585382292571 -0.19908266810817918 -0.34743078740955224 -1.1474887922091122 -0.081149406863270074 -0.010515469757054915 -0.41566360327401697 0.0041527467197027415 -0.88286992635346573 0.29117947657506121 -0.079879753604997619 -0.26522566343672843 0.021927439073268711 0.2382468530473234 -0.13989529126467734 0.71482966526761271 -0.17930427266574334 -0.64640008661258719 -0.16310899181832914 -0.48011214505641292 -0.0692008393434414 -1.1272617850750759 -1.8672323587000996 1.082373315536858 -0.1254033502862319 -0.8243692157584126 1.2762400498361819 3.6262597129190848 0.34482341976942998 0.86608395907386893 0.064694297992045777
leaf_weight=58687 1874 2031 1846 3713 178895 1003 149 684 1740 6261 1353 13554 196 1296 33 1161 1520 234 320 349 46 29 133 44 158 37 42 36 38 3050
leaf_count=58687 1874 2031 1846 3713 178895 1003 149 684 1740 6261 1353 13554 196 1296 33 1161 1520 234 320 349 46 29 133 44 158 37 42 36 38 3050
internal_value=-0.000119825 -0.000104395 0.000189972 -0.00177982 -0.000224135 -0.00138581 0.000335954 0.00116412 0.00140456 -0.000152133 -0.000102793 0.00104079 0.00686956 -0.000849409 -0.000410301 -0.000512197 -0.00143514 0.00144575 0.00353615 0.00546597 0.0084542 0.0123304 0.0189558 0.0228737 0.00230357 0.0167273 0.0131803 0.0224615 0.0297895 -0.000211696
internal_weight=280512 278638 80569 5559 198069 11560 75010 16323 15639 186509 180248 13899 345 9529 8233 8200 5573 2627 1466 1146 797 563 339 293 224 66 122 78 171 4053
internal_count=280512 278638 80569 5559 198069 11560 75010 16323 15639 186509 180248 13899 345 9529 8233 8200 5573 2627 1466 1146 797 563 339 293 224 66 122 78 171 4053
is_linear=0
shrinkage=0.06


Tree=153
num_leaves=31
num_cat=0
split_feature=12 13 15 10 3 2 1 1 13 3 7 2 7 14 7 15 16 15 15 2 16 14 16 2 8 15 1 2 2 15
split_gain=2.48771 2.21739 2.15425 2.51629 3.44828 4.26798 2.15655 2.3701 4.32767 4.71068 5.707 4.79202 4.62895 4.84048 7.55429 5.63186 15.3163 5.58922 4.42722 3.89336 3.96929 3.72093 4.2977 6.41661 5.61572 5.59346 3.71408 5.39941 3.57568 6.44919
threshold=1.5112500000000002 5.6840000000000002 -6.044999999999999 -1.4428571428571402 6.5000000000000009 5.5000000000000009 22.500000000000004 6.5000000000000009 123.36500000000002 6.5000000000000009 1.0090088923758584 2.5000000000000004 0.69472155094977162 41.994000000000007 0.99827436264285618 2.1710000000000007 37.528100000000002 -1.0000000180025095e-35 -2.3784999999999994 4.5000000000000009 10.927250000000001 96.362500000000011 15.807500000000001 3.5000000000000004 0.6401565211023329 4.9810000000000008 8.5000000000000018 3.5000000000000004 3.5000000000000004 13.325000000000001
decision_type=2 10 2 2 2 2 2 2 8 2 2 2 2 2 2 2 2 2 2 2 2 2 2 2 2 2 2 2 2 2
left_child=2 -2 3 4 -1 -6 7 8 -4 10 11 18 21 14 -14 16 17 -16 -10 20 -19 22 24 -24 28 -25 27 -9 29 -13
right_child=1 -3 6 -5 5 -7 -8 26 9 -11 -12 12 13 -15 15 -17 -18 19 -20 -21 -22 -23 23 25 -26 -27 -28 -29 -30 -31
leaf_value=-0.22464132399006151 -0.15595412914036827 0.02909279773778152 0.0083953868506559098 -0.17859401730942512 -0.015522871350257404 0.28359088618423695 -0.090307459154933642 0.32639618251899238 0.23741767443059855 -0.19776304548783097 -0.19746650497132717 1.1900228342478414 -0.30130187538291053 -0.13672138277167459 -0.34104357490858189 0.21458568517880267 0.81318853777073252 0.77389188867371217 -0.08202615104067873 0.34680294723582145 0.53732619425691852 -0.058468929693226708 -0.023829680318607681 1.0922820358624117 -0.99913809345392024 0.51711447533039079 -0.0029845102186033044 -0.022983351172937254 0.13260078903813871 0.0085024338134743506
leaf_weight=58 3664 1478 39431 856 30 28 11676 13368 37 21622 4505 36 1017 2960 127 3149 31 61 6893 178 67 275 219 47 269 599 157682 10000 111 38
leaf_count=58 3664 1478 39431 856 30 28 11676 13368 37 21622 4505 36 1017 2960 127 3149 31 61 6893 178 67 275 219 47 269 599 157682 10000 111 38
internal_value=-0.000118328 -0.00142591 -9.39114e-05 -0.00291358 0.00537931 0.0157241 -8.39233e-05 -4.84633e-05 -0.000316781 -0.000738762 -8.99185e-05 0.000437879 0.00133667 0.000719366 0.00193088 0.00321672 0.00938793 0.00647113 -0.000753248 0.0108627 0.0188437 0.00427603 0.0055997 0.00808092 0.000872245 0.0110898 7.25752e-05 0.000778499 0.00891892 0.0191351
internal_weight=280512 5142 275370 972 116 58 274398 262722 81672 42241 20619 16114 9184 7590 4630 3613 464 433 6930 306 128 1594 1319 865 454 646 181050 23368 185 74
internal_count=280512 5142 275370 972 116 58 274398 262722 81672 42241 20619 16114 9184 7590 4630 3613 464 433 6930 306 128 1594 1319 865 454 646 181050 23368 185 74
is_linear=0
shrinkage=0.06


Tree=154
num_leaves=31
num_cat=0
split_feature=10 14 3 8 7 7 13 10 8 3 13 7 8 13 2 8 14 6 13 8 1 0 14 2 10 13 2 3 8 3
split_gain=2.28512 3.71187 4.20598 3.93765 3.22647 2.99054 2.89278 2.47595 5.87933 2.40992 4.00417 2.66908 3.10177 5.07255 2.38708 3.48331 4.15812 4.32219 2.53036 2.26712 2.73667 3.15258 3.99709 4.00647 2.20983 2.61155 2.16319 2.10968 4.51574 10.7519
threshold=4.4445054945054974 76.219000000000008 10.500000000000002 0.51416522358931038 1.2432659678368962 1.8260568800696981 2.9715000000000003 7.1178571428571447 1.0521899627939624 6.5000000000000009 -1.0174999999999998 2.2270786325196013 0.9707590523237376 57.422500000000007 5.5000000000000009 0.84047941318472486 6.4110000000000005 0.80022293774316589 40.627500000000005 0.8770300146298603 9.5000000000000018 2.5000000000000004 40.171000000000006 1.5000000000000002 6.7964285714285717 18.431500000000003 4.5000000000000009 6.5000000000000009 0.70220355952234781 4.5000000000000009
decision_type=2 2 2 2 2 2 10 2 2 2 8 2 2 8 2 2 2 2 10 2 2 2 2 2 2 10 2 2 2 2
left_child=5 2 6 -4 7 27 -2 -5 -9 -7 -11 -12 13 -13 -8 16 17 -16 -18 26 -21 22 23 -22 25 -25 -6 28 29 -1
right_child=1 -3 3 4 19 9 14 8 -10 10 11 12 -14 -15 15 -17 18 -19 -20 20 21 -23 -24 24 -26 -27 -28 -29 -30 -31
leaf_value=-0.014401321190683327 -0.10813553925155898 -0.74684678180850295 2.8804090119583767 -0.19663869528558386 -0.051193918455464497 -0.15726770676345009 -0.033362078905740201 2.2320732693043945 -0.11828343234811056 0.23048523246048913 -0.040522563224941889 0.79740631867046941 0.012573133231649663 0.065255905177162454 0.067111763231854388 -0.026349646570007559 -0.40882784015614898 0.52004911094078077 0.81505215254998409 0.013028089090300321 2.4878419592345806 0.46053047948215448 -0.068452233581887179 0.2086771811857577 0.010519948148180337 -0.30350231968921815 0.15083432889569726 -0.023410371236340592 -0.00091048120416124302 0.34352460615157326
leaf_weight=9602 3544 1248 28 710 254 1852 2166 28 94 35 1998 39 437 71 27 173 50 46 26 568 48 38 120 173 134 41 26 134984 116396 5556
leaf_count=9602 3544 1248 28 710 254 1852 2166 28 94 35 1998 39 437 71 27 173 50 46 26 568 48 38 120 173 134 41 26 134984 116396 5556
internal_value=-0.000113622 -0.0010262 -0.000567158 0.00163926 0.001359 -8.14865e-05 -0.00139456 -0.00160096 0.00629508 -0.00162726 -0.000441862 -0.000719058 0.00299451 0.012 0.000173632 0.00499379 0.0117181 0.0219452 0.00189474 0.00311555 0.00432085 0.0073213 0.00609302 0.009 0.00675862 0.0105421 -0.00171429 -5.57833e-05 0.000115206 0.00108932
internal_weight=280512 9542 8294 2262 2234 270970 6032 832 122 4432 2580 2545 547 110 2488 322 149 73 76 1402 1122 554 516 396 348 214 280 266538 131554 15158
internal_count=280512 9542 8294 2262 2234 270970 6032 832 122 4432 2580 2545 547 110 2488 322 149 73 76 1402 1122 554 516 396 348 214 280 266538 131554 15158
is_linear=0
shrinkage=0.06


Tree=155
num_leaves=31
num_cat=0
split_feature=10 14 3 8 13 5 3 3 16 8 15 16 13 13 4 12 15 6 15 13 7 7 13 8 8 14 6 14 3 10
split_gain=2.75539 3.73314 3.61697 3.63481 3.41923 2.64219 3.14677 8.46785 13.5376 8.24754 5.5813 19.1456 9.78916 4.79481 4.99969 4.19281 5.70317 5.11145 3.82867 8.40336 3.54581 10.7594 4.2223 4.04529 6.99436 4.59264 3.3063 3.42311 4.69974 3.90207
threshold=5.2107142857142881 26.822500000000002 10.500000000000002 0.51416522358931038 1.7645000000000002 1.0000000180025095e-35 10.500000000000002 5.5000000000000009 70.139350000000007 1.4269786482892008 6.104000000000001 6.6267500000000004 1.4325000000000003 17.442500000000006 1.0000000180025095e-35 0.22375000000000003 87.584000000000017 0.69579365026154638 -1.0000000180025095e-35 22.157500000000002 0.94690212221826886 0.92580868299900565 2.7310000000000003 0.78963169849150694 0.6619938709366191 6.7010000000000014 0.9830476771683625 46.125000000000007 4.5000000000000009 2.4714285714285724
decision_type=2 2 2 2 10 2 2 2 2 2 2 2 8 8 2 2 2 2 2 8 2 2 8 2 2 2 2 2 2 2
left_child=5 2 4 -4 -2 -1 7 26 9 10 -9 -12 -13 14 -14 16 17 -10 19 -8 21 22 -20 24 -24 -26 -7 28 29 -28
right_child=1 -3 3 -5 -6 6 18 8 15 -11 11 12 13 -15 -16 -17 -18 -19 20 -21 -22 -23 23 -25 25 -27 27 -29 -30 -31
leaf_value=-0.004611186816597967 -0.11452667581343665 -0.30003438119307207 2.7075844712408741 0.037483024409029585 0.014813862230240333 -0.43926112149574231 0.29143939445355543 -0.18273756967042665 1.4271304644875984 0.23607922679673365 0.62793055423660571 0.34035759499981816 -0.0011314178718367979 -0.096041542340917593 0.71221521024435774 0.34345640420195361 1.7782937104731811 0.27454367392695833 0.4999688019383276 -0.7818663714405677 -0.23475068172311087 1.7668941414091697 -0.83096611628656891 -0.82624496822225812 1.1675251628630177 0.2624916181250333 0.10394673893977169 -0.30489895579336307 -0.34614935955138809 -0.22857149095838261
leaf_weight=262338 1836 1978 28 1038 1550 1466 28 826 38 110 30 26 123 902 101 76 66 138 31 40 2874 32 144 337 40 44 1340 1880 878 174
leaf_count=262338 1836 1978 28 1038 1550 1466 28 826 38 110 30 26 123 902 101 76 66 138 31 40 2874 32 144 337 40 44 1340 1880 878 174
internal_value=-0.000115975 -0.0013437 -0.000380055 0.00266792 -0.00133964 -8.71724e-05 -0.000967644 -0.000318573 0.00264532 0.00091218 3.58551e-05 0.0026802 0.00144792 0.000607459 0.00846428 0.0141887 0.0180496 0.0124091 -0.00245378 0.0116471 -0.00272759 0.00135669 -0.000463089 -0.00164602 0.00452631 0.0182857 -0.00157686 -0.000733147 0.000772574 0.00279788
internal_weight=280512 6430 4452 1066 3386 274082 11744 8174 2436 2118 2008 1182 1152 1126 224 318 242 176 3570 68 3502 628 596 565 228 84 5738 4272 2392 1514
internal_count=280512 6430 4452 1066 3386 274082 11744 8174 2436 2118 2008 1182 1152 1126 224 318 242 176 3570 68 3502 628 596 565 228 84 5738 4272 2392 1514
is_linear=0
shrinkage=0.06


Tree=156
num_leaves=31
num_cat=0
split_feature=10 14 3 2 13 15 13 15 3 8 7 2 15 13 3 13 6 15 14 7 3 10 0 14 8 13 15 1 2 10
split_gain=2.45854 3.67706 3.07801 3.69382 4.99848 4.71405 3.40306 3.25624 4.75084 4.94706 2.80999 3.26903 4.49791 7.6718 3.21249 6.04639 2.67315 2.49186 2.16071 2.08521 3.32137 4.96557 7.84355 6.4272 4.93743 3.17176 2.98102 2.17794 2.4641 2.07805
threshold=5.2107142857142881 26.822500000000002 10.500000000000002 2.5000000000000004 9.0850000000000026 28.472500000000004 20.015000000000004 3.9315000000000002 11.500000000000002 1.2803050910950524 1.1005992483145852 2.5000000000000004 4.8210000000000006 4.8110000000000008 1.5000000000000002 6.8915000000000006 1.8238935004710009 -6.044999999999999 9.1960000000000015 1.8260568800696981 10.500000000000002 3.0500000000000016 2.5000000000000004 3.5115000000000003 1.0949809965926092 2.8610000000000002 1.4110000000000003 17.500000000000004 2.5000000000000004 -0.80714285714285661
decision_type=2 2 2 2 8 2 8 2 2 2 2 2 2 10 2 10 2 2 2 2 2 2 2 2 2 8 2 2 2 2
left_child=17 2 6 4 -4 7 10 -6 -9 -10 14 -12 13 -13 15 -2 -14 29 -18 -19 25 -22 23 24 -23 26 -21 -28 -29 -1
right_child=1 -3 3 -5 5 -7 -8 8 9 -11 11 12 16 -15 -16 -17 18 19 -20 20 21 22 -24 -25 -26 -27 27 28 -30 -31
leaf_value=0.096461201987935452 -0.79479535989222228 -0.28203231832148778 -0.030765100626295484 -0.0051942426254603397 0.17648964320976054 -0.38786068474852825 -0.15102843558209905 2.6685586833884485 -0.097855376044860776 0.16349634210704161 -0.031818544404277907 0.34072678179429688 -0.011109658491769075 0.18507953810885647 -0.18021175619461782 1.645624522808357 0.0015779693055604912 -0.0050717850865596376 0.1938092497726438 0.14136346925108886 -0.030378482923688957 0.53305723388381765 0.44235435682052238 -0.066695400780309597 0.11175761631213847 -0.13063904102091251 -0.0083585112423586096 -0.16463007185235684 0.11465565443427954 -0.17249010043772237
leaf_weight=172 51 1978 151 634 80 62 2066 54 40 45 273 65 230 83 516 46 28 268372 28 62 866 28 30 126 46 2983 434 26 39 898
leaf_count=172 51 1978 151 634 80 62 2066 54 40 45 273 65 230 83 516 46 28 268372 28 62 866 28 30 126 46 2983 434 26 39 898
internal_value=-0.000109344 -0.00126905 -0.00031267 0.00249906 0.00677778 0.0115089 -0.00119788 0.0156438 0.0211942 0.0123529 0.00118182 0.00375955 0.00699539 0.0154865 -0.00179119 0.0082268 0.0026014 -8.21374e-05 0.0143571 -7.08115e-05 -0.0013319 0.00155474 0.0093913 0.0051 0.0191351 -0.00222461 0.00191444 0.000372744 0.0106154 -0.00297196
internal_weight=280512 6430 4452 1066 432 281 3386 219 139 85 1320 707 434 148 613 97 286 274082 56 273012 4640 1096 230 200 74 3544 561 499 65 1070
internal_count=280512 6430 4452 1066 432 281 3386 219 139 85 1320 707 434 148 613 97 286 274082 56 273012 4640 1096 230 200 74 3544 561 499 65 1070
is_linear=0
shrinkage=0.06


Tree=157
num_leaves=31
num_cat=0
split_feature=10 16 3 13 13 5 3 6 14 10 4 3 15 13 14 15 6 4 6 15 14 1 15 15 3 1 4 14 15 16
split_gain=2.75249 3.50114 3.19042 3.76138 2.59605 2.41179 2.6415 5.05533 6.80377 6.81969 7.91083 8.66867 6.11548 5.98763 10.5009 10.3601 14.0374 12.2976 15.4518 22.2904 20.1525 20.318 11.8369 11.49 12.0192 9.87836 7.02606 16.7098 24.2876 6.56261
threshold=5.5815934065934085 28.697500000000005 10.500000000000002 31.545000000000005 20.015000000000004 1.0000000180025095e-35 10.500000000000002 1.3240537565917652 113.62650000000001 -2.6285714285714268 1.0000000180025095e-35 11.500000000000002 -2.3784999999999994 0.37500000000000006 104.52100000000002 90.535000000000011 0.99754240848090603 1.0000000180025095e-35 1.0008124909445437 7.4910000000000005 153.70500000000001 5.5000000000000009 24.851000000000003 55.795000000000009 11.500000000000002 18.500000000000004 1.0000000180025095e-35 181.54000000000005 202.76500000000001 62.575875000000003
decision_type=2 2 2 10 8 2 2 2 2 2 2 2 2 10 2 2 2 2 2 2 2 2 2 2 2 2 2 2 2 2
left_child=5 2 4 -4 -2 6 -1 13 9 10 11 -9 -11 14 -8 16 -16 18 19 -18 21 22 -21 24 -22 -26 -17 28 -28 -15
right_child=1 -3 3 -5 -6 -7 7 8 -10 12 -12 -13 -14 29 15 26 17 -19 -20 20 23 -23 -24 -25 25 -27 27 -29 -30 -31
leaf_value=-0.011303654503559638 0.0049299500919477617 -0.39788478338118233 0.036471561134191081 2.9724051666052054 -0.17928767853294875 -0.056198054478767322 -0.00024728640898897571 3.1211226680099586 -0.71036034446772767 0.54114670152326072 -0.11030091803508886 0.20536002162356523 0.10358953790161947 0.045485442661752695 -2.0624204542461935 -0.048672451906944698 5.2669167823776091 -0.34566539465483798 -1.4850079728119188 5.0219716983848723 7.7513785305329437 1.3398543717247902 5.1119802538527788 4.0607846500332174 -7.5653617102761554 5.87740550097209 1.7760550590987871 0.15732003092719829 3.5756651510922746 -0.38948483602954276
leaf_weight=221540 1197 1496 947 31 1755 11840 13305 170 612 40 122 86 4760 9355 329 2681 66 292 166 51 112 479 41 129 113 29 109 454 64 8141
leaf_count=221540 1197 1496 947 31 1755 11840 13305 170 612 40 122 86 4760 9355 329 2681 66 292 166 51 112 479 41 129 113 29 109 454 64 8141
internal_value=-0.000105922 -0.00144416 -0.000503818 0.00246626 -0.00148781 -7.95257e-05 -4.18482e-05 0.000396201 0.00204145 0.00274855 0.0105079 0.0165 0.0021375 0.000130971 0.000885992 0.00319648 0.00685003 0.00934506 0.0120607 0.0148235 0.0124906 0.00534851 0.0311739 0.0231384 0.0157323 0.00414084 0.00120072 0.00691866 0.0227861 -0.000663925
internal_weight=280512 5426 3930 978 2952 275086 263246 41706 5790 5178 378 256 4800 35916 18420 5115 1807 1478 1186 1020 954 571 92 383 254 142 3308 627 173 17496
internal_count=280512 5426 3930 978 2952 275086 263246 41706 5790 5178 378 256 4800 35916 18420 5115 1807 1478 1186 1020 954 571 92 383 254 142 3308 627 173 17496
is_linear=0
shrinkage=0.06


Tree=158
num_leaves=31
num_cat=0
split_feature=10 16 3 8 5 2 15 7 1 8 3 16 15 14 15 2 14 16 16 1 14 3 1 15 7 3 15 16 2 7
split_gain=2.69726 2.85458 2.51116 3.21976 2.22671 3.15883 7.55271 3.22027 2.97151 5.14707 10.2013 11.8361 6.5324 2.7469 2.64747 8.04366 7.78598 5.69231 3.98779 5.02976 3.33472 3.82774 2.66617 2.61872 2.92159 7.55733 8.15393 6.06507 4.57619 4.15161
threshold=5.2107142857142881 34.327750000000002 10.500000000000002 0.51416522358931038 1.0000000180025095e-35 1.0000000180025095e-35 6.104000000000001 1.2967313088791375 8.5000000000000018 1.0000797180590746 2.5000000000000004 63.882250000000006 53.505000000000003 4.9925000000000006 438.46500000000009 2.5000000000000004 323.90250000000009 262.72285000000005 365.85675000000009 11.500000000000002 181.54000000000005 9.5000000000000018 17.500000000000004 10.012500000000001 0.95947785065862645 5.5000000000000009 27.333500000000004 6.7990000000000004 4.5000000000000009 0.82043757225191538
decision_type=2 2 2 2 2 2 2 2 2 2 2 2 2 2 2 2 2 2 2 2 2 2 2 2 2 2 2 2 2 2
left_child=4 2 -2 -4 14 6 7 -6 9 10 11 12 -7 -14 -1 16 17 20 19 -18 21 22 -16 -12 25 -25 28 -26 -27 -28
right_child=1 -3 3 -5 5 8 -8 -9 -10 -11 23 -13 13 -15 15 -17 18 -19 -20 -21 -22 -23 -24 24 27 26 29 -29 -30 -31
leaf_value=-0.0045245690012360486 -0.041916548341271495 -0.43965965464653761 2.3995938063928679 0.030936356843723058 -0.075866775265949593 0.11438568159199891 -0.58644249643537338 0.16224488089460459 -0.082268098638022299 -0.17255870835663836 -0.181166811109301 -1.4078887723834599 0.84161968513606811 1.7490308602840641 1.1507180988867129 -1.7756474206570472 2.7136312329199015 -1.9290711626534487 2.7825403936507902 0.69925260340294126 6.8220299052600026 -1.8863539157754206 5.380385942976881 -0.49077082896027413 0.54710069112673998 0.62689194783033908 0.34744471709393498 0.0038219636413176503 2.5527029659451639 1.1714110704700349
leaf_weight=261336 3580 1610 28 1212 32 132 1614 50 6244 644 716 88 42 34 52 390 28 184 188 32 36 62 30 132 44 28 232 1652 32 28
leaf_count=261336 3580 1610 28 1212 32 132 1614 50 6244 644 716 88 42 34 52 390 28 184 188 32 36 62 30 132 44 28 232 1652 32 28
internal_value=-0.000101002 -0.00131571 -0.000585064 0.00174193 -7.25053e-05 -0.000880792 -0.00327594 0.0144878 -0.000476514 0.000845424 0.00184177 0.0124459 0.02025 0.0342632 -3.6321e-05 0.00304191 0.00733333 0.00174725 0.0155323 0.029 0.00933333 0.00525 0.0137561 0.000745809 0.00179329 0.00607964 0.0110625 0.000650942 0.031 0.00646154
internal_weight=280512 6430 4820 1240 274082 11744 1696 82 10048 3804 3160 296 208 76 262338 1002 612 364 248 60 180 144 82 2864 2148 452 320 1696 60 260
internal_count=280512 6430 4820 1240 274082 11744 1696 82 10048 3804 3160 296 208 76 262338 1002 612 364 248 60 180 144 82 2864 2148 452 320 1696 60 260
is_linear=0
shrinkage=0.06


Tree=159
num_leaves=31
num_cat=0
split_feature=10 14 5 3 3 16 8 12 10 15 14 12 15 6 15 1 7 16 16 8 15 15 1 1 14 15 16 4 0 15
split_gain=2.35579 2.54468 2.18508 2.99046 7.4745 11.6284 7.6665 5.17446 4.88182 6.49318 7.18609 3.83174 5.09697 4.50938 3.75601 3.51225 3.37533 3.13337 4.12441 3.79315 9.82561 11.5913 3.11252 5.21242 6.69812 2.96063 19.1263 2.90683 3.01803 3.47077
threshold=5.2107142857142881 76.219000000000008 1.0000000180025095e-35 10.500000000000002 5.5000000000000009 70.139350000000007 1.4269786482892008 0.47375000000000006 0.84285714285714197 50.691500000000005 24.721500000000002 0.21875000000000003 87.584000000000017 0.67408185372880569 -1.0000000180025095e-35 13.500000000000002 0.99827436264285618 22.471 8.0635000000000012 0.85060414503219917 23.731500000000004 40.461000000000006 6.5000000000000009 14.500000000000002 4.0810000000000004 6.6510000000000007 6.6267500000000004 1.0000000180025095e-35 2.5000000000000004 77.055000000000021
decision_type=2 2 2 2 2 2 2 2 2 2 2 2 2 2 2 2 2 2 2 2 2 2 2 2 2 2 2 2 2 2
left_child=2 -2 -1 4 16 6 7 8 25 10 -10 12 13 -7 -5 -8 -4 18 -16 20 -20 -22 -21 24 -24 -6 -27 28 -28 -30
right_child=1 -3 3 14 5 11 15 -9 9 -11 -12 -13 -14 -15 17 -17 -18 -19 19 22 21 -23 23 -25 -26 26 27 -29 29 -31
leaf_value=-0.0032246715405551555 -0.019305398959966684 -0.74449019139677841 -0.49374221592661577 0.16831781063722956 -0.13218288013222423 1.3438744598231045 -0.010569757730350147 -0.27170972751148476 0.62835713127029147 -0.051989551221080045 2.3274907754233811 0.31807397588093306 1.6912936865202242 0.26191246091428733 -0.21006254128982546 0.39169934992262107 -0.02926653572198086 -0.39164558391662241 -0.080893743327294612 -0.25928542169803642 1.7780017689334819 -0.031573190697573507 0.31973849141724414 -0.27157361693690607 0.31384180783445614 0.56110486988872454 -0.13858325768546084 0.32352830391492099 0.59695074337390219 -0.50950581535206463
leaf_weight=262338 5654 776 1366 68 498 36 32 490 32 54 30 78 64 140 422 78 4372 2360 98 256 56 32 30 142 106 30 442 334 46 52
leaf_count=262338 5654 776 1366 68 498 36 32 490 32 54 30 78 64 140 422 78 4372 2360 98 256 56 32 30 142 106 30 442 334 46 52
internal_value=-9.65107e-05 -0.00123173 -6.98783e-05 -0.000870574 -0.000237829 0.0025468 0.000940508 9.56161e-05 0.00182609 0.0136552 0.0269032 0.0132453 0.017 0.0117273 -0.00231933 0.0163636 -0.00142001 -0.00259052 -1.05093e-05 0.00275 0.010129 0.0246818 0.000179774 0.00457554 0.0129706 0.000847359 0.0028938 0.00127689 -0.00144445 0.00808163
internal_weight=280512 6430 274082 11744 8174 2436 2118 2008 1518 116 62 318 240 176 3570 110 5738 3502 1142 720 186 88 534 278 136 1402 904 874 540 98
internal_count=280512 6430 274082 11744 8174 2436 2118 2008 1518 116 62 318 240 176 3570 110 5738 3502 1142 720 186 88 534 278 136 1402 904 874 540 98
is_linear=0
shrinkage=0.06


end of trees

feature_importances:
month=719
price_lag_24h=598
price_lag_336h=451
dow=399
wind_south=393
price_lag_168h=384
shrunk_level=346
wind_north=327
hour=300
temp_anomaly=282
zone_idx=220
wind_local=152
is_holiday_se=107
solar_local=98
is_weekend=24

parameters:
[boosting: gbdt]
[objective: quantile]
[metric: quantile]
[tree_learner: serial]
[device_type: cpu]
[data_sample_strategy: bagging]
[data: ]
[valid: ]
[num_iterations: 160]
[learning_rate: 0.06]
[num_leaves: 31]
[num_threads: 0]
[seed: 42]
[deterministic: 0]
[force_col_wise: 0]
[force_row_wise: 0]
[histogram_pool_size: -1]
[max_depth: -1]
[min_data_in_leaf: 25]
[min_sum_hessian_in_leaf: 0.001]
[bagging_fraction: 0.85]
[pos_bagging_fraction: 1]
[neg_bagging_fraction: 1]
[bagging_freq: 0]
[bagging_seed: 400]
[bagging_by_query: 0]
[feature_fraction: 0.85]
[feature_fraction_bynode: 1]
[feature_fraction_seed: 30056]
[extra_trees: 0]
[extra_seed: 12879]
[early_stopping_round: 0]
[early_stopping_min_delta: 0]
[first_metric_only: 0]
[max_delta_step: 0]
[lambda_l1: 0]
[lambda_l2: 0]
[linear_lambda: 0]
[min_gain_to_split: 0]
[drop_rate: 0.1]
[max_drop: 50]
[skip_drop: 0.5]
[xgboost_dart_mode: 0]
[uniform_drop: 0]
[drop_seed: 17869]
[top_rate: 0.2]
[other_rate: 0.1]
[min_data_per_group: 100]
[max_cat_threshold: 32]
[cat_l2: 10]
[cat_smooth: 10]
[max_cat_to_onehot: 4]
[top_k: 20]
[monotone_constraints: ]
[monotone_constraints_method: basic]
[monotone_penalty: 0]
[feature_contri: ]
[forcedsplits_filename: ]
[refit_decay_rate: 0.9]
[cegb_tradeoff: 1]
[cegb_penalty_split: 0]
[cegb_penalty_feature_lazy: ]
[cegb_penalty_feature_coupled: ]
[path_smooth: 0]
[interaction_constraints: ]
[verbosity: -1]
[saved_feature_importance_type: 0]
[use_quantized_grad: 0]
[num_grad_quant_bins: 4]
[quant_train_renew_leaf: 0]
[stochastic_rounding: 1]
[linear_tree: 0]
[max_bin: 255]
[max_bin_by_feature: ]
[min_data_in_bin: 3]
[bin_construct_sample_cnt: 200000]
[data_random_seed: 175]
[is_enable_sparse: 1]
[enable_bundle: 1]
[use_missing: 1]
[zero_as_missing: 0]
[feature_pre_filter: 1]
[pre_partition: 0]
[two_round: 0]
[header: 0]
[label_column: ]
[weight_column: ]
[group_column: ]
[ignore_column: ]
[categorical_feature: ]
[forcedbins_filename: ]
[precise_float_parser: 0]
[parser_config_file: ]
[objective_seed: 16083]
[num_class: 1]
[is_unbalance: 0]
[scale_pos_weight: 1]
[sigmoid: 1]
[boost_from_average: 1]
[reg_sqrt: 0]
[alpha: 0.9]
[fair_c: 1]
[poisson_max_delta_step: 0.7]
[tweedie_variance_power: 1.5]
[lambdarank_truncation_level: 30]
[lambdarank_norm: 1]
[label_gain: ]
[lambdarank_position_bias_regularization: 0]
[eval_at: ]
[multi_error_top_k: 1]
[auc_mu_weights: ]
[num_machines: 1]
[local_listen_port: 12400]
[time_out: 120]
[machine_list_filename: ]
[machines: ]
[gpu_platform_id: -1]
[gpu_device_id: -1]
[gpu_device_id_list: ]
[gpu_use_dp: 0]
[num_gpu: 1]

end of parameters

pandas_categorical:[]
